onset	duration	trial_type	value	sample	stim_file
1.603515625	0.0	image/26	26	821	train2017/000000003521.jpg
2.388671875	0.0	image/90	90	1223	train2017/000000278555.jpg
3.208984375	0.0	image/94	94	1643	train2017/000000278962.jpg
4.025390625	0.0	image/118	118	2061	train2017/000000283678.jpg
4.841796875	0.0	image/104	104	2479	train2017/000000018367.jpg
5.625	0.0	image/84	84	2880	train2017/000000570543.jpg
7.21875	0.0	image/87	87	3696	train2017/000000300383.jpg
8.009765625	0.0	image/37	37	4101	train2017/000000005684.jpg
8.83984375	0.0	image/116	116	4526	train2017/000000283426.jpg
10.4375	0.0	image/5	5	5344	train2017/000000262690.jpg
11.220703125	0.0	image/105	105	5745	train2017/000000280764.jpg
12.04296875	0.0	image/19	19	6166	train2017/000000526968.jpg
12.853515625	0.0	image/72	72	6581	train2017/000000274978.jpg
13.640625	0.0	image/29	29	6984	train2017/000000393907.jpg
14.451171875	0.0	image/43	43	7399	train2017/000000006765.jpg
15.244140625	0.0	image/47	47	7805	train2017/000000531828.jpg
16.0625	0.0	image/4	4	8224	train2017/000000524646.jpg
16.888671875	0.0	image/24	24	8647	train2017/000000265453.jpg
17.69140625	0.0	image/44	44	9058	train2017/000000007048.jpg
18.49609375	0.0	image/49	49	9470	train2017/000000219750.jpg
19.306640625	0.0	image/31	31	9885	train2017/000000266622.jpg
20.080078125	0.0	image/120	120	10281	train2017/000000021718.jpg
20.896484375	0.0	image/23	23	10699	train2017/000000265150.jpg
21.677734375	0.0	image/57	57	11099	train2017/000000001625.jpg
22.474609375	0.0	image/8	8	11507	train2017/000000000625.jpg
23.24609375	0.0	image/7	7	11902	train2017/000000000605.jpg
24.07421875	0.0	image/74	74	12326	train2017/000000275663.jpg
24.896484375	0.0	image/5	5	12747	train2017/000000262690.jpg
25.69140625	0.0	image/9	9	13154	train2017/000000000650.jpg
26.474609375	0.0	image/113	113	13555	train2017/000000545160.jpg
27.28125	0.0	image/35	35	13968	train2017/000000267647.jpg
28.865234375	0.0	image/99	99	14779	train2017/000000271183.jpg
29.642578125	0.0	image/71	71	15177	train2017/000000536884.jpg
30.4296875	0.0	image/17	17	15580	train2017/000000002372.jpg
31.244140625	0.0	image/65	65	15997	train2017/000000273147.jpg
32.06640625	0.0	image/45	45	16418	train2017/000000531392.jpg
32.861328125	0.0	image/16	16	16825	train2017/000000002270.jpg
33.66015625	0.0	image/119	119	17234	train2017/000000545950.jpg
34.451171875	0.0	image/104	104	17639	train2017/000000018367.jpg
35.228515625	0.0	image/83	83	18037	train2017/000000277524.jpg
35.994140625	0.0	image/6	6	18429	train2017/000000000584.jpg
36.796875	0.0	image/78	78	18840	train2017/000000013969.jpg
37.6171875	0.0	image/64	64	19260	train2017/000000273138.jpg
38.427734375	0.0	image/25	25	19675	train2017/000000527618.jpg
39.251953125	0.0	image/40	40	20097	train2017/000000268114.jpg
40.0625	0.0	image/45	45	20512	train2017/000000531392.jpg
40.84765625	0.0	image/1	1	20914	train2017/000000262145.jpg
41.626953125	0.0	image/38	38	21313	train2017/000000312536.jpg
42.435546875	0.0	image/18	18	21727	train2017/000000264735.jpg
43.248046875	0.0	image/108	108	22143	train2017/000000281330.jpg
44.037109375	0.0	image/25	25	22547	train2017/000000527618.jpg
44.869140625	0.0	image/110	110	22973	train2017/000000019863.jpg
45.6484375	0.0	image/66	66	23372	train2017/000000273250.jpg
46.419921875	0.0	image/27	27	23767	train2017/000000265745.jpg
47.203125	0.0	image/92	92	24168	train2017/000000278714.jpg
48.03125	0.0	image/103	103	24592	train2017/000000280484.jpg
48.80078125	0.0	image/18	18	24986	train2017/000000264735.jpg
49.587890625	0.0	image/1	1	25389	train2017/000000262145.jpg
50.421875	0.0	image/113	113	25816	train2017/000000545160.jpg
51.255859375	0.0	image/75	75	26243	train2017/000000399878.jpg
52.08203125	0.0	image/6	6	26666	train2017/000000000584.jpg
52.888671875	0.0	image/72	72	27079	train2017/000000274978.jpg
53.72265625	0.0	image/85	85	27506	train2017/000000539705.jpg
54.537109375	0.0	image/70	70	27923	train2017/000000536786.jpg
55.369140625	0.0	image/85	85	28349	train2017/000000539705.jpg
56.939453125	0.0	image/24	24	29153	train2017/000000265453.jpg
57.76953125	0.0	image/81	81	29578	train2017/000000539340.jpg
58.541015625	0.0	image/116	116	29973	train2017/000000283426.jpg
59.3359375	0.0	image/97	97	30380	train2017/000000279197.jpg
60.13671875	0.0	image/44	44	30790	train2017/000000007048.jpg
61.7421875	0.0	image/111	111	31612	train2017/000000020517.jpg
62.5390625	0.0	image/12	12	32020	train2017/000000525790.jpg
63.337890625	0.0	image/43	43	32429	train2017/000000006765.jpg
64.13671875	0.0	image/114	114	32838	train2017/000000571485.jpg
65.7265625	0.0	image/80	80	33652	train2017/000000538822.jpg
66.521484375	0.0	image/33	33	34059	train2017/000000267338.jpg
67.287109375	0.0	image/98	98	34451	train2017/000000541472.jpg
68.0546875	0.0	image/19	19	34844	train2017/000000526968.jpg
68.83984375	0.0	image/62	62	35246	train2017/000000010903.jpg
69.611328125	0.0	image/39	39	35641	train2017/000000268008.jpg
70.404296875	0.0	image/52	52	36047	train2017/000000008053.jpg
71.20703125	0.0	image/2	2	36458	train2017/000000262239.jpg
71.990234375	0.0	image/86	86	36859	train2017/000000539879.jpg
72.794921875	0.0	image/93	93	37271	train2017/000000541077.jpg
73.62890625	0.0	image/114	114	37698	train2017/000000571485.jpg
74.4296875	0.0	image/36	36	38108	train2017/000000267699.jpg
75.20703125	0.0	image/82	82	38506	train2017/000000539395.jpg
75.97265625	0.0	image/96	96	38898	train2017/000000541258.jpg
76.7578125	0.0	image/109	109	39300	train2017/000000544060.jpg
77.576171875	0.0	image/66	66	39719	train2017/000000273250.jpg
78.357421875	0.0	image/9	9	40119	train2017/000000000650.jpg
79.158203125	0.0	image/21	21	40529	train2017/000000274108.jpg
79.974609375	0.0	image/26	26	40947	train2017/000000003521.jpg
80.7578125	0.0	image/96	96	41348	train2017/000000541258.jpg
81.53125	0.0	image/11	11	41744	train2017/000000263599.jpg
82.30859375	0.0	image/50	50	42142	train2017/000000007932.jpg
83.09765625	0.0	image/61	61	42546	train2017/000000272901.jpg
83.91015625	0.0	image/15	15	42962	train2017/000000264396.jpg
84.71484375	0.0	image/55	55	43374	train2017/000000533231.jpg
85.525390625	0.0	image/3	3	43789	train2017/000000262414.jpg
86.31640625	0.0	image/34	34	44194	train2017/000000005277.jpg
87.1171875	0.0	image/28	28	44604	train2017/000000558788.jpg
87.94921875	0.0	image/105	105	45030	train2017/000000280764.jpg
88.765625	0.0	image/91	91	45448	train2017/000000540735.jpg
89.544921875	0.0	image/58	58	45847	train2017/000000534259.jpg
91.134765625	0.0	image/12	12	46661	train2017/000000525790.jpg
91.93359375	0.0	image/23	23	47070	train2017/000000265150.jpg
92.728515625	0.0	image/57	57	47477	train2017/000000001625.jpg
93.53125	0.0	image/92	92	47888	train2017/000000278714.jpg
95.0859375	0.0	image/59	59	48684	train2017/000000010046.jpg
95.916015625	0.0	image/46	46	49109	train2017/000000531515.jpg
96.71875	0.0	image/29	29	49520	train2017/000000393907.jpg
97.513671875	0.0	image/2	2	49927	train2017/000000262239.jpg
98.279296875	0.0	image/30	30	50319	train2017/000000004442.jpg
99.0703125	0.0	image/48	48	50724	train2017/000000011299.jpg
100.630859375	0.0	image/70	70	51523	train2017/000000536786.jpg
101.3984375	0.0	image/37	37	51916	train2017/000000005684.jpg
102.19921875	0.0	image/63	63	52326	train2017/000000273120.jpg
102.970703125	0.0	image/42	42	52721	train2017/000000268659.jpg
103.765625	0.0	image/22	22	53128	train2017/000000265023.jpg
104.5625	0.0	image/112	112	53536	train2017/000000544926.jpg
105.37109375	0.0	image/120	120	53950	train2017/000000021718.jpg
106.19921875	0.0	image/80	80	54374	train2017/000000538822.jpg
107.74609375	0.0	image/103	103	55166	train2017/000000280484.jpg
108.546875	0.0	image/21	21	55576	train2017/000000274108.jpg
109.349609375	0.0	image/52	52	55987	train2017/000000008053.jpg
110.138671875	0.0	image/39	39	56391	train2017/000000268008.jpg
111.755859375	0.0	image/34	34	57219	train2017/000000005277.jpg
112.556640625	0.0	image/60	60	57629	train2017/000000010710.jpg
114.13671875	0.0	image/111	111	58438	train2017/000000020517.jpg
114.95703125	0.0	image/75	75	58858	train2017/000000399878.jpg
115.775390625	0.0	image/14	14	59277	train2017/000000264244.jpg
116.6015625	0.0	image/94	94	59700	train2017/000000278962.jpg
117.40234375	0.0	image/100	100	60110	train2017/000000541856.jpg
118.22265625	0.0	image/90	90	60530	train2017/000000278555.jpg
119.052734375	0.0	image/33	33	60955	train2017/000000267338.jpg
119.859375	0.0	image/107	107	61368	train2017/000000543254.jpg
120.693359375	0.0	image/78	78	61795	train2017/000000013969.jpg
122.34375	0.0	image/10	10	62640	train2017/000000001308.jpg
123.12109375	0.0	image/84	84	63038	train2017/000000570543.jpg
124.677734375	0.0	image/20	20	63835	train2017/000000526980.jpg
125.4765625	0.0	image/77	77	64244	train2017/000000275938.jpg
126.2734375	0.0	image/32	32	64652	train2017/000000005028.jpg
127.08984375	0.0	image/58	58	65070	train2017/000000534259.jpg
127.908203125	0.0	image/76	76	65489	train2017/000000275902.jpg
128.728515625	0.0	image/41	41	65909	train2017/000000268418.jpg
129.537109375	0.0	image/93	93	66323	train2017/000000541077.jpg
131.173828125	0.0	image/83	83	67161	train2017/000000277524.jpg
131.958984375	0.0	image/47	47	67563	train2017/000000531828.jpg
132.7421875	0.0	image/109	109	67964	train2017/000000544060.jpg
133.556640625	0.0	image/115	115	68381	train2017/000000021095.jpg
134.35546875	0.0	image/119	119	68790	train2017/000000545950.jpg
135.1484375	0.0	image/32	32	69196	train2017/000000005028.jpg
135.958984375	0.0	image/98	98	69611	train2017/000000541472.jpg
136.7421875	0.0	image/27	27	70012	train2017/000000265745.jpg
137.53125	0.0	image/71	71	70416	train2017/000000536884.jpg
138.310546875	0.0	image/17	17	70815	train2017/000000002372.jpg
139.076171875	0.0	image/15	15	71207	train2017/000000264396.jpg
139.849609375	0.0	image/69	69	71603	train2017/000000011856.jpg
140.681640625	0.0	image/61	61	72029	train2017/000000272901.jpg
141.494140625	0.0	image/3	3	72445	train2017/000000262414.jpg
142.298828125	0.0	image/112	112	72857	train2017/000000544926.jpg
143.083984375	0.0	image/54	54	73259	train2017/000000532753.jpg
143.876953125	0.0	image/46	46	73665	train2017/000000531515.jpg
144.6796875	0.0	image/95	95	74076	train2017/000000016898.jpg
145.5	0.0	image/49	49	74496	train2017/000000219750.jpg
146.330078125	0.0	image/56	56	74921	train2017/000000008998.jpg
147.14453125	0.0	image/8	8	75338	train2017/000000000625.jpg
147.9453125	0.0	image/99	99	75748	train2017/000000271183.jpg
148.751953125	0.0	image/102	102	76161	train2017/000000018078.jpg
149.55078125	0.0	image/50	50	76570	train2017/000000007932.jpg
150.384765625	0.0	image/117	117	76997	train2017/000000396793.jpg
151.16796875	0.0	image/64	64	77398	train2017/000000273138.jpg
151.998046875	0.0	image/67	67	77823	train2017/000000011358.jpg
152.814453125	0.0	image/81	81	78241	train2017/000000539340.jpg
154.3984375	0.0	image/68	68	79052	train2017/000000535871.jpg
155.185546875	0.0	image/7	7	79455	train2017/000000000605.jpg
155.994140625	0.0	image/74	74	79869	train2017/000000275663.jpg
156.8203125	0.0	image/16	16	80292	train2017/000000002270.jpg
157.6484375	0.0	image/73	73	80716	train2017/000000537393.jpg
158.451171875	0.0	image/11	11	81127	train2017/000000263599.jpg
159.23828125	0.0	image/51	51	81530	train2017/000000008027.jpg
160.03125	0.0	image/86	86	81936	train2017/000000539879.jpg
160.837890625	0.0	image/108	108	82349	train2017/000000281330.jpg
161.66796875	0.0	image/82	82	82774	train2017/000000539395.jpg
162.44921875	0.0	image/89	89	83174	train2017/000000016314.jpg
163.23828125	0.0	image/42	42	83578	train2017/000000268659.jpg
164.033203125	0.0	image/63	63	83985	train2017/000000273120.jpg
164.81640625	0.0	image/118	118	84386	train2017/000000283678.jpg
165.640625	0.0	image/67	67	84808	train2017/000000011358.jpg
166.423828125	0.0	image/68	68	85209	train2017/000000535871.jpg
167.19921875	0.0	image/40	40	85606	train2017/000000268114.jpg
167.96875	0.0	image/41	41	86000	train2017/000000268418.jpg
168.767578125	0.0	image/101	101	86409	train2017/000000017967.jpg
169.57421875	0.0	image/88	88	86822	train2017/000000540538.jpg
170.384765625	0.0	image/51	51	87237	train2017/000000008027.jpg
171.185546875	0.0	image/95	95	87647	train2017/000000016898.jpg
171.990234375	0.0	image/55	55	88059	train2017/000000533231.jpg
173.55859375	0.0	image/106	106	88862	train2017/000000280808.jpg
174.341796875	0.0	image/56	56	89263	train2017/000000008998.jpg
175.123046875	0.0	image/59	59	89663	train2017/000000010046.jpg
175.943359375	0.0	image/77	77	90083	train2017/000000275938.jpg
176.755859375	0.0	image/88	88	90499	train2017/000000540538.jpg
177.5703125	0.0	image/62	62	90916	train2017/000000010903.jpg
178.39453125	0.0	image/110	110	91338	train2017/000000019863.jpg
179.2109375	0.0	image/35	35	91756	train2017/000000267647.jpg
180.01171875	0.0	image/76	76	92166	train2017/000000275902.jpg
180.7890625	0.0	image/28	28	92564	train2017/000000558788.jpg
181.611328125	0.0	image/79	79	92985	train2017/000000276664.jpg
182.44140625	0.0	image/60	60	93410	train2017/000000010710.jpg
183.244140625	0.0	image/87	87	93821	train2017/000000300383.jpg
184.80859375	0.0	image/22	22	94622	train2017/000000265023.jpg
185.595703125	0.0	image/53	53	95025	train2017/000000270278.jpg
187.17578125	0.0	image/97	97	95834	train2017/000000279197.jpg
187.99609375	0.0	image/53	53	96254	train2017/000000270278.jpg
188.775390625	0.0	image/13	13	96653	train2017/000000525932.jpg
189.58203125	0.0	image/65	65	97066	train2017/000000273147.jpg
190.408203125	0.0	image/54	54	97489	train2017/000000532753.jpg
191.2109375	0.0	image/100	100	97900	train2017/000000541856.jpg
192.791015625	0.0	image/14	14	98709	train2017/000000264244.jpg
194.3984375	0.0	image/89	89	99532	train2017/000000016314.jpg
195.2265625	0.0	image/13	13	99956	train2017/000000525932.jpg
196.015625	0.0	image/30	30	100360	train2017/000000004442.jpg
196.810546875	0.0	image/107	107	100767	train2017/000000543254.jpg
197.59375	0.0	image/20	20	101168	train2017/000000526980.jpg
198.400390625	0.0	image/101	101	101581	train2017/000000017967.jpg
199.216796875	0.0	image/38	38	101999	train2017/000000312536.jpg
200.76171875	0.0	image/73	73	102790	train2017/000000537393.jpg
201.533203125	0.0	image/4	4	103185	train2017/000000524646.jpg
202.36328125	0.0	image/79	79	103610	train2017/000000276664.jpg
203.181640625	0.0	image/117	117	104029	train2017/000000396793.jpg
203.982421875	0.0	image/91	91	104439	train2017/000000540735.jpg
204.796875	0.0	image/36	36	104856	train2017/000000267699.jpg
205.615234375	0.0	image/115	115	105275	train2017/000000021095.jpg
207.1796875	0.0	image/10	10	106076	train2017/000000001308.jpg
208.76953125	0.0	image/31	31	106890	train2017/000000266622.jpg
209.564453125	0.0	image/106	106	107297	train2017/000000280808.jpg
210.330078125	0.0	image/102	102	107689	train2017/000000018078.jpg
211.12109375	0.0	image/69	69	108094	train2017/000000011856.jpg
211.904296875	0.0	image/48	48	108495	train2017/000000011299.jpg
218.7109375	0.0	image/160	160	111980	train2017/000000293130.jpg
219.52734375	0.0	image/136	136	112398	train2017/000000026388.jpg
220.322265625	0.0	image/234	234	112805	train2017/000000312003.jpg
221.123046875	0.0	image/177	177	113215	train2017/000000573830.jpg
221.939453125	0.0	image/182	182	113633	train2017/000000298170.jpg
222.74609375	0.0	image/200	200	114046	train2017/000000565834.jpg
223.529296875	0.0	image/192	192	114447	train2017/000000225054.jpg
224.33984375	0.0	image/181	181	114862	train2017/000000035927.jpg
225.146484375	0.0	image/177	177	115275	train2017/000000573830.jpg
225.9296875	0.0	image/188	188	115676	train2017/000000037823.jpg
226.7265625	0.0	image/179	179	116084	train2017/000000559958.jpg
227.513671875	0.0	image/184	184	116487	train2017/000000006053.jpg
228.330078125	0.0	image/180	180	116905	train2017/000000297844.jpg
229.126953125	0.0	image/194	194	117313	train2017/000000302588.jpg
229.947265625	0.0	image/225	225	117733	train2017/000000047172.jpg
230.724609375	0.0	image/219	219	118131	train2017/000000219735.jpg
231.509765625	0.0	image/125	125	118533	train2017/000000022964.jpg
232.31640625	0.0	image/153	153	118946	train2017/000000553586.jpg
233.111328125	0.0	image/189	189	119353	train2017/000000300881.jpg
233.876953125	0.0	image/187	187	119745	train2017/000000037779.jpg
235.466796875	0.0	image/171	171	120559	train2017/000000033764.jpg
236.283203125	0.0	image/169	169	120977	train2017/000000557886.jpg
237.1171875	0.0	image/214	214	121404	train2017/000000306031.jpg
237.927734375	0.0	image/192	192	121819	train2017/000000225054.jpg
238.734375	0.0	image/169	169	122232	train2017/000000557886.jpg
239.5625	0.0	image/213	213	122656	train2017/000000043815.jpg
240.384765625	0.0	image/167	167	123077	train2017/000000032809.jpg
241.1953125	0.0	image/235	235	123492	train2017/000000050256.jpg
241.998046875	0.0	image/167	167	123903	train2017/000000032809.jpg
242.8125	0.0	image/231	231	124320	train2017/000000270325.jpg
243.61328125	0.0	image/127	127	124730	train2017/000000285450.jpg
244.435546875	0.0	image/122	122	125151	train2017/000000546147.jpg
245.24609375	0.0	image/148	148	125566	train2017/000000027665.jpg
246.8359375	0.0	image/198	198	126380	train2017/000000303436.jpg
247.62109375	0.0	image/161	161	126782	train2017/000000293368.jpg
248.3984375	0.0	image/172	172	127180	train2017/000000558822.jpg
249.20703125	0.0	image/137	137	127594	train2017/000000026443.jpg
249.98828125	0.0	image/214	214	127994	train2017/000000306031.jpg
250.818359375	0.0	image/139	139	128419	train2017/000000026702.jpg
251.62109375	0.0	image/121	121	128830	train2017/000000546140.jpg
252.44921875	0.0	image/229	229	129254	train2017/000000310870.jpg
253.232421875	0.0	image/197	197	129655	train2017/000000303392.jpg
254.013671875	0.0	image/240	240	130055	train2017/000000575971.jpg
254.80078125	0.0	image/163	163	130458	train2017/000000032134.jpg
255.583984375	0.0	image/128	128	130859	train2017/000000547644.jpg
256.349609375	0.0	image/145	145	131251	train2017/000000027298.jpg
257.173828125	0.0	image/132	132	131673	train2017/000000549830.jpg
257.95703125	0.0	image/199	199	132074	train2017/000000565652.jpg
258.7890625	0.0	image/203	203	132500	train2017/000000566261.jpg
259.623046875	0.0	image/161	161	132927	train2017/000000293368.jpg
260.423828125	0.0	image/217	217	133337	train2017/000000306988.jpg
261.224609375	0.0	image/166	166	133747	train2017/000000556748.jpg
262.03515625	0.0	image/209	209	134162	train2017/000000043176.jpg
262.841796875	0.0	image/165	165	134575	train2017/000000032275.jpg
263.625	0.0	image/198	198	134976	train2017/000000303436.jpg
264.419921875	0.0	image/164	164	135383	train2017/000000556542.jpg
265.224609375	0.0	image/203	203	135795	train2017/000000566261.jpg
266.021484375	0.0	image/193	193	136203	train2017/000000564465.jpg
266.802734375	0.0	image/159	159	136603	train2017/000000292845.jpg
267.609375	0.0	image/221	221	137016	train2017/000000575701.jpg
268.392578125	0.0	image/226	226	137417	train2017/000000571499.jpg
269.953125	0.0	image/170	170	138216	train2017/000000033727.jpg
270.73828125	0.0	image/215	215	138618	train2017/000000306249.jpg
271.544921875	0.0	image/186	186	139031	train2017/000000037358.jpg
272.337890625	0.0	image/216	216	139437	train2017/000000225829.jpg
273.142578125	0.0	image/232	232	139849	train2017/000000311232.jpg
273.9375	0.0	image/223	223	140256	train2017/000000309135.jpg
275.52734375	0.0	image/140	140	141070	train2017/000000551164.jpg
276.3125	0.0	image/141	141	141472	train2017/000000026981.jpg
277.095703125	0.0	image/176	176	141873	train2017/000000297154.jpg
277.896484375	0.0	image/210	210	142283	train2017/000000305685.jpg
278.6953125	0.0	image/228	228	142692	train2017/000000572215.jpg
280.296875	0.0	image/149	149	143512	train2017/000000290192.jpg
281.09765625	0.0	image/148	148	143922	train2017/000000027665.jpg
282.71484375	0.0	image/123	123	144750	train2017/000000022256.jpg
284.326171875	0.0	image/185	185	145575	train2017/000000036589.jpg
285.09765625	0.0	image/180	180	145970	train2017/000000297844.jpg
285.880859375	0.0	image/221	221	146371	train2017/000000575701.jpg
287.458984375	0.0	image/215	215	147179	train2017/000000306249.jpg
288.259765625	0.0	image/121	121	147589	train2017/000000546140.jpg
289.033203125	0.0	image/147	147	147985	train2017/000000289791.jpg
289.81640625	0.0	image/124	124	148386	train2017/000000122964.jpg
290.650390625	0.0	image/222	222	148813	train2017/000000308950.jpg
291.466796875	0.0	image/216	216	149231	train2017/000000225829.jpg
292.279296875	0.0	image/236	236	149647	train2017/000000574760.jpg
293.083984375	0.0	image/145	145	150059	train2017/000000027298.jpg
293.896484375	0.0	image/142	142	150475	train2017/000000027002.jpg
295.451171875	0.0	image/153	153	151271	train2017/000000553586.jpg
296.23046875	0.0	image/210	210	151670	train2017/000000305685.jpg
297.046875	0.0	image/212	212	152088	train2017/000000043776.jpg
297.8515625	0.0	image/201	201	152500	train2017/000000041606.jpg
298.6796875	0.0	image/146	146	152924	train2017/000000289460.jpg
300.234375	0.0	image/181	181	153720	train2017/000000035927.jpg
301.03515625	0.0	image/173	173	154130	train2017/000000559816.jpg
301.853515625	0.0	image/131	131	154549	train2017/000000549301.jpg
302.6640625	0.0	image/230	230	154964	train2017/000000573337.jpg
303.453125	0.0	image/133	133	155368	train2017/000000026029.jpg
304.25390625	0.0	image/239	239	155778	train2017/000000313480.jpg
305.037109375	0.0	image/223	223	156179	train2017/000000309135.jpg
305.814453125	0.0	image/189	189	156577	train2017/000000300881.jpg
306.63671875	0.0	image/128	128	156998	train2017/000000547644.jpg
307.431640625	0.0	image/202	202	157405	train2017/000000566201.jpg
308.248046875	0.0	image/188	188	157823	train2017/000000037823.jpg
309.017578125	0.0	image/212	212	158217	train2017/000000043776.jpg
309.83203125	0.0	image/231	231	158634	train2017/000000270325.jpg
311.416015625	0.0	image/154	154	159445	train2017/000000291560.jpg
312.181640625	0.0	image/208	208	159837	train2017/000000043150.jpg
312.97265625	0.0	image/191	191	160242	train2017/000000039196.jpg
313.7734375	0.0	image/146	146	160652	train2017/000000289460.jpg
315.384765625	0.0	image/195	195	161477	train2017/000000040685.jpg
316.20703125	0.0	image/142	142	161898	train2017/000000027002.jpg
316.986328125	0.0	image/178	178	162297	train2017/000000355458.jpg
317.80078125	0.0	image/233	233	162714	train2017/000000532520.jpg
318.5859375	0.0	image/224	224	163116	train2017/000000309192.jpg
319.375	0.0	image/194	194	163520	train2017/000000302588.jpg
320.15234375	0.0	image/232	232	163918	train2017/000000311232.jpg
320.935546875	0.0	image/136	136	164319	train2017/000000026388.jpg
321.7421875	0.0	image/191	191	164732	train2017/000000039196.jpg
322.552734375	0.0	image/175	175	165147	train2017/000000559225.jpg
323.3359375	0.0	image/207	207	165548	train2017/000000042578.jpg
324.12109375	0.0	image/193	193	165950	train2017/000000564465.jpg
324.927734375	0.0	image/213	213	166363	train2017/000000043815.jpg
326.52734375	0.0	image/227	227	167182	train2017/000000047638.jpg
327.310546875	0.0	image/157	157	167583	train2017/000000030109.jpg
328.10546875	0.0	image/190	190	167990	train2017/000000038801.jpg
328.876953125	0.0	image/195	195	168385	train2017/000000040685.jpg
329.6953125	0.0	image/196	196	168804	train2017/000000574784.jpg
330.5234375	0.0	image/156	156	169228	train2017/000000029732.jpg
331.2890625	0.0	image/165	165	169620	train2017/000000032275.jpg
332.078125	0.0	image/124	124	170024	train2017/000000122964.jpg
332.861328125	0.0	image/168	168	170425	train2017/000000557848.jpg
333.67578125	0.0	image/127	127	170842	train2017/000000285450.jpg
334.439453125	0.0	image/178	178	171233	train2017/000000355458.jpg
336.07421875	0.0	image/208	208	172070	train2017/000000043150.jpg
336.845703125	0.0	image/151	151	172465	train2017/000000553150.jpg
338.45703125	0.0	image/224	224	173290	train2017/000000309192.jpg
339.275390625	0.0	image/201	201	173709	train2017/000000041606.jpg
340.07421875	0.0	image/170	170	174118	train2017/000000033727.jpg
340.859375	0.0	image/186	186	174520	train2017/000000037358.jpg
341.681640625	0.0	image/219	219	174941	train2017/000000219735.jpg
342.494140625	0.0	image/174	174	175357	train2017/000000559145.jpg
343.3125	0.0	image/197	197	175776	train2017/000000303392.jpg
344.115234375	0.0	image/144	144	176187	train2017/000000354070.jpg
344.916015625	0.0	image/154	154	176597	train2017/000000291560.jpg
345.732421875	0.0	image/206	206	177015	train2017/000000263276.jpg
346.52734375	0.0	image/147	147	177422	train2017/000000289791.jpg
347.349609375	0.0	image/220	220	177843	train2017/000000569645.jpg
348.16015625	0.0	image/139	139	178258	train2017/000000026702.jpg
349.76171875	0.0	image/155	155	179078	train2017/000000029730.jpg
350.578125	0.0	image/236	236	179496	train2017/000000574760.jpg
351.384765625	0.0	image/229	229	179909	train2017/000000310870.jpg
352.1953125	0.0	image/168	168	180324	train2017/000000557848.jpg
352.998046875	0.0	image/218	218	180735	train2017/000000569196.jpg
353.78515625	0.0	image/138	138	181138	train2017/000000288751.jpg
354.619140625	0.0	image/134	134	181565	train2017/000000550396.jpg
355.453125	0.0	image/158	158	181992	train2017/000000030148.jpg
356.279296875	0.0	image/126	126	182415	train2017/000000547367.jpg
357.86328125	0.0	image/155	155	183226	train2017/000000029730.jpg
358.669921875	0.0	image/140	140	183639	train2017/000000551164.jpg
359.470703125	0.0	image/163	163	184049	train2017/000000032134.jpg
360.28125	0.0	image/125	125	184464	train2017/000000022964.jpg
361.048828125	0.0	image/151	151	184857	train2017/000000553150.jpg
361.853515625	0.0	image/137	137	185269	train2017/000000026443.jpg
362.666015625	0.0	image/171	171	185685	train2017/000000033764.jpg
363.44921875	0.0	image/206	206	186086	train2017/000000263276.jpg
364.21875	0.0	image/228	228	186480	train2017/000000572215.jpg
364.98828125	0.0	image/218	218	186874	train2017/000000569196.jpg
365.7890625	0.0	image/220	220	187284	train2017/000000569645.jpg
366.56640625	0.0	image/239	239	187682	train2017/000000313480.jpg
367.373046875	0.0	image/130	130	188095	train2017/000000548593.jpg
368.18359375	0.0	image/182	182	188510	train2017/000000298170.jpg
368.97265625	0.0	image/144	144	188914	train2017/000000354070.jpg
369.79296875	0.0	image/162	162	189334	train2017/000000293372.jpg
370.57421875	0.0	image/202	202	189734	train2017/000000566201.jpg
372.158203125	0.0	image/240	240	190545	train2017/000000575971.jpg
372.94140625	0.0	image/141	141	190946	train2017/000000026981.jpg
373.76953125	0.0	image/238	238	191370	train2017/000000050624.jpg
374.537109375	0.0	image/132	132	191763	train2017/000000549830.jpg
375.359375	0.0	image/190	190	192184	train2017/000000038801.jpg
376.158203125	0.0	image/234	234	192593	train2017/000000312003.jpg
376.98828125	0.0	image/131	131	193018	train2017/000000549301.jpg
377.787109375	0.0	image/160	160	193427	train2017/000000293130.jpg
378.609375	0.0	image/205	205	193848	train2017/000000566341.jpg
380.173828125	0.0	image/226	226	194649	train2017/000000571499.jpg
381.810546875	0.0	image/204	204	195487	train2017/000000304187.jpg
382.626953125	0.0	image/172	172	195905	train2017/000000558822.jpg
383.41015625	0.0	image/126	126	196306	train2017/000000547367.jpg
384.224609375	0.0	image/164	164	196723	train2017/000000556542.jpg
385.02734375	0.0	image/183	183	197134	train2017/000000298395.jpg
385.810546875	0.0	image/204	204	197535	train2017/000000304187.jpg
386.58984375	0.0	image/205	205	197934	train2017/000000566341.jpg
387.388671875	0.0	image/129	129	198343	train2017/000000023392.jpg
388.15625	0.0	image/238	238	198736	train2017/000000050624.jpg
388.9296875	0.0	image/152	152	199132	train2017/000000553166.jpg
389.74609375	0.0	image/173	173	199550	train2017/000000559816.jpg
390.5625	0.0	image/237	237	199968	train2017/000000095809.jpg
391.36328125	0.0	image/149	149	200378	train2017/000000290192.jpg
392.17578125	0.0	image/159	159	200794	train2017/000000292845.jpg
392.94140625	0.0	image/130	130	201186	train2017/000000548593.jpg
394.546875	0.0	image/183	183	202008	train2017/000000298395.jpg
395.34765625	0.0	image/150	150	202418	train2017/000000552589.jpg
396.130859375	0.0	image/162	162	202819	train2017/000000293372.jpg
396.908203125	0.0	image/227	227	203217	train2017/000000047638.jpg
397.708984375	0.0	image/199	199	203627	train2017/000000565652.jpg
398.515625	0.0	image/184	184	204040	train2017/000000006053.jpg
399.34765625	0.0	image/237	237	204466	train2017/000000095809.jpg
400.12890625	0.0	image/135	135	204866	train2017/000000288372.jpg
400.962890625	0.0	image/235	235	205293	train2017/000000050256.jpg
402.533203125	0.0	image/158	158	206097	train2017/000000030148.jpg
403.310546875	0.0	image/222	222	206495	train2017/000000308950.jpg
404.1171875	0.0	image/157	157	206908	train2017/000000030109.jpg
404.93359375	0.0	image/230	230	207326	train2017/000000573337.jpg
405.744140625	0.0	image/152	152	207741	train2017/000000553166.jpg
406.513671875	0.0	image/174	174	208135	train2017/000000559145.jpg
407.318359375	0.0	image/211	211	208547	train2017/000000567837.jpg
408.1015625	0.0	image/187	187	208948	train2017/000000037779.jpg
408.90234375	0.0	image/133	133	209358	train2017/000000026029.jpg
409.701171875	0.0	image/217	217	209767	train2017/000000306988.jpg
410.51953125	0.0	image/179	179	210186	train2017/000000559958.jpg
411.34765625	0.0	image/209	209	210610	train2017/000000043176.jpg
412.169921875	0.0	image/134	134	211031	train2017/000000550396.jpg
412.947265625	0.0	image/185	185	211429	train2017/000000036589.jpg
413.76953125	0.0	image/176	176	211850	train2017/000000297154.jpg
414.59765625	0.0	image/166	166	212274	train2017/000000556748.jpg
415.419921875	0.0	image/211	211	212695	train2017/000000567837.jpg
417.037109375	0.0	image/196	196	213523	train2017/000000574784.jpg
417.8515625	0.0	image/129	129	213940	train2017/000000023392.jpg
419.470703125	0.0	image/207	207	214769	train2017/000000042578.jpg
420.298828125	0.0	image/150	150	215193	train2017/000000552589.jpg
421.072265625	0.0	image/123	123	215589	train2017/000000022256.jpg
421.8984375	0.0	image/225	225	216012	train2017/000000047172.jpg
422.68359375	0.0	image/138	138	216414	train2017/000000288751.jpg
423.455078125	0.0	image/200	200	216809	train2017/000000565834.jpg
424.283203125	0.0	image/122	122	217233	train2017/000000546147.jpg
425.0859375	0.0	image/143	143	217644	train2017/000000027030.jpg
425.890625	0.0	image/175	175	218056	train2017/000000559225.jpg
426.673828125	0.0	image/135	135	218457	train2017/000000288372.jpg
427.45703125	0.0	image/143	143	218858	train2017/000000027030.jpg
428.291015625	0.0	image/233	233	219285	train2017/000000532520.jpg
429.103515625	0.0	image/156	156	219701	train2017/000000029732.jpg
436.666015625	0.0	image/285	285	223573	train2017/000000061174.jpg
437.482421875	0.0	image/301	301	223991	train2017/000000066253.jpg
438.263671875	0.0	image/246	246	224391	train2017/000000576749.jpg
439.048828125	0.0	image/347	347	224793	train2017/000000074390.jpg
439.828125	0.0	image/262	262	225192	train2017/000000318381.jpg
440.626953125	0.0	image/325	325	225601	train2017/000000002349.jpg
441.43359375	0.0	image/347	347	226014	train2017/000000074390.jpg
442.271484375	0.0	image/329	329	226443	train2017/000000333615.jpg
443.06640625	0.0	image/343	343	226850	train2017/000000335824.jpg
443.884765625	0.0	image/271	271	227269	train2017/000000058465.jpg
444.677734375	0.0	image/333	333	227675	train2017/000000334011.jpg
445.501953125	0.0	image/338	338	228097	train2017/000000334772.jpg
446.28125	0.0	image/294	294	228496	train2017/000000325710.jpg
447.078125	0.0	image/276	276	228904	train2017/000000322008.jpg
447.8984375	0.0	image/344	344	229324	train2017/000000073997.jpg
448.701171875	0.0	image/298	298	229735	train2017/000000065029.jpg
449.501953125	0.0	image/345	345	230145	train2017/000000281567.jpg
450.28515625	0.0	image/303	303	230546	train2017/000000328628.jpg
451.115234375	0.0	image/259	259	230971	train2017/000000055402.jpg
451.90234375	0.0	image/348	348	231374	train2017/000000074461.jpg
452.720703125	0.0	image/332	332	231793	train2017/000000579906.jpg
453.537109375	0.0	image/263	263	232211	train2017/000000318444.jpg
455.12109375	0.0	image/342	342	233022	train2017/000000335688.jpg
455.91796875	0.0	image/321	321	233430	train2017/000000332498.jpg
456.705078125	0.0	image/272	272	233833	train2017/000000359337.jpg
457.48828125	0.0	image/292	292	234234	train2017/000000323970.jpg
459.083984375	0.0	image/349	349	235051	train2017/000000074714.jpg
459.90234375	0.0	image/318	318	235470	train2017/000000069705.jpg
460.68359375	0.0	image/261	261	235870	train2017/000000317781.jpg
461.505859375	0.0	image/346	346	236291	train2017/000000336374.jpg
462.306640625	0.0	image/324	324	236701	train2017/000000332692.jpg
463.123046875	0.0	image/340	340	237119	train2017/000000335063.jpg
463.93359375	0.0	image/250	250	237534	train2017/000000577964.jpg
464.736328125	0.0	image/267	267	237945	train2017/000000057631.jpg
465.5234375	0.0	image/310	310	238348	train2017/000000330086.jpg
466.302734375	0.0	image/271	271	238747	train2017/000000058465.jpg
467.890625	0.0	image/286	286	239560	train2017/000000323397.jpg
468.703125	0.0	image/346	346	239976	train2017/000000336374.jpg
469.474609375	0.0	image/341	341	240371	train2017/000000492851.jpg
470.291015625	0.0	image/331	331	240789	train2017/000000333654.jpg
471.091796875	0.0	image/322	322	241199	train2017/000000070421.jpg
471.92578125	0.0	image/290	290	241626	train2017/000000534553.jpg
473.591796875	0.0	image/292	292	242479	train2017/000000323970.jpg
474.369140625	0.0	image/253	253	242877	train2017/000000054001.jpg
475.154296875	0.0	image/241	241	243279	train2017/000000576011.jpg
475.97265625	0.0	image/357	357	243698	train2017/000000338987.jpg
477.578125	0.0	image/288	288	244520	train2017/000000061288.jpg
478.376953125	0.0	image/295	295	244929	train2017/000000010743.jpg
479.189453125	0.0	image/312	312	245345	train2017/000000068238.jpg
479.98828125	0.0	image/280	280	245754	train2017/000000322255.jpg
480.76171875	0.0	image/273	273	246150	train2017/000000059321.jpg
481.5625	0.0	image/358	358	246560	train2017/000000077870.jpg
483.10546875	0.0	image/284	284	247350	train2017/000000323182.jpg
483.9296875	0.0	image/320	320	247772	train2017/000000332448.jpg
484.7578125	0.0	image/357	357	248196	train2017/000000338987.jpg
485.5234375	0.0	image/319	319	248588	train2017/000000332261.jpg
486.314453125	0.0	image/313	313	248993	train2017/000000011373.jpg
487.091796875	0.0	image/344	344	249391	train2017/000000073997.jpg
487.908203125	0.0	image/277	277	249809	train2017/000000009983.jpg
488.73046875	0.0	image/336	336	250230	train2017/000000334208.jpg
489.544921875	0.0	image/252	252	250647	train2017/000000578169.jpg
490.314453125	0.0	image/243	243	251041	train2017/000000560396.jpg
491.142578125	0.0	image/314	314	251465	train2017/000000055090.jpg
491.92578125	0.0	image/284	284	251866	train2017/000000323182.jpg
492.748046875	0.0	image/304	304	252287	train2017/000000066696.jpg
493.529296875	0.0	image/324	324	252687	train2017/000000332692.jpg
495.1484375	0.0	image/251	251	253516	train2017/000000053778.jpg
495.927734375	0.0	image/343	343	253915	train2017/000000335824.jpg
496.716796875	0.0	image/245	245	254319	train2017/000000052348.jpg
497.55078125	0.0	image/248	248	254746	train2017/000000455691.jpg
498.328125	0.0	image/251	251	255144	train2017/000000053778.jpg
499.11328125	0.0	image/268	268	255546	train2017/000000057796.jpg
499.931640625	0.0	image/356	356	255965	train2017/000000012795.jpg
500.744140625	0.0	image/257	257	256381	train2017/000000055206.jpg
501.53515625	0.0	image/247	247	256786	train2017/000000576789.jpg
502.318359375	0.0	image/315	315	257187	train2017/000000068623.jpg
503.1015625	0.0	image/326	326	257588	train2017/000000332875.jpg
504.71875	0.0	image/356	356	258416	train2017/000000012795.jpg
505.501953125	0.0	image/287	287	258817	train2017/000000061266.jpg
506.279296875	0.0	image/309	309	259215	train2017/000000330084.jpg
507.072265625	0.0	image/322	322	259621	train2017/000000070421.jpg
507.90234375	0.0	image/306	306	260046	train2017/000000281575.jpg
508.681640625	0.0	image/280	280	260445	train2017/000000322255.jpg
509.466796875	0.0	image/330	330	260847	train2017/000000333629.jpg
510.298828125	0.0	image/297	297	261273	train2017/000000065012.jpg
511.0703125	0.0	image/265	265	261668	train2017/000000580813.jpg
511.888671875	0.0	image/296	296	262087	train2017/000000064534.jpg
513.5390625	0.0	image/259	259	262932	train2017/000000055402.jpg
514.318359375	0.0	image/359	359	263331	train2017/000000078000.jpg
515.115234375	0.0	image/311	311	263739	train2017/000000067961.jpg
516.701171875	0.0	image/351	351	264551	train2017/000000337479.jpg
517.505859375	0.0	image/241	241	264963	train2017/000000576011.jpg
518.33984375	0.0	image/319	319	265390	train2017/000000332261.jpg
519.140625	0.0	image/339	339	265800	train2017/000000072715.jpg
519.935546875	0.0	image/279	279	266207	train2017/000000322246.jpg
520.740234375	0.0	image/308	308	266619	train2017/000000067623.jpg
521.51953125	0.0	image/349	349	267018	train2017/000000074714.jpg
522.30859375	0.0	image/266	266	267422	train2017/000000056837.jpg
523.087890625	0.0	image/341	341	267821	train2017/000000492851.jpg
523.857421875	0.0	image/291	291	268215	train2017/000000490875.jpg
524.63671875	0.0	image/247	247	268614	train2017/000000576789.jpg
525.421875	0.0	image/314	314	269016	train2017/000000055090.jpg
526.205078125	0.0	image/355	355	269417	train2017/000000338670.jpg
527.021484375	0.0	image/323	323	269835	train2017/000000332574.jpg
527.79296875	0.0	image/275	275	270230	train2017/000000403184.jpg
528.60546875	0.0	image/244	244	270646	train2017/000000314379.jpg
529.41015625	0.0	image/255	255	271058	train2017/000000055184.jpg
530.208984375	0.0	image/328	328	271467	train2017/000000071429.jpg
531.005859375	0.0	image/274	274	271875	train2017/000000321902.jpg
531.79296875	0.0	image/307	307	272278	train2017/000000329641.jpg
532.5703125	0.0	image/275	275	272676	train2017/000000403184.jpg
533.373046875	0.0	image/337	337	273087	train2017/000000072095.jpg
534.2109375	0.0	image/345	345	273516	train2017/000000281567.jpg
535.04296875	0.0	image/304	304	273942	train2017/000000066696.jpg
535.873046875	0.0	image/325	325	274367	train2017/000000002349.jpg
536.6953125	0.0	image/340	340	274788	train2017/000000335063.jpg
537.49609375	0.0	image/311	311	275198	train2017/000000067961.jpg
539.07421875	0.0	image/278	278	276006	train2017/000000009987.jpg
539.86328125	0.0	image/286	286	276410	train2017/000000323397.jpg
540.658203125	0.0	image/307	307	276817	train2017/000000329641.jpg
541.423828125	0.0	image/287	287	277209	train2017/000000061266.jpg
542.2265625	0.0	image/281	281	277620	train2017/000000323010.jpg
543.013671875	0.0	image/336	336	278023	train2017/000000334208.jpg
543.810546875	0.0	image/335	335	278431	train2017/000000071927.jpg
544.630859375	0.0	image/269	269	278851	train2017/000000320533.jpg
545.427734375	0.0	image/352	352	279259	train2017/000000274776.jpg
546.21484375	0.0	image/264	264	279662	train2017/000000001877.jpg
547.013671875	0.0	image/352	352	280071	train2017/000000274776.jpg
547.81640625	0.0	image/273	273	280482	train2017/000000059321.jpg
548.64453125	0.0	image/330	330	280906	train2017/000000333629.jpg
549.431640625	0.0	image/358	358	281309	train2017/000000077870.jpg
551.08203125	0.0	image/244	244	282154	train2017/000000314379.jpg
551.8828125	0.0	image/293	293	282564	train2017/000000062547.jpg
552.6953125	0.0	image/262	262	282980	train2017/000000318381.jpg
553.466796875	0.0	image/245	245	283375	train2017/000000052348.jpg
554.267578125	0.0	image/242	242	283785	train2017/000000051774.jpg
555.8671875	0.0	image/355	355	284604	train2017/000000338670.jpg
556.662109375	0.0	image/334	334	285011	train2017/000000334048.jpg
557.4453125	0.0	image/270	270	285412	train2017/000000058407.jpg
558.251953125	0.0	image/242	242	285825	train2017/000000051774.jpg
559.068359375	0.0	image/243	243	286243	train2017/000000560396.jpg
559.90234375	0.0	image/258	258	286670	train2017/000000055294.jpg
560.685546875	0.0	image/272	272	287071	train2017/000000359337.jpg
561.513671875	0.0	image/290	290	287495	train2017/000000534553.jpg
562.287109375	0.0	image/333	333	287891	train2017/000000334011.jpg
563.88671875	0.0	image/297	297	288710	train2017/000000065012.jpg
564.6875	0.0	image/309	309	289120	train2017/000000330084.jpg
565.48046875	0.0	image/316	316	289526	train2017/000000246728.jpg
566.25	0.0	image/308	308	289920	train2017/000000067623.jpg
567.0703125	0.0	image/353	353	290340	train2017/000000338169.jpg
567.85546875	0.0	image/294	294	290742	train2017/000000325710.jpg
568.6328125	0.0	image/248	248	291140	train2017/000000455691.jpg
569.41796875	0.0	image/277	277	291542	train2017/000000009983.jpg
570.205078125	0.0	image/268	268	291945	train2017/000000057796.jpg
571.033203125	0.0	image/270	270	292369	train2017/000000058407.jpg
571.8359375	0.0	image/306	306	292780	train2017/000000281575.jpg
573.45703125	0.0	image/289	289	293610	train2017/000000061559.jpg
574.236328125	0.0	image/305	305	294009	train2017/000000067347.jpg
575.06640625	0.0	image/321	321	294434	train2017/000000332498.jpg
575.83984375	0.0	image/265	265	294830	train2017/000000580813.jpg
576.673828125	0.0	image/255	255	295257	train2017/000000055184.jpg
578.275390625	0.0	image/256	256	296077	train2017/000000009199.jpg
579.923828125	0.0	image/350	350	296921	train2017/000000074828.jpg
580.734375	0.0	image/291	291	297336	train2017/000000490875.jpg
581.5078125	0.0	image/316	316	297732	train2017/000000246728.jpg
582.3046875	0.0	image/246	246	298140	train2017/000000576749.jpg
583.091796875	0.0	image/313	313	298543	train2017/000000011373.jpg
583.869140625	0.0	image/302	302	298941	train2017/000000328454.jpg
584.6875	0.0	image/323	323	299360	train2017/000000332574.jpg
585.4765625	0.0	image/279	279	299764	train2017/000000322246.jpg
586.310546875	0.0	image/350	350	300191	train2017/000000074828.jpg
587.10546875	0.0	image/302	302	300598	train2017/000000328454.jpg
587.91015625	0.0	image/252	252	301010	train2017/000000578169.jpg
588.72265625	0.0	image/254	254	301426	train2017/000000317061.jpg
589.494140625	0.0	image/253	253	301821	train2017/000000054001.jpg
590.27734375	0.0	image/337	337	302222	train2017/000000072095.jpg
591.111328125	0.0	image/249	249	302649	train2017/000000577817.jpg
592.6796875	0.0	image/331	331	303452	train2017/000000333654.jpg
593.45703125	0.0	image/281	281	303850	train2017/000000323010.jpg
594.275390625	0.0	image/254	254	304269	train2017/000000317061.jpg
595.095703125	0.0	image/278	278	304689	train2017/000000009987.jpg
595.890625	0.0	image/261	261	305096	train2017/000000317781.jpg
596.712890625	0.0	image/263	263	305517	train2017/000000318444.jpg
597.4921875	0.0	image/351	351	305916	train2017/000000337479.jpg
598.30859375	0.0	image/293	293	306334	train2017/000000062547.jpg
599.11328125	0.0	image/283	283	306746	train2017/000000359687.jpg
599.93359375	0.0	image/250	250	307166	train2017/000000577964.jpg
600.763671875	0.0	image/260	260	307591	train2017/000000055514.jpg
602.34765625	0.0	image/348	348	308402	train2017/000000074461.jpg
603.177734375	0.0	image/354	354	308827	train2017/000000076476.jpg
603.982421875	0.0	image/295	295	309239	train2017/000000010743.jpg
604.798828125	0.0	image/303	303	309657	train2017/000000328628.jpg
605.576171875	0.0	image/353	353	310055	train2017/000000338169.jpg
606.365234375	0.0	image/258	258	310459	train2017/000000055294.jpg
608.0	0.0	image/256	256	311296	train2017/000000009199.jpg
608.833984375	0.0	image/282	282	311723	train2017/000000053842.jpg
609.611328125	0.0	image/288	288	312121	train2017/000000061288.jpg
610.380859375	0.0	image/276	276	312515	train2017/000000322008.jpg
611.216796875	0.0	image/327	327	312943	train2017/000000333152.jpg
612.013671875	0.0	image/334	334	313351	train2017/000000334048.jpg
612.794921875	0.0	image/282	282	313751	train2017/000000053842.jpg
613.564453125	0.0	image/300	300	314145	train2017/000000065400.jpg
615.126953125	0.0	image/335	335	314945	train2017/000000071927.jpg
615.935546875	0.0	image/267	267	315359	train2017/000000057631.jpg
616.71875	0.0	image/300	300	315760	train2017/000000065400.jpg
617.546875	0.0	image/315	315	316184	train2017/000000068623.jpg
618.369140625	0.0	image/329	329	316605	train2017/000000333615.jpg
619.169921875	0.0	image/312	312	317015	train2017/000000068238.jpg
619.947265625	0.0	image/274	274	317413	train2017/000000321902.jpg
620.71484375	0.0	image/301	301	317806	train2017/000000066253.jpg
622.3046875	0.0	image/257	257	318620	train2017/000000055206.jpg
623.0859375	0.0	image/289	289	319020	train2017/000000061559.jpg
623.904296875	0.0	image/317	317	319439	train2017/000000069625.jpg
624.732421875	0.0	image/285	285	319863	train2017/000000061174.jpg
625.5546875	0.0	image/342	342	320284	train2017/000000335688.jpg
626.388671875	0.0	image/360	360	320711	train2017/000000078042.jpg
627.20703125	0.0	image/320	320	321130	train2017/000000332448.jpg
628.017578125	0.0	image/318	318	321545	train2017/000000069705.jpg
629.607421875	0.0	image/305	305	322359	train2017/000000067347.jpg
630.390625	0.0	image/332	332	322760	train2017/000000579906.jpg
631.16796875	0.0	image/296	296	323158	train2017/000000064534.jpg
631.953125	0.0	image/339	339	323560	train2017/000000072715.jpg
632.7734375	0.0	image/269	269	323980	train2017/000000320533.jpg
633.603515625	0.0	image/249	249	324405	train2017/000000577817.jpg
634.390625	0.0	image/260	260	324808	train2017/000000055514.jpg
635.1875	0.0	image/299	299	325216	train2017/000000327191.jpg
635.986328125	0.0	image/327	327	325625	train2017/000000333152.jpg
636.791015625	0.0	image/326	326	326037	train2017/000000332875.jpg
637.609375	0.0	image/317	317	326456	train2017/000000069625.jpg
638.443359375	0.0	image/264	264	326883	train2017/000000001877.jpg
639.2421875	0.0	image/328	328	327292	train2017/000000071429.jpg
640.052734375	0.0	image/360	360	327707	train2017/000000078042.jpg
640.87109375	0.0	image/359	359	328126	train2017/000000078000.jpg
641.654296875	0.0	image/298	298	328527	train2017/000000065029.jpg
643.2265625	0.0	image/266	266	329332	train2017/000000056837.jpg
644.044921875	0.0	image/338	338	329751	train2017/000000334772.jpg
644.861328125	0.0	image/310	310	330169	train2017/000000330086.jpg
645.64453125	0.0	image/354	354	330570	train2017/000000076476.jpg
646.478515625	0.0	image/283	283	330997	train2017/000000359687.jpg
647.26171875	0.0	image/299	299	331398	train2017/000000327191.jpg
654.890625	0.0	image/448	448	335304	train2017/000000101069.jpg
655.685546875	0.0	image/480	480	335711	train2017/000000376407.jpg
656.5078125	0.0	image/375	375	336132	train2017/000000081961.jpg
658.13671875	0.0	image/453	453	336966	train2017/000000103366.jpg
658.958984375	0.0	image/465	465	337387	train2017/000000369253.jpg
660.568359375	0.0	image/443	443	338211	train2017/000000099580.jpg
661.408203125	0.0	image/462	462	338641	train2017/000000368852.jpg
662.9765625	0.0	image/471	471	339444	train2017/000000372775.jpg
664.54296875	0.0	image/367	367	340246	train2017/000000080619.jpg
665.328125	0.0	image/442	442	340648	train2017/000000361648.jpg
666.154296875	0.0	image/427	427	341071	train2017/000000357228.jpg
666.97265625	0.0	image/376	376	341490	train2017/000000081995.jpg
667.7578125	0.0	image/435	435	341892	train2017/000000097218.jpg
668.5390625	0.0	image/396	396	342292	train2017/000000349363.jpg
669.306640625	0.0	image/365	365	342685	train2017/000000080084.jpg
670.12890625	0.0	image/368	368	343106	train2017/000000008471.jpg
671.693359375	0.0	image/372	372	343907	train2017/000000081474.jpg
672.474609375	0.0	image/464	464	344307	train2017/000000369230.jpg
673.291015625	0.0	image/445	445	344725	train2017/000000362677.jpg
674.09375	0.0	image/433	433	345136	train2017/000000359085.jpg
674.880859375	0.0	image/398	398	345539	train2017/000000087871.jpg
675.697265625	0.0	image/421	421	345957	train2017/000000354761.jpg
676.474609375	0.0	image/386	386	346355	train2017/000000083632.jpg
678.064453125	0.0	image/399	399	347169	train2017/000000320508.jpg
678.84765625	0.0	image/446	446	347570	train2017/000000100599.jpg
679.681640625	0.0	image/417	417	347997	train2017/000000092001.jpg
680.498046875	0.0	image/364	364	348415	train2017/000000275335.jpg
681.294921875	0.0	image/392	392	348823	train2017/000000348204.jpg
682.099609375	0.0	image/437	437	349235	train2017/000000060117.jpg
682.8828125	0.0	image/387	387	349636	train2017/000000083738.jpg
683.662109375	0.0	image/475	475	350035	train2017/000000373970.jpg
684.4765625	0.0	image/418	418	350452	train2017/000000092221.jpg
685.26171875	0.0	image/473	473	350854	train2017/000000372959.jpg
686.044921875	0.0	image/362	362	351255	train2017/000000340734.jpg
686.84375	0.0	image/403	403	351664	train2017/000000089908.jpg
687.6171875	0.0	image/445	445	352060	train2017/000000362677.jpg
688.39453125	0.0	image/406	406	352458	train2017/000000352236.jpg
689.984375	0.0	image/413	413	353272	train2017/000000364806.jpg
690.76953125	0.0	image/470	470	353674	train2017/000000110611.jpg
691.546875	0.0	image/363	363	354072	train2017/000000079111.jpg
692.3359375	0.0	image/422	422	354476	train2017/000000059194.jpg
693.115234375	0.0	image/394	394	354875	train2017/000000087126.jpg
693.9296875	0.0	image/440	440	355292	train2017/000000361197.jpg
694.712890625	0.0	image/436	436	355693	train2017/000000098480.jpg
695.501953125	0.0	image/404	404	356097	train2017/000000352129.jpg
696.28125	0.0	image/381	381	356496	train2017/000000082770.jpg
697.103515625	0.0	image/461	461	356917	train2017/000000106107.jpg
697.8828125	0.0	image/444	444	357316	train2017/000000100396.jpg
698.669921875	0.0	image/390	390	357719	train2017/000000346754.jpg
699.48828125	0.0	image/401	401	358138	train2017/000000088414.jpg
700.28515625	0.0	image/365	365	358546	train2017/000000080084.jpg
701.869140625	0.0	image/456	456	359357	train2017/000000104081.jpg
702.705078125	0.0	image/429	429	359785	train2017/000000095337.jpg
703.48828125	0.0	image/468	468	360186	train2017/000000542304.jpg
704.283203125	0.0	image/470	470	360593	train2017/000000110611.jpg
705.083984375	0.0	image/373	373	361003	train2017/000000081841.jpg
705.873046875	0.0	image/467	467	361407	train2017/000000017935.jpg
706.669921875	0.0	image/380	380	361815	train2017/000000082650.jpg
708.2578125	0.0	image/465	465	362628	train2017/000000369253.jpg
709.07421875	0.0	image/433	433	363046	train2017/000000359085.jpg
709.908203125	0.0	image/412	412	363473	train2017/000000408492.jpg
710.685546875	0.0	image/428	428	363871	train2017/000000095176.jpg
711.486328125	0.0	image/457	457	364281	train2017/000000366396.jpg
712.291015625	0.0	image/416	416	364693	train2017/000000354095.jpg
713.068359375	0.0	image/424	424	365091	train2017/000000277778.jpg
713.87109375	0.0	image/371	371	365502	train2017/000000081365.jpg
714.69140625	0.0	image/378	378	365922	train2017/000000319517.jpg
715.50390625	0.0	image/412	412	366338	train2017/000000408492.jpg
716.30859375	0.0	image/452	452	366750	train2017/000000365218.jpg
717.126953125	0.0	image/385	385	367169	train2017/000000345751.jpg
717.923828125	0.0	image/469	469	367577	train2017/000000370369.jpg
718.7265625	0.0	image/430	430	367988	train2017/000000357865.jpg
719.509765625	0.0	image/474	474	368389	train2017/000000373679.jpg
720.287109375	0.0	image/429	429	368787	train2017/000000095337.jpg
721.84375	0.0	image/464	464	369584	train2017/000000369230.jpg
722.638671875	0.0	image/447	447	369991	train2017/000000100863.jpg
723.40625	0.0	image/394	394	370384	train2017/000000087126.jpg
724.228515625	0.0	image/400	400	370805	train2017/000000350299.jpg
725.056640625	0.0	image/395	395	371229	train2017/000000087146.jpg
725.845703125	0.0	image/399	399	371633	train2017/000000320508.jpg
726.677734375	0.0	image/410	410	372059	train2017/000000090994.jpg
727.490234375	0.0	image/463	463	372475	train2017/000000369171.jpg
728.3125	0.0	image/469	469	372896	train2017/000000370369.jpg
729.08984375	0.0	image/479	479	373294	train2017/000000114077.jpg
729.890625	0.0	image/466	466	373704	train2017/000000107204.jpg
730.681640625	0.0	image/423	423	374109	train2017/000000355622.jpg
731.458984375	0.0	image/427	427	374507	train2017/000000357228.jpg
732.275390625	0.0	image/454	454	374925	train2017/000000366146.jpg
733.04296875	0.0	image/441	441	375318	train2017/000000099363.jpg
733.859375	0.0	image/473	473	375736	train2017/000000372959.jpg
734.67578125	0.0	image/415	415	376154	train2017/000000354045.jpg
735.498046875	0.0	image/422	422	376575	train2017/000000059194.jpg
736.298828125	0.0	image/435	435	376985	train2017/000000097218.jpg
737.1328125	0.0	image/460	460	377412	train2017/000000367552.jpg
737.962890625	0.0	image/453	453	377837	train2017/000000103366.jpg
738.783203125	0.0	image/370	370	378257	train2017/000000081105.jpg
739.583984375	0.0	image/369	369	378667	train2017/000000080987.jpg
740.400390625	0.0	image/425	425	379085	train2017/000000356771.jpg
742.03515625	0.0	image/423	423	379922	train2017/000000355622.jpg
742.845703125	0.0	image/463	463	380337	train2017/000000369171.jpg
743.634765625	0.0	image/456	456	380741	train2017/000000104081.jpg
744.451171875	0.0	image/408	408	381159	train2017/000000352861.jpg
745.228515625	0.0	image/455	455	381557	train2017/000000104044.jpg
746.001953125	0.0	image/449	449	381953	train2017/000000101952.jpg
747.595703125	0.0	image/477	477	382769	train2017/000000113593.jpg
748.396484375	0.0	image/438	438	383179	train2017/000000147547.jpg
749.203125	0.0	image/408	408	383592	train2017/000000352861.jpg
749.982421875	0.0	image/480	480	383991	train2017/000000376407.jpg
750.796875	0.0	image/477	477	384408	train2017/000000113593.jpg
752.419921875	0.0	image/371	371	385239	train2017/000000081365.jpg
753.25390625	0.0	image/409	409	385666	train2017/000000090827.jpg
754.06640625	0.0	image/443	443	386082	train2017/000000099580.jpg
754.884765625	0.0	image/421	421	386501	train2017/000000354761.jpg
755.6875	0.0	image/386	386	386912	train2017/000000083632.jpg
756.46484375	0.0	image/385	385	387310	train2017/000000345751.jpg
757.265625	0.0	image/367	367	387720	train2017/000000080619.jpg
758.08984375	0.0	image/409	409	388142	train2017/000000090827.jpg
758.900390625	0.0	image/396	396	388557	train2017/000000349363.jpg
759.689453125	0.0	image/407	407	388961	train2017/000000352724.jpg
760.47265625	0.0	image/388	388	389362	train2017/000000084174.jpg
761.271484375	0.0	image/459	459	389771	train2017/000000366802.jpg
762.107421875	0.0	image/380	380	390199	train2017/000000082650.jpg
762.923828125	0.0	image/416	416	390617	train2017/000000354095.jpg
763.740234375	0.0	image/406	406	391035	train2017/000000352236.jpg
764.5703125	0.0	image/476	476	391460	train2017/000000112734.jpg
765.353515625	0.0	image/381	381	391861	train2017/000000082770.jpg
766.169921875	0.0	image/382	382	392279	train2017/000000345149.jpg
766.958984375	0.0	image/414	414	392683	train2017/000000091784.jpg
767.791015625	0.0	image/411	411	393109	train2017/000000091005.jpg
768.609375	0.0	image/426	426	393528	train2017/000000357074.jpg
769.419921875	0.0	image/377	377	393943	train2017/000000450584.jpg
770.205078125	0.0	image/442	442	394345	train2017/000000361648.jpg
770.970703125	0.0	image/382	382	394737	train2017/000000345149.jpg
771.736328125	0.0	image/440	440	395129	train2017/000000361197.jpg
772.521484375	0.0	image/379	379	395531	train2017/000000569678.jpg
773.34375	0.0	image/370	370	395952	train2017/000000081105.jpg
774.140625	0.0	image/426	426	396360	train2017/000000357074.jpg
774.9609375	0.0	image/388	388	396780	train2017/000000084174.jpg
775.755859375	0.0	image/471	471	397187	train2017/000000372775.jpg
776.57421875	0.0	image/410	410	397606	train2017/000000090994.jpg
777.34375	0.0	image/415	415	398000	train2017/000000354045.jpg
778.12890625	0.0	image/460	460	398402	train2017/000000367552.jpg
778.923828125	0.0	image/419	419	398809	train2017/000000092288.jpg
779.724609375	0.0	image/387	387	399219	train2017/000000083738.jpg
780.49609375	0.0	image/447	447	399614	train2017/000000100863.jpg
781.279296875	0.0	image/430	430	400015	train2017/000000357865.jpg
782.0625	0.0	image/383	383	400416	train2017/000000083393.jpg
782.841796875	0.0	image/466	466	400815	train2017/000000107204.jpg
783.61328125	0.0	image/368	368	401210	train2017/000000008471.jpg
784.42578125	0.0	image/398	398	401626	train2017/000000087871.jpg
785.19140625	0.0	image/374	374	402018	train2017/000000046372.jpg
785.9921875	0.0	image/432	432	402428	train2017/000000096161.jpg
786.796875	0.0	image/401	401	402840	train2017/000000088414.jpg
787.625	0.0	image/405	405	403264	train2017/000000189765.jpg
789.248046875	0.0	image/450	450	404095	train2017/000000570785.jpg
790.08203125	0.0	image/451	451	404522	train2017/000000365003.jpg
790.876953125	0.0	image/476	476	404929	train2017/000000112734.jpg
791.666015625	0.0	image/475	475	405333	train2017/000000373970.jpg
792.466796875	0.0	image/389	389	405743	train2017/000000346583.jpg
793.244140625	0.0	image/461	461	406141	train2017/000000106107.jpg
794.02734375	0.0	image/474	474	406542	train2017/000000373679.jpg
794.791015625	0.0	image/478	478	406933	train2017/000000114035.jpg
795.583984375	0.0	image/361	361	407339	train2017/000000340317.jpg
796.3671875	0.0	image/375	375	407740	train2017/000000081961.jpg
797.1953125	0.0	image/393	393	408164	train2017/000000086811.jpg
798.013671875	0.0	image/379	379	408583	train2017/000000569678.jpg
798.8125	0.0	image/432	432	408992	train2017/000000096161.jpg
799.6171875	0.0	image/472	472	409404	train2017/000000110780.jpg
800.435546875	0.0	image/444	444	409823	train2017/000000100396.jpg
801.236328125	0.0	image/405	405	410233	train2017/000000189765.jpg
802.05078125	0.0	image/434	434	410650	train2017/000000097201.jpg
802.8828125	0.0	image/454	454	411076	train2017/000000366146.jpg
803.666015625	0.0	image/439	439	411477	train2017/000000361193.jpg
804.453125	0.0	image/384	384	411880	train2017/000000345725.jpg
805.28125	0.0	image/434	434	412304	train2017/000000097201.jpg
806.09765625	0.0	image/458	458	412722	train2017/000000104502.jpg
806.880859375	0.0	image/361	361	413123	train2017/000000340317.jpg
807.6484375	0.0	image/384	384	413516	train2017/000000345725.jpg
808.470703125	0.0	image/446	446	413937	train2017/000000100599.jpg
810.064453125	0.0	image/389	389	414753	train2017/000000346583.jpg
810.83203125	0.0	image/425	425	415146	train2017/000000356771.jpg
811.60546875	0.0	image/391	391	415542	train2017/000000346795.jpg
812.421875	0.0	image/366	366	415960	train2017/000000080275.jpg
813.205078125	0.0	image/402	402	416361	train2017/000000088835.jpg
814.005859375	0.0	image/411	411	416771	train2017/000000091005.jpg
814.78515625	0.0	image/448	448	417170	train2017/000000101069.jpg
815.55078125	0.0	image/373	373	417562	train2017/000000081841.jpg
816.3515625	0.0	image/441	441	417972	train2017/000000099363.jpg
817.123046875	0.0	image/478	478	418367	train2017/000000114035.jpg
817.92578125	0.0	image/378	378	418778	train2017/000000319517.jpg
818.740234375	0.0	image/374	374	419195	train2017/000000046372.jpg
820.333984375	0.0	image/459	459	420011	train2017/000000366802.jpg
821.14453125	0.0	image/431	431	420426	train2017/000000095828.jpg
821.94921875	0.0	image/437	437	420838	train2017/000000060117.jpg
822.771484375	0.0	image/438	438	421259	train2017/000000147547.jpg
823.55859375	0.0	image/431	431	421662	train2017/000000095828.jpg
824.392578125	0.0	image/366	366	422089	train2017/000000080275.jpg
825.171875	0.0	image/455	455	422488	train2017/000000104044.jpg
825.9375	0.0	image/393	393	422880	train2017/000000086811.jpg
826.708984375	0.0	image/428	428	423275	train2017/000000095176.jpg
827.505859375	0.0	image/417	417	423683	train2017/000000092001.jpg
828.310546875	0.0	image/450	450	424095	train2017/000000570785.jpg
829.126953125	0.0	image/457	457	424513	train2017/000000366396.jpg
829.955078125	0.0	image/468	468	424937	train2017/000000542304.jpg
830.77734375	0.0	image/369	369	425358	train2017/000000080987.jpg
831.60546875	0.0	image/400	400	425782	train2017/000000350299.jpg
833.177734375	0.0	image/419	419	426587	train2017/000000092288.jpg
833.978515625	0.0	image/462	462	426997	train2017/000000368852.jpg
834.779296875	0.0	image/392	392	427407	train2017/000000348204.jpg
835.609375	0.0	image/397	397	427832	train2017/000000087334.jpg
836.44140625	0.0	image/383	383	428258	train2017/000000083393.jpg
837.24609375	0.0	image/413	413	428670	train2017/000000364806.jpg
838.041015625	0.0	image/363	363	429077	train2017/000000079111.jpg
838.857421875	0.0	image/436	436	429495	train2017/000000098480.jpg
839.673828125	0.0	image/420	420	429913	train2017/000000092353.jpg
840.48046875	0.0	image/364	364	430326	train2017/000000275335.jpg
842.111328125	0.0	image/397	397	431161	train2017/000000087334.jpg
842.8984375	0.0	image/362	362	431564	train2017/000000340734.jpg
843.67578125	0.0	image/418	418	431962	train2017/000000092221.jpg
844.46484375	0.0	image/376	376	432366	train2017/000000081995.jpg
845.279296875	0.0	image/451	451	432783	train2017/000000365003.jpg
846.08203125	0.0	image/407	407	433194	train2017/000000352724.jpg
846.880859375	0.0	image/403	403	433603	train2017/000000089908.jpg
848.466796875	0.0	image/458	458	434415	train2017/000000104502.jpg
849.244140625	0.0	image/479	479	434813	train2017/000000114077.jpg
850.833984375	0.0	image/452	452	435627	train2017/000000365218.jpg
851.6171875	0.0	image/377	377	436028	train2017/000000450584.jpg
852.451171875	0.0	image/372	372	436455	train2017/000000081474.jpg
854.0625	0.0	image/402	402	437280	train2017/000000088835.jpg
854.833984375	0.0	image/391	391	437675	train2017/000000346795.jpg
856.4140625	0.0	image/439	439	438484	train2017/000000361193.jpg
857.18359375	0.0	image/420	420	438878	train2017/000000092353.jpg
858.017578125	0.0	image/395	395	439305	train2017/000000087146.jpg
858.830078125	0.0	image/424	424	439721	train2017/000000277778.jpg
860.482421875	0.0	image/404	404	440567	train2017/000000352129.jpg
861.25390625	0.0	image/414	414	440962	train2017/000000091784.jpg
862.037109375	0.0	image/472	472	441363	train2017/000000110780.jpg
863.669921875	0.0	image/467	467	442199	train2017/000000017935.jpg
864.5	0.0	image/390	390	442624	train2017/000000346754.jpg
865.28515625	0.0	image/449	449	443026	train2017/000000101952.jpg
873.056640625	0.0	image/539	539	447005	train2017/000000131011.jpg
873.83984375	0.0	image/486	486	447406	train2017/000000377703.jpg
874.619140625	0.0	image/490	490	447805	train2017/000000116588.jpg
875.439453125	0.0	image/581	581	448225	train2017/000000402199.jpg
876.21875	0.0	image/551	551	448624	train2017/000000134169.jpg
877.0078125	0.0	image/544	544	449028	train2017/000000394008.jpg
877.791015625	0.0	image/558	558	449429	train2017/000000398083.jpg
878.57421875	0.0	image/533	533	449830	train2017/000000392556.jpg
879.388671875	0.0	image/541	541	450247	train2017/000000131524.jpg
880.19140625	0.0	image/563	563	450658	train2017/000000398540.jpg
880.984375	0.0	image/499	499	451064	train2017/000000575164.jpg
881.775390625	0.0	image/491	491	451469	train2017/000000116603.jpg
882.55859375	0.0	image/492	492	451870	train2017/000000150636.jpg
883.376953125	0.0	image/536	536	452289	train2017/000000196584.jpg
884.189453125	0.0	image/522	522	452705	train2017/000000125586.jpg
884.953125	0.0	image/597	597	453096	train2017/000000143245.jpg
885.759765625	0.0	image/599	599	453509	train2017/000000388853.jpg
886.54296875	0.0	image/554	554	453910	train2017/000000135032.jpg
887.373046875	0.0	image/497	497	454335	train2017/000000282032.jpg
888.958984375	0.0	image/577	577	455147	train2017/000000139561.jpg
889.794921875	0.0	image/514	514	455575	train2017/000000282707.jpg
890.587890625	0.0	image/512	512	455981	train2017/000000122811.jpg
892.2109375	0.0	image/572	572	456812	train2017/000000138785.jpg
893.0234375	0.0	image/568	568	457228	train2017/000000399984.jpg
894.62890625	0.0	image/584	584	458050	train2017/000000285588.jpg
895.412109375	0.0	image/585	585	458451	train2017/000000140724.jpg
896.23046875	0.0	image/515	515	458870	train2017/000000123692.jpg
897.013671875	0.0	image/586	586	459271	train2017/000000154556.jpg
897.82421875	0.0	image/509	509	459686	train2017/000000384235.jpg
899.423828125	0.0	image/517	517	460505	train2017/000000123891.jpg
900.19140625	0.0	image/541	541	460898	train2017/000000131524.jpg
900.974609375	0.0	image/493	493	461299	train2017/000000379713.jpg
901.759765625	0.0	image/599	599	461701	train2017/000000388853.jpg
903.310546875	0.0	image/505	505	462495	train2017/000000120987.jpg
904.1328125	0.0	image/533	533	462916	train2017/000000392556.jpg
904.9609375	0.0	image/581	581	463340	train2017/000000402199.jpg
905.783203125	0.0	image/495	495	463761	train2017/000000380729.jpg
906.56640625	0.0	image/531	531	464162	train2017/000000391754.jpg
907.39453125	0.0	image/578	578	464586	train2017/000000401720.jpg
908.201171875	0.0	image/530	530	464999	train2017/000000391678.jpg
909.017578125	0.0	image/493	493	465417	train2017/000000379713.jpg
909.81640625	0.0	image/525	525	465826	train2017/000000388980.jpg
910.6015625	0.0	image/529	529	466228	train2017/000000129060.jpg
912.14453125	0.0	image/537	537	467018	train2017/000000371353.jpg
912.951171875	0.0	image/518	518	467431	train2017/000000124711.jpg
913.751953125	0.0	image/545	545	467841	train2017/000000131967.jpg
914.53125	0.0	image/560	560	468240	train2017/000000136111.jpg
916.146484375	0.0	image/548	548	469067	train2017/000000395775.jpg
916.94921875	0.0	image/592	592	469478	train2017/000000504289.jpg
917.712890625	0.0	image/504	504	469869	train2017/000000382951.jpg
918.537109375	0.0	image/489	489	470291	train2017/000000115967.jpg
919.314453125	0.0	image/518	518	470689	train2017/000000124711.jpg
920.1328125	0.0	image/560	560	471108	train2017/000000136111.jpg
920.921875	0.0	image/499	499	471512	train2017/000000575164.jpg
921.73828125	0.0	image/530	530	471930	train2017/000000391678.jpg
922.5703125	0.0	image/567	567	472356	train2017/000000137706.jpg
923.349609375	0.0	image/569	569	472755	train2017/000000138153.jpg
924.150390625	0.0	image/559	559	473165	train2017/000000135965.jpg
924.939453125	0.0	image/570	570	473569	train2017/000000400581.jpg
925.734375	0.0	image/520	520	473976	train2017/000000125042.jpg
927.30078125	0.0	image/591	591	474778	train2017/000000404282.jpg
928.08984375	0.0	image/494	494	475182	train2017/000000380227.jpg
928.884765625	0.0	image/579	579	475589	train2017/000000139815.jpg
929.68359375	0.0	image/526	526	475998	train2017/000000389582.jpg
930.490234375	0.0	image/490	490	476411	train2017/000000116588.jpg
931.306640625	0.0	image/574	574	476829	train2017/000000139344.jpg
932.125	0.0	image/579	579	477248	train2017/000000139815.jpg
932.951171875	0.0	image/561	561	477671	train2017/000000136142.jpg
933.7578125	0.0	image/497	497	478084	train2017/000000282032.jpg
935.375	0.0	image/538	538	478912	train2017/000000130973.jpg
936.158203125	0.0	image/503	503	479313	train2017/000000382890.jpg
937.79296875	0.0	image/593	593	480150	train2017/000000196777.jpg
939.443359375	0.0	image/522	522	480995	train2017/000000125586.jpg
940.2265625	0.0	image/482	482	481396	train2017/000000376643.jpg
941.021484375	0.0	image/513	513	481803	train2017/000000282631.jpg
941.828125	0.0	image/542	542	482216	train2017/000000284089.jpg
942.626953125	0.0	image/528	528	482625	train2017/000000239828.jpg
943.421875	0.0	image/547	547	483032	train2017/000000395758.jpg
945.0390625	0.0	image/535	535	483860	train2017/000000392851.jpg
945.861328125	0.0	image/504	504	484281	train2017/000000382951.jpg
946.673828125	0.0	image/596	596	484697	train2017/000000405215.jpg
947.47265625	0.0	image/578	578	485106	train2017/000000401720.jpg
948.240234375	0.0	image/524	524	485499	train2017/000000125725.jpg
949.0078125	0.0	image/587	587	485892	train2017/000000403535.jpg
949.8046875	0.0	image/484	484	486300	train2017/000000114822.jpg
950.57421875	0.0	image/543	543	486694	train2017/000000131763.jpg
951.392578125	0.0	image/487	487	487113	train2017/000000115637.jpg
952.197265625	0.0	image/556	556	487525	train2017/000000135316.jpg
953.013671875	0.0	image/511	511	487943	train2017/000000122776.jpg
954.6640625	0.0	image/483	483	488788	train2017/000000376858.jpg
955.46484375	0.0	image/534	534	489198	train2017/000000130681.jpg
956.28125	0.0	image/589	589	489616	train2017/000000403789.jpg
957.064453125	0.0	image/481	481	490017	train2017/000000114274.jpg
957.89453125	0.0	image/498	498	490442	train2017/000000119669.jpg
958.693359375	0.0	image/537	537	490851	train2017/000000371353.jpg
959.515625	0.0	image/540	540	491272	train2017/000000021826.jpg
960.294921875	0.0	image/489	489	491671	train2017/000000115967.jpg
961.11328125	0.0	image/571	571	492090	train2017/000000229233.jpg
961.900390625	0.0	image/572	572	492493	train2017/000000138785.jpg
962.6953125	0.0	image/553	553	492900	train2017/000000134562.jpg
963.533203125	0.0	image/562	562	493329	train2017/000000022696.jpg
964.31640625	0.0	image/598	598	493730	train2017/000000405437.jpg
965.126953125	0.0	image/549	549	494145	train2017/000000197068.jpg
965.93359375	0.0	image/588	588	494558	train2017/000000403739.jpg
966.71875	0.0	image/532	532	494960	train2017/000000130181.jpg
967.51171875	0.0	image/576	576	495366	train2017/000000401699.jpg
968.318359375	0.0	image/597	597	495779	train2017/000000143245.jpg
969.12890625	0.0	image/589	589	496194	train2017/000000403789.jpg
969.919921875	0.0	image/507	507	496599	train2017/000000383652.jpg
970.71875	0.0	image/495	495	497008	train2017/000000380729.jpg
971.51171875	0.0	image/494	494	497414	train2017/000000380227.jpg
972.298828125	0.0	image/565	565	497817	train2017/000000197656.jpg
973.080078125	0.0	image/557	557	498217	train2017/000000022627.jpg
973.896484375	0.0	image/553	553	498635	train2017/000000134562.jpg
974.6640625	0.0	image/510	510	499028	train2017/000000544738.jpg
976.287109375	0.0	image/488	488	499859	train2017/000000115649.jpg
977.12109375	0.0	image/575	575	500286	train2017/000000139551.jpg
977.91796875	0.0	image/502	502	500694	train2017/000000120655.jpg
978.732421875	0.0	image/576	576	501111	train2017/000000401699.jpg
979.5390625	0.0	image/570	570	501524	train2017/000000400581.jpg
980.349609375	0.0	image/485	485	501939	train2017/000000377576.jpg
981.1328125	0.0	image/519	519	502340	train2017/000000124747.jpg
981.939453125	0.0	image/517	517	502753	train2017/000000123891.jpg
983.55078125	0.0	image/583	583	503578	train2017/000000198195.jpg
984.33984375	0.0	image/521	521	503982	train2017/000000387318.jpg
985.150390625	0.0	image/491	491	504397	train2017/000000116603.jpg
986.7734375	0.0	image/555	555	505228	train2017/000000397192.jpg
987.58984375	0.0	image/563	563	505646	train2017/000000398540.jpg
988.375	0.0	image/529	529	506048	train2017/000000129060.jpg
989.185546875	0.0	image/584	584	506463	train2017/000000285588.jpg
989.970703125	0.0	image/508	508	506865	train2017/000000413472.jpg
990.775390625	0.0	image/598	598	507277	train2017/000000405437.jpg
991.5546875	0.0	image/524	524	507676	train2017/000000125725.jpg
992.353515625	0.0	image/544	544	508085	train2017/000000394008.jpg
993.16015625	0.0	image/590	590	508498	train2017/000000404007.jpg
993.9765625	0.0	image/492	492	508916	train2017/000000150636.jpg
994.810546875	0.0	image/549	549	509343	train2017/000000197068.jpg
995.640625	0.0	image/566	566	509768	train2017/000000399835.jpg
996.423828125	0.0	image/571	571	510169	train2017/000000229233.jpg
997.23828125	0.0	image/551	551	510586	train2017/000000134169.jpg
998.0390625	0.0	image/496	496	510996	train2017/000000380989.jpg
998.84375	0.0	image/586	586	511408	train2017/000000154556.jpg
999.654296875	0.0	image/582	582	511823	train2017/000000140590.jpg
1000.439453125	0.0	image/594	594	512225	train2017/000000404823.jpg
1002.072265625	0.0	image/595	595	513061	train2017/000000142803.jpg
1002.87890625	0.0	image/538	538	513474	train2017/000000130973.jpg
1003.689453125	0.0	image/523	523	513889	train2017/000000125703.jpg
1004.47265625	0.0	image/503	503	514290	train2017/000000382890.jpg
1005.279296875	0.0	image/600	600	514703	train2017/000000143420.jpg
1006.041015625	0.0	image/531	531	515093	train2017/000000391754.jpg
1006.859375	0.0	image/509	509	515512	train2017/000000384235.jpg
1007.6640625	0.0	image/505	505	515924	train2017/000000120987.jpg
1008.447265625	0.0	image/521	521	516325	train2017/000000387318.jpg
1009.259765625	0.0	image/506	506	516741	train2017/000000383641.jpg
1010.0390625	0.0	image/510	510	517140	train2017/000000544738.jpg
1010.84765625	0.0	image/527	527	517554	train2017/000000390120.jpg
1011.681640625	0.0	image/600	600	517981	train2017/000000143420.jpg
1012.46484375	0.0	image/498	498	518382	train2017/000000119669.jpg
1014.08203125	0.0	image/568	568	519210	train2017/000000399984.jpg
1014.865234375	0.0	image/554	554	519611	train2017/000000135032.jpg
1015.693359375	0.0	image/556	556	520035	train2017/000000135316.jpg
1016.478515625	0.0	image/557	557	520437	train2017/000000022627.jpg
1017.27734375	0.0	image/500	500	520846	train2017/000000381961.jpg
1018.06640625	0.0	image/535	535	521250	train2017/000000392851.jpg
1019.68359375	0.0	image/513	513	522078	train2017/000000282631.jpg
1020.48046875	0.0	image/569	569	522486	train2017/000000138153.jpg
1021.30078125	0.0	image/539	539	522906	train2017/000000131011.jpg
1022.111328125	0.0	image/507	507	523321	train2017/000000383652.jpg
1022.935546875	0.0	image/526	526	523743	train2017/000000389582.jpg
1023.728515625	0.0	image/562	562	524149	train2017/000000022696.jpg
1024.498046875	0.0	image/567	567	524543	train2017/000000137706.jpg
1025.318359375	0.0	image/542	542	524963	train2017/000000284089.jpg
1026.11328125	0.0	image/512	512	525370	train2017/000000122811.jpg
1026.9140625	0.0	image/595	595	525780	train2017/000000142803.jpg
1027.703125	0.0	image/564	564	526184	train2017/000000399162.jpg
1028.53125	0.0	image/527	527	526608	train2017/000000390120.jpg
1029.353515625	0.0	image/575	575	527029	train2017/000000139551.jpg
1030.13671875	0.0	image/523	523	527430	train2017/000000125703.jpg
1030.931640625	0.0	image/481	481	527837	train2017/000000114274.jpg
1031.701171875	0.0	image/594	594	528231	train2017/000000404823.jpg
1033.3046875	0.0	image/547	547	529052	train2017/000000395758.jpg
1034.1015625	0.0	image/583	583	529460	train2017/000000198195.jpg
1034.87109375	0.0	image/496	496	529854	train2017/000000380989.jpg
1035.705078125	0.0	image/565	565	530281	train2017/000000197656.jpg
1036.521484375	0.0	image/501	501	530699	train2017/000000353175.jpg
1037.306640625	0.0	image/555	555	531101	train2017/000000397192.jpg
1038.099609375	0.0	image/508	508	531507	train2017/000000413472.jpg
1038.884765625	0.0	image/528	528	531909	train2017/000000239828.jpg
1039.65625	0.0	image/502	502	532304	train2017/000000120655.jpg
1040.484375	0.0	image/534	534	532728	train2017/000000130681.jpg
1041.25	0.0	image/482	482	533120	train2017/000000376643.jpg
1042.01953125	0.0	image/515	515	533514	train2017/000000123692.jpg
1042.82421875	0.0	image/559	559	533926	train2017/000000135965.jpg
1043.65234375	0.0	image/543	543	534350	train2017/000000131763.jpg
1044.458984375	0.0	image/516	516	534763	train2017/000000385864.jpg
1045.26953125	0.0	image/500	500	535178	train2017/000000381961.jpg
1046.0703125	0.0	image/486	486	535588	train2017/000000377703.jpg
1046.859375	0.0	image/501	501	535992	train2017/000000353175.jpg
1047.693359375	0.0	image/574	574	536419	train2017/000000139344.jpg
1048.525390625	0.0	image/520	520	536845	train2017/000000125042.jpg
1049.353515625	0.0	image/577	577	537269	train2017/000000139561.jpg
1050.16015625	0.0	image/488	488	537682	train2017/000000115649.jpg
1050.9375	0.0	image/566	566	538080	train2017/000000399835.jpg
1051.72265625	0.0	image/525	525	538482	train2017/000000388980.jpg
1052.5234375	0.0	image/552	552	538892	train2017/000000396550.jpg
1053.322265625	0.0	image/532	532	539301	train2017/000000130181.jpg
1054.107421875	0.0	image/485	485	539703	train2017/000000377576.jpg
1054.927734375	0.0	image/582	582	540123	train2017/000000140590.jpg
1055.76171875	0.0	image/548	548	540550	train2017/000000395775.jpg
1056.578125	0.0	image/596	596	540968	train2017/000000405215.jpg
1057.388671875	0.0	image/545	545	541383	train2017/000000131967.jpg
1058.15625	0.0	image/519	519	541776	train2017/000000124747.jpg
1059.796875	0.0	image/558	558	542616	train2017/000000398083.jpg
1060.62890625	0.0	image/516	516	543042	train2017/000000385864.jpg
1061.439453125	0.0	image/573	573	543457	train2017/000000138904.jpg
1063.0625	0.0	image/540	540	544288	train2017/000000021826.jpg
1064.630859375	0.0	image/591	591	545091	train2017/000000404282.jpg
1065.45703125	0.0	image/564	564	545514	train2017/000000399162.jpg
1066.2265625	0.0	image/511	511	545908	train2017/000000122776.jpg
1067.01171875	0.0	image/546	546	546310	train2017/000000133281.jpg
1067.84765625	0.0	image/484	484	546738	train2017/000000114822.jpg
1068.626953125	0.0	image/561	561	547137	train2017/000000136142.jpg
1069.44921875	0.0	image/514	514	547558	train2017/000000282707.jpg
1071.04296875	0.0	image/550	550	548374	train2017/000000066014.jpg
1071.849609375	0.0	image/552	552	548787	train2017/000000396550.jpg
1072.666015625	0.0	image/546	546	549205	train2017/000000133281.jpg
1073.44140625	0.0	image/506	506	549602	train2017/000000383641.jpg
1074.216796875	0.0	image/487	487	549999	train2017/000000115637.jpg
1074.994140625	0.0	image/573	573	550397	train2017/000000138904.jpg
1075.783203125	0.0	image/593	593	550801	train2017/000000196777.jpg
1076.583984375	0.0	image/587	587	551211	train2017/000000403535.jpg
1077.39453125	0.0	image/550	550	551626	train2017/000000066014.jpg
1078.16796875	0.0	image/592	592	552022	train2017/000000504289.jpg
1078.9453125	0.0	image/536	536	552420	train2017/000000196584.jpg
1079.732421875	0.0	image/588	588	552823	train2017/000000403739.jpg
1080.53515625	0.0	image/483	483	553234	train2017/000000376858.jpg
1081.314453125	0.0	image/580	580	553633	train2017/000000402057.jpg
1082.0859375	0.0	image/590	590	554028	train2017/000000404007.jpg
1082.90234375	0.0	image/580	580	554446	train2017/000000402057.jpg
1083.73046875	0.0	image/585	585	554870	train2017/000000140724.jpg
1091.251953125	0.0	image/663	663	558721	train2017/000000463620.jpg
1092.03515625	0.0	image/690	690	559122	train2017/000000043829.jpg
1092.84765625	0.0	image/714	714	559538	train2017/000000437516.jpg
1093.61328125	0.0	image/611	611	559930	train2017/000000408922.jpg
1094.396484375	0.0	image/712	712	560331	train2017/000000174522.jpg
1095.21875	0.0	image/614	614	560752	train2017/000000147694.jpg
1096.029296875	0.0	image/618	618	561167	train2017/000000149791.jpg
1096.818359375	0.0	image/675	675	561571	train2017/000000163250.jpg
1097.630859375	0.0	image/666	666	561987	train2017/000000161062.jpg
1098.44921875	0.0	image/680	680	562406	train2017/000000485595.jpg
1099.265625	0.0	image/682	682	562824	train2017/000000014269.jpg
1100.046875	0.0	image/705	705	563224	train2017/000000028930.jpg
1100.849609375	0.0	image/622	622	563635	train2017/000000150559.jpg
1101.654296875	0.0	image/610	610	564047	train2017/000000146256.jpg
1102.482421875	0.0	image/693	693	564471	train2017/000000431764.jpg
1104.087890625	0.0	image/709	709	565293	train2017/000000174303.jpg
1104.90234375	0.0	image/648	648	565710	train2017/000000417700.jpg
1105.716796875	0.0	image/697	697	566127	train2017/000000433019.jpg
1106.490234375	0.0	image/655	655	566523	train2017/000000157181.jpg
1107.306640625	0.0	image/717	717	566941	train2017/000000438154.jpg
1108.1015625	0.0	image/624	624	567348	train2017/000000412857.jpg
1108.890625	0.0	image/608	608	567752	train2017/000000024287.jpg
1109.70703125	0.0	image/643	643	568170	train2017/000000416279.jpg
1110.490234375	0.0	image/639	639	568571	train2017/000000415026.jpg
1111.287109375	0.0	image/646	646	568979	train2017/000000417141.jpg
1112.08984375	0.0	image/680	680	569390	train2017/000000485595.jpg
1112.88671875	0.0	image/669	669	569798	train2017/000000161328.jpg
1113.685546875	0.0	image/710	710	570207	train2017/000000436578.jpg
1114.45703125	0.0	image/635	635	570602	train2017/000000152328.jpg
1115.2578125	0.0	image/701	701	571012	train2017/000000079701.jpg
1116.03515625	0.0	image/649	649	571410	train2017/000000418115.jpg
1116.80859375	0.0	image/634	634	571806	train2017/000000152273.jpg
1118.41015625	0.0	image/695	695	572626	train2017/000000284987.jpg
1119.23828125	0.0	image/684	684	573050	train2017/000000166489.jpg
1120.009765625	0.0	image/715	715	573445	train2017/000000175715.jpg
1120.79296875	0.0	image/614	614	573846	train2017/000000147694.jpg
1121.603515625	0.0	image/611	611	574261	train2017/000000408922.jpg
1122.427734375	0.0	image/631	631	574683	train2017/000000151414.jpg
1123.205078125	0.0	image/601	601	575081	train2017/000000143594.jpg
1124.009765625	0.0	image/651	651	575493	train2017/000000156084.jpg
1124.828125	0.0	image/715	715	575912	train2017/000000175715.jpg
1126.44140625	0.0	image/718	718	576738	train2017/000000176085.jpg
1127.2421875	0.0	image/650	650	577148	train2017/000000419212.jpg
1128.05859375	0.0	image/609	609	577566	train2017/000000504888.jpg
1128.828125	0.0	image/648	648	577960	train2017/000000417700.jpg
1130.4296875	0.0	image/620	620	578780	train2017/000000153394.jpg
1131.24609375	0.0	image/687	687	579198	train2017/000000428726.jpg
1132.025390625	0.0	image/605	605	579597	train2017/000000406595.jpg
1133.646484375	0.0	image/673	673	580427	train2017/000000424138.jpg
1134.458984375	0.0	image/602	602	580843	train2017/000000406292.jpg
1135.28125	0.0	image/668	668	581264	train2017/000000423222.jpg
1136.109375	0.0	image/636	636	581688	train2017/000000549729.jpg
1137.728515625	0.0	image/623	623	582517	train2017/000000412855.jpg
1138.509765625	0.0	image/612	612	582917	train2017/000000408965.jpg
1139.33203125	0.0	image/704	704	583338	train2017/000000420713.jpg
1140.142578125	0.0	image/613	613	583753	train2017/000000147331.jpg
1140.943359375	0.0	image/706	706	584163	train2017/000000435902.jpg
1141.70703125	0.0	image/603	603	584554	train2017/000000144193.jpg
1142.513671875	0.0	image/605	605	584967	train2017/000000406595.jpg
1143.330078125	0.0	image/609	609	585385	train2017/000000504888.jpg
1144.150390625	0.0	image/683	683	585805	train2017/000000428605.jpg
1144.9609375	0.0	image/653	653	586220	train2017/000000157119.jpg
1145.783203125	0.0	image/649	649	586641	train2017/000000418115.jpg
1146.595703125	0.0	image/642	642	587057	train2017/000000154011.jpg
1147.359375	0.0	image/650	650	587448	train2017/000000419212.jpg
1148.126953125	0.0	image/619	619	587841	train2017/000000149810.jpg
1148.892578125	0.0	image/669	669	588233	train2017/000000161328.jpg
1150.4765625	0.0	image/703	703	589044	train2017/000000171374.jpg
1151.2265625	0.0	image/624	624	589428	train2017/000000412857.jpg
1152.044921875	0.0	image/620	620	589847	train2017/000000153394.jpg
1152.810546875	0.0	image/657	657	590239	train2017/000000419586.jpg
1153.59375	0.0	image/653	653	590640	train2017/000000157119.jpg
1154.376953125	0.0	image/717	717	591041	train2017/000000438154.jpg
1155.177734375	0.0	image/656	656	591451	train2017/000000157342.jpg
1155.978515625	0.0	image/682	682	591861	train2017/000000014269.jpg
1156.74609375	0.0	image/710	710	592254	train2017/000000436578.jpg
1157.544921875	0.0	image/685	685	592663	train2017/000000166504.jpg
1158.3125	0.0	image/625	625	593056	train2017/000000369367.jpg
1159.11328125	0.0	image/633	633	593466	train2017/000000414176.jpg
1159.9296875	0.0	image/707	707	593884	train2017/000000173987.jpg
1160.73046875	0.0	image/612	612	594294	train2017/000000408965.jpg
1162.296875	0.0	image/697	697	595096	train2017/000000433019.jpg
1163.064453125	0.0	image/691	691	595489	train2017/000000168690.jpg
1163.86328125	0.0	image/720	720	595898	train2017/000000176728.jpg
1164.6640625	0.0	image/654	654	596308	train2017/000000157125.jpg
1165.46484375	0.0	image/708	708	596718	train2017/000000174213.jpg
1167.048828125	0.0	image/720	720	597529	train2017/000000176728.jpg
1168.56640625	0.0	image/601	601	598306	train2017/000000143594.jpg
1169.349609375	0.0	image/608	608	598707	train2017/000000024287.jpg
1170.916015625	0.0	image/705	705	599509	train2017/000000028930.jpg
1171.69921875	0.0	image/686	686	599910	train2017/000000428691.jpg
1172.451171875	0.0	image/640	640	600295	train2017/000000162230.jpg
1174.033203125	0.0	image/625	625	601105	train2017/000000369367.jpg
1174.79296875	0.0	image/637	637	601494	train2017/000000506039.jpg
1175.60546875	0.0	image/673	673	601910	train2017/000000424138.jpg
1176.390625	0.0	image/631	631	602312	train2017/000000151414.jpg
1177.98828125	0.0	image/651	651	603130	train2017/000000156084.jpg
1178.787109375	0.0	image/644	644	603539	train2017/000000154207.jpg
1179.578125	0.0	image/606	606	603944	train2017/000000407778.jpg
1180.361328125	0.0	image/641	641	604345	train2017/000000415608.jpg
1181.177734375	0.0	image/617	617	604763	train2017/000000411475.jpg
1181.99609375	0.0	image/657	657	605182	train2017/000000419586.jpg
1182.779296875	0.0	image/703	703	605583	train2017/000000171374.jpg
1183.595703125	0.0	image/662	662	606001	train2017/000000160181.jpg
1184.373046875	0.0	image/700	700	606399	train2017/000000170968.jpg
1185.1953125	0.0	image/665	665	606820	train2017/000000160735.jpg
1186.830078125	0.0	image/646	646	607657	train2017/000000417141.jpg
1187.6640625	0.0	image/663	663	608084	train2017/000000463620.jpg
1188.462890625	0.0	image/699	699	608493	train2017/000000170917.jpg
1189.263671875	0.0	image/681	681	608903	train2017/000000427729.jpg
1190.091796875	0.0	image/674	674	609327	train2017/000000425135.jpg
1190.861328125	0.0	image/668	668	609721	train2017/000000423222.jpg
1191.646484375	0.0	image/692	692	610123	train2017/000000169262.jpg
1192.431640625	0.0	image/632	632	610525	train2017/000000068996.jpg
1193.259765625	0.0	image/701	701	610949	train2017/000000079701.jpg
1194.064453125	0.0	image/647	647	611361	train2017/000000417264.jpg
1194.892578125	0.0	image/686	686	611785	train2017/000000428691.jpg
1195.6796875	0.0	image/711	711	612188	train2017/000000174504.jpg
1197.27734375	0.0	image/639	639	613006	train2017/000000415026.jpg
1198.044921875	0.0	image/634	634	613399	train2017/000000152273.jpg
1199.6328125	0.0	image/704	704	614212	train2017/000000420713.jpg
1200.447265625	0.0	image/638	638	614629	train2017/000000414853.jpg
1202.044921875	0.0	image/688	688	615447	train2017/000000166764.jpg
1202.8671875	0.0	image/630	630	615868	train2017/000000462134.jpg
1203.65234375	0.0	image/672	672	616270	train2017/000000424110.jpg
1204.451171875	0.0	image/685	685	616679	train2017/000000166504.jpg
1205.28515625	0.0	image/660	660	617106	train2017/000000422268.jpg
1206.068359375	0.0	image/719	719	617507	train2017/000000438751.jpg
1206.87890625	0.0	image/713	713	617922	train2017/000000291280.jpg
1207.703125	0.0	image/695	695	618344	train2017/000000284987.jpg
1208.515625	0.0	image/659	659	618760	train2017/000000159680.jpg
1209.28125	0.0	image/667	667	619152	train2017/000000423209.jpg
1210.103515625	0.0	image/678	678	619573	train2017/000000164502.jpg
1210.935546875	0.0	image/652	652	619999	train2017/000000113449.jpg
1211.765625	0.0	image/693	693	620424	train2017/000000431764.jpg
1212.56640625	0.0	image/604	604	620834	train2017/000000406445.jpg
1213.388671875	0.0	image/656	656	621255	train2017/000000157342.jpg
1214.18359375	0.0	image/670	670	621662	train2017/000000423488.jpg
1214.96875	0.0	image/698	698	622064	train2017/000000433021.jpg
1215.755859375	0.0	image/690	690	622467	train2017/000000043829.jpg
1216.58203125	0.0	image/691	691	622890	train2017/000000168690.jpg
1217.35546875	0.0	image/602	602	623286	train2017/000000406292.jpg
1218.171875	0.0	image/674	674	623704	train2017/000000425135.jpg
1218.966796875	0.0	image/713	713	624111	train2017/000000291280.jpg
1219.736328125	0.0	image/679	679	624505	train2017/000000164564.jpg
1220.552734375	0.0	image/637	637	624923	train2017/000000506039.jpg
1221.3671875	0.0	image/623	623	625340	train2017/000000412855.jpg
1222.13671875	0.0	image/661	661	625734	train2017/000000160142.jpg
1222.935546875	0.0	image/665	665	626143	train2017/000000160735.jpg
1223.734375	0.0	image/607	607	626552	train2017/000000461187.jpg
1224.517578125	0.0	image/617	617	626953	train2017/000000411475.jpg
1225.32421875	0.0	image/641	641	627366	train2017/000000415608.jpg
1226.103515625	0.0	image/666	666	627765	train2017/000000161062.jpg
1226.892578125	0.0	image/702	702	628169	train2017/000000171328.jpg
1227.708984375	0.0	image/629	629	628587	train2017/000000151307.jpg
1228.51953125	0.0	image/615	615	629002	train2017/000000148263.jpg
1229.3203125	0.0	image/621	621	629412	train2017/000000150196.jpg
1230.08984375	0.0	image/718	718	629806	train2017/000000176085.jpg
1230.876953125	0.0	image/661	661	630209	train2017/000000160142.jpg
1231.669921875	0.0	image/629	629	630615	train2017/000000151307.jpg
1232.443359375	0.0	image/675	675	631011	train2017/000000163250.jpg
1233.23828125	0.0	image/688	688	631418	train2017/000000166764.jpg
1234.0390625	0.0	image/606	606	631828	train2017/000000407778.jpg
1234.857421875	0.0	image/627	627	632247	train2017/000000150931.jpg
1235.677734375	0.0	image/664	664	632667	train2017/000000551063.jpg
1236.453125	0.0	image/638	638	633064	train2017/000000414853.jpg
1238.087890625	0.0	image/645	645	633901	train2017/000000416972.jpg
1238.87890625	0.0	image/692	692	634306	train2017/000000169262.jpg
1239.6953125	0.0	image/618	618	634724	train2017/000000149791.jpg
1240.474609375	0.0	image/636	636	635123	train2017/000000549729.jpg
1241.240234375	0.0	image/626	626	635515	train2017/000000412922.jpg
1242.041015625	0.0	image/679	679	635925	train2017/000000164564.jpg
1242.86328125	0.0	image/604	604	636346	train2017/000000406445.jpg
1243.658203125	0.0	image/643	643	636753	train2017/000000416279.jpg
1244.439453125	0.0	image/622	622	637153	train2017/000000150559.jpg
1245.193359375	0.0	image/712	712	637539	train2017/000000174522.jpg
1245.994140625	0.0	image/642	642	637949	train2017/000000154011.jpg
1246.8125	0.0	image/678	678	638368	train2017/000000164502.jpg
1247.591796875	0.0	image/684	684	638767	train2017/000000166489.jpg
1248.40625	0.0	image/699	699	639184	train2017/000000170917.jpg
1249.173828125	0.0	image/706	706	639577	train2017/000000435902.jpg
1249.97265625	0.0	image/607	607	639986	train2017/000000461187.jpg
1250.724609375	0.0	image/709	709	640371	train2017/000000174303.jpg
1251.51171875	0.0	image/677	677	640774	train2017/000000425712.jpg
1253.07421875	0.0	image/645	645	641574	train2017/000000416972.jpg
1253.896484375	0.0	image/628	628	641995	train2017/000000151163.jpg
1254.708984375	0.0	image/610	610	642411	train2017/000000146256.jpg
1255.474609375	0.0	image/716	716	642803	train2017/000000437967.jpg
1256.244140625	0.0	image/627	627	643197	train2017/000000150931.jpg
1257.01171875	0.0	image/677	677	643590	train2017/000000425712.jpg
1257.830078125	0.0	image/700	700	644009	train2017/000000170968.jpg
1258.646484375	0.0	image/689	689	644427	train2017/000000508456.jpg
1259.4609375	0.0	image/632	632	644844	train2017/000000068996.jpg
1260.26171875	0.0	image/662	662	645254	train2017/000000160181.jpg
1261.068359375	0.0	image/633	633	645667	train2017/000000414176.jpg
1261.869140625	0.0	image/630	630	646077	train2017/000000462134.jpg
1262.703125	0.0	image/698	698	646504	train2017/000000433021.jpg
1263.529296875	0.0	image/694	694	646927	train2017/000000431825.jpg
1264.298828125	0.0	image/714	714	647321	train2017/000000437516.jpg
1265.080078125	0.0	image/603	603	647721	train2017/000000144193.jpg
1265.88671875	0.0	image/670	670	648134	train2017/000000423488.jpg
1266.703125	0.0	image/640	640	648552	train2017/000000162230.jpg
1267.50390625	0.0	image/647	647	648962	train2017/000000417264.jpg
1268.3046875	0.0	image/719	719	649372	train2017/000000438751.jpg
1269.1171875	0.0	image/711	711	649788	train2017/000000174504.jpg
1269.93359375	0.0	image/671	671	650206	train2017/000000161836.jpg
1270.71484375	0.0	image/616	616	650606	train2017/000000149221.jpg
1271.517578125	0.0	image/676	676	651017	train2017/000000163263.jpg
1272.33203125	0.0	image/659	659	651434	train2017/000000159680.jpg
1273.15625	0.0	image/626	626	651856	train2017/000000412922.jpg
1273.984375	0.0	image/628	628	652280	train2017/000000151163.jpg
1274.7890625	0.0	image/658	658	652692	train2017/000000563961.jpg
1276.373046875	0.0	image/707	707	653503	train2017/000000173987.jpg
1277.173828125	0.0	image/676	676	653913	train2017/000000163263.jpg
1277.974609375	0.0	image/696	696	654323	train2017/000000028367.jpg
1278.8046875	0.0	image/660	660	654748	train2017/000000422268.jpg
1280.375	0.0	image/621	621	655552	train2017/000000150196.jpg
1281.19140625	0.0	image/664	664	655970	train2017/000000551063.jpg
1282.787109375	0.0	image/683	683	656787	train2017/000000428605.jpg
1284.376953125	0.0	image/652	652	657601	train2017/000000113449.jpg
1285.16015625	0.0	image/694	694	658002	train2017/000000431825.jpg
1285.970703125	0.0	image/708	708	658417	train2017/000000174213.jpg
1286.759765625	0.0	image/681	681	658821	train2017/000000427729.jpg
1287.5859375	0.0	image/702	702	659244	train2017/000000171328.jpg
1288.388671875	0.0	image/615	615	659655	train2017/000000148263.jpg
1289.193359375	0.0	image/644	644	660067	train2017/000000154207.jpg
1289.994140625	0.0	image/613	613	660477	train2017/000000147331.jpg
1290.806640625	0.0	image/671	671	660893	train2017/000000161836.jpg
1291.62890625	0.0	image/616	616	661314	train2017/000000149221.jpg
1292.421875	0.0	image/687	687	661720	train2017/000000428726.jpg
1293.228515625	0.0	image/658	658	662133	train2017/000000563961.jpg
1294.01171875	0.0	image/635	635	662534	train2017/000000152328.jpg
1295.576171875	0.0	image/716	716	663335	train2017/000000437967.jpg
1296.37890625	0.0	image/619	619	663746	train2017/000000149810.jpg
1297.16015625	0.0	image/696	696	664146	train2017/000000028367.jpg
1297.974609375	0.0	image/667	667	664563	train2017/000000423209.jpg
1298.796875	0.0	image/689	689	664984	train2017/000000508456.jpg
1299.607421875	0.0	image/672	672	665399	train2017/000000424110.jpg
1300.4140625	0.0	image/654	654	665812	train2017/000000157125.jpg
1301.224609375	0.0	image/655	655	666227	train2017/000000157181.jpg
1308.431640625	0.0	image/794	794	669917	train2017/000000195650.jpg
1309.259765625	0.0	image/758	758	670341	train2017/000000186828.jpg
1310.02734375	0.0	image/777	777	670734	train2017/000000453682.jpg
1310.828125	0.0	image/829	829	671144	train2017/000000206467.jpg
1311.615234375	0.0	image/838	838	671547	train2017/000000208849.jpg
1312.423828125	0.0	image/818	818	671961	train2017/000000465412.jpg
1313.25	0.0	image/775	775	672384	train2017/000000453221.jpg
1314.080078125	0.0	image/794	794	672809	train2017/000000195650.jpg
1314.900390625	0.0	image/785	785	673229	train2017/000000119550.jpg
1315.6796875	0.0	image/751	751	673628	train2017/000000185225.jpg
1316.484375	0.0	image/761	761	674040	train2017/000000188225.jpg
1317.28515625	0.0	image/797	797	674450	train2017/000000458178.jpg
1318.095703125	0.0	image/722	722	674865	train2017/000000073172.jpg
1319.71875	0.0	image/736	736	675696	train2017/000000180609.jpg
1320.517578125	0.0	image/751	751	676105	train2017/000000185225.jpg
1321.298828125	0.0	image/830	830	676505	train2017/000000468825.jpg
1322.0859375	0.0	image/758	758	676908	train2017/000000186828.jpg
1322.896484375	0.0	image/759	759	677323	train2017/000000449914.jpg
1323.703125	0.0	image/740	740	677736	train2017/000000161354.jpg
1324.513671875	0.0	image/791	791	678151	train2017/000000194054.jpg
1326.12109375	0.0	image/778	778	678974	train2017/000000191686.jpg
1327.73828125	0.0	image/813	813	679802	train2017/000000557920.jpg
1328.564453125	0.0	image/742	742	680225	train2017/000000181837.jpg
1329.3671875	0.0	image/753	753	680636	train2017/000000006178.jpg
1330.181640625	0.0	image/737	737	681053	train2017/000000443377.jpg
1330.96484375	0.0	image/740	740	681454	train2017/000000161354.jpg
1331.734375	0.0	image/734	734	681848	train2017/000000442489.jpg
1332.5390625	0.0	image/808	808	682260	train2017/000000461428.jpg
1333.322265625	0.0	image/834	834	682661	train2017/000000469816.jpg
1334.154296875	0.0	image/766	766	683087	train2017/000000451680.jpg
1335.705078125	0.0	image/732	732	683881	train2017/000000179480.jpg
1336.501953125	0.0	image/749	749	684289	train2017/000000447130.jpg
1337.28515625	0.0	image/836	836	684690	train2017/000000470907.jpg
1338.1015625	0.0	image/795	795	685108	train2017/000000195768.jpg
1338.908203125	0.0	image/769	769	685521	train2017/000000189893.jpg
1339.716796875	0.0	image/779	779	685935	train2017/000000191740.jpg
1340.51953125	0.0	image/763	763	686346	train2017/000000450864.jpg
1341.337890625	0.0	image/792	792	686765	train2017/000000194108.jpg
1342.125	0.0	image/811	811	687168	train2017/000000201722.jpg
1342.94140625	0.0	image/771	771	687586	train2017/000000190271.jpg
1343.775390625	0.0	image/774	774	688013	train2017/000000191005.jpg
1344.609375	0.0	image/779	779	688440	train2017/000000191740.jpg
1345.42578125	0.0	image/764	764	688858	train2017/000000450903.jpg
1346.2265625	0.0	image/761	761	689268	train2017/000000188225.jpg
1347.060546875	0.0	image/833	833	689695	train2017/000000207549.jpg
1347.826171875	0.0	image/781	781	690087	train2017/000000192631.jpg
1348.66015625	0.0	image/805	805	690514	train2017/000000460408.jpg
1349.443359375	0.0	image/760	760	690915	train2017/000000276853.jpg
1350.220703125	0.0	image/730	730	691313	train2017/000000441172.jpg
1351.0390625	0.0	image/725	725	691732	train2017/000000440334.jpg
1351.806640625	0.0	image/839	839	692125	train2017/000000209229.jpg
1353.45703125	0.0	image/772	772	692970	train2017/000000190487.jpg
1354.24609375	0.0	image/776	776	693374	train2017/000000468771.jpg
1355.041015625	0.0	image/775	775	693781	train2017/000000453221.jpg
1355.8125	0.0	image/748	748	694176	train2017/000000184822.jpg
1356.646484375	0.0	image/728	728	694603	train2017/000000395740.jpg
1357.439453125	0.0	image/762	762	695009	train2017/000000188660.jpg
1358.24609375	0.0	image/783	783	695422	train2017/000000454915.jpg
1359.064453125	0.0	image/785	785	695841	train2017/000000119550.jpg
1359.896484375	0.0	image/747	747	696267	train2017/000000183719.jpg
1360.7109375	0.0	image/731	731	696684	train2017/000000179034.jpg
1361.494140625	0.0	image/773	773	697085	train2017/000000303133.jpg
1362.330078125	0.0	image/820	820	697513	train2017/000000203937.jpg
1363.109375	0.0	image/735	735	697912	train2017/000000180410.jpg
1364.748046875	0.0	image/757	757	698751	train2017/000000442666.jpg
1365.564453125	0.0	image/840	840	699169	train2017/000000471871.jpg
1366.349609375	0.0	image/824	824	699571	train2017/000000204806.jpg
1367.1328125	0.0	image/811	811	699972	train2017/000000201722.jpg
1367.96484375	0.0	image/744	744	700398	train2017/000000182799.jpg
1368.78125	0.0	image/784	784	700816	train2017/000000455020.jpg
1369.595703125	0.0	image/823	823	701233	train2017/000000204422.jpg
1370.3671875	0.0	image/754	754	701628	train2017/000000185888.jpg
1371.150390625	0.0	image/768	768	702029	train2017/000000189888.jpg
1371.978515625	0.0	image/806	806	702453	train2017/000000198319.jpg
1372.74609375	0.0	image/784	784	702846	train2017/000000455020.jpg
1373.5625	0.0	image/835	835	703264	train2017/000000129143.jpg
1374.345703125	0.0	image/813	813	703665	train2017/000000557920.jpg
1375.146484375	0.0	image/817	817	704075	train2017/000000202805.jpg
1375.935546875	0.0	image/838	838	704479	train2017/000000208849.jpg
1376.728515625	0.0	image/724	724	704885	train2017/000000178031.jpg
1377.513671875	0.0	image/840	840	705287	train2017/000000471871.jpg
1378.3203125	0.0	image/834	834	705700	train2017/000000469816.jpg
1379.146484375	0.0	image/839	839	706123	train2017/000000209229.jpg
1379.935546875	0.0	image/825	825	706527	train2017/000000467646.jpg
1380.720703125	0.0	image/768	768	706929	train2017/000000189888.jpg
1381.513671875	0.0	image/792	792	707335	train2017/000000194108.jpg
1382.296875	0.0	image/796	796	707736	train2017/000000338501.jpg
1383.12109375	0.0	image/788	788	708158	train2017/000000193373.jpg
1383.94921875	0.0	image/755	755	708582	train2017/000000055764.jpg
1384.73828125	0.0	image/804	804	708986	train2017/000000460236.jpg
1385.521484375	0.0	image/763	763	709387	train2017/000000450864.jpg
1386.30078125	0.0	image/782	782	709786	train2017/000000454830.jpg
1387.888671875	0.0	image/752	752	710599	train2017/000000036151.jpg
1388.716796875	0.0	image/815	815	711023	train2017/000000202050.jpg
1389.5390625	0.0	image/727	727	711444	train2017/000000440792.jpg
1390.3515625	0.0	image/790	790	711860	train2017/000000455799.jpg
1391.15625	0.0	image/750	750	712272	train2017/000000447182.jpg
1391.97265625	0.0	image/812	812	712690	train2017/000000201758.jpg
1392.787109375	0.0	image/827	827	713107	train2017/000000296474.jpg
1393.57421875	0.0	image/769	769	713510	train2017/000000189893.jpg
1395.169921875	0.0	image/745	745	714327	train2017/000000445351.jpg
1396.724609375	0.0	image/773	773	715123	train2017/000000303133.jpg
1397.51953125	0.0	image/826	826	715530	train2017/000000205875.jpg
1398.32421875	0.0	image/821	821	715942	train2017/000000077686.jpg
1399.109375	0.0	image/725	725	716344	train2017/000000440334.jpg
1399.90234375	0.0	image/778	778	716750	train2017/000000191686.jpg
1400.671875	0.0	image/756	756	717144	train2017/000000448401.jpg
1401.4921875	0.0	image/750	750	717564	train2017/000000447182.jpg
1402.322265625	0.0	image/729	729	717989	train2017/000000179019.jpg
1403.142578125	0.0	image/803	803	718409	train2017/000000197401.jpg
1403.970703125	0.0	image/780	780	718833	train2017/000000192576.jpg
1405.611328125	0.0	image/753	753	719673	train2017/000000006178.jpg
1406.427734375	0.0	image/800	800	720091	train2017/000000458616.jpg
1407.228515625	0.0	image/765	765	720501	train2017/000000450914.jpg
1408.005859375	0.0	image/767	767	720899	train2017/000000189794.jpg
1408.8125	0.0	image/796	796	721312	train2017/000000338501.jpg
1409.64453125	0.0	image/830	830	721738	train2017/000000468825.jpg
1411.294921875	0.0	image/829	829	722583	train2017/000000206467.jpg
1412.11328125	0.0	image/733	733	723002	train2017/000000179914.jpg
1412.923828125	0.0	image/823	823	723417	train2017/000000204422.jpg
1413.70703125	0.0	image/814	814	723818	train2017/000000201969.jpg
1415.296875	0.0	image/783	783	724632	train2017/000000454915.jpg
1416.07421875	0.0	image/752	752	725030	train2017/000000036151.jpg
1416.857421875	0.0	image/770	770	725431	train2017/000000452341.jpg
1417.6640625	0.0	image/722	722	725844	train2017/000000073172.jpg
1418.4921875	0.0	image/777	777	726268	train2017/000000453682.jpg
1419.275390625	0.0	image/819	819	726669	train2017/000000298139.jpg
1420.865234375	0.0	image/818	818	727483	train2017/000000465412.jpg
1421.68359375	0.0	image/749	749	727902	train2017/000000447130.jpg
1422.509765625	0.0	image/822	822	728325	train2017/000000466265.jpg
1423.33203125	0.0	image/742	742	728746	train2017/000000181837.jpg
1424.140625	0.0	image/786	786	729160	train2017/000000193023.jpg
1424.94921875	0.0	image/728	728	729574	train2017/000000395740.jpg
1425.76171875	0.0	image/760	760	729990	train2017/000000276853.jpg
1426.548828125	0.0	image/743	743	730393	train2017/000000189388.jpg
1427.3671875	0.0	image/790	790	730812	train2017/000000455799.jpg
1428.978515625	0.0	image/745	745	731637	train2017/000000445351.jpg
1430.53515625	0.0	image/817	817	732434	train2017/000000202805.jpg
1432.1171875	0.0	image/762	762	733244	train2017/000000188660.jpg
1433.736328125	0.0	image/824	824	734073	train2017/000000204806.jpg
1434.515625	0.0	image/801	801	734472	train2017/000000459190.jpg
1435.3359375	0.0	image/798	798	734892	train2017/000000196365.jpg
1436.166015625	0.0	image/757	757	735317	train2017/000000442666.jpg
1436.953125	0.0	image/832	832	735720	train2017/000000203615.jpg
1437.73046875	0.0	image/805	805	736118	train2017/000000460408.jpg
1438.537109375	0.0	image/730	730	736531	train2017/000000441172.jpg
1439.353515625	0.0	image/816	816	736949	train2017/000000464616.jpg
1440.1875	0.0	image/806	806	737376	train2017/000000198319.jpg
1440.98828125	0.0	image/724	724	737786	train2017/000000178031.jpg
1441.8046875	0.0	image/746	746	738204	train2017/000000445726.jpg
1442.587890625	0.0	image/822	822	738605	train2017/000000466265.jpg
1443.373046875	0.0	image/759	759	739007	train2017/000000449914.jpg
1444.18359375	0.0	image/754	754	739422	train2017/000000185888.jpg
1444.953125	0.0	image/808	808	739816	train2017/000000461428.jpg
1445.7734375	0.0	image/814	814	740236	train2017/000000201969.jpg
1446.568359375	0.0	image/821	821	740643	train2017/000000077686.jpg
1448.20703125	0.0	image/739	739	741482	train2017/000000443575.jpg
1448.984375	0.0	image/786	786	741880	train2017/000000193023.jpg
1449.806640625	0.0	image/809	809	742301	train2017/000000462505.jpg
1450.6328125	0.0	image/825	825	742724	train2017/000000467646.jpg
1451.404296875	0.0	image/727	727	743119	train2017/000000440792.jpg
1452.19140625	0.0	image/799	799	743522	train2017/000000196368.jpg
1452.974609375	0.0	image/789	789	743923	train2017/000000455657.jpg
1453.751953125	0.0	image/799	799	744321	train2017/000000196368.jpg
1454.537109375	0.0	image/820	820	744723	train2017/000000203937.jpg
1455.341796875	0.0	image/788	788	745135	train2017/000000193373.jpg
1456.12109375	0.0	image/793	793	745534	train2017/000000338439.jpg
1456.91015625	0.0	image/828	828	745938	train2017/000000468394.jpg
1457.70703125	0.0	image/741	741	746346	train2017/000000443940.jpg
1458.52734375	0.0	image/767	767	746766	train2017/000000189794.jpg
1459.35546875	0.0	image/764	764	747190	train2017/000000450903.jpg
1460.15234375	0.0	image/807	807	747598	train2017/000000397815.jpg
1460.921875	0.0	image/791	791	747992	train2017/000000194054.jpg
1462.5078125	0.0	image/729	729	748804	train2017/000000179019.jpg
1463.27734375	0.0	image/726	726	749198	train2017/000000178423.jpg
1464.056640625	0.0	image/835	835	749597	train2017/000000129143.jpg
1464.837890625	0.0	image/809	809	749997	train2017/000000462505.jpg
1465.623046875	0.0	image/827	827	750399	train2017/000000296474.jpg
1466.4296875	0.0	image/831	831	750812	train2017/000000469445.jpg
1467.240234375	0.0	image/755	755	751227	train2017/000000055764.jpg
1468.046875	0.0	image/765	765	751640	train2017/000000450914.jpg
1468.830078125	0.0	image/737	737	752041	train2017/000000443377.jpg
1469.609375	0.0	image/733	733	752440	train2017/000000179914.jpg
1470.408203125	0.0	image/723	723	752849	train2017/000000439241.jpg
1472.009765625	0.0	image/721	721	753669	train2017/000000176873.jpg
1472.80859375	0.0	image/787	787	754078	train2017/000000193318.jpg
1474.412109375	0.0	image/780	780	754899	train2017/000000192576.jpg
1475.228515625	0.0	image/836	836	755317	train2017/000000470907.jpg
1476.78125	0.0	image/723	723	756112	train2017/000000439241.jpg
1477.58203125	0.0	image/735	735	756522	train2017/000000180410.jpg
1478.365234375	0.0	image/776	776	756923	train2017/000000468771.jpg
1479.150390625	0.0	image/832	832	757325	train2017/000000203615.jpg
1479.9765625	0.0	image/756	756	757748	train2017/000000448401.jpg
1481.560546875	0.0	image/837	837	758559	train2017/000000208805.jpg
1482.349609375	0.0	image/766	766	758963	train2017/000000451680.jpg
1483.150390625	0.0	image/831	831	759373	train2017/000000469445.jpg
1483.966796875	0.0	image/800	800	759791	train2017/000000458616.jpg
1484.767578125	0.0	image/826	826	760201	train2017/000000205875.jpg
1485.568359375	0.0	image/781	781	760611	train2017/000000192631.jpg
1486.396484375	0.0	image/815	815	761035	train2017/000000202050.jpg
1487.185546875	0.0	image/726	726	761439	train2017/000000178423.jpg
1487.96484375	0.0	image/819	819	761838	train2017/000000298139.jpg
1488.732421875	0.0	image/744	744	762231	train2017/000000182799.jpg
1489.533203125	0.0	image/721	721	762641	train2017/000000176873.jpg
1490.3203125	0.0	image/731	731	763044	train2017/000000179034.jpg
1491.119140625	0.0	image/810	810	763453	train2017/000000200391.jpg
1491.9140625	0.0	image/734	734	763860	train2017/000000442489.jpg
1492.681640625	0.0	image/736	736	764253	train2017/000000180609.jpg
1493.46484375	0.0	image/747	747	764654	train2017/000000183719.jpg
1494.287109375	0.0	image/738	738	765075	train2017/000000204969.jpg
1495.064453125	0.0	image/802	802	765473	train2017/000000197118.jpg
1495.833984375	0.0	image/795	795	765867	train2017/000000195768.jpg
1496.638671875	0.0	image/743	743	766279	train2017/000000189388.jpg
1497.455078125	0.0	image/787	787	766697	train2017/000000193318.jpg
1498.271484375	0.0	image/738	738	767115	train2017/000000204969.jpg
1499.05078125	0.0	image/801	801	767514	train2017/000000459190.jpg
1499.822265625	0.0	image/828	828	767909	train2017/000000468394.jpg
1500.634765625	0.0	image/807	807	768325	train2017/000000397815.jpg
1501.423828125	0.0	image/798	798	768729	train2017/000000196365.jpg
1502.984375	0.0	image/770	770	769528	train2017/000000452341.jpg
1503.806640625	0.0	image/782	782	769949	train2017/000000454830.jpg
1504.583984375	0.0	image/739	739	770347	train2017/000000443575.jpg
1505.390625	0.0	image/802	802	770760	train2017/000000197118.jpg
1506.19140625	0.0	image/810	810	771170	train2017/000000200391.jpg
1506.9921875	0.0	image/741	741	771580	train2017/000000443940.jpg
1507.802734375	0.0	image/746	746	771995	train2017/000000445726.jpg
1508.57421875	0.0	image/833	833	772390	train2017/000000207549.jpg
1509.359375	0.0	image/816	816	772792	train2017/000000464616.jpg
1510.15234375	0.0	image/812	812	773198	train2017/000000201758.jpg
1510.955078125	0.0	image/774	774	773609	train2017/000000191005.jpg
1511.7265625	0.0	image/837	837	774004	train2017/000000208805.jpg
1512.552734375	0.0	image/771	771	774427	train2017/000000190271.jpg
1513.35546875	0.0	image/772	772	774838	train2017/000000190487.jpg
1514.169921875	0.0	image/803	803	775255	train2017/000000197401.jpg
1514.955078125	0.0	image/732	732	775657	train2017/000000179480.jpg
1515.77734375	0.0	image/748	748	776078	train2017/000000184822.jpg
1516.60546875	0.0	image/789	789	776502	train2017/000000455657.jpg
1517.41015625	0.0	image/797	797	776914	train2017/000000458178.jpg
1518.2109375	0.0	image/793	793	777324	train2017/000000338439.jpg
1518.990234375	0.0	image/804	804	777723	train2017/000000460236.jpg
1526.126953125	0.0	image/847	847	781377	train2017/000000207833.jpg
1526.921875	0.0	image/923	923	781784	train2017/000000231851.jpg
1527.703125	0.0	image/953	953	782184	train2017/000000241026.jpg
1528.47265625	0.0	image/852	852	782578	train2017/000000212440.jpg
1529.2890625	0.0	image/940	940	782996	train2017/000000499730.jpg
1530.072265625	0.0	image/880	880	783397	train2017/000000484300.jpg
1530.876953125	0.0	image/881	881	783809	train2017/000000222921.jpg
1531.677734375	0.0	image/944	944	784219	train2017/000000239337.jpg
1532.51171875	0.0	image/952	952	784646	train2017/000000502860.jpg
1533.294921875	0.0	image/928	928	785047	train2017/000000233104.jpg
1534.10546875	0.0	image/860	860	785462	train2017/000000476481.jpg
1534.927734375	0.0	image/875	875	785883	train2017/000000482858.jpg
1535.755859375	0.0	image/907	907	786307	train2017/000000228133.jpg
1537.373046875	0.0	image/957	957	787135	train2017/000000242631.jpg
1538.197265625	0.0	image/882	882	787557	train2017/000000485113.jpg
1538.98046875	0.0	image/935	935	787958	train2017/000000082945.jpg
1539.771484375	0.0	image/951	951	788363	train2017/000000214821.jpg
1540.54296875	0.0	image/878	878	788758	train2017/000000167908.jpg
1541.361328125	0.0	image/853	853	789177	train2017/000000474827.jpg
1542.1640625	0.0	image/905	905	789588	train2017/000000227843.jpg
1542.98046875	0.0	image/910	910	790006	train2017/000000228565.jpg
1543.814453125	0.0	image/943	943	790433	train2017/000000238201.jpg
1545.416015625	0.0	image/872	872	791253	train2017/000000429887.jpg
1546.244140625	0.0	image/952	952	791677	train2017/000000502860.jpg
1547.060546875	0.0	image/884	884	792095	train2017/000000485605.jpg
1547.83203125	0.0	image/960	960	792490	train2017/000000505592.jpg
1548.666015625	0.0	image/882	882	792917	train2017/000000485113.jpg
1549.4453125	0.0	image/914	914	793316	train2017/000000492037.jpg
1550.263671875	0.0	image/933	933	793735	train2017/000000233873.jpg
1551.083984375	0.0	image/949	949	794155	train2017/000000240278.jpg
1551.861328125	0.0	image/934	934	794553	train2017/000000497464.jpg
1552.650390625	0.0	image/911	911	794957	train2017/000000229456.jpg
1553.478515625	0.0	image/898	898	795381	train2017/000000488406.jpg
1554.294921875	0.0	image/918	918	795799	train2017/000000230422.jpg
1555.869140625	0.0	image/936	936	796605	train2017/000000497797.jpg
1556.6484375	0.0	image/879	879	797004	train2017/000000221441.jpg
1557.41796875	0.0	image/946	946	797398	train2017/000000501867.jpg
1558.21484375	0.0	image/919	919	797806	train2017/000000492627.jpg
1559.03515625	0.0	image/902	902	798226	train2017/000000227307.jpg
1559.83203125	0.0	image/895	895	798634	train2017/000000487825.jpg
1560.615234375	0.0	image/913	913	799035	train2017/000000356810.jpg
1561.404296875	0.0	image/906	906	799439	train2017/000000227928.jpg
1563.00390625	0.0	image/948	948	800258	train2017/000000502058.jpg
1563.837890625	0.0	image/930	930	800685	train2017/000000344729.jpg
1564.634765625	0.0	image/897	897	801093	train2017/000000430850.jpg
1565.416015625	0.0	image/846	846	801493	train2017/000000474024.jpg
1566.21875	0.0	image/912	912	801904	train2017/000000491611.jpg
1567.005859375	0.0	image/862	862	802307	train2017/000000215023.jpg
1567.837890625	0.0	image/875	875	802733	train2017/000000482858.jpg
1568.638671875	0.0	image/947	947	803143	train2017/000000501926.jpg
1569.43359375	0.0	image/896	896	803550	train2017/000000225750.jpg
1570.255859375	0.0	image/924	924	803971	train2017/000000232277.jpg
1571.052734375	0.0	image/945	945	804379	train2017/000000501739.jpg
1571.873046875	0.0	image/916	916	804799	train2017/000000038370.jpg
1572.70703125	0.0	image/873	873	805226	train2017/000000429902.jpg
1573.541015625	0.0	image/847	847	805653	train2017/000000207833.jpg
1574.3515625	0.0	image/849	849	806068	train2017/000000212229.jpg
1575.951171875	0.0	image/916	916	806887	train2017/000000038370.jpg
1576.751953125	0.0	image/863	863	807297	train2017/000000215291.jpg
1577.541015625	0.0	image/874	874	807701	train2017/000000561006.jpg
1578.326171875	0.0	image/909	909	808103	train2017/000000228380.jpg
1579.12109375	0.0	image/868	868	808510	train2017/000000444880.jpg
1579.9375	0.0	image/943	943	808928	train2017/000000238201.jpg
1580.73828125	0.0	image/866	866	809338	train2017/000000216029.jpg
1581.509765625	0.0	image/855	855	809733	train2017/000000122923.jpg
1582.337890625	0.0	image/922	922	810157	train2017/000000235479.jpg
1583.9609375	0.0	image/941	941	810988	train2017/000000237697.jpg
1584.77734375	0.0	image/937	937	811406	train2017/000000498615.jpg
1586.361328125	0.0	image/865	865	812217	train2017/000000035972.jpg
1587.19140625	0.0	image/893	893	812642	train2017/000000225383.jpg
1587.994140625	0.0	image/947	947	813053	train2017/000000501926.jpg
1588.80859375	0.0	image/876	876	813470	train2017/000000482912.jpg
1589.623046875	0.0	image/884	884	813887	train2017/000000485605.jpg
1590.39453125	0.0	image/938	938	814282	train2017/000000237093.jpg
1592.044921875	0.0	image/852	852	815127	train2017/000000212440.jpg
1592.87890625	0.0	image/929	929	815554	train2017/000000495387.jpg
1593.65625	0.0	image/955	955	815952	train2017/000000112805.jpg
1594.462890625	0.0	image/927	927	816365	train2017/000000495040.jpg
1595.244140625	0.0	image/867	867	816765	train2017/000000479035.jpg
1596.025390625	0.0	image/889	889	817165	train2017/000000224396.jpg
1596.79296875	0.0	image/863	863	817558	train2017/000000215291.jpg
1597.59765625	0.0	image/878	878	817970	train2017/000000167908.jpg
1598.4140625	0.0	image/954	954	818388	train2017/000000040187.jpg
1599.232421875	0.0	image/861	861	818807	train2017/000000560054.jpg
1600.0390625	0.0	image/956	956	819220	train2017/000000242133.jpg
1600.84375	0.0	image/917	917	819632	train2017/000000354185.jpg
1601.615234375	0.0	image/937	937	820027	train2017/000000498615.jpg
1602.3984375	0.0	image/941	941	820428	train2017/000000237697.jpg
1603.181640625	0.0	image/843	843	820829	train2017/000000210065.jpg
1604.81640625	0.0	image/877	877	821666	train2017/000000342639.jpg
1605.59375	0.0	image/868	868	822064	train2017/000000444880.jpg
1606.36328125	0.0	image/936	936	822458	train2017/000000497797.jpg
1607.18359375	0.0	image/881	881	822878	train2017/000000222921.jpg
1608.013671875	0.0	image/869	869	823303	train2017/000000294744.jpg
1608.783203125	0.0	image/856	856	823697	train2017/000000213288.jpg
1609.611328125	0.0	image/926	926	824121	train2017/000000232648.jpg
1610.380859375	0.0	image/883	883	824515	train2017/000000223447.jpg
1611.1640625	0.0	image/906	906	824916	train2017/000000227928.jpg
1611.951171875	0.0	image/959	959	825319	train2017/000000505486.jpg
1612.728515625	0.0	image/886	886	825717	train2017/000000386856.jpg
1613.498046875	0.0	image/919	919	826111	train2017/000000492627.jpg
1614.28125	0.0	image/876	876	826512	train2017/000000482912.jpg
1615.0859375	0.0	image/960	960	826924	train2017/000000505592.jpg
1615.919921875	0.0	image/927	927	827351	train2017/000000495040.jpg
1616.703125	0.0	image/859	859	827752	train2017/000000476380.jpg
1617.53125	0.0	image/950	950	828176	train2017/000000502470.jpg
1618.337890625	0.0	image/891	891	828589	train2017/000000224869.jpg
1619.13671875	0.0	image/915	915	828998	train2017/000000229947.jpg
1619.931640625	0.0	image/913	913	829405	train2017/000000356810.jpg
1620.75390625	0.0	image/871	871	829826	train2017/000000480990.jpg
1621.5390625	0.0	image/864	864	830228	train2017/000000385417.jpg
1622.322265625	0.0	image/904	904	830629	train2017/000000227733.jpg
1623.10546875	0.0	image/850	850	831030	train2017/000000212380.jpg
1623.888671875	0.0	image/903	903	831431	train2017/000000227451.jpg
1624.689453125	0.0	image/871	871	831841	train2017/000000480990.jpg
1625.484375	0.0	image/920	920	832248	train2017/000000300622.jpg
1626.2890625	0.0	image/945	945	832660	train2017/000000501739.jpg
1627.91796875	0.0	image/928	928	833494	train2017/000000233104.jpg
1628.72265625	0.0	image/857	857	833906	train2017/000000213988.jpg
1629.556640625	0.0	image/844	844	834333	train2017/000000341033.jpg
1630.33984375	0.0	image/903	903	834734	train2017/000000227451.jpg
1631.158203125	0.0	image/902	902	835153	train2017/000000227307.jpg
1631.935546875	0.0	image/910	910	835551	train2017/000000228565.jpg
1632.7421875	0.0	image/892	892	835964	train2017/000000225113.jpg
1633.525390625	0.0	image/862	862	836365	train2017/000000215023.jpg
1634.3359375	0.0	image/912	912	836780	train2017/000000491611.jpg
1635.91015625	0.0	image/908	908	837586	train2017/000000228316.jpg
1636.6875	0.0	image/921	921	837984	train2017/000000231102.jpg
1637.490234375	0.0	image/897	897	838395	train2017/000000430850.jpg
1638.29296875	0.0	image/914	914	838806	train2017/000000492037.jpg
1639.087890625	0.0	image/909	909	839213	train2017/000000228380.jpg
1639.87109375	0.0	image/899	899	839614	train2017/000000168803.jpg
1640.66015625	0.0	image/890	890	840018	train2017/000000224759.jpg
1641.443359375	0.0	image/951	951	840419	train2017/000000214821.jpg
1642.2734375	0.0	image/905	905	840844	train2017/000000227843.jpg
1643.060546875	0.0	image/851	851	841247	train2017/000000474545.jpg
1643.857421875	0.0	image/931	931	841655	train2017/000000495568.jpg
1644.65625	0.0	image/845	845	842064	train2017/000000211198.jpg
1645.4609375	0.0	image/933	933	842476	train2017/000000233873.jpg
1646.291015625	0.0	image/853	853	842901	train2017/000000474827.jpg
1647.060546875	0.0	image/857	857	843295	train2017/000000213988.jpg
1647.896484375	0.0	image/923	923	843723	train2017/000000231851.jpg
1648.693359375	0.0	image/900	900	844131	train2017/000000488658.jpg
1649.48046875	0.0	image/885	885	844534	train2017/000000223718.jpg
1650.29296875	0.0	image/844	844	844950	train2017/000000341033.jpg
1651.109375	0.0	image/855	855	845368	train2017/000000122923.jpg
1651.923828125	0.0	image/926	926	845785	train2017/000000232648.jpg
1652.724609375	0.0	image/944	944	846195	train2017/000000239337.jpg
1653.53125	0.0	image/865	865	846608	train2017/000000035972.jpg
1654.314453125	0.0	image/949	949	847009	train2017/000000240278.jpg
1655.115234375	0.0	image/942	942	847419	train2017/000000238001.jpg
1655.94921875	0.0	image/950	950	847846	train2017/000000502470.jpg
1656.7421875	0.0	image/856	856	848252	train2017/000000213288.jpg
1658.298828125	0.0	image/953	953	849049	train2017/000000241026.jpg
1659.115234375	0.0	image/930	930	849467	train2017/000000344729.jpg
1659.927734375	0.0	image/866	866	849883	train2017/000000216029.jpg
1660.716796875	0.0	image/850	850	850287	train2017/000000212380.jpg
1661.544921875	0.0	image/925	925	850711	train2017/000000494552.jpg
1662.3671875	0.0	image/841	841	851132	train2017/000000034961.jpg
1663.162109375	0.0	image/870	870	851539	train2017/000000480601.jpg
1663.984375	0.0	image/931	931	851960	train2017/000000495568.jpg
1664.767578125	0.0	image/920	920	852361	train2017/000000300622.jpg
1665.529296875	0.0	image/932	932	852751	train2017/000000233580.jpg
1666.294921875	0.0	image/894	894	853143	train2017/000000225533.jpg
1667.068359375	0.0	image/848	848	853539	train2017/000000474353.jpg
1667.845703125	0.0	image/929	929	853937	train2017/000000495387.jpg
1668.65234375	0.0	image/885	885	854350	train2017/000000223718.jpg
1670.236328125	0.0	image/895	895	855161	train2017/000000487825.jpg
1671.064453125	0.0	image/896	896	855585	train2017/000000225750.jpg
1672.669921875	0.0	image/954	954	856407	train2017/000000040187.jpg
1673.453125	0.0	image/860	860	856808	train2017/000000476481.jpg
1674.23046875	0.0	image/959	959	857206	train2017/000000505486.jpg
1675.015625	0.0	image/843	843	857608	train2017/000000210065.jpg
1675.837890625	0.0	image/854	854	858029	train2017/000000475236.jpg
1676.615234375	0.0	image/925	925	858427	train2017/000000494552.jpg
1677.3984375	0.0	image/842	842	858828	train2017/000000209919.jpg
1678.166015625	0.0	image/880	880	859221	train2017/000000484300.jpg
1678.97265625	0.0	image/890	890	859634	train2017/000000224759.jpg
1679.767578125	0.0	image/948	948	860041	train2017/000000502058.jpg
1680.55078125	0.0	image/917	917	860442	train2017/000000354185.jpg
1681.373046875	0.0	image/921	921	860863	train2017/000000231102.jpg
1682.947265625	0.0	image/854	854	861669	train2017/000000475236.jpg
1683.71484375	0.0	image/873	873	862062	train2017/000000429902.jpg
1685.3359375	0.0	image/889	889	862892	train2017/000000224396.jpg
1686.125	0.0	image/939	939	863296	train2017/000000499627.jpg
1686.91796875	0.0	image/918	918	863702	train2017/000000230422.jpg
1687.720703125	0.0	image/904	904	864113	train2017/000000227733.jpg
1689.357421875	0.0	image/922	922	864951	train2017/000000235479.jpg
1690.154296875	0.0	image/841	841	865359	train2017/000000034961.jpg
1690.919921875	0.0	image/893	893	865751	train2017/000000225383.jpg
1691.705078125	0.0	image/851	851	866153	train2017/000000474545.jpg
1692.509765625	0.0	image/870	870	866565	train2017/000000480601.jpg
1693.341796875	0.0	image/955	955	866991	train2017/000000112805.jpg
1694.138671875	0.0	image/911	911	867399	train2017/000000229456.jpg
1694.943359375	0.0	image/887	887	867811	train2017/000000561677.jpg
1695.7265625	0.0	image/898	898	868212	train2017/000000488406.jpg
1696.541015625	0.0	image/859	859	868629	train2017/000000476380.jpg
1697.361328125	0.0	image/901	901	869049	train2017/000000007567.jpg
1698.16015625	0.0	image/887	887	869458	train2017/000000561677.jpg
1698.97265625	0.0	image/879	879	869874	train2017/000000221441.jpg
1699.76171875	0.0	image/900	900	870278	train2017/000000488658.jpg
1700.544921875	0.0	image/883	883	870679	train2017/000000223447.jpg
1702.146484375	0.0	image/864	864	871499	train2017/000000385417.jpg
1702.939453125	0.0	image/957	957	871905	train2017/000000242631.jpg
1703.70703125	0.0	image/942	942	872298	train2017/000000238001.jpg
1704.529296875	0.0	image/901	901	872719	train2017/000000007567.jpg
1705.33984375	0.0	image/946	946	873134	train2017/000000501867.jpg
1706.142578125	0.0	image/858	858	873545	train2017/000000214059.jpg
1706.947265625	0.0	image/932	932	873957	train2017/000000233580.jpg
1707.759765625	0.0	image/907	907	874373	train2017/000000228133.jpg
1709.3984375	0.0	image/848	848	875212	train2017/000000474353.jpg
1710.193359375	0.0	image/888	888	875619	train2017/000000486503.jpg
1710.974609375	0.0	image/924	924	876019	train2017/000000232277.jpg
1711.74609375	0.0	image/908	908	876414	train2017/000000228316.jpg
1713.365234375	0.0	image/861	861	877243	train2017/000000560054.jpg
1714.1484375	0.0	image/846	846	877644	train2017/000000474024.jpg
1714.916015625	0.0	image/939	939	878037	train2017/000000499627.jpg
1715.732421875	0.0	image/891	891	878455	train2017/000000224869.jpg
1716.515625	0.0	image/894	894	878856	train2017/000000225533.jpg
1717.34375	0.0	image/899	899	879280	train2017/000000168803.jpg
1718.150390625	0.0	image/935	935	879693	train2017/000000082945.jpg
1718.951171875	0.0	image/934	934	880103	train2017/000000497464.jpg
1719.728515625	0.0	image/872	872	880501	train2017/000000429887.jpg
1720.54296875	0.0	image/874	874	880918	train2017/000000561006.jpg
1721.328125	0.0	image/940	940	881320	train2017/000000499730.jpg
1722.869140625	0.0	image/888	888	882109	train2017/000000486503.jpg
1723.701171875	0.0	image/892	892	882535	train2017/000000225113.jpg
1724.501953125	0.0	image/849	849	882945	train2017/000000212229.jpg
1725.28125	0.0	image/958	958	883344	train2017/000000433657.jpg
1726.052734375	0.0	image/886	886	883739	train2017/000000386856.jpg
1726.880859375	0.0	image/867	867	884163	train2017/000000479035.jpg
1727.703125	0.0	image/845	845	884584	train2017/000000211198.jpg
1729.3046875	0.0	image/956	956	885404	train2017/000000242133.jpg
1730.12109375	0.0	image/958	958	885822	train2017/000000433657.jpg
1731.69921875	0.0	image/938	938	886630	train2017/000000237093.jpg
1732.46484375	0.0	image/877	877	887022	train2017/000000342639.jpg
1733.2890625	0.0	image/869	869	887444	train2017/000000294744.jpg
1734.06640625	0.0	image/842	842	887842	train2017/000000209919.jpg
1734.888671875	0.0	image/915	915	888263	train2017/000000229947.jpg
1736.505859375	0.0	image/858	858	889091	train2017/000000214059.jpg
1743.54296875	0.0	image/15	15	892694	train2017/000000264396.jpg
1744.322265625	0.0	image/71	71	893093	train2017/000000536884.jpg
1745.12109375	0.0	image/34	34	893502	train2017/000000005277.jpg
1745.921875	0.0	image/117	117	893912	train2017/000000396793.jpg
1746.736328125	0.0	image/14	14	894329	train2017/000000264244.jpg
1747.52734375	0.0	image/114	114	894734	train2017/000000571485.jpg
1748.35546875	0.0	image/107	107	895158	train2017/000000543254.jpg
1749.171875	0.0	image/89	89	895576	train2017/000000016314.jpg
1749.939453125	0.0	image/96	96	895969	train2017/000000541258.jpg
1750.744140625	0.0	image/110	110	896381	train2017/000000019863.jpg
1751.5234375	0.0	image/38	38	896780	train2017/000000312536.jpg
1752.345703125	0.0	image/82	82	897201	train2017/000000539395.jpg
1753.162109375	0.0	image/107	107	897619	train2017/000000543254.jpg
1753.9453125	0.0	image/74	74	898020	train2017/000000275663.jpg
1754.779296875	0.0	image/79	79	898447	train2017/000000276664.jpg
1756.36328125	0.0	image/48	48	899258	train2017/000000011299.jpg
1757.1796875	0.0	image/115	115	899676	train2017/000000021095.jpg
1758.013671875	0.0	image/31	31	900103	train2017/000000266622.jpg
1759.61328125	0.0	image/90	90	900922	train2017/000000278555.jpg
1760.423828125	0.0	image/54	54	901337	train2017/000000532753.jpg
1761.23046875	0.0	image/119	119	901750	train2017/000000545950.jpg
1762.046875	0.0	image/106	106	902168	train2017/000000280808.jpg
1762.84375	0.0	image/3	3	902576	train2017/000000262414.jpg
1763.658203125	0.0	image/9	9	902993	train2017/000000000650.jpg
1764.46484375	0.0	image/67	67	903406	train2017/000000011358.jpg
1765.248046875	0.0	image/100	100	903807	train2017/000000541856.jpg
1766.0390625	0.0	image/76	76	904212	train2017/000000275902.jpg
1766.86328125	0.0	image/97	97	904634	train2017/000000279197.jpg
1767.666015625	0.0	image/30	30	905045	train2017/000000004442.jpg
1768.4609375	0.0	image/22	22	905452	train2017/000000265023.jpg
1770.1015625	0.0	image/39	39	906292	train2017/000000268008.jpg
1770.87890625	0.0	image/116	116	906690	train2017/000000283426.jpg
1771.68359375	0.0	image/81	81	907102	train2017/000000539340.jpg
1773.248046875	0.0	image/95	95	907903	train2017/000000016898.jpg
1774.01171875	0.0	image/4	4	908294	train2017/000000524646.jpg
1774.80078125	0.0	image/94	94	908698	train2017/000000278962.jpg
1775.59765625	0.0	image/68	68	909106	train2017/000000535871.jpg
1777.16796875	0.0	image/32	32	909910	train2017/000000005028.jpg
1777.96875	0.0	image/56	56	910320	train2017/000000008998.jpg
1778.802734375	0.0	image/108	108	910747	train2017/000000281330.jpg
1779.58203125	0.0	image/39	39	911146	train2017/000000268008.jpg
1780.353515625	0.0	image/49	49	911541	train2017/000000219750.jpg
1781.185546875	0.0	image/75	75	911967	train2017/000000399878.jpg
1781.982421875	0.0	image/24	24	912375	train2017/000000265453.jpg
1782.76953125	0.0	image/49	49	912778	train2017/000000219750.jpg
1783.58203125	0.0	image/110	110	913194	train2017/000000019863.jpg
1784.38671875	0.0	image/72	72	913606	train2017/000000274978.jpg
1785.18359375	0.0	image/52	52	914014	train2017/000000008053.jpg
1786.73828125	0.0	image/104	104	914810	train2017/000000018367.jpg
1787.5390625	0.0	image/19	19	915220	train2017/000000526968.jpg
1788.337890625	0.0	image/77	77	915629	train2017/000000275938.jpg
1789.171875	0.0	image/29	29	916056	train2017/000000393907.jpg
1789.953125	0.0	image/37	37	916456	train2017/000000005684.jpg
1790.75	0.0	image/36	36	916864	train2017/000000267699.jpg
1791.552734375	0.0	image/83	83	917275	train2017/000000277524.jpg
1792.322265625	0.0	image/10	10	917669	train2017/000000001308.jpg
1793.1171875	0.0	image/111	111	918076	train2017/000000020517.jpg
1793.900390625	0.0	image/17	17	918477	train2017/000000002372.jpg
1794.669921875	0.0	image/109	109	918871	train2017/000000544060.jpg
1795.490234375	0.0	image/41	41	919291	train2017/000000268418.jpg
1796.3203125	0.0	image/2	2	919716	train2017/000000262239.jpg
1797.08984375	0.0	image/35	35	920110	train2017/000000267647.jpg
1798.69140625	0.0	image/64	64	920930	train2017/000000273138.jpg
1799.509765625	0.0	image/63	63	921349	train2017/000000273120.jpg
1801.142578125	0.0	image/36	36	922185	train2017/000000267699.jpg
1801.92578125	0.0	image/115	115	922586	train2017/000000021095.jpg
1802.720703125	0.0	image/57	57	922993	train2017/000000001625.jpg
1803.54296875	0.0	image/13	13	923414	train2017/000000525932.jpg
1804.337890625	0.0	image/113	113	923821	train2017/000000545160.jpg
1805.138671875	0.0	image/83	83	924231	train2017/000000277524.jpg
1805.9609375	0.0	image/80	80	924652	train2017/000000538822.jpg
1806.73828125	0.0	image/118	118	925050	train2017/000000283678.jpg
1807.560546875	0.0	image/27	27	925471	train2017/000000265745.jpg
1808.373046875	0.0	image/63	63	925887	train2017/000000273120.jpg
1809.189453125	0.0	image/33	33	926305	train2017/000000267338.jpg
1809.99609375	0.0	image/21	21	926718	train2017/000000274108.jpg
1810.7734375	0.0	image/59	59	927116	train2017/000000010046.jpg
1811.55859375	0.0	image/25	25	927518	train2017/000000527618.jpg
1812.36328125	0.0	image/58	58	927930	train2017/000000534259.jpg
1813.15625	0.0	image/11	11	928336	train2017/000000263599.jpg
1813.939453125	0.0	image/88	88	928737	train2017/000000540538.jpg
1814.728515625	0.0	image/73	73	929141	train2017/000000537393.jpg
1815.513671875	0.0	image/70	70	929543	train2017/000000536786.jpg
1816.29296875	0.0	image/10	10	929942	train2017/000000001308.jpg
1817.091796875	0.0	image/81	81	930351	train2017/000000539340.jpg
1817.896484375	0.0	image/1	1	930763	train2017/000000262145.jpg
1818.69140625	0.0	image/98	98	931170	train2017/000000541472.jpg
1819.4921875	0.0	image/26	26	931580	train2017/000000003521.jpg
1820.259765625	0.0	image/53	53	931973	train2017/000000270278.jpg
1821.064453125	0.0	image/30	30	932385	train2017/000000004442.jpg
1821.892578125	0.0	image/2	2	932809	train2017/000000262239.jpg
1822.69921875	0.0	image/61	61	933222	train2017/000000272901.jpg
1823.482421875	0.0	image/70	70	933623	train2017/000000536786.jpg
1824.27734375	0.0	image/40	40	934030	train2017/000000268114.jpg
1825.8671875	0.0	image/29	29	934844	train2017/000000393907.jpg
1826.68359375	0.0	image/1	1	935262	train2017/000000262145.jpg
1827.466796875	0.0	image/47	47	935663	train2017/000000531828.jpg
1828.28515625	0.0	image/56	56	936082	train2017/000000008998.jpg
1829.0625	0.0	image/15	15	936480	train2017/000000264396.jpg
1829.8671875	0.0	image/105	105	936892	train2017/000000280764.jpg
1830.6796875	0.0	image/60	60	937308	train2017/000000010710.jpg
1831.501953125	0.0	image/18	18	937729	train2017/000000264735.jpg
1832.28515625	0.0	image/84	84	938130	train2017/000000570543.jpg
1833.09765625	0.0	image/120	120	938546	train2017/000000021718.jpg
1833.90234375	0.0	image/111	111	938958	train2017/000000020517.jpg
1834.697265625	0.0	image/85	85	939365	train2017/000000539705.jpg
1835.5	0.0	image/87	87	939776	train2017/000000300383.jpg
1836.28125	0.0	image/3	3	940176	train2017/000000262414.jpg
1837.09765625	0.0	image/18	18	940594	train2017/000000264735.jpg
1838.654296875	0.0	image/38	38	941391	train2017/000000312536.jpg
1839.4375	0.0	image/54	54	941792	train2017/000000532753.jpg
1840.248046875	0.0	image/16	16	942207	train2017/000000002270.jpg
1841.015625	0.0	image/80	80	942600	train2017/000000538822.jpg
1841.80078125	0.0	image/16	16	943002	train2017/000000002270.jpg
1843.40625	0.0	image/8	8	943824	train2017/000000000625.jpg
1844.21484375	0.0	image/42	42	944238	train2017/000000268659.jpg
1845.005859375	0.0	image/28	28	944643	train2017/000000558788.jpg
1845.802734375	0.0	image/35	35	945051	train2017/000000267647.jpg
1846.623046875	0.0	image/46	46	945471	train2017/000000531515.jpg
1847.40625	0.0	image/91	91	945872	train2017/000000540735.jpg
1848.234375	0.0	image/95	95	946296	train2017/000000016898.jpg
1849.021484375	0.0	image/93	93	946699	train2017/000000541077.jpg
1849.818359375	0.0	image/66	66	947107	train2017/000000273250.jpg
1850.634765625	0.0	image/120	120	947525	train2017/000000021718.jpg
1851.435546875	0.0	image/113	113	947935	train2017/000000545160.jpg
1852.236328125	0.0	image/24	24	948345	train2017/000000265453.jpg
1853.01953125	0.0	image/65	65	948746	train2017/000000273147.jpg
1853.8359375	0.0	image/114	114	949164	train2017/000000571485.jpg
1855.44140625	0.0	image/40	40	949986	train2017/000000268114.jpg
1856.23828125	0.0	image/89	89	950394	train2017/000000016314.jpg
1857.052734375	0.0	image/92	92	950811	train2017/000000278714.jpg
1857.826171875	0.0	image/22	22	951207	train2017/000000265023.jpg
1858.623046875	0.0	image/33	33	951615	train2017/000000267338.jpg
1859.404296875	0.0	image/93	93	952015	train2017/000000541077.jpg
1860.171875	0.0	image/64	64	952408	train2017/000000273138.jpg
1860.994140625	0.0	image/53	53	952829	train2017/000000270278.jpg
1861.828125	0.0	image/55	55	953256	train2017/000000533231.jpg
1862.626953125	0.0	image/103	103	953665	train2017/000000280484.jpg
1863.421875	0.0	image/23	23	954072	train2017/000000265150.jpg
1864.20703125	0.0	image/12	12	954474	train2017/000000525790.jpg
1864.97265625	0.0	image/101	101	954866	train2017/000000017967.jpg
1865.779296875	0.0	image/100	100	955279	train2017/000000541856.jpg
1866.595703125	0.0	image/108	108	955697	train2017/000000281330.jpg
1867.412109375	0.0	image/50	50	956115	train2017/000000007932.jpg
1868.240234375	0.0	image/25	25	956539	train2017/000000527618.jpg
1869.041015625	0.0	image/67	67	956949	train2017/000000011358.jpg
1869.86328125	0.0	image/86	86	957370	train2017/000000539879.jpg
1870.658203125	0.0	image/72	72	957777	train2017/000000274978.jpg
1871.44140625	0.0	image/44	44	958178	train2017/000000007048.jpg
1872.2578125	0.0	image/85	85	958596	train2017/000000539705.jpg
1873.05859375	0.0	image/55	55	959006	train2017/000000533231.jpg
1873.876953125	0.0	image/88	88	959425	train2017/000000540538.jpg
1874.6484375	0.0	image/42	42	959820	train2017/000000268659.jpg
1875.482421875	0.0	image/20	20	960247	train2017/000000526980.jpg
1876.265625	0.0	image/58	58	960648	train2017/000000534259.jpg
1877.044921875	0.0	image/50	50	961047	train2017/000000007932.jpg
1877.81640625	0.0	image/73	73	961442	train2017/000000537393.jpg
1878.611328125	0.0	image/7	7	961849	train2017/000000000605.jpg
1879.42578125	0.0	image/21	21	962266	train2017/000000274108.jpg
1880.208984375	0.0	image/51	51	962667	train2017/000000008027.jpg
1881.80078125	0.0	image/51	51	963482	train2017/000000008027.jpg
1882.6328125	0.0	image/90	90	963908	train2017/000000278555.jpg
1883.41796875	0.0	image/102	102	964310	train2017/000000018078.jpg
1884.25	0.0	image/74	74	964736	train2017/000000275663.jpg
1885.05078125	0.0	image/62	62	965146	train2017/000000010903.jpg
1885.833984375	0.0	image/92	92	965547	train2017/000000278714.jpg
1886.62890625	0.0	image/65	65	965954	train2017/000000273147.jpg
1887.451171875	0.0	image/75	75	966375	train2017/000000399878.jpg
1889.03515625	0.0	image/66	66	967186	train2017/000000273250.jpg
1889.8359375	0.0	image/60	60	967596	train2017/000000010710.jpg
1890.63671875	0.0	image/94	94	968006	train2017/000000278962.jpg
1891.453125	0.0	image/59	59	968424	train2017/000000010046.jpg
1892.25390625	0.0	image/12	12	968834	train2017/000000525790.jpg
1893.064453125	0.0	image/46	46	969249	train2017/000000531515.jpg
1893.83203125	0.0	image/102	102	969642	train2017/000000018078.jpg
1894.599609375	0.0	image/61	61	970035	train2017/000000272901.jpg
1895.38671875	0.0	image/48	48	970438	train2017/000000011299.jpg
1896.982421875	0.0	image/6	6	971255	train2017/000000000584.jpg
1897.751953125	0.0	image/86	86	971649	train2017/000000539879.jpg
1898.5390625	0.0	image/26	26	972052	train2017/000000003521.jpg
1899.31640625	0.0	image/99	99	972450	train2017/000000271183.jpg
1900.10546875	0.0	image/106	106	972854	train2017/000000280808.jpg
1900.8828125	0.0	image/77	77	973252	train2017/000000275938.jpg
1901.70703125	0.0	image/11	11	973674	train2017/000000263599.jpg
1902.486328125	0.0	image/6	6	974073	train2017/000000000584.jpg
1903.25	0.0	image/118	118	974464	train2017/000000283678.jpg
1904.890625	0.0	image/103	103	975304	train2017/000000280484.jpg
1905.669921875	0.0	image/8	8	975703	train2017/000000000625.jpg
1906.501953125	0.0	image/97	97	976129	train2017/000000279197.jpg
1908.091796875	0.0	image/45	45	976943	train2017/000000531392.jpg
1908.875	0.0	image/112	112	977344	train2017/000000544926.jpg
1909.69140625	0.0	image/57	57	977762	train2017/000000001625.jpg
1910.46875	0.0	image/45	45	978160	train2017/000000531392.jpg
1912.05859375	0.0	image/23	23	978974	train2017/000000265150.jpg
1912.853515625	0.0	image/87	87	979381	train2017/000000300383.jpg
1913.66015625	0.0	image/41	41	979794	train2017/000000268418.jpg
1914.470703125	0.0	image/84	84	980209	train2017/000000570543.jpg
1915.27734375	0.0	image/78	78	980622	train2017/000000013969.jpg
1916.103515625	0.0	image/9	9	981045	train2017/000000000650.jpg
1916.912109375	0.0	image/34	34	981459	train2017/000000005277.jpg
1917.73828125	0.0	image/69	69	981882	train2017/000000011856.jpg
1918.5390625	0.0	image/52	52	982292	train2017/000000008053.jpg
1919.361328125	0.0	image/99	99	982713	train2017/000000271183.jpg
1920.189453125	0.0	image/76	76	983137	train2017/000000275902.jpg
1920.99609375	0.0	image/4	4	983550	train2017/000000524646.jpg
1921.779296875	0.0	image/37	37	983951	train2017/000000005684.jpg
1923.396484375	0.0	image/112	112	984779	train2017/000000544926.jpg
1924.2109375	0.0	image/91	91	985196	train2017/000000540735.jpg
1925.814453125	0.0	image/104	104	986017	train2017/000000018367.jpg
1926.58984375	0.0	image/119	119	986414	train2017/000000545950.jpg
1927.375	0.0	image/96	96	986816	train2017/000000541258.jpg
1928.146484375	0.0	image/19	19	987211	train2017/000000526968.jpg
1928.943359375	0.0	image/105	105	987619	train2017/000000280764.jpg
1929.708984375	0.0	image/82	82	988011	train2017/000000539395.jpg
1930.482421875	0.0	image/14	14	988407	train2017/000000264244.jpg
1931.26171875	0.0	image/44	44	988806	train2017/000000007048.jpg
1932.076171875	0.0	image/28	28	989223	train2017/000000558788.jpg
1932.876953125	0.0	image/20	20	989633	train2017/000000526980.jpg
1933.64453125	0.0	image/5	5	990026	train2017/000000262690.jpg
1934.44921875	0.0	image/13	13	990438	train2017/000000525932.jpg
1935.25	0.0	image/17	17	990848	train2017/000000002372.jpg
1936.08203125	0.0	image/69	69	991274	train2017/000000011856.jpg
1936.89453125	0.0	image/5	5	991690	train2017/000000262690.jpg
1937.66015625	0.0	image/68	68	992082	train2017/000000535871.jpg
1938.451171875	0.0	image/62	62	992487	train2017/000000010903.jpg
1940.05078125	0.0	image/71	71	993306	train2017/000000536884.jpg
1940.884765625	0.0	image/27	27	993733	train2017/000000265745.jpg
1941.697265625	0.0	image/101	101	994149	train2017/000000017967.jpg
1942.501953125	0.0	image/109	109	994561	train2017/000000544060.jpg
1943.28515625	0.0	image/78	78	994962	train2017/000000013969.jpg
1944.09765625	0.0	image/43	43	995378	train2017/000000006765.jpg
1944.86328125	0.0	image/32	32	995770	train2017/000000005028.jpg
1945.669921875	0.0	image/79	79	996183	train2017/000000276664.jpg
1946.48046875	0.0	image/98	98	996598	train2017/000000541472.jpg
1947.302734375	0.0	image/7	7	997019	train2017/000000000605.jpg
1948.09765625	0.0	image/117	117	997426	train2017/000000396793.jpg
1948.880859375	0.0	image/31	31	997827	train2017/000000266622.jpg
1949.6875	0.0	image/47	47	998240	train2017/000000531828.jpg
1951.248046875	0.0	image/43	43	999039	train2017/000000006765.jpg
1952.822265625	0.0	image/116	116	999845	train2017/000000283426.jpg
1960.90625	0.0	image/211	211	1003984	train2017/000000567837.jpg
1961.70703125	0.0	image/185	185	1004394	train2017/000000036589.jpg
1962.490234375	0.0	image/225	225	1004795	train2017/000000047172.jpg
1963.318359375	0.0	image/140	140	1005219	train2017/000000551164.jpg
1964.138671875	0.0	image/184	184	1005639	train2017/000000006053.jpg
1964.9375	0.0	image/146	146	1006048	train2017/000000289460.jpg
1965.7578125	0.0	image/232	232	1006468	train2017/000000311232.jpg
1966.568359375	0.0	image/193	193	1006883	train2017/000000564465.jpg
1967.37109375	0.0	image/151	151	1007294	train2017/000000553150.jpg
1968.142578125	0.0	image/183	183	1007689	train2017/000000298395.jpg
1968.953125	0.0	image/218	218	1008104	train2017/000000569196.jpg
1969.7578125	0.0	image/172	172	1008516	train2017/000000558822.jpg
1970.54296875	0.0	image/220	220	1008918	train2017/000000569645.jpg
1971.376953125	0.0	image/134	134	1009345	train2017/000000550396.jpg
1972.193359375	0.0	image/130	130	1009763	train2017/000000548593.jpg
1972.984375	0.0	image/231	231	1010168	train2017/000000270325.jpg
1973.75390625	0.0	image/222	222	1010562	train2017/000000308950.jpg
1974.560546875	0.0	image/213	213	1010975	train2017/000000043815.jpg
1975.35546875	0.0	image/169	169	1011382	train2017/000000557886.jpg
1976.15625	0.0	image/203	203	1011792	train2017/000000566261.jpg
1976.95703125	0.0	image/238	238	1012202	train2017/000000050624.jpg
1977.744140625	0.0	image/172	172	1012605	train2017/000000558822.jpg
1978.52734375	0.0	image/178	178	1013006	train2017/000000355458.jpg
1979.345703125	0.0	image/237	237	1013425	train2017/000000095809.jpg
1980.9453125	0.0	image/138	138	1014244	train2017/000000288751.jpg
1981.728515625	0.0	image/231	231	1014645	train2017/000000270325.jpg
1982.546875	0.0	image/129	129	1015064	train2017/000000023392.jpg
1983.34375	0.0	image/218	218	1015472	train2017/000000569196.jpg
1984.146484375	0.0	image/171	171	1015883	train2017/000000033764.jpg
1984.923828125	0.0	image/145	145	1016281	train2017/000000027298.jpg
1985.728515625	0.0	image/219	219	1016693	train2017/000000219735.jpg
1986.53125	0.0	image/200	200	1017104	train2017/000000565834.jpg
1987.314453125	0.0	image/180	180	1017505	train2017/000000297844.jpg
1988.09375	0.0	image/214	214	1017904	train2017/000000306031.jpg
1988.91015625	0.0	image/156	156	1018322	train2017/000000029732.jpg
1989.7265625	0.0	image/166	166	1018740	train2017/000000556748.jpg
1990.4921875	0.0	image/204	204	1019132	train2017/000000304187.jpg
1991.279296875	0.0	image/199	199	1019535	train2017/000000565652.jpg
1992.08203125	0.0	image/206	206	1019946	train2017/000000263276.jpg
1993.68359375	0.0	image/184	184	1020766	train2017/000000006053.jpg
1994.5	0.0	image/131	131	1021184	train2017/000000549301.jpg
1995.310546875	0.0	image/239	239	1021599	train2017/000000313480.jpg
1996.1328125	0.0	image/182	182	1022020	train2017/000000298170.jpg
1996.912109375	0.0	image/221	221	1022419	train2017/000000575701.jpg
1997.6953125	0.0	image/198	198	1022820	train2017/000000303436.jpg
1998.517578125	0.0	image/157	157	1023241	train2017/000000030109.jpg
1999.333984375	0.0	image/151	151	1023659	train2017/000000553150.jpg
2000.12890625	0.0	image/152	152	1024066	train2017/000000553166.jpg
2000.935546875	0.0	image/203	203	1024479	train2017/000000566261.jpg
2001.728515625	0.0	image/153	153	1024885	train2017/000000553586.jpg
2002.517578125	0.0	image/209	209	1025289	train2017/000000043176.jpg
2003.318359375	0.0	image/150	150	1025699	train2017/000000552589.jpg
2004.115234375	0.0	image/222	222	1026107	train2017/000000308950.jpg
2004.935546875	0.0	image/199	199	1026527	train2017/000000565652.jpg
2005.748046875	0.0	image/186	186	1026943	train2017/000000037358.jpg
2007.3203125	0.0	image/174	174	1027748	train2017/000000559145.jpg
2008.1328125	0.0	image/159	159	1028164	train2017/000000292845.jpg
2008.916015625	0.0	image/227	227	1028565	train2017/000000047638.jpg
2009.720703125	0.0	image/155	155	1028977	train2017/000000029730.jpg
2010.50390625	0.0	image/156	156	1029378	train2017/000000029732.jpg
2011.287109375	0.0	image/148	148	1029779	train2017/000000027665.jpg
2012.939453125	0.0	image/226	226	1030625	train2017/000000571499.jpg
2013.71875	0.0	image/139	139	1031024	train2017/000000026702.jpg
2014.521484375	0.0	image/188	188	1031435	train2017/000000037823.jpg
2015.298828125	0.0	image/205	205	1031833	train2017/000000566341.jpg
2016.1171875	0.0	image/215	215	1032252	train2017/000000306249.jpg
2017.740234375	0.0	image/126	126	1033083	train2017/000000547367.jpg
2018.541015625	0.0	image/178	178	1033493	train2017/000000355458.jpg
2019.318359375	0.0	image/125	125	1033891	train2017/000000022964.jpg
2020.134765625	0.0	image/148	148	1034309	train2017/000000027665.jpg
2020.935546875	0.0	image/161	161	1034719	train2017/000000293368.jpg
2021.740234375	0.0	image/240	240	1035131	train2017/000000575971.jpg
2022.517578125	0.0	image/149	149	1035529	train2017/000000290192.jpg
2023.322265625	0.0	image/191	191	1035941	train2017/000000039196.jpg
2024.15234375	0.0	image/177	177	1036366	train2017/000000573830.jpg
2025.775390625	0.0	image/228	228	1037197	train2017/000000572215.jpg
2026.5546875	0.0	image/141	141	1037596	train2017/000000026981.jpg
2028.126953125	0.0	image/201	201	1038401	train2017/000000041606.jpg
2028.90625	0.0	image/180	180	1038800	train2017/000000297844.jpg
2029.70703125	0.0	image/137	137	1039210	train2017/000000026443.jpg
2030.509765625	0.0	image/179	179	1039621	train2017/000000559958.jpg
2031.294921875	0.0	image/201	201	1040023	train2017/000000041606.jpg
2032.072265625	0.0	image/127	127	1040421	train2017/000000285450.jpg
2032.861328125	0.0	image/138	138	1040825	train2017/000000288751.jpg
2033.677734375	0.0	image/223	223	1041243	train2017/000000309135.jpg
2034.5078125	0.0	image/165	165	1041668	train2017/000000032275.jpg
2035.294921875	0.0	image/162	162	1042071	train2017/000000293372.jpg
2036.08984375	0.0	image/147	147	1042478	train2017/000000289791.jpg
2036.890625	0.0	image/230	230	1042888	train2017/000000573337.jpg
2037.658203125	0.0	image/167	167	1043281	train2017/000000032809.jpg
2038.4453125	0.0	image/210	210	1043684	train2017/000000305685.jpg
2039.2578125	0.0	image/121	121	1044100	train2017/000000546140.jpg
2040.080078125	0.0	image/193	193	1044521	train2017/000000564465.jpg
2040.892578125	0.0	image/122	122	1044937	train2017/000000546147.jpg
2042.458984375	0.0	image/168	168	1045739	train2017/000000557848.jpg
2043.28125	0.0	image/216	216	1046160	train2017/000000225829.jpg
2044.091796875	0.0	image/234	234	1046575	train2017/000000312003.jpg
2044.890625	0.0	image/221	221	1046984	train2017/000000575701.jpg
2046.44921875	0.0	image/132	132	1047782	train2017/000000549830.jpg
2047.265625	0.0	image/186	186	1048200	train2017/000000037358.jpg
2048.91796875	0.0	image/239	239	1049046	train2017/000000313480.jpg
2049.74609375	0.0	image/166	166	1049470	train2017/000000556748.jpg
2050.54296875	0.0	image/216	216	1049878	train2017/000000225829.jpg
2051.349609375	0.0	image/141	141	1050291	train2017/000000026981.jpg
2052.126953125	0.0	image/177	177	1050689	train2017/000000573830.jpg
2052.912109375	0.0	image/188	188	1051091	train2017/000000037823.jpg
2053.712890625	0.0	image/136	136	1051501	train2017/000000026388.jpg
2054.513671875	0.0	image/135	135	1051911	train2017/000000288372.jpg
2055.31640625	0.0	image/160	160	1052322	train2017/000000293130.jpg
2056.1171875	0.0	image/137	137	1052732	train2017/000000026443.jpg
2056.9296875	0.0	image/134	134	1053148	train2017/000000550396.jpg
2057.734375	0.0	image/161	161	1053560	train2017/000000293368.jpg
2058.546875	0.0	image/220	220	1053976	train2017/000000569645.jpg
2059.34765625	0.0	image/176	176	1054386	train2017/000000297154.jpg
2060.947265625	0.0	image/171	171	1055205	train2017/000000033764.jpg
2061.76953125	0.0	image/213	213	1055626	train2017/000000043815.jpg
2062.552734375	0.0	image/133	133	1056027	train2017/000000026029.jpg
2063.3671875	0.0	image/170	170	1056444	train2017/000000033727.jpg
2064.1875	0.0	image/136	136	1056864	train2017/000000026388.jpg
2064.98828125	0.0	image/207	207	1057274	train2017/000000042578.jpg
2065.8203125	0.0	image/123	123	1057700	train2017/000000022256.jpg
2066.6328125	0.0	image/155	155	1058116	train2017/000000029730.jpg
2067.3984375	0.0	image/167	167	1058508	train2017/000000032809.jpg
2068.22265625	0.0	image/210	210	1058930	train2017/000000305685.jpg
2069.0	0.0	image/176	176	1059328	train2017/000000297154.jpg
2070.60546875	0.0	image/149	149	1060150	train2017/000000290192.jpg
2071.40625	0.0	image/147	147	1060560	train2017/000000289791.jpg
2072.21875	0.0	image/124	124	1060976	train2017/000000122964.jpg
2073.0234375	0.0	image/194	194	1061388	train2017/000000302588.jpg
2073.833984375	0.0	image/122	122	1061803	train2017/000000546147.jpg
2074.6171875	0.0	image/135	135	1062204	train2017/000000288372.jpg
2075.390625	0.0	image/144	144	1062600	train2017/000000354070.jpg
2076.203125	0.0	image/208	208	1063016	train2017/000000043150.jpg
2077.017578125	0.0	image/162	162	1063433	train2017/000000293372.jpg
2077.82421875	0.0	image/192	192	1063846	train2017/000000225054.jpg
2078.6015625	0.0	image/190	190	1064244	train2017/000000038801.jpg
2079.38671875	0.0	image/164	164	1064646	train2017/000000556542.jpg
2080.203125	0.0	image/228	228	1065064	train2017/000000572215.jpg
2080.974609375	0.0	image/234	234	1065459	train2017/000000312003.jpg
2082.59375	0.0	image/207	207	1066288	train2017/000000042578.jpg
2083.392578125	0.0	image/179	179	1066697	train2017/000000559958.jpg
2084.208984375	0.0	image/159	159	1067115	train2017/000000292845.jpg
2084.994140625	0.0	image/202	202	1067517	train2017/000000566201.jpg
2085.787109375	0.0	image/198	198	1067923	train2017/000000303436.jpg
2086.556640625	0.0	image/187	187	1068317	train2017/000000037779.jpg
2087.376953125	0.0	image/150	150	1068737	train2017/000000552589.jpg
2089.044921875	0.0	image/168	168	1069591	train2017/000000557848.jpg
2090.62890625	0.0	image/236	236	1070402	train2017/000000574760.jpg
2091.45703125	0.0	image/195	195	1070826	train2017/000000040685.jpg
2092.24609375	0.0	image/194	194	1071230	train2017/000000302588.jpg
2093.0625	0.0	image/189	189	1071648	train2017/000000300881.jpg
2093.841796875	0.0	image/195	195	1072047	train2017/000000040685.jpg
2094.625	0.0	image/208	208	1072448	train2017/000000043150.jpg
2095.4296875	0.0	image/154	154	1072860	train2017/000000291560.jpg
2096.23046875	0.0	image/126	126	1073270	train2017/000000547367.jpg
2097.025390625	0.0	image/174	174	1073677	train2017/000000559145.jpg
2097.84765625	0.0	image/130	130	1074098	train2017/000000548593.jpg
2098.64453125	0.0	image/145	145	1074506	train2017/000000027298.jpg
2099.4296875	0.0	image/154	154	1074908	train2017/000000291560.jpg
2100.2421875	0.0	image/217	217	1075324	train2017/000000306988.jpg
2101.009765625	0.0	image/128	128	1075717	train2017/000000547644.jpg
2102.576171875	0.0	image/157	157	1076519	train2017/000000030109.jpg
2103.365234375	0.0	image/131	131	1076923	train2017/000000549301.jpg
2104.142578125	0.0	image/197	197	1077321	train2017/000000303392.jpg
2104.92578125	0.0	image/163	163	1077722	train2017/000000032134.jpg
2106.478515625	0.0	image/142	142	1078517	train2017/000000027002.jpg
2107.283203125	0.0	image/224	224	1078929	train2017/000000309192.jpg
2108.111328125	0.0	image/219	219	1079353	train2017/000000219735.jpg
2108.912109375	0.0	image/229	229	1079763	train2017/000000310870.jpg
2109.7265625	0.0	image/196	196	1080180	train2017/000000574784.jpg
2110.498046875	0.0	image/143	143	1080575	train2017/000000027030.jpg
2111.3125	0.0	image/175	175	1080992	train2017/000000559225.jpg
2112.91796875	0.0	image/236	236	1081814	train2017/000000574760.jpg
2113.728515625	0.0	image/181	181	1082229	train2017/000000035927.jpg
2114.546875	0.0	image/182	182	1082648	train2017/000000298170.jpg
2115.3671875	0.0	image/217	217	1083068	train2017/000000306988.jpg
2116.146484375	0.0	image/196	196	1083467	train2017/000000574784.jpg
2116.916015625	0.0	image/173	173	1083861	train2017/000000559816.jpg
2117.736328125	0.0	image/143	143	1084281	train2017/000000027030.jpg
2118.53125	0.0	image/165	165	1084688	train2017/000000032275.jpg
2119.353515625	0.0	image/202	202	1085109	train2017/000000566201.jpg
2120.93359375	0.0	image/237	237	1085918	train2017/000000095809.jpg
2121.69921875	0.0	image/225	225	1086310	train2017/000000047172.jpg
2122.48828125	0.0	image/211	211	1086714	train2017/000000567837.jpg
2123.298828125	0.0	image/223	223	1087129	train2017/000000309135.jpg
2124.087890625	0.0	image/226	226	1087533	train2017/000000571499.jpg
2124.888671875	0.0	image/185	185	1087943	train2017/000000036589.jpg
2126.48828125	0.0	image/215	215	1088762	train2017/000000306249.jpg
2127.306640625	0.0	image/173	173	1089181	train2017/000000559816.jpg
2128.1171875	0.0	image/146	146	1089596	train2017/000000289460.jpg
2128.90234375	0.0	image/127	127	1089998	train2017/000000285450.jpg
2129.689453125	0.0	image/240	240	1090401	train2017/000000575971.jpg
2131.267578125	0.0	image/133	133	1091209	train2017/000000026029.jpg
2132.07421875	0.0	image/139	139	1091622	train2017/000000026702.jpg
2132.890625	0.0	image/189	189	1092040	train2017/000000300881.jpg
2133.708984375	0.0	image/212	212	1092459	train2017/000000043776.jpg
2134.537109375	0.0	image/235	235	1092883	train2017/000000050256.jpg
2135.3046875	0.0	image/200	200	1093276	train2017/000000565834.jpg
2136.087890625	0.0	image/214	214	1093677	train2017/000000306031.jpg
2136.853515625	0.0	image/158	158	1094069	train2017/000000030148.jpg
2137.671875	0.0	image/233	233	1094488	train2017/000000532520.jpg
2138.470703125	0.0	image/229	229	1094897	train2017/000000310870.jpg
2139.259765625	0.0	image/224	224	1095301	train2017/000000309192.jpg
2140.087890625	0.0	image/183	183	1095725	train2017/000000298395.jpg
2140.89453125	0.0	image/204	204	1096138	train2017/000000304187.jpg
2142.494140625	0.0	image/205	205	1096957	train2017/000000566341.jpg
2143.310546875	0.0	image/191	191	1097375	train2017/000000039196.jpg
2144.875	0.0	image/128	128	1098176	train2017/000000547644.jpg
2145.677734375	0.0	image/152	152	1098587	train2017/000000553166.jpg
2146.47265625	0.0	image/190	190	1098994	train2017/000000038801.jpg
2147.26171875	0.0	image/140	140	1099398	train2017/000000551164.jpg
2148.05859375	0.0	image/129	129	1099806	train2017/000000023392.jpg
2148.845703125	0.0	image/163	163	1100209	train2017/000000032134.jpg
2149.623046875	0.0	image/227	227	1100607	train2017/000000047638.jpg
2150.4296875	0.0	image/197	197	1101020	train2017/000000303392.jpg
2151.24609375	0.0	image/142	142	1101438	train2017/000000027002.jpg
2152.041015625	0.0	image/212	212	1101845	train2017/000000043776.jpg
2152.845703125	0.0	image/175	175	1102257	train2017/000000559225.jpg
2153.625	0.0	image/209	209	1102656	train2017/000000043176.jpg
2154.41015625	0.0	image/164	164	1103058	train2017/000000556542.jpg
2155.208984375	0.0	image/230	230	1103467	train2017/000000573337.jpg
2156.015625	0.0	image/192	192	1103880	train2017/000000225054.jpg
2156.810546875	0.0	image/232	232	1104287	train2017/000000311232.jpg
2158.416015625	0.0	image/187	187	1105109	train2017/000000037779.jpg
2159.2265625	0.0	image/206	206	1105524	train2017/000000263276.jpg
2160.048828125	0.0	image/170	170	1105945	train2017/000000033727.jpg
2160.830078125	0.0	image/153	153	1106345	train2017/000000553586.jpg
2161.6328125	0.0	image/125	125	1106756	train2017/000000022964.jpg
2162.466796875	0.0	image/169	169	1107183	train2017/000000557886.jpg
2163.25	0.0	image/123	123	1107584	train2017/000000022256.jpg
2164.06640625	0.0	image/121	121	1108002	train2017/000000546140.jpg
2164.87890625	0.0	image/235	235	1108418	train2017/000000050256.jpg
2165.6953125	0.0	image/124	124	1108836	train2017/000000122964.jpg
2166.46875	0.0	image/132	132	1109232	train2017/000000549830.jpg
2167.251953125	0.0	image/144	144	1109633	train2017/000000354070.jpg
2168.064453125	0.0	image/233	233	1110049	train2017/000000532520.jpg
2168.830078125	0.0	image/160	160	1110441	train2017/000000293130.jpg
2169.634765625	0.0	image/158	158	1110853	train2017/000000030148.jpg
2170.46875	0.0	image/238	238	1111280	train2017/000000050624.jpg
2171.248046875	0.0	image/181	181	1111679	train2017/000000035927.jpg
2178.369140625	0.0	image/336	336	1115325	train2017/000000334208.jpg
2179.197265625	0.0	image/345	345	1115749	train2017/000000281567.jpg
2180.001953125	0.0	image/253	253	1116161	train2017/000000054001.jpg
2180.779296875	0.0	image/324	324	1116559	train2017/000000332692.jpg
2181.5859375	0.0	image/321	321	1116972	train2017/000000332498.jpg
2183.203125	0.0	image/331	331	1117800	train2017/000000333654.jpg
2184.8203125	0.0	image/258	258	1118628	train2017/000000055294.jpg
2185.603515625	0.0	image/260	260	1119029	train2017/000000055514.jpg
2186.404296875	0.0	image/352	352	1119439	train2017/000000274776.jpg
2187.220703125	0.0	image/344	344	1119857	train2017/000000073997.jpg
2188.037109375	0.0	image/278	278	1120275	train2017/000000009987.jpg
2188.849609375	0.0	image/286	286	1120691	train2017/000000323397.jpg
2189.638671875	0.0	image/266	266	1121095	train2017/000000056837.jpg
2190.41796875	0.0	image/277	277	1121494	train2017/000000009983.jpg
2191.998046875	0.0	image/285	285	1122303	train2017/000000061174.jpg
2192.8046875	0.0	image/327	327	1122716	train2017/000000333152.jpg
2193.623046875	0.0	image/245	245	1123135	train2017/000000052348.jpg
2194.40234375	0.0	image/350	350	1123534	train2017/000000074828.jpg
2195.974609375	0.0	image/270	270	1124339	train2017/000000058407.jpg
2196.7578125	0.0	image/332	332	1124740	train2017/000000579906.jpg
2197.5859375	0.0	image/342	342	1125164	train2017/000000335688.jpg
2198.357421875	0.0	image/281	281	1125559	train2017/000000323010.jpg
2199.15234375	0.0	image/343	343	1125966	train2017/000000335824.jpg
2199.958984375	0.0	image/330	330	1126379	train2017/000000333629.jpg
2200.775390625	0.0	image/318	318	1126797	train2017/000000069705.jpg
2201.591796875	0.0	image/336	336	1127215	train2017/000000334208.jpg
2202.388671875	0.0	image/252	252	1127623	train2017/000000578169.jpg
2203.16015625	0.0	image/327	327	1128018	train2017/000000333152.jpg
2203.939453125	0.0	image/276	276	1128417	train2017/000000322008.jpg
2204.7421875	0.0	image/242	242	1128828	train2017/000000051774.jpg
2205.5390625	0.0	image/278	278	1129236	train2017/000000009987.jpg
2206.359375	0.0	image/273	273	1129656	train2017/000000059321.jpg
2207.193359375	0.0	image/251	251	1130083	train2017/000000053778.jpg
2208.0234375	0.0	image/344	344	1130508	train2017/000000073997.jpg
2208.828125	0.0	image/316	316	1130920	train2017/000000246728.jpg
2209.662109375	0.0	image/333	333	1131347	train2017/000000334011.jpg
2210.494140625	0.0	image/312	312	1131773	train2017/000000068238.jpg
2211.2890625	0.0	image/302	302	1132180	train2017/000000328454.jpg
2212.107421875	0.0	image/287	287	1132599	train2017/000000061266.jpg
2212.927734375	0.0	image/301	301	1133019	train2017/000000066253.jpg
2213.740234375	0.0	image/356	356	1133435	train2017/000000012795.jpg
2214.546875	0.0	image/346	346	1133848	train2017/000000336374.jpg
2215.32421875	0.0	image/328	328	1134246	train2017/000000071429.jpg
2216.095703125	0.0	image/299	299	1134641	train2017/000000327191.jpg
2216.9296875	0.0	image/289	289	1135068	train2017/000000061559.jpg
2217.74609375	0.0	image/310	310	1135486	train2017/000000330086.jpg
2218.564453125	0.0	image/313	313	1135905	train2017/000000011373.jpg
2219.34765625	0.0	image/333	333	1136306	train2017/000000334011.jpg
2220.158203125	0.0	image/354	354	1136721	train2017/000000076476.jpg
2220.947265625	0.0	image/271	271	1137125	train2017/000000058465.jpg
2221.728515625	0.0	image/346	346	1137525	train2017/000000336374.jpg
2223.328125	0.0	image/270	270	1138344	train2017/000000058407.jpg
2224.099609375	0.0	image/325	325	1138739	train2017/000000002349.jpg
2224.8828125	0.0	image/324	324	1139140	train2017/000000332692.jpg
2225.6796875	0.0	image/297	297	1139548	train2017/000000065012.jpg
2226.5	0.0	image/250	250	1139968	train2017/000000577964.jpg
2227.29296875	0.0	image/329	329	1140374	train2017/000000333615.jpg
2228.095703125	0.0	image/301	301	1140785	train2017/000000066253.jpg
2228.8671875	0.0	image/359	359	1141180	train2017/000000078000.jpg
2229.6796875	0.0	image/249	249	1141596	train2017/000000577817.jpg
2231.267578125	0.0	image/243	243	1142409	train2017/000000560396.jpg
2232.05078125	0.0	image/290	290	1142810	train2017/000000534553.jpg
2232.833984375	0.0	image/308	308	1143211	train2017/000000067623.jpg
2233.6015625	0.0	image/290	290	1143604	train2017/000000534553.jpg
2234.41796875	0.0	image/328	328	1144022	train2017/000000071429.jpg
2235.203125	0.0	image/305	305	1144424	train2017/000000067347.jpg
2235.99609375	0.0	image/259	259	1144830	train2017/000000055402.jpg
2236.765625	0.0	image/271	271	1145224	train2017/000000058465.jpg
2237.5859375	0.0	image/351	351	1145644	train2017/000000337479.jpg
2238.380859375	0.0	image/283	283	1146051	train2017/000000359687.jpg
2240.01953125	0.0	image/275	275	1146890	train2017/000000403184.jpg
2240.837890625	0.0	image/340	340	1147309	train2017/000000335063.jpg
2241.62109375	0.0	image/307	307	1147710	train2017/000000329641.jpg
2242.3984375	0.0	image/357	357	1148108	train2017/000000338987.jpg
2243.18359375	0.0	image/279	279	1148510	train2017/000000322246.jpg
2243.98828125	0.0	image/288	288	1148922	train2017/000000061288.jpg
2244.81640625	0.0	image/321	321	1149346	train2017/000000332498.jpg
2245.638671875	0.0	image/272	272	1149767	train2017/000000359337.jpg
2246.46484375	0.0	image/277	277	1150190	train2017/000000009983.jpg
2247.2890625	0.0	image/334	334	1150612	train2017/000000334048.jpg
2248.072265625	0.0	image/247	247	1151013	train2017/000000576789.jpg
2248.908203125	0.0	image/338	338	1151441	train2017/000000334772.jpg
2249.701171875	0.0	image/262	262	1151847	train2017/000000318381.jpg
2251.33984375	0.0	image/343	343	1152686	train2017/000000335824.jpg
2252.15625	0.0	image/322	322	1153104	train2017/000000070421.jpg
2252.974609375	0.0	image/268	268	1153523	train2017/000000057796.jpg
2253.7734375	0.0	image/303	303	1153932	train2017/000000328628.jpg
2254.5703125	0.0	image/274	274	1154340	train2017/000000321902.jpg
2255.375	0.0	image/351	351	1154752	train2017/000000337479.jpg
2256.158203125	0.0	image/282	282	1155153	train2017/000000053842.jpg
2256.958984375	0.0	image/263	263	1155563	train2017/000000318444.jpg
2257.79296875	0.0	image/275	275	1155990	train2017/000000403184.jpg
2258.60546875	0.0	image/335	335	1156406	train2017/000000071927.jpg
2259.42578125	0.0	image/302	302	1156826	train2017/000000328454.jpg
2260.220703125	0.0	image/300	300	1157233	train2017/000000065400.jpg
2261.04296875	0.0	image/286	286	1157654	train2017/000000323397.jpg
2261.8203125	0.0	image/357	357	1158052	train2017/000000338987.jpg
2262.611328125	0.0	image/320	320	1158457	train2017/000000332448.jpg
2263.427734375	0.0	image/303	303	1158875	train2017/000000328628.jpg
2264.228515625	0.0	image/259	259	1159285	train2017/000000055402.jpg
2265.005859375	0.0	image/281	281	1159683	train2017/000000323010.jpg
2265.7734375	0.0	image/337	337	1160076	train2017/000000072095.jpg
2266.595703125	0.0	image/317	317	1160497	train2017/000000069625.jpg
2267.427734375	0.0	image/358	358	1160923	train2017/000000077870.jpg
2268.24609375	0.0	image/288	288	1161342	train2017/000000061288.jpg
2269.029296875	0.0	image/289	289	1161743	train2017/000000061559.jpg
2269.82421875	0.0	image/285	285	1162150	train2017/000000061174.jpg
2270.646484375	0.0	image/294	294	1162571	train2017/000000325710.jpg
2271.45703125	0.0	image/274	274	1162986	train2017/000000321902.jpg
2272.263671875	0.0	image/284	284	1163399	train2017/000000323182.jpg
2273.880859375	0.0	image/276	276	1164227	train2017/000000322008.jpg
2274.6640625	0.0	image/242	242	1164628	train2017/000000051774.jpg
2275.494140625	0.0	image/296	296	1165053	train2017/000000064534.jpg
2276.2578125	0.0	image/326	326	1165444	train2017/000000332875.jpg
2277.048828125	0.0	image/246	246	1165849	train2017/000000576749.jpg
2277.83203125	0.0	image/341	341	1166250	train2017/000000492851.jpg
2278.609375	0.0	image/338	338	1166648	train2017/000000334772.jpg
2279.4140625	0.0	image/294	294	1167060	train2017/000000325710.jpg
2280.19921875	0.0	image/260	260	1167462	train2017/000000055514.jpg
2280.978515625	0.0	image/253	253	1167861	train2017/000000054001.jpg
2281.76171875	0.0	image/292	292	1168262	train2017/000000323970.jpg
2282.56640625	0.0	image/341	341	1168674	train2017/000000492851.jpg
2284.12890625	0.0	image/359	359	1169474	train2017/000000078000.jpg
2284.9453125	0.0	image/299	299	1169892	train2017/000000327191.jpg
2286.55078125	0.0	image/311	311	1170714	train2017/000000067961.jpg
2287.328125	0.0	image/268	268	1171112	train2017/000000057796.jpg
2288.134765625	0.0	image/315	315	1171525	train2017/000000068623.jpg
2289.734375	0.0	image/267	267	1172344	train2017/000000057631.jpg
2291.365234375	0.0	image/256	256	1173179	train2017/000000009199.jpg
2292.185546875	0.0	image/349	349	1173599	train2017/000000074714.jpg
2292.986328125	0.0	image/245	245	1174009	train2017/000000052348.jpg
2293.8203125	0.0	image/339	339	1174436	train2017/000000072715.jpg
2294.6484375	0.0	image/273	273	1174860	train2017/000000059321.jpg
2295.453125	0.0	image/298	298	1175272	train2017/000000065029.jpg
2296.248046875	0.0	image/284	284	1175679	train2017/000000323182.jpg
2297.0703125	0.0	image/313	313	1176100	train2017/000000011373.jpg
2297.853515625	0.0	image/280	280	1176501	train2017/000000322255.jpg
2298.666015625	0.0	image/355	355	1176917	train2017/000000338670.jpg
2299.4375	0.0	image/265	265	1177312	train2017/000000580813.jpg
2300.232421875	0.0	image/330	330	1177719	train2017/000000333629.jpg
2301.005859375	0.0	image/329	329	1178115	train2017/000000333615.jpg
2301.81640625	0.0	image/304	304	1178530	train2017/000000066696.jpg
2302.623046875	0.0	image/255	255	1178943	train2017/000000055184.jpg
2303.43359375	0.0	image/358	358	1179358	train2017/000000077870.jpg
2304.255859375	0.0	image/304	304	1179779	train2017/000000066696.jpg
2305.068359375	0.0	image/326	326	1180195	train2017/000000332875.jpg
2305.83984375	0.0	image/292	292	1180590	train2017/000000323970.jpg
2306.634765625	0.0	image/353	353	1180997	train2017/000000338169.jpg
2307.453125	0.0	image/300	300	1181416	train2017/000000065400.jpg
2308.234375	0.0	image/254	254	1181816	train2017/000000317061.jpg
2309.03515625	0.0	image/244	244	1182226	train2017/000000314379.jpg
2309.82421875	0.0	image/308	308	1182630	train2017/000000067623.jpg
2310.640625	0.0	image/250	250	1183048	train2017/000000577964.jpg
2311.44140625	0.0	image/345	345	1183458	train2017/000000281567.jpg
2312.224609375	0.0	image/354	354	1183859	train2017/000000076476.jpg
2313.0546875	0.0	image/297	297	1184284	train2017/000000065012.jpg
2313.826171875	0.0	image/269	269	1184679	train2017/000000320533.jpg
2314.654296875	0.0	image/353	353	1185103	train2017/000000338169.jpg
2316.244140625	0.0	image/348	348	1185917	train2017/000000074461.jpg
2317.02734375	0.0	image/340	340	1186318	train2017/000000335063.jpg
2317.82421875	0.0	image/256	256	1186726	train2017/000000009199.jpg
2318.626953125	0.0	image/305	305	1187137	train2017/000000067347.jpg
2319.41015625	0.0	image/283	283	1187538	train2017/000000359687.jpg
2320.205078125	0.0	image/310	310	1187945	train2017/000000330086.jpg
2321.005859375	0.0	image/355	355	1188355	train2017/000000338670.jpg
2321.810546875	0.0	image/248	248	1188767	train2017/000000455691.jpg
2323.462890625	0.0	image/291	291	1189613	train2017/000000490875.jpg
2324.255859375	0.0	image/298	298	1190019	train2017/000000065029.jpg
2325.845703125	0.0	image/251	251	1190833	train2017/000000053778.jpg
2326.640625	0.0	image/293	293	1191240	train2017/000000062547.jpg
2327.462890625	0.0	image/314	314	1191661	train2017/000000055090.jpg
2328.259765625	0.0	image/347	347	1192069	train2017/000000074390.jpg
2329.05859375	0.0	image/306	306	1192478	train2017/000000281575.jpg
2330.61328125	0.0	image/287	287	1193274	train2017/000000061266.jpg
2331.42578125	0.0	image/309	309	1193690	train2017/000000330084.jpg
2332.193359375	0.0	image/293	293	1194083	train2017/000000062547.jpg
2333.02734375	0.0	image/265	265	1194510	train2017/000000580813.jpg
2333.810546875	0.0	image/264	264	1194911	train2017/000000001877.jpg
2334.576171875	0.0	image/261	261	1195303	train2017/000000317781.jpg
2335.3828125	0.0	image/323	323	1195716	train2017/000000332574.jpg
2336.966796875	0.0	image/322	322	1196527	train2017/000000070421.jpg
2337.783203125	0.0	image/320	320	1196945	train2017/000000332448.jpg
2338.578125	0.0	image/248	248	1197352	train2017/000000455691.jpg
2339.396484375	0.0	image/312	312	1197771	train2017/000000068238.jpg
2340.2109375	0.0	image/348	348	1198188	train2017/000000074461.jpg
2341.029296875	0.0	image/261	261	1198607	train2017/000000317781.jpg
2342.611328125	0.0	image/339	339	1199417	train2017/000000072715.jpg
2343.43359375	0.0	image/335	335	1199838	train2017/000000071927.jpg
2345.033203125	0.0	image/332	332	1200657	train2017/000000579906.jpg
2345.814453125	0.0	image/360	360	1201057	train2017/000000078042.jpg
2346.619140625	0.0	image/244	244	1201469	train2017/000000314379.jpg
2347.4296875	0.0	image/257	257	1201884	train2017/000000055206.jpg
2348.236328125	0.0	image/331	331	1202297	train2017/000000333654.jpg
2349.048828125	0.0	image/296	296	1202713	train2017/000000064534.jpg
2349.86328125	0.0	image/255	255	1203130	train2017/000000055184.jpg
2351.453125	0.0	image/252	252	1203944	train2017/000000578169.jpg
2352.234375	0.0	image/316	316	1204344	train2017/000000246728.jpg
2353.015625	0.0	image/269	269	1204744	train2017/000000320533.jpg
2354.654296875	0.0	image/282	282	1205583	train2017/000000053842.jpg
2355.47265625	0.0	image/241	241	1206002	train2017/000000576011.jpg
2356.25	0.0	image/323	323	1206400	train2017/000000332574.jpg
2357.021484375	0.0	image/325	325	1206795	train2017/000000002349.jpg
2357.822265625	0.0	image/315	315	1207205	train2017/000000068623.jpg
2358.650390625	0.0	image/249	249	1207629	train2017/000000577817.jpg
2359.45703125	0.0	image/349	349	1208042	train2017/000000074714.jpg
2360.283203125	0.0	image/272	272	1208465	train2017/000000359337.jpg
2361.0859375	0.0	image/352	352	1208876	train2017/000000274776.jpg
2361.890625	0.0	image/241	241	1209288	train2017/000000576011.jpg
2362.71875	0.0	image/314	314	1209712	train2017/000000055090.jpg
2363.5234375	0.0	image/347	347	1210124	train2017/000000074390.jpg
2364.30859375	0.0	image/267	267	1210526	train2017/000000057631.jpg
2365.107421875	0.0	image/318	318	1210935	train2017/000000069705.jpg
2365.92578125	0.0	image/309	309	1211354	train2017/000000330084.jpg
2366.75390625	0.0	image/291	291	1211778	train2017/000000490875.jpg
2367.541015625	0.0	image/356	356	1212181	train2017/000000012795.jpg
2368.318359375	0.0	image/317	317	1212579	train2017/000000069625.jpg
2369.087890625	0.0	image/280	280	1212973	train2017/000000322255.jpg
2369.90625	0.0	image/266	266	1213392	train2017/000000056837.jpg
2370.720703125	0.0	image/243	243	1213809	train2017/000000560396.jpg
2371.537109375	0.0	image/258	258	1214227	train2017/000000055294.jpg
2372.34375	0.0	image/295	295	1214640	train2017/000000010743.jpg
2373.154296875	0.0	image/342	342	1215055	train2017/000000335688.jpg
2373.95703125	0.0	image/295	295	1215466	train2017/000000010743.jpg
2374.771484375	0.0	image/360	360	1215883	train2017/000000078042.jpg
2375.560546875	0.0	image/319	319	1216287	train2017/000000332261.jpg
2376.361328125	0.0	image/262	262	1216697	train2017/000000318381.jpg
2377.978515625	0.0	image/350	350	1217525	train2017/000000074828.jpg
2378.791015625	0.0	image/246	246	1217941	train2017/000000576749.jpg
2379.572265625	0.0	image/337	337	1218341	train2017/000000072095.jpg
2380.375	0.0	image/334	334	1218752	train2017/000000334048.jpg
2381.162109375	0.0	image/279	279	1219155	train2017/000000322246.jpg
2382.814453125	0.0	image/319	319	1220001	train2017/000000332261.jpg
2383.630859375	0.0	image/311	311	1220419	train2017/000000067961.jpg
2384.42578125	0.0	image/263	263	1220826	train2017/000000318444.jpg
2385.197265625	0.0	image/264	264	1221221	train2017/000000001877.jpg
2385.9765625	0.0	image/257	257	1221620	train2017/000000055206.jpg
2386.796875	0.0	image/306	306	1222040	train2017/000000281575.jpg
2387.626953125	0.0	image/254	254	1222465	train2017/000000317061.jpg
2388.3984375	0.0	image/247	247	1222860	train2017/000000576789.jpg
2389.1953125	0.0	image/307	307	1223268	train2017/000000329641.jpg
2397.0234375	0.0	image/399	399	1227276	train2017/000000320508.jpg
2397.8359375	0.0	image/468	468	1227692	train2017/000000542304.jpg
2398.623046875	0.0	image/422	422	1228095	train2017/000000059194.jpg
2399.439453125	0.0	image/443	443	1228513	train2017/000000099580.jpg
2400.255859375	0.0	image/381	381	1228931	train2017/000000082770.jpg
2401.919921875	0.0	image/413	413	1229783	train2017/000000364806.jpg
2402.71875	0.0	image/457	457	1230192	train2017/000000366396.jpg
2403.525390625	0.0	image/403	403	1230605	train2017/000000089908.jpg
2404.357421875	0.0	image/471	471	1231031	train2017/000000372775.jpg
2405.154296875	0.0	image/436	436	1231439	train2017/000000098480.jpg
2405.953125	0.0	image/461	461	1231848	train2017/000000106107.jpg
2406.7578125	0.0	image/423	423	1232260	train2017/000000355622.jpg
2407.591796875	0.0	image/364	364	1232687	train2017/000000275335.jpg
2408.40234375	0.0	image/367	367	1233102	train2017/000000080619.jpg
2409.9765625	0.0	image/376	376	1233908	train2017/000000081995.jpg
2410.7734375	0.0	image/455	455	1234316	train2017/000000104044.jpg
2411.591796875	0.0	image/427	427	1234735	train2017/000000357228.jpg
2412.427734375	0.0	image/371	371	1235163	train2017/000000081365.jpg
2413.205078125	0.0	image/382	382	1235561	train2017/000000345149.jpg
2414.0078125	0.0	image/456	456	1235972	train2017/000000104081.jpg
2414.7890625	0.0	image/462	462	1236372	train2017/000000368852.jpg
2415.595703125	0.0	image/455	455	1236785	train2017/000000104044.jpg
2416.427734375	0.0	image/414	414	1237211	train2017/000000091784.jpg
2417.2109375	0.0	image/431	431	1237612	train2017/000000095828.jpg
2417.99609375	0.0	image/413	413	1238014	train2017/000000364806.jpg
2418.830078125	0.0	image/403	403	1238441	train2017/000000089908.jpg
2419.61328125	0.0	image/391	391	1238842	train2017/000000346795.jpg
2420.4453125	0.0	image/400	400	1239268	train2017/000000350299.jpg
2422.041015625	0.0	image/458	458	1240085	train2017/000000104502.jpg
2422.84765625	0.0	image/463	463	1240498	train2017/000000369171.jpg
2423.625	0.0	image/428	428	1240896	train2017/000000095176.jpg
2425.212890625	0.0	image/467	467	1241709	train2017/000000017935.jpg
2425.998046875	0.0	image/385	385	1242111	train2017/000000345751.jpg
2426.775390625	0.0	image/432	432	1242509	train2017/000000096161.jpg
2428.3515625	0.0	image/384	384	1243316	train2017/000000345725.jpg
2429.177734375	0.0	image/428	428	1243739	train2017/000000095176.jpg
2429.9609375	0.0	image/476	476	1244140	train2017/000000112734.jpg
2431.515625	0.0	image/387	387	1244936	train2017/000000083738.jpg
2432.326171875	0.0	image/441	441	1245351	train2017/000000099363.jpg
2433.1171875	0.0	image/464	464	1245756	train2017/000000369230.jpg
2433.9453125	0.0	image/361	361	1246180	train2017/000000340317.jpg
2434.734375	0.0	image/363	363	1246584	train2017/000000079111.jpg
2435.56640625	0.0	image/444	444	1247010	train2017/000000100396.jpg
2436.361328125	0.0	image/399	399	1247417	train2017/000000320508.jpg
2437.14453125	0.0	image/366	366	1247818	train2017/000000080275.jpg
2437.962890625	0.0	image/419	419	1248237	train2017/000000092288.jpg
2438.78515625	0.0	image/418	418	1248658	train2017/000000092221.jpg
2439.5859375	0.0	image/423	423	1249068	train2017/000000355622.jpg
2440.369140625	0.0	image/383	383	1249469	train2017/000000083393.jpg
2441.181640625	0.0	image/386	386	1249885	train2017/000000083632.jpg
2441.986328125	0.0	image/395	395	1250297	train2017/000000087146.jpg
2442.76953125	0.0	image/416	416	1250698	train2017/000000354095.jpg
2443.58203125	0.0	image/389	389	1251114	train2017/000000346583.jpg
2444.3984375	0.0	image/419	419	1251532	train2017/000000092288.jpg
2445.169921875	0.0	image/406	406	1251927	train2017/000000352236.jpg
2445.947265625	0.0	image/445	445	1252325	train2017/000000362677.jpg
2446.71484375	0.0	image/475	475	1252718	train2017/000000373970.jpg
2447.521484375	0.0	image/466	466	1253131	train2017/000000107204.jpg
2448.33203125	0.0	image/436	436	1253546	train2017/000000098480.jpg
2449.115234375	0.0	image/474	474	1253947	train2017/000000373679.jpg
2449.921875	0.0	image/375	375	1254360	train2017/000000081961.jpg
2450.751953125	0.0	image/379	379	1254785	train2017/000000569678.jpg
2451.572265625	0.0	image/361	361	1255205	train2017/000000340317.jpg
2452.349609375	0.0	image/412	412	1255603	train2017/000000408492.jpg
2453.1328125	0.0	image/464	464	1256004	train2017/000000369230.jpg
2453.90234375	0.0	image/364	364	1256398	train2017/000000275335.jpg
2455.505859375	0.0	image/453	453	1257219	train2017/000000103366.jpg
2456.291015625	0.0	image/478	478	1257621	train2017/000000114035.jpg
2457.07421875	0.0	image/376	376	1258022	train2017/000000081995.jpg
2457.857421875	0.0	image/379	379	1258423	train2017/000000569678.jpg
2458.66796875	0.0	image/387	387	1258838	train2017/000000083738.jpg
2459.435546875	0.0	image/434	434	1259231	train2017/000000097201.jpg
2460.205078125	0.0	image/410	410	1259625	train2017/000000090994.jpg
2461.01953125	0.0	image/369	369	1260042	train2017/000000080987.jpg
2461.826171875	0.0	image/460	460	1260455	train2017/000000367552.jpg
2463.458984375	0.0	image/397	397	1261291	train2017/000000087334.jpg
2464.25390625	0.0	image/418	418	1261698	train2017/000000092221.jpg
2465.025390625	0.0	image/409	409	1262093	train2017/000000090827.jpg
2465.837890625	0.0	image/425	425	1262509	train2017/000000356771.jpg
2466.623046875	0.0	image/383	383	1262911	train2017/000000083393.jpg
2468.25390625	0.0	image/408	408	1263746	train2017/000000352861.jpg
2469.060546875	0.0	image/417	417	1264159	train2017/000000092001.jpg
2469.87109375	0.0	image/394	394	1264574	train2017/000000087126.jpg
2470.638671875	0.0	image/393	393	1264967	train2017/000000086811.jpg
2471.40625	0.0	image/434	434	1265360	train2017/000000097201.jpg
2472.173828125	0.0	image/461	461	1265753	train2017/000000106107.jpg
2473.779296875	0.0	image/405	405	1266575	train2017/000000189765.jpg
2474.611328125	0.0	image/416	416	1267001	train2017/000000354095.jpg
2475.412109375	0.0	image/471	471	1267411	train2017/000000372775.jpg
2476.208984375	0.0	image/421	421	1267819	train2017/000000354761.jpg
2477.025390625	0.0	image/407	407	1268237	train2017/000000352724.jpg
2478.6171875	0.0	image/388	388	1269052	train2017/000000084174.jpg
2479.396484375	0.0	image/433	433	1269451	train2017/000000359085.jpg
2480.208984375	0.0	image/462	462	1269867	train2017/000000368852.jpg
2481.013671875	0.0	image/380	380	1270279	train2017/000000082650.jpg
2481.828125	0.0	image/444	444	1270696	train2017/000000100396.jpg
2482.642578125	0.0	image/394	394	1271113	train2017/000000087126.jpg
2483.44921875	0.0	image/407	407	1271526	train2017/000000352724.jpg
2484.275390625	0.0	image/427	427	1271949	train2017/000000357228.jpg
2485.064453125	0.0	image/390	390	1272353	train2017/000000346754.jpg
2486.681640625	0.0	image/382	382	1273181	train2017/000000345149.jpg
2487.5	0.0	image/426	426	1273600	train2017/000000357074.jpg
2488.3125	0.0	image/480	480	1274016	train2017/000000376407.jpg
2489.12890625	0.0	image/396	396	1274434	train2017/000000349363.jpg
2489.9453125	0.0	image/468	468	1274852	train2017/000000542304.jpg
2490.767578125	0.0	image/435	435	1275273	train2017/000000097218.jpg
2491.53515625	0.0	image/414	414	1275666	train2017/000000091784.jpg
2492.330078125	0.0	image/422	422	1276073	train2017/000000059194.jpg
2493.150390625	0.0	image/392	392	1276493	train2017/000000348204.jpg
2493.98046875	0.0	image/391	391	1276918	train2017/000000346795.jpg
2494.802734375	0.0	image/412	412	1277339	train2017/000000408492.jpg
2495.61328125	0.0	image/424	424	1277754	train2017/000000277778.jpg
2496.38671875	0.0	image/446	446	1278150	train2017/000000100599.jpg
2497.201171875	0.0	image/396	396	1278567	train2017/000000349363.jpg
2497.986328125	0.0	image/467	467	1278969	train2017/000000017935.jpg
2498.763671875	0.0	image/365	365	1279367	train2017/000000080084.jpg
2499.5859375	0.0	image/479	479	1279788	train2017/000000114077.jpg
2500.4140625	0.0	image/392	392	1280212	train2017/000000348204.jpg
2501.220703125	0.0	image/480	480	1280625	train2017/000000376407.jpg
2502.03125	0.0	image/401	401	1281040	train2017/000000088414.jpg
2502.814453125	0.0	image/411	411	1281441	train2017/000000091005.jpg
2503.603515625	0.0	image/378	378	1281845	train2017/000000319517.jpg
2504.404296875	0.0	image/440	440	1282255	train2017/000000361197.jpg
2505.224609375	0.0	image/430	430	1282675	train2017/000000357865.jpg
2506.033203125	0.0	image/395	395	1283089	train2017/000000087146.jpg
2506.83203125	0.0	image/473	473	1283498	train2017/000000372959.jpg
2507.638671875	0.0	image/385	385	1283911	train2017/000000345751.jpg
2508.47265625	0.0	image/469	469	1284338	train2017/000000370369.jpg
2510.0390625	0.0	image/479	479	1285140	train2017/000000114077.jpg
2510.82421875	0.0	image/408	408	1285542	train2017/000000352861.jpg
2511.619140625	0.0	image/409	409	1285949	train2017/000000090827.jpg
2512.423828125	0.0	image/368	368	1286361	train2017/000000008471.jpg
2513.203125	0.0	image/477	477	1286760	train2017/000000113593.jpg
2513.96875	0.0	image/386	386	1287152	train2017/000000083632.jpg
2515.55859375	0.0	image/369	369	1287966	train2017/000000080987.jpg
2516.38671875	0.0	image/401	401	1288390	train2017/000000088414.jpg
2517.189453125	0.0	image/472	472	1288801	train2017/000000110780.jpg
2518.01953125	0.0	image/458	458	1289226	train2017/000000104502.jpg
2518.794921875	0.0	image/440	440	1289623	train2017/000000361197.jpg
2519.625	0.0	image/367	367	1290048	train2017/000000080619.jpg
2520.4375	0.0	image/470	470	1290464	train2017/000000110611.jpg
2521.2421875	0.0	image/370	370	1290876	train2017/000000081105.jpg
2522.056640625	0.0	image/405	405	1291293	train2017/000000189765.jpg
2522.876953125	0.0	image/363	363	1291713	train2017/000000079111.jpg
2523.689453125	0.0	image/370	370	1292129	train2017/000000081105.jpg
2524.46875	0.0	image/452	452	1292528	train2017/000000365218.jpg
2525.23828125	0.0	image/375	375	1292922	train2017/000000081961.jpg
2526.0234375	0.0	image/381	381	1293324	train2017/000000082770.jpg
2526.828125	0.0	image/473	473	1293736	train2017/000000372959.jpg
2528.412109375	0.0	image/472	472	1294547	train2017/000000110780.jpg
2530.01171875	0.0	image/365	365	1295366	train2017/000000080084.jpg
2530.830078125	0.0	image/425	425	1295785	train2017/000000356771.jpg
2531.61328125	0.0	image/373	373	1296186	train2017/000000081841.jpg
2532.443359375	0.0	image/431	431	1296611	train2017/000000095828.jpg
2533.2578125	0.0	image/477	477	1297028	train2017/000000113593.jpg
2534.02734375	0.0	image/400	400	1297422	train2017/000000350299.jpg
2534.82421875	0.0	image/404	404	1297830	train2017/000000352129.jpg
2535.6484375	0.0	image/448	448	1298252	train2017/000000101069.jpg
2536.44140625	0.0	image/362	362	1298658	train2017/000000340734.jpg
2537.244140625	0.0	image/410	410	1299069	train2017/000000090994.jpg
2538.015625	0.0	image/415	415	1299464	train2017/000000354045.jpg
2538.841796875	0.0	image/439	439	1299887	train2017/000000361193.jpg
2539.630859375	0.0	image/457	457	1300291	train2017/000000366396.jpg
2540.416015625	0.0	image/433	433	1300693	train2017/000000359085.jpg
2541.19921875	0.0	image/438	438	1301094	train2017/000000147547.jpg
2541.994140625	0.0	image/368	368	1301501	train2017/000000008471.jpg
2542.78125	0.0	image/372	372	1301904	train2017/000000081474.jpg
2543.6171875	0.0	image/435	435	1302332	train2017/000000097218.jpg
2545.216796875	0.0	image/449	449	1303151	train2017/000000101952.jpg
2546.017578125	0.0	image/373	373	1303561	train2017/000000081841.jpg
2546.814453125	0.0	image/442	442	1303969	train2017/000000361648.jpg
2548.4453125	0.0	image/393	393	1304804	train2017/000000086811.jpg
2549.267578125	0.0	image/384	384	1305225	train2017/000000345725.jpg
2550.05078125	0.0	image/469	469	1305626	train2017/000000370369.jpg
2550.84765625	0.0	image/453	453	1306034	train2017/000000103366.jpg
2551.6171875	0.0	image/430	430	1306428	train2017/000000357865.jpg
2552.416015625	0.0	image/415	415	1306837	train2017/000000354045.jpg
2553.212890625	0.0	image/454	454	1307245	train2017/000000366146.jpg
2553.998046875	0.0	image/451	451	1307647	train2017/000000365003.jpg
2554.796875	0.0	image/456	456	1308056	train2017/000000104081.jpg
2555.5859375	0.0	image/474	474	1308460	train2017/000000373679.jpg
2557.1875	0.0	image/372	372	1309280	train2017/000000081474.jpg
2558.837890625	0.0	image/404	404	1310125	train2017/000000352129.jpg
2559.634765625	0.0	image/452	452	1310533	train2017/000000365218.jpg
2560.455078125	0.0	image/438	438	1310953	train2017/000000147547.jpg
2561.283203125	0.0	image/443	443	1311377	train2017/000000099580.jpg
2562.10546875	0.0	image/429	429	1311798	train2017/000000095337.jpg
2562.884765625	0.0	image/420	420	1312197	train2017/000000092353.jpg
2563.65625	0.0	image/465	465	1312592	train2017/000000369253.jpg
2564.43359375	0.0	image/442	442	1312990	train2017/000000361648.jpg
2565.201171875	0.0	image/398	398	1313383	train2017/000000087871.jpg
2565.9921875	0.0	image/402	402	1313788	train2017/000000088835.jpg
2566.767578125	0.0	image/459	459	1314185	train2017/000000366802.jpg
2567.58984375	0.0	image/470	470	1314606	train2017/000000110611.jpg
2568.41796875	0.0	image/389	389	1315030	train2017/000000346583.jpg
2569.220703125	0.0	image/476	476	1315441	train2017/000000112734.jpg
2570.00390625	0.0	image/380	380	1315842	train2017/000000082650.jpg
2570.80859375	0.0	image/371	371	1316254	train2017/000000081365.jpg
2572.408203125	0.0	image/437	437	1317073	train2017/000000060117.jpg
2574.00390625	0.0	image/451	451	1317890	train2017/000000365003.jpg
2574.826171875	0.0	image/388	388	1318311	train2017/000000084174.jpg
2576.42578125	0.0	image/377	377	1319130	train2017/000000450584.jpg
2577.2265625	0.0	image/432	432	1319540	train2017/000000096161.jpg
2578.02734375	0.0	image/374	374	1319950	train2017/000000046372.jpg
2578.818359375	0.0	image/446	446	1320355	train2017/000000100599.jpg
2579.611328125	0.0	image/439	439	1320761	train2017/000000361193.jpg
2580.40625	0.0	image/441	441	1321168	train2017/000000099363.jpg
2581.1953125	0.0	image/459	459	1321572	train2017/000000366802.jpg
2582.009765625	0.0	image/362	362	1321989	train2017/000000340734.jpg
2582.806640625	0.0	image/424	424	1322397	train2017/000000277778.jpg
2583.611328125	0.0	image/374	374	1322809	train2017/000000046372.jpg
2584.4453125	0.0	image/417	417	1323236	train2017/000000092001.jpg
2585.24609375	0.0	image/437	437	1323646	train2017/000000060117.jpg
2586.041015625	0.0	image/463	463	1324053	train2017/000000369171.jpg
2586.845703125	0.0	image/450	450	1324465	train2017/000000570785.jpg
2587.640625	0.0	image/449	449	1324872	train2017/000000101952.jpg
2588.447265625	0.0	image/397	397	1325285	train2017/000000087334.jpg
2589.2578125	0.0	image/454	454	1325700	train2017/000000366146.jpg
2590.064453125	0.0	image/475	475	1326113	train2017/000000373970.jpg
2590.876953125	0.0	image/421	421	1326529	train2017/000000354761.jpg
2591.662109375	0.0	image/377	377	1326931	train2017/000000450584.jpg
2592.46484375	0.0	image/406	406	1327342	train2017/000000352236.jpg
2593.248046875	0.0	image/402	402	1327743	train2017/000000088835.jpg
2594.029296875	0.0	image/447	447	1328143	train2017/000000100863.jpg
2594.828125	0.0	image/390	390	1328552	train2017/000000346754.jpg
2595.6484375	0.0	image/465	465	1328972	train2017/000000369253.jpg
2596.427734375	0.0	image/378	378	1329371	train2017/000000319517.jpg
2597.25	0.0	image/366	366	1329792	train2017/000000080275.jpg
2598.015625	0.0	image/466	466	1330184	train2017/000000107204.jpg
2598.79296875	0.0	image/398	398	1330582	train2017/000000087871.jpg
2599.611328125	0.0	image/447	447	1331001	train2017/000000100863.jpg
2600.3828125	0.0	image/426	426	1331396	train2017/000000357074.jpg
2601.1953125	0.0	image/429	429	1331812	train2017/000000095337.jpg
2601.984375	0.0	image/411	411	1332216	train2017/000000091005.jpg
2602.80078125	0.0	image/478	478	1332634	train2017/000000114035.jpg
2603.59765625	0.0	image/420	420	1333042	train2017/000000092353.jpg
2604.41796875	0.0	image/450	450	1333462	train2017/000000570785.jpg
2605.212890625	0.0	image/460	460	1333869	train2017/000000367552.jpg
2605.978515625	0.0	image/448	448	1334261	train2017/000000101069.jpg
2607.552734375	0.0	image/445	445	1335067	train2017/000000362677.jpg
2614.390625	0.0	image/588	588	1338568	train2017/000000403739.jpg
2615.21875	0.0	image/485	485	1338992	train2017/000000377576.jpg
2616.001953125	0.0	image/574	574	1339393	train2017/000000139344.jpg
2616.80859375	0.0	image/557	557	1339806	train2017/000000022627.jpg
2617.5859375	0.0	image/565	565	1340204	train2017/000000197656.jpg
2618.37109375	0.0	image/545	545	1340606	train2017/000000131967.jpg
2619.13671875	0.0	image/589	589	1340998	train2017/000000403789.jpg
2619.943359375	0.0	image/484	484	1341411	train2017/000000114822.jpg
2621.54296875	0.0	image/515	515	1342230	train2017/000000123692.jpg
2622.359375	0.0	image/585	585	1342648	train2017/000000140724.jpg
2623.13671875	0.0	image/518	518	1343046	train2017/000000124711.jpg
2623.927734375	0.0	image/571	571	1343451	train2017/000000229233.jpg
2624.7265625	0.0	image/533	533	1343860	train2017/000000392556.jpg
2625.556640625	0.0	image/482	482	1344285	train2017/000000376643.jpg
2626.33984375	0.0	image/559	559	1344686	train2017/000000135965.jpg
2627.111328125	0.0	image/558	558	1345081	train2017/000000398083.jpg
2627.896484375	0.0	image/575	575	1345483	train2017/000000139551.jpg
2628.6953125	0.0	image/599	599	1345892	train2017/000000388853.jpg
2629.490234375	0.0	image/513	513	1346299	train2017/000000282631.jpg
2630.279296875	0.0	image/565	565	1346703	train2017/000000197656.jpg
2631.0625	0.0	image/564	564	1347104	train2017/000000399162.jpg
2631.892578125	0.0	image/544	544	1347529	train2017/000000394008.jpg
2632.6796875	0.0	image/520	520	1347932	train2017/000000125042.jpg
2634.263671875	0.0	image/570	570	1348743	train2017/000000400581.jpg
2635.046875	0.0	image/506	506	1349144	train2017/000000383641.jpg
2635.857421875	0.0	image/497	497	1349559	train2017/000000282032.jpg
2636.6796875	0.0	image/522	522	1349980	train2017/000000125586.jpg
2637.509765625	0.0	image/595	595	1350405	train2017/000000142803.jpg
2638.279296875	0.0	image/573	573	1350799	train2017/000000138904.jpg
2639.060546875	0.0	image/594	594	1351199	train2017/000000404823.jpg
2639.876953125	0.0	image/549	549	1351617	train2017/000000197068.jpg
2640.681640625	0.0	image/600	600	1352029	train2017/000000143420.jpg
2641.462890625	0.0	image/551	551	1352429	train2017/000000134169.jpg
2642.25	0.0	image/512	512	1352832	train2017/000000122811.jpg
2643.060546875	0.0	image/496	496	1353247	train2017/000000380989.jpg
2643.8828125	0.0	image/508	508	1353668	train2017/000000413472.jpg
2644.666015625	0.0	image/491	491	1354069	train2017/000000116603.jpg
2645.443359375	0.0	image/488	488	1354467	train2017/000000115649.jpg
2646.25	0.0	image/569	569	1354880	train2017/000000138153.jpg
2647.078125	0.0	image/581	581	1355304	train2017/000000402199.jpg
2647.861328125	0.0	image/536	536	1355705	train2017/000000196584.jpg
2648.68359375	0.0	image/529	529	1356126	train2017/000000129060.jpg
2649.46484375	0.0	image/567	567	1356526	train2017/000000137706.jpg
2650.26171875	0.0	image/517	517	1356934	train2017/000000123891.jpg
2651.03515625	0.0	image/516	516	1357330	train2017/000000385864.jpg
2651.869140625	0.0	image/514	514	1357757	train2017/000000282707.jpg
2652.697265625	0.0	image/553	553	1358181	train2017/000000134562.jpg
2653.513671875	0.0	image/569	569	1358599	train2017/000000138153.jpg
2654.302734375	0.0	image/499	499	1359003	train2017/000000575164.jpg
2655.119140625	0.0	image/513	513	1359421	train2017/000000282631.jpg
2655.896484375	0.0	image/545	545	1359819	train2017/000000131967.jpg
2656.681640625	0.0	image/537	537	1360221	train2017/000000371353.jpg
2657.470703125	0.0	image/500	500	1360625	train2017/000000381961.jpg
2659.03125	0.0	image/516	516	1361424	train2017/000000385864.jpg
2659.83203125	0.0	image/536	536	1361834	train2017/000000196584.jpg
2660.62109375	0.0	image/549	549	1362238	train2017/000000197068.jpg
2661.416015625	0.0	image/584	584	1362645	train2017/000000285588.jpg
2662.21875	0.0	image/572	572	1363056	train2017/000000138785.jpg
2663.03515625	0.0	image/578	578	1363474	train2017/000000401720.jpg
2663.85546875	0.0	image/593	593	1363894	train2017/000000196777.jpg
2664.671875	0.0	image/585	585	1364312	train2017/000000140724.jpg
2665.45703125	0.0	image/599	599	1364714	train2017/000000388853.jpg
2666.216796875	0.0	image/494	494	1365103	train2017/000000380227.jpg
2667.001953125	0.0	image/541	541	1365505	train2017/000000131524.jpg
2667.8046875	0.0	image/590	590	1365916	train2017/000000404007.jpg
2669.40234375	0.0	image/543	543	1366734	train2017/000000131763.jpg
2670.224609375	0.0	image/592	592	1367155	train2017/000000504289.jpg
2671.00390625	0.0	image/519	519	1367554	train2017/000000124747.jpg
2671.818359375	0.0	image/560	560	1367971	train2017/000000136111.jpg
2672.625	0.0	image/571	571	1368384	train2017/000000229233.jpg
2674.259765625	0.0	image/525	525	1369221	train2017/000000388980.jpg
2675.83984375	0.0	image/563	563	1370030	train2017/000000398540.jpg
2676.603515625	0.0	image/554	554	1370421	train2017/000000135032.jpg
2677.42578125	0.0	image/572	572	1370842	train2017/000000138785.jpg
2678.224609375	0.0	image/577	577	1371251	train2017/000000139561.jpg
2679.876953125	0.0	image/557	557	1372097	train2017/000000022627.jpg
2680.6953125	0.0	image/594	594	1372516	train2017/000000404823.jpg
2681.494140625	0.0	image/504	504	1372925	train2017/000000382951.jpg
2682.306640625	0.0	image/578	578	1373341	train2017/000000401720.jpg
2683.078125	0.0	image/562	562	1373736	train2017/000000022696.jpg
2683.857421875	0.0	image/509	509	1374135	train2017/000000384235.jpg
2684.658203125	0.0	image/495	495	1374545	train2017/000000380729.jpg
2685.423828125	0.0	image/510	510	1374937	train2017/000000544738.jpg
2686.212890625	0.0	image/587	587	1375341	train2017/000000403535.jpg
2687.0078125	0.0	image/566	566	1375748	train2017/000000399835.jpg
2687.822265625	0.0	image/582	582	1376165	train2017/000000140590.jpg
2688.62890625	0.0	image/491	491	1376578	train2017/000000116603.jpg
2689.447265625	0.0	image/493	493	1376997	train2017/000000379713.jpg
2691.046875	0.0	image/568	568	1377816	train2017/000000399984.jpg
2691.826171875	0.0	image/530	530	1378215	train2017/000000391678.jpg
2692.591796875	0.0	image/586	586	1378607	train2017/000000154556.jpg
2693.388671875	0.0	image/531	531	1379015	train2017/000000391754.jpg
2694.193359375	0.0	image/555	555	1379427	train2017/000000397192.jpg
2694.982421875	0.0	image/501	501	1379831	train2017/000000353175.jpg
2695.798828125	0.0	image/547	547	1380249	train2017/000000395758.jpg
2696.615234375	0.0	image/519	519	1380667	train2017/000000124747.jpg
2697.44921875	0.0	image/588	588	1381094	train2017/000000403739.jpg
2699.04296875	0.0	image/494	494	1381910	train2017/000000380227.jpg
2699.8671875	0.0	image/507	507	1382332	train2017/000000383652.jpg
2700.666015625	0.0	image/552	552	1382741	train2017/000000396550.jpg
2702.283203125	0.0	image/527	527	1383569	train2017/000000390120.jpg
2703.0625	0.0	image/581	581	1383968	train2017/000000402199.jpg
2703.8515625	0.0	image/598	598	1384372	train2017/000000405437.jpg
2704.6640625	0.0	image/534	534	1384788	train2017/000000130681.jpg
2705.46875	0.0	image/530	530	1385200	train2017/000000391678.jpg
2706.28515625	0.0	image/575	575	1385618	train2017/000000139551.jpg
2707.1015625	0.0	image/542	542	1386036	train2017/000000284089.jpg
2707.935546875	0.0	image/540	540	1386463	train2017/000000021826.jpg
2708.751953125	0.0	image/487	487	1386881	train2017/000000115637.jpg
2709.537109375	0.0	image/533	533	1387283	train2017/000000392556.jpg
2710.3203125	0.0	image/546	546	1387684	train2017/000000133281.jpg
2711.1171875	0.0	image/586	586	1388092	train2017/000000154556.jpg
2712.720703125	0.0	image/563	563	1388913	train2017/000000398540.jpg
2713.498046875	0.0	image/482	482	1389311	train2017/000000376643.jpg
2714.30078125	0.0	image/486	486	1389722	train2017/000000377703.jpg
2715.0703125	0.0	image/502	502	1390116	train2017/000000120655.jpg
2715.85546875	0.0	image/537	537	1390518	train2017/000000371353.jpg
2716.638671875	0.0	image/560	560	1390919	train2017/000000136111.jpg
2717.43359375	0.0	image/555	555	1391326	train2017/000000397192.jpg
2718.25	0.0	image/515	515	1391744	train2017/000000123692.jpg
2719.056640625	0.0	image/508	508	1392157	train2017/000000413472.jpg
2719.849609375	0.0	image/591	591	1392563	train2017/000000404282.jpg
2720.6328125	0.0	image/504	504	1392964	train2017/000000382951.jpg
2721.421875	0.0	image/483	483	1393368	train2017/000000376858.jpg
2722.990234375	0.0	image/587	587	1394171	train2017/000000403535.jpg
2723.791015625	0.0	image/501	501	1394581	train2017/000000353175.jpg
2724.607421875	0.0	image/510	510	1394999	train2017/000000544738.jpg
2725.390625	0.0	image/492	492	1395400	train2017/000000150636.jpg
2726.19140625	0.0	image/564	564	1395810	train2017/000000399162.jpg
2727.00390625	0.0	image/600	600	1396226	train2017/000000143420.jpg
2727.791015625	0.0	image/497	497	1396629	train2017/000000282032.jpg
2728.603515625	0.0	image/576	576	1397045	train2017/000000401699.jpg
2729.416015625	0.0	image/529	529	1397461	train2017/000000129060.jpg
2730.193359375	0.0	image/503	503	1397859	train2017/000000382890.jpg
2730.97265625	0.0	image/548	548	1398258	train2017/000000395775.jpg
2732.5546875	0.0	image/542	542	1399068	train2017/000000284089.jpg
2733.326171875	0.0	image/589	589	1399463	train2017/000000403789.jpg
2734.13671875	0.0	image/592	592	1399878	train2017/000000504289.jpg
2734.955078125	0.0	image/535	535	1400297	train2017/000000392851.jpg
2735.744140625	0.0	image/522	522	1400701	train2017/000000125586.jpg
2736.521484375	0.0	image/496	496	1401099	train2017/000000380989.jpg
2737.322265625	0.0	image/593	593	1401509	train2017/000000196777.jpg
2738.08984375	0.0	image/554	554	1401902	train2017/000000135032.jpg
2738.90625	0.0	image/591	591	1402320	train2017/000000404282.jpg
2739.728515625	0.0	image/550	550	1402741	train2017/000000066014.jpg
2740.51171875	0.0	image/539	539	1403142	train2017/000000131011.jpg
2741.330078125	0.0	image/514	514	1403561	train2017/000000282707.jpg
2742.123046875	0.0	image/547	547	1403967	train2017/000000395758.jpg
2742.923828125	0.0	image/528	528	1404377	train2017/000000239828.jpg
2744.49609375	0.0	image/538	538	1405182	train2017/000000130973.jpg
2745.330078125	0.0	image/570	570	1405609	train2017/000000400581.jpg
2746.107421875	0.0	image/561	561	1406007	train2017/000000136142.jpg
2746.91015625	0.0	image/543	543	1406418	train2017/000000131763.jpg
2747.697265625	0.0	image/490	490	1406821	train2017/000000116588.jpg
2748.5078125	0.0	image/551	551	1407236	train2017/000000134169.jpg
2749.33203125	0.0	image/579	579	1407658	train2017/000000139815.jpg
2750.16015625	0.0	image/488	488	1408082	train2017/000000115649.jpg
2750.982421875	0.0	image/595	595	1408503	train2017/000000142803.jpg
2751.798828125	0.0	image/523	523	1408921	train2017/000000125703.jpg
2752.6328125	0.0	image/526	526	1409348	train2017/000000389582.jpg
2754.232421875	0.0	image/521	521	1410167	train2017/000000387318.jpg
2755.046875	0.0	image/511	511	1410584	train2017/000000122776.jpg
2756.6640625	0.0	image/579	579	1411412	train2017/000000139815.jpg
2757.451171875	0.0	image/506	506	1411815	train2017/000000383641.jpg
2758.24609375	0.0	image/526	526	1412222	train2017/000000389582.jpg
2759.068359375	0.0	image/576	576	1412643	train2017/000000401699.jpg
2759.87890625	0.0	image/556	556	1413058	train2017/000000135316.jpg
2760.6796875	0.0	image/502	502	1413468	train2017/000000120655.jpg
2761.451171875	0.0	image/528	528	1413863	train2017/000000239828.jpg
2762.234375	0.0	image/538	538	1414264	train2017/000000130973.jpg
2763.0625	0.0	image/590	590	1414688	train2017/000000404007.jpg
2763.8515625	0.0	image/546	546	1415092	train2017/000000133281.jpg
2764.6640625	0.0	image/574	574	1415508	train2017/000000139344.jpg
2765.484375	0.0	image/550	550	1415928	train2017/000000066014.jpg
2766.28515625	0.0	image/484	484	1416338	train2017/000000114822.jpg
2767.916015625	0.0	image/561	561	1417173	train2017/000000136142.jpg
2768.71484375	0.0	image/487	487	1417582	train2017/000000115637.jpg
2769.482421875	0.0	image/596	596	1417975	train2017/000000405215.jpg
2770.265625	0.0	image/498	498	1418376	train2017/000000119669.jpg
2771.037109375	0.0	image/532	532	1418771	train2017/000000130181.jpg
2771.81640625	0.0	image/584	584	1419170	train2017/000000285588.jpg
2772.63671875	0.0	image/517	517	1419590	train2017/000000123891.jpg
2773.47265625	0.0	image/486	486	1420018	train2017/000000377703.jpg
2774.26953125	0.0	image/566	566	1420426	train2017/000000399835.jpg
2775.087890625	0.0	image/553	553	1420845	train2017/000000134562.jpg
2775.919921875	0.0	image/500	500	1421271	train2017/000000381961.jpg
2776.72265625	0.0	image/511	511	1421682	train2017/000000122776.jpg
2777.53515625	0.0	image/577	577	1422098	train2017/000000139561.jpg
2778.357421875	0.0	image/598	598	1422519	train2017/000000405437.jpg
2779.150390625	0.0	image/539	539	1422925	train2017/000000131011.jpg
2780.70703125	0.0	image/552	552	1423722	train2017/000000396550.jpg
2781.525390625	0.0	image/498	498	1424141	train2017/000000119669.jpg
2782.3359375	0.0	image/532	532	1424556	train2017/000000130181.jpg
2783.15625	0.0	image/583	583	1424976	train2017/000000198195.jpg
2783.958984375	0.0	image/596	596	1425387	train2017/000000405215.jpg
2784.7578125	0.0	image/483	483	1425796	train2017/000000376858.jpg
2786.37109375	0.0	image/559	559	1426622	train2017/000000135965.jpg
2787.158203125	0.0	image/512	512	1427025	train2017/000000122811.jpg
2787.970703125	0.0	image/505	505	1427441	train2017/000000120987.jpg
2788.771484375	0.0	image/597	597	1427851	train2017/000000143245.jpg
2789.5390625	0.0	image/493	493	1428244	train2017/000000379713.jpg
2790.310546875	0.0	image/505	505	1428639	train2017/000000120987.jpg
2791.10546875	0.0	image/503	503	1429046	train2017/000000382890.jpg
2791.876953125	0.0	image/485	485	1429441	train2017/000000377576.jpg
2793.4609375	0.0	image/597	597	1430252	train2017/000000143245.jpg
2794.275390625	0.0	image/573	573	1430669	train2017/000000138904.jpg
2795.056640625	0.0	image/481	481	1431069	train2017/000000114274.jpg
2795.86328125	0.0	image/507	507	1431482	train2017/000000383652.jpg
2796.673828125	0.0	image/492	492	1431897	train2017/000000150636.jpg
2798.279296875	0.0	image/535	535	1432719	train2017/000000392851.jpg
2799.109375	0.0	image/580	580	1433144	train2017/000000402057.jpg
2799.923828125	0.0	image/489	489	1433561	train2017/000000115967.jpg
2800.689453125	0.0	image/521	521	1433953	train2017/000000387318.jpg
2801.490234375	0.0	image/534	534	1434363	train2017/000000130681.jpg
2802.314453125	0.0	image/509	509	1434785	train2017/000000384235.jpg
2803.125	0.0	image/525	525	1435200	train2017/000000388980.jpg
2803.91015625	0.0	image/556	556	1435602	train2017/000000135316.jpg
2804.712890625	0.0	image/562	562	1436013	train2017/000000022696.jpg
2805.515625	0.0	image/490	490	1436424	train2017/000000116588.jpg
2806.310546875	0.0	image/481	481	1436831	train2017/000000114274.jpg
2807.91015625	0.0	image/495	495	1437650	train2017/000000380729.jpg
2809.51171875	0.0	image/531	531	1438470	train2017/000000391754.jpg
2810.318359375	0.0	image/524	524	1438883	train2017/000000125725.jpg
2811.1328125	0.0	image/580	580	1439300	train2017/000000402057.jpg
2811.9453125	0.0	image/518	518	1439716	train2017/000000124711.jpg
2812.767578125	0.0	image/583	583	1440137	train2017/000000198195.jpg
2813.568359375	0.0	image/568	568	1440547	train2017/000000399984.jpg
2814.361328125	0.0	image/544	544	1440953	train2017/000000394008.jpg
2815.16796875	0.0	image/558	558	1441366	train2017/000000398083.jpg
2815.978515625	0.0	image/582	582	1441781	train2017/000000140590.jpg
2816.76171875	0.0	image/523	523	1442182	train2017/000000125703.jpg
2817.5859375	0.0	image/541	541	1442604	train2017/000000131524.jpg
2818.369140625	0.0	image/567	567	1443005	train2017/000000137706.jpg
2819.1484375	0.0	image/548	548	1443404	train2017/000000395775.jpg
2819.947265625	0.0	image/540	540	1443813	train2017/000000021826.jpg
2820.74609375	0.0	image/527	527	1444222	train2017/000000390120.jpg
2821.513671875	0.0	image/499	499	1444615	train2017/000000575164.jpg
2822.298828125	0.0	image/489	489	1445017	train2017/000000115967.jpg
2823.103515625	0.0	image/520	520	1445429	train2017/000000125042.jpg
2823.916015625	0.0	image/524	524	1445845	train2017/000000125725.jpg
2832.056640625	0.0	image/663	663	1450013	train2017/000000463620.jpg
2832.857421875	0.0	image/697	697	1450423	train2017/000000433019.jpg
2834.423828125	0.0	image/672	672	1451225	train2017/000000424110.jpg
2835.208984375	0.0	image/624	624	1451627	train2017/000000412857.jpg
2836.01953125	0.0	image/665	665	1452042	train2017/000000160735.jpg
2837.642578125	0.0	image/622	622	1452873	train2017/000000150559.jpg
2838.4765625	0.0	image/688	688	1453300	train2017/000000166764.jpg
2839.275390625	0.0	image/707	707	1453709	train2017/000000173987.jpg
2840.072265625	0.0	image/691	691	1454117	train2017/000000168690.jpg
2840.87109375	0.0	image/611	611	1454526	train2017/000000408922.jpg
2841.638671875	0.0	image/679	679	1454919	train2017/000000164564.jpg
2842.427734375	0.0	image/715	715	1455323	train2017/000000175715.jpg
2843.2265625	0.0	image/617	617	1455732	train2017/000000411475.jpg
2844.00390625	0.0	image/643	643	1456130	train2017/000000416279.jpg
2844.7890625	0.0	image/664	664	1456532	train2017/000000551063.jpg
2845.572265625	0.0	image/708	708	1456933	train2017/000000174213.jpg
2846.341796875	0.0	image/648	648	1457327	train2017/000000417700.jpg
2847.138671875	0.0	image/674	674	1457735	train2017/000000425135.jpg
2847.94140625	0.0	image/705	705	1458146	train2017/000000028930.jpg
2848.74609375	0.0	image/658	658	1458558	train2017/000000563961.jpg
2849.5390625	0.0	image/652	652	1458964	train2017/000000113449.jpg
2850.36328125	0.0	image/661	661	1459386	train2017/000000160142.jpg
2851.173828125	0.0	image/671	671	1459801	train2017/000000161836.jpg
2851.98046875	0.0	image/639	639	1460214	train2017/000000415026.jpg
2852.779296875	0.0	image/623	623	1460623	train2017/000000412855.jpg
2853.57421875	0.0	image/665	665	1461030	train2017/000000160735.jpg
2854.341796875	0.0	image/646	646	1461423	train2017/000000417141.jpg
2855.1484375	0.0	image/702	702	1461836	train2017/000000171328.jpg
2855.943359375	0.0	image/701	701	1462243	train2017/000000079701.jpg
2856.7265625	0.0	image/604	604	1462644	train2017/000000406445.jpg
2857.53125	0.0	image/686	686	1463056	train2017/000000428691.jpg
2858.314453125	0.0	image/701	701	1463457	train2017/000000079701.jpg
2859.09375	0.0	image/638	638	1463856	train2017/000000414853.jpg
2859.900390625	0.0	image/683	683	1464269	train2017/000000428605.jpg
2860.681640625	0.0	image/690	690	1464669	train2017/000000043829.jpg
2861.46484375	0.0	image/706	706	1465070	train2017/000000435902.jpg
2862.263671875	0.0	image/615	615	1465479	train2017/000000148263.jpg
2863.083984375	0.0	image/684	684	1465899	train2017/000000166489.jpg
2863.91015625	0.0	image/616	616	1466322	train2017/000000149221.jpg
2864.6796875	0.0	image/610	610	1466716	train2017/000000146256.jpg
2865.484375	0.0	image/692	692	1467128	train2017/000000169262.jpg
2866.296875	0.0	image/612	612	1467544	train2017/000000408965.jpg
2867.1171875	0.0	image/658	658	1467964	train2017/000000563961.jpg
2867.89453125	0.0	image/718	718	1468362	train2017/000000176085.jpg
2868.685546875	0.0	image/670	670	1468767	train2017/000000423488.jpg
2869.484375	0.0	image/660	660	1469176	train2017/000000422268.jpg
2870.296875	0.0	image/669	669	1469592	train2017/000000161328.jpg
2871.119140625	0.0	image/673	673	1470013	train2017/000000424138.jpg
2871.90234375	0.0	image/666	666	1470414	train2017/000000161062.jpg
2872.71484375	0.0	image/634	634	1470830	train2017/000000152273.jpg
2873.48046875	0.0	image/655	655	1471222	train2017/000000157181.jpg
2874.287109375	0.0	image/685	685	1471635	train2017/000000166504.jpg
2875.119140625	0.0	image/661	661	1472061	train2017/000000160142.jpg
2875.919921875	0.0	image/619	619	1472471	train2017/000000149810.jpg
2876.71484375	0.0	image/601	601	1472878	train2017/000000143594.jpg
2877.521484375	0.0	image/696	696	1473291	train2017/000000028367.jpg
2878.337890625	0.0	image/641	641	1473709	train2017/000000415608.jpg
2879.138671875	0.0	image/653	653	1474119	train2017/000000157119.jpg
2879.951171875	0.0	image/645	645	1474535	train2017/000000416972.jpg
2880.748046875	0.0	image/640	640	1474943	train2017/000000162230.jpg
2881.515625	0.0	image/641	641	1475336	train2017/000000415608.jpg
2882.318359375	0.0	image/603	603	1475747	train2017/000000144193.jpg
2883.900390625	0.0	image/607	607	1476557	train2017/000000461187.jpg
2884.673828125	0.0	image/622	622	1476953	train2017/000000150559.jpg
2885.46875	0.0	image/670	670	1477360	train2017/000000423488.jpg
2886.283203125	0.0	image/662	662	1477777	train2017/000000160181.jpg
2887.07421875	0.0	image/657	657	1478182	train2017/000000419586.jpg
2888.69140625	0.0	image/659	659	1479010	train2017/000000159680.jpg
2889.505859375	0.0	image/713	713	1479427	train2017/000000291280.jpg
2891.07421875	0.0	image/675	675	1480230	train2017/000000163250.jpg
2891.8515625	0.0	image/628	628	1480628	train2017/000000151163.jpg
2892.67578125	0.0	image/644	644	1481050	train2017/000000154207.jpg
2893.4921875	0.0	image/678	678	1481468	train2017/000000164502.jpg
2894.287109375	0.0	image/687	687	1481875	train2017/000000428726.jpg
2895.091796875	0.0	image/602	602	1482287	train2017/000000406292.jpg
2895.919921875	0.0	image/705	705	1482711	train2017/000000028930.jpg
2896.740234375	0.0	image/676	676	1483131	train2017/000000163263.jpg
2897.509765625	0.0	image/639	639	1483525	train2017/000000415026.jpg
2898.326171875	0.0	image/606	606	1483943	train2017/000000407778.jpg
2899.111328125	0.0	image/706	706	1484345	train2017/000000435902.jpg
2899.943359375	0.0	image/677	677	1484771	train2017/000000425712.jpg
2900.76171875	0.0	image/720	720	1485190	train2017/000000176728.jpg
2901.576171875	0.0	image/662	662	1485607	train2017/000000160181.jpg
2902.39453125	0.0	image/717	717	1486026	train2017/000000438154.jpg
2903.1953125	0.0	image/699	699	1486436	train2017/000000170917.jpg
2903.978515625	0.0	image/621	621	1486837	train2017/000000150196.jpg
2904.794921875	0.0	image/669	669	1487255	train2017/000000161328.jpg
2905.572265625	0.0	image/607	607	1487653	train2017/000000461187.jpg
2906.36328125	0.0	image/703	703	1488058	train2017/000000171374.jpg
2907.197265625	0.0	image/651	651	1488485	train2017/000000156084.jpg
2908.029296875	0.0	image/603	603	1488911	train2017/000000144193.jpg
2909.6640625	0.0	image/602	602	1489748	train2017/000000406292.jpg
2910.48046875	0.0	image/668	668	1490166	train2017/000000423222.jpg
2912.076171875	0.0	image/642	642	1490983	train2017/000000154011.jpg
2912.84765625	0.0	image/615	615	1491378	train2017/000000148263.jpg
2913.630859375	0.0	image/693	693	1491779	train2017/000000431764.jpg
2914.427734375	0.0	image/649	649	1492187	train2017/000000418115.jpg
2915.228515625	0.0	image/643	643	1492597	train2017/000000416279.jpg
2916.048828125	0.0	image/628	628	1493017	train2017/000000151163.jpg
2916.826171875	0.0	image/714	714	1493415	train2017/000000437516.jpg
2917.62890625	0.0	image/709	709	1493826	train2017/000000174303.jpg
2918.44921875	0.0	image/613	613	1494246	train2017/000000147331.jpg
2919.279296875	0.0	image/689	689	1494671	train2017/000000508456.jpg
2920.06640625	0.0	image/656	656	1495074	train2017/000000157342.jpg
2920.8828125	0.0	image/682	682	1495492	train2017/000000014269.jpg
2922.517578125	0.0	image/620	620	1496329	train2017/000000153394.jpg
2923.333984375	0.0	image/654	654	1496747	train2017/000000157125.jpg
2924.150390625	0.0	image/674	674	1497165	train2017/000000425135.jpg
2924.984375	0.0	image/667	667	1497592	train2017/000000423209.jpg
2925.818359375	0.0	image/629	629	1498019	train2017/000000151307.jpg
2926.65234375	0.0	image/642	642	1498446	train2017/000000154011.jpg
2927.48046875	0.0	image/703	703	1498870	train2017/000000171374.jpg
2928.28515625	0.0	image/624	624	1499282	train2017/000000412857.jpg
2929.09765625	0.0	image/689	689	1499698	train2017/000000508456.jpg
2929.9140625	0.0	image/611	611	1500116	train2017/000000408922.jpg
2930.71484375	0.0	image/685	685	1500526	train2017/000000166504.jpg
2931.53125	0.0	image/664	664	1500944	train2017/000000551063.jpg
2932.3203125	0.0	image/649	649	1501348	train2017/000000418115.jpg
2933.099609375	0.0	image/638	638	1501747	train2017/000000414853.jpg
2933.87109375	0.0	image/634	634	1502142	train2017/000000152273.jpg
2934.6875	0.0	image/680	680	1502560	train2017/000000485595.jpg
2935.515625	0.0	image/700	700	1502984	train2017/000000170968.jpg
2937.087890625	0.0	image/716	716	1503789	train2017/000000437967.jpg
2937.916015625	0.0	image/710	710	1504213	train2017/000000436578.jpg
2938.685546875	0.0	image/625	625	1504607	train2017/000000369367.jpg
2939.505859375	0.0	image/672	672	1505027	train2017/000000424110.jpg
2940.333984375	0.0	image/614	614	1505451	train2017/000000147694.jpg
2941.15625	0.0	image/697	697	1505872	train2017/000000433019.jpg
2941.974609375	0.0	image/679	679	1506291	train2017/000000164564.jpg
2942.775390625	0.0	image/635	635	1506701	train2017/000000152328.jpg
2943.583984375	0.0	image/714	714	1507115	train2017/000000437516.jpg
2944.38671875	0.0	image/704	704	1507526	train2017/000000420713.jpg
2945.173828125	0.0	image/691	691	1507929	train2017/000000168690.jpg
2945.986328125	0.0	image/715	715	1508345	train2017/000000175715.jpg
2946.787109375	0.0	image/690	690	1508755	train2017/000000043829.jpg
2948.392578125	0.0	image/620	620	1509577	train2017/000000153394.jpg
2949.189453125	0.0	image/694	694	1509985	train2017/000000431825.jpg
2949.9765625	0.0	image/675	675	1510388	train2017/000000163250.jpg
2950.759765625	0.0	image/627	627	1510789	train2017/000000150931.jpg
2951.53515625	0.0	image/696	696	1511186	train2017/000000028367.jpg
2952.3046875	0.0	image/694	694	1511580	train2017/000000431825.jpg
2953.89453125	0.0	image/652	652	1512394	train2017/000000113449.jpg
2954.693359375	0.0	image/711	711	1512803	train2017/000000174504.jpg
2955.509765625	0.0	image/619	619	1513221	train2017/000000149810.jpg
2956.34375	0.0	image/630	630	1513648	train2017/000000462134.jpg
2957.14453125	0.0	image/710	710	1514058	train2017/000000436578.jpg
2957.955078125	0.0	image/692	692	1514473	train2017/000000169262.jpg
2958.7578125	0.0	image/712	712	1514884	train2017/000000174522.jpg
2959.578125	0.0	image/711	711	1515304	train2017/000000174504.jpg
2960.408203125	0.0	image/698	698	1515729	train2017/000000433021.jpg
2961.1953125	0.0	image/680	680	1516132	train2017/000000485595.jpg
2962.013671875	0.0	image/631	631	1516551	train2017/000000151414.jpg
2962.83984375	0.0	image/632	632	1516974	train2017/000000068996.jpg
2964.4453125	0.0	image/613	613	1517796	train2017/000000147331.jpg
2965.23046875	0.0	image/640	640	1518198	train2017/000000162230.jpg
2966.013671875	0.0	image/668	668	1518599	train2017/000000423222.jpg
2967.58203125	0.0	image/647	647	1519402	train2017/000000417264.jpg
2968.3984375	0.0	image/629	629	1519820	train2017/000000151307.jpg
2969.193359375	0.0	image/614	614	1520227	train2017/000000147694.jpg
2969.978515625	0.0	image/700	700	1520629	train2017/000000170968.jpg
2970.78125	0.0	image/693	693	1521040	train2017/000000431764.jpg
2971.609375	0.0	image/709	709	1521464	train2017/000000174303.jpg
2972.431640625	0.0	image/708	708	1521885	train2017/000000174213.jpg
2973.244140625	0.0	image/699	699	1522301	train2017/000000170917.jpg
2974.01171875	0.0	image/636	636	1522694	train2017/000000549729.jpg
2975.58203125	0.0	image/608	608	1523498	train2017/000000024287.jpg
2976.376953125	0.0	image/648	648	1523905	train2017/000000417700.jpg
2977.201171875	0.0	image/606	606	1524327	train2017/000000407778.jpg
2978.017578125	0.0	image/663	663	1524745	train2017/000000463620.jpg
2978.8515625	0.0	image/667	667	1525172	train2017/000000423209.jpg
2979.6640625	0.0	image/695	695	1525588	train2017/000000284987.jpg
2980.447265625	0.0	image/660	660	1525989	train2017/000000422268.jpg
2981.26171875	0.0	image/651	651	1526406	train2017/000000156084.jpg
2982.080078125	0.0	image/633	633	1526825	train2017/000000414176.jpg
2982.904296875	0.0	image/605	605	1527247	train2017/000000406595.jpg
2983.703125	0.0	image/719	719	1527656	train2017/000000438751.jpg
2985.3203125	0.0	image/671	671	1528484	train2017/000000161836.jpg
2986.115234375	0.0	image/604	604	1528891	train2017/000000406445.jpg
2986.9375	0.0	image/636	636	1529312	train2017/000000549729.jpg
2987.73046875	0.0	image/646	646	1529718	train2017/000000417141.jpg
2988.537109375	0.0	image/621	621	1530131	train2017/000000150196.jpg
2989.34765625	0.0	image/684	684	1530546	train2017/000000166489.jpg
2990.955078125	0.0	image/627	627	1531369	train2017/000000150931.jpg
2991.75	0.0	image/656	656	1531776	train2017/000000157342.jpg
2992.5390625	0.0	image/644	644	1532180	train2017/000000154207.jpg
2994.166015625	0.0	image/676	676	1533013	train2017/000000163263.jpg
2994.97265625	0.0	image/687	687	1533426	train2017/000000428726.jpg
2995.783203125	0.0	image/650	650	1533841	train2017/000000419212.jpg
2996.5859375	0.0	image/657	657	1534252	train2017/000000419586.jpg
2997.369140625	0.0	image/682	682	1534653	train2017/000000014269.jpg
2998.15625	0.0	image/666	666	1535056	train2017/000000161062.jpg
2998.96875	0.0	image/609	609	1535472	train2017/000000504888.jpg
2999.7734375	0.0	image/719	719	1535884	train2017/000000438751.jpg
3000.591796875	0.0	image/653	653	1536303	train2017/000000157119.jpg
3001.369140625	0.0	image/605	605	1536701	train2017/000000406595.jpg
3002.9375	0.0	image/632	632	1537504	train2017/000000068996.jpg
3004.55859375	0.0	image/678	678	1538334	train2017/000000164502.jpg
3005.359375	0.0	image/608	608	1538744	train2017/000000024287.jpg
3006.158203125	0.0	image/720	720	1539153	train2017/000000176728.jpg
3006.97265625	0.0	image/654	654	1539570	train2017/000000157125.jpg
3007.787109375	0.0	image/626	626	1539987	train2017/000000412922.jpg
3008.5546875	0.0	image/683	683	1540380	train2017/000000428605.jpg
3009.376953125	0.0	image/704	704	1540801	train2017/000000420713.jpg
3010.16015625	0.0	image/618	618	1541202	train2017/000000149791.jpg
3010.994140625	0.0	image/681	681	1541629	train2017/000000427729.jpg
3012.587890625	0.0	image/637	637	1542445	train2017/000000506039.jpg
3013.39453125	0.0	image/688	688	1542858	train2017/000000166764.jpg
3014.224609375	0.0	image/712	712	1543283	train2017/000000174522.jpg
3015.044921875	0.0	image/650	650	1543703	train2017/000000419212.jpg
3015.87890625	0.0	image/677	677	1544130	train2017/000000425712.jpg
3016.712890625	0.0	image/617	617	1544557	train2017/000000411475.jpg
3017.529296875	0.0	image/609	609	1544975	train2017/000000504888.jpg
3018.36328125	0.0	image/717	717	1545402	train2017/000000438154.jpg
3019.17578125	0.0	image/655	655	1545818	train2017/000000157181.jpg
3019.974609375	0.0	image/645	645	1546227	train2017/000000416972.jpg
3020.740234375	0.0	image/702	702	1546619	train2017/000000171328.jpg
3021.509765625	0.0	image/698	698	1547013	train2017/000000433021.jpg
3022.326171875	0.0	image/612	612	1547431	train2017/000000408965.jpg
3023.130859375	0.0	image/647	647	1547843	train2017/000000417264.jpg
3024.765625	0.0	image/633	633	1548680	train2017/000000414176.jpg
3025.54296875	0.0	image/716	716	1549078	train2017/000000437967.jpg
3027.115234375	0.0	image/713	713	1549883	train2017/000000291280.jpg
3027.916015625	0.0	image/673	673	1550293	train2017/000000424138.jpg
3028.693359375	0.0	image/707	707	1550691	train2017/000000173987.jpg
3029.46484375	0.0	image/623	623	1551086	train2017/000000412855.jpg
3030.283203125	0.0	image/616	616	1551505	train2017/000000149221.jpg
3031.1171875	0.0	image/637	637	1551932	train2017/000000506039.jpg
3031.93359375	0.0	image/659	659	1552350	train2017/000000159680.jpg
3032.74609375	0.0	image/635	635	1552766	train2017/000000152328.jpg
3033.51171875	0.0	image/601	601	1553158	train2017/000000143594.jpg
3034.318359375	0.0	image/631	631	1553571	train2017/000000151414.jpg
3035.14453125	0.0	image/626	626	1553994	train2017/000000412922.jpg
3036.751953125	0.0	image/630	630	1554817	train2017/000000462134.jpg
3037.5625	0.0	image/718	718	1555232	train2017/000000176085.jpg
3039.162109375	0.0	image/610	610	1556051	train2017/000000146256.jpg
3039.947265625	0.0	image/695	695	1556453	train2017/000000284987.jpg
3040.736328125	0.0	image/686	686	1556857	train2017/000000428691.jpg
3041.51953125	0.0	image/625	625	1557258	train2017/000000369367.jpg
3042.34765625	0.0	image/618	618	1557682	train2017/000000149791.jpg
3043.169921875	0.0	image/681	681	1558103	train2017/000000427729.jpg
3051.0078125	0.0	image/778	778	1562116	train2017/000000191686.jpg
3051.806640625	0.0	image/772	772	1562525	train2017/000000190487.jpg
3052.638671875	0.0	image/767	767	1562951	train2017/000000189794.jpg
3053.435546875	0.0	image/807	807	1563359	train2017/000000397815.jpg
3054.2421875	0.0	image/774	774	1563772	train2017/000000191005.jpg
3055.04296875	0.0	image/756	756	1564182	train2017/000000448401.jpg
3055.8359375	0.0	image/797	797	1564588	train2017/000000458178.jpg
3057.453125	0.0	image/837	837	1565416	train2017/000000208805.jpg
3058.27734375	0.0	image/808	808	1565838	train2017/000000461428.jpg
3059.103515625	0.0	image/759	759	1566261	train2017/000000449914.jpg
3059.873046875	0.0	image/821	821	1566655	train2017/000000077686.jpg
3060.654296875	0.0	image/780	780	1567055	train2017/000000192576.jpg
3062.294921875	0.0	image/804	804	1567895	train2017/000000460236.jpg
3063.078125	0.0	image/830	830	1568296	train2017/000000468825.jpg
3063.857421875	0.0	image/784	784	1568695	train2017/000000455020.jpg
3064.658203125	0.0	image/827	827	1569105	train2017/000000296474.jpg
3065.4453125	0.0	image/802	802	1569508	train2017/000000197118.jpg
3066.24609375	0.0	image/798	798	1569918	train2017/000000196365.jpg
3067.056640625	0.0	image/823	823	1570333	train2017/000000204422.jpg
3067.86328125	0.0	image/740	740	1570746	train2017/000000161354.jpg
3068.658203125	0.0	image/801	801	1571153	train2017/000000459190.jpg
3069.45703125	0.0	image/839	839	1571562	train2017/000000209229.jpg
3071.080078125	0.0	image/771	771	1572393	train2017/000000190271.jpg
3071.8984375	0.0	image/786	786	1572812	train2017/000000193023.jpg
3072.724609375	0.0	image/816	816	1573235	train2017/000000464616.jpg
3073.548828125	0.0	image/756	756	1573657	train2017/000000448401.jpg
3074.33203125	0.0	image/792	792	1574058	train2017/000000194108.jpg
3075.140625	0.0	image/744	744	1574472	train2017/000000182799.jpg
3075.90625	0.0	image/751	751	1574864	train2017/000000185225.jpg
3076.673828125	0.0	image/748	748	1575257	train2017/000000184822.jpg
3077.466796875	0.0	image/781	781	1575663	train2017/000000192631.jpg
3078.265625	0.0	image/733	733	1576072	train2017/000000179914.jpg
3079.044921875	0.0	image/760	760	1576471	train2017/000000276853.jpg
3079.81640625	0.0	image/755	755	1576866	train2017/000000055764.jpg
3080.650390625	0.0	image/824	824	1577293	train2017/000000204806.jpg
3081.427734375	0.0	image/822	822	1577691	train2017/000000466265.jpg
3082.234375	0.0	image/794	794	1578104	train2017/000000195650.jpg
3083.03515625	0.0	image/754	754	1578514	train2017/000000185888.jpg
3083.8125	0.0	image/819	819	1578912	train2017/000000298139.jpg
3084.634765625	0.0	image/804	804	1579333	train2017/000000460236.jpg
3085.4453125	0.0	image/727	727	1579748	train2017/000000440792.jpg
3086.234375	0.0	image/812	812	1580152	train2017/000000201758.jpg
3087.021484375	0.0	image/836	836	1580555	train2017/000000470907.jpg
3087.8125	0.0	image/813	813	1580960	train2017/000000557920.jpg
3088.634765625	0.0	image/836	836	1581381	train2017/000000470907.jpg
3089.447265625	0.0	image/810	810	1581797	train2017/000000200391.jpg
3090.24609375	0.0	image/779	779	1582206	train2017/000000191740.jpg
3091.052734375	0.0	image/811	811	1582619	train2017/000000201722.jpg
3091.88671875	0.0	image/743	743	1583046	train2017/000000189388.jpg
3092.703125	0.0	image/739	739	1583464	train2017/000000443575.jpg
3094.265625	0.0	image/770	770	1584264	train2017/000000452341.jpg
3095.048828125	0.0	image/778	778	1584665	train2017/000000191686.jpg
3095.85546875	0.0	image/783	783	1585078	train2017/000000454915.jpg
3096.638671875	0.0	image/731	731	1585479	train2017/000000179034.jpg
3097.4140625	0.0	image/757	757	1585876	train2017/000000442666.jpg
3098.19921875	0.0	image/745	745	1586278	train2017/000000445351.jpg
3098.97265625	0.0	image/806	806	1586674	train2017/000000198319.jpg
3099.7890625	0.0	image/779	779	1587092	train2017/000000191740.jpg
3100.607421875	0.0	image/737	737	1587511	train2017/000000443377.jpg
3101.388671875	0.0	image/826	826	1587911	train2017/000000205875.jpg
3102.974609375	0.0	image/723	723	1588723	train2017/000000439241.jpg
3103.7578125	0.0	image/764	764	1589124	train2017/000000450903.jpg
3104.55078125	0.0	image/834	834	1589530	train2017/000000469816.jpg
3105.369140625	0.0	image/726	726	1589949	train2017/000000178423.jpg
3106.1875	0.0	image/789	789	1590368	train2017/000000455657.jpg
3106.970703125	0.0	image/744	744	1590769	train2017/000000182799.jpg
3107.7890625	0.0	image/827	827	1591188	train2017/000000296474.jpg
3108.625	0.0	image/790	790	1591616	train2017/000000455799.jpg
3109.4375	0.0	image/805	805	1592032	train2017/000000460408.jpg
3110.98828125	0.0	image/736	736	1592826	train2017/000000180609.jpg
3111.75390625	0.0	image/735	735	1593218	train2017/000000180410.jpg
3113.326171875	0.0	image/811	811	1594023	train2017/000000201722.jpg
3114.13671875	0.0	image/829	829	1594438	train2017/000000206467.jpg
3114.9375	0.0	image/760	760	1594848	train2017/000000276853.jpg
3115.759765625	0.0	image/818	818	1595269	train2017/000000465412.jpg
3116.568359375	0.0	image/740	740	1595683	train2017/000000161354.jpg
3117.357421875	0.0	image/750	750	1596087	train2017/000000447182.jpg
3118.14453125	0.0	image/728	728	1596490	train2017/000000395740.jpg
3119.724609375	0.0	image/763	763	1597299	train2017/000000450864.jpg
3120.544921875	0.0	image/813	813	1597719	train2017/000000557920.jpg
3121.35546875	0.0	image/820	820	1598134	train2017/000000203937.jpg
3122.125	0.0	image/771	771	1598528	train2017/000000190271.jpg
3122.94140625	0.0	image/753	753	1598946	train2017/000000006178.jpg
3123.73046875	0.0	image/831	831	1599350	train2017/000000469445.jpg
3124.5625	0.0	image/776	776	1599776	train2017/000000468771.jpg
3125.375	0.0	image/753	753	1600192	train2017/000000006178.jpg
3126.96484375	0.0	image/837	837	1601006	train2017/000000208805.jpg
3127.76171875	0.0	image/795	795	1601414	train2017/000000195768.jpg
3129.326171875	0.0	image/823	823	1602215	train2017/000000204422.jpg
3130.09765625	0.0	image/767	767	1602610	train2017/000000189794.jpg
3130.892578125	0.0	image/755	755	1603017	train2017/000000055764.jpg
3131.69921875	0.0	image/800	800	1603430	train2017/000000458616.jpg
3132.49609375	0.0	image/727	727	1603838	train2017/000000440792.jpg
3134.1171875	0.0	image/835	835	1604668	train2017/000000129143.jpg
3134.900390625	0.0	image/734	734	1605069	train2017/000000442489.jpg
3135.734375	0.0	image/808	808	1605496	train2017/000000461428.jpg
3136.55078125	0.0	image/762	762	1605914	train2017/000000188660.jpg
3137.3671875	0.0	image/758	758	1606332	train2017/000000186828.jpg
3138.16796875	0.0	image/782	782	1606742	train2017/000000454830.jpg
3138.9609375	0.0	image/730	730	1607148	train2017/000000441172.jpg
3139.728515625	0.0	image/752	752	1607541	train2017/000000036151.jpg
3140.501953125	0.0	image/817	817	1607937	train2017/000000202805.jpg
3141.333984375	0.0	image/789	789	1608363	train2017/000000455657.jpg
3142.12890625	0.0	image/759	759	1608770	train2017/000000449914.jpg
3142.935546875	0.0	image/812	812	1609183	train2017/000000201758.jpg
3143.74609375	0.0	image/791	791	1609598	train2017/000000194054.jpg
3144.529296875	0.0	image/821	821	1609999	train2017/000000077686.jpg
3145.3359375	0.0	image/810	810	1610412	train2017/000000200391.jpg
3146.130859375	0.0	image/751	751	1610819	train2017/000000185225.jpg
3146.947265625	0.0	image/825	825	1611237	train2017/000000467646.jpg
3148.537109375	0.0	image/832	832	1612051	train2017/000000203615.jpg
3149.33203125	0.0	image/768	768	1612458	train2017/000000189888.jpg
3150.13671875	0.0	image/832	832	1612870	train2017/000000203615.jpg
3150.916015625	0.0	image/765	765	1613269	train2017/000000450914.jpg
3151.681640625	0.0	image/833	833	1613661	train2017/000000207549.jpg
3152.470703125	0.0	image/729	729	1614065	train2017/000000179019.jpg
3153.3046875	0.0	image/838	838	1614492	train2017/000000208849.jpg
3154.134765625	0.0	image/774	774	1614917	train2017/000000191005.jpg
3155.740234375	0.0	image/815	815	1615739	train2017/000000202050.jpg
3156.556640625	0.0	image/796	796	1616157	train2017/000000338501.jpg
3157.33984375	0.0	image/735	735	1616558	train2017/000000180410.jpg
3158.134765625	0.0	image/785	785	1616965	train2017/000000119550.jpg
3158.95703125	0.0	image/788	788	1617386	train2017/000000193373.jpg
3159.751953125	0.0	image/737	737	1617793	train2017/000000443377.jpg
3160.568359375	0.0	image/825	825	1618211	train2017/000000467646.jpg
3161.357421875	0.0	image/773	773	1618615	train2017/000000303133.jpg
3162.169921875	0.0	image/761	761	1619031	train2017/000000188225.jpg
3162.94140625	0.0	image/783	783	1619426	train2017/000000454915.jpg
3163.7421875	0.0	image/793	793	1619836	train2017/000000338439.jpg
3164.51953125	0.0	image/816	816	1620234	train2017/000000464616.jpg
3165.30859375	0.0	image/722	722	1620638	train2017/000000073172.jpg
3166.103515625	0.0	image/819	819	1621045	train2017/000000298139.jpg
3166.91015625	0.0	image/725	725	1621458	train2017/000000440334.jpg
3167.6875	0.0	image/828	828	1621856	train2017/000000468394.jpg
3168.453125	0.0	image/834	834	1622248	train2017/000000469816.jpg
3169.255859375	0.0	image/726	726	1622659	train2017/000000178423.jpg
3170.02734375	0.0	image/777	777	1623054	train2017/000000453682.jpg
3170.810546875	0.0	image/724	724	1623455	train2017/000000178031.jpg
3171.60546875	0.0	image/750	750	1623862	train2017/000000447182.jpg
3172.412109375	0.0	image/809	809	1624275	train2017/000000462505.jpg
3173.1953125	0.0	image/732	732	1624676	train2017/000000179480.jpg
3174.005859375	0.0	image/776	776	1625091	train2017/000000468771.jpg
3174.828125	0.0	image/747	747	1625512	train2017/000000183719.jpg
3175.60546875	0.0	image/742	742	1625910	train2017/000000181837.jpg
3176.42578125	0.0	image/820	820	1626330	train2017/000000203937.jpg
3177.228515625	0.0	image/781	781	1626741	train2017/000000192631.jpg
3178.8125	0.0	image/796	796	1627552	train2017/000000338501.jpg
3180.462890625	0.0	image/807	807	1628397	train2017/000000397815.jpg
3181.24609375	0.0	image/724	724	1628798	train2017/000000178031.jpg
3182.84765625	0.0	image/792	792	1629618	train2017/000000194108.jpg
3183.6640625	0.0	image/762	762	1630036	train2017/000000188660.jpg
3184.44140625	0.0	image/749	749	1630434	train2017/000000447130.jpg
3185.248046875	0.0	image/803	803	1630847	train2017/000000197401.jpg
3186.05859375	0.0	image/730	730	1631262	train2017/000000441172.jpg
3186.849609375	0.0	image/721	721	1631667	train2017/000000176873.jpg
3187.64453125	0.0	image/786	786	1632074	train2017/000000193023.jpg
3188.416015625	0.0	image/817	817	1632469	train2017/000000202805.jpg
3189.19921875	0.0	image/777	777	1632870	train2017/000000453682.jpg
3190.02734375	0.0	image/814	814	1633294	train2017/000000201969.jpg
3190.849609375	0.0	image/763	763	1633715	train2017/000000450864.jpg
3191.6640625	0.0	image/828	828	1634132	train2017/000000468394.jpg
3192.484375	0.0	image/790	790	1634552	train2017/000000455799.jpg
3194.1015625	0.0	image/768	768	1635380	train2017/000000189888.jpg
3194.876953125	0.0	image/754	754	1635777	train2017/000000185888.jpg
3195.64453125	0.0	image/831	831	1636170	train2017/000000469445.jpg
3196.427734375	0.0	image/818	818	1636571	train2017/000000465412.jpg
3197.2265625	0.0	image/745	745	1636980	train2017/000000445351.jpg
3198.02734375	0.0	image/766	766	1637390	train2017/000000451680.jpg
3198.826171875	0.0	image/746	746	1637799	train2017/000000445726.jpg
3199.626953125	0.0	image/840	840	1638209	train2017/000000471871.jpg
3200.412109375	0.0	image/722	722	1638611	train2017/000000073172.jpg
3201.978515625	0.0	image/749	749	1639413	train2017/000000447130.jpg
3202.77734375	0.0	image/729	729	1639822	train2017/000000179019.jpg
3203.5625	0.0	image/787	787	1640224	train2017/000000193318.jpg
3204.345703125	0.0	image/728	728	1640625	train2017/000000395740.jpg
3205.146484375	0.0	image/788	788	1641035	train2017/000000193373.jpg
3205.9453125	0.0	image/802	802	1641444	train2017/000000197118.jpg
3206.697265625	0.0	image/801	801	1641829	train2017/000000459190.jpg
3207.49609375	0.0	image/769	769	1642238	train2017/000000189893.jpg
3208.279296875	0.0	image/797	797	1642639	train2017/000000458178.jpg
3209.029296875	0.0	image/752	752	1643023	train2017/000000036151.jpg
3209.830078125	0.0	image/773	773	1643433	train2017/000000303133.jpg
3210.61328125	0.0	image/780	780	1643834	train2017/000000192576.jpg
3211.4140625	0.0	image/839	839	1644244	train2017/000000209229.jpg
3212.1640625	0.0	image/748	748	1644628	train2017/000000184822.jpg
3212.931640625	0.0	image/765	765	1645021	train2017/000000450914.jpg
3213.69921875	0.0	image/766	766	1645414	train2017/000000451680.jpg
3214.46875	0.0	image/798	798	1645808	train2017/000000196365.jpg
3215.248046875	0.0	image/793	793	1646207	train2017/000000338439.jpg
3216.0234375	0.0	image/738	738	1646604	train2017/000000204969.jpg
3216.798828125	0.0	image/764	764	1647001	train2017/000000450903.jpg
3217.56640625	0.0	image/826	826	1647394	train2017/000000205875.jpg
3218.349609375	0.0	image/775	775	1647795	train2017/000000453221.jpg
3219.099609375	0.0	image/721	721	1648179	train2017/000000176873.jpg
3219.873046875	0.0	image/824	824	1648575	train2017/000000204806.jpg
3220.654296875	0.0	image/840	840	1648975	train2017/000000471871.jpg
3221.423828125	0.0	image/805	805	1649369	train2017/000000460408.jpg
3222.234375	0.0	image/770	770	1649784	train2017/000000452341.jpg
3223.033203125	0.0	image/794	794	1650193	train2017/000000195650.jpg
3223.8359375	0.0	image/784	784	1650604	train2017/000000455020.jpg
3224.619140625	0.0	image/758	758	1651005	train2017/000000186828.jpg
3225.40234375	0.0	image/742	742	1651406	train2017/000000181837.jpg
3226.16796875	0.0	image/799	799	1651798	train2017/000000196368.jpg
3226.978515625	0.0	image/795	795	1652213	train2017/000000195768.jpg
3228.53515625	0.0	image/739	739	1653010	train2017/000000443575.jpg
3229.302734375	0.0	image/829	829	1653403	train2017/000000206467.jpg
3230.103515625	0.0	image/725	725	1653813	train2017/000000440334.jpg
3230.90234375	0.0	image/743	743	1654222	train2017/000000189388.jpg
3231.67578125	0.0	image/800	800	1654618	train2017/000000458616.jpg
3232.47265625	0.0	image/822	822	1655026	train2017/000000466265.jpg
3233.255859375	0.0	image/757	757	1655427	train2017/000000442666.jpg
3234.025390625	0.0	image/738	738	1655821	train2017/000000204969.jpg
3234.8046875	0.0	image/741	741	1656220	train2017/000000443940.jpg
3235.572265625	0.0	image/733	733	1656613	train2017/000000179914.jpg
3236.375	0.0	image/747	747	1657024	train2017/000000183719.jpg
3237.138671875	0.0	image/734	734	1657415	train2017/000000442489.jpg
3237.958984375	0.0	image/785	785	1657835	train2017/000000119550.jpg
3239.513671875	0.0	image/791	791	1658631	train2017/000000194054.jpg
3240.33203125	0.0	image/815	815	1659050	train2017/000000202050.jpg
3241.8984375	0.0	image/741	741	1659852	train2017/000000443940.jpg
3242.724609375	0.0	image/769	769	1660275	train2017/000000189893.jpg
3243.548828125	0.0	image/814	814	1660697	train2017/000000201969.jpg
3244.365234375	0.0	image/833	833	1661115	train2017/000000207549.jpg
3245.18359375	0.0	image/772	772	1661534	train2017/000000190487.jpg
3245.998046875	0.0	image/787	787	1661951	train2017/000000193318.jpg
3247.583984375	0.0	image/806	806	1662763	train2017/000000198319.jpg
3248.3828125	0.0	image/731	731	1663172	train2017/000000179034.jpg
3249.16796875	0.0	image/803	803	1663574	train2017/000000197401.jpg
3249.98046875	0.0	image/830	830	1663990	train2017/000000468825.jpg
3250.763671875	0.0	image/838	838	1664391	train2017/000000208849.jpg
3251.583984375	0.0	image/799	799	1664811	train2017/000000196368.jpg
3253.21875	0.0	image/746	746	1665648	train2017/000000445726.jpg
3254.763671875	0.0	image/809	809	1666439	train2017/000000462505.jpg
3255.56640625	0.0	image/723	723	1666850	train2017/000000439241.jpg
3256.3359375	0.0	image/835	835	1667244	train2017/000000129143.jpg
3257.115234375	0.0	image/761	761	1667643	train2017/000000188225.jpg
3257.880859375	0.0	image/782	782	1668035	train2017/000000454830.jpg
3258.6484375	0.0	image/736	736	1668428	train2017/000000180609.jpg
3259.453125	0.0	image/775	775	1668840	train2017/000000453221.jpg
3260.248046875	0.0	image/732	732	1669247	train2017/000000179480.jpg
3267.427734375	0.0	image/884	884	1672923	train2017/000000485605.jpg
3268.224609375	0.0	image/919	919	1673331	train2017/000000492627.jpg
3269.806640625	0.0	image/956	956	1674141	train2017/000000242133.jpg
3270.60546875	0.0	image/900	900	1674550	train2017/000000488658.jpg
3271.412109375	0.0	image/920	920	1674963	train2017/000000300622.jpg
3272.189453125	0.0	image/858	858	1675361	train2017/000000214059.jpg
3273.013671875	0.0	image/917	917	1675783	train2017/000000354185.jpg
3274.646484375	0.0	image/949	949	1676619	train2017/000000240278.jpg
3275.47265625	0.0	image/940	940	1677042	train2017/000000499730.jpg
3276.2578125	0.0	image/852	852	1677444	train2017/000000212440.jpg
3277.080078125	0.0	image/924	924	1677865	train2017/000000232277.jpg
3277.86328125	0.0	image/844	844	1678266	train2017/000000341033.jpg
3278.67578125	0.0	image/951	951	1678682	train2017/000000214821.jpg
3279.4765625	0.0	image/958	958	1679092	train2017/000000433657.jpg
3280.298828125	0.0	image/953	953	1679513	train2017/000000241026.jpg
3281.12890625	0.0	image/857	857	1679938	train2017/000000213988.jpg
3281.916015625	0.0	image/847	847	1680341	train2017/000000207833.jpg
3282.75	0.0	image/936	936	1680768	train2017/000000497797.jpg
3283.544921875	0.0	image/907	907	1681175	train2017/000000228133.jpg
3284.310546875	0.0	image/932	932	1681567	train2017/000000233580.jpg
3285.09375	0.0	image/869	869	1681968	train2017/000000294744.jpg
3285.900390625	0.0	image/926	926	1682381	train2017/000000232648.jpg
3286.7109375	0.0	image/868	868	1682796	train2017/000000444880.jpg
3287.494140625	0.0	image/865	865	1683197	train2017/000000035972.jpg
3289.1171875	0.0	image/935	935	1684028	train2017/000000082945.jpg
3289.89453125	0.0	image/857	857	1684426	train2017/000000213988.jpg
3290.701171875	0.0	image/919	919	1684839	train2017/000000492627.jpg
3291.49609375	0.0	image/922	922	1685246	train2017/000000235479.jpg
3292.26171875	0.0	image/954	954	1685638	train2017/000000040187.jpg
3293.0625	0.0	image/931	931	1686048	train2017/000000495568.jpg
3293.8359375	0.0	image/861	861	1686444	train2017/000000560054.jpg
3294.65234375	0.0	image/911	911	1686862	train2017/000000229456.jpg
3295.453125	0.0	image/902	902	1687272	train2017/000000227307.jpg
3296.236328125	0.0	image/946	946	1687673	train2017/000000501867.jpg
3297.015625	0.0	image/909	909	1688072	train2017/000000228380.jpg
3297.83203125	0.0	image/894	894	1688490	train2017/000000225533.jpg
3298.63671875	0.0	image/860	860	1688902	train2017/000000476481.jpg
3299.431640625	0.0	image/895	895	1689309	train2017/000000487825.jpg
3300.234375	0.0	image/889	889	1689720	train2017/000000224396.jpg
3301.03125	0.0	image/948	948	1690128	train2017/000000502058.jpg
3301.8046875	0.0	image/896	896	1690524	train2017/000000225750.jpg
3302.6015625	0.0	image/916	916	1690932	train2017/000000038370.jpg
3303.388671875	0.0	image/870	870	1691335	train2017/000000480601.jpg
3304.19921875	0.0	image/889	889	1691750	train2017/000000224396.jpg
3305.0	0.0	image/842	842	1692160	train2017/000000209919.jpg
3305.806640625	0.0	image/862	862	1692573	train2017/000000215023.jpg
3306.623046875	0.0	image/896	896	1692991	train2017/000000225750.jpg
3307.40234375	0.0	image/921	921	1693390	train2017/000000231102.jpg
3308.189453125	0.0	image/849	849	1693793	train2017/000000212229.jpg
3309.0078125	0.0	image/910	910	1694212	train2017/000000228565.jpg
3309.83984375	0.0	image/894	894	1694638	train2017/000000225533.jpg
3310.65234375	0.0	image/900	900	1695054	train2017/000000488658.jpg
3311.435546875	0.0	image/941	941	1695455	train2017/000000237697.jpg
3312.25390625	0.0	image/845	845	1695874	train2017/000000211198.jpg
3313.8515625	0.0	image/888	888	1696692	train2017/000000486503.jpg
3314.642578125	0.0	image/869	869	1697097	train2017/000000294744.jpg
3315.4375	0.0	image/930	930	1697504	train2017/000000344729.jpg
3316.22265625	0.0	image/904	904	1697906	train2017/000000227733.jpg
3317.84375	0.0	image/901	901	1698736	train2017/000000007567.jpg
3318.62109375	0.0	image/881	881	1699134	train2017/000000222921.jpg
3319.427734375	0.0	image/886	886	1699547	train2017/000000386856.jpg
3320.205078125	0.0	image/949	949	1699945	train2017/000000240278.jpg
3321.005859375	0.0	image/859	859	1700355	train2017/000000476380.jpg
3321.794921875	0.0	image/899	899	1700759	train2017/000000168803.jpg
3322.60546875	0.0	image/905	905	1701174	train2017/000000227843.jpg
3323.427734375	0.0	image/915	915	1701595	train2017/000000229947.jpg
3324.255859375	0.0	image/918	918	1702019	train2017/000000230422.jpg
3325.0390625	0.0	image/841	841	1702420	train2017/000000034961.jpg
3325.82421875	0.0	image/883	883	1702822	train2017/000000223447.jpg
3326.638671875	0.0	image/850	850	1703239	train2017/000000212380.jpg
3327.44140625	0.0	image/933	933	1703650	train2017/000000233873.jpg
3328.228515625	0.0	image/849	849	1704053	train2017/000000212229.jpg
3329.005859375	0.0	image/879	879	1704451	train2017/000000221441.jpg
3329.796875	0.0	image/866	866	1704856	train2017/000000216029.jpg
3330.59375	0.0	image/950	950	1705264	train2017/000000502470.jpg
3331.380859375	0.0	image/886	886	1705667	train2017/000000386856.jpg
3332.19140625	0.0	image/960	960	1706082	train2017/000000505592.jpg
3333.013671875	0.0	image/910	910	1706503	train2017/000000228565.jpg
3334.595703125	0.0	image/959	959	1707313	train2017/000000505486.jpg
3335.375	0.0	image/933	933	1707712	train2017/000000233873.jpg
3336.19921875	0.0	image/947	947	1708134	train2017/000000501926.jpg
3336.982421875	0.0	image/892	892	1708535	train2017/000000225113.jpg
3337.78125	0.0	image/876	876	1708944	train2017/000000482912.jpg
3338.609375	0.0	image/937	937	1709368	train2017/000000498615.jpg
3339.43359375	0.0	image/943	943	1709790	train2017/000000238201.jpg
3340.216796875	0.0	image/922	922	1710191	train2017/000000235479.jpg
3341.029296875	0.0	image/940	940	1710607	train2017/000000499730.jpg
3341.8125	0.0	image/944	944	1711008	train2017/000000239337.jpg
3342.599609375	0.0	image/843	843	1711411	train2017/000000210065.jpg
3343.4296875	0.0	image/846	846	1711836	train2017/000000474024.jpg
3344.25	0.0	image/923	923	1712256	train2017/000000231851.jpg
3345.84765625	0.0	image/888	888	1713074	train2017/000000486503.jpg
3346.6640625	0.0	image/874	874	1713492	train2017/000000561006.jpg
3347.482421875	0.0	image/897	897	1713911	train2017/000000430850.jpg
3349.09765625	0.0	image/908	908	1714738	train2017/000000228316.jpg
3350.703125	0.0	image/870	870	1715560	train2017/000000480601.jpg
3351.48046875	0.0	image/881	881	1715958	train2017/000000222921.jpg
3352.302734375	0.0	image/929	929	1716379	train2017/000000495387.jpg
3353.09765625	0.0	image/959	959	1716786	train2017/000000505486.jpg
3353.9140625	0.0	image/877	877	1717204	train2017/000000342639.jpg
3354.720703125	0.0	image/847	847	1717617	train2017/000000207833.jpg
3355.50390625	0.0	image/958	958	1718018	train2017/000000433657.jpg
3356.30078125	0.0	image/878	878	1718426	train2017/000000167908.jpg
3357.10546875	0.0	image/863	863	1718838	train2017/000000215291.jpg
3357.8984375	0.0	image/938	938	1719244	train2017/000000237093.jpg
3358.701171875	0.0	image/913	913	1719655	train2017/000000356810.jpg
3359.505859375	0.0	image/942	942	1720067	train2017/000000238001.jpg
3360.283203125	0.0	image/884	884	1720465	train2017/000000485605.jpg
3361.056640625	0.0	image/852	852	1720861	train2017/000000212440.jpg
3361.849609375	0.0	image/952	952	1721267	train2017/000000502860.jpg
3362.640625	0.0	image/923	923	1721672	train2017/000000231851.jpg
3364.201171875	0.0	image/890	890	1722471	train2017/000000224759.jpg
3365.001953125	0.0	image/882	882	1722881	train2017/000000485113.jpg
3365.806640625	0.0	image/928	928	1723293	train2017/000000233104.jpg
3366.619140625	0.0	image/875	875	1723709	train2017/000000482858.jpg
3368.2578125	0.0	image/956	956	1724548	train2017/000000242133.jpg
3369.05859375	0.0	image/883	883	1724958	train2017/000000223447.jpg
3369.83984375	0.0	image/891	891	1725358	train2017/000000224869.jpg
3370.619140625	0.0	image/845	845	1725757	train2017/000000211198.jpg
3371.421875	0.0	image/880	880	1726168	train2017/000000484300.jpg
3372.23828125	0.0	image/882	882	1726586	train2017/000000485113.jpg
3373.01953125	0.0	image/925	925	1726986	train2017/000000494552.jpg
3373.79296875	0.0	image/897	897	1727382	train2017/000000430850.jpg
3374.626953125	0.0	image/871	871	1727809	train2017/000000480990.jpg
3375.443359375	0.0	image/902	902	1728227	train2017/000000227307.jpg
3376.244140625	0.0	image/846	846	1728637	train2017/000000474024.jpg
3377.828125	0.0	image/945	945	1729448	train2017/000000501739.jpg
3379.427734375	0.0	image/901	901	1730267	train2017/000000007567.jpg
3380.20703125	0.0	image/960	960	1730666	train2017/000000505592.jpg
3381.8125	0.0	image/873	873	1731488	train2017/000000429902.jpg
3382.61328125	0.0	image/906	906	1731898	train2017/000000227928.jpg
3383.4296875	0.0	image/941	941	1732316	train2017/000000237697.jpg
3384.22265625	0.0	image/899	899	1732722	train2017/000000168803.jpg
3385.041015625	0.0	image/866	866	1733141	train2017/000000216029.jpg
3385.845703125	0.0	image/957	957	1733553	train2017/000000242631.jpg
3386.625	0.0	image/927	927	1733952	train2017/000000495040.jpg
3387.423828125	0.0	image/934	934	1734361	train2017/000000497464.jpg
3389.013671875	0.0	image/948	948	1735175	train2017/000000502058.jpg
3389.84765625	0.0	image/895	895	1735602	train2017/000000487825.jpg
3390.6484375	0.0	image/878	878	1736012	train2017/000000167908.jpg
3392.248046875	0.0	image/856	856	1736831	train2017/000000213288.jpg
3393.078125	0.0	image/945	945	1737256	train2017/000000501739.jpg
3393.8984375	0.0	image/848	848	1737676	train2017/000000474353.jpg
3394.69921875	0.0	image/842	842	1738086	train2017/000000209919.jpg
3395.4765625	0.0	image/854	854	1738484	train2017/000000475236.jpg
3396.283203125	0.0	image/951	951	1738897	train2017/000000214821.jpg
3397.06640625	0.0	image/926	926	1739298	train2017/000000232648.jpg
3397.845703125	0.0	image/863	863	1739697	train2017/000000215291.jpg
3398.6171875	0.0	image/929	929	1740092	train2017/000000495387.jpg
3399.4140625	0.0	image/867	867	1740500	train2017/000000479035.jpg
3400.228515625	0.0	image/903	903	1740917	train2017/000000227451.jpg
3401.03125	0.0	image/873	873	1741328	train2017/000000429902.jpg
3401.818359375	0.0	image/946	946	1741731	train2017/000000501867.jpg
3402.615234375	0.0	image/876	876	1742139	train2017/000000482912.jpg
3403.412109375	0.0	image/912	912	1742547	train2017/000000491611.jpg
3404.203125	0.0	image/879	879	1742952	train2017/000000221441.jpg
3404.986328125	0.0	image/918	918	1743353	train2017/000000230422.jpg
3405.76171875	0.0	image/917	917	1743750	train2017/000000354185.jpg
3406.564453125	0.0	image/938	938	1744161	train2017/000000237093.jpg
3407.369140625	0.0	image/942	942	1744573	train2017/000000238001.jpg
3408.166015625	0.0	image/891	891	1744981	train2017/000000224869.jpg
3408.94921875	0.0	image/880	880	1745382	train2017/000000484300.jpg
3409.734375	0.0	image/930	930	1745784	train2017/000000344729.jpg
3410.5546875	0.0	image/893	893	1746204	train2017/000000225383.jpg
3411.369140625	0.0	image/872	872	1746621	train2017/000000429887.jpg
3412.1875	0.0	image/932	932	1747040	train2017/000000233580.jpg
3413.8046875	0.0	image/851	851	1747868	train2017/000000474545.jpg
3414.6328125	0.0	image/904	904	1748292	train2017/000000227733.jpg
3415.439453125	0.0	image/855	855	1748705	train2017/000000122923.jpg
3417.052734375	0.0	image/955	955	1749531	train2017/000000112805.jpg
3417.8671875	0.0	image/856	856	1749948	train2017/000000213288.jpg
3418.640625	0.0	image/903	903	1750344	train2017/000000227451.jpg
3419.43359375	0.0	image/885	885	1750750	train2017/000000223718.jpg
3420.240234375	0.0	image/893	893	1751163	train2017/000000225383.jpg
3421.05078125	0.0	image/921	921	1751578	train2017/000000231102.jpg
3421.8515625	0.0	image/887	887	1751988	train2017/000000561677.jpg
3422.625	0.0	image/854	854	1752384	train2017/000000475236.jpg
3423.408203125	0.0	image/898	898	1752785	train2017/000000488406.jpg
3424.1875	0.0	image/844	844	1753184	train2017/000000341033.jpg
3425.0078125	0.0	image/914	914	1753604	train2017/000000492037.jpg
3425.8046875	0.0	image/865	865	1754012	train2017/000000035972.jpg
3427.392578125	0.0	image/911	911	1754825	train2017/000000229456.jpg
3428.203125	0.0	image/925	925	1755240	train2017/000000494552.jpg
3428.98828125	0.0	image/915	915	1755642	train2017/000000229947.jpg
3429.79296875	0.0	image/947	947	1756054	train2017/000000501926.jpg
3430.60546875	0.0	image/928	928	1756470	train2017/000000233104.jpg
3431.423828125	0.0	image/848	848	1756889	train2017/000000474353.jpg
3432.2109375	0.0	image/939	939	1757292	train2017/000000499627.jpg
3433.01171875	0.0	image/914	914	1757702	train2017/000000492037.jpg
3433.8046875	0.0	image/943	943	1758108	train2017/000000238201.jpg
3435.412109375	0.0	image/937	937	1758931	train2017/000000498615.jpg
3436.24609375	0.0	image/871	871	1759358	train2017/000000480990.jpg
3437.0625	0.0	image/906	906	1759776	train2017/000000227928.jpg
3437.87890625	0.0	image/864	864	1760194	train2017/000000385417.jpg
3438.708984375	0.0	image/874	874	1760619	train2017/000000561006.jpg
3439.47265625	0.0	image/864	864	1761010	train2017/000000385417.jpg
3440.279296875	0.0	image/955	955	1761423	train2017/000000112805.jpg
3441.109375	0.0	image/950	950	1761848	train2017/000000502470.jpg
3441.923828125	0.0	image/924	924	1762265	train2017/000000232277.jpg
3442.693359375	0.0	image/927	927	1762659	train2017/000000495040.jpg
3443.458984375	0.0	image/877	877	1763051	train2017/000000342639.jpg
3444.259765625	0.0	image/859	859	1763461	train2017/000000476380.jpg
3445.029296875	0.0	image/851	851	1763855	train2017/000000474545.jpg
3446.630859375	0.0	image/850	850	1764675	train2017/000000212380.jpg
3447.44921875	0.0	image/934	934	1765094	train2017/000000497464.jpg
3448.27734375	0.0	image/907	907	1765518	train2017/000000228133.jpg
3449.06640625	0.0	image/920	920	1765922	train2017/000000300622.jpg
3450.666015625	0.0	image/939	939	1766741	train2017/000000499627.jpg
3451.482421875	0.0	image/913	913	1767159	train2017/000000356810.jpg
3452.265625	0.0	image/912	912	1767560	train2017/000000491611.jpg
3453.080078125	0.0	image/858	858	1767977	train2017/000000214059.jpg
3453.849609375	0.0	image/953	953	1768371	train2017/000000241026.jpg
3454.634765625	0.0	image/885	885	1768773	train2017/000000223718.jpg
3455.447265625	0.0	image/890	890	1769189	train2017/000000224759.jpg
3456.267578125	0.0	image/944	944	1769609	train2017/000000239337.jpg
3457.05078125	0.0	image/892	892	1770010	train2017/000000225113.jpg
3457.880859375	0.0	image/841	841	1770435	train2017/000000034961.jpg
3459.48046875	0.0	image/957	957	1771254	train2017/000000242631.jpg
3460.263671875	0.0	image/952	952	1771655	train2017/000000502860.jpg
3461.068359375	0.0	image/887	887	1772067	train2017/000000561677.jpg
3461.908203125	0.0	image/936	936	1772497	train2017/000000497797.jpg
3462.703125	0.0	image/916	916	1772904	train2017/000000038370.jpg
3463.515625	0.0	image/843	843	1773320	train2017/000000210065.jpg
3464.28125	0.0	image/853	853	1773712	train2017/000000474827.jpg
3465.08203125	0.0	image/855	855	1774122	train2017/000000122923.jpg
3465.888671875	0.0	image/931	931	1774535	train2017/000000495568.jpg
3466.6875	0.0	image/909	909	1774944	train2017/000000228380.jpg
3467.48828125	0.0	image/905	905	1775354	train2017/000000227843.jpg
3468.322265625	0.0	image/862	862	1775781	train2017/000000215023.jpg
3469.099609375	0.0	image/867	867	1776179	train2017/000000479035.jpg
3469.87109375	0.0	image/875	875	1776574	train2017/000000482858.jpg
3471.439453125	0.0	image/853	853	1777377	train2017/000000474827.jpg
3472.234375	0.0	image/908	908	1777784	train2017/000000228316.jpg
3473.0390625	0.0	image/898	898	1778196	train2017/000000488406.jpg
3473.849609375	0.0	image/860	860	1778611	train2017/000000476481.jpg
3474.650390625	0.0	image/861	861	1779021	train2017/000000560054.jpg
3475.466796875	0.0	image/954	954	1779439	train2017/000000040187.jpg
3476.234375	0.0	image/935	935	1779832	train2017/000000082945.jpg
3477.0078125	0.0	image/872	872	1780228	train2017/000000429887.jpg
