onset	duration	trial_type	value	sample	stim_file
2.05078125	0.0	image/95	95	1050	train2017/000000016898.jpg
2.900390625	0.0	image/73	73	1485	train2017/000000537393.jpg
3.68359375	0.0	image/103	103	1886	train2017/000000280484.jpg
4.5078125	0.0	image/21	21	2308	train2017/000000274108.jpg
5.30078125	0.0	image/45	45	2714	train2017/000000531392.jpg
6.1171875	0.0	image/4	4	3132	train2017/000000524646.jpg
6.900390625	0.0	image/94	94	3533	train2017/000000278962.jpg
7.728515625	0.0	image/47	47	3957	train2017/000000531828.jpg
8.49609375	0.0	image/85	85	4350	train2017/000000539705.jpg
9.28515625	0.0	image/89	89	4754	train2017/000000016314.jpg
10.119140625	0.0	image/49	49	5181	train2017/000000219750.jpg
10.896484375	0.0	image/53	53	5579	train2017/000000270278.jpg
11.71875	0.0	image/39	39	6000	train2017/000000268008.jpg
12.529296875	0.0	image/51	51	6415	train2017/000000008027.jpg
13.3125	0.0	image/7	7	6816	train2017/000000000605.jpg
14.080078125	0.0	image/19	19	7209	train2017/000000526968.jpg
14.869140625	0.0	image/22	22	7613	train2017/000000265023.jpg
16.50390625	0.0	image/105	105	8450	train2017/000000280764.jpg
18.08203125	0.0	image/60	60	9258	train2017/000000010710.jpg
18.853515625	0.0	image/71	71	9653	train2017/000000536884.jpg
19.671875	0.0	image/120	120	10072	train2017/000000021718.jpg
20.501953125	0.0	image/107	107	10497	train2017/000000543254.jpg
21.3046875	0.0	image/32	32	10908	train2017/000000005028.jpg
22.921875	0.0	image/24	24	11736	train2017/000000265453.jpg
23.755859375	0.0	image/71	71	12163	train2017/000000536884.jpg
24.552734375	0.0	image/42	42	12571	train2017/000000268659.jpg
25.322265625	0.0	image/9	9	12965	train2017/000000000650.jpg
26.107421875	0.0	image/115	115	13367	train2017/000000021095.jpg
26.91796875	0.0	image/54	54	13782	train2017/000000532753.jpg
27.724609375	0.0	image/79	79	14195	train2017/000000276664.jpg
29.28515625	0.0	image/31	31	14994	train2017/000000266622.jpg
30.875	0.0	image/90	90	15808	train2017/000000278555.jpg
31.658203125	0.0	image/56	56	16209	train2017/000000008998.jpg
33.275390625	0.0	image/113	113	17037	train2017/000000545160.jpg
34.103515625	0.0	image/21	21	17461	train2017/000000274108.jpg
34.892578125	0.0	image/24	24	17865	train2017/000000265453.jpg
36.52734375	0.0	image/100	100	18702	train2017/000000541856.jpg
38.076171875	0.0	image/33	33	19495	train2017/000000267338.jpg
38.853515625	0.0	image/80	80	19893	train2017/000000538822.jpg
39.677734375	0.0	image/19	19	20315	train2017/000000526968.jpg
40.50390625	0.0	image/106	106	20738	train2017/000000280808.jpg
41.271484375	0.0	image/119	119	21131	train2017/000000545950.jpg
42.041015625	0.0	image/59	59	21525	train2017/000000010046.jpg
42.845703125	0.0	image/17	17	21937	train2017/000000002372.jpg
43.62890625	0.0	image/38	38	22338	train2017/000000312536.jpg
44.421875	0.0	image/6	6	22744	train2017/000000000584.jpg
45.228515625	0.0	image/86	86	23157	train2017/000000539879.jpg
46.0234375	0.0	image/15	15	23564	train2017/000000264396.jpg
46.806640625	0.0	image/52	52	23965	train2017/000000008053.jpg
47.580078125	0.0	image/43	43	24361	train2017/000000006765.jpg
49.212890625	0.0	image/84	84	25197	train2017/000000570543.jpg
50.046875	0.0	image/109	109	25624	train2017/000000544060.jpg
50.830078125	0.0	image/94	94	26025	train2017/000000278962.jpg
51.630859375	0.0	image/14	14	26435	train2017/000000264244.jpg
52.462890625	0.0	image/28	28	26861	train2017/000000558788.jpg
53.2421875	0.0	image/53	53	27260	train2017/000000270278.jpg
54.009765625	0.0	image/86	86	27653	train2017/000000539879.jpg
54.78125	0.0	image/1	1	28048	train2017/000000262145.jpg
55.564453125	0.0	image/13	13	28449	train2017/000000525932.jpg
56.39453125	0.0	image/61	61	28874	train2017/000000272901.jpg
57.19921875	0.0	image/108	108	29286	train2017/000000281330.jpg
58.02734375	0.0	image/87	87	29710	train2017/000000300383.jpg
58.833984375	0.0	image/9	9	30123	train2017/000000000650.jpg
59.6171875	0.0	image/102	102	30524	train2017/000000018078.jpg
60.39453125	0.0	image/84	84	30922	train2017/000000570543.jpg
62.02734375	0.0	image/65	65	31758	train2017/000000273147.jpg
62.796875	0.0	image/48	48	32152	train2017/000000011299.jpg
63.599609375	0.0	image/63	63	32563	train2017/000000273120.jpg
64.41796875	0.0	image/112	112	32982	train2017/000000544926.jpg
65.21875	0.0	image/81	81	33392	train2017/000000539340.jpg
66.001953125	0.0	image/40	40	33793	train2017/000000268114.jpg
66.830078125	0.0	image/51	51	34217	train2017/000000008027.jpg
67.65234375	0.0	image/72	72	34638	train2017/000000274978.jpg
68.447265625	0.0	image/62	62	35045	train2017/000000010903.jpg
69.248046875	0.0	image/96	96	35455	train2017/000000541258.jpg
70.052734375	0.0	image/116	116	35867	train2017/000000283426.jpg
70.880859375	0.0	image/55	55	36291	train2017/000000533231.jpg
72.537109375	0.0	image/8	8	37139	train2017/000000000625.jpg
73.33203125	0.0	image/105	105	37546	train2017/000000280764.jpg
74.12109375	0.0	image/11	11	37950	train2017/000000263599.jpg
75.681640625	0.0	image/8	8	38749	train2017/000000000625.jpg
76.505859375	0.0	image/81	81	39171	train2017/000000539340.jpg
77.31640625	0.0	image/98	98	39586	train2017/000000541472.jpg
78.873046875	0.0	image/119	119	40383	train2017/000000545950.jpg
79.65625	0.0	image/20	20	40784	train2017/000000526980.jpg
80.43359375	0.0	image/78	78	41182	train2017/000000013969.jpg
81.21875	0.0	image/103	103	41584	train2017/000000280484.jpg
82.0234375	0.0	image/75	75	41996	train2017/000000399878.jpg
82.83984375	0.0	image/96	96	42414	train2017/000000541258.jpg
83.619140625	0.0	image/91	91	42813	train2017/000000540735.jpg
84.44140625	0.0	image/63	63	43234	train2017/000000273120.jpg
85.21875	0.0	image/57	57	43632	train2017/000000001625.jpg
86.041015625	0.0	image/45	45	44053	train2017/000000531392.jpg
86.8515625	0.0	image/83	83	44468	train2017/000000277524.jpg
87.654296875	0.0	image/17	17	44879	train2017/000000002372.jpg
89.287109375	0.0	image/117	117	45715	train2017/000000396793.jpg
90.0703125	0.0	image/35	35	46116	train2017/000000267647.jpg
90.875	0.0	image/49	49	46528	train2017/000000219750.jpg
91.66015625	0.0	image/16	16	46930	train2017/000000002270.jpg
92.458984375	0.0	image/26	26	47339	train2017/000000003521.jpg
94.02734375	0.0	image/14	14	48142	train2017/000000264244.jpg
94.828125	0.0	image/46	46	48552	train2017/000000531515.jpg
95.611328125	0.0	image/69	69	48953	train2017/000000011856.jpg
96.39453125	0.0	image/68	68	49354	train2017/000000535871.jpg
97.205078125	0.0	image/35	35	49769	train2017/000000267647.jpg
98.755859375	0.0	image/54	54	50563	train2017/000000532753.jpg
99.529296875	0.0	image/44	44	50959	train2017/000000007048.jpg
100.33984375	0.0	image/110	110	51374	train2017/000000019863.jpg
101.126953125	0.0	image/13	13	51777	train2017/000000525932.jpg
101.912109375	0.0	image/116	116	52179	train2017/000000283426.jpg
102.703125	0.0	image/87	87	52584	train2017/000000300383.jpg
103.474609375	0.0	image/18	18	52979	train2017/000000264735.jpg
104.263671875	0.0	image/95	95	53383	train2017/000000016898.jpg
105.064453125	0.0	image/98	98	53793	train2017/000000541472.jpg
105.896484375	0.0	image/97	97	54219	train2017/000000279197.jpg
106.697265625	0.0	image/102	102	54629	train2017/000000018078.jpg
107.5078125	0.0	image/77	77	55044	train2017/000000275938.jpg
108.310546875	0.0	image/34	34	55455	train2017/000000005277.jpg
109.09765625	0.0	image/72	72	55858	train2017/000000274978.jpg
109.92578125	0.0	image/73	73	56282	train2017/000000537393.jpg
110.693359375	0.0	image/40	40	56675	train2017/000000268114.jpg
111.498046875	0.0	image/76	76	57087	train2017/000000275902.jpg
112.27734375	0.0	image/70	70	57486	train2017/000000536786.jpg
113.04296875	0.0	image/18	18	57878	train2017/000000264735.jpg
113.8671875	0.0	image/109	109	58300	train2017/000000544060.jpg
114.677734375	0.0	image/88	88	58715	train2017/000000540538.jpg
115.4765625	0.0	image/7	7	59124	train2017/000000000605.jpg
116.283203125	0.0	image/37	37	59537	train2017/000000005684.jpg
117.09375	0.0	image/50	50	59952	train2017/000000007932.jpg
117.880859375	0.0	image/76	76	60355	train2017/000000275902.jpg
118.68359375	0.0	image/3	3	60766	train2017/000000262414.jpg
119.478515625	0.0	image/37	37	61173	train2017/000000005684.jpg
120.28125	0.0	image/59	59	61584	train2017/000000010046.jpg
121.0859375	0.0	image/80	80	61996	train2017/000000538822.jpg
121.865234375	0.0	image/57	57	62395	train2017/000000001625.jpg
122.68359375	0.0	image/68	68	62814	train2017/000000535871.jpg
123.46875	0.0	image/10	10	63216	train2017/000000001308.jpg
124.267578125	0.0	image/38	38	63625	train2017/000000312536.jpg
125.068359375	0.0	image/112	112	64035	train2017/000000544926.jpg
125.869140625	0.0	image/41	41	64445	train2017/000000268418.jpg
126.6484375	0.0	image/106	106	64844	train2017/000000280808.jpg
127.44921875	0.0	image/113	113	65254	train2017/000000545160.jpg
128.220703125	0.0	image/50	50	65649	train2017/000000007932.jpg
129.00390625	0.0	image/31	31	66050	train2017/000000266622.jpg
129.814453125	0.0	image/99	99	66465	train2017/000000271183.jpg
130.638671875	0.0	image/32	32	66887	train2017/000000005028.jpg
131.4375	0.0	image/25	25	67296	train2017/000000527618.jpg
132.251953125	0.0	image/5	5	67713	train2017/000000262690.jpg
133.0390625	0.0	image/70	70	68116	train2017/000000536786.jpg
134.671875	0.0	image/20	20	68952	train2017/000000526980.jpg
135.455078125	0.0	image/2	2	69353	train2017/000000262239.jpg
136.2890625	0.0	image/16	16	69780	train2017/000000002270.jpg
137.08984375	0.0	image/67	67	70190	train2017/000000011358.jpg
137.900390625	0.0	image/108	108	70605	train2017/000000281330.jpg
138.724609375	0.0	image/6	6	71027	train2017/000000000584.jpg
139.51953125	0.0	image/101	101	71434	train2017/000000017967.jpg
140.341796875	0.0	image/58	58	71855	train2017/000000534259.jpg
141.15234375	0.0	image/114	114	72270	train2017/000000571485.jpg
141.91796875	0.0	image/82	82	72662	train2017/000000539395.jpg
143.568359375	0.0	image/1	1	73507	train2017/000000262145.jpg
144.392578125	0.0	image/92	92	73929	train2017/000000278714.jpg
145.203125	0.0	image/23	23	74344	train2017/000000265150.jpg
146.0078125	0.0	image/2	2	74756	train2017/000000262239.jpg
146.80859375	0.0	image/77	77	75166	train2017/000000275938.jpg
147.62109375	0.0	image/92	92	75582	train2017/000000278714.jpg
148.42578125	0.0	image/99	99	75994	train2017/000000271183.jpg
149.2265625	0.0	image/117	117	76404	train2017/000000396793.jpg
150.04296875	0.0	image/26	26	76822	train2017/000000003521.jpg
150.861328125	0.0	image/93	93	77241	train2017/000000541077.jpg
152.478515625	0.0	image/41	41	78069	train2017/000000268418.jpg
153.271484375	0.0	image/29	29	78475	train2017/000000393907.jpg
154.056640625	0.0	image/58	58	78877	train2017/000000534259.jpg
154.826171875	0.0	image/78	78	79271	train2017/000000013969.jpg
155.611328125	0.0	image/56	56	79673	train2017/000000008998.jpg
156.396484375	0.0	image/42	42	80075	train2017/000000268659.jpg
157.173828125	0.0	image/66	66	80473	train2017/000000273250.jpg
157.962890625	0.0	image/55	55	80877	train2017/000000533231.jpg
158.7734375	0.0	image/64	64	81292	train2017/000000273138.jpg
159.58984375	0.0	image/36	36	81710	train2017/000000267699.jpg
160.359375	0.0	image/88	88	82104	train2017/000000540538.jpg
161.1796875	0.0	image/69	69	82524	train2017/000000011856.jpg
161.9921875	0.0	image/90	90	82940	train2017/000000278555.jpg
162.7890625	0.0	image/4	4	83348	train2017/000000524646.jpg
163.609375	0.0	image/15	15	83768	train2017/000000264396.jpg
164.408203125	0.0	image/104	104	84177	train2017/000000018367.jpg
165.181640625	0.0	image/34	34	84573	train2017/000000005277.jpg
165.96484375	0.0	image/36	36	84974	train2017/000000267699.jpg
166.798828125	0.0	image/29	29	85401	train2017/000000393907.jpg
167.599609375	0.0	image/118	118	85811	train2017/000000283678.jpg
168.3984375	0.0	image/89	89	86220	train2017/000000016314.jpg
169.232421875	0.0	image/110	110	86647	train2017/000000019863.jpg
170.015625	0.0	image/22	22	87048	train2017/000000265023.jpg
170.828125	0.0	image/101	101	87464	train2017/000000017967.jpg
171.6328125	0.0	image/83	83	87876	train2017/000000277524.jpg
172.466796875	0.0	image/93	93	88303	train2017/000000541077.jpg
173.25	0.0	image/79	79	88704	train2017/000000276664.jpg
174.03515625	0.0	image/104	104	89106	train2017/000000018367.jpg
174.810546875	0.0	image/82	82	89503	train2017/000000539395.jpg
176.41796875	0.0	image/62	62	90326	train2017/000000010903.jpg
177.1953125	0.0	image/120	120	90724	train2017/000000021718.jpg
178.001953125	0.0	image/64	64	91137	train2017/000000273138.jpg
178.8359375	0.0	image/28	28	91564	train2017/000000558788.jpg
179.630859375	0.0	image/85	85	91971	train2017/000000539705.jpg
180.41796875	0.0	image/39	39	92374	train2017/000000268008.jpg
181.248046875	0.0	image/3	3	92799	train2017/000000262414.jpg
182.048828125	0.0	image/107	107	93209	train2017/000000543254.jpg
182.8203125	0.0	image/74	74	93604	train2017/000000275663.jpg
183.603515625	0.0	image/91	91	94005	train2017/000000540735.jpg
184.431640625	0.0	image/12	12	94429	train2017/000000525790.jpg
186.00390625	0.0	image/65	65	95234	train2017/000000273147.jpg
186.8046875	0.0	image/52	52	95644	train2017/000000008053.jpg
187.60546875	0.0	image/118	118	96054	train2017/000000283678.jpg
188.40625	0.0	image/30	30	96464	train2017/000000004442.jpg
189.189453125	0.0	image/47	47	96865	train2017/000000531828.jpg
190.0234375	0.0	image/23	23	97292	train2017/000000265150.jpg
191.599609375	0.0	image/111	111	98099	train2017/000000020517.jpg
193.173828125	0.0	image/60	60	98905	train2017/000000010710.jpg
193.95703125	0.0	image/12	12	99306	train2017/000000525790.jpg
194.76953125	0.0	image/11	11	99722	train2017/000000263599.jpg
195.57421875	0.0	image/25	25	100134	train2017/000000527618.jpg
196.38671875	0.0	image/115	115	100550	train2017/000000021095.jpg
197.20703125	0.0	image/33	33	100970	train2017/000000267338.jpg
198.037109375	0.0	image/66	66	101395	train2017/000000273250.jpg
199.69140625	0.0	image/100	100	102242	train2017/000000541856.jpg
200.4921875	0.0	image/111	111	102652	train2017/000000020517.jpg
201.275390625	0.0	image/43	43	103053	train2017/000000006765.jpg
202.0703125	0.0	image/30	30	103460	train2017/000000004442.jpg
202.84375	0.0	image/27	27	103856	train2017/000000265745.jpg
203.67578125	0.0	image/5	5	104282	train2017/000000262690.jpg
204.490234375	0.0	image/114	114	104699	train2017/000000571485.jpg
205.310546875	0.0	image/67	67	105119	train2017/000000011358.jpg
206.12109375	0.0	image/74	74	105534	train2017/000000275663.jpg
206.91015625	0.0	image/75	75	105938	train2017/000000399878.jpg
207.6953125	0.0	image/61	61	106340	train2017/000000272901.jpg
208.521484375	0.0	image/10	10	106763	train2017/000000001308.jpg
209.3125	0.0	image/44	44	107168	train2017/000000007048.jpg
210.10546875	0.0	image/48	48	107574	train2017/000000011299.jpg
210.888671875	0.0	image/46	46	107975	train2017/000000531515.jpg
211.712890625	0.0	image/97	97	108397	train2017/000000279197.jpg
212.505859375	0.0	image/27	27	108803	train2017/000000265745.jpg
220.25390625	0.0	image/197	197	112770	train2017/000000303392.jpg
221.0703125	0.0	image/176	176	113188	train2017/000000297154.jpg
221.86328125	0.0	image/154	154	113594	train2017/000000291560.jpg
222.6484375	0.0	image/140	140	113996	train2017/000000551164.jpg
223.44921875	0.0	image/149	149	114406	train2017/000000290192.jpg
224.265625	0.0	image/133	133	114824	train2017/000000026029.jpg
225.03125	0.0	image/188	188	115216	train2017/000000037823.jpg
225.798828125	0.0	image/146	146	115609	train2017/000000289460.jpg
226.568359375	0.0	image/137	137	116003	train2017/000000026443.jpg
227.388671875	0.0	image/168	168	116423	train2017/000000557848.jpg
228.1875	0.0	image/191	191	116832	train2017/000000039196.jpg
228.98828125	0.0	image/132	132	117242	train2017/000000549830.jpg
229.81640625	0.0	image/157	157	117666	train2017/000000030109.jpg
230.619140625	0.0	image/136	136	118077	train2017/000000026388.jpg
231.421875	0.0	image/150	150	118488	train2017/000000552589.jpg
232.25	0.0	image/226	226	118912	train2017/000000571499.jpg
233.0390625	0.0	image/153	153	119316	train2017/000000553586.jpg
233.8671875	0.0	image/196	196	119740	train2017/000000574784.jpg
234.69140625	0.0	image/171	171	120162	train2017/000000033764.jpg
235.474609375	0.0	image/206	206	120563	train2017/000000263276.jpg
236.28515625	0.0	image/128	128	120978	train2017/000000547644.jpg
237.056640625	0.0	image/158	158	121373	train2017/000000030148.jpg
237.884765625	0.0	image/147	147	121797	train2017/000000289791.jpg
238.669921875	0.0	image/124	124	122199	train2017/000000122964.jpg
239.4921875	0.0	image/204	204	122620	train2017/000000304187.jpg
240.3203125	0.0	image/189	189	123044	train2017/000000300881.jpg
241.087890625	0.0	image/123	123	123437	train2017/000000022256.jpg
241.91015625	0.0	image/159	159	123858	train2017/000000292845.jpg
242.705078125	0.0	image/142	142	124265	train2017/000000027002.jpg
243.52734375	0.0	image/161	161	124686	train2017/000000293368.jpg
244.310546875	0.0	image/202	202	125087	train2017/000000566201.jpg
245.13671875	0.0	image/157	157	125510	train2017/000000030109.jpg
245.927734375	0.0	image/233	233	125915	train2017/000000532520.jpg
246.755859375	0.0	image/240	240	126339	train2017/000000575971.jpg
247.525390625	0.0	image/155	155	126733	train2017/000000029730.jpg
248.310546875	0.0	image/218	218	127135	train2017/000000569196.jpg
249.10546875	0.0	image/172	172	127542	train2017/000000558822.jpg
249.927734375	0.0	image/132	132	127963	train2017/000000549830.jpg
250.74609375	0.0	image/201	201	128382	train2017/000000041606.jpg
251.5234375	0.0	image/168	168	128780	train2017/000000557848.jpg
253.11328125	0.0	image/213	213	129594	train2017/000000043815.jpg
253.923828125	0.0	image/194	194	130009	train2017/000000302588.jpg
254.689453125	0.0	image/237	237	130401	train2017/000000095809.jpg
255.513671875	0.0	image/185	185	130823	train2017/000000036589.jpg
256.30859375	0.0	image/192	192	131230	train2017/000000225054.jpg
257.091796875	0.0	image/121	121	131631	train2017/000000546140.jpg
258.71484375	0.0	image/194	194	132462	train2017/000000302588.jpg
259.546875	0.0	image/224	224	132888	train2017/000000309192.jpg
260.341796875	0.0	image/220	220	133295	train2017/000000569645.jpg
261.1484375	0.0	image/152	152	133708	train2017/000000553166.jpg
261.9765625	0.0	image/211	211	134132	train2017/000000567837.jpg
262.77734375	0.0	image/183	183	134542	train2017/000000298395.jpg
263.548828125	0.0	image/121	121	134937	train2017/000000546140.jpg
264.365234375	0.0	image/233	233	135355	train2017/000000532520.jpg
265.966796875	0.0	image/176	176	136175	train2017/000000297154.jpg
266.744140625	0.0	image/202	202	136573	train2017/000000566201.jpg
267.56640625	0.0	image/171	171	136994	train2017/000000033764.jpg
268.359375	0.0	image/161	161	137400	train2017/000000293368.jpg
269.134765625	0.0	image/177	177	137797	train2017/000000573830.jpg
269.91796875	0.0	image/190	190	138198	train2017/000000038801.jpg
270.734375	0.0	image/215	215	138616	train2017/000000306249.jpg
271.546875	0.0	image/221	221	139032	train2017/000000575701.jpg
272.318359375	0.0	image/240	240	139427	train2017/000000575971.jpg
273.119140625	0.0	image/170	170	139837	train2017/000000033727.jpg
273.90234375	0.0	image/212	212	140238	train2017/000000043776.jpg
274.71875	0.0	image/198	198	140656	train2017/000000303436.jpg
275.53515625	0.0	image/141	141	141074	train2017/000000026981.jpg
276.3359375	0.0	image/236	236	141484	train2017/000000574760.jpg
277.119140625	0.0	image/137	137	141885	train2017/000000026443.jpg
277.9375	0.0	image/239	239	142304	train2017/000000313480.jpg
278.748046875	0.0	image/166	166	142719	train2017/000000556748.jpg
279.5703125	0.0	image/163	163	143140	train2017/000000032134.jpg
281.16796875	0.0	image/133	133	143958	train2017/000000026029.jpg
281.98828125	0.0	image/125	125	144378	train2017/000000022964.jpg
282.7890625	0.0	image/232	232	144788	train2017/000000311232.jpg
284.416015625	0.0	image/195	195	145621	train2017/000000040685.jpg
286.0234375	0.0	image/197	197	146444	train2017/000000303392.jpg
286.85546875	0.0	image/164	164	146870	train2017/000000556542.jpg
287.673828125	0.0	image/136	136	147289	train2017/000000026388.jpg
288.484375	0.0	image/163	163	147704	train2017/000000032134.jpg
289.306640625	0.0	image/189	189	148125	train2017/000000300881.jpg
290.908203125	0.0	image/139	139	148945	train2017/000000026702.jpg
291.70703125	0.0	image/217	217	149354	train2017/000000306988.jpg
292.537109375	0.0	image/195	195	149779	train2017/000000040685.jpg
293.357421875	0.0	image/213	213	150199	train2017/000000043815.jpg
294.169921875	0.0	image/199	199	150615	train2017/000000565652.jpg
294.974609375	0.0	image/125	125	151027	train2017/000000022964.jpg
295.8046875	0.0	image/180	180	151452	train2017/000000297844.jpg
296.587890625	0.0	image/186	186	151853	train2017/000000037358.jpg
297.392578125	0.0	image/130	130	152265	train2017/000000548593.jpg
298.1875	0.0	image/174	174	152672	train2017/000000559145.jpg
299.759765625	0.0	image/152	152	153477	train2017/000000553166.jpg
300.587890625	0.0	image/165	165	153901	train2017/000000032275.jpg
301.39453125	0.0	image/178	178	154314	train2017/000000355458.jpg
302.2109375	0.0	image/210	210	154732	train2017/000000305685.jpg
303.02734375	0.0	image/212	212	155150	train2017/000000043776.jpg
303.810546875	0.0	image/214	214	155551	train2017/000000306031.jpg
304.595703125	0.0	image/219	219	155953	train2017/000000219735.jpg
306.162109375	0.0	image/144	144	156755	train2017/000000354070.jpg
306.962890625	0.0	image/164	164	157165	train2017/000000556542.jpg
307.755859375	0.0	image/131	131	157571	train2017/000000549301.jpg
308.580078125	0.0	image/184	184	157993	train2017/000000006053.jpg
309.373046875	0.0	image/231	231	158399	train2017/000000270325.jpg
310.1640625	0.0	image/150	150	158804	train2017/000000552589.jpg
310.9453125	0.0	image/160	160	159204	train2017/000000293130.jpg
311.73046875	0.0	image/138	138	159606	train2017/000000288751.jpg
312.513671875	0.0	image/204	204	160007	train2017/000000304187.jpg
313.30859375	0.0	image/234	234	160414	train2017/000000312003.jpg
314.11328125	0.0	image/143	143	160826	train2017/000000027030.jpg
314.9140625	0.0	image/123	123	161236	train2017/000000022256.jpg
315.748046875	0.0	image/183	183	161663	train2017/000000298395.jpg
316.564453125	0.0	image/229	229	162081	train2017/000000310870.jpg
317.34375	0.0	image/227	227	162480	train2017/000000047638.jpg
318.166015625	0.0	image/122	122	162901	train2017/000000546147.jpg
318.94921875	0.0	image/192	192	163302	train2017/000000225054.jpg
319.744140625	0.0	image/223	223	163709	train2017/000000309135.jpg
320.509765625	0.0	image/200	200	164101	train2017/000000565834.jpg
321.298828125	0.0	image/219	219	164505	train2017/000000219735.jpg
322.09375	0.0	image/148	148	164912	train2017/000000027665.jpg
322.896484375	0.0	image/129	129	165323	train2017/000000023392.jpg
324.458984375	0.0	image/155	155	166123	train2017/000000029730.jpg
325.224609375	0.0	image/143	143	166515	train2017/000000027030.jpg
325.982421875	0.0	image/141	141	166903	train2017/000000026981.jpg
326.775390625	0.0	image/180	180	167309	train2017/000000297844.jpg
328.37109375	0.0	image/226	226	168126	train2017/000000571499.jpg
329.193359375	0.0	image/207	207	168547	train2017/000000042578.jpg
329.99609375	0.0	image/146	146	168958	train2017/000000289460.jpg
330.810546875	0.0	image/122	122	169375	train2017/000000546147.jpg
331.6015625	0.0	image/182	182	169780	train2017/000000298170.jpg
332.427734375	0.0	image/205	205	170203	train2017/000000566341.jpg
333.99609375	0.0	image/199	199	171006	train2017/000000565652.jpg
334.796875	0.0	image/165	165	171416	train2017/000000032275.jpg
335.595703125	0.0	image/237	237	171825	train2017/000000095809.jpg
336.396484375	0.0	image/210	210	172235	train2017/000000305685.jpg
337.212890625	0.0	image/127	127	172653	train2017/000000285450.jpg
338.013671875	0.0	image/149	149	173063	train2017/000000290192.jpg
338.81640625	0.0	image/208	208	173474	train2017/000000043150.jpg
339.583984375	0.0	image/190	190	173867	train2017/000000038801.jpg
340.380859375	0.0	image/126	126	174275	train2017/000000547367.jpg
341.181640625	0.0	image/187	187	174685	train2017/000000037779.jpg
341.947265625	0.0	image/134	134	175077	train2017/000000550396.jpg
343.513671875	0.0	image/222	222	175879	train2017/000000308950.jpg
344.314453125	0.0	image/230	230	176289	train2017/000000573337.jpg
345.107421875	0.0	image/174	174	176695	train2017/000000559145.jpg
345.916015625	0.0	image/179	179	177109	train2017/000000559958.jpg
347.482421875	0.0	image/200	200	177911	train2017/000000565834.jpg
348.251953125	0.0	image/181	181	178305	train2017/000000035927.jpg
349.033203125	0.0	image/220	220	178705	train2017/000000569645.jpg
349.798828125	0.0	image/186	186	179097	train2017/000000037358.jpg
350.599609375	0.0	image/124	124	179507	train2017/000000122964.jpg
351.400390625	0.0	image/205	205	179917	train2017/000000566341.jpg
352.19921875	0.0	image/127	127	180326	train2017/000000285450.jpg
352.966796875	0.0	image/138	138	180719	train2017/000000288751.jpg
353.751953125	0.0	image/193	193	181121	train2017/000000564465.jpg
354.55078125	0.0	image/201	201	181530	train2017/000000041606.jpg
355.3515625	0.0	image/235	235	181940	train2017/000000050256.jpg
356.15234375	0.0	image/218	218	182350	train2017/000000569196.jpg
356.935546875	0.0	image/208	208	182751	train2017/000000043150.jpg
358.47265625	0.0	image/228	228	183538	train2017/000000572215.jpg
359.23828125	0.0	image/203	203	183930	train2017/000000566261.jpg
360.03515625	0.0	image/131	131	184338	train2017/000000549301.jpg
360.8359375	0.0	image/216	216	184748	train2017/000000225829.jpg
362.462890625	0.0	image/128	128	185581	train2017/000000547644.jpg
363.263671875	0.0	image/223	223	185991	train2017/000000309135.jpg
364.0625	0.0	image/193	193	186400	train2017/000000564465.jpg
364.875	0.0	image/227	227	186816	train2017/000000047638.jpg
365.640625	0.0	image/209	209	187208	train2017/000000043176.jpg
366.4453125	0.0	image/151	151	187620	train2017/000000553150.jpg
367.23046875	0.0	image/126	126	188022	train2017/000000547367.jpg
368.013671875	0.0	image/231	231	188423	train2017/000000270325.jpg
369.681640625	0.0	image/145	145	189277	train2017/000000027298.jpg
370.4765625	0.0	image/179	179	189684	train2017/000000559958.jpg
371.28125	0.0	image/144	144	190096	train2017/000000354070.jpg
372.064453125	0.0	image/181	181	190497	train2017/000000035927.jpg
372.859375	0.0	image/187	187	190904	train2017/000000037779.jpg
373.6328125	0.0	image/169	169	191300	train2017/000000557886.jpg
374.4609375	0.0	image/139	139	191724	train2017/000000026702.jpg
375.265625	0.0	image/182	182	192136	train2017/000000298170.jpg
376.06640625	0.0	image/225	225	192546	train2017/000000047172.jpg
376.861328125	0.0	image/169	169	192953	train2017/000000557886.jpg
377.666015625	0.0	image/216	216	193365	train2017/000000225829.jpg
379.283203125	0.0	image/228	228	194193	train2017/000000572215.jpg
380.068359375	0.0	image/162	162	194595	train2017/000000293372.jpg
380.8515625	0.0	image/239	239	194996	train2017/000000313480.jpg
381.662109375	0.0	image/215	215	195411	train2017/000000306249.jpg
382.4453125	0.0	image/214	214	195812	train2017/000000306031.jpg
383.251953125	0.0	image/154	154	196225	train2017/000000291560.jpg
384.046875	0.0	image/166	166	196632	train2017/000000556748.jpg
384.818359375	0.0	image/196	196	197027	train2017/000000574784.jpg
385.634765625	0.0	image/135	135	197445	train2017/000000288372.jpg
386.4296875	0.0	image/222	222	197852	train2017/000000308950.jpg
388.00390625	0.0	image/140	140	198658	train2017/000000551164.jpg
388.779296875	0.0	image/206	206	199055	train2017/000000263276.jpg
389.546875	0.0	image/148	148	199448	train2017/000000027665.jpg
390.33203125	0.0	image/160	160	199850	train2017/000000293130.jpg
391.13671875	0.0	image/198	198	200262	train2017/000000303436.jpg
391.921875	0.0	image/147	147	200664	train2017/000000289791.jpg
392.705078125	0.0	image/188	188	201065	train2017/000000037823.jpg
393.482421875	0.0	image/130	130	201463	train2017/000000548593.jpg
394.3046875	0.0	image/134	134	201884	train2017/000000550396.jpg
395.115234375	0.0	image/153	153	202299	train2017/000000553586.jpg
395.939453125	0.0	image/175	175	202721	train2017/000000559225.jpg
397.556640625	0.0	image/172	172	203549	train2017/000000558822.jpg
398.35546875	0.0	image/135	135	203958	train2017/000000288372.jpg
399.150390625	0.0	image/209	209	204365	train2017/000000043176.jpg
399.97265625	0.0	image/224	224	204786	train2017/000000309192.jpg
400.78515625	0.0	image/145	145	205202	train2017/000000027298.jpg
401.5859375	0.0	image/142	142	205612	train2017/000000027002.jpg
402.40234375	0.0	image/230	230	206030	train2017/000000573337.jpg
403.21875	0.0	image/238	238	206448	train2017/000000050624.jpg
404.041015625	0.0	image/170	170	206869	train2017/000000033727.jpg
404.869140625	0.0	image/232	232	207293	train2017/000000311232.jpg
405.642578125	0.0	image/156	156	207689	train2017/000000029732.jpg
406.453125	0.0	image/238	238	208104	train2017/000000050624.jpg
407.21875	0.0	image/177	177	208496	train2017/000000573830.jpg
408.025390625	0.0	image/162	162	208909	train2017/000000293372.jpg
408.80859375	0.0	image/178	178	209310	train2017/000000355458.jpg
409.626953125	0.0	image/151	151	209729	train2017/000000553150.jpg
410.458984375	0.0	image/173	173	210155	train2017/000000559816.jpg
411.240234375	0.0	image/167	167	210555	train2017/000000032809.jpg
412.00390625	0.0	image/175	175	210946	train2017/000000559225.jpg
413.611328125	0.0	image/236	236	211769	train2017/000000574760.jpg
414.388671875	0.0	image/235	235	212167	train2017/000000050256.jpg
415.171875	0.0	image/234	234	212568	train2017/000000312003.jpg
416.744140625	0.0	image/217	217	213373	train2017/000000306988.jpg
417.5234375	0.0	image/129	129	213772	train2017/000000023392.jpg
418.345703125	0.0	image/185	185	214193	train2017/000000036589.jpg
419.962890625	0.0	image/221	221	215021	train2017/000000575701.jpg
420.7578125	0.0	image/184	184	215428	train2017/000000006053.jpg
421.546875	0.0	image/173	173	215832	train2017/000000559816.jpg
422.33984375	0.0	image/191	191	216238	train2017/000000039196.jpg
423.146484375	0.0	image/159	159	216651	train2017/000000292845.jpg
423.947265625	0.0	image/167	167	217061	train2017/000000032809.jpg
424.7421875	0.0	image/211	211	217468	train2017/000000567837.jpg
425.525390625	0.0	image/229	229	217869	train2017/000000310870.jpg
426.298828125	0.0	image/207	207	218265	train2017/000000042578.jpg
427.08203125	0.0	image/156	156	218666	train2017/000000029732.jpg
428.681640625	0.0	image/158	158	219485	train2017/000000030148.jpg
429.46484375	0.0	image/203	203	219886	train2017/000000566261.jpg
430.259765625	0.0	image/225	225	220293	train2017/000000047172.jpg
437.52734375	0.0	image/354	354	224014	train2017/000000076476.jpg
438.35546875	0.0	image/321	321	224438	train2017/000000332498.jpg
439.177734375	0.0	image/347	347	224859	train2017/000000074390.jpg
440.005859375	0.0	image/331	331	225283	train2017/000000333654.jpg
440.8125	0.0	image/245	245	225696	train2017/000000052348.jpg
441.595703125	0.0	image/312	312	226097	train2017/000000068238.jpg
442.390625	0.0	image/330	330	226504	train2017/000000333629.jpg
443.1953125	0.0	image/258	258	226916	train2017/000000055294.jpg
443.98046875	0.0	image/285	285	227318	train2017/000000061174.jpg
444.775390625	0.0	image/246	246	227725	train2017/000000576749.jpg
445.54296875	0.0	image/295	295	228118	train2017/000000010743.jpg
446.314453125	0.0	image/304	304	228513	train2017/000000066696.jpg
447.130859375	0.0	image/271	271	228931	train2017/000000058465.jpg
448.748046875	0.0	image/259	259	229759	train2017/000000055402.jpg
449.53125	0.0	image/264	264	230160	train2017/000000001877.jpg
450.33203125	0.0	image/331	331	230570	train2017/000000333654.jpg
451.11328125	0.0	image/359	359	230970	train2017/000000078000.jpg
451.943359375	0.0	image/246	246	231395	train2017/000000576749.jpg
452.71484375	0.0	image/250	250	231790	train2017/000000577964.jpg
453.548828125	0.0	image/336	336	232217	train2017/000000334208.jpg
454.361328125	0.0	image/261	261	232633	train2017/000000317781.jpg
455.166015625	0.0	image/355	355	233045	train2017/000000338670.jpg
455.9765625	0.0	image/293	293	233460	train2017/000000062547.jpg
456.77734375	0.0	image/344	344	233870	train2017/000000073997.jpg
457.56640625	0.0	image/327	327	234274	train2017/000000333152.jpg
458.3515625	0.0	image/265	265	234676	train2017/000000580813.jpg
459.16796875	0.0	image/312	312	235094	train2017/000000068238.jpg
460.0	0.0	image/243	243	235520	train2017/000000560396.jpg
460.833984375	0.0	image/256	256	235947	train2017/000000009199.jpg
461.634765625	0.0	image/323	323	236357	train2017/000000332574.jpg
462.4140625	0.0	image/326	326	236756	train2017/000000332875.jpg
463.1796875	0.0	image/307	307	237148	train2017/000000329641.jpg
464.001953125	0.0	image/263	263	237569	train2017/000000318444.jpg
464.814453125	0.0	image/247	247	237985	train2017/000000576789.jpg
465.5859375	0.0	image/347	347	238380	train2017/000000074390.jpg
466.380859375	0.0	image/338	338	238787	train2017/000000334772.jpg
467.1796875	0.0	image/289	289	239196	train2017/000000061559.jpg
467.947265625	0.0	image/298	298	239589	train2017/000000065029.jpg
468.748046875	0.0	image/295	295	239999	train2017/000000010743.jpg
469.513671875	0.0	image/282	282	240391	train2017/000000053842.jpg
470.337890625	0.0	image/324	324	240813	train2017/000000332692.jpg
471.138671875	0.0	image/278	278	241223	train2017/000000009987.jpg
471.9375	0.0	image/254	254	241632	train2017/000000317061.jpg
472.732421875	0.0	image/249	249	242039	train2017/000000577817.jpg
473.5546875	0.0	image/241	241	242460	train2017/000000576011.jpg
474.35546875	0.0	image/284	284	242870	train2017/000000323182.jpg
475.150390625	0.0	image/291	291	243277	train2017/000000490875.jpg
475.935546875	0.0	image/314	314	243679	train2017/000000055090.jpg
476.72265625	0.0	image/268	268	244082	train2017/000000057796.jpg
477.5078125	0.0	image/307	307	244484	train2017/000000329641.jpg
478.283203125	0.0	image/288	288	244881	train2017/000000061288.jpg
479.083984375	0.0	image/278	278	245291	train2017/000000009987.jpg
479.890625	0.0	image/287	287	245704	train2017/000000061266.jpg
480.724609375	0.0	image/348	348	246131	train2017/000000074461.jpg
481.5234375	0.0	image/350	350	246540	train2017/000000074828.jpg
482.318359375	0.0	image/302	302	246947	train2017/000000328454.jpg
483.123046875	0.0	image/280	280	247359	train2017/000000322255.jpg
483.953125	0.0	image/314	314	247784	train2017/000000055090.jpg
484.71875	0.0	image/254	254	248176	train2017/000000317061.jpg
485.486328125	0.0	image/241	241	248569	train2017/000000576011.jpg
486.30859375	0.0	image/318	318	248990	train2017/000000069705.jpg
487.091796875	0.0	image/255	255	249391	train2017/000000055184.jpg
487.87109375	0.0	image/348	348	249790	train2017/000000074461.jpg
488.693359375	0.0	image/345	345	250211	train2017/000000281567.jpg
489.470703125	0.0	image/306	306	250609	train2017/000000281575.jpg
490.25390625	0.0	image/275	275	251010	train2017/000000403184.jpg
491.076171875	0.0	image/356	356	251431	train2017/000000012795.jpg
491.861328125	0.0	image/266	266	251833	train2017/000000056837.jpg
492.64453125	0.0	image/290	290	252234	train2017/000000534553.jpg
493.4609375	0.0	image/352	352	252652	train2017/000000274776.jpg
494.294921875	0.0	image/266	266	253079	train2017/000000056837.jpg
495.095703125	0.0	image/283	283	253489	train2017/000000359687.jpg
495.87890625	0.0	image/346	346	253890	train2017/000000336374.jpg
496.70703125	0.0	image/357	357	254314	train2017/000000338987.jpg
497.49609375	0.0	image/337	337	254718	train2017/000000072095.jpg
498.294921875	0.0	image/270	270	255127	train2017/000000058407.jpg
499.091796875	0.0	image/253	253	255535	train2017/000000054001.jpg
500.6640625	0.0	image/353	353	256340	train2017/000000338169.jpg
501.490234375	0.0	image/341	341	256763	train2017/000000492851.jpg
502.314453125	0.0	image/276	276	257185	train2017/000000322008.jpg
503.931640625	0.0	image/351	351	258013	train2017/000000337479.jpg
504.7421875	0.0	image/267	267	258428	train2017/000000057631.jpg
505.548828125	0.0	image/292	292	258841	train2017/000000323970.jpg
506.34765625	0.0	image/289	289	259250	train2017/000000061559.jpg
507.125	0.0	image/271	271	259648	train2017/000000058465.jpg
507.947265625	0.0	image/355	355	260069	train2017/000000338670.jpg
508.77734375	0.0	image/308	308	260494	train2017/000000067623.jpg
509.548828125	0.0	image/343	343	260889	train2017/000000335824.jpg
511.1171875	0.0	image/297	297	261692	train2017/000000065012.jpg
511.900390625	0.0	image/357	357	262093	train2017/000000338987.jpg
512.677734375	0.0	image/325	325	262491	train2017/000000002349.jpg
513.474609375	0.0	image/301	301	262899	train2017/000000066253.jpg
514.25	0.0	image/334	334	263296	train2017/000000334048.jpg
515.0625	0.0	image/272	272	263712	train2017/000000359337.jpg
516.615234375	0.0	image/277	277	264507	train2017/000000009983.jpg
517.41796875	0.0	image/243	243	264918	train2017/000000560396.jpg
518.23046875	0.0	image/252	252	265334	train2017/000000578169.jpg
519.03515625	0.0	image/339	339	265746	train2017/000000072715.jpg
519.84765625	0.0	image/332	332	266162	train2017/000000579906.jpg
520.646484375	0.0	image/255	255	266571	train2017/000000055184.jpg
521.453125	0.0	image/281	281	266984	train2017/000000323010.jpg
523.0703125	0.0	image/267	267	267812	train2017/000000057631.jpg
523.87109375	0.0	image/318	318	268222	train2017/000000069705.jpg
524.654296875	0.0	image/262	262	268623	train2017/000000318381.jpg
525.431640625	0.0	image/313	313	269021	train2017/000000011373.jpg
526.25390625	0.0	image/300	300	269442	train2017/000000065400.jpg
527.87109375	0.0	image/258	258	270270	train2017/000000055294.jpg
528.666015625	0.0	image/305	305	270677	train2017/000000067347.jpg
529.44921875	0.0	image/259	259	271078	train2017/000000055402.jpg
530.271484375	0.0	image/319	319	271499	train2017/000000332261.jpg
531.048828125	0.0	image/353	353	271897	train2017/000000338169.jpg
531.8515625	0.0	image/275	275	272308	train2017/000000403184.jpg
532.671875	0.0	image/257	257	272728	train2017/000000055206.jpg
533.484375	0.0	image/302	302	273144	train2017/000000328454.jpg
534.291015625	0.0	image/346	346	273557	train2017/000000336374.jpg
535.1171875	0.0	image/360	360	273980	train2017/000000078042.jpg
535.923828125	0.0	image/301	301	274393	train2017/000000066253.jpg
536.70703125	0.0	image/327	327	274794	train2017/000000333152.jpg
538.275390625	0.0	image/334	334	275597	train2017/000000334048.jpg
539.091796875	0.0	image/306	306	276015	train2017/000000281575.jpg
540.724609375	0.0	image/248	248	276851	train2017/000000455691.jpg
541.525390625	0.0	image/337	337	277261	train2017/000000072095.jpg
542.3203125	0.0	image/260	260	277668	train2017/000000055514.jpg
543.91015625	0.0	image/335	335	278482	train2017/000000071927.jpg
544.720703125	0.0	image/285	285	278897	train2017/000000061174.jpg
546.34375	0.0	image/342	342	279728	train2017/000000335688.jpg
547.16015625	0.0	image/329	329	280146	train2017/000000333615.jpg
547.943359375	0.0	image/277	277	280547	train2017/000000009983.jpg
548.73828125	0.0	image/286	286	280954	train2017/000000323397.jpg
549.544921875	0.0	image/352	352	281367	train2017/000000274776.jpg
550.328125	0.0	image/272	272	281768	train2017/000000359337.jpg
551.111328125	0.0	image/242	242	282169	train2017/000000051774.jpg
551.9453125	0.0	image/309	309	282596	train2017/000000330084.jpg
552.728515625	0.0	image/269	269	282997	train2017/000000320533.jpg
553.505859375	0.0	image/303	303	283395	train2017/000000328628.jpg
554.306640625	0.0	image/293	293	283805	train2017/000000062547.jpg
555.11328125	0.0	image/298	298	284218	train2017/000000065029.jpg
556.69140625	0.0	image/342	342	285026	train2017/000000335688.jpg
558.296875	0.0	image/281	281	285848	train2017/000000323010.jpg
559.07421875	0.0	image/310	310	286246	train2017/000000330086.jpg
559.880859375	0.0	image/349	349	286659	train2017/000000074714.jpg
561.46484375	0.0	image/311	311	287470	train2017/000000067961.jpg
562.28125	0.0	image/262	262	287888	train2017/000000318381.jpg
563.08203125	0.0	image/247	247	288298	train2017/000000576789.jpg
563.916015625	0.0	image/320	320	288725	train2017/000000332448.jpg
564.732421875	0.0	image/251	251	289143	train2017/000000053778.jpg
565.56640625	0.0	image/343	343	289570	train2017/000000335824.jpg
566.349609375	0.0	image/351	351	289971	train2017/000000337479.jpg
567.126953125	0.0	image/315	315	290369	train2017/000000068623.jpg
567.896484375	0.0	image/286	286	290763	train2017/000000323397.jpg
569.51171875	0.0	image/309	309	291590	train2017/000000330084.jpg
570.314453125	0.0	image/359	359	292001	train2017/000000078000.jpg
571.1171875	0.0	image/257	257	292412	train2017/000000055206.jpg
571.9140625	0.0	image/283	283	292820	train2017/000000359687.jpg
572.6796875	0.0	image/317	317	293212	train2017/000000069625.jpg
573.501953125	0.0	image/269	269	293633	train2017/000000320533.jpg
574.3125	0.0	image/333	333	294048	train2017/000000334011.jpg
575.080078125	0.0	image/273	273	294441	train2017/000000059321.jpg
575.88671875	0.0	image/291	291	294854	train2017/000000490875.jpg
576.685546875	0.0	image/261	261	295263	train2017/000000317781.jpg
577.48046875	0.0	image/279	279	295670	train2017/000000322246.jpg
578.287109375	0.0	image/338	338	296083	train2017/000000334772.jpg
579.09765625	0.0	image/328	328	296498	train2017/000000071429.jpg
579.919921875	0.0	image/333	333	296919	train2017/000000334011.jpg
580.732421875	0.0	image/324	324	297335	train2017/000000332692.jpg
581.5546875	0.0	image/328	328	297756	train2017/000000071429.jpg
582.337890625	0.0	image/335	335	298157	train2017/000000071927.jpg
583.154296875	0.0	image/305	305	298575	train2017/000000067347.jpg
583.98828125	0.0	image/330	330	299002	train2017/000000333629.jpg
585.638671875	0.0	image/304	304	299847	train2017/000000066696.jpg
586.416015625	0.0	image/308	308	300245	train2017/000000067623.jpg
587.220703125	0.0	image/260	260	300657	train2017/000000055514.jpg
588.857421875	0.0	image/242	242	301495	train2017/000000051774.jpg
590.484375	0.0	image/256	256	302328	train2017/000000009199.jpg
591.291015625	0.0	image/300	300	302741	train2017/000000065400.jpg
592.1015625	0.0	image/322	322	303156	train2017/000000070421.jpg
592.923828125	0.0	image/349	349	303577	train2017/000000074714.jpg
593.734375	0.0	image/345	345	303992	train2017/000000281567.jpg
594.53515625	0.0	image/336	336	304402	train2017/000000334208.jpg
595.341796875	0.0	image/287	287	304815	train2017/000000061266.jpg
596.119140625	0.0	image/344	344	305213	train2017/000000073997.jpg
596.904296875	0.0	image/311	311	305615	train2017/000000067961.jpg
597.716796875	0.0	image/320	320	306031	train2017/000000332448.jpg
598.509765625	0.0	image/244	244	306437	train2017/000000314379.jpg
599.302734375	0.0	image/313	313	306843	train2017/000000011373.jpg
600.109375	0.0	image/296	296	307256	train2017/000000064534.jpg
601.7265625	0.0	image/299	299	308084	train2017/000000327191.jpg
603.35546875	0.0	image/280	280	308918	train2017/000000322255.jpg
604.16015625	0.0	image/265	265	309330	train2017/000000580813.jpg
604.9609375	0.0	image/270	270	309740	train2017/000000058407.jpg
605.775390625	0.0	image/360	360	310157	train2017/000000078042.jpg
606.544921875	0.0	image/356	356	310551	train2017/000000012795.jpg
607.373046875	0.0	image/329	329	310975	train2017/000000333615.jpg
608.1953125	0.0	image/340	340	311396	train2017/000000335063.jpg
608.978515625	0.0	image/316	316	311797	train2017/000000246728.jpg
609.796875	0.0	image/354	354	312216	train2017/000000076476.jpg
610.61328125	0.0	image/322	322	312634	train2017/000000070421.jpg
611.423828125	0.0	image/290	290	313049	train2017/000000534553.jpg
612.23046875	0.0	image/315	315	313462	train2017/000000068623.jpg
613.0078125	0.0	image/276	276	313860	train2017/000000322008.jpg
613.826171875	0.0	image/294	294	314279	train2017/000000325710.jpg
614.630859375	0.0	image/310	310	314691	train2017/000000330086.jpg
615.408203125	0.0	image/341	341	315089	train2017/000000492851.jpg
616.193359375	0.0	image/350	350	315491	train2017/000000074828.jpg
616.9921875	0.0	image/245	245	315900	train2017/000000052348.jpg
617.80859375	0.0	image/282	282	316318	train2017/000000053842.jpg
618.576171875	0.0	image/326	326	316711	train2017/000000332875.jpg
619.361328125	0.0	image/303	303	317113	train2017/000000328628.jpg
620.181640625	0.0	image/297	297	317533	train2017/000000065012.jpg
620.9765625	0.0	image/268	268	317940	train2017/000000057796.jpg
622.6328125	0.0	image/284	284	318788	train2017/000000323182.jpg
623.451171875	0.0	image/296	296	319207	train2017/000000064534.jpg
624.26171875	0.0	image/321	321	319622	train2017/000000332498.jpg
625.060546875	0.0	image/299	299	320031	train2017/000000327191.jpg
625.8671875	0.0	image/274	274	320444	train2017/000000321902.jpg
626.6953125	0.0	image/263	263	320868	train2017/000000318444.jpg
627.517578125	0.0	image/253	253	321289	train2017/000000054001.jpg
628.298828125	0.0	image/252	252	321689	train2017/000000578169.jpg
629.08203125	0.0	image/244	244	322090	train2017/000000314379.jpg
629.884765625	0.0	image/279	279	322501	train2017/000000322246.jpg
630.66796875	0.0	image/340	340	322902	train2017/000000335063.jpg
632.26953125	0.0	image/288	288	323722	train2017/000000061288.jpg
633.0703125	0.0	image/323	323	324132	train2017/000000332574.jpg
633.84765625	0.0	image/264	264	324530	train2017/000000001877.jpg
634.61328125	0.0	image/294	294	324922	train2017/000000325710.jpg
635.4375	0.0	image/274	274	325344	train2017/000000321902.jpg
636.248046875	0.0	image/339	339	325759	train2017/000000072715.jpg
637.033203125	0.0	image/292	292	326161	train2017/000000323970.jpg
637.8046875	0.0	image/250	250	326556	train2017/000000577964.jpg
639.37109375	0.0	image/319	319	327358	train2017/000000332261.jpg
640.189453125	0.0	image/358	358	327777	train2017/000000077870.jpg
640.98828125	0.0	image/325	325	328186	train2017/000000002349.jpg
641.822265625	0.0	image/316	316	328613	train2017/000000246728.jpg
642.638671875	0.0	image/249	249	329031	train2017/000000577817.jpg
643.416015625	0.0	image/251	251	329429	train2017/000000053778.jpg
645.05078125	0.0	image/317	317	330266	train2017/000000069625.jpg
645.873046875	0.0	image/358	358	330687	train2017/000000077870.jpg
646.70703125	0.0	image/273	273	331114	train2017/000000059321.jpg
647.5234375	0.0	image/248	248	331532	train2017/000000455691.jpg
648.3515625	0.0	image/332	332	331956	train2017/000000579906.jpg
655.625	0.0	image/440	440	335680	train2017/000000361197.jpg
656.412109375	0.0	image/456	456	336083	train2017/000000104081.jpg
657.236328125	0.0	image/366	366	336505	train2017/000000080275.jpg
658.05859375	0.0	image/433	433	336926	train2017/000000359085.jpg
658.888671875	0.0	image/419	419	337351	train2017/000000092288.jpg
660.4765625	0.0	image/452	452	338164	train2017/000000365218.jpg
661.255859375	0.0	image/431	431	338563	train2017/000000095828.jpg
662.0390625	0.0	image/455	455	338964	train2017/000000104044.jpg
663.626953125	0.0	image/417	417	339777	train2017/000000092001.jpg
664.41015625	0.0	image/394	394	340178	train2017/000000087126.jpg
665.224609375	0.0	image/382	382	340595	train2017/000000345149.jpg
666.013671875	0.0	image/434	434	340999	train2017/000000097201.jpg
666.845703125	0.0	image/435	435	341425	train2017/000000097218.jpg
667.6796875	0.0	image/387	387	341852	train2017/000000083738.jpg
668.45703125	0.0	image/447	447	342250	train2017/000000100863.jpg
669.263671875	0.0	image/368	368	342663	train2017/000000008471.jpg
670.056640625	0.0	image/423	423	343069	train2017/000000355622.jpg
670.84765625	0.0	image/402	402	343474	train2017/000000088835.jpg
671.640625	0.0	image/367	367	343880	train2017/000000080619.jpg
672.4296875	0.0	image/416	416	344284	train2017/000000354095.jpg
673.248046875	0.0	image/362	362	344703	train2017/000000340734.jpg
674.041015625	0.0	image/451	451	345109	train2017/000000365003.jpg
674.83203125	0.0	image/382	382	345514	train2017/000000345149.jpg
675.6640625	0.0	image/363	363	345940	train2017/000000079111.jpg
676.482421875	0.0	image/458	458	346359	train2017/000000104502.jpg
677.29296875	0.0	image/441	441	346774	train2017/000000099363.jpg
678.099609375	0.0	image/425	425	347187	train2017/000000356771.jpg
678.91015625	0.0	image/396	396	347602	train2017/000000349363.jpg
679.67578125	0.0	image/362	362	347994	train2017/000000340734.jpg
680.443359375	0.0	image/438	438	348387	train2017/000000147547.jpg
681.232421875	0.0	image/466	466	348791	train2017/000000107204.jpg
682.060546875	0.0	image/370	370	349215	train2017/000000081105.jpg
683.634765625	0.0	image/462	462	350021	train2017/000000368852.jpg
684.43359375	0.0	image/450	450	350430	train2017/000000570785.jpg
685.267578125	0.0	image/373	373	350857	train2017/000000081841.jpg
686.095703125	0.0	image/398	398	351281	train2017/000000087871.jpg
686.86328125	0.0	image/472	472	351674	train2017/000000110780.jpg
687.634765625	0.0	image/401	401	352069	train2017/000000088414.jpg
688.451171875	0.0	image/444	444	352487	train2017/000000100396.jpg
689.23046875	0.0	image/458	458	352886	train2017/000000104502.jpg
690.013671875	0.0	image/470	470	353287	train2017/000000110611.jpg
690.8203125	0.0	image/471	471	353700	train2017/000000372775.jpg
691.630859375	0.0	image/469	469	354115	train2017/000000370369.jpg
692.4296875	0.0	image/400	400	354524	train2017/000000350299.jpg
693.236328125	0.0	image/383	383	354937	train2017/000000083393.jpg
694.037109375	0.0	image/385	385	355347	train2017/000000345751.jpg
694.818359375	0.0	image/410	410	355747	train2017/000000090994.jpg
695.63671875	0.0	image/464	464	356166	train2017/000000369230.jpg
696.4140625	0.0	image/376	376	356564	train2017/000000081995.jpg
698.0390625	0.0	image/441	441	357396	train2017/000000099363.jpg
698.85546875	0.0	image/392	392	357814	train2017/000000348204.jpg
699.689453125	0.0	image/407	407	358241	train2017/000000352724.jpg
700.466796875	0.0	image/384	384	358639	train2017/000000345725.jpg
701.23828125	0.0	image/386	386	359034	train2017/000000083632.jpg
702.0390625	0.0	image/439	439	359444	train2017/000000361193.jpg
702.8515625	0.0	image/397	397	359860	train2017/000000087334.jpg
703.673828125	0.0	image/381	381	360281	train2017/000000082770.jpg
704.466796875	0.0	image/407	407	360687	train2017/000000352724.jpg
705.2578125	0.0	image/429	429	361092	train2017/000000095337.jpg
706.07421875	0.0	image/419	419	361510	train2017/000000092288.jpg
706.869140625	0.0	image/474	474	361917	train2017/000000373679.jpg
707.689453125	0.0	image/453	453	362337	train2017/000000103366.jpg
708.51953125	0.0	image/454	454	362762	train2017/000000366146.jpg
709.28515625	0.0	image/375	375	363154	train2017/000000081961.jpg
710.091796875	0.0	image/414	414	363567	train2017/000000091784.jpg
710.875	0.0	image/415	415	363968	train2017/000000354045.jpg
711.6875	0.0	image/468	468	364384	train2017/000000542304.jpg
712.4921875	0.0	image/448	448	364796	train2017/000000101069.jpg
713.275390625	0.0	image/365	365	365197	train2017/000000080084.jpg
714.087890625	0.0	image/479	479	365613	train2017/000000114077.jpg
714.91015625	0.0	image/393	393	366034	train2017/000000086811.jpg
716.52734375	0.0	image/369	369	366862	train2017/000000080987.jpg
717.337890625	0.0	image/364	364	367277	train2017/000000275335.jpg
718.10546875	0.0	image/377	377	367670	train2017/000000450584.jpg
718.892578125	0.0	image/459	459	368073	train2017/000000366802.jpg
719.728515625	0.0	image/476	476	368501	train2017/000000112734.jpg
720.521484375	0.0	image/388	388	368907	train2017/000000084174.jpg
721.345703125	0.0	image/401	401	369329	train2017/000000088414.jpg
722.94140625	0.0	image/432	432	370146	train2017/000000096161.jpg
723.728515625	0.0	image/433	433	370549	train2017/000000359085.jpg
724.5625	0.0	image/377	377	370976	train2017/000000450584.jpg
725.345703125	0.0	image/456	456	371377	train2017/000000104081.jpg
726.1796875	0.0	image/440	440	371804	train2017/000000361197.jpg
727.013671875	0.0	image/387	387	372231	train2017/000000083738.jpg
727.791015625	0.0	image/372	372	372629	train2017/000000081474.jpg
728.580078125	0.0	image/420	420	373033	train2017/000000092353.jpg
729.3984375	0.0	image/471	471	373452	train2017/000000372775.jpg
730.208984375	0.0	image/444	444	373867	train2017/000000100396.jpg
730.9765625	0.0	image/389	389	374260	train2017/000000346583.jpg
731.783203125	0.0	image/416	416	374673	train2017/000000354095.jpg
732.564453125	0.0	image/459	459	375073	train2017/000000366802.jpg
733.349609375	0.0	image/448	448	375475	train2017/000000101069.jpg
734.16015625	0.0	image/386	386	375890	train2017/000000083632.jpg
734.9765625	0.0	image/430	430	376308	train2017/000000357865.jpg
735.77734375	0.0	image/461	461	376718	train2017/000000106107.jpg
736.599609375	0.0	image/467	467	377139	train2017/000000017935.jpg
737.427734375	0.0	image/391	391	377563	train2017/000000346795.jpg
738.234375	0.0	image/384	384	377976	train2017/000000345725.jpg
739.02734375	0.0	image/414	414	378382	train2017/000000091784.jpg
739.833984375	0.0	image/383	383	378795	train2017/000000083393.jpg
741.4453125	0.0	image/398	398	379620	train2017/000000087871.jpg
742.251953125	0.0	image/392	392	380033	train2017/000000348204.jpg
743.078125	0.0	image/380	380	380456	train2017/000000082650.jpg
743.84765625	0.0	image/395	395	380850	train2017/000000087146.jpg
744.630859375	0.0	image/442	442	381251	train2017/000000361648.jpg
745.453125	0.0	image/429	429	381672	train2017/000000095337.jpg
746.248046875	0.0	image/413	413	382079	train2017/000000364806.jpg
747.052734375	0.0	image/454	454	382491	train2017/000000366146.jpg
747.880859375	0.0	image/366	366	382915	train2017/000000080275.jpg
748.654296875	0.0	image/406	406	383311	train2017/000000352236.jpg
749.470703125	0.0	image/435	435	383729	train2017/000000097218.jpg
750.263671875	0.0	image/478	478	384135	train2017/000000114035.jpg
751.087890625	0.0	image/439	439	384557	train2017/000000361193.jpg
751.890625	0.0	image/404	404	384968	train2017/000000352129.jpg
753.521484375	0.0	image/410	410	385803	train2017/000000090994.jpg
754.322265625	0.0	image/399	399	386213	train2017/000000320508.jpg
755.123046875	0.0	image/427	427	386623	train2017/000000357228.jpg
756.75	0.0	image/361	361	387456	train2017/000000340317.jpg
757.572265625	0.0	image/390	390	387877	train2017/000000346754.jpg
758.384765625	0.0	image/403	403	388293	train2017/000000089908.jpg
759.173828125	0.0	image/430	430	388697	train2017/000000357865.jpg
759.95703125	0.0	image/404	404	389098	train2017/000000352129.jpg
760.740234375	0.0	image/371	371	389499	train2017/000000081365.jpg
761.541015625	0.0	image/408	408	389909	train2017/000000352861.jpg
762.341796875	0.0	image/417	417	390319	train2017/000000092001.jpg
763.15234375	0.0	image/368	368	390734	train2017/000000008471.jpg
763.958984375	0.0	image/374	374	391147	train2017/000000046372.jpg
764.787109375	0.0	image/460	460	391571	train2017/000000367552.jpg
765.591796875	0.0	image/369	369	391983	train2017/000000080987.jpg
766.392578125	0.0	image/395	395	392393	train2017/000000087146.jpg
767.185546875	0.0	image/364	364	392799	train2017/000000275335.jpg
767.953125	0.0	image/424	424	393192	train2017/000000277778.jpg
769.587890625	0.0	image/385	385	394029	train2017/000000345751.jpg
770.392578125	0.0	image/475	475	394441	train2017/000000373970.jpg
771.203125	0.0	image/466	466	394856	train2017/000000107204.jpg
772.015625	0.0	image/388	388	395272	train2017/000000084174.jpg
772.828125	0.0	image/426	426	395688	train2017/000000357074.jpg
773.60546875	0.0	image/412	412	396086	train2017/000000408492.jpg
774.37109375	0.0	image/437	437	396478	train2017/000000060117.jpg
775.177734375	0.0	image/463	463	396891	train2017/000000369171.jpg
776.005859375	0.0	image/371	371	397315	train2017/000000081365.jpg
776.828125	0.0	image/399	399	397736	train2017/000000320508.jpg
777.60546875	0.0	image/455	455	398134	train2017/000000104044.jpg
778.423828125	0.0	image/445	445	398553	train2017/000000362677.jpg
779.189453125	0.0	image/378	378	398945	train2017/000000319517.jpg
779.978515625	0.0	image/367	367	399349	train2017/000000080619.jpg
780.7578125	0.0	image/425	425	399748	train2017/000000356771.jpg
781.556640625	0.0	image/380	380	400157	train2017/000000082650.jpg
782.34765625	0.0	image/381	381	400562	train2017/000000082770.jpg
783.146484375	0.0	image/402	402	400971	train2017/000000088835.jpg
784.763671875	0.0	image/446	446	401799	train2017/000000100599.jpg
785.58203125	0.0	image/424	424	402218	train2017/000000277778.jpg
786.380859375	0.0	image/418	418	402627	train2017/000000092221.jpg
787.208984375	0.0	image/376	376	403051	train2017/000000081995.jpg
787.9921875	0.0	image/379	379	403452	train2017/000000569678.jpg
788.798828125	0.0	image/432	432	403865	train2017/000000096161.jpg
790.416015625	0.0	image/461	461	404693	train2017/000000106107.jpg
791.244140625	0.0	image/434	434	405117	train2017/000000097201.jpg
792.06640625	0.0	image/409	409	405538	train2017/000000090827.jpg
792.849609375	0.0	image/422	422	405939	train2017/000000059194.jpg
793.64453125	0.0	image/457	457	406346	train2017/000000366396.jpg
794.466796875	0.0	image/412	412	406767	train2017/000000408492.jpg
795.27734375	0.0	image/426	426	407182	train2017/000000357074.jpg
796.1015625	0.0	image/474	474	407604	train2017/000000373679.jpg
796.884765625	0.0	image/379	379	408005	train2017/000000569678.jpg
798.451171875	0.0	image/391	391	408807	train2017/000000346795.jpg
799.251953125	0.0	image/462	462	409217	train2017/000000368852.jpg
800.03515625	0.0	image/450	450	409618	train2017/000000570785.jpg
800.818359375	0.0	image/442	442	410019	train2017/000000361648.jpg
801.63671875	0.0	image/408	408	410438	train2017/000000352861.jpg
802.453125	0.0	image/394	394	410856	train2017/000000087126.jpg
803.23046875	0.0	image/393	393	411254	train2017/000000086811.jpg
804.052734375	0.0	image/449	449	411675	train2017/000000101952.jpg
804.833984375	0.0	image/370	370	412075	train2017/000000081105.jpg
805.630859375	0.0	image/427	427	412483	train2017/000000357228.jpg
807.23828125	0.0	image/428	428	413306	train2017/000000095176.jpg
808.0546875	0.0	image/411	411	413724	train2017/000000091005.jpg
808.837890625	0.0	image/460	460	414125	train2017/000000367552.jpg
809.650390625	0.0	image/423	423	414541	train2017/000000355622.jpg
811.23828125	0.0	image/390	390	415354	train2017/000000346754.jpg
812.06640625	0.0	image/437	437	415778	train2017/000000060117.jpg
812.837890625	0.0	image/413	413	416173	train2017/000000364806.jpg
813.623046875	0.0	image/452	452	416575	train2017/000000365218.jpg
814.423828125	0.0	image/477	477	416985	train2017/000000113593.jpg
815.23828125	0.0	image/465	465	417402	train2017/000000369253.jpg
816.056640625	0.0	image/363	363	417821	train2017/000000079111.jpg
816.83984375	0.0	image/446	446	418222	train2017/000000100599.jpg
817.658203125	0.0	image/480	480	418641	train2017/000000376407.jpg
818.44140625	0.0	image/478	478	419042	train2017/000000114035.jpg
819.236328125	0.0	image/375	375	419449	train2017/000000081961.jpg
820.01953125	0.0	image/468	468	419850	train2017/000000542304.jpg
820.837890625	0.0	image/372	372	420269	train2017/000000081474.jpg
821.609375	0.0	image/449	449	420664	train2017/000000101952.jpg
823.2265625	0.0	image/405	405	421492	train2017/000000189765.jpg
824.05859375	0.0	image/443	443	421918	train2017/000000099580.jpg
824.88671875	0.0	image/422	422	422342	train2017/000000059194.jpg
825.708984375	0.0	image/431	431	422763	train2017/000000095828.jpg
826.52734375	0.0	image/473	473	423182	train2017/000000372959.jpg
827.3046875	0.0	image/405	405	423580	train2017/000000189765.jpg
828.0703125	0.0	image/451	451	423972	train2017/000000365003.jpg
828.876953125	0.0	image/415	415	424385	train2017/000000354045.jpg
829.705078125	0.0	image/396	396	424809	train2017/000000349363.jpg
831.322265625	0.0	image/443	443	425637	train2017/000000099580.jpg
832.107421875	0.0	image/467	467	426039	train2017/000000017935.jpg
832.912109375	0.0	image/400	400	426451	train2017/000000350299.jpg
833.72265625	0.0	image/428	428	426866	train2017/000000095176.jpg
835.296875	0.0	image/374	374	427672	train2017/000000046372.jpg
836.123046875	0.0	image/418	418	428095	train2017/000000092221.jpg
836.9296875	0.0	image/436	436	428508	train2017/000000098480.jpg
838.580078125	0.0	image/447	447	429353	train2017/000000100863.jpg
839.36328125	0.0	image/463	463	429754	train2017/000000369171.jpg
840.92578125	0.0	image/403	403	430554	train2017/000000089908.jpg
841.69140625	0.0	image/411	411	430946	train2017/000000091005.jpg
842.498046875	0.0	image/464	464	431359	train2017/000000369230.jpg
843.28125	0.0	image/420	420	431760	train2017/000000092353.jpg
844.091796875	0.0	image/470	470	432175	train2017/000000110611.jpg
844.916015625	0.0	image/477	477	432597	train2017/000000113593.jpg
845.708984375	0.0	image/457	457	433003	train2017/000000366396.jpg
846.533203125	0.0	image/409	409	433425	train2017/000000090827.jpg
847.31640625	0.0	image/406	406	433826	train2017/000000352236.jpg
848.984375	0.0	image/473	473	434680	train2017/000000372959.jpg
849.80078125	0.0	image/436	436	435098	train2017/000000098480.jpg
850.583984375	0.0	image/476	476	435499	train2017/000000112734.jpg
851.37890625	0.0	image/365	365	435906	train2017/000000080084.jpg
852.150390625	0.0	image/480	480	436301	train2017/000000376407.jpg
853.734375	0.0	image/465	465	437112	train2017/000000369253.jpg
854.517578125	0.0	image/389	389	437513	train2017/000000346583.jpg
856.134765625	0.0	image/378	378	438341	train2017/000000319517.jpg
856.935546875	0.0	image/445	445	438751	train2017/000000362677.jpg
857.71875	0.0	image/373	373	439152	train2017/000000081841.jpg
858.537109375	0.0	image/438	438	439571	train2017/000000147547.jpg
859.314453125	0.0	image/475	475	439969	train2017/000000373970.jpg
860.099609375	0.0	image/453	453	440371	train2017/000000103366.jpg
860.904296875	0.0	image/421	421	440783	train2017/000000354761.jpg
862.521484375	0.0	image/421	421	441611	train2017/000000354761.jpg
863.3046875	0.0	image/469	469	442012	train2017/000000370369.jpg
864.115234375	0.0	image/479	479	442427	train2017/000000114077.jpg
864.904296875	0.0	image/361	361	442831	train2017/000000340317.jpg
865.705078125	0.0	image/472	472	443241	train2017/000000110780.jpg
866.482421875	0.0	image/397	397	443639	train2017/000000087334.jpg
873.794921875	0.0	image/553	553	447383	train2017/000000134562.jpg
874.607421875	0.0	image/594	594	447799	train2017/000000404823.jpg
876.228515625	0.0	image/519	519	448629	train2017/000000124747.jpg
877.796875	0.0	image/526	526	449432	train2017/000000389582.jpg
878.58984375	0.0	image/578	578	449838	train2017/000000401720.jpg
879.373046875	0.0	image/500	500	450239	train2017/000000381961.jpg
880.197265625	0.0	image/505	505	450661	train2017/000000120987.jpg
881.0078125	0.0	image/522	522	451076	train2017/000000125586.jpg
881.814453125	0.0	image/589	589	451489	train2017/000000403789.jpg
882.625	0.0	image/533	533	451904	train2017/000000392556.jpg
883.427734375	0.0	image/528	528	452315	train2017/000000239828.jpg
884.21484375	0.0	image/506	506	452718	train2017/000000383641.jpg
885.02734375	0.0	image/554	554	453134	train2017/000000135032.jpg
885.84765625	0.0	image/539	539	453554	train2017/000000131011.jpg
887.41015625	0.0	image/523	523	454354	train2017/000000125703.jpg
888.9765625	0.0	image/575	575	455156	train2017/000000139551.jpg
889.75	0.0	image/582	582	455552	train2017/000000140590.jpg
890.54296875	0.0	image/579	579	455958	train2017/000000139815.jpg
891.328125	0.0	image/586	586	456360	train2017/000000154556.jpg
892.1328125	0.0	image/544	544	456772	train2017/000000394008.jpg
892.93359375	0.0	image/568	568	457182	train2017/000000399984.jpg
893.767578125	0.0	image/525	525	457609	train2017/000000388980.jpg
894.595703125	0.0	image/590	590	458033	train2017/000000404007.jpg
895.36328125	0.0	image/541	541	458426	train2017/000000131524.jpg
896.16796875	0.0	image/534	534	458838	train2017/000000130681.jpg
896.951171875	0.0	image/486	486	459239	train2017/000000377703.jpg
897.779296875	0.0	image/530	530	459663	train2017/000000391678.jpg
898.6015625	0.0	image/573	573	460084	train2017/000000138904.jpg
899.435546875	0.0	image/561	561	460511	train2017/000000136142.jpg
900.21875	0.0	image/576	576	460912	train2017/000000401699.jpg
901.00390625	0.0	image/499	499	461314	train2017/000000575164.jpg
901.78125	0.0	image/524	524	461712	train2017/000000125725.jpg
902.564453125	0.0	image/484	484	462113	train2017/000000114822.jpg
903.37109375	0.0	image/542	542	462526	train2017/000000284089.jpg
904.181640625	0.0	image/544	544	462941	train2017/000000394008.jpg
904.94921875	0.0	image/549	549	463334	train2017/000000197068.jpg
905.716796875	0.0	image/538	538	463727	train2017/000000130973.jpg
906.537109375	0.0	image/543	543	464147	train2017/000000131763.jpg
907.31640625	0.0	image/526	526	464546	train2017/000000389582.jpg
908.099609375	0.0	image/516	516	464947	train2017/000000385864.jpg
908.908203125	0.0	image/600	600	465361	train2017/000000143420.jpg
909.716796875	0.0	image/573	573	465775	train2017/000000138904.jpg
910.5390625	0.0	image/502	502	466196	train2017/000000120655.jpg
911.322265625	0.0	image/491	491	466597	train2017/000000116603.jpg
912.099609375	0.0	image/584	584	466995	train2017/000000285588.jpg
912.923828125	0.0	image/578	578	467417	train2017/000000401720.jpg
913.734375	0.0	image/532	532	467832	train2017/000000130181.jpg
914.556640625	0.0	image/507	507	468253	train2017/000000383652.jpg
915.33984375	0.0	image/588	588	468654	train2017/000000403739.jpg
916.125	0.0	image/523	523	469056	train2017/000000125703.jpg
916.90234375	0.0	image/571	571	469454	train2017/000000229233.jpg
917.708984375	0.0	image/510	510	469867	train2017/000000544738.jpg
918.4921875	0.0	image/489	489	470268	train2017/000000115967.jpg
919.26953125	0.0	image/512	512	470666	train2017/000000122811.jpg
920.875	0.0	image/541	541	471488	train2017/000000131524.jpg
921.6875	0.0	image/579	579	471904	train2017/000000139815.jpg
922.470703125	0.0	image/549	549	472305	train2017/000000197068.jpg
923.29296875	0.0	image/563	563	472726	train2017/000000398540.jpg
924.072265625	0.0	image/554	554	473125	train2017/000000135032.jpg
924.875	0.0	image/559	559	473536	train2017/000000135965.jpg
925.693359375	0.0	image/531	531	473955	train2017/000000391754.jpg
926.470703125	0.0	image/495	495	474353	train2017/000000380729.jpg
927.26953125	0.0	image/540	540	474762	train2017/000000021826.jpg
928.060546875	0.0	image/600	600	475167	train2017/000000143420.jpg
928.8359375	0.0	image/542	542	475564	train2017/000000284089.jpg
929.623046875	0.0	image/520	520	475967	train2017/000000125042.jpg
930.388671875	0.0	image/580	580	476359	train2017/000000402057.jpg
931.177734375	0.0	image/593	593	476763	train2017/000000196777.jpg
931.986328125	0.0	image/486	486	477177	train2017/000000377703.jpg
932.755859375	0.0	image/575	575	477571	train2017/000000139551.jpg
933.580078125	0.0	image/493	493	477993	train2017/000000379713.jpg
935.158203125	0.0	image/550	550	478801	train2017/000000066014.jpg
935.947265625	0.0	image/496	496	479205	train2017/000000380989.jpg
936.74609375	0.0	image/498	498	479614	train2017/000000119669.jpg
937.525390625	0.0	image/485	485	480013	train2017/000000377576.jpg
938.3046875	0.0	image/514	514	480412	train2017/000000282707.jpg
939.09765625	0.0	image/518	518	480818	train2017/000000124711.jpg
939.880859375	0.0	image/492	492	481219	train2017/000000150636.jpg
940.69140625	0.0	image/592	592	481634	train2017/000000504289.jpg
941.458984375	0.0	image/516	516	482027	train2017/000000385864.jpg
942.265625	0.0	image/482	482	482440	train2017/000000376643.jpg
943.060546875	0.0	image/598	598	482847	train2017/000000405437.jpg
943.865234375	0.0	image/566	566	483259	train2017/000000399835.jpg
944.666015625	0.0	image/596	596	483669	train2017/000000405215.jpg
945.443359375	0.0	image/589	589	484067	train2017/000000403789.jpg
946.232421875	0.0	image/482	482	484471	train2017/000000376643.jpg
947.017578125	0.0	image/561	561	484873	train2017/000000136142.jpg
947.833984375	0.0	image/598	598	485291	train2017/000000405437.jpg
949.466796875	0.0	image/488	488	486127	train2017/000000115649.jpg
950.251953125	0.0	image/553	553	486529	train2017/000000134562.jpg
951.083984375	0.0	image/510	510	486955	train2017/000000544738.jpg
951.912109375	0.0	image/581	581	487379	train2017/000000402199.jpg
952.71875	0.0	image/500	500	487792	train2017/000000381961.jpg
953.513671875	0.0	image/507	507	488199	train2017/000000383652.jpg
954.296875	0.0	image/587	587	488600	train2017/000000403535.jpg
955.103515625	0.0	image/529	529	489013	train2017/000000129060.jpg
955.919921875	0.0	image/557	557	489431	train2017/000000022627.jpg
956.73046875	0.0	image/560	560	489846	train2017/000000136111.jpg
957.537109375	0.0	image/481	481	490259	train2017/000000114274.jpg
958.37109375	0.0	image/583	583	490686	train2017/000000198195.jpg
959.15625	0.0	image/483	483	491088	train2017/000000376858.jpg
959.953125	0.0	image/555	555	491496	train2017/000000397192.jpg
960.732421875	0.0	image/529	529	491895	train2017/000000129060.jpg
961.5546875	0.0	image/546	546	492316	train2017/000000133281.jpg
962.365234375	0.0	image/488	488	492731	train2017/000000115649.jpg
963.1875	0.0	image/511	511	493152	train2017/000000122776.jpg
963.97265625	0.0	image/512	512	493554	train2017/000000122811.jpg
964.798828125	0.0	image/564	564	493977	train2017/000000399162.jpg
965.623046875	0.0	image/496	496	494399	train2017/000000380989.jpg
966.43359375	0.0	image/490	490	494814	train2017/000000116588.jpg
967.240234375	0.0	image/531	531	495227	train2017/000000391754.jpg
968.068359375	0.0	image/587	587	495651	train2017/000000403535.jpg
968.857421875	0.0	image/576	576	496055	train2017/000000401699.jpg
969.640625	0.0	image/593	593	496456	train2017/000000196777.jpg
971.236328125	0.0	image/504	504	497273	train2017/000000382951.jpg
972.05078125	0.0	image/487	487	497690	train2017/000000115637.jpg
972.8359375	0.0	image/556	556	498092	train2017/000000135316.jpg
973.625	0.0	image/505	505	498496	train2017/000000120987.jpg
975.19140625	0.0	image/572	572	499298	train2017/000000138785.jpg
976.0234375	0.0	image/588	588	499724	train2017/000000403739.jpg
977.66015625	0.0	image/562	562	500562	train2017/000000022696.jpg
978.443359375	0.0	image/551	551	500963	train2017/000000134169.jpg
979.25390625	0.0	image/574	574	501378	train2017/000000139344.jpg
980.037109375	0.0	image/591	591	501779	train2017/000000404282.jpg
980.84375	0.0	image/539	539	502192	train2017/000000131011.jpg
981.671875	0.0	image/487	487	502616	train2017/000000115637.jpg
982.494140625	0.0	image/501	501	503037	train2017/000000353175.jpg
983.3046875	0.0	image/560	560	503452	train2017/000000136111.jpg
984.10546875	0.0	image/556	556	503862	train2017/000000135316.jpg
985.728515625	0.0	image/590	590	504693	train2017/000000404007.jpg
986.5625	0.0	image/557	557	505120	train2017/000000022627.jpg
987.39453125	0.0	image/494	494	505546	train2017/000000380227.jpg
988.1796875	0.0	image/543	543	505948	train2017/000000131763.jpg
988.962890625	0.0	image/492	492	506349	train2017/000000150636.jpg
989.796875	0.0	image/585	585	506776	train2017/000000140724.jpg
991.357421875	0.0	image/569	569	507575	train2017/000000138153.jpg
992.140625	0.0	image/545	545	507976	train2017/000000131967.jpg
992.947265625	0.0	image/572	572	508389	train2017/000000138785.jpg
993.73046875	0.0	image/533	533	508790	train2017/000000392556.jpg
995.392578125	0.0	image/536	536	509641	train2017/000000196584.jpg
996.19140625	0.0	image/583	583	510050	train2017/000000198195.jpg
996.998046875	0.0	image/509	509	510463	train2017/000000384235.jpg
998.6328125	0.0	image/555	555	511300	train2017/000000397192.jpg
999.466796875	0.0	image/509	509	511727	train2017/000000384235.jpg
1000.283203125	0.0	image/515	515	512145	train2017/000000123692.jpg
1001.1171875	0.0	image/586	586	512572	train2017/000000154556.jpg
1001.896484375	0.0	image/530	530	512971	train2017/000000391678.jpg
1002.7109375	0.0	image/504	504	513388	train2017/000000382951.jpg
1003.51171875	0.0	image/580	580	513798	train2017/000000402057.jpg
1004.318359375	0.0	image/497	497	514211	train2017/000000282032.jpg
1005.14453125	0.0	image/517	517	514634	train2017/000000123891.jpg
1005.947265625	0.0	image/483	483	515045	train2017/000000376858.jpg
1006.76171875	0.0	image/521	521	515462	train2017/000000387318.jpg
1007.529296875	0.0	image/548	548	515855	train2017/000000395775.jpg
1009.134765625	0.0	image/597	597	516677	train2017/000000143245.jpg
1010.751953125	0.0	image/595	595	517505	train2017/000000142803.jpg
1011.564453125	0.0	image/493	493	517921	train2017/000000379713.jpg
1012.330078125	0.0	image/594	594	518313	train2017/000000404823.jpg
1013.970703125	0.0	image/597	597	519153	train2017/000000143245.jpg
1015.537109375	0.0	image/518	518	519955	train2017/000000124711.jpg
1016.365234375	0.0	image/551	551	520379	train2017/000000134169.jpg
1017.171875	0.0	image/565	565	520792	train2017/000000197656.jpg
1017.998046875	0.0	image/547	547	521215	train2017/000000395758.jpg
1018.80078125	0.0	image/506	506	521626	train2017/000000383641.jpg
1019.587890625	0.0	image/535	535	522029	train2017/000000392851.jpg
1020.373046875	0.0	image/564	564	522431	train2017/000000399162.jpg
1021.150390625	0.0	image/592	592	522829	train2017/000000504289.jpg
1021.955078125	0.0	image/558	558	523241	train2017/000000398083.jpg
1022.7734375	0.0	image/525	525	523660	train2017/000000388980.jpg
1023.56640625	0.0	image/514	514	524066	train2017/000000282707.jpg
1024.373046875	0.0	image/577	577	524479	train2017/000000139561.jpg
1025.201171875	0.0	image/547	547	524903	train2017/000000395758.jpg
1026.0078125	0.0	image/563	563	525316	train2017/000000398540.jpg
1026.82421875	0.0	image/527	527	525734	train2017/000000390120.jpg
1027.603515625	0.0	image/513	513	526133	train2017/000000282631.jpg
1028.408203125	0.0	image/532	532	526545	train2017/000000130181.jpg
1029.21875	0.0	image/494	494	526960	train2017/000000380227.jpg
1029.986328125	0.0	image/562	562	527353	train2017/000000022696.jpg
1030.751953125	0.0	image/567	567	527745	train2017/000000137706.jpg
1031.55859375	0.0	image/545	545	528158	train2017/000000131967.jpg
1032.375	0.0	image/520	520	528576	train2017/000000125042.jpg
1033.15625	0.0	image/538	538	528976	train2017/000000130973.jpg
1033.958984375	0.0	image/574	574	529387	train2017/000000139344.jpg
1034.77734375	0.0	image/536	536	529806	train2017/000000196584.jpg
1035.59375	0.0	image/570	570	530224	train2017/000000400581.jpg
1036.37109375	0.0	image/599	599	530622	train2017/000000388853.jpg
1037.9765625	0.0	image/503	503	531444	train2017/000000382890.jpg
1038.787109375	0.0	image/498	498	531859	train2017/000000119669.jpg
1040.328125	0.0	image/522	522	532648	train2017/000000125586.jpg
1041.13671875	0.0	image/552	552	533062	train2017/000000396550.jpg
1041.939453125	0.0	image/527	527	533473	train2017/000000390120.jpg
1042.728515625	0.0	image/502	502	533877	train2017/000000120655.jpg
1043.544921875	0.0	image/517	517	534295	train2017/000000123891.jpg
1044.36328125	0.0	image/535	535	534714	train2017/000000392851.jpg
1045.146484375	0.0	image/568	568	535115	train2017/000000399984.jpg
1045.98046875	0.0	image/508	508	535542	train2017/000000413472.jpg
1046.7734375	0.0	image/546	546	535948	train2017/000000133281.jpg
1047.546875	0.0	image/489	489	536344	train2017/000000115967.jpg
1048.36328125	0.0	image/497	497	536762	train2017/000000282032.jpg
1049.9921875	0.0	image/567	567	537596	train2017/000000137706.jpg
1050.7578125	0.0	image/519	519	537988	train2017/000000124747.jpg
1051.564453125	0.0	image/591	591	538401	train2017/000000404282.jpg
1052.34765625	0.0	image/481	481	538802	train2017/000000114274.jpg
1053.142578125	0.0	image/534	534	539209	train2017/000000130681.jpg
1053.931640625	0.0	image/511	511	539613	train2017/000000122776.jpg
1055.548828125	0.0	image/485	485	540441	train2017/000000377576.jpg
1056.345703125	0.0	image/585	585	540849	train2017/000000140724.jpg
1057.150390625	0.0	image/495	495	541261	train2017/000000380729.jpg
1058.7109375	0.0	image/565	565	542060	train2017/000000197656.jpg
1059.5	0.0	image/581	581	542464	train2017/000000402199.jpg
1060.283203125	0.0	image/577	577	542865	train2017/000000139561.jpg
1061.0625	0.0	image/552	552	543264	train2017/000000396550.jpg
1061.845703125	0.0	image/501	501	543665	train2017/000000353175.jpg
1062.619140625	0.0	image/508	508	544061	train2017/000000413472.jpg
1063.40234375	0.0	image/596	596	544462	train2017/000000405215.jpg
1064.236328125	0.0	image/569	569	544889	train2017/000000138153.jpg
1065.052734375	0.0	image/570	570	545307	train2017/000000400581.jpg
1065.84765625	0.0	image/524	524	545714	train2017/000000125725.jpg
1066.61328125	0.0	image/521	521	546106	train2017/000000387318.jpg
1067.419921875	0.0	image/566	566	546519	train2017/000000399835.jpg
1068.203125	0.0	image/584	584	546920	train2017/000000285588.jpg
1069.013671875	0.0	image/537	537	547335	train2017/000000371353.jpg
1069.8203125	0.0	image/484	484	547748	train2017/000000114822.jpg
1070.63671875	0.0	image/503	503	548166	train2017/000000382890.jpg
1071.419921875	0.0	image/537	537	548567	train2017/000000371353.jpg
1072.220703125	0.0	image/515	515	548977	train2017/000000123692.jpg
1073.021484375	0.0	image/499	499	549387	train2017/000000575164.jpg
1073.85546875	0.0	image/491	491	549814	train2017/000000116603.jpg
1074.654296875	0.0	image/599	599	550223	train2017/000000388853.jpg
1075.466796875	0.0	image/490	490	550639	train2017/000000116588.jpg
1077.099609375	0.0	image/595	595	551475	train2017/000000142803.jpg
1077.90625	0.0	image/528	528	551888	train2017/000000239828.jpg
1078.689453125	0.0	image/548	548	552289	train2017/000000395775.jpg
1079.5	0.0	image/559	559	552704	train2017/000000135965.jpg
1080.271484375	0.0	image/582	582	553099	train2017/000000140590.jpg
1081.056640625	0.0	image/558	558	553501	train2017/000000398083.jpg
1081.8671875	0.0	image/571	571	553916	train2017/000000229233.jpg
1082.658203125	0.0	image/540	540	554321	train2017/000000021826.jpg
1083.474609375	0.0	image/550	550	554739	train2017/000000066014.jpg
1084.25	0.0	image/513	513	555136	train2017/000000282631.jpg
1091.5546875	0.0	image/684	684	558876	train2017/000000166489.jpg
1092.365234375	0.0	image/673	673	559291	train2017/000000424138.jpg
1093.1328125	0.0	image/658	658	559684	train2017/000000563961.jpg
1093.955078125	0.0	image/685	685	560105	train2017/000000166504.jpg
1094.755859375	0.0	image/720	720	560515	train2017/000000176728.jpg
1095.58984375	0.0	image/612	612	560942	train2017/000000408965.jpg
1096.3671875	0.0	image/632	632	561340	train2017/000000068996.jpg
1098.0078125	0.0	image/690	690	562180	train2017/000000043829.jpg
1098.841796875	0.0	image/629	629	562607	train2017/000000151307.jpg
1099.640625	0.0	image/672	672	563016	train2017/000000424110.jpg
1100.435546875	0.0	image/694	694	563423	train2017/000000431825.jpg
1101.2421875	0.0	image/653	653	563836	train2017/000000157119.jpg
1102.0703125	0.0	image/611	611	564260	train2017/000000408922.jpg
1102.849609375	0.0	image/657	657	564659	train2017/000000419586.jpg
1103.658203125	0.0	image/660	660	565073	train2017/000000422268.jpg
1104.453125	0.0	image/616	616	565480	train2017/000000149221.jpg
1105.275390625	0.0	image/713	713	565901	train2017/000000291280.jpg
1106.103515625	0.0	image/712	712	566325	train2017/000000174522.jpg
1106.921875	0.0	image/710	710	566744	train2017/000000436578.jpg
1107.708984375	0.0	image/636	636	567147	train2017/000000549729.jpg
1108.48828125	0.0	image/695	695	567546	train2017/000000284987.jpg
1110.09375	0.0	image/656	656	568368	train2017/000000157342.jpg
1110.888671875	0.0	image/715	715	568775	train2017/000000175715.jpg
1111.673828125	0.0	image/637	637	569177	train2017/000000506039.jpg
1112.4609375	0.0	image/706	706	569580	train2017/000000435902.jpg
1113.294921875	0.0	image/672	672	570007	train2017/000000424110.jpg
1114.095703125	0.0	image/669	669	570417	train2017/000000161328.jpg
1114.888671875	0.0	image/708	708	570823	train2017/000000174213.jpg
1115.6953125	0.0	image/618	618	571236	train2017/000000149791.jpg
1116.529296875	0.0	image/666	666	571663	train2017/000000161062.jpg
1117.359375	0.0	image/676	676	572088	train2017/000000163263.jpg
1118.1796875	0.0	image/603	603	572508	train2017/000000144193.jpg
1118.974609375	0.0	image/704	704	572915	train2017/000000420713.jpg
1119.74609375	0.0	image/625	625	573310	train2017/000000369367.jpg
1120.580078125	0.0	image/677	677	573737	train2017/000000425712.jpg
1121.357421875	0.0	image/679	679	574135	train2017/000000164564.jpg
1122.125	0.0	image/691	691	574528	train2017/000000168690.jpg
1122.931640625	0.0	image/702	702	574941	train2017/000000171328.jpg
1123.7421875	0.0	image/667	667	575356	train2017/000000423209.jpg
1124.564453125	0.0	image/719	719	575777	train2017/000000438751.jpg
1125.375	0.0	image/690	690	576192	train2017/000000043829.jpg
1126.16015625	0.0	image/633	633	576594	train2017/000000414176.jpg
1126.96484375	0.0	image/631	631	577006	train2017/000000151414.jpg
1127.77734375	0.0	image/627	627	577422	train2017/000000150931.jpg
1128.54296875	0.0	image/628	628	577814	train2017/000000151163.jpg
1129.3671875	0.0	image/697	697	578236	train2017/000000433019.jpg
1130.150390625	0.0	image/614	614	578637	train2017/000000147694.jpg
1130.943359375	0.0	image/664	664	579043	train2017/000000551063.jpg
1131.712890625	0.0	image/642	642	579437	train2017/000000154011.jpg
1132.533203125	0.0	image/610	610	579857	train2017/000000146256.jpg
1133.36328125	0.0	image/711	711	580282	train2017/000000174504.jpg
1134.16796875	0.0	image/670	670	580694	train2017/000000423488.jpg
1135.751953125	0.0	image/712	712	581505	train2017/000000174522.jpg
1136.55078125	0.0	image/680	680	581914	train2017/000000485595.jpg
1137.36328125	0.0	image/606	606	582330	train2017/000000407778.jpg
1138.185546875	0.0	image/649	649	582751	train2017/000000418115.jpg
1139.787109375	0.0	image/650	650	583571	train2017/000000419212.jpg
1140.5859375	0.0	image/635	635	583980	train2017/000000152328.jpg
1141.384765625	0.0	image/686	686	584389	train2017/000000428691.jpg
1142.1640625	0.0	image/617	617	584788	train2017/000000411475.jpg
1142.96875	0.0	image/668	668	585200	train2017/000000423222.jpg
1143.748046875	0.0	image/647	647	585599	train2017/000000417264.jpg
1144.533203125	0.0	image/689	689	586001	train2017/000000508456.jpg
1145.3203125	0.0	image/694	694	586404	train2017/000000431825.jpg
1146.1484375	0.0	image/703	703	586828	train2017/000000171374.jpg
1146.94921875	0.0	image/679	679	587238	train2017/000000164564.jpg
1148.572265625	0.0	image/639	639	588069	train2017/000000415026.jpg
1149.349609375	0.0	image/623	623	588467	train2017/000000412855.jpg
1150.171875	0.0	image/668	668	588888	train2017/000000423222.jpg
1151.001953125	0.0	image/669	669	589313	train2017/000000161328.jpg
1151.806640625	0.0	image/674	674	589725	train2017/000000425135.jpg
1152.634765625	0.0	image/706	706	590149	train2017/000000435902.jpg
1153.43359375	0.0	image/601	601	590558	train2017/000000143594.jpg
1154.251953125	0.0	image/678	678	590977	train2017/000000164502.jpg
1155.07421875	0.0	image/661	661	591398	train2017/000000160142.jpg
1155.875	0.0	image/701	701	591808	train2017/000000079701.jpg
1156.65234375	0.0	image/663	663	592206	train2017/000000463620.jpg
1157.474609375	0.0	image/705	705	592627	train2017/000000028930.jpg
1158.2578125	0.0	image/602	602	593028	train2017/000000406292.jpg
1159.03515625	0.0	image/611	611	593426	train2017/000000408922.jpg
1159.826171875	0.0	image/707	707	593831	train2017/000000173987.jpg
1160.658203125	0.0	image/692	692	594257	train2017/000000169262.jpg
1161.47265625	0.0	image/691	691	594674	train2017/000000168690.jpg
1162.310546875	0.0	image/609	609	595103	train2017/000000504888.jpg
1163.087890625	0.0	image/621	621	595501	train2017/000000150196.jpg
1164.66015625	0.0	image/607	607	596306	train2017/000000461187.jpg
1166.26171875	0.0	image/671	671	597126	train2017/000000161836.jpg
1167.056640625	0.0	image/716	716	597533	train2017/000000437967.jpg
1168.6953125	0.0	image/654	654	598372	train2017/000000157125.jpg
1169.494140625	0.0	image/625	625	598781	train2017/000000369367.jpg
1170.291015625	0.0	image/719	719	599189	train2017/000000438751.jpg
1171.111328125	0.0	image/628	628	599609	train2017/000000151163.jpg
1171.939453125	0.0	image/693	693	600033	train2017/000000431764.jpg
1173.580078125	0.0	image/662	662	600873	train2017/000000160181.jpg
1174.37890625	0.0	image/685	685	601282	train2017/000000166504.jpg
1175.173828125	0.0	image/639	639	601689	train2017/000000415026.jpg
1175.974609375	0.0	image/676	676	602099	train2017/000000163263.jpg
1176.763671875	0.0	image/638	638	602503	train2017/000000414853.jpg
1177.546875	0.0	image/682	682	602904	train2017/000000014269.jpg
1178.357421875	0.0	image/608	608	603319	train2017/000000024287.jpg
1179.947265625	0.0	image/651	651	604133	train2017/000000156084.jpg
1180.748046875	0.0	image/648	648	604543	train2017/000000417700.jpg
1181.53125	0.0	image/646	646	604944	train2017/000000417141.jpg
1182.31640625	0.0	image/614	614	605346	train2017/000000147694.jpg
1183.099609375	0.0	image/659	659	605747	train2017/000000159680.jpg
1183.916015625	0.0	image/644	644	606165	train2017/000000154207.jpg
1184.69921875	0.0	image/698	698	606566	train2017/000000433021.jpg
1185.5	0.0	image/612	612	606976	train2017/000000408965.jpg
1186.294921875	0.0	image/683	683	607383	train2017/000000428605.jpg
1187.099609375	0.0	image/613	613	607795	train2017/000000147331.jpg
1187.912109375	0.0	image/703	703	608211	train2017/000000171374.jpg
1189.4609375	0.0	image/718	718	609004	train2017/000000176085.jpg
1190.267578125	0.0	image/683	683	609417	train2017/000000428605.jpg
1191.05078125	0.0	image/697	697	609818	train2017/000000433019.jpg
1192.65234375	0.0	image/635	635	610638	train2017/000000152328.jpg
1193.462890625	0.0	image/654	654	611053	train2017/000000157125.jpg
1195.0703125	0.0	image/702	702	611876	train2017/000000171328.jpg
1195.853515625	0.0	image/675	675	612277	train2017/000000163250.jpg
1196.669921875	0.0	image/720	720	612695	train2017/000000176728.jpg
1197.447265625	0.0	image/709	709	613093	train2017/000000174303.jpg
1198.263671875	0.0	image/714	714	613511	train2017/000000437516.jpg
1199.0703125	0.0	image/607	607	613924	train2017/000000461187.jpg
1199.865234375	0.0	image/655	655	614331	train2017/000000157181.jpg
1200.681640625	0.0	image/661	661	614749	train2017/000000160142.jpg
1201.455078125	0.0	image/622	622	615145	train2017/000000150559.jpg
1202.23828125	0.0	image/673	673	615546	train2017/000000424138.jpg
1203.0390625	0.0	image/632	632	615956	train2017/000000068996.jpg
1203.83203125	0.0	image/699	699	616362	train2017/000000170917.jpg
1204.650390625	0.0	image/620	620	616781	train2017/000000153394.jpg
1206.255859375	0.0	image/621	621	617603	train2017/000000150196.jpg
1207.072265625	0.0	image/670	670	618021	train2017/000000423488.jpg
1207.857421875	0.0	image/649	649	618423	train2017/000000418115.jpg
1208.66796875	0.0	image/642	642	618838	train2017/000000154011.jpg
1209.451171875	0.0	image/687	687	619239	train2017/000000428726.jpg
1210.2734375	0.0	image/622	622	619660	train2017/000000150559.jpg
1211.056640625	0.0	image/717	717	620061	train2017/000000438154.jpg
1211.884765625	0.0	image/618	618	620485	train2017/000000149791.jpg
1212.69140625	0.0	image/631	631	620898	train2017/000000151414.jpg
1213.50390625	0.0	image/700	700	621314	train2017/000000170968.jpg
1214.30859375	0.0	image/641	641	621726	train2017/000000415608.jpg
1215.92578125	0.0	image/604	604	622554	train2017/000000406445.jpg
1216.708984375	0.0	image/656	656	622955	train2017/000000157342.jpg
1217.4921875	0.0	image/619	619	623356	train2017/000000149810.jpg
1219.126953125	0.0	image/623	623	624193	train2017/000000412855.jpg
1219.904296875	0.0	image/662	662	624591	train2017/000000160181.jpg
1220.693359375	0.0	image/627	627	624995	train2017/000000150931.jpg
1222.328125	0.0	image/681	681	625832	train2017/000000427729.jpg
1223.10546875	0.0	image/717	717	626230	train2017/000000438154.jpg
1223.927734375	0.0	image/605	605	626651	train2017/000000406595.jpg
1224.72265625	0.0	image/696	696	627058	train2017/000000028367.jpg
1225.48828125	0.0	image/604	604	627450	train2017/000000406445.jpg
1226.279296875	0.0	image/684	684	627855	train2017/000000166489.jpg
1227.072265625	0.0	image/664	664	628261	train2017/000000551063.jpg
1227.873046875	0.0	image/641	641	628671	train2017/000000415608.jpg
1228.6796875	0.0	image/645	645	629084	train2017/000000416972.jpg
1229.47265625	0.0	image/606	606	629490	train2017/000000407778.jpg
1230.29296875	0.0	image/715	715	629910	train2017/000000175715.jpg
1231.080078125	0.0	image/652	652	630313	train2017/000000113449.jpg
1232.673828125	0.0	image/677	677	631129	train2017/000000425712.jpg
1233.48046875	0.0	image/626	626	631542	train2017/000000412922.jpg
1234.291015625	0.0	image/609	609	631957	train2017/000000504888.jpg
1235.09375	0.0	image/700	700	632368	train2017/000000170968.jpg
1235.880859375	0.0	image/658	658	632771	train2017/000000563961.jpg
1236.708984375	0.0	image/689	689	633195	train2017/000000508456.jpg
1237.515625	0.0	image/708	708	633608	train2017/000000174213.jpg
1238.34375	0.0	image/643	643	634032	train2017/000000416279.jpg
1239.150390625	0.0	image/603	603	634445	train2017/000000144193.jpg
1239.93359375	0.0	image/680	680	634846	train2017/000000485595.jpg
1240.7265625	0.0	image/705	705	635252	train2017/000000028930.jpg
1242.333984375	0.0	image/675	675	636075	train2017/000000163250.jpg
1243.134765625	0.0	image/678	678	636485	train2017/000000164502.jpg
1243.912109375	0.0	image/682	682	636883	train2017/000000014269.jpg
1244.716796875	0.0	image/640	640	637295	train2017/000000162230.jpg
1245.548828125	0.0	image/616	616	637721	train2017/000000149221.jpg
1246.3671875	0.0	image/608	608	638140	train2017/000000024287.jpg
1247.15234375	0.0	image/660	660	638542	train2017/000000422268.jpg
1247.951171875	0.0	image/624	624	638951	train2017/000000412857.jpg
1248.736328125	0.0	image/640	640	639353	train2017/000000162230.jpg
1249.53125	0.0	image/617	617	639760	train2017/000000411475.jpg
1250.3125	0.0	image/620	620	640160	train2017/000000153394.jpg
1251.119140625	0.0	image/695	695	640573	train2017/000000284987.jpg
1251.935546875	0.0	image/601	601	640991	train2017/000000143594.jpg
1252.73046875	0.0	image/686	686	641398	train2017/000000428691.jpg
1254.37109375	0.0	image/655	655	642238	train2017/000000157181.jpg
1255.197265625	0.0	image/630	630	642661	train2017/000000462134.jpg
1255.98828125	0.0	image/687	687	643066	train2017/000000428726.jpg
1256.76953125	0.0	image/710	710	643466	train2017/000000436578.jpg
1257.599609375	0.0	image/667	667	643891	train2017/000000423209.jpg
1258.37109375	0.0	image/681	681	644286	train2017/000000427729.jpg
1259.189453125	0.0	image/698	698	644705	train2017/000000433021.jpg
1260.0	0.0	image/634	634	645120	train2017/000000152273.jpg
1260.802734375	0.0	image/696	696	645531	train2017/000000028367.jpg
1261.572265625	0.0	image/613	613	645925	train2017/000000147331.jpg
1263.15234375	0.0	image/638	638	646734	train2017/000000414853.jpg
1263.97265625	0.0	image/653	653	647154	train2017/000000157119.jpg
1264.767578125	0.0	image/615	615	647561	train2017/000000148263.jpg
1265.568359375	0.0	image/657	657	647971	train2017/000000419586.jpg
1266.375	0.0	image/605	605	648384	train2017/000000406595.jpg
1267.16796875	0.0	image/688	688	648790	train2017/000000166764.jpg
1267.95703125	0.0	image/707	707	649194	train2017/000000173987.jpg
1268.791015625	0.0	image/652	652	649621	train2017/000000113449.jpg
1269.62109375	0.0	image/637	637	650046	train2017/000000506039.jpg
1270.42578125	0.0	image/718	718	650458	train2017/000000176085.jpg
1271.25390625	0.0	image/610	610	650882	train2017/000000146256.jpg
1272.04296875	0.0	image/714	714	651286	train2017/000000437516.jpg
1272.853515625	0.0	image/663	663	651701	train2017/000000463620.jpg
1273.62109375	0.0	image/665	665	652094	train2017/000000160735.jpg
1274.404296875	0.0	image/602	602	652495	train2017/000000406292.jpg
1275.2109375	0.0	image/645	645	652908	train2017/000000416972.jpg
1275.98828125	0.0	image/716	716	653306	train2017/000000437967.jpg
1276.771484375	0.0	image/626	626	653707	train2017/000000412922.jpg
1277.5546875	0.0	image/666	666	654108	train2017/000000161062.jpg
1278.34375	0.0	image/648	648	654512	train2017/000000417700.jpg
1279.126953125	0.0	image/624	624	654913	train2017/000000412857.jpg
1280.728515625	0.0	image/713	713	655733	train2017/000000291280.jpg
1281.541015625	0.0	image/633	633	656149	train2017/000000414176.jpg
1282.33984375	0.0	image/647	647	656558	train2017/000000417264.jpg
1283.11328125	0.0	image/646	646	656954	train2017/000000417141.jpg
1283.896484375	0.0	image/709	709	657355	train2017/000000174303.jpg
1284.70703125	0.0	image/701	701	657770	train2017/000000079701.jpg
1285.529296875	0.0	image/692	692	658191	train2017/000000169262.jpg
1286.341796875	0.0	image/630	630	658607	train2017/000000462134.jpg
1287.107421875	0.0	image/629	629	658999	train2017/000000151307.jpg
1287.908203125	0.0	image/634	634	659409	train2017/000000152273.jpg
1288.708984375	0.0	image/619	619	659819	train2017/000000149810.jpg
1289.474609375	0.0	image/693	693	660211	train2017/000000431764.jpg
1290.28125	0.0	image/688	688	660624	train2017/000000166764.jpg
1291.08203125	0.0	image/665	665	661034	train2017/000000160735.jpg
1291.875	0.0	image/659	659	661440	train2017/000000159680.jpg
1292.69921875	0.0	image/704	704	661862	train2017/000000420713.jpg
1293.482421875	0.0	image/650	650	662263	train2017/000000419212.jpg
1294.27734375	0.0	image/674	674	662670	train2017/000000425135.jpg
1295.099609375	0.0	image/615	615	663091	train2017/000000148263.jpg
1295.876953125	0.0	image/671	671	663489	train2017/000000161836.jpg
1296.693359375	0.0	image/644	644	663907	train2017/000000154207.jpg
1297.466796875	0.0	image/699	699	664303	train2017/000000170917.jpg
1299.078125	0.0	image/651	651	665128	train2017/000000156084.jpg
1299.884765625	0.0	image/636	636	665541	train2017/000000549729.jpg
1300.701171875	0.0	image/643	643	665959	train2017/000000416279.jpg
1302.345703125	0.0	image/711	711	666801	train2017/000000174504.jpg
1310.029296875	0.0	image/826	826	670735	train2017/000000205875.jpg
1310.80859375	0.0	image/811	811	671134	train2017/000000201722.jpg
1311.609375	0.0	image/747	747	671544	train2017/000000183719.jpg
1312.421875	0.0	image/798	798	671960	train2017/000000196365.jpg
1313.236328125	0.0	image/735	735	672377	train2017/000000180410.jpg
1314.037109375	0.0	image/774	774	672787	train2017/000000191005.jpg
1314.859375	0.0	image/788	788	673208	train2017/000000193373.jpg
1315.63671875	0.0	image/769	769	673606	train2017/000000189893.jpg
1316.41015625	0.0	image/798	798	674002	train2017/000000196365.jpg
1317.2265625	0.0	image/834	834	674420	train2017/000000469816.jpg
1318.04296875	0.0	image/723	723	674838	train2017/000000439241.jpg
1318.859375	0.0	image/795	795	675256	train2017/000000195768.jpg
1320.427734375	0.0	image/817	817	676059	train2017/000000202805.jpg
1321.2109375	0.0	image/791	791	676460	train2017/000000194054.jpg
1321.994140625	0.0	image/747	747	676861	train2017/000000183719.jpg
1322.810546875	0.0	image/731	731	677279	train2017/000000179034.jpg
1323.611328125	0.0	image/772	772	677689	train2017/000000190487.jpg
1324.412109375	0.0	image/734	734	678099	train2017/000000442489.jpg
1325.24609375	0.0	image/722	722	678526	train2017/000000073172.jpg
1326.0390625	0.0	image/819	819	678932	train2017/000000298139.jpg
1326.8125	0.0	image/731	731	679328	train2017/000000179034.jpg
1327.640625	0.0	image/800	800	679752	train2017/000000458616.jpg
1328.462890625	0.0	image/808	808	680173	train2017/000000461428.jpg
1329.24609375	0.0	image/789	789	680574	train2017/000000455657.jpg
1330.025390625	0.0	image/745	745	680973	train2017/000000445351.jpg
1330.814453125	0.0	image/810	810	681377	train2017/000000200391.jpg
1331.59765625	0.0	image/824	824	681778	train2017/000000204806.jpg
1332.431640625	0.0	image/728	728	682205	train2017/000000395740.jpg
1333.208984375	0.0	image/750	750	682603	train2017/000000447182.jpg
1334.03125	0.0	image/729	729	683024	train2017/000000179019.jpg
1334.84375	0.0	image/807	807	683440	train2017/000000397815.jpg
1336.443359375	0.0	image/726	726	684259	train2017/000000178423.jpg
1337.25	0.0	image/770	770	684672	train2017/000000452341.jpg
1338.048828125	0.0	image/749	749	685081	train2017/000000447130.jpg
1338.880859375	0.0	image/836	836	685507	train2017/000000470907.jpg
1339.69921875	0.0	image/777	777	685926	train2017/000000453682.jpg
1341.349609375	0.0	image/831	831	686771	train2017/000000469445.jpg
1342.150390625	0.0	image/752	752	687181	train2017/000000036151.jpg
1342.984375	0.0	image/756	756	687608	train2017/000000448401.jpg
1343.779296875	0.0	image/736	736	688015	train2017/000000180609.jpg
1344.58203125	0.0	image/837	837	688426	train2017/000000208805.jpg
1345.3515625	0.0	image/797	797	688820	train2017/000000458178.jpg
1346.134765625	0.0	image/733	733	689221	train2017/000000179914.jpg
1346.9453125	0.0	image/840	840	689636	train2017/000000471871.jpg
1347.751953125	0.0	image/748	748	690049	train2017/000000184822.jpg
1348.53515625	0.0	image/804	804	690450	train2017/000000460236.jpg
1349.3203125	0.0	image/819	819	690852	train2017/000000298139.jpg
1350.119140625	0.0	image/757	757	691261	train2017/000000442666.jpg
1350.9375	0.0	image/762	762	691680	train2017/000000188660.jpg
1351.71484375	0.0	image/736	736	692078	train2017/000000180609.jpg
1352.498046875	0.0	image/776	776	692479	train2017/000000468771.jpg
1353.287109375	0.0	image/752	752	692883	train2017/000000036151.jpg
1354.09765625	0.0	image/739	739	693298	train2017/000000443575.jpg
1354.87109375	0.0	image/742	742	693694	train2017/000000181837.jpg
1356.455078125	0.0	image/814	814	694505	train2017/000000201969.jpg
1357.271484375	0.0	image/833	833	694923	train2017/000000207549.jpg
1358.072265625	0.0	image/831	831	695333	train2017/000000469445.jpg
1358.85546875	0.0	image/801	801	695734	train2017/000000459190.jpg
1359.671875	0.0	image/730	730	696152	train2017/000000441172.jpg
1360.45703125	0.0	image/743	743	696554	train2017/000000189388.jpg
1361.283203125	0.0	image/832	832	696977	train2017/000000203615.jpg
1362.068359375	0.0	image/806	806	697379	train2017/000000198319.jpg
1362.890625	0.0	image/834	834	697800	train2017/000000469816.jpg
1363.701171875	0.0	image/727	727	698215	train2017/000000440792.jpg
1364.5078125	0.0	image/809	809	698628	train2017/000000462505.jpg
1365.3359375	0.0	image/787	787	699052	train2017/000000193318.jpg
1366.140625	0.0	image/804	804	699464	train2017/000000460236.jpg
1366.92578125	0.0	image/733	733	699866	train2017/000000179914.jpg
1367.708984375	0.0	image/813	813	700267	train2017/000000557920.jpg
1368.51953125	0.0	image/835	835	700682	train2017/000000129143.jpg
1369.326171875	0.0	image/721	721	701095	train2017/000000176873.jpg
1370.9921875	0.0	image/785	785	701948	train2017/000000119550.jpg
1371.787109375	0.0	image/780	780	702355	train2017/000000192576.jpg
1372.576171875	0.0	image/768	768	702759	train2017/000000189888.jpg
1373.38671875	0.0	image/817	817	703174	train2017/000000202805.jpg
1374.189453125	0.0	image/838	838	703585	train2017/000000208849.jpg
1375.771484375	0.0	image/768	768	704395	train2017/000000189888.jpg
1376.578125	0.0	image/808	808	704808	train2017/000000461428.jpg
1378.1953125	0.0	image/790	790	705636	train2017/000000455799.jpg
1379.029296875	0.0	image/763	763	706063	train2017/000000450864.jpg
1379.83984375	0.0	image/746	746	706478	train2017/000000445726.jpg
1381.412109375	0.0	image/791	791	707283	train2017/000000194054.jpg
1382.1953125	0.0	image/822	822	707684	train2017/000000466265.jpg
1383.029296875	0.0	image/816	816	708111	train2017/000000464616.jpg
1383.8125	0.0	image/839	839	708512	train2017/000000209229.jpg
1384.59765625	0.0	image/765	765	708914	train2017/000000450914.jpg
1385.390625	0.0	image/762	762	709320	train2017/000000188660.jpg
1386.197265625	0.0	image/827	827	709733	train2017/000000296474.jpg
1387.03125	0.0	image/784	784	710160	train2017/000000455020.jpg
1387.84765625	0.0	image/782	782	710578	train2017/000000454830.jpg
1388.6484375	0.0	image/827	827	710988	train2017/000000296474.jpg
1389.482421875	0.0	image/725	725	711415	train2017/000000440334.jpg
1390.29296875	0.0	image/775	775	711830	train2017/000000453221.jpg
1391.099609375	0.0	image/786	786	712243	train2017/000000193023.jpg
1391.8984375	0.0	image/822	822	712652	train2017/000000466265.jpg
1392.732421875	0.0	image/802	802	713079	train2017/000000197118.jpg
1393.56640625	0.0	image/837	837	713506	train2017/000000208805.jpg
1395.18359375	0.0	image/789	789	714334	train2017/000000455657.jpg
1396.01171875	0.0	image/809	809	714758	train2017/000000462505.jpg
1396.833984375	0.0	image/826	826	715179	train2017/000000205875.jpg
1397.64453125	0.0	image/796	796	715594	train2017/000000338501.jpg
1398.451171875	0.0	image/755	755	716007	train2017/000000055764.jpg
1399.26171875	0.0	image/745	745	716422	train2017/000000445351.jpg
1400.90234375	0.0	image/835	835	717262	train2017/000000129143.jpg
1401.6953125	0.0	image/781	781	717668	train2017/000000192631.jpg
1402.501953125	0.0	image/724	724	718081	train2017/000000178031.jpg
1403.28515625	0.0	image/799	799	718482	train2017/000000196368.jpg
1404.068359375	0.0	image/820	820	718883	train2017/000000203937.jpg
1404.869140625	0.0	image/728	728	719293	train2017/000000395740.jpg
1405.685546875	0.0	image/772	772	719711	train2017/000000190487.jpg
1406.48046875	0.0	image/740	740	720118	train2017/000000161354.jpg
1407.302734375	0.0	image/832	832	720539	train2017/000000203615.jpg
1408.087890625	0.0	image/797	797	720941	train2017/000000458178.jpg
1408.919921875	0.0	image/780	780	721367	train2017/000000192576.jpg
1409.73828125	0.0	image/758	758	721786	train2017/000000186828.jpg
1410.548828125	0.0	image/730	730	722201	train2017/000000441172.jpg
1412.171875	0.0	image/742	742	723032	train2017/000000181837.jpg
1412.97265625	0.0	image/806	806	723442	train2017/000000198319.jpg
1413.755859375	0.0	image/793	793	723843	train2017/000000338439.jpg
1414.568359375	0.0	image/821	821	724259	train2017/000000077686.jpg
1415.35546875	0.0	image/829	829	724662	train2017/000000206467.jpg
1416.173828125	0.0	image/739	739	725081	train2017/000000443575.jpg
1416.990234375	0.0	image/749	749	725499	train2017/000000447130.jpg
1417.7734375	0.0	image/756	756	725900	train2017/000000448401.jpg
1418.55078125	0.0	image/722	722	726298	train2017/000000073172.jpg
1419.37109375	0.0	image/770	770	726718	train2017/000000452341.jpg
1420.19140625	0.0	image/803	803	727138	train2017/000000197401.jpg
1421.791015625	0.0	image/744	744	727957	train2017/000000182799.jpg
1422.607421875	0.0	image/727	727	728375	train2017/000000440792.jpg
1424.169921875	0.0	image/803	803	729175	train2017/000000197401.jpg
1424.9765625	0.0	image/825	825	729588	train2017/000000467646.jpg
1425.787109375	0.0	image/794	794	730003	train2017/000000195650.jpg
1426.609375	0.0	image/753	753	730424	train2017/000000006178.jpg
1427.419921875	0.0	image/781	781	730839	train2017/000000192631.jpg
1428.994140625	0.0	image/738	738	731645	train2017/000000204969.jpg
1429.771484375	0.0	image/754	754	732043	train2017/000000185888.jpg
1430.560546875	0.0	image/738	738	732447	train2017/000000204969.jpg
1431.376953125	0.0	image/761	761	732865	train2017/000000188225.jpg
1432.177734375	0.0	image/815	815	733275	train2017/000000202050.jpg
1433.76171875	0.0	image/812	812	734086	train2017/000000201758.jpg
1434.556640625	0.0	image/725	725	734493	train2017/000000440334.jpg
1435.37890625	0.0	image/766	766	734914	train2017/000000451680.jpg
1436.1953125	0.0	image/779	779	735332	train2017/000000191740.jpg
1437.029296875	0.0	image/758	758	735759	train2017/000000186828.jpg
1437.845703125	0.0	image/764	764	736177	train2017/000000450903.jpg
1439.48046875	0.0	image/823	823	737014	train2017/000000204422.jpg
1440.296875	0.0	image/785	785	737432	train2017/000000119550.jpg
1441.09765625	0.0	image/807	807	737842	train2017/000000397815.jpg
1441.923828125	0.0	image/838	838	738265	train2017/000000208849.jpg
1442.73046875	0.0	image/818	818	738678	train2017/000000465412.jpg
1443.513671875	0.0	image/775	775	739079	train2017/000000453221.jpg
1444.291015625	0.0	image/769	769	739477	train2017/000000189893.jpg
1445.865234375	0.0	image/760	760	740283	train2017/000000276853.jpg
1446.69140625	0.0	image/795	795	740706	train2017/000000195768.jpg
1447.498046875	0.0	image/723	723	741119	train2017/000000439241.jpg
1448.31640625	0.0	image/734	734	741538	train2017/000000442489.jpg
1449.1171875	0.0	image/812	812	741948	train2017/000000201758.jpg
1450.74609375	0.0	image/779	779	742782	train2017/000000191740.jpg
1451.51171875	0.0	image/776	776	743174	train2017/000000468771.jpg
1452.31640625	0.0	image/748	748	743586	train2017/000000184822.jpg
1453.12890625	0.0	image/759	759	744002	train2017/000000449914.jpg
1453.951171875	0.0	image/753	753	744423	train2017/000000006178.jpg
1454.73046875	0.0	image/799	799	744822	train2017/000000196368.jpg
1456.28515625	0.0	image/729	729	745618	train2017/000000179019.jpg
1457.068359375	0.0	image/796	796	746019	train2017/000000338501.jpg
1457.869140625	0.0	image/792	792	746429	train2017/000000194108.jpg
1458.703125	0.0	image/744	744	746856	train2017/000000182799.jpg
1459.53515625	0.0	image/833	833	747282	train2017/000000207549.jpg
1460.3125	0.0	image/784	784	747680	train2017/000000455020.jpg
1461.13671875	0.0	image/813	813	748102	train2017/000000557920.jpg
1461.919921875	0.0	image/786	786	748503	train2017/000000193023.jpg
1462.75	0.0	image/794	794	748928	train2017/000000195650.jpg
1463.537109375	0.0	image/840	840	749331	train2017/000000471871.jpg
1464.353515625	0.0	image/737	737	749749	train2017/000000443377.jpg
1465.150390625	0.0	image/788	788	750157	train2017/000000193373.jpg
1465.955078125	0.0	image/824	824	750569	train2017/000000204806.jpg
1466.771484375	0.0	image/783	783	750987	train2017/000000454915.jpg
1467.587890625	0.0	image/760	760	751405	train2017/000000276853.jpg
1468.41796875	0.0	image/787	787	751830	train2017/000000193318.jpg
1469.189453125	0.0	image/830	830	752225	train2017/000000468825.jpg
1470.015625	0.0	image/825	825	752648	train2017/000000467646.jpg
1470.783203125	0.0	image/737	737	753041	train2017/000000443377.jpg
1471.55078125	0.0	image/783	783	753434	train2017/000000454915.jpg
1472.357421875	0.0	image/816	816	753847	train2017/000000464616.jpg
1473.18359375	0.0	image/755	755	754270	train2017/000000055764.jpg
1473.966796875	0.0	image/773	773	754671	train2017/000000303133.jpg
1474.7578125	0.0	image/814	814	755076	train2017/000000201969.jpg
1475.541015625	0.0	image/732	732	755477	train2017/000000179480.jpg
1476.349609375	0.0	image/830	830	755891	train2017/000000468825.jpg
1477.119140625	0.0	image/766	766	756285	train2017/000000451680.jpg
1477.935546875	0.0	image/792	792	756703	train2017/000000194108.jpg
1478.7578125	0.0	image/773	773	757124	train2017/000000303133.jpg
1479.5859375	0.0	image/778	778	757548	train2017/000000191686.jpg
1480.369140625	0.0	image/836	836	757949	train2017/000000470907.jpg
1481.1796875	0.0	image/767	767	758364	train2017/000000189794.jpg
1482.77734375	0.0	image/757	757	759182	train2017/000000442666.jpg
1483.609375	0.0	image/771	771	759608	train2017/000000190271.jpg
1484.427734375	0.0	image/823	823	760027	train2017/000000204422.jpg
1486.041015625	0.0	image/761	761	760853	train2017/000000188225.jpg
1487.64453125	0.0	image/751	751	761674	train2017/000000185225.jpg
1488.419921875	0.0	image/782	782	762071	train2017/000000454830.jpg
1489.203125	0.0	image/805	805	762472	train2017/000000460408.jpg
1490.01171875	0.0	image/732	732	762886	train2017/000000179480.jpg
1490.828125	0.0	image/810	810	763304	train2017/000000200391.jpg
1491.62890625	0.0	image/805	805	763714	train2017/000000460408.jpg
1492.462890625	0.0	image/790	790	764141	train2017/000000455799.jpg
1493.279296875	0.0	image/820	820	764559	train2017/000000203937.jpg
1494.095703125	0.0	image/802	802	764977	train2017/000000197118.jpg
1494.9296875	0.0	image/793	793	765404	train2017/000000338439.jpg
1496.541015625	0.0	image/771	771	766229	train2017/000000190271.jpg
1497.36328125	0.0	image/763	763	766650	train2017/000000450864.jpg
1498.181640625	0.0	image/767	767	767069	train2017/000000189794.jpg
1498.998046875	0.0	image/828	828	767487	train2017/000000468394.jpg
1499.826171875	0.0	image/764	764	767911	train2017/000000450903.jpg
1500.6484375	0.0	image/811	811	768332	train2017/000000201722.jpg
1501.458984375	0.0	image/801	801	768747	train2017/000000459190.jpg
1502.265625	0.0	image/726	726	769160	train2017/000000178423.jpg
1503.076171875	0.0	image/815	815	769575	train2017/000000202050.jpg
1503.8828125	0.0	image/735	735	769988	train2017/000000180410.jpg
1504.7109375	0.0	image/777	777	770412	train2017/000000453682.jpg
1505.494140625	0.0	image/724	724	770813	train2017/000000178031.jpg
1506.259765625	0.0	image/754	754	771205	train2017/000000185888.jpg
1507.033203125	0.0	image/750	750	771601	train2017/000000447182.jpg
1507.81640625	0.0	image/774	774	772002	train2017/000000191005.jpg
1508.611328125	0.0	image/759	759	772409	train2017/000000449914.jpg
1509.41796875	0.0	image/818	818	772822	train2017/000000465412.jpg
1510.201171875	0.0	image/839	839	773223	train2017/000000209229.jpg
1511.001953125	0.0	image/821	821	773633	train2017/000000077686.jpg
1511.833984375	0.0	image/721	721	774059	train2017/000000176873.jpg
1512.662109375	0.0	image/741	741	774483	train2017/000000443940.jpg
1513.4296875	0.0	image/778	778	774876	train2017/000000191686.jpg
1514.19921875	0.0	image/828	828	775270	train2017/000000468394.jpg
1514.986328125	0.0	image/743	743	775673	train2017/000000189388.jpg
1515.779296875	0.0	image/741	741	776079	train2017/000000443940.jpg
1516.564453125	0.0	image/746	746	776481	train2017/000000445726.jpg
1517.330078125	0.0	image/751	751	776873	train2017/000000185225.jpg
1518.87109375	0.0	image/829	829	777662	train2017/000000206467.jpg
1519.703125	0.0	image/740	740	778088	train2017/000000161354.jpg
1520.486328125	0.0	image/800	800	778489	train2017/000000458616.jpg
1521.314453125	0.0	image/765	765	778913	train2017/000000450914.jpg
1528.466796875	0.0	image/944	944	782575	train2017/000000239337.jpg
1529.30078125	0.0	image/841	841	783002	train2017/000000034961.jpg
1530.083984375	0.0	image/915	915	783403	train2017/000000229947.jpg
1530.8671875	0.0	image/933	933	783804	train2017/000000233873.jpg
1531.646484375	0.0	image/861	861	784203	train2017/000000560054.jpg
1533.201171875	0.0	image/850	850	784999	train2017/000000212380.jpg
1533.98046875	0.0	image/905	905	785398	train2017/000000227843.jpg
1534.798828125	0.0	image/847	847	785817	train2017/000000207833.jpg
1535.6015625	0.0	image/851	851	786228	train2017/000000474545.jpg
1536.38671875	0.0	image/929	929	786630	train2017/000000495387.jpg
1538.00390625	0.0	image/893	893	787458	train2017/000000225383.jpg
1538.78125	0.0	image/946	946	787856	train2017/000000501867.jpg
1539.59765625	0.0	image/905	905	788274	train2017/000000227843.jpg
1540.37109375	0.0	image/930	930	788670	train2017/000000344729.jpg
1541.197265625	0.0	image/906	906	789093	train2017/000000227928.jpg
1542.00390625	0.0	image/918	918	789506	train2017/000000230422.jpg
1542.814453125	0.0	image/951	951	789921	train2017/000000214821.jpg
1543.583984375	0.0	image/872	872	790315	train2017/000000429887.jpg
1545.15625	0.0	image/913	913	791120	train2017/000000356810.jpg
1545.966796875	0.0	image/947	947	791535	train2017/000000501926.jpg
1546.765625	0.0	image/864	864	791944	train2017/000000385417.jpg
1547.572265625	0.0	image/904	904	792357	train2017/000000227733.jpg
1548.384765625	0.0	image/942	942	792773	train2017/000000238001.jpg
1549.189453125	0.0	image/881	881	793185	train2017/000000222921.jpg
1550.005859375	0.0	image/853	853	793603	train2017/000000474827.jpg
1550.83984375	0.0	image/928	928	794030	train2017/000000233104.jpg
1551.66796875	0.0	image/895	895	794454	train2017/000000487825.jpg
1552.435546875	0.0	image/867	867	794847	train2017/000000479035.jpg
1553.2578125	0.0	image/877	877	795268	train2017/000000342639.jpg
1554.05859375	0.0	image/889	889	795678	train2017/000000224396.jpg
1554.8359375	0.0	image/914	914	796076	train2017/000000492037.jpg
1555.625	0.0	image/855	855	796480	train2017/000000122923.jpg
1556.4375	0.0	image/958	958	796896	train2017/000000433657.jpg
1557.220703125	0.0	image/876	876	797297	train2017/000000482912.jpg
1558.025390625	0.0	image/903	903	797709	train2017/000000227451.jpg
1558.853515625	0.0	image/920	920	798133	train2017/000000300622.jpg
1560.470703125	0.0	image/876	876	798961	train2017/000000482912.jpg
1561.244140625	0.0	image/846	846	799357	train2017/000000474024.jpg
1562.04296875	0.0	image/941	941	799766	train2017/000000237697.jpg
1562.85546875	0.0	image/940	940	800182	train2017/000000499730.jpg
1563.677734375	0.0	image/953	953	800603	train2017/000000241026.jpg
1564.4609375	0.0	image/922	922	801004	train2017/000000235479.jpg
1565.244140625	0.0	image/862	862	801405	train2017/000000215023.jpg
1566.078125	0.0	image/936	936	801832	train2017/000000497797.jpg
1566.89453125	0.0	image/931	931	802250	train2017/000000495568.jpg
1567.6796875	0.0	image/957	957	802652	train2017/000000242631.jpg
1568.45703125	0.0	image/901	901	803050	train2017/000000007567.jpg
1569.291015625	0.0	image/949	949	803477	train2017/000000240278.jpg
1570.107421875	0.0	image/895	895	803895	train2017/000000487825.jpg
1570.912109375	0.0	image/932	932	804307	train2017/000000233580.jpg
1571.724609375	0.0	image/866	866	804723	train2017/000000216029.jpg
1572.529296875	0.0	image/859	859	805135	train2017/000000476380.jpg
1573.314453125	0.0	image/946	946	805537	train2017/000000501867.jpg
1574.09765625	0.0	image/852	852	805938	train2017/000000212440.jpg
1574.896484375	0.0	image/861	861	806347	train2017/000000560054.jpg
1575.7265625	0.0	image/926	926	806772	train2017/000000232648.jpg
1576.52734375	0.0	image/842	842	807182	train2017/000000209919.jpg
1577.34765625	0.0	image/924	924	807602	train2017/000000232277.jpg
1578.1484375	0.0	image/917	917	808012	train2017/000000354185.jpg
1578.927734375	0.0	image/960	960	808411	train2017/000000505592.jpg
1579.732421875	0.0	image/951	951	808823	train2017/000000214821.jpg
1580.509765625	0.0	image/912	912	809221	train2017/000000491611.jpg
1581.33203125	0.0	image/879	879	809642	train2017/000000221441.jpg
1582.1328125	0.0	image/847	847	810052	train2017/000000207833.jpg
1582.96484375	0.0	image/921	921	810478	train2017/000000231102.jpg
1583.75	0.0	image/856	856	810880	train2017/000000213288.jpg
1584.560546875	0.0	image/959	959	811295	train2017/000000505486.jpg
1585.3671875	0.0	image/856	856	811708	train2017/000000213288.jpg
1586.150390625	0.0	image/924	924	812109	train2017/000000232277.jpg
1586.927734375	0.0	image/897	897	812507	train2017/000000430850.jpg
1587.6953125	0.0	image/953	953	812900	train2017/000000241026.jpg
1588.517578125	0.0	image/885	885	813321	train2017/000000223718.jpg
1589.318359375	0.0	image/945	945	813731	train2017/000000501739.jpg
1590.11328125	0.0	image/931	931	814138	train2017/000000495568.jpg
1591.73046875	0.0	image/884	884	814966	train2017/000000485605.jpg
1592.50390625	0.0	image/914	914	815362	train2017/000000492037.jpg
1593.302734375	0.0	image/868	868	815771	train2017/000000444880.jpg
1594.0859375	0.0	image/912	912	816172	train2017/000000491611.jpg
1594.904296875	0.0	image/892	892	816591	train2017/000000225113.jpg
1595.736328125	0.0	image/900	900	817017	train2017/000000488658.jpg
1596.5703125	0.0	image/916	916	817444	train2017/000000038370.jpg
1597.38671875	0.0	image/853	853	817862	train2017/000000474827.jpg
1598.19921875	0.0	image/925	925	818278	train2017/000000494552.jpg
1599.00390625	0.0	image/883	883	818690	train2017/000000223447.jpg
1599.7890625	0.0	image/903	903	819092	train2017/000000227451.jpg
1600.587890625	0.0	image/854	854	819501	train2017/000000475236.jpg
1601.369140625	0.0	image/849	849	819901	train2017/000000212229.jpg
1602.171875	0.0	image/881	881	820312	train2017/000000222921.jpg
1602.951171875	0.0	image/866	866	820711	train2017/000000216029.jpg
1604.5234375	0.0	image/896	896	821516	train2017/000000225750.jpg
1605.33984375	0.0	image/864	864	821934	train2017/000000385417.jpg
1606.140625	0.0	image/872	872	822344	train2017/000000429887.jpg
1606.95703125	0.0	image/868	868	822762	train2017/000000444880.jpg
1607.734375	0.0	image/894	894	823160	train2017/000000225533.jpg
1608.517578125	0.0	image/846	846	823561	train2017/000000474024.jpg
1609.28515625	0.0	image/882	882	823954	train2017/000000485113.jpg
1610.107421875	0.0	image/870	870	824375	train2017/000000480601.jpg
1611.6875	0.0	image/899	899	825184	train2017/000000168803.jpg
1612.474609375	0.0	image/941	941	825587	train2017/000000237697.jpg
1613.30859375	0.0	image/917	917	826014	train2017/000000354185.jpg
1614.125	0.0	image/887	887	826432	train2017/000000561677.jpg
1614.904296875	0.0	image/907	907	826831	train2017/000000228133.jpg
1615.6875	0.0	image/859	859	827232	train2017/000000476380.jpg
1616.494140625	0.0	image/855	855	827645	train2017/000000122923.jpg
1617.3046875	0.0	image/956	956	828060	train2017/000000242133.jpg
1618.107421875	0.0	image/960	960	828471	train2017/000000505592.jpg
1619.693359375	0.0	image/858	858	829283	train2017/000000214059.jpg
1620.47265625	0.0	image/942	942	829682	train2017/000000238001.jpg
1621.26171875	0.0	image/845	845	830086	train2017/000000211198.jpg
1622.0625	0.0	image/852	852	830496	train2017/000000212440.jpg
1622.890625	0.0	image/880	880	830920	train2017/000000484300.jpg
1623.6796875	0.0	image/845	845	831324	train2017/000000211198.jpg
1624.490234375	0.0	image/865	865	831739	train2017/000000035972.jpg
1625.275390625	0.0	image/884	884	832141	train2017/000000485605.jpg
1626.044921875	0.0	image/955	955	832535	train2017/000000112805.jpg
1626.830078125	0.0	image/857	857	832937	train2017/000000213988.jpg
1627.61328125	0.0	image/930	930	833338	train2017/000000344729.jpg
1628.42578125	0.0	image/923	923	833754	train2017/000000231851.jpg
1629.248046875	0.0	image/841	841	834175	train2017/000000034961.jpg
1630.04296875	0.0	image/939	939	834582	train2017/000000499627.jpg
1630.865234375	0.0	image/949	949	835003	train2017/000000240278.jpg
1631.642578125	0.0	image/889	889	835401	train2017/000000224396.jpg
1632.41015625	0.0	image/878	878	835794	train2017/000000167908.jpg
1633.2265625	0.0	image/900	900	836212	train2017/000000488658.jpg
1634.015625	0.0	image/932	932	836616	train2017/000000233580.jpg
1634.826171875	0.0	image/873	873	837031	train2017/000000429902.jpg
1636.443359375	0.0	image/897	897	837859	train2017/000000430850.jpg
1637.2109375	0.0	image/865	865	838252	train2017/000000035972.jpg
1638.033203125	0.0	image/908	908	838673	train2017/000000228316.jpg
1638.84375	0.0	image/919	919	839088	train2017/000000492627.jpg
1639.646484375	0.0	image/950	950	839499	train2017/000000502470.jpg
1640.466796875	0.0	image/939	939	839919	train2017/000000499627.jpg
1641.267578125	0.0	image/925	925	840329	train2017/000000494552.jpg
1642.86328125	0.0	image/957	957	841146	train2017/000000242631.jpg
1643.646484375	0.0	image/910	910	841547	train2017/000000228565.jpg
1644.46875	0.0	image/938	938	841968	train2017/000000237093.jpg
1645.294921875	0.0	image/887	887	842391	train2017/000000561677.jpg
1646.1015625	0.0	image/901	901	842804	train2017/000000007567.jpg
1647.73046875	0.0	image/848	848	843638	train2017/000000474353.jpg
1648.552734375	0.0	image/873	873	844059	train2017/000000429902.jpg
1649.369140625	0.0	image/899	899	844477	train2017/000000168803.jpg
1650.169921875	0.0	image/920	920	844887	train2017/000000300622.jpg
1651.8046875	0.0	image/849	849	845724	train2017/000000212229.jpg
1652.603515625	0.0	image/952	952	846133	train2017/000000502860.jpg
1653.416015625	0.0	image/954	954	846549	train2017/000000040187.jpg
1654.220703125	0.0	image/913	913	846961	train2017/000000356810.jpg
1655.033203125	0.0	image/871	871	847377	train2017/000000480990.jpg
1655.85546875	0.0	image/874	874	847798	train2017/000000561006.jpg
1656.666015625	0.0	image/943	943	848213	train2017/000000238201.jpg
1657.455078125	0.0	image/848	848	848617	train2017/000000474353.jpg
1658.240234375	0.0	image/959	959	849019	train2017/000000505486.jpg
1659.072265625	0.0	image/850	850	849445	train2017/000000212380.jpg
1660.689453125	0.0	image/906	906	850273	train2017/000000227928.jpg
1661.466796875	0.0	image/890	890	850671	train2017/000000224759.jpg
1662.2734375	0.0	image/940	940	851084	train2017/000000499730.jpg
1663.0859375	0.0	image/911	911	851500	train2017/000000229456.jpg
1663.869140625	0.0	image/882	882	851901	train2017/000000485113.jpg
1664.69140625	0.0	image/947	947	852322	train2017/000000501926.jpg
1665.486328125	0.0	image/885	885	852729	train2017/000000223718.jpg
1666.310546875	0.0	image/888	888	853151	train2017/000000486503.jpg
1667.1015625	0.0	image/910	910	853556	train2017/000000228565.jpg
1667.88671875	0.0	image/891	891	853958	train2017/000000224869.jpg
1668.69140625	0.0	image/842	842	854370	train2017/000000209919.jpg
1669.4765625	0.0	image/843	843	854772	train2017/000000210065.jpg
1670.29296875	0.0	image/893	893	855190	train2017/000000225383.jpg
1671.109375	0.0	image/878	878	855608	train2017/000000167908.jpg
1671.892578125	0.0	image/922	922	856009	train2017/000000235479.jpg
1672.70703125	0.0	image/871	871	856426	train2017/000000480990.jpg
1673.509765625	0.0	image/921	921	856837	train2017/000000231102.jpg
1674.294921875	0.0	image/869	869	857239	train2017/000000294744.jpg
1675.10546875	0.0	image/923	923	857654	train2017/000000231851.jpg
1675.921875	0.0	image/918	918	858072	train2017/000000230422.jpg
1676.72265625	0.0	image/886	886	858482	train2017/000000386856.jpg
1677.544921875	0.0	image/857	857	858903	train2017/000000213988.jpg
1678.35546875	0.0	image/934	934	859318	train2017/000000497464.jpg
1679.14453125	0.0	image/919	919	859722	train2017/000000492627.jpg
1679.9296875	0.0	image/952	952	860124	train2017/000000502860.jpg
1680.72265625	0.0	image/892	892	860530	train2017/000000225113.jpg
1681.529296875	0.0	image/894	894	860943	train2017/000000225533.jpg
1682.33984375	0.0	image/844	844	861358	train2017/000000341033.jpg
1683.11328125	0.0	image/937	937	861754	train2017/000000498615.jpg
1683.892578125	0.0	image/875	875	862153	train2017/000000482858.jpg
1685.48046875	0.0	image/911	911	862966	train2017/000000229456.jpg
1687.05859375	0.0	image/929	929	863774	train2017/000000495387.jpg
1687.880859375	0.0	image/879	879	864195	train2017/000000221441.jpg
1688.6640625	0.0	image/843	843	864596	train2017/000000210065.jpg
1689.498046875	0.0	image/902	902	865023	train2017/000000227307.jpg
1690.298828125	0.0	image/867	867	865433	train2017/000000479035.jpg
1691.8828125	0.0	image/908	908	866244	train2017/000000228316.jpg
1692.68359375	0.0	image/890	890	866654	train2017/000000224759.jpg
1693.4765625	0.0	image/916	916	867060	train2017/000000038370.jpg
1694.30078125	0.0	image/950	950	867482	train2017/000000502470.jpg
1695.1171875	0.0	image/863	863	867900	train2017/000000215291.jpg
1695.91796875	0.0	image/926	926	868310	train2017/000000232648.jpg
1696.701171875	0.0	image/880	880	868711	train2017/000000484300.jpg
1697.529296875	0.0	image/937	937	869135	train2017/000000498615.jpg
1698.318359375	0.0	image/935	935	869539	train2017/000000082945.jpg
1699.14453125	0.0	image/909	909	869962	train2017/000000228380.jpg
1699.951171875	0.0	image/933	933	870375	train2017/000000233873.jpg
1700.76171875	0.0	image/898	898	870790	train2017/000000488406.jpg
1701.5859375	0.0	image/869	869	871212	train2017/000000294744.jpg
1702.369140625	0.0	image/886	886	871613	train2017/000000386856.jpg
1703.146484375	0.0	image/944	944	872011	train2017/000000239337.jpg
1703.935546875	0.0	image/948	948	872415	train2017/000000502058.jpg
1704.75390625	0.0	image/943	943	872834	train2017/000000238201.jpg
1706.314453125	0.0	image/928	928	873633	train2017/000000233104.jpg
1707.09765625	0.0	image/909	909	874034	train2017/000000228380.jpg
1708.720703125	0.0	image/956	956	874865	train2017/000000242133.jpg
1709.5546875	0.0	image/938	938	875292	train2017/000000237093.jpg
1710.3828125	0.0	image/945	945	875716	train2017/000000501739.jpg
1711.19921875	0.0	image/927	927	876134	train2017/000000495040.jpg
1712.015625	0.0	image/877	877	876552	train2017/000000342639.jpg
1712.8046875	0.0	image/907	907	876956	train2017/000000228133.jpg
1713.638671875	0.0	image/863	863	877383	train2017/000000215291.jpg
1714.45703125	0.0	image/854	854	877802	train2017/000000475236.jpg
1715.283203125	0.0	image/844	844	878225	train2017/000000341033.jpg
1716.06640625	0.0	image/862	862	878626	train2017/000000215023.jpg
1717.66796875	0.0	image/875	875	879446	train2017/000000482858.jpg
1718.44140625	0.0	image/948	948	879842	train2017/000000502058.jpg
1719.2578125	0.0	image/954	954	880260	train2017/000000040187.jpg
1720.05859375	0.0	image/958	958	880670	train2017/000000433657.jpg
1720.890625	0.0	image/860	860	881096	train2017/000000476481.jpg
1721.720703125	0.0	image/934	934	881521	train2017/000000497464.jpg
1722.541015625	0.0	image/898	898	881941	train2017/000000488406.jpg
1723.375	0.0	image/936	936	882368	train2017/000000497797.jpg
1724.19140625	0.0	image/902	902	882786	train2017/000000227307.jpg
1725.802734375	0.0	image/874	874	883611	train2017/000000561006.jpg
1726.576171875	0.0	image/927	927	884007	train2017/000000495040.jpg
1728.228515625	0.0	image/858	858	884853	train2017/000000214059.jpg
1729.0546875	0.0	image/896	896	885276	train2017/000000225750.jpg
1729.85546875	0.0	image/904	904	885686	train2017/000000227733.jpg
1730.626953125	0.0	image/915	915	886081	train2017/000000229947.jpg
1731.455078125	0.0	image/955	955	886505	train2017/000000112805.jpg
1732.27734375	0.0	image/888	888	886926	train2017/000000486503.jpg
1733.845703125	0.0	image/935	935	887729	train2017/000000082945.jpg
1734.662109375	0.0	image/883	883	888147	train2017/000000223447.jpg
1736.296875	0.0	image/860	860	888984	train2017/000000476481.jpg
1737.080078125	0.0	image/851	851	889385	train2017/000000474545.jpg
1738.697265625	0.0	image/891	891	890213	train2017/000000224869.jpg
1739.5078125	0.0	image/870	870	890628	train2017/000000480601.jpg
1747.11328125	0.0	image/46	46	894522	train2017/000000531515.jpg
1747.908203125	0.0	image/117	117	894929	train2017/000000396793.jpg
1749.49609375	0.0	image/28	28	895742	train2017/000000558788.jpg
1751.060546875	0.0	image/76	76	896543	train2017/000000275902.jpg
1751.830078125	0.0	image/41	41	896937	train2017/000000268418.jpg
1752.61328125	0.0	image/44	44	897338	train2017/000000007048.jpg
1753.416015625	0.0	image/103	103	897749	train2017/000000280484.jpg
1754.2109375	0.0	image/52	52	898156	train2017/000000008053.jpg
1755.03125	0.0	image/82	82	898576	train2017/000000539395.jpg
1755.810546875	0.0	image/4	4	898975	train2017/000000524646.jpg
1757.416015625	0.0	image/24	24	899797	train2017/000000265453.jpg
1758.244140625	0.0	image/30	30	900221	train2017/000000004442.jpg
1759.06640625	0.0	image/74	74	900642	train2017/000000275663.jpg
1759.849609375	0.0	image/111	111	901043	train2017/000000020517.jpg
1760.666015625	0.0	image/110	110	901461	train2017/000000019863.jpg
1761.4453125	0.0	image/62	62	901860	train2017/000000010903.jpg
1762.228515625	0.0	image/56	56	902261	train2017/000000008998.jpg
1763.02734375	0.0	image/64	64	902670	train2017/000000273138.jpg
1763.79296875	0.0	image/97	97	903062	train2017/000000279197.jpg
1764.6015625	0.0	image/8	8	903476	train2017/000000000625.jpg
1766.185546875	0.0	image/77	77	904287	train2017/000000275938.jpg
1767.845703125	0.0	image/94	94	905137	train2017/000000278962.jpg
1768.65234375	0.0	image/45	45	905550	train2017/000000531392.jpg
1769.4296875	0.0	image/5	5	905948	train2017/000000262690.jpg
1770.24609375	0.0	image/113	113	906366	train2017/000000545160.jpg
1771.013671875	0.0	image/114	114	906759	train2017/000000571485.jpg
1771.8203125	0.0	image/33	33	907172	train2017/000000267338.jpg
1772.6328125	0.0	image/110	110	907588	train2017/000000019863.jpg
1773.404296875	0.0	image/23	23	907983	train2017/000000265150.jpg
1774.1875	0.0	image/17	17	908384	train2017/000000002372.jpg
1775.015625	0.0	image/71	71	908808	train2017/000000536884.jpg
1775.8203125	0.0	image/101	101	909220	train2017/000000017967.jpg
1776.6328125	0.0	image/54	54	909636	train2017/000000532753.jpg
1777.435546875	0.0	image/90	90	910047	train2017/000000278555.jpg
1778.22265625	0.0	image/63	63	910450	train2017/000000273120.jpg
1779.0546875	0.0	image/89	89	910876	train2017/000000016314.jpg
1780.65625	0.0	image/109	109	911696	train2017/000000544060.jpg
1781.490234375	0.0	image/27	27	912123	train2017/000000265745.jpg
1782.30078125	0.0	image/76	76	912538	train2017/000000275902.jpg
1783.107421875	0.0	image/112	112	912951	train2017/000000544926.jpg
1783.890625	0.0	image/56	56	913352	train2017/000000008998.jpg
1784.69140625	0.0	image/118	118	913762	train2017/000000283678.jpg
1785.5234375	0.0	image/93	93	914188	train2017/000000541077.jpg
1786.30859375	0.0	image/118	118	914590	train2017/000000283678.jpg
1787.0859375	0.0	image/91	91	914988	train2017/000000540735.jpg
1787.875	0.0	image/78	78	915392	train2017/000000013969.jpg
1788.67578125	0.0	image/31	31	915802	train2017/000000266622.jpg
1789.458984375	0.0	image/49	49	916203	train2017/000000219750.jpg
1790.236328125	0.0	image/98	98	916601	train2017/000000541472.jpg
1791.041015625	0.0	image/119	119	917013	train2017/000000545950.jpg
1792.669921875	0.0	image/61	61	917847	train2017/000000272901.jpg
1793.4765625	0.0	image/90	90	918260	train2017/000000278555.jpg
1794.259765625	0.0	image/84	84	918661	train2017/000000570543.jpg
1795.09375	0.0	image/2	2	919088	train2017/000000262239.jpg
1795.89453125	0.0	image/27	27	919498	train2017/000000265745.jpg
1796.693359375	0.0	image/7	7	919907	train2017/000000000605.jpg
1797.51171875	0.0	image/57	57	920326	train2017/000000001625.jpg
1798.322265625	0.0	image/73	73	920741	train2017/000000537393.jpg
1799.08984375	0.0	image/59	59	921134	train2017/000000010046.jpg
1799.873046875	0.0	image/36	36	921535	train2017/000000267699.jpg
1800.689453125	0.0	image/21	21	921953	train2017/000000274108.jpg
1801.47265625	0.0	image/10	10	922354	train2017/000000001308.jpg
1802.279296875	0.0	image/79	79	922767	train2017/000000276664.jpg
1803.08984375	0.0	image/92	92	923182	train2017/000000278714.jpg
1804.662109375	0.0	image/100	100	923987	train2017/000000541856.jpg
1805.49609375	0.0	image/4	4	924414	train2017/000000524646.jpg
1806.330078125	0.0	image/85	85	924841	train2017/000000539705.jpg
1807.11328125	0.0	image/18	18	925242	train2017/000000264735.jpg
1807.943359375	0.0	image/92	92	925667	train2017/000000278714.jpg
1808.744140625	0.0	image/26	26	926077	train2017/000000003521.jpg
1810.29296875	0.0	image/69	69	926870	train2017/000000011856.jpg
1811.115234375	0.0	image/83	83	927291	train2017/000000277524.jpg
1812.716796875	0.0	image/34	34	928111	train2017/000000005277.jpg
1813.533203125	0.0	image/102	102	928529	train2017/000000018078.jpg
1814.34375	0.0	image/25	25	928944	train2017/000000527618.jpg
1815.994140625	0.0	image/6	6	929789	train2017/000000000584.jpg
1816.767578125	0.0	image/113	113	930185	train2017/000000545160.jpg
1817.599609375	0.0	image/67	67	930611	train2017/000000011358.jpg
1818.43359375	0.0	image/112	112	931038	train2017/000000544926.jpg
1819.22265625	0.0	image/46	46	931442	train2017/000000531515.jpg
1820.044921875	0.0	image/35	35	931863	train2017/000000267647.jpg
1820.8515625	0.0	image/88	88	932276	train2017/000000540538.jpg
1821.62890625	0.0	image/66	66	932674	train2017/000000273250.jpg
1822.4140625	0.0	image/60	60	933076	train2017/000000010710.jpg
1823.1796875	0.0	image/87	87	933468	train2017/000000300383.jpg
1823.947265625	0.0	image/40	40	933861	train2017/000000268114.jpg
1824.751953125	0.0	image/29	29	934273	train2017/000000393907.jpg
1825.5703125	0.0	image/79	79	934692	train2017/000000276664.jpg
1826.369140625	0.0	image/59	59	935101	train2017/000000010046.jpg
1827.169921875	0.0	image/62	62	935511	train2017/000000010903.jpg
1828.001953125	0.0	image/105	105	935937	train2017/000000280764.jpg
1828.787109375	0.0	image/109	109	936339	train2017/000000544060.jpg
1829.58203125	0.0	image/67	67	936746	train2017/000000011358.jpg
1830.349609375	0.0	image/99	99	937139	train2017/000000271183.jpg
1831.966796875	0.0	image/7	7	937967	train2017/000000000605.jpg
1832.73828125	0.0	image/14	14	938362	train2017/000000264244.jpg
1833.572265625	0.0	image/81	81	938789	train2017/000000539340.jpg
1834.40234375	0.0	image/72	72	939214	train2017/000000274978.jpg
1835.18359375	0.0	image/18	18	939614	train2017/000000264735.jpg
1835.990234375	0.0	image/32	32	940027	train2017/000000005028.jpg
1836.7734375	0.0	image/13	13	940428	train2017/000000525932.jpg
1837.58984375	0.0	image/58	58	940846	train2017/000000534259.jpg
1838.373046875	0.0	image/70	70	941247	train2017/000000536786.jpg
1840.0078125	0.0	image/38	38	942084	train2017/000000312536.jpg
1840.80078125	0.0	image/111	111	942490	train2017/000000020517.jpg
1841.57421875	0.0	image/96	96	942886	train2017/000000541258.jpg
1842.353515625	0.0	image/87	87	943285	train2017/000000300383.jpg
1843.140625	0.0	image/74	74	943688	train2017/000000275663.jpg
1844.736328125	0.0	image/48	48	944505	train2017/000000011299.jpg
1845.525390625	0.0	image/42	42	944909	train2017/000000268659.jpg
1847.103515625	0.0	image/3	3	945717	train2017/000000262414.jpg
1847.91015625	0.0	image/1	1	946130	train2017/000000262145.jpg
1848.7265625	0.0	image/86	86	946548	train2017/000000539879.jpg
1849.50390625	0.0	image/51	51	946946	train2017/000000008027.jpg
1850.310546875	0.0	image/65	65	947359	train2017/000000273147.jpg
1851.09375	0.0	image/78	78	947760	train2017/000000013969.jpg
1851.91015625	0.0	image/107	107	948178	train2017/000000543254.jpg
1852.7109375	0.0	image/55	55	948588	train2017/000000533231.jpg
1853.494140625	0.0	image/49	49	948989	train2017/000000219750.jpg
1854.2890625	0.0	image/8	8	949396	train2017/000000000625.jpg
1855.07421875	0.0	image/43	43	949798	train2017/000000006765.jpg
1855.845703125	0.0	image/55	55	950193	train2017/000000533231.jpg
1856.662109375	0.0	image/65	65	950611	train2017/000000273147.jpg
1857.462890625	0.0	image/16	16	951021	train2017/000000002270.jpg
1858.24609375	0.0	image/24	24	951422	train2017/000000265453.jpg
1859.0546875	0.0	image/50	50	951836	train2017/000000007932.jpg
1859.861328125	0.0	image/68	68	952249	train2017/000000535871.jpg
1860.640625	0.0	image/25	25	952648	train2017/000000527618.jpg
1861.421875	0.0	image/104	104	953048	train2017/000000018367.jpg
1862.240234375	0.0	image/81	81	953467	train2017/000000539340.jpg
1863.046875	0.0	image/85	85	953880	train2017/000000539705.jpg
1863.828125	0.0	image/29	29	954280	train2017/000000393907.jpg
1864.625	0.0	image/14	14	954688	train2017/000000264244.jpg
1865.392578125	0.0	image/9	9	955081	train2017/000000000650.jpg
1866.19921875	0.0	image/19	19	955494	train2017/000000526968.jpg
1867.03125	0.0	image/80	80	955920	train2017/000000538822.jpg
1867.859375	0.0	image/83	83	956344	train2017/000000277524.jpg
1868.66015625	0.0	image/101	101	956754	train2017/000000017967.jpg
1869.44921875	0.0	image/120	120	957158	train2017/000000021718.jpg
1871.05078125	0.0	image/114	114	957978	train2017/000000571485.jpg
1871.8671875	0.0	image/54	54	958396	train2017/000000532753.jpg
1872.66015625	0.0	image/58	58	958802	train2017/000000534259.jpg
1873.4296875	0.0	image/64	64	959196	train2017/000000273138.jpg
1874.25	0.0	image/38	38	959616	train2017/000000312536.jpg
1875.0625	0.0	image/36	36	960032	train2017/000000267699.jpg
1875.884765625	0.0	image/102	102	960453	train2017/000000018078.jpg
1876.712890625	0.0	image/57	57	960877	train2017/000000001625.jpg
1877.515625	0.0	image/98	98	961288	train2017/000000541472.jpg
1878.330078125	0.0	image/15	15	961705	train2017/000000264396.jpg
1879.09765625	0.0	image/99	99	962098	train2017/000000271183.jpg
1879.919921875	0.0	image/11	11	962519	train2017/000000263599.jpg
1880.73046875	0.0	image/39	39	962934	train2017/000000268008.jpg
1881.533203125	0.0	image/30	30	963345	train2017/000000004442.jpg
1882.302734375	0.0	image/72	72	963739	train2017/000000274978.jpg
1883.103515625	0.0	image/108	108	964149	train2017/000000281330.jpg
1883.8984375	0.0	image/77	77	964556	train2017/000000275938.jpg
1884.681640625	0.0	image/97	97	964957	train2017/000000279197.jpg
1885.470703125	0.0	image/107	107	965361	train2017/000000543254.jpg
1886.298828125	0.0	image/75	75	965785	train2017/000000399878.jpg
1887.12109375	0.0	image/61	61	966206	train2017/000000272901.jpg
1888.771484375	0.0	image/71	71	967051	train2017/000000536884.jpg
1889.58203125	0.0	image/37	37	967466	train2017/000000005684.jpg
1890.35546875	0.0	image/17	17	967862	train2017/000000002372.jpg
1891.189453125	0.0	image/15	15	968289	train2017/000000264396.jpg
1892.001953125	0.0	image/66	66	968705	train2017/000000273250.jpg
1892.7890625	0.0	image/31	31	969108	train2017/000000266622.jpg
1894.40234375	0.0	image/117	117	969934	train2017/000000396793.jpg
1895.21875	0.0	image/22	22	970352	train2017/000000265023.jpg
1896.01953125	0.0	image/23	23	970762	train2017/000000265150.jpg
1897.669921875	0.0	image/70	70	971607	train2017/000000536786.jpg
1898.482421875	0.0	image/93	93	972023	train2017/000000541077.jpg
1899.26953125	0.0	image/43	43	972426	train2017/000000006765.jpg
1900.052734375	0.0	image/108	108	972827	train2017/000000281330.jpg
1900.859375	0.0	image/68	68	973240	train2017/000000535871.jpg
1901.658203125	0.0	image/94	94	973649	train2017/000000278962.jpg
1902.4375	0.0	image/116	116	974048	train2017/000000283426.jpg
1903.2421875	0.0	image/104	104	974460	train2017/000000018367.jpg
1904.025390625	0.0	image/10	10	974861	train2017/000000001308.jpg
1904.810546875	0.0	image/1	1	975263	train2017/000000262145.jpg
1905.603515625	0.0	image/20	20	975669	train2017/000000526980.jpg
1906.37109375	0.0	image/116	116	976062	train2017/000000283426.jpg
1907.16015625	0.0	image/34	34	976466	train2017/000000005277.jpg
1907.943359375	0.0	image/95	95	976867	train2017/000000016898.jpg
1908.77734375	0.0	image/13	13	977294	train2017/000000525932.jpg
1909.578125	0.0	image/35	35	977704	train2017/000000267647.jpg
1910.390625	0.0	image/12	12	978120	train2017/000000525790.jpg
1911.2109375	0.0	image/9	9	978540	train2017/000000000650.jpg
1912.0234375	0.0	image/53	53	978956	train2017/000000270278.jpg
1912.830078125	0.0	image/28	28	979369	train2017/000000558788.jpg
1913.61328125	0.0	image/60	60	979770	train2017/000000010710.jpg
1914.44140625	0.0	image/106	106	980194	train2017/000000280808.jpg
1916.046875	0.0	image/47	47	981016	train2017/000000531828.jpg
1916.880859375	0.0	image/42	42	981443	train2017/000000268659.jpg
1917.67578125	0.0	image/48	48	981850	train2017/000000011299.jpg
1918.48046875	0.0	image/103	103	982262	train2017/000000280484.jpg
1919.28125	0.0	image/91	91	982672	train2017/000000540735.jpg
1920.05859375	0.0	image/115	115	983070	train2017/000000021095.jpg
1920.826171875	0.0	image/50	50	983463	train2017/000000007932.jpg
1922.431640625	0.0	image/26	26	984285	train2017/000000003521.jpg
1923.2265625	0.0	image/12	12	984692	train2017/000000525790.jpg
1924.048828125	0.0	image/2	2	985113	train2017/000000262239.jpg
1924.859375	0.0	image/88	88	985528	train2017/000000540538.jpg
1925.662109375	0.0	image/47	47	985939	train2017/000000531828.jpg
1926.478515625	0.0	image/84	84	986357	train2017/000000570543.jpg
1928.05078125	0.0	image/41	41	987162	train2017/000000268418.jpg
1928.849609375	0.0	image/100	100	987571	train2017/000000541856.jpg
1929.6796875	0.0	image/63	63	987996	train2017/000000273120.jpg
1930.44921875	0.0	image/51	51	988390	train2017/000000008027.jpg
1931.234375	0.0	image/3	3	988792	train2017/000000262414.jpg
1932.017578125	0.0	image/21	21	989193	train2017/000000274108.jpg
1932.802734375	0.0	image/16	16	989595	train2017/000000002270.jpg
1933.619140625	0.0	image/32	32	990013	train2017/000000005028.jpg
1934.412109375	0.0	image/22	22	990419	train2017/000000265023.jpg
1936.01953125	0.0	image/44	44	991242	train2017/000000007048.jpg
1936.830078125	0.0	image/75	75	991657	train2017/000000399878.jpg
1937.6328125	0.0	image/106	106	992068	train2017/000000280808.jpg
1938.44921875	0.0	image/89	89	992486	train2017/000000016314.jpg
1939.23046875	0.0	image/19	19	992886	train2017/000000526968.jpg
1940.0	0.0	image/37	37	993280	train2017/000000005684.jpg
1940.8203125	0.0	image/80	80	993700	train2017/000000538822.jpg
1941.63671875	0.0	image/86	86	994118	train2017/000000539879.jpg
1942.470703125	0.0	image/11	11	994545	train2017/000000263599.jpg
1943.271484375	0.0	image/53	53	994955	train2017/000000270278.jpg
1944.0703125	0.0	image/95	95	995364	train2017/000000016898.jpg
1944.85546875	0.0	image/5	5	995766	train2017/000000262690.jpg
1945.671875	0.0	image/119	119	996184	train2017/000000545950.jpg
1946.505859375	0.0	image/115	115	996611	train2017/000000021095.jpg
1947.283203125	0.0	image/52	52	997009	train2017/000000008053.jpg
1948.05078125	0.0	image/39	39	997402	train2017/000000268008.jpg
1948.8515625	0.0	image/6	6	997812	train2017/000000000584.jpg
1949.640625	0.0	image/120	120	998216	train2017/000000021718.jpg
1950.451171875	0.0	image/105	105	998631	train2017/000000280764.jpg
1951.234375	0.0	image/69	69	999032	train2017/000000011856.jpg
1952.041015625	0.0	image/45	45	999445	train2017/000000531392.jpg
1952.869140625	0.0	image/40	40	999869	train2017/000000268114.jpg
1954.501953125	0.0	image/82	82	1000705	train2017/000000539395.jpg
1955.271484375	0.0	image/33	33	1001099	train2017/000000267338.jpg
1956.076171875	0.0	image/20	20	1001511	train2017/000000526980.jpg
1956.90234375	0.0	image/73	73	1001934	train2017/000000537393.jpg
1957.693359375	0.0	image/96	96	1002339	train2017/000000541258.jpg
1964.51953125	0.0	image/235	235	1005834	train2017/000000050256.jpg
1965.30078125	0.0	image/129	129	1006234	train2017/000000023392.jpg
1966.07421875	0.0	image/206	206	1006630	train2017/000000263276.jpg
1966.90234375	0.0	image/121	121	1007054	train2017/000000546140.jpg
1967.673828125	0.0	image/137	137	1007449	train2017/000000026443.jpg
1968.4921875	0.0	image/239	239	1007868	train2017/000000313480.jpg
1969.283203125	0.0	image/181	181	1008273	train2017/000000035927.jpg
1970.083984375	0.0	image/124	124	1008683	train2017/000000122964.jpg
1970.841796875	0.0	image/164	164	1009071	train2017/000000556542.jpg
1971.62109375	0.0	image/226	226	1009470	train2017/000000571499.jpg
1972.38671875	0.0	image/140	140	1009862	train2017/000000551164.jpg
1973.17578125	0.0	image/214	214	1010266	train2017/000000306031.jpg
1974.771484375	0.0	image/190	190	1011083	train2017/000000038801.jpg
1975.5703125	0.0	image/161	161	1011492	train2017/000000293368.jpg
1976.376953125	0.0	image/176	176	1011905	train2017/000000297154.jpg
1977.177734375	0.0	image/224	224	1012315	train2017/000000309192.jpg
1977.970703125	0.0	image/173	173	1012721	train2017/000000559816.jpg
1978.794921875	0.0	image/211	211	1013143	train2017/000000567837.jpg
1980.390625	0.0	image/193	193	1013960	train2017/000000564465.jpg
1981.2109375	0.0	image/220	220	1014380	train2017/000000569645.jpg
1982.041015625	0.0	image/223	223	1014805	train2017/000000309135.jpg
1983.646484375	0.0	image/154	154	1015627	train2017/000000291560.jpg
1984.48046875	0.0	image/145	145	1016054	train2017/000000027298.jpg
1985.296875	0.0	image/143	143	1016472	train2017/000000027030.jpg
1986.091796875	0.0	image/181	181	1016879	train2017/000000035927.jpg
1986.896484375	0.0	image/204	204	1017291	train2017/000000304187.jpg
1987.697265625	0.0	image/182	182	1017701	train2017/000000298170.jpg
1988.48046875	0.0	image/177	177	1018102	train2017/000000573830.jpg
1989.28125	0.0	image/151	151	1018512	train2017/000000553150.jpg
1990.08203125	0.0	image/139	139	1018922	train2017/000000026702.jpg
1990.9140625	0.0	image/207	207	1019348	train2017/000000042578.jpg
1991.7265625	0.0	image/124	124	1019764	train2017/000000122964.jpg
1993.31640625	0.0	image/187	187	1020578	train2017/000000037779.jpg
1994.099609375	0.0	image/227	227	1020979	train2017/000000047638.jpg
1994.876953125	0.0	image/218	218	1021377	train2017/000000569196.jpg
1995.69921875	0.0	image/233	233	1021798	train2017/000000532520.jpg
1997.26171875	0.0	image/174	174	1022598	train2017/000000559145.jpg
1998.8671875	0.0	image/172	172	1023420	train2017/000000558822.jpg
1999.6796875	0.0	image/164	164	1023836	train2017/000000556542.jpg
2000.466796875	0.0	image/168	168	1024239	train2017/000000557848.jpg
2001.267578125	0.0	image/156	156	1024649	train2017/000000029732.jpg
2002.08203125	0.0	image/159	159	1025066	train2017/000000292845.jpg
2002.869140625	0.0	image/239	239	1025469	train2017/000000313480.jpg
2003.662109375	0.0	image/198	198	1025875	train2017/000000303436.jpg
2004.4296875	0.0	image/188	188	1026268	train2017/000000037823.jpg
2005.197265625	0.0	image/145	145	1026661	train2017/000000027298.jpg
2005.98046875	0.0	image/135	135	1027062	train2017/000000288372.jpg
2006.796875	0.0	image/202	202	1027480	train2017/000000566201.jpg
2007.5859375	0.0	image/148	148	1027884	train2017/000000027665.jpg
2008.369140625	0.0	image/221	221	1028285	train2017/000000575701.jpg
2009.169921875	0.0	image/196	196	1028695	train2017/000000574784.jpg
2010.8046875	0.0	image/122	122	1029532	train2017/000000546147.jpg
2011.587890625	0.0	image/161	161	1029933	train2017/000000293368.jpg
2012.404296875	0.0	image/121	121	1030351	train2017/000000546140.jpg
2013.232421875	0.0	image/125	125	1030775	train2017/000000022964.jpg
2014.048828125	0.0	image/228	228	1031193	train2017/000000572215.jpg
2014.85546875	0.0	image/202	202	1031606	train2017/000000566201.jpg
2015.68359375	0.0	image/135	135	1032030	train2017/000000288372.jpg
2016.48828125	0.0	image/178	178	1032442	train2017/000000355458.jpg
2017.267578125	0.0	image/207	207	1032841	train2017/000000042578.jpg
2018.087890625	0.0	image/170	170	1033261	train2017/000000033727.jpg
2018.876953125	0.0	image/218	218	1033665	train2017/000000569196.jpg
2019.685546875	0.0	image/171	171	1034079	train2017/000000033764.jpg
2020.470703125	0.0	image/216	216	1034481	train2017/000000225829.jpg
2021.2734375	0.0	image/212	212	1034892	train2017/000000043776.jpg
2022.05078125	0.0	image/194	194	1035290	train2017/000000302588.jpg
2023.685546875	0.0	image/126	126	1036127	train2017/000000547367.jpg
2024.474609375	0.0	image/196	196	1036531	train2017/000000574784.jpg
2025.30859375	0.0	image/230	230	1036958	train2017/000000573337.jpg
2026.119140625	0.0	image/167	167	1037373	train2017/000000032809.jpg
2026.919921875	0.0	image/201	201	1037783	train2017/000000041606.jpg
2027.693359375	0.0	image/144	144	1038179	train2017/000000354070.jpg
2028.486328125	0.0	image/175	175	1038585	train2017/000000559225.jpg
2029.275390625	0.0	image/214	214	1038989	train2017/000000306031.jpg
2030.939453125	0.0	image/180	180	1039841	train2017/000000297844.jpg
2031.759765625	0.0	image/169	169	1040261	train2017/000000557886.jpg
2032.572265625	0.0	image/154	154	1040677	train2017/000000291560.jpg
2033.376953125	0.0	image/128	128	1041089	train2017/000000547644.jpg
2034.171875	0.0	image/132	132	1041496	train2017/000000549830.jpg
2034.97265625	0.0	image/193	193	1041906	train2017/000000564465.jpg
2035.77734375	0.0	image/187	187	1042318	train2017/000000037779.jpg
2036.556640625	0.0	image/213	213	1042717	train2017/000000043815.jpg
2037.376953125	0.0	image/175	175	1043137	train2017/000000559225.jpg
2038.990234375	0.0	image/186	186	1043963	train2017/000000037358.jpg
2039.779296875	0.0	image/211	211	1044367	train2017/000000567837.jpg
2041.36328125	0.0	image/150	150	1045178	train2017/000000552589.jpg
2042.16015625	0.0	image/157	157	1045586	train2017/000000030109.jpg
2042.947265625	0.0	image/170	170	1045989	train2017/000000033727.jpg
2043.775390625	0.0	image/192	192	1046413	train2017/000000225054.jpg
2044.580078125	0.0	image/233	233	1046825	train2017/000000532520.jpg
2045.365234375	0.0	image/230	230	1047227	train2017/000000573337.jpg
2046.142578125	0.0	image/185	185	1047625	train2017/000000036589.jpg
2046.958984375	0.0	image/240	240	1048043	train2017/000000575971.jpg
2048.54296875	0.0	image/201	201	1048854	train2017/000000041606.jpg
2049.365234375	0.0	image/149	149	1049275	train2017/000000290192.jpg
2050.17578125	0.0	image/192	192	1049690	train2017/000000225054.jpg
2050.9609375	0.0	image/153	153	1050092	train2017/000000553586.jpg
2051.73046875	0.0	image/199	199	1050486	train2017/000000565652.jpg
2052.533203125	0.0	image/125	125	1050897	train2017/000000022964.jpg
2053.31640625	0.0	image/158	158	1051298	train2017/000000030148.jpg
2054.095703125	0.0	image/171	171	1051697	train2017/000000033764.jpg
2055.68359375	0.0	image/137	137	1052510	train2017/000000026443.jpg
2056.501953125	0.0	image/149	149	1052929	train2017/000000290192.jpg
2057.279296875	0.0	image/198	198	1053327	train2017/000000303436.jpg
2058.080078125	0.0	image/134	134	1053737	train2017/000000550396.jpg
2059.66796875	0.0	image/232	232	1054550	train2017/000000311232.jpg
2060.49609375	0.0	image/225	225	1054974	train2017/000000047172.jpg
2061.27734375	0.0	image/150	150	1055374	train2017/000000552589.jpg
2062.869140625	0.0	image/185	185	1056189	train2017/000000036589.jpg
2064.470703125	0.0	image/128	128	1057009	train2017/000000547644.jpg
2065.26953125	0.0	image/206	206	1057418	train2017/000000263276.jpg
2066.88671875	0.0	image/174	174	1058246	train2017/000000559145.jpg
2067.705078125	0.0	image/221	221	1058665	train2017/000000575701.jpg
2068.537109375	0.0	image/183	183	1059091	train2017/000000298395.jpg
2069.337890625	0.0	image/127	127	1059501	train2017/000000285450.jpg
2070.15625	0.0	image/131	131	1059920	train2017/000000549301.jpg
2070.955078125	0.0	image/200	200	1060329	train2017/000000565834.jpg
2071.76953125	0.0	image/162	162	1060746	train2017/000000293372.jpg
2072.5390625	0.0	image/160	160	1061140	train2017/000000293130.jpg
2073.322265625	0.0	image/155	155	1061541	train2017/000000029730.jpg
2074.107421875	0.0	image/205	205	1061943	train2017/000000566341.jpg
2074.939453125	0.0	image/172	172	1062369	train2017/000000558822.jpg
2075.72265625	0.0	image/127	127	1062770	train2017/000000285450.jpg
2076.556640625	0.0	image/210	210	1063197	train2017/000000305685.jpg
2077.33984375	0.0	image/142	142	1063598	train2017/000000027002.jpg
2078.125	0.0	image/209	209	1064000	train2017/000000043176.jpg
2078.951171875	0.0	image/141	141	1064423	train2017/000000026981.jpg
2079.7578125	0.0	image/237	237	1064836	train2017/000000095809.jpg
2081.337890625	0.0	image/224	224	1065645	train2017/000000309192.jpg
2082.158203125	0.0	image/158	158	1066065	train2017/000000030148.jpg
2082.9921875	0.0	image/148	148	1066492	train2017/000000027665.jpg
2083.80859375	0.0	image/228	228	1066910	train2017/000000572215.jpg
2084.638671875	0.0	image/236	236	1067335	train2017/000000574760.jpg
2085.443359375	0.0	image/219	219	1067747	train2017/000000219735.jpg
2086.255859375	0.0	image/186	186	1068163	train2017/000000037358.jpg
2087.04296875	0.0	image/153	153	1068566	train2017/000000553586.jpg
2087.861328125	0.0	image/123	123	1068985	train2017/000000022256.jpg
2088.642578125	0.0	image/200	200	1069385	train2017/000000565834.jpg
2089.4609375	0.0	image/178	178	1069804	train2017/000000355458.jpg
2091.095703125	0.0	image/180	180	1070641	train2017/000000297844.jpg
2091.90625	0.0	image/238	238	1071056	train2017/000000050624.jpg
2092.70703125	0.0	image/217	217	1071466	train2017/000000306988.jpg
2093.49609375	0.0	image/231	231	1071870	train2017/000000270325.jpg
2094.3125	0.0	image/220	220	1072288	train2017/000000569645.jpg
2095.091796875	0.0	image/156	156	1072687	train2017/000000029732.jpg
2095.87890625	0.0	image/157	157	1073090	train2017/000000030109.jpg
2096.69140625	0.0	image/215	215	1073506	train2017/000000306249.jpg
2097.5078125	0.0	image/167	167	1073924	train2017/000000032809.jpg
2098.28125	0.0	image/195	195	1074320	train2017/000000040685.jpg
2099.09765625	0.0	image/162	162	1074738	train2017/000000293372.jpg
2099.931640625	0.0	image/140	140	1075165	train2017/000000551164.jpg
2100.71484375	0.0	image/141	141	1075566	train2017/000000026981.jpg
2101.54296875	0.0	image/212	212	1075990	train2017/000000043776.jpg
2102.34765625	0.0	image/190	190	1076402	train2017/000000038801.jpg
2103.125	0.0	image/147	147	1076800	train2017/000000289791.jpg
2103.89453125	0.0	image/136	136	1077194	train2017/000000026388.jpg
2104.697265625	0.0	image/225	225	1077605	train2017/000000047172.jpg
2105.533203125	0.0	image/223	223	1078033	train2017/000000309135.jpg
2106.310546875	0.0	image/197	197	1078431	train2017/000000303392.jpg
2107.1171875	0.0	image/134	134	1078844	train2017/000000550396.jpg
2107.89453125	0.0	image/179	179	1079242	train2017/000000559958.jpg
2108.677734375	0.0	image/122	122	1079643	train2017/000000546147.jpg
2109.466796875	0.0	image/188	188	1080047	train2017/000000037823.jpg
2110.283203125	0.0	image/184	184	1080465	train2017/000000006053.jpg
2111.095703125	0.0	image/166	166	1080881	train2017/000000556748.jpg
2111.900390625	0.0	image/203	203	1081293	train2017/000000566261.jpg
2112.685546875	0.0	image/130	130	1081695	train2017/000000548593.jpg
2113.49609375	0.0	image/231	231	1082110	train2017/000000270325.jpg
2114.302734375	0.0	image/179	179	1082523	train2017/000000559958.jpg
2115.0859375	0.0	image/229	229	1082924	train2017/000000310870.jpg
2115.91796875	0.0	image/173	173	1083350	train2017/000000559816.jpg
2116.703125	0.0	image/133	133	1083752	train2017/000000026029.jpg
2117.513671875	0.0	image/210	210	1084167	train2017/000000305685.jpg
2118.3359375	0.0	image/222	222	1084588	train2017/000000308950.jpg
2119.11328125	0.0	image/151	151	1084986	train2017/000000553150.jpg
2119.8984375	0.0	image/163	163	1085388	train2017/000000032134.jpg
2120.720703125	0.0	image/138	138	1085809	train2017/000000288751.jpg
2121.50390625	0.0	image/203	203	1086210	train2017/000000566261.jpg
2122.33203125	0.0	image/209	209	1086634	train2017/000000043176.jpg
2123.154296875	0.0	image/131	131	1087055	train2017/000000549301.jpg
2123.93359375	0.0	image/189	189	1087454	train2017/000000300881.jpg
2124.69921875	0.0	image/136	136	1087846	train2017/000000026388.jpg
2125.466796875	0.0	image/234	234	1088239	train2017/000000312003.jpg
2126.2890625	0.0	image/139	139	1088660	train2017/000000026702.jpg
2127.083984375	0.0	image/197	197	1089067	train2017/000000303392.jpg
2127.888671875	0.0	image/144	144	1089479	train2017/000000354070.jpg
2128.671875	0.0	image/227	227	1089880	train2017/000000047638.jpg
2129.484375	0.0	image/130	130	1090296	train2017/000000548593.jpg
2130.25	0.0	image/240	240	1090688	train2017/000000575971.jpg
2131.07421875	0.0	image/219	219	1091110	train2017/000000219735.jpg
2131.857421875	0.0	image/232	232	1091511	train2017/000000311232.jpg
2133.474609375	0.0	image/165	165	1092339	train2017/000000032275.jpg
2134.287109375	0.0	image/208	208	1092755	train2017/000000043150.jpg
2135.091796875	0.0	image/146	146	1093167	train2017/000000289460.jpg
2135.884765625	0.0	image/152	152	1093573	train2017/000000553166.jpg
2136.67578125	0.0	image/168	168	1093978	train2017/000000557848.jpg
2138.287109375	0.0	image/208	208	1094803	train2017/000000043150.jpg
2139.05859375	0.0	image/126	126	1095198	train2017/000000547367.jpg
2139.876953125	0.0	image/146	146	1095617	train2017/000000289460.jpg
2140.66015625	0.0	image/235	235	1096018	train2017/000000050256.jpg
2141.48828125	0.0	image/222	222	1096442	train2017/000000308950.jpg
2142.259765625	0.0	image/229	229	1096837	train2017/000000310870.jpg
2143.072265625	0.0	image/217	217	1097253	train2017/000000306988.jpg
2143.875	0.0	image/133	133	1097664	train2017/000000026029.jpg
2144.7109375	0.0	image/205	205	1098092	train2017/000000566341.jpg
2145.544921875	0.0	image/152	152	1098519	train2017/000000553166.jpg
2146.35546875	0.0	image/155	155	1098934	train2017/000000029730.jpg
2147.15625	0.0	image/184	184	1099344	train2017/000000006053.jpg
2147.927734375	0.0	image/165	165	1099739	train2017/000000032275.jpg
2148.7578125	0.0	image/147	147	1100164	train2017/000000289791.jpg
2150.36328125	0.0	image/236	236	1100986	train2017/000000574760.jpg
2151.146484375	0.0	image/129	129	1101387	train2017/000000023392.jpg
2151.98046875	0.0	image/160	160	1101814	train2017/000000293130.jpg
2152.763671875	0.0	image/159	159	1102215	train2017/000000292845.jpg
2153.580078125	0.0	image/195	195	1102633	train2017/000000040685.jpg
2154.4140625	0.0	image/199	199	1103060	train2017/000000565652.jpg
2155.24609375	0.0	image/216	216	1103486	train2017/000000225829.jpg
2156.080078125	0.0	image/215	215	1103913	train2017/000000306249.jpg
2156.876953125	0.0	image/176	176	1104321	train2017/000000297154.jpg
2157.71484375	0.0	image/142	142	1104750	train2017/000000027002.jpg
2158.4921875	0.0	image/138	138	1105148	train2017/000000288751.jpg
2159.27734375	0.0	image/169	169	1105550	train2017/000000557886.jpg
2160.099609375	0.0	image/226	226	1105971	train2017/000000571499.jpg
2160.89453125	0.0	image/182	182	1106378	train2017/000000298170.jpg
2161.69921875	0.0	image/183	183	1106790	train2017/000000298395.jpg
2162.494140625	0.0	image/191	191	1107197	train2017/000000039196.jpg
2163.27734375	0.0	image/213	213	1107598	train2017/000000043815.jpg
2164.099609375	0.0	image/234	234	1108019	train2017/000000312003.jpg
2164.8828125	0.0	image/177	177	1108420	train2017/000000573830.jpg
2166.451171875	0.0	image/189	189	1109223	train2017/000000300881.jpg
2167.25	0.0	image/123	123	1109632	train2017/000000022256.jpg
2168.078125	0.0	image/163	163	1110056	train2017/000000032134.jpg
2168.884765625	0.0	image/237	237	1110469	train2017/000000095809.jpg
2169.697265625	0.0	image/204	204	1110885	train2017/000000304187.jpg
2170.498046875	0.0	image/166	166	1111295	train2017/000000556748.jpg
2171.3125	0.0	image/132	132	1111712	train2017/000000549830.jpg
2172.115234375	0.0	image/238	238	1112123	train2017/000000050624.jpg
2173.71484375	0.0	image/191	191	1112942	train2017/000000039196.jpg
2174.51953125	0.0	image/143	143	1113354	train2017/000000027030.jpg
2175.3359375	0.0	image/194	194	1113772	train2017/000000302588.jpg
2183.107421875	0.0	image/293	293	1117751	train2017/000000062547.jpg
2183.908203125	0.0	image/341	341	1118161	train2017/000000492851.jpg
2184.708984375	0.0	image/346	346	1118571	train2017/000000336374.jpg
2185.5078125	0.0	image/276	276	1118980	train2017/000000322008.jpg
2186.29296875	0.0	image/284	284	1119382	train2017/000000323182.jpg
2187.91015625	0.0	image/241	241	1120210	train2017/000000576011.jpg
2188.736328125	0.0	image/332	332	1120633	train2017/000000579906.jpg
2189.5390625	0.0	image/315	315	1121044	train2017/000000068623.jpg
2190.34375	0.0	image/309	309	1121456	train2017/000000330084.jpg
2191.17578125	0.0	image/308	308	1121882	train2017/000000067623.jpg
2191.9765625	0.0	image/262	262	1122292	train2017/000000318381.jpg
2192.7890625	0.0	image/243	243	1122708	train2017/000000560396.jpg
2193.611328125	0.0	image/340	340	1123129	train2017/000000335063.jpg
2194.4453125	0.0	image/321	321	1123556	train2017/000000332498.jpg
2195.27734375	0.0	image/266	266	1123982	train2017/000000056837.jpg
2196.056640625	0.0	image/357	357	1124381	train2017/000000338987.jpg
2196.83984375	0.0	image/281	281	1124782	train2017/000000323010.jpg
2197.662109375	0.0	image/299	299	1125203	train2017/000000327191.jpg
2198.474609375	0.0	image/270	270	1125619	train2017/000000058407.jpg
2199.2578125	0.0	image/323	323	1126020	train2017/000000332574.jpg
2200.0625	0.0	image/247	247	1126432	train2017/000000576789.jpg
2200.83984375	0.0	image/250	250	1126830	train2017/000000577964.jpg
2201.607421875	0.0	image/332	332	1127223	train2017/000000579906.jpg
2202.4140625	0.0	image/281	281	1127636	train2017/000000323010.jpg
2203.224609375	0.0	image/336	336	1128051	train2017/000000334208.jpg
2204.0078125	0.0	image/277	277	1128452	train2017/000000009983.jpg
2204.814453125	0.0	image/298	298	1128865	train2017/000000065029.jpg
2205.615234375	0.0	image/355	355	1129275	train2017/000000338670.jpg
2206.392578125	0.0	image/312	312	1129673	train2017/000000068238.jpg
2207.16015625	0.0	image/261	261	1130066	train2017/000000317781.jpg
2207.96484375	0.0	image/344	344	1130478	train2017/000000073997.jpg
2208.798828125	0.0	image/357	357	1130905	train2017/000000338987.jpg
2210.44921875	0.0	image/242	242	1131750	train2017/000000051774.jpg
2211.25	0.0	image/330	330	1132160	train2017/000000333629.jpg
2212.845703125	0.0	image/243	243	1132977	train2017/000000560396.jpg
2213.66796875	0.0	image/276	276	1133398	train2017/000000322008.jpg
2214.5	0.0	image/350	350	1133824	train2017/000000074828.jpg
2215.333984375	0.0	image/337	337	1134251	train2017/000000072095.jpg
2216.095703125	0.0	image/329	329	1134641	train2017/000000333615.jpg
2216.91796875	0.0	image/316	316	1135062	train2017/000000246728.jpg
2217.71875	0.0	image/272	272	1135472	train2017/000000359337.jpg
2219.3515625	0.0	image/342	342	1136308	train2017/000000335688.jpg
2220.1640625	0.0	image/295	295	1136724	train2017/000000010743.jpg
2221.75	0.0	image/348	348	1137536	train2017/000000074461.jpg
2222.53125	0.0	image/274	274	1137936	train2017/000000321902.jpg
2223.353515625	0.0	image/311	311	1138357	train2017/000000067961.jpg
2224.181640625	0.0	image/320	320	1138781	train2017/000000332448.jpg
2224.986328125	0.0	image/248	248	1139193	train2017/000000455691.jpg
2225.8203125	0.0	image/294	294	1139620	train2017/000000325710.jpg
2226.603515625	0.0	image/313	313	1140021	train2017/000000011373.jpg
2227.421875	0.0	image/331	331	1140440	train2017/000000333654.jpg
2228.232421875	0.0	image/264	264	1140855	train2017/000000001877.jpg
2229.0546875	0.0	image/350	350	1141276	train2017/000000074828.jpg
2229.85546875	0.0	image/359	359	1141686	train2017/000000078000.jpg
2230.638671875	0.0	image/298	298	1142087	train2017/000000065029.jpg
2231.419921875	0.0	image/245	245	1142487	train2017/000000052348.jpg
2232.189453125	0.0	image/268	268	1142881	train2017/000000057796.jpg
2233.751953125	0.0	image/333	333	1143681	train2017/000000334011.jpg
2234.556640625	0.0	image/331	331	1144093	train2017/000000333654.jpg
2235.357421875	0.0	image/248	248	1144503	train2017/000000455691.jpg
2236.185546875	0.0	image/269	269	1144927	train2017/000000320533.jpg
2236.974609375	0.0	image/288	288	1145331	train2017/000000061288.jpg
2237.751953125	0.0	image/318	318	1145729	train2017/000000069705.jpg
2239.28515625	0.0	image/277	277	1146514	train2017/000000009983.jpg
2240.087890625	0.0	image/316	316	1146925	train2017/000000246728.jpg
2240.859375	0.0	image/253	253	1147320	train2017/000000054001.jpg
2241.6875	0.0	image/322	322	1147744	train2017/000000070421.jpg
2242.455078125	0.0	image/340	340	1148137	train2017/000000335063.jpg
2243.236328125	0.0	image/314	314	1148537	train2017/000000055090.jpg
2244.826171875	0.0	image/263	263	1149351	train2017/000000318444.jpg
2245.642578125	0.0	image/280	280	1149769	train2017/000000322255.jpg
2246.443359375	0.0	image/353	353	1150179	train2017/000000338169.jpg
2248.060546875	0.0	image/286	286	1151007	train2017/000000323397.jpg
2248.84375	0.0	image/270	270	1151408	train2017/000000058407.jpg
2249.658203125	0.0	image/352	352	1151825	train2017/000000274776.jpg
2250.47265625	0.0	image/256	256	1152242	train2017/000000009199.jpg
2251.255859375	0.0	image/244	244	1152643	train2017/000000314379.jpg
2252.056640625	0.0	image/255	255	1153053	train2017/000000055184.jpg
2252.87890625	0.0	image/282	282	1153474	train2017/000000053842.jpg
2254.49609375	0.0	image/289	289	1154302	train2017/000000061559.jpg
2255.279296875	0.0	image/360	360	1154703	train2017/000000078042.jpg
2256.875	0.0	image/282	282	1155520	train2017/000000053842.jpg
2257.646484375	0.0	image/283	283	1155915	train2017/000000359687.jpg
2258.423828125	0.0	image/320	320	1156313	train2017/000000332448.jpg
2259.21484375	0.0	image/267	267	1156718	train2017/000000057631.jpg
2260.78125	0.0	image/302	302	1157520	train2017/000000328454.jpg
2261.609375	0.0	image/275	275	1157944	train2017/000000403184.jpg
2262.3984375	0.0	image/310	310	1158348	train2017/000000330086.jpg
2263.177734375	0.0	image/307	307	1158747	train2017/000000329641.jpg
2263.943359375	0.0	image/358	358	1159139	train2017/000000077870.jpg
2264.744140625	0.0	image/260	260	1159549	train2017/000000055514.jpg
2265.56640625	0.0	image/338	338	1159970	train2017/000000334772.jpg
2266.361328125	0.0	image/326	326	1160377	train2017/000000332875.jpg
2267.18359375	0.0	image/305	305	1160798	train2017/000000067347.jpg
2267.984375	0.0	image/337	337	1161208	train2017/000000072095.jpg
2268.81640625	0.0	image/285	285	1161634	train2017/000000061174.jpg
2269.64453125	0.0	image/302	302	1162058	train2017/000000328454.jpg
2270.43359375	0.0	image/269	269	1162462	train2017/000000320533.jpg
2271.267578125	0.0	image/360	360	1162889	train2017/000000078042.jpg
2272.068359375	0.0	image/334	334	1163299	train2017/000000334048.jpg
2272.90234375	0.0	image/338	338	1163726	train2017/000000334772.jpg
2273.712890625	0.0	image/321	321	1164141	train2017/000000332498.jpg
2274.501953125	0.0	image/359	359	1164545	train2017/000000078000.jpg
2275.330078125	0.0	image/291	291	1164969	train2017/000000490875.jpg
2276.15234375	0.0	image/323	323	1165390	train2017/000000332574.jpg
2276.98046875	0.0	image/351	351	1165814	train2017/000000337479.jpg
2277.78515625	0.0	image/294	294	1166226	train2017/000000325710.jpg
2278.5859375	0.0	image/271	271	1166636	train2017/000000058465.jpg
2279.380859375	0.0	image/253	253	1167043	train2017/000000054001.jpg
2280.203125	0.0	image/249	249	1167464	train2017/000000577817.jpg
2281.00390625	0.0	image/354	354	1167874	train2017/000000076476.jpg
2281.798828125	0.0	image/246	246	1168281	train2017/000000576749.jpg
2282.587890625	0.0	image/263	263	1168685	train2017/000000318444.jpg
2283.37109375	0.0	image/261	261	1169086	train2017/000000317781.jpg
2284.18359375	0.0	image/315	315	1169502	train2017/000000068623.jpg
2285.005859375	0.0	image/293	293	1169923	train2017/000000062547.jpg
2285.783203125	0.0	image/272	272	1170321	train2017/000000359337.jpg
2286.60546875	0.0	image/297	297	1170742	train2017/000000065012.jpg
2287.41796875	0.0	image/303	303	1171158	train2017/000000328628.jpg
2289.0390625	0.0	image/322	322	1171988	train2017/000000070421.jpg
2289.83984375	0.0	image/319	319	1172398	train2017/000000332261.jpg
2290.673828125	0.0	image/335	335	1172825	train2017/000000071927.jpg
2291.5078125	0.0	image/283	283	1173252	train2017/000000359687.jpg
2292.287109375	0.0	image/317	317	1173651	train2017/000000069625.jpg
2293.1015625	0.0	image/310	310	1174068	train2017/000000330086.jpg
2293.91796875	0.0	image/344	344	1174486	train2017/000000073997.jpg
2294.724609375	0.0	image/345	345	1174899	train2017/000000281567.jpg
2295.51953125	0.0	image/251	251	1175306	train2017/000000053778.jpg
2296.3046875	0.0	image/265	265	1175708	train2017/000000580813.jpg
2297.091796875	0.0	image/250	250	1176111	train2017/000000577964.jpg
2297.92578125	0.0	image/349	349	1176538	train2017/000000074714.jpg
2298.705078125	0.0	image/301	301	1176937	train2017/000000066253.jpg
2299.4765625	0.0	image/254	254	1177332	train2017/000000317061.jpg
2300.259765625	0.0	image/262	262	1177733	train2017/000000318381.jpg
2301.04296875	0.0	image/273	273	1178134	train2017/000000059321.jpg
2301.837890625	0.0	image/304	304	1178541	train2017/000000066696.jpg
2302.64453125	0.0	image/296	296	1178954	train2017/000000064534.jpg
2304.2578125	0.0	image/312	312	1179780	train2017/000000068238.jpg
2305.072265625	0.0	image/328	328	1180197	train2017/000000071429.jpg
2305.873046875	0.0	image/242	242	1180607	train2017/000000051774.jpg
2306.638671875	0.0	image/297	297	1180999	train2017/000000065012.jpg
2308.228515625	0.0	image/318	318	1181813	train2017/000000069705.jpg
2309.0625	0.0	image/255	255	1182240	train2017/000000055184.jpg
2309.873046875	0.0	image/260	260	1182655	train2017/000000055514.jpg
2310.65625	0.0	image/330	330	1183056	train2017/000000333629.jpg
2311.462890625	0.0	image/271	271	1183469	train2017/000000058465.jpg
2312.240234375	0.0	image/307	307	1183867	train2017/000000329641.jpg
2313.03125	0.0	image/251	251	1184272	train2017/000000053778.jpg
2313.84765625	0.0	image/324	324	1184690	train2017/000000332692.jpg
2314.630859375	0.0	image/287	287	1185091	train2017/000000061266.jpg
2315.42578125	0.0	image/346	346	1185498	train2017/000000336374.jpg
2316.21484375	0.0	image/246	246	1185902	train2017/000000576749.jpg
2317.798828125	0.0	image/279	279	1186713	train2017/000000322246.jpg
2318.6328125	0.0	image/334	334	1187140	train2017/000000334048.jpg
2319.443359375	0.0	image/351	351	1187555	train2017/000000337479.jpg
2320.21484375	0.0	image/333	333	1187950	train2017/000000334011.jpg
2320.99609375	0.0	image/275	275	1188350	train2017/000000403184.jpg
2321.81640625	0.0	image/280	280	1188770	train2017/000000322255.jpg
2322.64453125	0.0	image/303	303	1189194	train2017/000000328628.jpg
2323.427734375	0.0	image/284	284	1189595	train2017/000000323182.jpg
2324.228515625	0.0	image/305	305	1190005	train2017/000000067347.jpg
2325.044921875	0.0	image/328	328	1190423	train2017/000000071429.jpg
2325.8515625	0.0	image/290	290	1190836	train2017/000000534553.jpg
2326.677734375	0.0	image/343	343	1191259	train2017/000000335824.jpg
2327.4453125	0.0	image/313	313	1191652	train2017/000000011373.jpg
2328.234375	0.0	image/347	347	1192056	train2017/000000074390.jpg
2329.01171875	0.0	image/287	287	1192454	train2017/000000061266.jpg
2329.802734375	0.0	image/249	249	1192859	train2017/000000577817.jpg
2330.6015625	0.0	image/327	327	1193268	train2017/000000333152.jpg
2331.4140625	0.0	image/268	268	1193684	train2017/000000057796.jpg
2332.1796875	0.0	image/343	343	1194076	train2017/000000335824.jpg
2332.947265625	0.0	image/291	291	1194469	train2017/000000490875.jpg
2333.748046875	0.0	image/317	317	1194879	train2017/000000069625.jpg
2335.3359375	0.0	image/325	325	1195692	train2017/000000002349.jpg
2336.154296875	0.0	image/309	309	1196111	train2017/000000330084.jpg
2336.970703125	0.0	image/355	355	1196529	train2017/000000338670.jpg
2337.748046875	0.0	image/336	336	1196927	train2017/000000334208.jpg
2339.35546875	0.0	image/279	279	1197750	train2017/000000322246.jpg
2340.1328125	0.0	image/259	259	1198148	train2017/000000055402.jpg
2340.916015625	0.0	image/265	265	1198549	train2017/000000580813.jpg
2341.689453125	0.0	image/267	267	1198945	train2017/000000057631.jpg
2342.47265625	0.0	image/295	295	1199346	train2017/000000010743.jpg
2343.267578125	0.0	image/353	353	1199753	train2017/000000338169.jpg
2344.072265625	0.0	image/273	273	1200165	train2017/000000059321.jpg
2345.70703125	0.0	image/352	352	1201002	train2017/000000274776.jpg
2346.5	0.0	image/306	306	1201408	train2017/000000281575.jpg
2347.28515625	0.0	image/308	308	1201810	train2017/000000067623.jpg
2348.07421875	0.0	image/290	290	1202214	train2017/000000534553.jpg
2348.875	0.0	image/254	254	1202624	train2017/000000317061.jpg
2350.45703125	0.0	image/256	256	1203434	train2017/000000009199.jpg
2351.275390625	0.0	image/247	247	1203853	train2017/000000576789.jpg
2352.083984375	0.0	image/300	300	1204267	train2017/000000065400.jpg
2352.908203125	0.0	image/257	257	1204689	train2017/000000055206.jpg
2353.703125	0.0	image/358	358	1205096	train2017/000000077870.jpg
2355.310546875	0.0	image/301	301	1205919	train2017/000000066253.jpg
2356.13671875	0.0	image/304	304	1206342	train2017/000000066696.jpg
2356.90625	0.0	image/252	252	1206736	train2017/000000578169.jpg
2357.720703125	0.0	image/349	349	1207153	train2017/000000074714.jpg
2358.48828125	0.0	image/292	292	1207546	train2017/000000323970.jpg
2359.306640625	0.0	image/342	342	1207965	train2017/000000335688.jpg
2360.126953125	0.0	image/289	289	1208385	train2017/000000061559.jpg
2361.693359375	0.0	image/286	286	1209187	train2017/000000323397.jpg
2362.478515625	0.0	image/325	325	1209589	train2017/000000002349.jpg
2363.2734375	0.0	image/285	285	1209996	train2017/000000061174.jpg
2364.078125	0.0	image/324	324	1210408	train2017/000000332692.jpg
2364.912109375	0.0	image/266	266	1210835	train2017/000000056837.jpg
2365.70703125	0.0	image/356	356	1211242	train2017/000000012795.jpg
2366.49609375	0.0	image/311	311	1211646	train2017/000000067961.jpg
2367.279296875	0.0	image/348	348	1212047	train2017/000000074461.jpg
2368.107421875	0.0	image/241	241	1212471	train2017/000000576011.jpg
2368.876953125	0.0	image/278	278	1212865	train2017/000000009987.jpg
2369.6640625	0.0	image/319	319	1213268	train2017/000000332261.jpg
2370.4921875	0.0	image/347	347	1213692	train2017/000000074390.jpg
2371.314453125	0.0	image/296	296	1214113	train2017/000000064534.jpg
2372.125	0.0	image/259	259	1214528	train2017/000000055402.jpg
2372.947265625	0.0	image/354	354	1214949	train2017/000000076476.jpg
2373.732421875	0.0	image/329	329	1215351	train2017/000000333615.jpg
2374.54296875	0.0	image/341	341	1215766	train2017/000000492851.jpg
2375.349609375	0.0	image/244	244	1216179	train2017/000000314379.jpg
2376.1328125	0.0	image/292	292	1216580	train2017/000000323970.jpg
2376.966796875	0.0	image/300	300	1217007	train2017/000000065400.jpg
2377.794921875	0.0	image/335	335	1217431	train2017/000000071927.jpg
2378.6171875	0.0	image/288	288	1217852	train2017/000000061288.jpg
2379.400390625	0.0	image/258	258	1218253	train2017/000000055294.jpg
2380.201171875	0.0	image/339	339	1218663	train2017/000000072715.jpg
2380.978515625	0.0	image/274	274	1219061	train2017/000000321902.jpg
2381.767578125	0.0	image/257	257	1219465	train2017/000000055206.jpg
2382.5625	0.0	image/314	314	1219872	train2017/000000055090.jpg
2383.345703125	0.0	image/339	339	1220273	train2017/000000072715.jpg
2384.15234375	0.0	image/278	278	1220686	train2017/000000009987.jpg
2384.962890625	0.0	image/345	345	1221101	train2017/000000281567.jpg
2386.6015625	0.0	image/306	306	1221940	train2017/000000281575.jpg
2387.396484375	0.0	image/245	245	1222347	train2017/000000052348.jpg
2388.203125	0.0	image/264	264	1222760	train2017/000000001877.jpg
2389.75390625	0.0	image/252	252	1223554	train2017/000000578169.jpg
2390.53125	0.0	image/356	356	1223952	train2017/000000012795.jpg
2391.337890625	0.0	image/327	327	1224365	train2017/000000333152.jpg
2392.12109375	0.0	image/258	258	1224766	train2017/000000055294.jpg
2392.947265625	0.0	image/299	299	1225189	train2017/000000327191.jpg
2393.748046875	0.0	image/326	326	1225599	train2017/000000332875.jpg
2401.16015625	0.0	image/451	451	1229394	train2017/000000365003.jpg
2401.955078125	0.0	image/368	368	1229801	train2017/000000008471.jpg
2402.77734375	0.0	image/433	433	1230222	train2017/000000359085.jpg
2404.35546875	0.0	image/415	415	1231030	train2017/000000354045.jpg
2405.162109375	0.0	image/412	412	1231443	train2017/000000408492.jpg
2405.990234375	0.0	image/398	398	1231867	train2017/000000087871.jpg
2406.775390625	0.0	image/461	461	1232269	train2017/000000106107.jpg
2407.580078125	0.0	image/409	409	1232681	train2017/000000090827.jpg
2408.36328125	0.0	image/366	366	1233082	train2017/000000080275.jpg
2409.140625	0.0	image/384	384	1233480	train2017/000000345725.jpg
2409.958984375	0.0	image/406	406	1233899	train2017/000000352236.jpg
2410.7578125	0.0	image/379	379	1234308	train2017/000000569678.jpg
2411.576171875	0.0	image/470	470	1234727	train2017/000000110611.jpg
2412.380859375	0.0	image/462	462	1235139	train2017/000000368852.jpg
2413.17578125	0.0	image/365	365	1235546	train2017/000000080084.jpg
2413.962890625	0.0	image/372	372	1235949	train2017/000000081474.jpg
2414.78125	0.0	image/418	418	1236368	train2017/000000092221.jpg
2415.576171875	0.0	image/479	479	1236775	train2017/000000114077.jpg
2416.3828125	0.0	image/435	435	1237188	train2017/000000097218.jpg
2417.2109375	0.0	image/436	436	1237612	train2017/000000098480.jpg
2418.033203125	0.0	image/452	452	1238033	train2017/000000365218.jpg
2418.830078125	0.0	image/398	398	1238441	train2017/000000087871.jpg
2419.611328125	0.0	image/416	416	1238841	train2017/000000354095.jpg
2420.43359375	0.0	image/463	463	1239262	train2017/000000369171.jpg
2421.25	0.0	image/393	393	1239680	train2017/000000086811.jpg
2422.05078125	0.0	image/388	388	1240090	train2017/000000084174.jpg
2422.861328125	0.0	image/426	426	1240505	train2017/000000357074.jpg
2423.630859375	0.0	image/473	473	1240899	train2017/000000372959.jpg
2424.41796875	0.0	image/437	437	1241302	train2017/000000060117.jpg
2425.234375	0.0	image/377	377	1241720	train2017/000000450584.jpg
2426.046875	0.0	image/438	438	1242136	train2017/000000147547.jpg
2427.6015625	0.0	image/460	460	1242932	train2017/000000367552.jpg
2428.412109375	0.0	image/362	362	1243347	train2017/000000340734.jpg
2429.197265625	0.0	image/395	395	1243749	train2017/000000087146.jpg
2429.962890625	0.0	image/424	424	1244141	train2017/000000277778.jpg
2430.78125	0.0	image/415	415	1244560	train2017/000000354045.jpg
2431.564453125	0.0	image/431	431	1244961	train2017/000000095828.jpg
2432.38671875	0.0	image/378	378	1245382	train2017/000000319517.jpg
2433.197265625	0.0	image/396	396	1245797	train2017/000000349363.jpg
2433.96484375	0.0	image/468	468	1246190	train2017/000000542304.jpg
2434.771484375	0.0	image/432	432	1246603	train2017/000000096161.jpg
2436.384765625	0.0	image/383	383	1247429	train2017/000000083393.jpg
2437.171875	0.0	image/418	418	1247832	train2017/000000092221.jpg
2438.0	0.0	image/425	425	1248256	train2017/000000356771.jpg
2438.78515625	0.0	image/465	465	1248658	train2017/000000369253.jpg
2439.58984375	0.0	image/401	401	1249070	train2017/000000088414.jpg
2440.421875	0.0	image/378	378	1249496	train2017/000000319517.jpg
2441.240234375	0.0	image/405	405	1249915	train2017/000000189765.jpg
2442.056640625	0.0	image/413	413	1250333	train2017/000000364806.jpg
2443.66796875	0.0	image/469	469	1251158	train2017/000000370369.jpg
2444.451171875	0.0	image/457	457	1251559	train2017/000000366396.jpg
2445.2578125	0.0	image/382	382	1251972	train2017/000000345149.jpg
2446.091796875	0.0	image/408	408	1252399	train2017/000000352861.jpg
2446.923828125	0.0	image/471	471	1252825	train2017/000000372775.jpg
2447.720703125	0.0	image/451	451	1253233	train2017/000000365003.jpg
2448.50390625	0.0	image/438	438	1253634	train2017/000000147547.jpg
2450.10546875	0.0	image/478	478	1254454	train2017/000000114035.jpg
2450.88671875	0.0	image/413	413	1254854	train2017/000000364806.jpg
2451.693359375	0.0	image/381	381	1255267	train2017/000000082770.jpg
2452.470703125	0.0	image/444	444	1255665	train2017/000000100396.jpg
2453.27734375	0.0	image/392	392	1256078	train2017/000000348204.jpg
2454.109375	0.0	image/439	439	1256504	train2017/000000361193.jpg
2454.927734375	0.0	image/402	402	1256923	train2017/000000088835.jpg
2455.73828125	0.0	image/393	393	1257338	train2017/000000086811.jpg
2457.34375	0.0	image/388	388	1258160	train2017/000000084174.jpg
2458.12890625	0.0	image/379	379	1258562	train2017/000000569678.jpg
2458.955078125	0.0	image/440	440	1258985	train2017/000000361197.jpg
2459.76171875	0.0	image/429	429	1259398	train2017/000000095337.jpg
2460.58984375	0.0	image/477	477	1259822	train2017/000000113593.jpg
2461.412109375	0.0	image/407	407	1260243	train2017/000000352724.jpg
2462.240234375	0.0	image/390	390	1260667	train2017/000000346754.jpg
2463.0625	0.0	image/400	400	1261088	train2017/000000350299.jpg
2463.83984375	0.0	image/387	387	1261486	train2017/000000083738.jpg
2464.61328125	0.0	image/443	443	1261882	train2017/000000099580.jpg
2465.408203125	0.0	image/458	458	1262289	train2017/000000104502.jpg
2466.23046875	0.0	image/416	416	1262710	train2017/000000354095.jpg
2467.04296875	0.0	image/377	377	1263126	train2017/000000450584.jpg
2467.865234375	0.0	image/404	404	1263547	train2017/000000352129.jpg
2468.66015625	0.0	image/380	380	1263954	train2017/000000082650.jpg
2469.443359375	0.0	image/363	363	1264355	train2017/000000079111.jpg
2471.060546875	0.0	image/448	448	1265183	train2017/000000101069.jpg
2471.826171875	0.0	image/430	430	1265575	train2017/000000357865.jpg
2472.595703125	0.0	image/450	450	1265969	train2017/000000570785.jpg
2473.3984375	0.0	image/469	469	1266380	train2017/000000370369.jpg
2474.2265625	0.0	image/480	480	1266804	train2017/000000376407.jpg
2475.048828125	0.0	image/443	443	1267225	train2017/000000099580.jpg
2475.833984375	0.0	image/462	462	1267627	train2017/000000368852.jpg
2476.666015625	0.0	image/454	454	1268053	train2017/000000366146.jpg
2477.4609375	0.0	image/385	385	1268460	train2017/000000345751.jpg
2478.228515625	0.0	image/407	407	1268853	train2017/000000352724.jpg
2479.03515625	0.0	image/428	428	1269266	train2017/000000095176.jpg
2479.861328125	0.0	image/466	466	1269689	train2017/000000107204.jpg
2480.634765625	0.0	image/421	421	1270085	train2017/000000354761.jpg
2482.234375	0.0	image/384	384	1270904	train2017/000000345725.jpg
2483.060546875	0.0	image/434	434	1271327	train2017/000000097201.jpg
2484.685546875	0.0	image/446	446	1272159	train2017/000000100599.jpg
2485.501953125	0.0	image/468	468	1272577	train2017/000000542304.jpg
2486.3359375	0.0	image/390	390	1273004	train2017/000000346754.jpg
2487.15234375	0.0	image/444	444	1273422	train2017/000000100396.jpg
2487.96484375	0.0	image/371	371	1273838	train2017/000000081365.jpg
2488.734375	0.0	image/400	400	1274232	train2017/000000350299.jpg
2489.537109375	0.0	image/414	414	1274643	train2017/000000091784.jpg
2490.33203125	0.0	image/459	459	1275050	train2017/000000366802.jpg
2491.134765625	0.0	image/372	372	1275461	train2017/000000081474.jpg
2491.9375	0.0	image/364	364	1275872	train2017/000000275335.jpg
2492.716796875	0.0	image/387	387	1276271	train2017/000000083738.jpg
2493.5	0.0	image/403	403	1276672	train2017/000000089908.jpg
2494.322265625	0.0	image/422	422	1277093	train2017/000000059194.jpg
2495.1328125	0.0	image/374	374	1277508	train2017/000000046372.jpg
2495.90625	0.0	image/479	479	1277904	train2017/000000114077.jpg
2496.740234375	0.0	image/475	475	1278331	train2017/000000373970.jpg
2497.572265625	0.0	image/373	373	1278757	train2017/000000081841.jpg
2498.357421875	0.0	image/420	420	1279159	train2017/000000092353.jpg
2499.150390625	0.0	image/417	417	1279565	train2017/000000092001.jpg
2499.97265625	0.0	image/422	422	1279986	train2017/000000059194.jpg
2500.791015625	0.0	image/414	414	1280405	train2017/000000091784.jpg
2501.625	0.0	image/446	446	1280832	train2017/000000100599.jpg
2502.451171875	0.0	image/456	456	1281255	train2017/000000104081.jpg
2503.236328125	0.0	image/464	464	1281657	train2017/000000369230.jpg
2504.00390625	0.0	image/472	472	1282050	train2017/000000110780.jpg
2504.80859375	0.0	image/380	380	1282462	train2017/000000082650.jpg
2505.591796875	0.0	image/441	441	1282863	train2017/000000099363.jpg
2506.392578125	0.0	image/447	447	1283273	train2017/000000100863.jpg
2507.17578125	0.0	image/401	401	1283674	train2017/000000088414.jpg
2507.958984375	0.0	image/445	445	1284075	train2017/000000362677.jpg
2508.771484375	0.0	image/428	428	1284491	train2017/000000095176.jpg
2509.59375	0.0	image/476	476	1284912	train2017/000000112734.jpg
2510.421875	0.0	image/365	365	1285336	train2017/000000080084.jpg
2511.244140625	0.0	image/426	426	1285757	train2017/000000357074.jpg
2512.07421875	0.0	image/442	442	1286182	train2017/000000361648.jpg
2512.84375	0.0	image/457	457	1286576	train2017/000000366396.jpg
2513.662109375	0.0	image/452	452	1286995	train2017/000000365218.jpg
2515.279296875	0.0	image/433	433	1287823	train2017/000000359085.jpg
2516.078125	0.0	image/453	453	1288232	train2017/000000103366.jpg
2516.85546875	0.0	image/471	471	1288630	train2017/000000372775.jpg
2517.6796875	0.0	image/399	399	1289052	train2017/000000320508.jpg
2518.45703125	0.0	image/455	455	1289450	train2017/000000104044.jpg
2519.224609375	0.0	image/411	411	1289843	train2017/000000091005.jpg
2520.029296875	0.0	image/408	408	1290255	train2017/000000352861.jpg
2520.83984375	0.0	image/364	364	1290670	train2017/000000275335.jpg
2521.642578125	0.0	image/476	476	1291081	train2017/000000112734.jpg
2522.447265625	0.0	image/417	417	1291493	train2017/000000092001.jpg
2524.064453125	0.0	image/409	409	1292321	train2017/000000090827.jpg
2524.8984375	0.0	image/386	386	1292748	train2017/000000083632.jpg
2525.71484375	0.0	image/419	419	1293166	train2017/000000092288.jpg
2526.548828125	0.0	image/391	391	1293593	train2017/000000346795.jpg
2527.34765625	0.0	image/459	459	1294002	train2017/000000366802.jpg
2528.1484375	0.0	image/431	431	1294412	train2017/000000095828.jpg
2528.927734375	0.0	image/369	369	1294811	train2017/000000080987.jpg
2529.7265625	0.0	image/392	392	1295220	train2017/000000348204.jpg
2530.548828125	0.0	image/376	376	1295641	train2017/000000081995.jpg
2531.328125	0.0	image/394	394	1296040	train2017/000000087126.jpg
2532.1328125	0.0	image/450	450	1296452	train2017/000000570785.jpg
2532.951171875	0.0	image/449	449	1296871	train2017/000000101952.jpg
2533.783203125	0.0	image/361	361	1297297	train2017/000000340317.jpg
2534.583984375	0.0	image/362	362	1297707	train2017/000000340734.jpg
2535.359375	0.0	image/406	406	1298104	train2017/000000352236.jpg
2536.1640625	0.0	image/375	375	1298516	train2017/000000081961.jpg
2536.935546875	0.0	image/394	394	1298911	train2017/000000087126.jpg
2537.71875	0.0	image/456	456	1299312	train2017/000000104081.jpg
2538.53125	0.0	image/381	381	1299728	train2017/000000082770.jpg
2540.1015625	0.0	image/373	373	1300532	train2017/000000081841.jpg
2540.935546875	0.0	image/473	473	1300959	train2017/000000372959.jpg
2541.75	0.0	image/405	405	1301376	train2017/000000189765.jpg
2542.548828125	0.0	image/439	439	1301785	train2017/000000361193.jpg
2543.37109375	0.0	image/434	434	1302206	train2017/000000097201.jpg
2544.96484375	0.0	image/370	370	1303022	train2017/000000081105.jpg
2545.787109375	0.0	image/440	440	1303443	train2017/000000361197.jpg
2546.56640625	0.0	image/389	389	1303842	train2017/000000346583.jpg
2547.35546875	0.0	image/449	449	1304246	train2017/000000101952.jpg
2548.171875	0.0	image/375	375	1304664	train2017/000000081961.jpg
2549.0	0.0	image/385	385	1305088	train2017/000000345751.jpg
2549.763671875	0.0	image/477	477	1305479	train2017/000000113593.jpg
2550.533203125	0.0	image/419	419	1305873	train2017/000000092288.jpg
2551.33984375	0.0	image/367	367	1306286	train2017/000000080619.jpg
2552.1328125	0.0	image/463	463	1306692	train2017/000000369171.jpg
2552.90234375	0.0	image/397	397	1307086	train2017/000000087334.jpg
2553.72265625	0.0	image/429	429	1307506	train2017/000000095337.jpg
2555.306640625	0.0	image/382	382	1308317	train2017/000000345149.jpg
2556.1171875	0.0	image/369	369	1308732	train2017/000000080987.jpg
2556.884765625	0.0	image/404	404	1309125	train2017/000000352129.jpg
2557.673828125	0.0	image/421	421	1309529	train2017/000000354761.jpg
2558.453125	0.0	image/374	374	1309928	train2017/000000046372.jpg
2559.2578125	0.0	image/435	435	1310340	train2017/000000097218.jpg
2560.892578125	0.0	image/427	427	1311177	train2017/000000357228.jpg
2561.72265625	0.0	image/442	442	1311602	train2017/000000361648.jpg
2562.54296875	0.0	image/467	467	1312022	train2017/000000017935.jpg
2563.373046875	0.0	image/464	464	1312447	train2017/000000369230.jpg
2564.16015625	0.0	image/423	423	1312850	train2017/000000355622.jpg
2564.943359375	0.0	image/366	366	1313251	train2017/000000080275.jpg
2565.72265625	0.0	image/402	402	1313650	train2017/000000088835.jpg
2566.505859375	0.0	image/410	410	1314051	train2017/000000090994.jpg
2568.078125	0.0	image/391	391	1314856	train2017/000000346795.jpg
2568.890625	0.0	image/470	470	1315272	train2017/000000110611.jpg
2569.7109375	0.0	image/448	448	1315692	train2017/000000101069.jpg
2570.541015625	0.0	image/480	480	1316117	train2017/000000376407.jpg
2571.328125	0.0	image/458	458	1316520	train2017/000000104502.jpg
2572.138671875	0.0	image/376	376	1316935	train2017/000000081995.jpg
2573.74609375	0.0	image/410	410	1317758	train2017/000000090994.jpg
2574.529296875	0.0	image/478	478	1318159	train2017/000000114035.jpg
2575.32421875	0.0	image/363	363	1318566	train2017/000000079111.jpg
2576.962890625	0.0	image/465	465	1319405	train2017/000000369253.jpg
2578.546875	0.0	image/420	420	1320216	train2017/000000092353.jpg
2579.345703125	0.0	image/370	370	1320625	train2017/000000081105.jpg
2580.181640625	0.0	image/424	424	1321053	train2017/000000277778.jpg
2580.9765625	0.0	image/425	425	1321460	train2017/000000356771.jpg
2581.76171875	0.0	image/430	430	1321862	train2017/000000357865.jpg
2582.54296875	0.0	image/411	411	1322262	train2017/000000091005.jpg
2583.349609375	0.0	image/368	368	1322675	train2017/000000008471.jpg
2584.1328125	0.0	image/437	437	1323076	train2017/000000060117.jpg
2584.916015625	0.0	image/475	475	1323477	train2017/000000373970.jpg
2586.55078125	0.0	image/399	399	1324314	train2017/000000320508.jpg
2587.3828125	0.0	image/403	403	1324740	train2017/000000089908.jpg
2588.216796875	0.0	image/412	412	1325167	train2017/000000408492.jpg
2589.0	0.0	image/454	454	1325568	train2017/000000366146.jpg
2589.818359375	0.0	image/460	460	1325987	train2017/000000367552.jpg
2591.41796875	0.0	image/467	467	1326806	train2017/000000017935.jpg
2592.1953125	0.0	image/453	453	1327204	train2017/000000103366.jpg
2593.017578125	0.0	image/396	396	1327625	train2017/000000349363.jpg
2594.6015625	0.0	image/472	472	1328436	train2017/000000110780.jpg
2595.40234375	0.0	image/447	447	1328846	train2017/000000100863.jpg
2596.21875	0.0	image/461	461	1329264	train2017/000000106107.jpg
2597.013671875	0.0	image/423	423	1329671	train2017/000000355622.jpg
2597.802734375	0.0	image/474	474	1330075	train2017/000000373679.jpg
2598.5859375	0.0	image/367	367	1330476	train2017/000000080619.jpg
2599.4140625	0.0	image/386	386	1330900	train2017/000000083632.jpg
2600.203125	0.0	image/445	445	1331304	train2017/000000362677.jpg
2601.015625	0.0	image/441	441	1331720	train2017/000000099363.jpg
2601.81640625	0.0	image/436	436	1332130	train2017/000000098480.jpg
2602.60546875	0.0	image/389	389	1332534	train2017/000000346583.jpg
2603.431640625	0.0	image/395	395	1332957	train2017/000000087146.jpg
2604.201171875	0.0	image/474	474	1333351	train2017/000000373679.jpg
2605.791015625	0.0	image/432	432	1334165	train2017/000000096161.jpg
2606.572265625	0.0	image/361	361	1334565	train2017/000000340317.jpg
2607.388671875	0.0	image/371	371	1334983	train2017/000000081365.jpg
2609.0	0.0	image/455	455	1335808	train2017/000000104044.jpg
2609.791015625	0.0	image/466	466	1336213	train2017/000000107204.jpg
2610.6015625	0.0	image/397	397	1336628	train2017/000000087334.jpg
2611.40234375	0.0	image/427	427	1337038	train2017/000000357228.jpg
2612.173828125	0.0	image/383	383	1337433	train2017/000000083393.jpg
2619.548828125	0.0	image/575	575	1341209	train2017/000000139551.jpg
2620.32421875	0.0	image/547	547	1341606	train2017/000000395758.jpg
2621.09375	0.0	image/509	509	1342000	train2017/000000384235.jpg
2621.87890625	0.0	image/592	592	1342402	train2017/000000504289.jpg
2622.677734375	0.0	image/546	546	1342811	train2017/000000133281.jpg
2623.466796875	0.0	image/597	597	1343215	train2017/000000143245.jpg
2624.26171875	0.0	image/558	558	1343622	train2017/000000398083.jpg
2625.05078125	0.0	image/567	567	1344026	train2017/000000137706.jpg
2625.880859375	0.0	image/487	487	1344451	train2017/000000115637.jpg
2627.51171875	0.0	image/508	508	1345286	train2017/000000413472.jpg
2628.30078125	0.0	image/528	528	1345690	train2017/000000239828.jpg
2629.0859375	0.0	image/485	485	1346092	train2017/000000377576.jpg
2629.869140625	0.0	image/593	593	1346493	train2017/000000196777.jpg
2631.451171875	0.0	image/566	566	1347303	train2017/000000399835.jpg
2632.265625	0.0	image/582	582	1347720	train2017/000000140590.jpg
2633.0703125	0.0	image/545	545	1348132	train2017/000000131967.jpg
2633.90234375	0.0	image/515	515	1348558	train2017/000000123692.jpg
2634.69921875	0.0	image/591	591	1348966	train2017/000000404282.jpg
2635.48046875	0.0	image/600	600	1349366	train2017/000000143420.jpg
2636.298828125	0.0	image/563	563	1349785	train2017/000000398540.jpg
2637.119140625	0.0	image/522	522	1350205	train2017/000000125586.jpg
2637.9375	0.0	image/544	544	1350624	train2017/000000394008.jpg
2638.771484375	0.0	image/533	533	1351051	train2017/000000392556.jpg
2639.587890625	0.0	image/523	523	1351469	train2017/000000125703.jpg
2640.421875	0.0	image/582	582	1351896	train2017/000000140590.jpg
2641.22265625	0.0	image/523	523	1352306	train2017/000000125703.jpg
2642.017578125	0.0	image/580	580	1352713	train2017/000000402057.jpg
2642.83984375	0.0	image/588	588	1353134	train2017/000000403739.jpg
2643.623046875	0.0	image/581	581	1353535	train2017/000000402199.jpg
2644.41796875	0.0	image/503	503	1353942	train2017/000000382890.jpg
2645.189453125	0.0	image/484	484	1354337	train2017/000000114822.jpg
2645.990234375	0.0	image/520	520	1354747	train2017/000000125042.jpg
2647.568359375	0.0	image/551	551	1355555	train2017/000000134169.jpg
2648.357421875	0.0	image/507	507	1355959	train2017/000000383652.jpg
2649.140625	0.0	image/573	573	1356360	train2017/000000138904.jpg
2649.935546875	0.0	image/538	538	1356767	train2017/000000130973.jpg
2650.751953125	0.0	image/583	583	1357185	train2017/000000198195.jpg
2651.541015625	0.0	image/575	575	1357589	train2017/000000139551.jpg
2652.359375	0.0	image/562	562	1358008	train2017/000000022696.jpg
2653.158203125	0.0	image/594	594	1358417	train2017/000000404823.jpg
2653.953125	0.0	image/515	515	1358824	train2017/000000123692.jpg
2654.775390625	0.0	image/501	501	1359245	train2017/000000353175.jpg
2655.59375	0.0	image/502	502	1359664	train2017/000000120655.jpg
2656.388671875	0.0	image/511	511	1360071	train2017/000000122776.jpg
2657.208984375	0.0	image/501	501	1360491	train2017/000000353175.jpg
2658.828125	0.0	image/565	565	1361320	train2017/000000197656.jpg
2659.611328125	0.0	image/544	544	1361721	train2017/000000394008.jpg
2660.421875	0.0	image/513	513	1362136	train2017/000000282631.jpg
2661.1953125	0.0	image/589	589	1362532	train2017/000000403789.jpg
2661.978515625	0.0	image/567	567	1362933	train2017/000000137706.jpg
2663.572265625	0.0	image/526	526	1363749	train2017/000000389582.jpg
2664.37890625	0.0	image/595	595	1364162	train2017/000000142803.jpg
2665.1953125	0.0	image/491	491	1364580	train2017/000000116603.jpg
2665.990234375	0.0	image/505	505	1364987	train2017/000000120987.jpg
2666.763671875	0.0	image/508	508	1365383	train2017/000000413472.jpg
2667.546875	0.0	image/517	517	1365784	train2017/000000123891.jpg
2669.130859375	0.0	image/584	584	1366595	train2017/000000285588.jpg
2669.9140625	0.0	image/516	516	1366996	train2017/000000385864.jpg
2670.71875	0.0	image/572	572	1367408	train2017/000000138785.jpg
2671.509765625	0.0	image/570	570	1367813	train2017/000000400581.jpg
2673.09765625	0.0	image/594	594	1368626	train2017/000000404823.jpg
2673.8984375	0.0	image/491	491	1369036	train2017/000000116603.jpg
2674.681640625	0.0	image/566	566	1369437	train2017/000000399835.jpg
2675.46484375	0.0	image/486	486	1369838	train2017/000000377703.jpg
2676.27734375	0.0	image/530	530	1370254	train2017/000000391678.jpg
2677.810546875	0.0	image/526	526	1371039	train2017/000000389582.jpg
2678.626953125	0.0	image/499	499	1371457	train2017/000000575164.jpg
2679.44921875	0.0	image/591	591	1371878	train2017/000000404282.jpg
2680.279296875	0.0	image/541	541	1372303	train2017/000000131524.jpg
2681.080078125	0.0	image/574	574	1372713	train2017/000000139344.jpg
2681.900390625	0.0	image/600	600	1373133	train2017/000000143420.jpg
2682.734375	0.0	image/519	519	1373560	train2017/000000124747.jpg
2683.5625	0.0	image/550	550	1373984	train2017/000000066014.jpg
2684.330078125	0.0	image/531	531	1374377	train2017/000000391754.jpg
2685.15234375	0.0	image/551	551	1374798	train2017/000000134169.jpg
2685.978515625	0.0	image/577	577	1375221	train2017/000000139561.jpg
2686.78125	0.0	image/524	524	1375632	train2017/000000125725.jpg
2687.568359375	0.0	image/517	517	1376035	train2017/000000123891.jpg
2688.34765625	0.0	image/520	520	1376434	train2017/000000125042.jpg
2689.15234375	0.0	image/576	576	1376846	train2017/000000401699.jpg
2689.986328125	0.0	image/588	588	1377273	train2017/000000403739.jpg
2690.765625	0.0	image/527	527	1377672	train2017/000000390120.jpg
2692.38671875	0.0	image/504	504	1378502	train2017/000000382951.jpg
2693.166015625	0.0	image/497	497	1378901	train2017/000000282032.jpg
2693.970703125	0.0	image/584	584	1379313	train2017/000000285588.jpg
2694.8046875	0.0	image/573	573	1379740	train2017/000000138904.jpg
2695.599609375	0.0	image/495	495	1380147	train2017/000000380729.jpg
2697.189453125	0.0	image/562	562	1380961	train2017/000000022696.jpg
2697.966796875	0.0	image/543	543	1381359	train2017/000000131763.jpg
2698.751953125	0.0	image/550	550	1381761	train2017/000000066014.jpg
2699.56640625	0.0	image/578	578	1382178	train2017/000000401720.jpg
2700.3671875	0.0	image/553	553	1382588	train2017/000000134562.jpg
2702.005859375	0.0	image/487	487	1383427	train2017/000000115637.jpg
2702.7890625	0.0	image/483	483	1383828	train2017/000000376858.jpg
2703.58984375	0.0	image/571	571	1384238	train2017/000000229233.jpg
2704.369140625	0.0	image/590	590	1384637	train2017/000000404007.jpg
2705.169921875	0.0	image/537	537	1385047	train2017/000000371353.jpg
2705.986328125	0.0	image/581	581	1385465	train2017/000000402199.jpg
2706.76953125	0.0	image/481	481	1385866	train2017/000000114274.jpg
2707.572265625	0.0	image/484	484	1386277	train2017/000000114822.jpg
2708.38671875	0.0	image/518	518	1386694	train2017/000000124711.jpg
2709.169921875	0.0	image/578	578	1387095	train2017/000000401720.jpg
2709.97265625	0.0	image/482	482	1387506	train2017/000000376643.jpg
2710.787109375	0.0	image/529	529	1387923	train2017/000000129060.jpg
2711.58984375	0.0	image/574	574	1388334	train2017/000000139344.jpg
2712.392578125	0.0	image/535	535	1388745	train2017/000000392851.jpg
2713.177734375	0.0	image/555	555	1389147	train2017/000000397192.jpg
2714.009765625	0.0	image/587	587	1389573	train2017/000000403535.jpg
2714.794921875	0.0	image/559	559	1389975	train2017/000000135965.jpg
2715.578125	0.0	image/492	492	1390376	train2017/000000150636.jpg
2716.412109375	0.0	image/503	503	1390803	train2017/000000382890.jpg
2717.1953125	0.0	image/531	531	1391204	train2017/000000391754.jpg
2718.01171875	0.0	image/493	493	1391622	train2017/000000379713.jpg
2718.8125	0.0	image/498	498	1392032	train2017/000000119669.jpg
2720.408203125	0.0	image/514	514	1392849	train2017/000000282707.jpg
2721.228515625	0.0	image/570	570	1393269	train2017/000000400581.jpg
2722.041015625	0.0	image/483	483	1393685	train2017/000000376858.jpg
2722.845703125	0.0	image/502	502	1394097	train2017/000000120655.jpg
2724.42578125	0.0	image/496	496	1394906	train2017/000000380989.jpg
2725.248046875	0.0	image/490	490	1395327	train2017/000000116588.jpg
2726.076171875	0.0	image/579	579	1395751	train2017/000000139815.jpg
2726.880859375	0.0	image/554	554	1396163	train2017/000000135032.jpg
2727.6640625	0.0	image/583	583	1396564	train2017/000000198195.jpg
2728.4921875	0.0	image/509	509	1396988	train2017/000000384235.jpg
2729.298828125	0.0	image/599	599	1397401	train2017/000000388853.jpg
2730.08203125	0.0	image/528	528	1397802	train2017/000000239828.jpg
2730.91015625	0.0	image/486	486	1398226	train2017/000000377703.jpg
2731.69921875	0.0	image/493	493	1398630	train2017/000000379713.jpg
2732.533203125	0.0	image/485	485	1399057	train2017/000000377576.jpg
2733.349609375	0.0	image/524	524	1399475	train2017/000000125725.jpg
2734.94921875	0.0	image/548	548	1400294	train2017/000000395775.jpg
2735.734375	0.0	image/585	585	1400696	train2017/000000140724.jpg
2736.544921875	0.0	image/516	516	1401111	train2017/000000385864.jpg
2737.3671875	0.0	image/540	540	1401532	train2017/000000021826.jpg
2738.150390625	0.0	image/558	558	1401933	train2017/000000398083.jpg
2738.927734375	0.0	image/506	506	1402331	train2017/000000383641.jpg
2739.73046875	0.0	image/513	513	1402742	train2017/000000282631.jpg
2740.49609375	0.0	image/532	532	1403134	train2017/000000130181.jpg
2741.302734375	0.0	image/499	499	1403547	train2017/000000575164.jpg
2742.0859375	0.0	image/488	488	1403948	train2017/000000115649.jpg
2742.87890625	0.0	image/498	498	1404354	train2017/000000119669.jpg
2743.669921875	0.0	image/538	538	1404759	train2017/000000130973.jpg
2744.46484375	0.0	image/569	569	1405166	train2017/000000138153.jpg
2745.26953125	0.0	image/481	481	1405578	train2017/000000114274.jpg
2746.052734375	0.0	image/512	512	1405979	train2017/000000122811.jpg
2746.837890625	0.0	image/507	507	1406381	train2017/000000383652.jpg
2747.669921875	0.0	image/511	511	1406807	train2017/000000122776.jpg
2748.470703125	0.0	image/580	580	1407217	train2017/000000402057.jpg
2749.30078125	0.0	image/540	540	1407642	train2017/000000021826.jpg
2750.10546875	0.0	image/563	563	1408054	train2017/000000398540.jpg
2750.921875	0.0	image/577	577	1408472	train2017/000000139561.jpg
2751.69921875	0.0	image/552	552	1408870	train2017/000000396550.jpg
2753.298828125	0.0	image/586	586	1409689	train2017/000000154556.jpg
2754.123046875	0.0	image/500	500	1410111	train2017/000000381961.jpg
2754.90625	0.0	image/518	518	1410512	train2017/000000124711.jpg
2755.73828125	0.0	image/536	536	1410938	train2017/000000196584.jpg
2756.56640625	0.0	image/568	568	1411362	train2017/000000399984.jpg
2757.388671875	0.0	image/527	527	1411783	train2017/000000390120.jpg
2758.173828125	0.0	image/564	564	1412185	train2017/000000399162.jpg
2758.95703125	0.0	image/510	510	1412586	train2017/000000544738.jpg
2759.736328125	0.0	image/552	552	1412985	train2017/000000396550.jpg
2760.541015625	0.0	image/595	595	1413397	train2017/000000142803.jpg
2761.353515625	0.0	image/542	542	1413813	train2017/000000284089.jpg
2762.125	0.0	image/514	514	1414208	train2017/000000282707.jpg
2762.90234375	0.0	image/533	533	1414606	train2017/000000392556.jpg
2763.669921875	0.0	image/535	535	1414999	train2017/000000392851.jpg
2764.474609375	0.0	image/559	559	1415411	train2017/000000135965.jpg
2765.26953125	0.0	image/572	572	1415818	train2017/000000138785.jpg
2766.05859375	0.0	image/489	489	1416222	train2017/000000115967.jpg
2766.88671875	0.0	image/599	599	1416646	train2017/000000388853.jpg
2767.669921875	0.0	image/587	587	1417047	train2017/000000403535.jpg
2768.443359375	0.0	image/521	521	1417443	train2017/000000387318.jpg
2769.259765625	0.0	image/497	497	1417861	train2017/000000282032.jpg
2770.072265625	0.0	image/534	534	1418277	train2017/000000130681.jpg
2771.6875	0.0	image/541	541	1419104	train2017/000000131524.jpg
2772.47265625	0.0	image/500	500	1419506	train2017/000000381961.jpg
2773.294921875	0.0	image/569	569	1419927	train2017/000000138153.jpg
2774.107421875	0.0	image/560	560	1420343	train2017/000000136111.jpg
2774.912109375	0.0	image/565	565	1420755	train2017/000000197656.jpg
2775.740234375	0.0	image/490	490	1421179	train2017/000000116588.jpg
2777.330078125	0.0	image/586	586	1421993	train2017/000000154556.jpg
2778.11328125	0.0	image/597	597	1422394	train2017/000000143245.jpg
2778.947265625	0.0	image/529	529	1422821	train2017/000000129060.jpg
2780.564453125	0.0	image/553	553	1423649	train2017/000000134562.jpg
2781.375	0.0	image/505	505	1424064	train2017/000000120987.jpg
2782.98046875	0.0	image/598	598	1424886	train2017/000000405437.jpg
2783.814453125	0.0	image/519	519	1425313	train2017/000000124747.jpg
2784.630859375	0.0	image/504	504	1425731	train2017/000000382951.jpg
2785.416015625	0.0	image/557	557	1426133	train2017/000000022627.jpg
2786.2421875	0.0	image/506	506	1426556	train2017/000000383641.jpg
2787.048828125	0.0	image/530	530	1426969	train2017/000000391678.jpg
2787.849609375	0.0	image/590	590	1427379	train2017/000000404007.jpg
2788.666015625	0.0	image/536	536	1427797	train2017/000000196584.jpg
2790.267578125	0.0	image/525	525	1428617	train2017/000000388980.jpg
2791.05078125	0.0	image/492	492	1429018	train2017/000000150636.jpg
2791.849609375	0.0	image/525	525	1429427	train2017/000000388980.jpg
2792.626953125	0.0	image/555	555	1429825	train2017/000000397192.jpg
2793.451171875	0.0	image/482	482	1430247	train2017/000000376643.jpg
2794.244140625	0.0	image/495	495	1430653	train2017/000000380729.jpg
2795.79296875	0.0	image/568	568	1431446	train2017/000000399984.jpg
2796.6015625	0.0	image/589	589	1431860	train2017/000000403789.jpg
2797.4140625	0.0	image/579	579	1432276	train2017/000000139815.jpg
2798.21875	0.0	image/543	543	1432688	train2017/000000131763.jpg
2799.03515625	0.0	image/546	546	1433106	train2017/000000133281.jpg
2800.669921875	0.0	image/521	521	1433943	train2017/000000387318.jpg
2801.5	0.0	image/542	542	1434368	train2017/000000284089.jpg
2802.287109375	0.0	image/489	489	1434771	train2017/000000115967.jpg
2803.09765625	0.0	image/556	556	1435186	train2017/000000135316.jpg
2803.88671875	0.0	image/561	561	1435590	train2017/000000136142.jpg
2804.671875	0.0	image/549	549	1435992	train2017/000000197068.jpg
2805.482421875	0.0	image/557	557	1436407	train2017/000000022627.jpg
2806.267578125	0.0	image/571	571	1436809	train2017/000000229233.jpg
2807.087890625	0.0	image/539	539	1437229	train2017/000000131011.jpg
2807.91796875	0.0	image/554	554	1437654	train2017/000000135032.jpg
2809.515625	0.0	image/564	564	1438472	train2017/000000399162.jpg
2810.283203125	0.0	image/598	598	1438865	train2017/000000405437.jpg
2811.08984375	0.0	image/561	561	1439278	train2017/000000136142.jpg
2811.890625	0.0	image/593	593	1439688	train2017/000000196777.jpg
2812.685546875	0.0	image/494	494	1440095	train2017/000000380227.jpg
2813.490234375	0.0	image/576	576	1440507	train2017/000000401699.jpg
2814.2734375	0.0	image/547	547	1440908	train2017/000000395758.jpg
2815.0859375	0.0	image/560	560	1441324	train2017/000000136111.jpg
2815.908203125	0.0	image/522	522	1441745	train2017/000000125586.jpg
2816.71875	0.0	image/556	556	1442160	train2017/000000135316.jpg
2817.541015625	0.0	image/510	510	1442581	train2017/000000544738.jpg
2818.3359375	0.0	image/488	488	1442988	train2017/000000115649.jpg
2819.119140625	0.0	image/548	548	1443389	train2017/000000395775.jpg
2819.94140625	0.0	image/512	512	1443810	train2017/000000122811.jpg
2821.54296875	0.0	image/596	596	1444630	train2017/000000405215.jpg
2822.359375	0.0	image/585	585	1445048	train2017/000000140724.jpg
2823.169921875	0.0	image/592	592	1445463	train2017/000000504289.jpg
2823.9765625	0.0	image/532	532	1445876	train2017/000000130181.jpg
2824.7890625	0.0	image/496	496	1446292	train2017/000000380989.jpg
2825.5703125	0.0	image/549	549	1446692	train2017/000000197068.jpg
2826.376953125	0.0	image/494	494	1447105	train2017/000000380227.jpg
2827.171875	0.0	image/537	537	1447512	train2017/000000371353.jpg
2827.97265625	0.0	image/539	539	1447922	train2017/000000131011.jpg
2828.77734375	0.0	image/596	596	1448334	train2017/000000405215.jpg
2829.58984375	0.0	image/545	545	1448750	train2017/000000131967.jpg
2830.376953125	0.0	image/534	534	1449153	train2017/000000130681.jpg
2838.173828125	0.0	image/605	605	1453145	train2017/000000406595.jpg
2838.986328125	0.0	image/646	646	1453561	train2017/000000417141.jpg
2840.58984375	0.0	image/704	704	1454382	train2017/000000420713.jpg
2841.375	0.0	image/611	611	1454784	train2017/000000408922.jpg
2842.158203125	0.0	image/648	648	1455185	train2017/000000417700.jpg
2842.943359375	0.0	image/615	615	1455587	train2017/000000148263.jpg
2843.75390625	0.0	image/662	662	1456002	train2017/000000160181.jpg
2844.576171875	0.0	image/646	646	1456423	train2017/000000417141.jpg
2845.38671875	0.0	image/697	697	1456838	train2017/000000433019.jpg
2846.1875	0.0	image/709	709	1457248	train2017/000000174303.jpg
2846.9609375	0.0	image/619	619	1457644	train2017/000000149810.jpg
2847.7890625	0.0	image/609	609	1458068	train2017/000000504888.jpg
2848.587890625	0.0	image/674	674	1458477	train2017/000000425135.jpg
2849.361328125	0.0	image/701	701	1458873	train2017/000000079701.jpg
2850.14453125	0.0	image/693	693	1459274	train2017/000000431764.jpg
2850.923828125	0.0	image/615	615	1459673	train2017/000000148263.jpg
2851.76171875	0.0	image/676	676	1460102	train2017/000000163263.jpg
2852.5625	0.0	image/675	675	1460512	train2017/000000163250.jpg
2853.33984375	0.0	image/640	640	1460910	train2017/000000162230.jpg
2854.146484375	0.0	image/622	622	1461323	train2017/000000150559.jpg
2854.95703125	0.0	image/670	670	1461738	train2017/000000423488.jpg
2855.724609375	0.0	image/661	661	1462131	train2017/000000160142.jpg
2856.546875	0.0	image/634	634	1462552	train2017/000000152273.jpg
2857.32421875	0.0	image/643	643	1462950	train2017/000000416279.jpg
2858.130859375	0.0	image/601	601	1463363	train2017/000000143594.jpg
2858.947265625	0.0	image/641	641	1463781	train2017/000000415608.jpg
2859.7578125	0.0	image/670	670	1464196	train2017/000000423488.jpg
2860.564453125	0.0	image/624	624	1464609	train2017/000000412857.jpg
2861.3984375	0.0	image/612	612	1465036	train2017/000000408965.jpg
2862.21484375	0.0	image/666	666	1465454	train2017/000000161062.jpg
2863.04296875	0.0	image/614	614	1465878	train2017/000000147694.jpg
2863.849609375	0.0	image/625	625	1466291	train2017/000000369367.jpg
2864.66015625	0.0	image/699	699	1466706	train2017/000000170917.jpg
2865.427734375	0.0	image/616	616	1467099	train2017/000000149221.jpg
2866.1953125	0.0	image/696	696	1467492	train2017/000000028367.jpg
2866.9609375	0.0	image/618	618	1467884	train2017/000000149791.jpg
2867.728515625	0.0	image/672	672	1468277	train2017/000000424110.jpg
2868.533203125	0.0	image/702	702	1468689	train2017/000000171328.jpg
2869.361328125	0.0	image/706	706	1469113	train2017/000000435902.jpg
2870.134765625	0.0	image/651	651	1469509	train2017/000000156084.jpg
2870.91796875	0.0	image/684	684	1469910	train2017/000000166489.jpg
2871.728515625	0.0	image/712	712	1470325	train2017/000000174522.jpg
2872.53515625	0.0	image/716	716	1470738	train2017/000000437967.jpg
2873.3359375	0.0	image/637	637	1471148	train2017/000000506039.jpg
2874.12890625	0.0	image/628	628	1471554	train2017/000000151163.jpg
2874.8984375	0.0	image/656	656	1471948	train2017/000000157342.jpg
2875.71875	0.0	image/712	712	1472368	train2017/000000174522.jpg
2876.548828125	0.0	image/608	608	1472793	train2017/000000024287.jpg
2877.3203125	0.0	image/645	645	1473188	train2017/000000416972.jpg
2878.103515625	0.0	image/700	700	1473589	train2017/000000170968.jpg
2878.884765625	0.0	image/628	628	1473989	train2017/000000151163.jpg
2879.669921875	0.0	image/685	685	1474391	train2017/000000166504.jpg
2880.486328125	0.0	image/698	698	1474809	train2017/000000433021.jpg
2881.3203125	0.0	image/655	655	1475236	train2017/000000157181.jpg
2882.12109375	0.0	image/640	640	1475646	train2017/000000162230.jpg
2882.904296875	0.0	image/658	658	1476047	train2017/000000563961.jpg
2884.505859375	0.0	image/617	617	1476867	train2017/000000411475.jpg
2885.31640625	0.0	image/601	601	1477282	train2017/000000143594.jpg
2886.1171875	0.0	image/649	649	1477692	train2017/000000418115.jpg
2886.90625	0.0	image/705	705	1478096	train2017/000000028930.jpg
2887.705078125	0.0	image/706	706	1478505	train2017/000000435902.jpg
2888.484375	0.0	image/649	649	1478904	train2017/000000418115.jpg
2889.306640625	0.0	image/718	718	1479325	train2017/000000176085.jpg
2890.08984375	0.0	image/678	678	1479726	train2017/000000164502.jpg
2890.90234375	0.0	image/683	683	1480142	train2017/000000428605.jpg
2891.673828125	0.0	image/672	672	1480537	train2017/000000424110.jpg
2892.45703125	0.0	image/671	671	1480938	train2017/000000161836.jpg
2893.251953125	0.0	image/616	616	1481345	train2017/000000149221.jpg
2894.056640625	0.0	image/686	686	1481757	train2017/000000428691.jpg
2894.875	0.0	image/701	701	1482176	train2017/000000079701.jpg
2895.69140625	0.0	image/633	633	1482594	train2017/000000414176.jpg
2896.4921875	0.0	image/690	690	1483004	train2017/000000043829.jpg
2897.302734375	0.0	image/668	668	1483419	train2017/000000423222.jpg
2898.0703125	0.0	image/713	713	1483812	train2017/000000291280.jpg
2898.876953125	0.0	image/641	641	1484225	train2017/000000415608.jpg
2899.708984375	0.0	image/644	644	1484651	train2017/000000154207.jpg
2900.494140625	0.0	image/639	639	1485053	train2017/000000415026.jpg
2901.322265625	0.0	image/637	637	1485477	train2017/000000506039.jpg
2902.111328125	0.0	image/717	717	1485881	train2017/000000438154.jpg
2902.943359375	0.0	image/603	603	1486307	train2017/000000144193.jpg
2903.73828125	0.0	image/697	697	1486714	train2017/000000433019.jpg
2905.328125	0.0	image/660	660	1487528	train2017/000000422268.jpg
2906.12890625	0.0	image/694	694	1487938	train2017/000000431825.jpg
2906.9453125	0.0	image/687	687	1488356	train2017/000000428726.jpg
2907.73828125	0.0	image/608	608	1488762	train2017/000000024287.jpg
2908.55859375	0.0	image/694	694	1489182	train2017/000000431825.jpg
2909.359375	0.0	image/625	625	1489592	train2017/000000369367.jpg
2910.123046875	0.0	image/622	622	1489983	train2017/000000150559.jpg
2910.90625	0.0	image/677	677	1490384	train2017/000000425712.jpg
2911.73046875	0.0	image/707	707	1490806	train2017/000000173987.jpg
2912.564453125	0.0	image/627	627	1491233	train2017/000000150931.jpg
2913.396484375	0.0	image/695	695	1491659	train2017/000000284987.jpg
2914.197265625	0.0	image/718	718	1492069	train2017/000000176085.jpg
2915.013671875	0.0	image/631	631	1492487	train2017/000000151414.jpg
2915.826171875	0.0	image/705	705	1492903	train2017/000000028930.jpg
2916.626953125	0.0	image/698	698	1493313	train2017/000000433021.jpg
2917.431640625	0.0	image/669	669	1493725	train2017/000000161328.jpg
2918.2109375	0.0	image/635	635	1494124	train2017/000000152328.jpg
2918.994140625	0.0	image/614	614	1494525	train2017/000000147694.jpg
2919.779296875	0.0	image/663	663	1494927	train2017/000000463620.jpg
2920.59375	0.0	image/666	666	1495344	train2017/000000161062.jpg
2921.3828125	0.0	image/648	648	1495748	train2017/000000417700.jpg
2922.166015625	0.0	image/643	643	1496149	train2017/000000416279.jpg
2922.982421875	0.0	image/653	653	1496567	train2017/000000157119.jpg
2924.583984375	0.0	image/692	692	1497387	train2017/000000169262.jpg
2925.412109375	0.0	image/613	613	1497811	train2017/000000147331.jpg
2926.1796875	0.0	image/602	602	1498204	train2017/000000406292.jpg
2926.984375	0.0	image/607	607	1498616	train2017/000000461187.jpg
2927.78515625	0.0	image/621	621	1499026	train2017/000000150196.jpg
2928.619140625	0.0	image/651	651	1499453	train2017/000000156084.jpg
2929.40234375	0.0	image/630	630	1499854	train2017/000000462134.jpg
2930.21875	0.0	image/612	612	1500272	train2017/000000408965.jpg
2931.01953125	0.0	image/719	719	1500682	train2017/000000438751.jpg
2931.802734375	0.0	image/635	635	1501083	train2017/000000152328.jpg
2932.59765625	0.0	image/717	717	1501490	train2017/000000438154.jpg
2933.40234375	0.0	image/682	682	1501902	train2017/000000014269.jpg
2934.21484375	0.0	image/710	710	1502318	train2017/000000436578.jpg
2935.8046875	0.0	image/623	623	1503132	train2017/000000412855.jpg
2936.615234375	0.0	image/684	684	1503547	train2017/000000166489.jpg
2937.41796875	0.0	image/638	638	1503958	train2017/000000414853.jpg
2938.220703125	0.0	image/679	679	1504369	train2017/000000164564.jpg
2939.81640625	0.0	image/642	642	1505186	train2017/000000154011.jpg
2940.62109375	0.0	image/624	624	1505598	train2017/000000412857.jpg
2941.40625	0.0	image/647	647	1506000	train2017/000000417264.jpg
2942.216796875	0.0	image/714	714	1506415	train2017/000000437516.jpg
2942.990234375	0.0	image/664	664	1506811	train2017/000000551063.jpg
2943.7734375	0.0	image/650	650	1507212	train2017/000000419212.jpg
2944.56640625	0.0	image/654	654	1507618	train2017/000000157125.jpg
2945.373046875	0.0	image/606	606	1508031	train2017/000000407778.jpg
2946.15625	0.0	image/659	659	1508432	train2017/000000159680.jpg
2946.935546875	0.0	image/653	653	1508831	train2017/000000157119.jpg
2948.5234375	0.0	image/626	626	1509644	train2017/000000412922.jpg
2949.318359375	0.0	image/688	688	1510051	train2017/000000166764.jpg
2950.107421875	0.0	image/719	719	1510455	train2017/000000438751.jpg
2950.92578125	0.0	image/693	693	1510874	train2017/000000431764.jpg
2951.75390625	0.0	image/680	680	1511298	train2017/000000485595.jpg
2952.51953125	0.0	image/690	690	1511690	train2017/000000043829.jpg
2954.091796875	0.0	image/644	644	1512495	train2017/000000154207.jpg
2954.876953125	0.0	image/686	686	1512897	train2017/000000428691.jpg
2956.50390625	0.0	image/618	618	1513730	train2017/000000149791.jpg
2957.326171875	0.0	image/691	691	1514151	train2017/000000168690.jpg
2958.111328125	0.0	image/696	696	1514553	train2017/000000028367.jpg
2958.90625	0.0	image/665	665	1514960	train2017/000000160735.jpg
2959.708984375	0.0	image/681	681	1515371	train2017/000000427729.jpg
2960.544921875	0.0	image/669	669	1515799	train2017/000000161328.jpg
2961.37890625	0.0	image/703	703	1516226	train2017/000000171374.jpg
2962.2109375	0.0	image/700	700	1516652	train2017/000000170968.jpg
2963.029296875	0.0	image/610	610	1517071	train2017/000000146256.jpg
2963.8125	0.0	image/676	676	1517472	train2017/000000163263.jpg
2964.599609375	0.0	image/632	632	1517875	train2017/000000068996.jpg
2965.4296875	0.0	image/645	645	1518300	train2017/000000416972.jpg
2966.212890625	0.0	image/606	606	1518701	train2017/000000407778.jpg
2967.0078125	0.0	image/632	632	1519108	train2017/000000068996.jpg
2967.830078125	0.0	image/603	603	1519529	train2017/000000144193.jpg
2968.646484375	0.0	image/605	605	1519947	train2017/000000406595.jpg
2969.46484375	0.0	image/626	626	1520366	train2017/000000412922.jpg
2970.275390625	0.0	image/620	620	1520781	train2017/000000153394.jpg
2971.84765625	0.0	image/674	674	1521586	train2017/000000425135.jpg
2972.66015625	0.0	image/633	633	1522002	train2017/000000414176.jpg
2973.4453125	0.0	image/663	663	1522404	train2017/000000463620.jpg
2974.2265625	0.0	image/720	720	1522804	train2017/000000176728.jpg
2975.03125	0.0	image/715	715	1523216	train2017/000000175715.jpg
2975.859375	0.0	image/671	671	1523640	train2017/000000161836.jpg
2976.6484375	0.0	image/667	667	1524044	train2017/000000423209.jpg
2977.4765625	0.0	image/679	679	1524468	train2017/000000164564.jpg
2979.06640625	0.0	image/620	620	1525282	train2017/000000153394.jpg
2979.84375	0.0	image/629	629	1525680	train2017/000000151307.jpg
2980.66796875	0.0	image/692	692	1526102	train2017/000000169262.jpg
2981.451171875	0.0	image/604	604	1526503	train2017/000000406445.jpg
2982.244140625	0.0	image/613	613	1526909	train2017/000000147331.jpg
2983.818359375	0.0	image/602	602	1527715	train2017/000000406292.jpg
2984.646484375	0.0	image/703	703	1528139	train2017/000000171374.jpg
2985.451171875	0.0	image/673	673	1528551	train2017/000000424138.jpg
2986.236328125	0.0	image/711	711	1528953	train2017/000000174504.jpg
2987.068359375	0.0	image/604	604	1529379	train2017/000000406445.jpg
2987.869140625	0.0	image/702	702	1529789	train2017/000000171328.jpg
2988.6640625	0.0	image/716	716	1530196	train2017/000000437967.jpg
2989.447265625	0.0	image/647	647	1530597	train2017/000000417264.jpg
2990.25390625	0.0	image/621	621	1531010	train2017/000000150196.jpg
2991.08203125	0.0	image/677	677	1531434	train2017/000000425712.jpg
2991.904296875	0.0	image/664	664	1531855	train2017/000000551063.jpg
2992.732421875	0.0	image/660	660	1532279	train2017/000000422268.jpg
2993.5546875	0.0	image/657	657	1532700	train2017/000000419586.jpg
2994.365234375	0.0	image/668	668	1533115	train2017/000000423222.jpg
2995.1328125	0.0	image/627	627	1533508	train2017/000000150931.jpg
2995.921875	0.0	image/715	715	1533912	train2017/000000175715.jpg
2996.72265625	0.0	image/656	656	1534322	train2017/000000157342.jpg
2997.5234375	0.0	image/680	680	1534732	train2017/000000485595.jpg
2998.35546875	0.0	image/623	623	1535158	train2017/000000412855.jpg
2999.166015625	0.0	image/630	630	1535573	train2017/000000462134.jpg
3000.802734375	0.0	image/609	609	1536411	train2017/000000504888.jpg
3001.568359375	0.0	image/636	636	1536803	train2017/000000549729.jpg
3002.373046875	0.0	image/657	657	1537215	train2017/000000419586.jpg
3003.158203125	0.0	image/631	631	1537617	train2017/000000151414.jpg
3004.71875	0.0	image/611	611	1538416	train2017/000000408922.jpg
3005.525390625	0.0	image/659	659	1538829	train2017/000000159680.jpg
3006.32421875	0.0	image/675	675	1539238	train2017/000000163250.jpg
3007.158203125	0.0	image/704	704	1539665	train2017/000000420713.jpg
3007.984375	0.0	image/711	711	1540088	train2017/000000174504.jpg
3008.80859375	0.0	image/687	687	1540510	train2017/000000428726.jpg
3009.591796875	0.0	image/642	642	1540911	train2017/000000154011.jpg
3010.37109375	0.0	image/639	639	1541310	train2017/000000415026.jpg
3011.154296875	0.0	image/710	710	1541711	train2017/000000436578.jpg
3011.9765625	0.0	image/662	662	1542132	train2017/000000160181.jpg
3012.810546875	0.0	image/685	685	1542559	train2017/000000166504.jpg
3013.62109375	0.0	image/619	619	1542974	train2017/000000149810.jpg
3014.40625	0.0	image/617	617	1543376	train2017/000000411475.jpg
3015.228515625	0.0	image/714	714	1543797	train2017/000000437516.jpg
3016.02734375	0.0	image/713	713	1544206	train2017/000000291280.jpg
3017.62890625	0.0	image/683	683	1545026	train2017/000000428605.jpg
3018.412109375	0.0	image/610	610	1545427	train2017/000000146256.jpg
3020.01171875	0.0	image/688	688	1546246	train2017/000000166764.jpg
3020.830078125	0.0	image/665	665	1546665	train2017/000000160735.jpg
3022.396484375	0.0	image/691	691	1547467	train2017/000000168690.jpg
3023.197265625	0.0	image/708	708	1547877	train2017/000000174213.jpg
3023.9921875	0.0	image/650	650	1548284	train2017/000000419212.jpg
3024.796875	0.0	image/636	636	1548696	train2017/000000549729.jpg
3025.580078125	0.0	image/681	681	1549097	train2017/000000427729.jpg
3026.408203125	0.0	image/652	652	1549521	train2017/000000113449.jpg
3027.21484375	0.0	image/709	709	1549934	train2017/000000174303.jpg
3028.798828125	0.0	image/654	654	1550745	train2017/000000157125.jpg
3029.6328125	0.0	image/682	682	1551172	train2017/000000014269.jpg
3030.44921875	0.0	image/634	634	1551590	train2017/000000152273.jpg
3031.265625	0.0	image/689	689	1552008	train2017/000000508456.jpg
3032.8828125	0.0	image/707	707	1552836	train2017/000000173987.jpg
3033.68359375	0.0	image/720	720	1553246	train2017/000000176728.jpg
3034.517578125	0.0	image/607	607	1553673	train2017/000000461187.jpg
3035.34375	0.0	image/673	673	1554096	train2017/000000424138.jpg
3036.146484375	0.0	image/661	661	1554507	train2017/000000160142.jpg
3036.93359375	0.0	image/678	678	1554910	train2017/000000164502.jpg
3038.53515625	0.0	image/629	629	1555730	train2017/000000151307.jpg
3039.3515625	0.0	image/638	638	1556148	train2017/000000414853.jpg
3040.12890625	0.0	image/652	652	1556546	train2017/000000113449.jpg
3040.951171875	0.0	image/699	699	1556967	train2017/000000170917.jpg
3042.6015625	0.0	image/708	708	1557812	train2017/000000174213.jpg
3043.419921875	0.0	image/667	667	1558231	train2017/000000423209.jpg
3045.005859375	0.0	image/689	689	1559043	train2017/000000508456.jpg
3045.802734375	0.0	image/695	695	1559451	train2017/000000284987.jpg
3046.615234375	0.0	image/655	655	1559867	train2017/000000157181.jpg
3048.21484375	0.0	image/658	658	1560686	train2017/000000563961.jpg
3055.79296875	0.0	image/782	782	1564566	train2017/000000454830.jpg
3056.587890625	0.0	image/732	732	1564973	train2017/000000179480.jpg
3057.39453125	0.0	image/744	744	1565386	train2017/000000182799.jpg
3058.171875	0.0	image/797	797	1565784	train2017/000000458178.jpg
3058.939453125	0.0	image/826	826	1566177	train2017/000000205875.jpg
3059.705078125	0.0	image/768	768	1566569	train2017/000000189888.jpg
3060.5234375	0.0	image/831	831	1566988	train2017/000000469445.jpg
3062.08984375	0.0	image/840	840	1567790	train2017/000000471871.jpg
3062.912109375	0.0	image/766	766	1568211	train2017/000000451680.jpg
3063.712890625	0.0	image/754	754	1568621	train2017/000000185888.jpg
3064.49609375	0.0	image/839	839	1569022	train2017/000000209229.jpg
3065.275390625	0.0	image/734	734	1569421	train2017/000000442489.jpg
3066.046875	0.0	image/814	814	1569816	train2017/000000201969.jpg
3066.830078125	0.0	image/824	824	1570217	train2017/000000204806.jpg
3067.642578125	0.0	image/774	774	1570633	train2017/000000191005.jpg
3069.23046875	0.0	image/828	828	1571446	train2017/000000468394.jpg
3070.0078125	0.0	image/747	747	1571844	train2017/000000183719.jpg
3070.814453125	0.0	image/837	837	1572257	train2017/000000208805.jpg
3071.615234375	0.0	image/780	780	1572667	train2017/000000192576.jpg
3072.42578125	0.0	image/781	781	1573082	train2017/000000192631.jpg
3073.248046875	0.0	image/759	759	1573503	train2017/000000449914.jpg
3074.025390625	0.0	image/755	755	1573901	train2017/000000055764.jpg
3074.826171875	0.0	image/737	737	1574311	train2017/000000443377.jpg
3075.595703125	0.0	image/806	806	1574705	train2017/000000198319.jpg
3076.416015625	0.0	image/813	813	1575125	train2017/000000557920.jpg
3077.234375	0.0	image/785	785	1575544	train2017/000000119550.jpg
3078.033203125	0.0	image/796	796	1575953	train2017/000000338501.jpg
3078.84375	0.0	image/762	762	1576368	train2017/000000188660.jpg
3079.64453125	0.0	image/792	792	1576778	train2017/000000194108.jpg
3080.451171875	0.0	image/775	775	1577191	train2017/000000453221.jpg
3081.251953125	0.0	image/732	732	1577601	train2017/000000179480.jpg
3082.044921875	0.0	image/767	767	1578007	train2017/000000189794.jpg
3082.861328125	0.0	image/764	764	1578425	train2017/000000450903.jpg
3083.630859375	0.0	image/765	765	1578819	train2017/000000450914.jpg
3084.396484375	0.0	image/817	817	1579211	train2017/000000202805.jpg
3085.19921875	0.0	image/792	792	1579622	train2017/000000194108.jpg
3085.994140625	0.0	image/819	819	1580029	train2017/000000298139.jpg
3086.814453125	0.0	image/809	809	1580449	train2017/000000462505.jpg
3087.619140625	0.0	image/728	728	1580861	train2017/000000395740.jpg
3088.435546875	0.0	image/821	821	1581279	train2017/000000077686.jpg
3089.26953125	0.0	image/783	783	1581706	train2017/000000454915.jpg
3090.853515625	0.0	image/840	840	1582517	train2017/000000471871.jpg
3091.681640625	0.0	image/779	779	1582941	train2017/000000191740.jpg
3092.50390625	0.0	image/746	746	1583362	train2017/000000445726.jpg
3093.33203125	0.0	image/793	793	1583786	train2017/000000338439.jpg
3094.955078125	0.0	image/729	729	1584617	train2017/000000179019.jpg
3095.75	0.0	image/730	730	1585024	train2017/000000441172.jpg
3096.517578125	0.0	image/774	774	1585417	train2017/000000191005.jpg
3097.33984375	0.0	image/742	742	1585838	train2017/000000181837.jpg
3098.150390625	0.0	image/791	791	1586253	train2017/000000194054.jpg
3098.95703125	0.0	image/838	838	1586666	train2017/000000208849.jpg
3099.767578125	0.0	image/820	820	1587081	train2017/000000203937.jpg
3100.552734375	0.0	image/749	749	1587483	train2017/000000447130.jpg
3102.140625	0.0	image/771	771	1588296	train2017/000000190271.jpg
3102.953125	0.0	image/783	783	1588712	train2017/000000454915.jpg
3103.7578125	0.0	image/815	815	1589124	train2017/000000202050.jpg
3104.541015625	0.0	image/795	795	1589525	train2017/000000195768.jpg
3105.32421875	0.0	image/822	822	1589926	train2017/000000466265.jpg
3106.125	0.0	image/733	733	1590336	train2017/000000179914.jpg
3106.94140625	0.0	image/727	727	1590754	train2017/000000440792.jpg
3107.720703125	0.0	image/730	730	1591153	train2017/000000441172.jpg
3108.50390625	0.0	image/814	814	1591554	train2017/000000201969.jpg
3109.3203125	0.0	image/836	836	1591972	train2017/000000470907.jpg
3110.904296875	0.0	image/724	724	1592783	train2017/000000178031.jpg
3112.509765625	0.0	image/778	778	1593605	train2017/000000191686.jpg
3113.310546875	0.0	image/748	748	1594015	train2017/000000184822.jpg
3114.12109375	0.0	image/770	770	1594430	train2017/000000452341.jpg
3114.943359375	0.0	image/769	769	1594851	train2017/000000189893.jpg
3115.728515625	0.0	image/831	831	1595253	train2017/000000469445.jpg
3116.51953125	0.0	image/779	779	1595658	train2017/000000191740.jpg
3117.32421875	0.0	image/830	830	1596070	train2017/000000468825.jpg
3118.12890625	0.0	image/838	838	1596482	train2017/000000208849.jpg
3118.94140625	0.0	image/819	819	1596898	train2017/000000298139.jpg
3120.580078125	0.0	image/723	723	1597737	train2017/000000439241.jpg
3121.375	0.0	image/767	767	1598144	train2017/000000189794.jpg
3122.197265625	0.0	image/824	824	1598565	train2017/000000204806.jpg
3122.974609375	0.0	image/807	807	1598963	train2017/000000397815.jpg
3123.763671875	0.0	image/775	775	1599367	train2017/000000453221.jpg
3124.564453125	0.0	image/835	835	1599777	train2017/000000129143.jpg
3125.380859375	0.0	image/740	740	1600195	train2017/000000161354.jpg
3126.181640625	0.0	image/821	821	1600605	train2017/000000077686.jpg
3126.9921875	0.0	image/815	815	1601020	train2017/000000202050.jpg
3127.814453125	0.0	image/734	734	1601441	train2017/000000442489.jpg
3128.599609375	0.0	image/798	798	1601843	train2017/000000196365.jpg
3129.376953125	0.0	image/820	820	1602241	train2017/000000203937.jpg
3130.16015625	0.0	image/761	761	1602642	train2017/000000188225.jpg
3130.966796875	0.0	image/817	817	1603055	train2017/000000202805.jpg
3131.74609375	0.0	image/781	781	1603454	train2017/000000192631.jpg
3132.560546875	0.0	image/739	739	1603871	train2017/000000443575.jpg
3133.33203125	0.0	image/723	723	1604266	train2017/000000439241.jpg
3134.1171875	0.0	image/833	833	1604668	train2017/000000207549.jpg
3134.927734375	0.0	image/772	772	1605083	train2017/000000190487.jpg
3135.6953125	0.0	image/822	822	1605476	train2017/000000466265.jpg
3136.5	0.0	image/759	759	1605888	train2017/000000449914.jpg
3137.30078125	0.0	image/827	827	1606298	train2017/000000296474.jpg
3138.1015625	0.0	image/804	804	1606708	train2017/000000460236.jpg
3138.9296875	0.0	image/798	798	1607132	train2017/000000196365.jpg
3139.74609375	0.0	image/770	770	1607550	train2017/000000452341.jpg
3140.515625	0.0	image/802	802	1607944	train2017/000000197118.jpg
3141.330078125	0.0	image/784	784	1608361	train2017/000000455020.jpg
3142.935546875	0.0	image/725	725	1609183	train2017/000000440334.jpg
3143.748046875	0.0	image/766	766	1609599	train2017/000000451680.jpg
3144.537109375	0.0	image/749	749	1610003	train2017/000000447130.jpg
3145.353515625	0.0	image/833	833	1610421	train2017/000000207549.jpg
3146.18359375	0.0	image/738	738	1610846	train2017/000000204969.jpg
3147.771484375	0.0	image/741	741	1611659	train2017/000000443940.jpg
3148.583984375	0.0	image/818	818	1612075	train2017/000000465412.jpg
3149.404296875	0.0	image/789	789	1612495	train2017/000000455657.jpg
3150.19921875	0.0	image/807	807	1612902	train2017/000000397815.jpg
3150.984375	0.0	image/726	726	1613304	train2017/000000178423.jpg
3151.80078125	0.0	image/755	755	1613722	train2017/000000055764.jpg
3152.6171875	0.0	image/805	805	1614140	train2017/000000460408.jpg
3153.384765625	0.0	image/727	727	1614533	train2017/000000440792.jpg
3154.189453125	0.0	image/743	743	1614945	train2017/000000189388.jpg
3154.96875	0.0	image/777	777	1615344	train2017/000000453682.jpg
3155.791015625	0.0	image/776	776	1615765	train2017/000000468771.jpg
3156.58984375	0.0	image/756	756	1616174	train2017/000000448401.jpg
3157.3671875	0.0	image/816	816	1616572	train2017/000000464616.jpg
3158.173828125	0.0	image/823	823	1616985	train2017/000000204422.jpg
3159.734375	0.0	image/827	827	1617784	train2017/000000296474.jpg
3160.53515625	0.0	image/801	801	1618194	train2017/000000459190.jpg
3161.341796875	0.0	image/722	722	1618607	train2017/000000073172.jpg
3162.125	0.0	image/744	744	1619008	train2017/000000182799.jpg
3162.935546875	0.0	image/731	731	1619423	train2017/000000179034.jpg
3163.759765625	0.0	image/782	782	1619845	train2017/000000454830.jpg
3164.54296875	0.0	image/757	757	1620246	train2017/000000442666.jpg
3165.376953125	0.0	image/763	763	1620673	train2017/000000450864.jpg
3166.16015625	0.0	image/829	829	1621074	train2017/000000206467.jpg
3166.9921875	0.0	image/735	735	1621500	train2017/000000180410.jpg
3167.77734375	0.0	image/811	811	1621902	train2017/000000201722.jpg
3168.578125	0.0	image/786	786	1622312	train2017/000000193023.jpg
3170.228515625	0.0	image/805	805	1623157	train2017/000000460408.jpg
3171.060546875	0.0	image/778	778	1623583	train2017/000000191686.jpg
3171.845703125	0.0	image/825	825	1623985	train2017/000000467646.jpg
3172.640625	0.0	image/776	776	1624392	train2017/000000468771.jpg
3173.462890625	0.0	image/737	737	1624813	train2017/000000443377.jpg
3174.240234375	0.0	image/816	816	1625211	train2017/000000464616.jpg
3175.0234375	0.0	image/787	787	1625612	train2017/000000193318.jpg
3175.8125	0.0	image/830	830	1626016	train2017/000000468825.jpg
3177.408203125	0.0	image/745	745	1626833	train2017/000000445351.jpg
3178.193359375	0.0	image/761	761	1627235	train2017/000000188225.jpg
3178.998046875	0.0	image/764	764	1627647	train2017/000000450903.jpg
3179.791015625	0.0	image/771	771	1628053	train2017/000000190271.jpg
3180.59375	0.0	image/810	810	1628464	train2017/000000200391.jpg
3181.380859375	0.0	image/748	748	1628867	train2017/000000184822.jpg
3182.208984375	0.0	image/834	834	1629291	train2017/000000469816.jpg
3182.994140625	0.0	image/788	788	1629693	train2017/000000193373.jpg
3183.765625	0.0	image/797	797	1630088	train2017/000000458178.jpg
3184.548828125	0.0	image/791	791	1630489	train2017/000000194054.jpg
3185.34375	0.0	image/803	803	1630896	train2017/000000197401.jpg
3186.14453125	0.0	image/839	839	1631306	train2017/000000209229.jpg
3186.9609375	0.0	image/747	747	1631724	train2017/000000183719.jpg
3188.51171875	0.0	image/736	736	1632518	train2017/000000180609.jpg
3189.28125	0.0	image/806	806	1632912	train2017/000000198319.jpg
3190.099609375	0.0	image/800	800	1633331	train2017/000000458616.jpg
3190.9140625	0.0	image/758	758	1633748	train2017/000000186828.jpg
3191.701171875	0.0	image/796	796	1634151	train2017/000000338501.jpg
3192.51171875	0.0	image/828	828	1634566	train2017/000000468394.jpg
3193.333984375	0.0	image/728	728	1634987	train2017/000000395740.jpg
3194.119140625	0.0	image/784	784	1635389	train2017/000000455020.jpg
3194.90234375	0.0	image/741	741	1635790	train2017/000000443940.jpg
3195.736328125	0.0	image/788	788	1636217	train2017/000000193373.jpg
3196.529296875	0.0	image/836	836	1636623	train2017/000000470907.jpg
3198.13671875	0.0	image/834	834	1637446	train2017/000000469816.jpg
3198.947265625	0.0	image/773	773	1637861	train2017/000000303133.jpg
3199.76953125	0.0	image/729	729	1638282	train2017/000000179019.jpg
3200.580078125	0.0	image/818	818	1638697	train2017/000000465412.jpg
3201.365234375	0.0	image/794	794	1639099	train2017/000000195650.jpg
3202.1875	0.0	image/802	802	1639520	train2017/000000197118.jpg
3203.015625	0.0	image/736	736	1639944	train2017/000000180609.jpg
3203.787109375	0.0	image/793	793	1640339	train2017/000000338439.jpg
3204.60546875	0.0	image/795	795	1640758	train2017/000000195768.jpg
3205.3828125	0.0	image/835	835	1641156	train2017/000000129143.jpg
3206.205078125	0.0	image/751	751	1641577	train2017/000000185225.jpg
3207.033203125	0.0	image/780	780	1642001	train2017/000000192576.jpg
3207.80078125	0.0	image/812	812	1642394	train2017/000000201758.jpg
3208.572265625	0.0	image/733	733	1642789	train2017/000000179914.jpg
3209.373046875	0.0	image/799	799	1643199	train2017/000000196368.jpg
3210.203125	0.0	image/768	768	1643624	train2017/000000189888.jpg
3211.806640625	0.0	image/787	787	1644445	train2017/000000193318.jpg
3212.583984375	0.0	image/809	809	1644843	train2017/000000462505.jpg
3213.357421875	0.0	image/750	750	1645239	train2017/000000447182.jpg
3214.19140625	0.0	image/832	832	1645666	train2017/000000203615.jpg
3215.0078125	0.0	image/800	800	1646084	train2017/000000458616.jpg
3215.818359375	0.0	image/773	773	1646499	train2017/000000303133.jpg
3216.62109375	0.0	image/758	758	1646910	train2017/000000186828.jpg
3218.2265625	0.0	image/826	826	1647732	train2017/000000205875.jpg
3219.05859375	0.0	image/789	789	1648158	train2017/000000455657.jpg
3219.841796875	0.0	image/721	721	1648559	train2017/000000176873.jpg
3220.62109375	0.0	image/813	813	1648958	train2017/000000557920.jpg
3222.193359375	0.0	image/722	722	1649763	train2017/000000073172.jpg
3222.9765625	0.0	image/829	829	1650164	train2017/000000206467.jpg
3224.560546875	0.0	image/740	740	1650975	train2017/000000161354.jpg
3225.34375	0.0	image/769	769	1651376	train2017/000000189893.jpg
3226.15625	0.0	image/757	757	1651792	train2017/000000442666.jpg
3226.955078125	0.0	image/785	785	1652201	train2017/000000119550.jpg
3227.74609375	0.0	image/772	772	1652606	train2017/000000190487.jpg
3228.572265625	0.0	image/794	794	1653029	train2017/000000195650.jpg
3229.37890625	0.0	image/731	731	1653442	train2017/000000179034.jpg
3230.20703125	0.0	image/808	808	1653866	train2017/000000461428.jpg
3231.83984375	0.0	image/752	752	1654702	train2017/000000036151.jpg
3232.662109375	0.0	image/721	721	1655123	train2017/000000176873.jpg
3233.4921875	0.0	image/742	742	1655548	train2017/000000181837.jpg
3234.3125	0.0	image/726	726	1655968	train2017/000000178423.jpg
3235.146484375	0.0	image/746	746	1656395	train2017/000000445726.jpg
3235.96484375	0.0	image/753	753	1656814	train2017/000000006178.jpg
3236.744140625	0.0	image/738	738	1657213	train2017/000000204969.jpg
3237.560546875	0.0	image/765	765	1657631	train2017/000000450914.jpg
3238.380859375	0.0	image/725	725	1658051	train2017/000000440334.jpg
3239.193359375	0.0	image/756	756	1658467	train2017/000000448401.jpg
3239.98046875	0.0	image/825	825	1658870	train2017/000000467646.jpg
3241.548828125	0.0	image/763	763	1659673	train2017/000000450864.jpg
3242.365234375	0.0	image/762	762	1660091	train2017/000000188660.jpg
3243.19921875	0.0	image/823	823	1660518	train2017/000000204422.jpg
3244.033203125	0.0	image/803	803	1660945	train2017/000000197401.jpg
3244.81640625	0.0	image/760	760	1661346	train2017/000000276853.jpg
3245.62890625	0.0	image/724	724	1661762	train2017/000000178031.jpg
3246.451171875	0.0	image/752	752	1662183	train2017/000000036151.jpg
3247.24609375	0.0	image/837	837	1662590	train2017/000000208805.jpg
3248.029296875	0.0	image/760	760	1662991	train2017/000000276853.jpg
3248.8125	0.0	image/790	790	1663392	train2017/000000455799.jpg
3249.62890625	0.0	image/812	812	1663810	train2017/000000201758.jpg
3250.4296875	0.0	image/811	811	1664220	train2017/000000201722.jpg
3251.236328125	0.0	image/750	750	1664633	train2017/000000447182.jpg
3252.068359375	0.0	image/801	801	1665059	train2017/000000459190.jpg
3252.88671875	0.0	image/735	735	1665478	train2017/000000180410.jpg
3253.703125	0.0	image/786	786	1665896	train2017/000000193023.jpg
3254.537109375	0.0	image/810	810	1666323	train2017/000000200391.jpg
3255.3203125	0.0	image/751	751	1666724	train2017/000000185225.jpg
3256.953125	0.0	image/804	804	1667560	train2017/000000460236.jpg
3257.763671875	0.0	image/832	832	1667975	train2017/000000203615.jpg
3258.5546875	0.0	image/799	799	1668380	train2017/000000196368.jpg
3260.154296875	0.0	image/808	808	1669199	train2017/000000461428.jpg
3260.970703125	0.0	image/753	753	1669617	train2017/000000006178.jpg
3261.765625	0.0	image/743	743	1670024	train2017/000000189388.jpg
3262.55078125	0.0	image/745	745	1670426	train2017/000000445351.jpg
3263.373046875	0.0	image/790	790	1670847	train2017/000000455799.jpg
3264.16796875	0.0	image/754	754	1671254	train2017/000000185888.jpg
3264.951171875	0.0	image/739	739	1671655	train2017/000000443575.jpg
3265.767578125	0.0	image/777	777	1672073	train2017/000000453682.jpg
3274.28125	0.0	image/847	847	1676432	train2017/000000207833.jpg
3275.091796875	0.0	image/951	951	1676847	train2017/000000214821.jpg
3275.9140625	0.0	image/952	952	1677268	train2017/000000502860.jpg
3276.73046875	0.0	image/886	886	1677686	train2017/000000386856.jpg
3277.513671875	0.0	image/913	913	1678087	train2017/000000356810.jpg
3278.298828125	0.0	image/937	937	1678489	train2017/000000498615.jpg
3279.076171875	0.0	image/880	880	1678887	train2017/000000484300.jpg
3279.861328125	0.0	image/923	923	1679289	train2017/000000231851.jpg
3281.46484375	0.0	image/869	869	1680110	train2017/000000294744.jpg
3282.291015625	0.0	image/842	842	1680533	train2017/000000209919.jpg
3283.06640625	0.0	image/841	841	1680930	train2017/000000034961.jpg
3283.84375	0.0	image/917	917	1681328	train2017/000000354185.jpg
3284.626953125	0.0	image/908	908	1681729	train2017/000000228316.jpg
3285.39453125	0.0	image/889	889	1682122	train2017/000000224396.jpg
3286.216796875	0.0	image/950	950	1682543	train2017/000000502470.jpg
3287.05078125	0.0	image/862	862	1682970	train2017/000000215023.jpg
3287.8671875	0.0	image/946	946	1683388	train2017/000000501867.jpg
3288.66796875	0.0	image/948	948	1683798	train2017/000000502058.jpg
3289.501953125	0.0	image/849	849	1684225	train2017/000000212229.jpg
3290.33203125	0.0	image/848	848	1684650	train2017/000000474353.jpg
3291.15234375	0.0	image/883	883	1685070	train2017/000000223447.jpg
3291.9296875	0.0	image/858	858	1685468	train2017/000000214059.jpg
3292.703125	0.0	image/914	914	1685864	train2017/000000492037.jpg
3293.51953125	0.0	image/922	922	1686282	train2017/000000235479.jpg
3294.34765625	0.0	image/878	878	1686706	train2017/000000167908.jpg
3295.15234375	0.0	image/957	957	1687118	train2017/000000242631.jpg
3295.96484375	0.0	image/906	906	1687534	train2017/000000227928.jpg
3296.748046875	0.0	image/943	943	1687935	train2017/000000238201.jpg
3297.5703125	0.0	image/958	958	1688356	train2017/000000433657.jpg
3298.34765625	0.0	image/856	856	1688754	train2017/000000213288.jpg
3299.9375	0.0	image/936	936	1689568	train2017/000000497797.jpg
3300.765625	0.0	image/955	955	1689992	train2017/000000112805.jpg
3302.35546875	0.0	image/845	845	1690806	train2017/000000211198.jpg
3303.138671875	0.0	image/924	924	1691207	train2017/000000232277.jpg
3303.97265625	0.0	image/841	841	1691634	train2017/000000034961.jpg
3304.751953125	0.0	image/883	883	1692033	train2017/000000223447.jpg
3305.568359375	0.0	image/935	935	1692451	train2017/000000082945.jpg
3306.333984375	0.0	image/865	865	1692843	train2017/000000035972.jpg
3307.15625	0.0	image/936	936	1693264	train2017/000000497797.jpg
3307.939453125	0.0	image/932	932	1693665	train2017/000000233580.jpg
3308.7734375	0.0	image/953	953	1694092	train2017/000000241026.jpg
3309.607421875	0.0	image/899	899	1694519	train2017/000000168803.jpg
3310.44140625	0.0	image/945	945	1694946	train2017/000000501739.jpg
3311.251953125	0.0	image/852	852	1695361	train2017/000000212440.jpg
3312.841796875	0.0	image/877	877	1696175	train2017/000000342639.jpg
3313.63671875	0.0	image/895	895	1696582	train2017/000000487825.jpg
3314.435546875	0.0	image/881	881	1696991	train2017/000000222921.jpg
3315.2421875	0.0	image/882	882	1697404	train2017/000000485113.jpg
3316.0546875	0.0	image/864	864	1697820	train2017/000000385417.jpg
3316.859375	0.0	image/948	948	1698232	train2017/000000502058.jpg
3317.654296875	0.0	image/858	858	1698639	train2017/000000214059.jpg
3318.419921875	0.0	image/942	942	1699031	train2017/000000238001.jpg
3319.189453125	0.0	image/906	906	1699425	train2017/000000227928.jpg
3319.955078125	0.0	image/856	856	1699817	train2017/000000213288.jpg
3320.724609375	0.0	image/938	938	1700211	train2017/000000237093.jpg
3321.5390625	0.0	image/918	918	1700628	train2017/000000230422.jpg
3322.34375	0.0	image/857	857	1701040	train2017/000000213988.jpg
3323.162109375	0.0	image/861	861	1701459	train2017/000000560054.jpg
3323.939453125	0.0	image/888	888	1701857	train2017/000000486503.jpg
3324.72265625	0.0	image/892	892	1702258	train2017/000000225113.jpg
3325.51171875	0.0	image/862	862	1702662	train2017/000000215023.jpg
3327.07421875	0.0	image/947	947	1703462	train2017/000000501926.jpg
3327.845703125	0.0	image/860	860	1703857	train2017/000000476481.jpg
3329.4140625	0.0	image/888	888	1704660	train2017/000000486503.jpg
3330.98046875	0.0	image/855	855	1705462	train2017/000000122923.jpg
3331.796875	0.0	image/877	877	1705880	train2017/000000342639.jpg
3332.630859375	0.0	image/897	897	1706307	train2017/000000430850.jpg
3333.447265625	0.0	image/873	873	1706725	train2017/000000429902.jpg
3334.275390625	0.0	image/909	909	1707149	train2017/000000228380.jpg
3335.048828125	0.0	image/907	907	1707545	train2017/000000228133.jpg
3335.8828125	0.0	image/890	890	1707972	train2017/000000224759.jpg
3336.66015625	0.0	image/860	860	1708370	train2017/000000476481.jpg
3337.46484375	0.0	image/852	852	1708782	train2017/000000212440.jpg
3339.044921875	0.0	image/880	880	1709591	train2017/000000484300.jpg
3339.86328125	0.0	image/870	870	1710010	train2017/000000480601.jpg
3340.677734375	0.0	image/855	855	1710427	train2017/000000122923.jpg
3341.4453125	0.0	image/894	894	1710820	train2017/000000225533.jpg
3342.25	0.0	image/902	902	1711232	train2017/000000227307.jpg
3343.068359375	0.0	image/937	937	1711651	train2017/000000498615.jpg
3343.880859375	0.0	image/940	940	1712067	train2017/000000499730.jpg
3344.68359375	0.0	image/916	916	1712478	train2017/000000038370.jpg
3345.46875	0.0	image/843	843	1712880	train2017/000000210065.jpg
3346.30078125	0.0	image/867	867	1713306	train2017/000000479035.jpg
3347.119140625	0.0	image/921	921	1713725	train2017/000000231102.jpg
3347.896484375	0.0	image/896	896	1714123	train2017/000000225750.jpg
3348.712890625	0.0	image/910	910	1714541	train2017/000000228565.jpg
3349.501953125	0.0	image/897	897	1714945	train2017/000000430850.jpg
3351.13671875	0.0	image/853	853	1715782	train2017/000000474827.jpg
3352.787109375	0.0	image/944	944	1716627	train2017/000000239337.jpg
3353.5703125	0.0	image/894	894	1717028	train2017/000000225533.jpg
3354.349609375	0.0	image/847	847	1717427	train2017/000000207833.jpg
3355.12109375	0.0	image/876	876	1717822	train2017/000000482912.jpg
3355.921875	0.0	image/933	933	1718232	train2017/000000233873.jpg
3356.75	0.0	image/842	842	1718656	train2017/000000209919.jpg
3357.572265625	0.0	image/846	846	1719077	train2017/000000474024.jpg
3358.37109375	0.0	image/859	859	1719486	train2017/000000476380.jpg
3359.15625	0.0	image/925	925	1719888	train2017/000000494552.jpg
3359.939453125	0.0	image/850	850	1720289	train2017/000000212380.jpg
3360.755859375	0.0	image/938	938	1720707	train2017/000000237093.jpg
3361.58984375	0.0	image/866	866	1721134	train2017/000000216029.jpg
3363.20703125	0.0	image/911	911	1721962	train2017/000000229456.jpg
3364.806640625	0.0	image/925	925	1722781	train2017/000000494552.jpg
3365.640625	0.0	image/849	849	1723208	train2017/000000212229.jpg
3366.41796875	0.0	image/928	928	1723606	train2017/000000233104.jpg
3367.201171875	0.0	image/854	854	1724007	train2017/000000475236.jpg
3368.025390625	0.0	image/879	879	1724429	train2017/000000221441.jpg
3368.8203125	0.0	image/919	919	1724836	train2017/000000492627.jpg
3369.62109375	0.0	image/874	874	1725246	train2017/000000561006.jpg
3370.42578125	0.0	image/940	940	1725658	train2017/000000499730.jpg
3371.25390625	0.0	image/915	915	1726082	train2017/000000229947.jpg
3372.05859375	0.0	image/935	935	1726494	train2017/000000082945.jpg
3372.87109375	0.0	image/891	891	1726910	train2017/000000224869.jpg
3373.67578125	0.0	image/874	874	1727322	train2017/000000561006.jpg
3374.48828125	0.0	image/901	901	1727738	train2017/000000007567.jpg
3375.2890625	0.0	image/900	900	1728148	train2017/000000488658.jpg
3376.111328125	0.0	image/931	931	1728569	train2017/000000495568.jpg
3376.90625	0.0	image/893	893	1728976	train2017/000000225383.jpg
3377.671875	0.0	image/946	946	1729368	train2017/000000501867.jpg
3379.2734375	0.0	image/951	951	1730188	train2017/000000214821.jpg
3380.845703125	0.0	image/904	904	1730993	train2017/000000227733.jpg
3381.62890625	0.0	image/865	865	1731394	train2017/000000035972.jpg
3382.44140625	0.0	image/887	887	1731810	train2017/000000561677.jpg
3383.20703125	0.0	image/854	854	1732202	train2017/000000475236.jpg
3383.990234375	0.0	image/941	941	1732603	train2017/000000237697.jpg
3384.791015625	0.0	image/918	918	1733013	train2017/000000230422.jpg
3385.556640625	0.0	image/910	910	1733405	train2017/000000228565.jpg
3386.32421875	0.0	image/844	844	1733798	train2017/000000341033.jpg
3387.12890625	0.0	image/898	898	1734210	train2017/000000488406.jpg
3387.931640625	0.0	image/872	872	1734621	train2017/000000429887.jpg
3388.759765625	0.0	image/882	882	1735045	train2017/000000485113.jpg
3389.58203125	0.0	image/859	859	1735466	train2017/000000476380.jpg
3390.380859375	0.0	image/885	885	1735875	train2017/000000223718.jpg
3391.21484375	0.0	image/960	960	1736302	train2017/000000505592.jpg
3392.02734375	0.0	image/934	934	1736718	train2017/000000497464.jpg
3393.6484375	0.0	image/861	861	1737548	train2017/000000560054.jpg
3394.482421875	0.0	image/885	885	1737975	train2017/000000223718.jpg
3395.27734375	0.0	image/870	870	1738382	train2017/000000480601.jpg
3396.900390625	0.0	image/954	954	1739213	train2017/000000040187.jpg
3397.677734375	0.0	image/845	845	1739611	train2017/000000211198.jpg
3398.478515625	0.0	image/926	926	1740021	train2017/000000232648.jpg
3399.25	0.0	image/853	853	1740416	train2017/000000474827.jpg
3400.080078125	0.0	image/875	875	1740841	train2017/000000482858.jpg
3400.880859375	0.0	image/902	902	1741251	train2017/000000227307.jpg
3402.484375	0.0	image/884	884	1742072	train2017/000000485605.jpg
3404.119140625	0.0	image/947	947	1742909	train2017/000000501926.jpg
3404.91796875	0.0	image/916	916	1743318	train2017/000000038370.jpg
3405.751953125	0.0	image/886	886	1743745	train2017/000000386856.jpg
3406.568359375	0.0	image/932	932	1744163	train2017/000000233580.jpg
3407.3984375	0.0	image/890	890	1744588	train2017/000000224759.jpg
3408.19921875	0.0	image/857	857	1744998	train2017/000000213988.jpg
3408.986328125	0.0	image/956	956	1745401	train2017/000000242133.jpg
3409.798828125	0.0	image/871	871	1745817	train2017/000000480990.jpg
3410.638671875	0.0	image/934	934	1746247	train2017/000000497464.jpg
3411.44921875	0.0	image/944	944	1746662	train2017/000000239337.jpg
3412.232421875	0.0	image/923	923	1747063	train2017/000000231851.jpg
3413.021484375	0.0	image/929	929	1747467	train2017/000000495387.jpg
3413.8046875	0.0	image/905	905	1747868	train2017/000000227843.jpg
3414.638671875	0.0	image/881	881	1748295	train2017/000000222921.jpg
3415.439453125	0.0	image/924	924	1748705	train2017/000000232277.jpg
3416.25	0.0	image/930	930	1749120	train2017/000000344729.jpg
3417.0390625	0.0	image/904	904	1749524	train2017/000000227733.jpg
3417.822265625	0.0	image/851	851	1749925	train2017/000000474545.jpg
3418.607421875	0.0	image/905	905	1750327	train2017/000000227843.jpg
3420.2578125	0.0	image/952	952	1751172	train2017/000000502860.jpg
3421.03515625	0.0	image/954	954	1751570	train2017/000000040187.jpg
3421.857421875	0.0	image/868	868	1751991	train2017/000000444880.jpg
3422.66796875	0.0	image/867	867	1752406	train2017/000000479035.jpg
3423.4375	0.0	image/843	843	1752800	train2017/000000210065.jpg
3424.2578125	0.0	image/950	950	1753220	train2017/000000502470.jpg
3425.0859375	0.0	image/958	958	1753644	train2017/000000433657.jpg
3425.892578125	0.0	image/920	920	1754057	train2017/000000300622.jpg
3426.703125	0.0	image/866	866	1754472	train2017/000000216029.jpg
3427.48828125	0.0	image/884	884	1754874	train2017/000000485605.jpg
3428.310546875	0.0	image/914	914	1755295	train2017/000000492037.jpg
3429.109375	0.0	image/931	931	1755704	train2017/000000495568.jpg
3429.927734375	0.0	image/920	920	1756123	train2017/000000300622.jpg
3430.7265625	0.0	image/863	863	1756532	train2017/000000215291.jpg
3431.509765625	0.0	image/869	869	1756933	train2017/000000294744.jpg
3432.34375	0.0	image/919	919	1757360	train2017/000000492627.jpg
3433.16015625	0.0	image/873	873	1757778	train2017/000000429902.jpg
3433.978515625	0.0	image/899	899	1758197	train2017/000000168803.jpg
3434.8125	0.0	image/864	864	1758624	train2017/000000385417.jpg
3435.591796875	0.0	image/928	928	1759023	train2017/000000233104.jpg
3436.361328125	0.0	image/930	930	1759417	train2017/000000344729.jpg
3437.189453125	0.0	image/875	875	1759841	train2017/000000482858.jpg
3437.9765625	0.0	image/942	942	1760244	train2017/000000238001.jpg
3438.806640625	0.0	image/927	927	1760669	train2017/000000495040.jpg
3439.607421875	0.0	image/893	893	1761079	train2017/000000225383.jpg
3440.4296875	0.0	image/955	955	1761500	train2017/000000112805.jpg
3441.224609375	0.0	image/907	907	1761907	train2017/000000228133.jpg
3442.013671875	0.0	image/953	953	1762311	train2017/000000241026.jpg
3442.796875	0.0	image/939	939	1762712	train2017/000000499627.jpg
3443.630859375	0.0	image/872	872	1763139	train2017/000000429887.jpg
3444.431640625	0.0	image/956	956	1763549	train2017/000000242133.jpg
3445.265625	0.0	image/863	863	1763976	train2017/000000215291.jpg
3446.04296875	0.0	image/903	903	1764374	train2017/000000227451.jpg
3446.84765625	0.0	image/949	949	1764786	train2017/000000240278.jpg
3447.6328125	0.0	image/900	900	1765188	train2017/000000488658.jpg
3448.427734375	0.0	image/912	912	1765595	train2017/000000491611.jpg
3449.25	0.0	image/901	901	1766016	train2017/000000007567.jpg
3450.078125	0.0	image/959	959	1766440	train2017/000000505486.jpg
3450.8828125	0.0	image/895	895	1766852	train2017/000000487825.jpg
3451.677734375	0.0	image/945	945	1767259	train2017/000000501739.jpg
3452.4453125	0.0	image/868	868	1767652	train2017/000000444880.jpg
3453.267578125	0.0	image/911	911	1768073	train2017/000000229456.jpg
3454.05078125	0.0	image/927	927	1768474	train2017/000000495040.jpg
3454.845703125	0.0	image/892	892	1768881	train2017/000000225113.jpg
3455.611328125	0.0	image/879	879	1769273	train2017/000000221441.jpg
3456.376953125	0.0	image/871	871	1769665	train2017/000000480990.jpg
3457.9453125	0.0	image/921	921	1770468	train2017/000000231102.jpg
3458.76953125	0.0	image/949	949	1770890	train2017/000000240278.jpg
3459.6015625	0.0	image/898	898	1771316	train2017/000000488406.jpg
3460.3984375	0.0	image/876	876	1771724	train2017/000000482912.jpg
3461.203125	0.0	image/922	922	1772136	train2017/000000235479.jpg
3462.03125	0.0	image/851	851	1772560	train2017/000000474545.jpg
3462.8203125	0.0	image/959	959	1772964	train2017/000000505486.jpg
3463.63671875	0.0	image/903	903	1773382	train2017/000000227451.jpg
3464.470703125	0.0	image/850	850	1773809	train2017/000000212380.jpg
3465.25390625	0.0	image/909	909	1774210	train2017/000000228380.jpg
3466.048828125	0.0	image/878	878	1774617	train2017/000000167908.jpg
3466.818359375	0.0	image/960	960	1775011	train2017/000000505592.jpg
3467.638671875	0.0	image/912	912	1775431	train2017/000000491611.jpg
3468.466796875	0.0	image/917	917	1775855	train2017/000000354185.jpg
3469.236328125	0.0	image/848	848	1776249	train2017/000000474353.jpg
3470.021484375	0.0	image/915	915	1776651	train2017/000000229947.jpg
3470.806640625	0.0	image/896	896	1777053	train2017/000000225750.jpg
3471.599609375	0.0	image/941	941	1777459	train2017/000000237697.jpg
3473.189453125	0.0	image/887	887	1778273	train2017/000000561677.jpg
3474.0	0.0	image/844	844	1778688	train2017/000000341033.jpg
3474.806640625	0.0	image/889	889	1779101	train2017/000000224396.jpg
3475.623046875	0.0	image/846	846	1779519	train2017/000000474024.jpg
3476.44140625	0.0	image/943	943	1779938	train2017/000000238201.jpg
3477.224609375	0.0	image/929	929	1780339	train2017/000000495387.jpg
3478.01953125	0.0	image/933	933	1780746	train2017/000000233873.jpg
3479.669921875	0.0	image/908	908	1781591	train2017/000000228316.jpg
3480.46875	0.0	image/926	926	1782000	train2017/000000232648.jpg
3482.0703125	0.0	image/957	957	1782820	train2017/000000242631.jpg
3483.708984375	0.0	image/913	913	1783659	train2017/000000356810.jpg
3484.4921875	0.0	image/939	939	1784060	train2017/000000499627.jpg
