onset	duration	trial_type	value	sample	stim_file
2.046875	0.0	image/83	83	1048	nsd/7944.png
2.875	0.0	image/58	58	1472	nsd/6199.png
3.662109375	0.0	image/71	71	1875	nsd/7039.png
4.48046875	0.0	image/67	67	2294	nsd/6640.png
5.29296875	0.0	image/88	88	2710	nsd/8204.png
6.091796875	0.0	image/86	86	3119	nsd/8006.png
6.9140625	0.0	image/73	73	3540	nsd/7207.png
7.7421875	0.0	image/102	102	3964	nsd/8843.png
8.548828125	0.0	image/84	84	4377	nsd/7948.png
10.09765625	0.0	image/29	29	5170	nsd/4325.png
11.712890625	0.0	image/100	100	5997	nsd/8646.png
12.515625	0.0	image/99	99	6408	nsd/8631.png
13.333984375	0.0	image/12	12	6827	nsd/3449.png
14.16015625	0.0	image/115	115	7250	nsd/9865.png
15.732421875	0.0	image/57	57	8055	nsd/6132.png
16.509765625	0.0	image/10	10	8453	nsd/3386.png
17.310546875	0.0	image/46	46	8863	nsd/5338.png
18.1328125	0.0	image/20	20	9284	nsd/3847.png
18.9453125	0.0	image/95	95	9700	nsd/8415.png
19.748046875	0.0	image/66	66	10111	nsd/6558.png
20.568359375	0.0	image/86	86	10531	nsd/8006.png
21.40234375	0.0	image/40	40	10958	nsd/4930.png
22.21875	0.0	image/56	56	11376	nsd/5890.png
23.033203125	0.0	image/69	69	11793	nsd/6801.png
23.86328125	0.0	image/55	55	12218	nsd/5878.png
24.64453125	0.0	image/100	100	12618	nsd/8646.png
25.435546875	0.0	image/88	88	13023	nsd/8204.png
26.236328125	0.0	image/104	104	13433	nsd/8933.png
27.044921875	0.0	image/106	106	13847	nsd/9048.png
28.62109375	0.0	image/6	6	14654	nsd/3157.png
29.431640625	0.0	image/99	99	15069	nsd/8631.png
30.23828125	0.0	image/52	52	15482	nsd/5583.png
31.015625	0.0	image/9	9	15880	nsd/3181.png
31.78125	0.0	image/74	74	16272	nsd/7336.png
32.568359375	0.0	image/25	25	16675	nsd/4058.png
33.349609375	0.0	image/101	101	17075	nsd/8807.png
34.97265625	0.0	image/91	91	17906	nsd/8274.png
36.619140625	0.0	image/24	24	18749	nsd/4051.png
37.384765625	0.0	image/118	118	19141	nsd/10006.png
38.16796875	0.0	image/15	15	19542	nsd/3682.png
38.990234375	0.0	image/72	72	19963	nsd/7120.png
39.791015625	0.0	image/37	37	20373	nsd/4835.png
40.619140625	0.0	image/27	27	20797	nsd/4156.png
41.421875	0.0	image/43	43	21208	nsd/5204.png
42.224609375	0.0	image/66	66	21619	nsd/6558.png
43.001953125	0.0	image/110	110	22017	nsd/9462.png
43.80859375	0.0	image/85	85	22430	nsd/7954.png
44.625	0.0	image/108	108	22848	nsd/9230.png
45.419921875	0.0	image/65	65	23255	nsd/6524.png
46.220703125	0.0	image/87	87	23665	nsd/8109.png
46.9921875	0.0	image/30	30	24060	nsd/4423.png
47.7890625	0.0	image/1	1	24468	nsd/2950.png
48.626953125	0.0	image/35	35	24897	nsd/4768.png
49.474609375	0.0	image/89	89	25331	nsd/8225.png
50.2890625	0.0	image/32	32	25748	nsd/4612.png
51.09375	0.0	image/81	81	26160	nsd/7840.png
51.869140625	0.0	image/44	44	26557	nsd/5285.png
52.638671875	0.0	image/35	35	26951	nsd/4768.png
53.421875	0.0	image/120	120	27352	nsd/10064.png
54.244140625	0.0	image/98	98	27773	nsd/8509.png
55.02734375	0.0	image/96	96	28174	nsd/8435.png
55.8125	0.0	image/62	62	28576	nsd/6489.png
56.599609375	0.0	image/10	10	28979	nsd/3386.png
57.390625	0.0	image/22	22	29384	nsd/3913.png
58.212890625	0.0	image/114	114	29805	nsd/9847.png
58.99609375	0.0	image/68	68	30206	nsd/6713.png
59.82421875	0.0	image/23	23	30630	nsd/3951.png
60.61328125	0.0	image/60	60	31034	nsd/6431.png
61.42578125	0.0	image/19	19	31450	nsd/3842.png
63.009765625	0.0	image/53	53	32261	nsd/5602.png
63.796875	0.0	image/40	40	32664	nsd/4930.png
64.59765625	0.0	image/45	45	33074	nsd/5301.png
65.431640625	0.0	image/34	34	33501	nsd/4690.png
66.248046875	0.0	image/56	56	33919	nsd/5890.png
67.078125	0.0	image/72	72	34344	nsd/7120.png
67.8984375	0.0	image/71	71	34764	nsd/7039.png
69.5	0.0	image/31	31	35584	nsd/4436.png
70.328125	0.0	image/77	77	36008	nsd/7418.png
71.146484375	0.0	image/28	28	36427	nsd/4249.png
71.931640625	0.0	image/112	112	36829	nsd/9722.png
72.74609375	0.0	image/33	33	37246	nsd/4667.png
73.54296875	0.0	image/16	16	37654	nsd/3687.png
74.361328125	0.0	image/98	98	38073	nsd/8509.png
75.166015625	0.0	image/13	13	38485	nsd/3489.png
75.978515625	0.0	image/17	17	38901	nsd/3729.png
76.751953125	0.0	image/3	3	39297	nsd/3049.png
77.53515625	0.0	image/103	103	39698	nsd/8925.png
78.31640625	0.0	image/117	117	40098	nsd/9978.png
79.0859375	0.0	image/29	29	40492	nsd/4325.png
79.90234375	0.0	image/105	105	40910	nsd/9027.png
80.712890625	0.0	image/23	23	41325	nsd/3951.png
81.498046875	0.0	image/69	69	41727	nsd/6801.png
82.26171875	0.0	image/19	19	42118	nsd/3842.png
83.044921875	0.0	image/63	63	42519	nsd/6514.png
83.794921875	0.0	image/48	48	42903	nsd/5459.png
84.595703125	0.0	image/58	58	43313	nsd/6199.png
85.37890625	0.0	image/116	116	43714	nsd/9917.png
86.90625	0.0	image/16	16	44496	nsd/3687.png
87.73046875	0.0	image/70	70	44918	nsd/7007.png
88.5546875	0.0	image/80	80	45340	nsd/7659.png
90.130859375	0.0	image/50	50	46147	nsd/5542.png
90.939453125	0.0	image/113	113	46561	nsd/9804.png
91.755859375	0.0	image/84	84	46979	nsd/7948.png
92.5390625	0.0	image/2	2	47380	nsd/2990.png
94.15625	0.0	image/82	82	48208	nsd/7859.png
94.97265625	0.0	image/94	94	48626	nsd/8394.png
95.7734375	0.0	image/51	51	49036	nsd/5574.png
97.357421875	0.0	image/25	25	49847	nsd/4058.png
98.19140625	0.0	image/116	116	50274	nsd/9917.png
99.025390625	0.0	image/49	49	50701	nsd/5502.png
100.658203125	0.0	image/54	54	51537	nsd/5714.png
101.4765625	0.0	image/89	89	51956	nsd/8225.png
102.259765625	0.0	image/92	92	52357	nsd/8318.png
103.05859375	0.0	image/50	50	52766	nsd/5542.png
103.837890625	0.0	image/1	1	53165	nsd/2950.png
104.642578125	0.0	image/109	109	53577	nsd/9434.png
105.4765625	0.0	image/93	93	54004	nsd/8387.png
106.30078125	0.0	image/79	79	54426	nsd/7654.png
107.927734375	0.0	image/64	64	55259	nsd/6521.png
108.728515625	0.0	image/39	39	55669	nsd/4892.png
109.5390625	0.0	image/104	104	56084	nsd/8933.png
111.140625	0.0	image/2	2	56904	nsd/2990.png
111.955078125	0.0	image/47	47	57321	nsd/5427.png
112.736328125	0.0	image/75	75	57721	nsd/7366.png
113.54296875	0.0	image/37	37	58134	nsd/4835.png
114.322265625	0.0	image/11	11	58533	nsd/3434.png
115.095703125	0.0	image/119	119	58929	nsd/10046.png
115.88671875	0.0	image/78	78	59334	nsd/7480.png
116.69140625	0.0	image/41	41	59746	nsd/5034.png
117.4921875	0.0	image/63	63	60156	nsd/6514.png
118.296875	0.0	image/20	20	60568	nsd/3847.png
119.115234375	0.0	image/76	76	60987	nsd/7409.png
119.90625	0.0	image/36	36	61392	nsd/4786.png
120.7421875	0.0	image/73	73	61820	nsd/7207.png
121.5390625	0.0	image/9	9	62228	nsd/3181.png
123.115234375	0.0	image/82	82	63035	nsd/7859.png
123.91015625	0.0	image/92	92	63442	nsd/8318.png
124.7265625	0.0	image/120	120	63860	nsd/10064.png
125.525390625	0.0	image/55	55	64269	nsd/5878.png
126.330078125	0.0	image/97	97	64681	nsd/8465.png
127.162109375	0.0	image/90	90	65107	nsd/8262.png
127.951171875	0.0	image/77	77	65511	nsd/7418.png
128.728515625	0.0	image/7	7	65909	nsd/3164.png
130.330078125	0.0	image/49	49	66729	nsd/5502.png
131.130859375	0.0	image/28	28	67139	nsd/4249.png
131.91796875	0.0	image/105	105	67542	nsd/9027.png
132.716796875	0.0	image/70	70	67951	nsd/7007.png
133.513671875	0.0	image/107	107	68359	nsd/9147.png
134.326171875	0.0	image/87	87	68775	nsd/8109.png
135.09375	0.0	image/5	5	69168	nsd/3146.png
135.880859375	0.0	image/41	41	69571	nsd/5034.png
136.65234375	0.0	image/113	113	69966	nsd/9804.png
137.447265625	0.0	image/18	18	70373	nsd/3809.png
138.263671875	0.0	image/22	22	70791	nsd/3913.png
139.048828125	0.0	image/8	8	71193	nsd/3171.png
139.837890625	0.0	image/39	39	71597	nsd/4892.png
140.666015625	0.0	image/83	83	72021	nsd/7944.png
141.46484375	0.0	image/65	65	72430	nsd/6524.png
142.23046875	0.0	image/12	12	72822	nsd/3449.png
143.021484375	0.0	image/48	48	73227	nsd/5459.png
143.837890625	0.0	image/59	59	73645	nsd/6222.png
144.630859375	0.0	image/7	7	74051	nsd/3164.png
146.240234375	0.0	image/114	114	74875	nsd/9847.png
147.072265625	0.0	image/51	51	75301	nsd/5574.png
147.88671875	0.0	image/97	97	75718	nsd/8465.png
148.671875	0.0	image/46	46	76120	nsd/5338.png
149.45703125	0.0	image/60	60	76522	nsd/6431.png
150.236328125	0.0	image/6	6	76921	nsd/3157.png
151.03515625	0.0	image/95	95	77330	nsd/8415.png
151.82421875	0.0	image/21	21	77734	nsd/3856.png
152.6015625	0.0	image/27	27	78132	nsd/4156.png
153.42578125	0.0	image/54	54	78554	nsd/5714.png
154.2421875	0.0	image/13	13	78972	nsd/3489.png
155.892578125	0.0	image/8	8	79817	nsd/3171.png
156.67578125	0.0	image/4	4	80218	nsd/3077.png
157.486328125	0.0	image/108	108	80633	nsd/9230.png
158.251953125	0.0	image/117	117	81025	nsd/9978.png
159.025390625	0.0	image/90	90	81421	nsd/8262.png
159.818359375	0.0	image/106	106	81827	nsd/9048.png
161.37109375	0.0	image/109	109	82622	nsd/9434.png
162.173828125	0.0	image/64	64	83033	nsd/6521.png
163.77734375	0.0	image/61	61	83854	nsd/6444.png
164.59375	0.0	image/11	11	84272	nsd/3434.png
165.412109375	0.0	image/17	17	84691	nsd/3729.png
166.248046875	0.0	image/42	42	85119	nsd/5106.png
167.044921875	0.0	image/61	61	85527	nsd/6444.png
167.837890625	0.0	image/36	36	85933	nsd/4786.png
168.623046875	0.0	image/42	42	86335	nsd/5106.png
169.44140625	0.0	image/44	44	86754	nsd/5285.png
170.228515625	0.0	image/75	75	87157	nsd/7366.png
171.05859375	0.0	image/33	33	87582	nsd/4667.png
171.84375	0.0	image/62	62	87984	nsd/6489.png
172.6640625	0.0	image/107	107	88404	nsd/9147.png
173.447265625	0.0	image/21	21	88805	nsd/3856.png
174.2578125	0.0	image/14	14	89220	nsd/3626.png
175.072265625	0.0	image/68	68	89637	nsd/6713.png
176.681640625	0.0	image/3	3	90461	nsd/3049.png
177.515625	0.0	image/76	76	90888	nsd/7409.png
178.326171875	0.0	image/53	53	91303	nsd/5602.png
179.123046875	0.0	image/91	91	91711	nsd/8274.png
180.69921875	0.0	image/4	4	92518	nsd/3077.png
181.515625	0.0	image/47	47	92936	nsd/5427.png
182.345703125	0.0	image/81	81	93361	nsd/7840.png
183.17578125	0.0	image/85	85	93786	nsd/7954.png
183.984375	0.0	image/24	24	94200	nsd/4051.png
184.767578125	0.0	image/119	119	94601	nsd/10046.png
185.6015625	0.0	image/93	93	95028	nsd/8387.png
186.400390625	0.0	image/52	52	95437	nsd/5583.png
187.21875	0.0	image/103	103	95856	nsd/8925.png
188.017578125	0.0	image/79	79	96265	nsd/7654.png
188.8359375	0.0	image/38	38	96684	nsd/4869.png
189.634765625	0.0	image/5	5	97093	nsd/3146.png
190.453125	0.0	image/45	45	97512	nsd/5301.png
191.26953125	0.0	image/31	31	97930	nsd/4436.png
192.046875	0.0	image/74	74	98328	nsd/7336.png
192.865234375	0.0	image/59	59	98747	nsd/6222.png
193.63671875	0.0	image/67	67	99142	nsd/6640.png
194.43359375	0.0	image/43	43	99550	nsd/5204.png
195.255859375	0.0	image/94	94	99971	nsd/8394.png
196.048828125	0.0	image/78	78	100377	nsd/7480.png
196.833984375	0.0	image/32	32	100779	nsd/4612.png
197.6171875	0.0	image/14	14	101180	nsd/3626.png
198.396484375	0.0	image/26	26	101579	nsd/4129.png
199.171875	0.0	image/111	111	101976	nsd/9680.png
199.966796875	0.0	image/101	101	102383	nsd/8807.png
200.734375	0.0	image/111	111	102776	nsd/9680.png
201.521484375	0.0	image/18	18	103179	nsd/3809.png
202.30078125	0.0	image/112	112	103578	nsd/9722.png
203.1015625	0.0	image/57	57	103988	nsd/6132.png
203.90625	0.0	image/110	110	104400	nsd/9462.png
204.69140625	0.0	image/118	118	104802	nsd/10006.png
205.46484375	0.0	image/30	30	105198	nsd/4423.png
206.248046875	0.0	image/26	26	105599	nsd/4129.png
207.052734375	0.0	image/115	115	106011	nsd/9865.png
207.849609375	0.0	image/38	38	106419	nsd/4869.png
208.658203125	0.0	image/80	80	106833	nsd/7659.png
209.470703125	0.0	image/102	102	107249	nsd/8843.png
211.091796875	0.0	image/96	96	108079	nsd/8435.png
211.900390625	0.0	image/15	15	108493	nsd/3682.png
212.66796875	0.0	image/34	34	108886	nsd/4690.png
219.62109375	0.0	image/144	144	112446	nsd/11932.png
220.431640625	0.0	image/137	137	112861	nsd/11635.png
221.255859375	0.0	image/219	219	113283	nsd/17934.png
222.03125	0.0	image/183	183	113680	nsd/15003.png
222.84765625	0.0	image/240	240	114098	nsd/20054.png
223.66015625	0.0	image/123	123	114514	nsd/10244.png
224.439453125	0.0	image/235	235	114913	nsd/19573.png
225.240234375	0.0	image/154	154	115323	nsd/12685.png
226.0078125	0.0	image/225	225	115716	nsd/18535.png
226.7734375	0.0	image/146	146	116108	nsd/11952.png
227.55078125	0.0	image/131	131	116506	nsd/11159.png
228.326171875	0.0	image/217	217	116903	nsd/17776.png
229.09765625	0.0	image/121	121	117298	nsd/10105.png
229.87890625	0.0	image/210	210	117698	nsd/17369.png
230.64453125	0.0	image/231	231	118090	nsd/19199.png
231.44140625	0.0	image/210	210	118498	nsd/17369.png
232.1953125	0.0	image/132	132	118884	nsd/11333.png
233.79296875	0.0	image/189	189	119702	nsd/15793.png
234.611328125	0.0	image/221	221	120121	nsd/18268.png
235.4296875	0.0	image/238	238	120540	nsd/19690.png
236.23046875	0.0	image/228	228	120950	nsd/18796.png
237.037109375	0.0	image/148	148	121363	nsd/12075.png
237.853515625	0.0	image/206	206	121781	nsd/16917.png
238.64453125	0.0	image/183	183	122186	nsd/15003.png
239.427734375	0.0	image/205	205	122587	nsd/16868.png
240.212890625	0.0	image/186	186	122989	nsd/15364.png
241.00390625	0.0	image/138	138	123394	nsd/11689.png
241.802734375	0.0	image/124	124	123803	nsd/10393.png
242.615234375	0.0	image/193	193	124219	nsd/16252.png
243.396484375	0.0	image/139	139	124619	nsd/11725.png
244.197265625	0.0	image/220	220	125029	nsd/17942.png
245.7421875	0.0	image/168	168	125820	nsd/14110.png
246.5625	0.0	image/216	216	126240	nsd/17595.png
247.44921875	0.0	image/141	141	126694	nsd/11827.png
248.220703125	0.0	image/126	126	127089	nsd/10507.png
249.021484375	0.0	image/125	125	127499	nsd/10471.png
249.84765625	0.0	image/227	227	127922	nsd/18690.png
250.65234375	0.0	image/232	232	128334	nsd/19200.png
251.45703125	0.0	image/212	212	128746	nsd/17450.png
252.240234375	0.0	image/201	201	129147	nsd/16723.png
253.037109375	0.0	image/158	158	129555	nsd/12937.png
253.82421875	0.0	image/160	160	129958	nsd/13230.png
254.625	0.0	image/172	172	130368	nsd/14443.png
255.408203125	0.0	image/208	208	130769	nsd/17230.png
257.04296875	0.0	image/197	197	131606	nsd/16616.png
257.841796875	0.0	image/237	237	132015	nsd/19672.png
258.67578125	0.0	image/133	133	132442	nsd/11487.png
259.458984375	0.0	image/190	190	132843	nsd/15819.png
260.236328125	0.0	image/195	195	133241	nsd/16421.png
261.060546875	0.0	image/173	173	133663	nsd/14528.png
261.861328125	0.0	image/123	123	134073	nsd/10244.png
262.658203125	0.0	image/199	199	134481	nsd/16655.png
263.443359375	0.0	image/198	198	134883	nsd/16635.png
264.2265625	0.0	image/161	161	135284	nsd/13312.png
265.056640625	0.0	image/204	204	135709	nsd/16865.png
265.822265625	0.0	image/159	159	136101	nsd/13138.png
266.595703125	0.0	image/140	140	136497	nsd/11796.png
267.375	0.0	image/196	196	136896	nsd/16466.png
268.14453125	0.0	image/194	194	137290	nsd/16344.png
268.94140625	0.0	image/160	160	137698	nsd/13230.png
270.529296875	0.0	image/158	158	138511	nsd/12937.png
271.36328125	0.0	image/200	200	138938	nsd/16702.png
272.146484375	0.0	image/237	237	139339	nsd/19672.png
272.98046875	0.0	image/227	227	139766	nsd/18690.png
273.814453125	0.0	image/189	189	140193	nsd/15793.png
274.60546875	0.0	image/152	152	140598	nsd/12495.png
275.396484375	0.0	image/164	164	141003	nsd/13653.png
276.197265625	0.0	image/232	232	141413	nsd/19200.png
276.97265625	0.0	image/131	131	141810	nsd/11159.png
277.748046875	0.0	image/176	176	142207	nsd/14610.png
278.564453125	0.0	image/202	202	142625	nsd/16823.png
280.166015625	0.0	image/162	162	143445	nsd/13314.png
280.998046875	0.0	image/180	180	143871	nsd/14820.png
282.6015625	0.0	image/203	203	144692	nsd/16841.png
283.3828125	0.0	image/188	188	145092	nsd/15506.png
284.18359375	0.0	image/211	211	145502	nsd/17374.png
284.984375	0.0	image/225	225	145912	nsd/18535.png
285.767578125	0.0	image/240	240	146313	nsd/20054.png
287.384765625	0.0	image/179	179	147141	nsd/14808.png
288.212890625	0.0	image/170	170	147565	nsd/14165.png
289.017578125	0.0	image/154	154	147977	nsd/12685.png
289.8515625	0.0	image/233	233	148404	nsd/19292.png
290.66796875	0.0	image/149	149	148822	nsd/12214.png
291.486328125	0.0	image/164	164	149241	nsd/13653.png
292.263671875	0.0	image/198	198	149639	nsd/16635.png
293.029296875	0.0	image/124	124	150031	nsd/10393.png
294.63671875	0.0	image/187	187	150854	nsd/15492.png
295.470703125	0.0	image/144	144	151281	nsd/11932.png
297.037109375	0.0	image/142	142	152083	nsd/11837.png
297.853515625	0.0	image/226	226	152501	nsd/18543.png
298.630859375	0.0	image/236	236	152899	nsd/19642.png
299.431640625	0.0	image/229	229	153309	nsd/19074.png
300.23828125	0.0	image/178	178	153722	nsd/14793.png
301.0546875	0.0	image/136	136	154140	nsd/11617.png
301.888671875	0.0	image/212	212	154567	nsd/17450.png
302.689453125	0.0	image/125	125	154977	nsd/10471.png
303.46484375	0.0	image/211	211	155374	nsd/17374.png
304.255859375	0.0	image/181	181	155779	nsd/14898.png
305.08984375	0.0	image/159	159	156206	nsd/13138.png
306.70703125	0.0	image/235	235	157034	nsd/19573.png
307.5078125	0.0	image/134	134	157444	nsd/11521.png
308.32421875	0.0	image/167	167	157862	nsd/13846.png
309.107421875	0.0	image/161	161	158263	nsd/13312.png
309.94140625	0.0	image/185	185	158690	nsd/15128.png
310.775390625	0.0	image/128	128	159117	nsd/10600.png
311.5703125	0.0	image/132	132	159524	nsd/11333.png
312.392578125	0.0	image/177	177	159945	nsd/14644.png
313.208984375	0.0	image/156	156	160363	nsd/12798.png
314.009765625	0.0	image/209	209	160773	nsd/17238.png
314.826171875	0.0	image/195	195	161191	nsd/16421.png
315.642578125	0.0	image/130	130	161609	nsd/10907.png
316.458984375	0.0	image/215	215	162027	nsd/17549.png
317.287109375	0.0	image/140	140	162451	nsd/11796.png
318.076171875	0.0	image/192	192	162855	nsd/16063.png
318.84375	0.0	image/133	133	163248	nsd/11487.png
319.64453125	0.0	image/231	231	163658	nsd/19199.png
320.474609375	0.0	image/208	208	164083	nsd/17230.png
321.244140625	0.0	image/190	190	164477	nsd/15819.png
322.0625	0.0	image/126	126	164896	nsd/10507.png
322.89453125	0.0	image/226	226	165322	nsd/18543.png
323.69140625	0.0	image/223	223	165730	nsd/18483.png
324.513671875	0.0	image/222	222	166151	nsd/18434.png
325.30859375	0.0	image/145	145	166558	nsd/11942.png
326.07421875	0.0	image/239	239	166950	nsd/19933.png
326.86328125	0.0	image/207	207	167354	nsd/17048.png
327.646484375	0.0	image/200	200	167755	nsd/16702.png
328.462890625	0.0	image/171	171	168173	nsd/14179.png
329.29296875	0.0	image/206	206	168598	nsd/16917.png
330.09765625	0.0	image/135	135	169010	nsd/11566.png
330.931640625	0.0	image/141	141	169437	nsd/11827.png
331.73046875	0.0	image/148	148	169846	nsd/12075.png
332.564453125	0.0	image/203	203	170273	nsd/16841.png
333.3515625	0.0	image/223	223	170676	nsd/18483.png
334.181640625	0.0	image/187	187	171101	nsd/15492.png
334.96484375	0.0	image/150	150	171502	nsd/12308.png
335.748046875	0.0	image/197	197	171903	nsd/16616.png
336.548828125	0.0	image/201	201	172313	nsd/16723.png
337.3671875	0.0	image/192	192	172732	nsd/16063.png
338.14453125	0.0	image/169	169	173130	nsd/14121.png
338.9296875	0.0	image/174	174	173532	nsd/14567.png
339.716796875	0.0	image/177	177	173935	nsd/14644.png
341.30078125	0.0	image/185	185	174746	nsd/15128.png
342.1171875	0.0	image/165	165	175164	nsd/13662.png
342.93359375	0.0	image/151	151	175582	nsd/12487.png
343.734375	0.0	image/146	146	175992	nsd/11952.png
344.49609375	0.0	image/151	151	176382	nsd/12487.png
345.3125	0.0	image/184	184	176800	nsd/15025.png
346.09765625	0.0	image/145	145	177202	nsd/11942.png
346.919921875	0.0	image/224	224	177623	nsd/18505.png
347.736328125	0.0	image/202	202	178041	nsd/16823.png
348.533203125	0.0	image/188	188	178449	nsd/15506.png
349.3203125	0.0	image/157	157	178852	nsd/12922.png
350.15234375	0.0	image/238	238	179278	nsd/19690.png
351.736328125	0.0	image/181	181	180089	nsd/14898.png
352.5703125	0.0	image/196	196	180516	nsd/16466.png
353.380859375	0.0	image/230	230	180931	nsd/19181.png
354.19921875	0.0	image/204	204	181350	nsd/16865.png
355.00390625	0.0	image/239	239	181762	nsd/19933.png
355.83203125	0.0	image/135	135	182186	nsd/11566.png
357.421875	0.0	image/121	121	183000	nsd/10105.png
358.216796875	0.0	image/143	143	183407	nsd/11844.png
359.005859375	0.0	image/122	122	183811	nsd/10107.png
359.822265625	0.0	image/219	219	184229	nsd/17934.png
360.623046875	0.0	image/129	129	184639	nsd/10610.png
361.423828125	0.0	image/171	171	185049	nsd/14179.png
362.240234375	0.0	image/134	134	185467	nsd/11521.png
363.07421875	0.0	image/213	213	185894	nsd/17463.png
363.884765625	0.0	image/217	217	186309	nsd/17776.png
365.525390625	0.0	image/191	191	187149	nsd/15939.png
366.357421875	0.0	image/213	213	187575	nsd/17463.png
367.17578125	0.0	image/218	218	187994	nsd/17794.png
367.974609375	0.0	image/167	167	188403	nsd/13846.png
368.79296875	0.0	image/153	153	188822	nsd/12634.png
369.591796875	0.0	image/165	165	189231	nsd/13662.png
371.193359375	0.0	image/214	214	190051	nsd/17485.png
372.009765625	0.0	image/194	194	190469	nsd/16344.png
372.826171875	0.0	image/138	138	190887	nsd/11689.png
373.63671875	0.0	image/166	166	191302	nsd/13720.png
374.41015625	0.0	image/156	156	191698	nsd/12798.png
375.2109375	0.0	image/136	136	192108	nsd/11617.png
375.994140625	0.0	image/147	147	192509	nsd/12065.png
376.810546875	0.0	image/236	236	192927	nsd/19642.png
377.62890625	0.0	image/150	150	193346	nsd/12308.png
378.40625	0.0	image/176	176	193744	nsd/14610.png
379.228515625	0.0	image/149	149	194165	nsd/12214.png
380.01171875	0.0	image/163	163	194566	nsd/13613.png
380.828125	0.0	image/182	182	194984	nsd/14931.png
381.62890625	0.0	image/142	142	195394	nsd/11837.png
382.4140625	0.0	image/229	229	195796	nsd/19074.png
383.212890625	0.0	image/175	175	196205	nsd/14594.png
384.03125	0.0	image/178	178	196624	nsd/14793.png
384.841796875	0.0	image/218	218	197039	nsd/17794.png
385.646484375	0.0	image/214	214	197451	nsd/17485.png
387.25	0.0	image/130	130	198272	nsd/10907.png
388.064453125	0.0	image/143	143	198689	nsd/11844.png
388.84375	0.0	image/152	152	199088	nsd/12495.png
390.431640625	0.0	image/233	233	199901	nsd/19292.png
391.232421875	0.0	image/215	215	200311	nsd/17549.png
392.033203125	0.0	image/155	155	200721	nsd/12796.png
392.81640625	0.0	image/169	169	201122	nsd/14121.png
393.6328125	0.0	image/139	139	201540	nsd/11725.png
394.44921875	0.0	image/230	230	201958	nsd/19181.png
395.234375	0.0	image/127	127	202360	nsd/10586.png
396.017578125	0.0	image/224	224	202761	nsd/18505.png
396.818359375	0.0	image/221	221	203171	nsd/18268.png
398.384765625	0.0	image/179	179	203973	nsd/14808.png
399.16796875	0.0	image/220	220	204374	nsd/17942.png
399.978515625	0.0	image/163	163	204789	nsd/13613.png
400.751953125	0.0	image/205	205	205185	nsd/16868.png
401.5859375	0.0	image/186	186	205612	nsd/15364.png
402.369140625	0.0	image/173	173	206013	nsd/14528.png
403.15234375	0.0	image/193	193	206414	nsd/16252.png
403.986328125	0.0	image/207	207	206841	nsd/17048.png
405.603515625	0.0	image/122	122	207669	nsd/10107.png
407.220703125	0.0	image/166	166	208497	nsd/13720.png
408.05078125	0.0	image/147	147	208922	nsd/12065.png
408.81640625	0.0	image/184	184	209314	nsd/15025.png
409.6328125	0.0	image/153	153	209732	nsd/12634.png
410.455078125	0.0	image/127	127	210153	nsd/10586.png
411.255859375	0.0	image/222	222	210563	nsd/18434.png
412.087890625	0.0	image/128	128	210989	nsd/10600.png
412.90625	0.0	image/155	155	211408	nsd/12796.png
414.5390625	0.0	image/228	228	212244	nsd/18796.png
415.35546875	0.0	image/174	174	212662	nsd/14567.png
416.15625	0.0	image/157	157	213072	nsd/12922.png
416.97265625	0.0	image/168	168	213490	nsd/14110.png
418.57421875	0.0	image/216	216	214310	nsd/17595.png
419.390625	0.0	image/137	137	214728	nsd/11635.png
420.20703125	0.0	image/234	234	215146	nsd/19436.png
421.001953125	0.0	image/129	129	215553	nsd/10610.png
422.609375	0.0	image/172	172	216376	nsd/14443.png
423.42578125	0.0	image/180	180	216794	nsd/14820.png
424.2421875	0.0	image/162	162	217212	nsd/13314.png
425.025390625	0.0	image/182	182	217613	nsd/14931.png
426.642578125	0.0	image/234	234	218441	nsd/19436.png
427.443359375	0.0	image/209	209	218851	nsd/17238.png
428.259765625	0.0	image/191	191	219269	nsd/15939.png
429.044921875	0.0	image/175	175	219671	nsd/14594.png
429.876953125	0.0	image/199	199	220097	nsd/16655.png
430.66015625	0.0	image/170	170	220498	nsd/14165.png
437.70703125	0.0	image/286	286	224106	nsd/22873.png
438.5078125	0.0	image/303	303	224516	nsd/24264.png
439.32421875	0.0	image/307	307	224934	nsd/24530.png
440.154296875	0.0	image/266	266	225359	nsd/21703.png
440.974609375	0.0	image/258	258	225779	nsd/21218.png
441.775390625	0.0	image/357	357	226189	nsd/26990.png
442.609375	0.0	image/269	269	226616	nsd/22138.png
444.208984375	0.0	image/276	276	227435	nsd/22515.png
445.04296875	0.0	image/299	299	227862	nsd/23883.png
445.826171875	0.0	image/286	286	228263	nsd/22873.png
446.60546875	0.0	image/261	261	228662	nsd/21318.png
447.373046875	0.0	image/317	317	229055	nsd/25091.png
448.193359375	0.0	image/335	335	229475	nsd/25711.png
449.02734375	0.0	image/285	285	229902	nsd/22845.png
449.810546875	0.0	image/353	353	230303	nsd/26780.png
450.59375	0.0	image/315	315	230704	nsd/24846.png
451.373046875	0.0	image/349	349	231103	nsd/26435.png
452.1953125	0.0	image/264	264	231524	nsd/21553.png
453.029296875	0.0	image/274	274	231951	nsd/22495.png
453.861328125	0.0	image/341	341	232377	nsd/26119.png
454.662109375	0.0	image/336	336	232787	nsd/25741.png
455.4765625	0.0	image/257	257	233204	nsd/21197.png
456.24609375	0.0	image/312	312	233598	nsd/24739.png
457.86328125	0.0	image/243	243	234426	nsd/20206.png
458.6796875	0.0	image/248	248	234844	nsd/20633.png
459.474609375	0.0	image/312	312	235251	nsd/24739.png
460.263671875	0.0	image/302	302	235655	nsd/24214.png
461.08203125	0.0	image/249	249	236074	nsd/20650.png
461.859375	0.0	image/359	359	236472	nsd/27275.png
462.681640625	0.0	image/344	344	236893	nsd/26243.png
463.46484375	0.0	image/329	329	237294	nsd/25578.png
464.298828125	0.0	image/256	256	237721	nsd/21194.png
465.08203125	0.0	image/268	268	238122	nsd/21989.png
465.849609375	0.0	image/349	349	238515	nsd/26435.png
466.650390625	0.0	image/345	345	238925	nsd/26292.png
467.466796875	0.0	image/305	305	239343	nsd/24480.png
469.083984375	0.0	image/308	308	240171	nsd/24560.png
469.8671875	0.0	image/287	287	240572	nsd/22879.png
470.677734375	0.0	image/264	264	240987	nsd/21553.png
471.466796875	0.0	image/342	342	241391	nsd/26127.png
472.2578125	0.0	image/277	277	241796	nsd/22523.png
473.05078125	0.0	image/326	326	242202	nsd/25371.png
473.884765625	0.0	image/288	288	242629	nsd/22886.png
474.701171875	0.0	image/267	267	243047	nsd/21950.png
475.53515625	0.0	image/247	247	243474	nsd/20442.png
476.3515625	0.0	image/272	272	243892	nsd/22263.png
477.986328125	0.0	image/343	343	244729	nsd/26163.png
478.802734375	0.0	image/320	320	245147	nsd/25250.png
479.62109375	0.0	image/283	283	245566	nsd/22794.png
480.453125	0.0	image/292	292	245992	nsd/23036.png
481.28515625	0.0	image/346	346	246418	nsd/26307.png
482.103515625	0.0	image/307	307	246837	nsd/24530.png
482.921875	0.0	image/241	241	247256	nsd/20064.png
483.75390625	0.0	image/300	300	247682	nsd/23993.png
484.572265625	0.0	image/304	304	248101	nsd/24317.png
485.35546875	0.0	image/260	260	248502	nsd/21279.png
486.171875	0.0	image/335	335	248920	nsd/25711.png
486.955078125	0.0	image/358	358	249321	nsd/27242.png
487.75390625	0.0	image/280	280	249730	nsd/22587.png
488.572265625	0.0	image/318	318	250149	nsd/25111.png
489.357421875	0.0	image/242	242	250551	nsd/20080.png
490.95703125	0.0	image/270	270	251370	nsd/22143.png
491.7578125	0.0	image/304	304	251780	nsd/24317.png
492.57421875	0.0	image/321	321	252198	nsd/25268.png
493.390625	0.0	image/353	353	252616	nsd/26780.png
494.20703125	0.0	image/270	270	253034	nsd/22143.png
494.9921875	0.0	image/289	289	253436	nsd/22957.png
495.775390625	0.0	image/295	295	253837	nsd/23715.png
496.55859375	0.0	image/251	251	254238	nsd/20738.png
497.369140625	0.0	image/348	348	254653	nsd/26372.png
498.142578125	0.0	image/352	352	255049	nsd/26720.png
498.92578125	0.0	image/284	284	255450	nsd/22809.png
499.759765625	0.0	image/262	262	255877	nsd/21508.png
500.54296875	0.0	image/331	331	256278	nsd/25588.png
501.326171875	0.0	image/310	310	256679	nsd/24640.png
502.16015625	0.0	image/298	298	257106	nsd/23876.png
503.79296875	0.0	image/266	266	257942	nsd/21703.png
504.611328125	0.0	image/306	306	258361	nsd/24517.png
506.2109375	0.0	image/243	243	259180	nsd/20206.png
506.98828125	0.0	image/350	350	259578	nsd/26458.png
507.7890625	0.0	image/290	290	259988	nsd/22967.png
508.5625	0.0	image/327	327	260384	nsd/25454.png
509.37890625	0.0	image/311	311	260802	nsd/24649.png
510.1953125	0.0	image/244	244	261220	nsd/20223.png
510.99609375	0.0	image/316	316	261630	nsd/25059.png
511.779296875	0.0	image/253	253	262031	nsd/20820.png
513.380859375	0.0	image/254	254	262851	nsd/21108.png
514.197265625	0.0	image/334	334	263269	nsd/25702.png
514.998046875	0.0	image/321	321	263679	nsd/25268.png
515.78125	0.0	image/355	355	264080	nsd/26909.png
516.58203125	0.0	image/265	265	264490	nsd/21601.png
517.4140625	0.0	image/324	324	264916	nsd/25318.png
518.21484375	0.0	image/302	302	265326	nsd/24214.png
519.048828125	0.0	image/292	292	265753	nsd/23036.png
519.83203125	0.0	image/311	311	266154	nsd/24649.png
521.43359375	0.0	image/319	319	266974	nsd/25205.png
522.25	0.0	image/268	268	267392	nsd/21989.png
523.05078125	0.0	image/354	354	267802	nsd/26895.png
523.857421875	0.0	image/256	256	268215	nsd/21194.png
524.64453125	0.0	image/323	323	268618	nsd/25287.png
525.4453125	0.0	image/297	297	269028	nsd/23871.png
526.251953125	0.0	image/325	325	269441	nsd/25319.png
527.025390625	0.0	image/328	328	269837	nsd/25570.png
527.8125	0.0	image/316	316	270240	nsd/25059.png
529.40234375	0.0	image/319	319	271054	nsd/25205.png
530.236328125	0.0	image/265	265	271481	nsd/21601.png
531.01953125	0.0	image/275	275	271882	nsd/22505.png
532.65234375	0.0	image/356	356	272718	nsd/26971.png
534.248046875	0.0	image/296	296	273535	nsd/23729.png
535.052734375	0.0	image/274	274	273947	nsd/22495.png
535.837890625	0.0	image/287	287	274349	nsd/22879.png
536.6484375	0.0	image/285	285	274764	nsd/22845.png
537.455078125	0.0	image/278	278	275177	nsd/22530.png
538.232421875	0.0	image/263	263	275575	nsd/21526.png
539.021484375	0.0	image/305	305	275979	nsd/24480.png
539.822265625	0.0	image/252	252	276389	nsd/20777.png
540.638671875	0.0	image/347	347	276807	nsd/26351.png
541.435546875	0.0	image/282	282	277215	nsd/22782.png
542.205078125	0.0	image/298	298	277609	nsd/23876.png
543.005859375	0.0	image/357	357	278019	nsd/26990.png
543.822265625	0.0	image/249	249	278437	nsd/20650.png
544.623046875	0.0	image/340	340	278847	nsd/25959.png
545.45703125	0.0	image/330	330	279274	nsd/25581.png
546.2734375	0.0	image/246	246	279692	nsd/20307.png
547.0703125	0.0	image/276	276	280100	nsd/22515.png
548.70703125	0.0	image/332	332	280938	nsd/25602.png
549.5078125	0.0	image/336	336	281348	nsd/25741.png
550.341796875	0.0	image/261	261	281775	nsd/21318.png
551.15234375	0.0	image/308	308	282190	nsd/24560.png
551.974609375	0.0	image/284	284	282611	nsd/22809.png
552.802734375	0.0	image/320	320	283035	nsd/25250.png
553.609375	0.0	image/331	331	283448	nsd/25588.png
554.443359375	0.0	image/241	241	283875	nsd/20064.png
555.244140625	0.0	image/267	267	284285	nsd/21950.png
556.060546875	0.0	image/259	259	284703	nsd/21253.png
556.87109375	0.0	image/330	330	285118	nsd/25581.png
557.66015625	0.0	image/282	282	285522	nsd/22782.png
558.439453125	0.0	image/351	351	285921	nsd/26598.png
559.244140625	0.0	image/289	289	286333	nsd/22957.png
560.044921875	0.0	image/314	314	286743	nsd/24787.png
560.87890625	0.0	image/337	337	287170	nsd/25746.png
561.7109375	0.0	image/313	313	287596	nsd/24740.png
562.494140625	0.0	image/258	258	287997	nsd/21218.png
563.2734375	0.0	image/322	322	288396	nsd/25284.png
564.828125	0.0	image/271	271	289192	nsd/22155.png
565.646484375	0.0	image/260	260	289611	nsd/21279.png
566.462890625	0.0	image/325	325	290029	nsd/25319.png
568.064453125	0.0	image/338	338	290849	nsd/25881.png
568.896484375	0.0	image/339	339	291275	nsd/25906.png
569.69140625	0.0	image/254	254	291682	nsd/21108.png
570.513671875	0.0	image/358	358	292103	nsd/27242.png
571.29296875	0.0	image/245	245	292502	nsd/20265.png
572.08203125	0.0	image/341	341	292906	nsd/26119.png
572.86328125	0.0	image/248	248	293306	nsd/20633.png
573.693359375	0.0	image/314	314	293731	nsd/24787.png
574.48046875	0.0	image/354	354	294134	nsd/26895.png
575.265625	0.0	image/283	283	294536	nsd/22794.png
576.048828125	0.0	image/343	343	294937	nsd/26163.png
576.849609375	0.0	image/257	257	295347	nsd/21197.png
577.666015625	0.0	image/344	344	295765	nsd/26243.png
578.5	0.0	image/293	293	296192	nsd/23241.png
579.333984375	0.0	image/251	251	296619	nsd/20738.png
580.162109375	0.0	image/275	275	297043	nsd/22505.png
580.951171875	0.0	image/278	278	297447	nsd/22530.png
581.78515625	0.0	image/245	245	297874	nsd/20265.png
582.568359375	0.0	image/297	297	298275	nsd/23871.png
583.384765625	0.0	image/345	345	298693	nsd/26292.png
584.96875	0.0	image/351	351	299504	nsd/26598.png
585.76953125	0.0	image/323	323	299914	nsd/25287.png
586.552734375	0.0	image/280	280	300315	nsd/22587.png
587.3359375	0.0	image/337	337	300716	nsd/25746.png
588.953125	0.0	image/250	250	301544	nsd/20702.png
589.73046875	0.0	image/253	253	301942	nsd/20820.png
590.537109375	0.0	image/322	322	302355	nsd/25284.png
591.3203125	0.0	image/313	313	302756	nsd/24740.png
592.13671875	0.0	image/294	294	303174	nsd/23492.png
592.970703125	0.0	image/273	273	303601	nsd/22387.png
593.787109375	0.0	image/262	262	304019	nsd/21508.png
594.62109375	0.0	image/279	279	304446	nsd/22585.png
595.43359375	0.0	image/355	355	304862	nsd/26909.png
596.205078125	0.0	image/317	317	305257	nsd/25091.png
597.033203125	0.0	image/352	352	305681	nsd/26720.png
597.8359375	0.0	image/339	339	306092	nsd/25906.png
598.60546875	0.0	image/291	291	306486	nsd/22993.png
599.43359375	0.0	image/281	281	306910	nsd/22772.png
601.0234375	0.0	image/360	360	307724	nsd/27287.png
601.857421875	0.0	image/327	327	308151	nsd/25454.png
603.474609375	0.0	image/359	359	308979	nsd/27275.png
604.279296875	0.0	image/271	271	309391	nsd/22155.png
605.857421875	0.0	image/334	334	310199	nsd/25702.png
606.69140625	0.0	image/318	318	310626	nsd/25111.png
607.5078125	0.0	image/259	259	311044	nsd/21253.png
608.341796875	0.0	image/350	350	311471	nsd/26458.png
609.13671875	0.0	image/360	360	311878	nsd/27287.png
609.943359375	0.0	image/329	329	312291	nsd/25578.png
610.7421875	0.0	image/310	310	312700	nsd/24640.png
612.326171875	0.0	image/333	333	313511	nsd/25693.png
613.16015625	0.0	image/346	346	313938	nsd/26307.png
613.943359375	0.0	image/273	273	314339	nsd/22387.png
614.76171875	0.0	image/272	272	314758	nsd/22263.png
615.578125	0.0	image/324	324	315176	nsd/25318.png
616.35546875	0.0	image/356	356	315574	nsd/26971.png
617.15625	0.0	image/294	294	315984	nsd/23492.png
617.962890625	0.0	image/326	326	316397	nsd/25371.png
618.74609375	0.0	image/293	293	316798	nsd/23241.png
619.5625	0.0	image/263	263	317216	nsd/21526.png
620.37890625	0.0	image/295	295	317634	nsd/23715.png
621.17578125	0.0	image/299	299	318042	nsd/23883.png
621.962890625	0.0	image/252	252	318445	nsd/20777.png
622.796875	0.0	image/340	340	318872	nsd/25959.png
623.576171875	0.0	image/279	279	319271	nsd/22585.png
624.36328125	0.0	image/342	342	319674	nsd/26127.png
625.197265625	0.0	image/303	303	320101	nsd/24264.png
625.974609375	0.0	image/291	291	320499	nsd/22993.png
626.78125	0.0	image/338	338	320912	nsd/25881.png
627.59765625	0.0	image/255	255	321330	nsd/21192.png
628.431640625	0.0	image/332	332	321757	nsd/25602.png
629.2265625	0.0	image/244	244	322164	nsd/20223.png
630.033203125	0.0	image/250	250	322577	nsd/20702.png
630.849609375	0.0	image/301	301	322995	nsd/24202.png
631.681640625	0.0	image/246	246	323421	nsd/20307.png
632.478515625	0.0	image/333	333	323829	nsd/25693.png
633.306640625	0.0	image/306	306	324253	nsd/24517.png
634.94921875	0.0	image/301	301	325094	nsd/24202.png
635.734375	0.0	image/309	309	325496	nsd/24638.png
636.541015625	0.0	image/277	277	325909	nsd/22523.png
637.333984375	0.0	image/328	328	326315	nsd/25570.png
638.984375	0.0	image/290	290	327160	nsd/22967.png
639.767578125	0.0	image/281	281	327561	nsd/22772.png
640.552734375	0.0	image/288	288	327963	nsd/22886.png
641.3515625	0.0	image/247	247	328372	nsd/20442.png
642.15234375	0.0	image/348	348	328782	nsd/26372.png
642.953125	0.0	image/300	300	329192	nsd/23993.png
644.5703125	0.0	image/255	255	330020	nsd/21192.png
645.40234375	0.0	image/315	315	330446	nsd/24846.png
646.1875	0.0	image/269	269	330848	nsd/22138.png
646.986328125	0.0	image/296	296	331257	nsd/23729.png
647.798828125	0.0	image/347	347	331673	nsd/26351.png
648.603515625	0.0	image/242	242	332085	nsd/20080.png
649.404296875	0.0	image/309	309	332495	nsd/24638.png
657.138671875	0.0	image/399	399	336455	nsd/29886.png
657.939453125	0.0	image/407	407	336865	nsd/30563.png
658.755859375	0.0	image/420	420	337283	nsd/31064.png
659.5390625	0.0	image/415	415	337684	nsd/30922.png
660.33984375	0.0	image/419	419	338094	nsd/31049.png
661.140625	0.0	image/373	373	338504	nsd/28286.png
661.91796875	0.0	image/468	468	338902	nsd/35094.png
662.685546875	0.0	image/404	404	339295	nsd/30395.png
663.490234375	0.0	image/466	466	339707	nsd/34874.png
664.291015625	0.0	image/398	398	340117	nsd/29837.png
665.892578125	0.0	image/444	444	340937	nsd/33131.png
666.708984375	0.0	image/468	468	341355	nsd/35094.png
667.525390625	0.0	image/384	384	341773	nsd/28745.png
668.30859375	0.0	image/375	375	342174	nsd/28319.png
669.142578125	0.0	image/386	386	342601	nsd/28755.png
669.92578125	0.0	image/439	439	343002	nsd/32771.png
670.7265625	0.0	image/418	418	343412	nsd/31028.png
671.509765625	0.0	image/403	403	343813	nsd/30373.png
672.326171875	0.0	image/387	387	344231	nsd/28788.png
673.87890625	0.0	image/455	455	345026	nsd/34080.png
674.677734375	0.0	image/382	382	345435	nsd/28595.png
675.494140625	0.0	image/384	384	345853	nsd/28745.png
676.3046875	0.0	image/437	437	346268	nsd/32643.png
677.072265625	0.0	image/423	423	346661	nsd/31349.png
677.845703125	0.0	image/372	372	347057	nsd/28189.png
678.646484375	0.0	image/478	478	347467	nsd/36569.png
679.478515625	0.0	image/442	442	347893	nsd/32891.png
680.306640625	0.0	image/410	410	348317	nsd/30672.png
681.091796875	0.0	image/436	436	348719	nsd/32625.png
681.9140625	0.0	image/411	411	349140	nsd/30674.png
682.708984375	0.0	image/428	428	349547	nsd/31801.png
683.53125	0.0	image/471	471	349968	nsd/35752.png
684.359375	0.0	image/375	375	350392	nsd/28319.png
685.125	0.0	image/480	480	350784	nsd/36623.png
686.697265625	0.0	image/443	443	351589	nsd/32910.png
687.474609375	0.0	image/411	411	351987	nsd/30674.png
688.275390625	0.0	image/450	450	352397	nsd/33543.png
689.064453125	0.0	image/377	377	352801	nsd/28341.png
689.849609375	0.0	image/455	455	353203	nsd/34080.png
690.681640625	0.0	image/379	379	353629	nsd/28418.png
691.466796875	0.0	image/404	404	354031	nsd/30395.png
692.298828125	0.0	image/438	438	354457	nsd/32716.png
693.099609375	0.0	image/362	362	354867	nsd/27435.png
693.900390625	0.0	image/439	439	355277	nsd/32771.png
694.677734375	0.0	image/466	466	355675	nsd/34874.png
695.484375	0.0	image/476	476	356088	nsd/36258.png
696.294921875	0.0	image/446	446	356503	nsd/33189.png
697.083984375	0.0	image/459	459	356907	nsd/34238.png
697.8671875	0.0	image/361	361	357308	nsd/27326.png
698.66796875	0.0	image/480	480	357718	nsd/36623.png
699.5	0.0	image/469	469	358144	nsd/35129.png
700.28515625	0.0	image/464	464	358546	nsd/34845.png
701.1015625	0.0	image/405	405	358964	nsd/30407.png
701.919921875	0.0	image/370	370	359383	nsd/28096.png
702.736328125	0.0	image/388	388	359801	nsd/28898.png
703.537109375	0.0	image/370	370	360211	nsd/28096.png
705.1484375	0.0	image/400	400	361036	nsd/29919.png
705.953125	0.0	image/434	434	361448	nsd/32303.png
706.765625	0.0	image/449	449	361864	nsd/33521.png
707.5703125	0.0	image/463	463	362276	nsd/34829.png
708.353515625	0.0	image/382	382	362677	nsd/28595.png
709.154296875	0.0	image/447	447	363087	nsd/33245.png
709.955078125	0.0	image/477	477	363497	nsd/36476.png
710.755859375	0.0	image/452	452	363907	nsd/33813.png
711.587890625	0.0	image/465	465	364333	nsd/34850.png
712.388671875	0.0	image/425	425	364743	nsd/31659.png
713.171875	0.0	image/369	369	365144	nsd/28068.png
713.966796875	0.0	image/469	469	365551	nsd/35129.png
714.7890625	0.0	image/373	373	365972	nsd/28286.png
716.390625	0.0	image/440	440	366792	nsd/32772.png
717.189453125	0.0	image/470	470	367201	nsd/35743.png
718.0234375	0.0	image/443	443	367628	nsd/32910.png
718.857421875	0.0	image/472	472	368055	nsd/35790.png
719.685546875	0.0	image/386	386	368479	nsd/28755.png
720.4921875	0.0	image/371	371	368892	nsd/28159.png
721.291015625	0.0	image/474	474	369301	nsd/35986.png
722.109375	0.0	image/462	462	369720	nsd/34751.png
722.935546875	0.0	image/361	361	370143	nsd/27326.png
724.55859375	0.0	image/414	414	370974	nsd/30887.png
725.392578125	0.0	image/444	444	371401	nsd/33131.png
726.208984375	0.0	image/456	456	371819	nsd/34089.png
727.0234375	0.0	image/426	426	372236	nsd/31747.png
727.79296875	0.0	image/462	462	372630	nsd/34751.png
728.611328125	0.0	image/479	479	373049	nsd/36576.png
729.408203125	0.0	image/376	376	373457	nsd/28325.png
730.244140625	0.0	image/431	431	373885	nsd/31964.png
731.060546875	0.0	image/435	435	374303	nsd/32307.png
731.87890625	0.0	image/457	457	374722	nsd/34126.png
732.7109375	0.0	image/428	428	375148	nsd/31801.png
733.529296875	0.0	image/427	427	375567	nsd/31782.png
734.361328125	0.0	image/418	418	375993	nsd/31028.png
735.978515625	0.0	image/400	400	376821	nsd/29919.png
736.763671875	0.0	image/460	460	377223	nsd/34418.png
737.546875	0.0	image/391	391	377624	nsd/29021.png
738.330078125	0.0	image/363	363	378025	nsd/27568.png
739.142578125	0.0	image/365	365	378441	nsd/27830.png
739.96484375	0.0	image/453	453	378862	nsd/33906.png
740.79296875	0.0	image/393	393	379286	nsd/29568.png
741.564453125	0.0	image/449	449	379681	nsd/33521.png
742.380859375	0.0	image/433	433	380099	nsd/32232.png
743.19921875	0.0	image/464	464	380518	nsd/34845.png
743.982421875	0.0	image/396	396	380919	nsd/29680.png
744.759765625	0.0	image/376	376	381317	nsd/28325.png
745.56640625	0.0	image/401	401	381730	nsd/29980.png
746.3828125	0.0	image/478	478	382148	nsd/36569.png
747.19921875	0.0	image/380	380	382566	nsd/28487.png
748.033203125	0.0	image/435	435	382993	nsd/32307.png
748.833984375	0.0	image/392	392	383403	nsd/29381.png
749.611328125	0.0	image/397	397	383801	nsd/29711.png
750.3828125	0.0	image/381	381	384196	nsd/28524.png
751.201171875	0.0	image/374	374	384615	nsd/28303.png
751.998046875	0.0	image/412	412	385023	nsd/30847.png
752.80078125	0.0	image/389	389	385434	nsd/28963.png
753.583984375	0.0	image/394	394	385835	nsd/29660.png
755.185546875	0.0	image/395	395	386655	nsd/29663.png
755.96484375	0.0	image/430	430	387054	nsd/31936.png
756.751953125	0.0	image/431	431	387457	nsd/31964.png
757.552734375	0.0	image/467	467	387867	nsd/34975.png
758.38671875	0.0	image/406	406	388294	nsd/30430.png
759.18359375	0.0	image/427	427	388702	nsd/31782.png
760.00390625	0.0	image/448	448	389122	nsd/33289.png
760.78125	0.0	image/475	475	389520	nsd/36067.png
761.603515625	0.0	image/402	402	389941	nsd/30081.png
762.404296875	0.0	image/467	467	390351	nsd/34975.png
763.232421875	0.0	image/362	362	390775	nsd/27435.png
764.037109375	0.0	image/368	368	391187	nsd/28024.png
764.87109375	0.0	image/406	406	391614	nsd/30430.png
766.48828125	0.0	image/397	397	392442	nsd/29711.png
767.283203125	0.0	image/454	454	392849	nsd/34068.png
768.08984375	0.0	image/412	412	393262	nsd/30847.png
768.912109375	0.0	image/424	424	393683	nsd/31446.png
769.734375	0.0	image/440	440	394104	nsd/32772.png
770.552734375	0.0	image/433	433	394523	nsd/32232.png
771.32421875	0.0	image/388	388	394918	nsd/28898.png
772.15625	0.0	image/392	392	395344	nsd/29381.png
772.95703125	0.0	image/422	422	395754	nsd/31233.png
773.791015625	0.0	image/383	383	396181	nsd/28689.png
774.6015625	0.0	image/405	405	396596	nsd/30407.png
775.408203125	0.0	image/368	368	397009	nsd/28024.png
776.9921875	0.0	image/416	416	397820	nsd/30935.png
777.80859375	0.0	image/426	426	398238	nsd/31747.png
778.62109375	0.0	image/445	445	398654	nsd/33171.png
779.443359375	0.0	image/416	416	399075	nsd/30935.png
780.2734375	0.0	image/432	432	399500	nsd/32053.png
781.060546875	0.0	image/399	399	399903	nsd/29886.png
781.84375	0.0	image/395	395	400304	nsd/29663.png
782.63671875	0.0	image/396	396	400710	nsd/29680.png
783.443359375	0.0	image/394	394	401123	nsd/29660.png
784.244140625	0.0	image/479	479	401533	nsd/36576.png
785.060546875	0.0	image/477	477	401951	nsd/36476.png
785.845703125	0.0	image/413	413	402353	nsd/30856.png
786.62890625	0.0	image/459	459	402754	nsd/34238.png
787.4453125	0.0	image/473	473	403172	nsd/35798.png
788.26171875	0.0	image/450	450	403590	nsd/33543.png
789.080078125	0.0	image/369	369	404009	nsd/28068.png
789.896484375	0.0	image/430	430	404427	nsd/31936.png
790.671875	0.0	image/381	381	404824	nsd/28524.png
791.490234375	0.0	image/364	364	405243	nsd/27580.png
793.080078125	0.0	image/419	419	406057	nsd/31049.png
793.875	0.0	image/367	367	406464	nsd/27972.png
794.6640625	0.0	image/436	436	406868	nsd/32625.png
795.443359375	0.0	image/383	383	407267	nsd/28689.png
796.21484375	0.0	image/408	408	407662	nsd/30601.png
796.998046875	0.0	image/454	454	408063	nsd/34068.png
797.798828125	0.0	image/472	472	408473	nsd/35790.png
798.615234375	0.0	image/470	470	408891	nsd/35743.png
799.412109375	0.0	image/365	365	409299	nsd/27830.png
800.181640625	0.0	image/453	453	409693	nsd/33906.png
801.783203125	0.0	image/371	371	410513	nsd/28159.png
802.560546875	0.0	image/380	380	410911	nsd/28487.png
803.3828125	0.0	image/461	461	411332	nsd/34603.png
804.94921875	0.0	image/473	473	412134	nsd/35798.png
805.734375	0.0	image/438	438	412536	nsd/32716.png
806.55078125	0.0	image/471	471	412954	nsd/35752.png
808.15234375	0.0	image/460	460	413774	nsd/34418.png
808.984375	0.0	image/378	378	414200	nsd/28349.png
809.818359375	0.0	image/452	452	414627	nsd/33813.png
810.65234375	0.0	image/398	398	415054	nsd/29837.png
812.263671875	0.0	image/456	456	415879	nsd/34089.png
813.88671875	0.0	image/463	463	416710	nsd/34829.png
814.720703125	0.0	image/446	446	417137	nsd/33189.png
815.537109375	0.0	image/417	417	417555	nsd/30954.png
817.13671875	0.0	image/413	413	418374	nsd/30856.png
817.919921875	0.0	image/363	363	418775	nsd/27568.png
818.701171875	0.0	image/391	391	419175	nsd/29021.png
819.48828125	0.0	image/424	424	419578	nsd/31446.png
820.3046875	0.0	image/461	461	419996	nsd/34603.png
821.10546875	0.0	image/401	401	420406	nsd/29980.png
821.921875	0.0	image/457	457	420824	nsd/34126.png
823.48828125	0.0	image/390	390	421626	nsd/29010.png
824.2890625	0.0	image/366	366	422036	nsd/27878.png
825.10546875	0.0	image/414	414	422454	nsd/30887.png
826.673828125	0.0	image/410	410	423257	nsd/30672.png
827.5078125	0.0	image/420	420	423684	nsd/31064.png
828.30859375	0.0	image/442	442	424094	nsd/32891.png
829.12109375	0.0	image/385	385	424510	nsd/28751.png
829.923828125	0.0	image/421	421	424921	nsd/31123.png
831.591796875	0.0	image/408	408	425775	nsd/30601.png
832.392578125	0.0	image/429	429	426185	nsd/31837.png
833.1875	0.0	image/476	476	426592	nsd/36258.png
833.96875	0.0	image/441	441	426992	nsd/32857.png
835.572265625	0.0	image/423	423	427813	nsd/31349.png
836.392578125	0.0	image/364	364	428233	nsd/27580.png
837.2265625	0.0	image/425	425	428660	nsd/31659.png
838.02734375	0.0	image/409	409	429070	nsd/30632.png
839.626953125	0.0	image/402	402	429889	nsd/30081.png
840.443359375	0.0	image/458	458	430307	nsd/34186.png
841.228515625	0.0	image/407	407	430709	nsd/30563.png
842.04296875	0.0	image/390	390	431126	nsd/29010.png
842.861328125	0.0	image/451	451	431545	nsd/33752.png
843.65625	0.0	image/445	445	431952	nsd/33171.png
844.478515625	0.0	image/422	422	432373	nsd/31233.png
845.306640625	0.0	image/447	447	432797	nsd/33245.png
846.11328125	0.0	image/429	429	433210	nsd/31837.png
846.9296875	0.0	image/377	377	433628	nsd/28341.png
847.724609375	0.0	image/432	432	434035	nsd/32053.png
848.546875	0.0	image/385	385	434456	nsd/28751.png
849.380859375	0.0	image/387	387	434883	nsd/28788.png
850.1640625	0.0	image/415	415	435284	nsd/30922.png
850.947265625	0.0	image/458	458	435685	nsd/34186.png
851.748046875	0.0	image/409	409	436095	nsd/30632.png
852.53125	0.0	image/474	474	436496	nsd/35986.png
853.365234375	0.0	image/393	393	436923	nsd/29568.png
854.16015625	0.0	image/434	434	437330	nsd/32303.png
854.982421875	0.0	image/441	441	437751	nsd/32857.png
855.775390625	0.0	image/448	448	438157	nsd/33289.png
856.55859375	0.0	image/366	366	438558	nsd/27878.png
857.365234375	0.0	image/372	372	438971	nsd/28189.png
858.158203125	0.0	image/417	417	439377	nsd/30954.png
858.94921875	0.0	image/374	374	439782	nsd/28303.png
859.732421875	0.0	image/451	451	440183	nsd/33752.png
861.384765625	0.0	image/379	379	441029	nsd/28418.png
862.16796875	0.0	image/465	465	441430	nsd/34850.png
862.9453125	0.0	image/378	378	441828	nsd/28349.png
864.517578125	0.0	image/421	421	442633	nsd/31123.png
865.3359375	0.0	image/475	475	443052	nsd/36067.png
866.15234375	0.0	image/437	437	443470	nsd/32643.png
866.96484375	0.0	image/403	403	443886	nsd/30373.png
867.736328125	0.0	image/389	389	444281	nsd/28963.png
868.53125	0.0	image/367	367	444688	nsd/27972.png
876.109375	0.0	image/507	507	448568	nsd/38486.png
876.908203125	0.0	image/588	588	448977	nsd/43675.png
878.52734375	0.0	image/560	560	449806	nsd/42214.png
879.310546875	0.0	image/493	493	450207	nsd/37494.png
880.111328125	0.0	image/575	575	450617	nsd/43156.png
880.9453125	0.0	image/574	574	451044	nsd/43107.png
881.77734375	0.0	image/540	540	451470	nsd/40979.png
882.578125	0.0	image/489	489	451880	nsd/37059.png
883.361328125	0.0	image/553	553	452281	nsd/41814.png
884.146484375	0.0	image/565	565	452683	nsd/42563.png
884.95703125	0.0	image/483	483	453098	nsd/36731.png
885.728515625	0.0	image/554	554	453493	nsd/41927.png
886.529296875	0.0	image/591	591	453903	nsd/43818.png
887.36328125	0.0	image/541	541	454330	nsd/41056.png
888.1640625	0.0	image/499	499	454740	nsd/38025.png
888.947265625	0.0	image/526	526	455141	nsd/39997.png
889.759765625	0.0	image/527	527	455557	nsd/40153.png
890.564453125	0.0	image/531	531	455969	nsd/40575.png
891.34765625	0.0	image/481	481	456370	nsd/36629.png
892.16015625	0.0	image/540	540	456786	nsd/40979.png
892.96484375	0.0	image/552	552	457198	nsd/41778.png
893.79296875	0.0	image/503	503	457622	nsd/38297.png
894.58203125	0.0	image/525	525	458026	nsd/39841.png
895.3984375	0.0	image/595	595	458444	nsd/43984.png
896.232421875	0.0	image/545	545	458871	nsd/41162.png
897.033203125	0.0	image/509	509	459281	nsd/38641.png
897.81640625	0.0	image/501	501	459682	nsd/38246.png
898.599609375	0.0	image/553	553	460083	nsd/41814.png
899.43359375	0.0	image/544	544	460510	nsd/41137.png
900.23046875	0.0	image/566	566	460918	nsd/42642.png
901.8515625	0.0	image/587	587	461748	nsd/43619.png
902.611328125	0.0	image/515	515	462137	nsd/39047.png
903.380859375	0.0	image/496	496	462531	nsd/37801.png
904.15234375	0.0	image/565	565	462926	nsd/42563.png
904.951171875	0.0	image/554	554	463335	nsd/41927.png
905.767578125	0.0	image/488	488	463753	nsd/36978.png
907.435546875	0.0	image/593	593	464607	nsd/43852.png
908.251953125	0.0	image/550	550	465025	nsd/41653.png
909.037109375	0.0	image/504	504	465427	nsd/38310.png
910.603515625	0.0	image/595	595	466229	nsd/43984.png
911.419921875	0.0	image/580	580	466647	nsd/43250.png
912.19921875	0.0	image/592	592	467046	nsd/43820.png
912.970703125	0.0	image/563	563	467441	nsd/42299.png
913.771484375	0.0	image/534	534	467851	nsd/40840.png
914.564453125	0.0	image/599	599	468257	nsd/44138.png
915.35546875	0.0	image/487	487	468662	nsd/36974.png
916.154296875	0.0	image/586	586	469071	nsd/43500.png
916.955078125	0.0	image/509	509	469481	nsd/38641.png
917.7890625	0.0	image/490	490	469908	nsd/37221.png
919.373046875	0.0	image/594	594	470719	nsd/43950.png
920.189453125	0.0	image/492	492	471137	nsd/37436.png
920.97265625	0.0	image/577	577	471538	nsd/43159.png
921.755859375	0.0	image/576	576	471939	nsd/43157.png
922.556640625	0.0	image/600	600	472349	nsd/44144.png
923.357421875	0.0	image/585	585	472759	nsd/43465.png
924.140625	0.0	image/491	491	473160	nsd/37224.png
925.708984375	0.0	image/600	600	473963	nsd/44144.png
926.4921875	0.0	image/567	567	474364	nsd/42648.png
927.291015625	0.0	image/527	527	474773	nsd/40153.png
928.892578125	0.0	image/571	571	475593	nsd/42912.png
929.685546875	0.0	image/530	530	475999	nsd/40548.png
930.458984375	0.0	image/572	572	476395	nsd/42946.png
931.275390625	0.0	image/512	512	476813	nsd/38829.png
932.060546875	0.0	image/539	539	477215	nsd/40935.png
932.83984375	0.0	image/555	555	477614	nsd/41934.png
933.626953125	0.0	image/570	570	478017	nsd/42851.png
934.443359375	0.0	image/549	549	478435	nsd/41623.png
935.26171875	0.0	image/593	593	478854	nsd/43852.png
936.078125	0.0	image/503	503	479272	nsd/38297.png
937.64453125	0.0	image/497	497	480074	nsd/37927.png
938.4453125	0.0	image/484	484	480484	nsd/36759.png
939.2578125	0.0	image/523	523	480900	nsd/39547.png
940.0625	0.0	image/556	556	481312	nsd/42007.png
940.86328125	0.0	image/574	574	481722	nsd/43107.png
941.697265625	0.0	image/543	543	482149	nsd/41116.png
942.513671875	0.0	image/561	561	482567	nsd/42224.png
943.306640625	0.0	image/529	529	482973	nsd/40423.png
944.130859375	0.0	image/581	581	483395	nsd/43288.png
944.923828125	0.0	image/584	584	483801	nsd/43445.png
945.73046875	0.0	image/585	585	484214	nsd/43465.png
946.513671875	0.0	image/555	555	484615	nsd/41934.png
947.34765625	0.0	image/538	538	485042	nsd/40924.png
948.130859375	0.0	image/524	524	485443	nsd/39553.png
948.94921875	0.0	image/569	569	485862	nsd/42781.png
949.765625	0.0	image/538	538	486280	nsd/40924.png
951.3984375	0.0	image/482	482	487116	nsd/36682.png
952.19921875	0.0	image/568	568	487526	nsd/42697.png
953.0	0.0	image/521	521	487936	nsd/39402.png
953.78125	0.0	image/523	523	488336	nsd/39547.png
954.599609375	0.0	image/495	495	488755	nsd/37736.png
955.43359375	0.0	image/562	562	489182	nsd/42238.png
956.234375	0.0	image/571	571	489592	nsd/42912.png
957.03515625	0.0	image/569	569	490002	nsd/42781.png
957.828125	0.0	image/486	486	490408	nsd/36945.png
958.650390625	0.0	image/541	541	490829	nsd/41056.png
959.451171875	0.0	image/518	518	491239	nsd/39289.png
960.234375	0.0	image/564	564	491640	nsd/42473.png
961.052734375	0.0	image/548	548	492059	nsd/41574.png
961.8515625	0.0	image/592	592	492468	nsd/43820.png
962.669921875	0.0	image/522	522	492887	nsd/39509.png
964.302734375	0.0	image/536	536	493723	nsd/40909.png
965.11328125	0.0	image/570	570	494138	nsd/42851.png
965.900390625	0.0	image/533	533	494541	nsd/40770.png
966.703125	0.0	image/542	542	494952	nsd/41097.png
968.3203125	0.0	image/583	583	495780	nsd/43429.png
969.103515625	0.0	image/573	573	496181	nsd/42980.png
969.921875	0.0	image/546	546	496600	nsd/41482.png
970.720703125	0.0	image/526	526	497009	nsd/39997.png
971.505859375	0.0	image/556	556	497411	nsd/42007.png
972.318359375	0.0	image/513	513	497827	nsd/38853.png
973.087890625	0.0	image/590	590	498221	nsd/43746.png
973.90625	0.0	image/536	536	498640	nsd/40909.png
974.68359375	0.0	image/504	504	499038	nsd/38310.png
975.505859375	0.0	image/558	558	499459	nsd/42166.png
976.306640625	0.0	image/580	580	499869	nsd/43250.png
977.1015625	0.0	image/486	486	500276	nsd/36945.png
977.8671875	0.0	image/532	532	500668	nsd/40721.png
978.673828125	0.0	image/589	589	501081	nsd/43689.png
979.45703125	0.0	image/507	507	501482	nsd/38486.png
981.1015625	0.0	image/520	520	502324	nsd/39369.png
981.92578125	0.0	image/543	543	502746	nsd/41116.png
982.724609375	0.0	image/528	528	503155	nsd/40235.png
984.30859375	0.0	image/524	524	503966	nsd/39553.png
985.123046875	0.0	image/586	586	504383	nsd/43500.png
985.939453125	0.0	image/582	582	504801	nsd/43428.png
986.708984375	0.0	image/517	517	505195	nsd/39095.png
987.5234375	0.0	image/587	587	505612	nsd/43619.png
988.33984375	0.0	image/551	551	506030	nsd/41710.png
989.109375	0.0	image/537	537	506424	nsd/40920.png
989.89453125	0.0	image/522	522	506826	nsd/39509.png
990.693359375	0.0	image/575	575	507235	nsd/43156.png
991.490234375	0.0	image/481	481	507643	nsd/36629.png
993.041015625	0.0	image/582	582	508437	nsd/43428.png
993.828125	0.0	image/489	489	508840	nsd/37059.png
995.4296875	0.0	image/487	487	509660	nsd/36974.png
997.0625	0.0	image/505	505	510496	nsd/38358.png
997.845703125	0.0	image/513	513	510897	nsd/38853.png
998.623046875	0.0	image/583	583	511295	nsd/43429.png
999.447265625	0.0	image/510	510	511717	nsd/38794.png
1000.263671875	0.0	image/568	568	512135	nsd/42697.png
1001.05859375	0.0	image/598	598	512542	nsd/44107.png
1001.84765625	0.0	image/597	597	512946	nsd/44097.png
1002.630859375	0.0	image/510	510	513347	nsd/38794.png
1003.447265625	0.0	image/525	525	513765	nsd/39841.png
1004.232421875	0.0	image/518	518	514167	nsd/39289.png
1005.015625	0.0	image/508	508	514568	nsd/38494.png
1005.798828125	0.0	image/506	506	514969	nsd/38483.png
1006.578125	0.0	image/491	491	515368	nsd/37224.png
1008.19921875	0.0	image/498	498	516198	nsd/38022.png
1009.0	0.0	image/539	539	516608	nsd/40935.png
1009.783203125	0.0	image/588	588	517009	nsd/43675.png
1010.564453125	0.0	image/495	495	517409	nsd/37736.png
1011.376953125	0.0	image/558	558	517825	nsd/42166.png
1012.150390625	0.0	image/484	484	518221	nsd/36759.png
1012.984375	0.0	image/505	505	518648	nsd/38358.png
1013.818359375	0.0	image/485	485	519075	nsd/36910.png
1015.451171875	0.0	image/572	572	519911	nsd/42946.png
1016.25	0.0	image/498	498	520320	nsd/38022.png
1017.048828125	0.0	image/584	584	520729	nsd/43445.png
1017.8359375	0.0	image/506	506	521132	nsd/38483.png
1018.63671875	0.0	image/578	578	521542	nsd/43164.png
1020.26953125	0.0	image/496	496	522378	nsd/37801.png
1021.099609375	0.0	image/590	590	522803	nsd/43746.png
1021.919921875	0.0	image/573	573	523223	nsd/42980.png
1022.703125	0.0	image/552	552	523624	nsd/41778.png
1023.486328125	0.0	image/557	557	524025	nsd/42126.png
1024.322265625	0.0	image/562	562	524453	nsd/42238.png
1025.138671875	0.0	image/517	517	524871	nsd/39095.png
1025.970703125	0.0	image/547	547	525297	nsd/41566.png
1026.787109375	0.0	image/501	501	525715	nsd/38246.png
1027.572265625	0.0	image/546	546	526117	nsd/41482.png
1028.388671875	0.0	image/490	490	526535	nsd/37221.png
1029.189453125	0.0	image/598	598	526945	nsd/44107.png
1030.0234375	0.0	image/544	544	527372	nsd/41137.png
1030.83984375	0.0	image/532	532	527790	nsd/40721.png
1031.623046875	0.0	image/530	530	528191	nsd/40548.png
1032.40625	0.0	image/597	597	528592	nsd/44097.png
1033.189453125	0.0	image/531	531	528993	nsd/40575.png
1033.96875	0.0	image/514	514	529392	nsd/38978.png
1034.740234375	0.0	image/551	551	529787	nsd/41710.png
1035.57421875	0.0	image/485	485	530214	nsd/36910.png
1036.369140625	0.0	image/533	533	530621	nsd/40770.png
1037.140625	0.0	image/581	581	531016	nsd/43288.png
1037.94140625	0.0	image/560	560	531426	nsd/42214.png
1038.7578125	0.0	image/599	599	531844	nsd/44138.png
1039.576171875	0.0	image/576	576	532263	nsd/43157.png
1040.359375	0.0	image/494	494	532664	nsd/37608.png
1041.193359375	0.0	image/516	516	533091	nsd/39058.png
1041.9765625	0.0	image/566	566	533492	nsd/42642.png
1042.77734375	0.0	image/492	492	533902	nsd/37436.png
1043.576171875	0.0	image/502	502	534311	nsd/38278.png
1044.39453125	0.0	image/579	579	534730	nsd/43224.png
1045.2109375	0.0	image/535	535	535148	nsd/40846.png
1046.044921875	0.0	image/516	516	535575	nsd/39058.png
1046.84375	0.0	image/529	529	535984	nsd/40423.png
1047.662109375	0.0	image/563	563	536403	nsd/42299.png
1048.494140625	0.0	image/500	500	536829	nsd/38060.png
1049.306640625	0.0	image/567	567	537245	nsd/42648.png
1050.095703125	0.0	image/579	579	537649	nsd/43224.png
1050.9296875	0.0	image/515	515	538076	nsd/39047.png
1051.740234375	0.0	image/559	559	538491	nsd/42171.png
1053.3125	0.0	image/534	534	539296	nsd/40840.png
1054.091796875	0.0	image/594	594	539695	nsd/43950.png
1054.9140625	0.0	image/591	591	540116	nsd/43818.png
1055.73046875	0.0	image/542	542	540534	nsd/41097.png
1056.546875	0.0	image/548	548	540952	nsd/41574.png
1057.330078125	0.0	image/519	519	541353	nsd/39298.png
1058.158203125	0.0	image/549	549	541777	nsd/41623.png
1058.947265625	0.0	image/483	483	542181	nsd/36731.png
1059.732421875	0.0	image/521	521	542583	nsd/39402.png
1060.55859375	0.0	image/528	528	543006	nsd/40235.png
1061.34765625	0.0	image/547	547	543410	nsd/41566.png
1062.166015625	0.0	image/550	550	543829	nsd/41653.png
1062.966796875	0.0	image/535	535	544239	nsd/40846.png
1063.783203125	0.0	image/514	514	544657	nsd/38978.png
1064.56640625	0.0	image/561	561	545058	nsd/42224.png
1065.349609375	0.0	image/520	520	545459	nsd/39369.png
1066.166015625	0.0	image/488	488	545877	nsd/36978.png
1067.75	0.0	image/494	494	546688	nsd/37608.png
1068.55078125	0.0	image/502	502	547098	nsd/38278.png
1069.3515625	0.0	image/511	511	547508	nsd/38817.png
1070.185546875	0.0	image/537	537	547935	nsd/40920.png
1070.984375	0.0	image/508	508	548344	nsd/38494.png
1071.818359375	0.0	image/511	511	548771	nsd/38817.png
1073.40234375	0.0	image/559	559	549582	nsd/42171.png
1074.96875	0.0	image/500	500	550384	nsd/38060.png
1075.798828125	0.0	image/512	512	550809	nsd/38829.png
1076.580078125	0.0	image/493	493	551209	nsd/37494.png
1077.34765625	0.0	image/497	497	551602	nsd/37927.png
1078.154296875	0.0	image/499	499	552015	nsd/38025.png
1078.953125	0.0	image/589	589	552424	nsd/43689.png
1079.736328125	0.0	image/557	557	552825	nsd/42126.png
1080.5703125	0.0	image/564	564	553252	nsd/42473.png
1081.404296875	0.0	image/482	482	553679	nsd/36682.png
1082.232421875	0.0	image/578	578	554103	nsd/43164.png
1083.017578125	0.0	image/519	519	554505	nsd/39298.png
1083.8046875	0.0	image/577	577	554908	nsd/43159.png
1084.60546875	0.0	image/545	545	555318	nsd/41162.png
1085.400390625	0.0	image/596	596	555725	nsd/44052.png
1086.990234375	0.0	image/596	596	556539	nsd/44052.png
1093.763671875	0.0	image/637	637	560007	nsd/46462.png
1094.546875	0.0	image/699	699	560408	nsd/51062.png
1095.359375	0.0	image/702	702	560824	nsd/51171.png
1096.181640625	0.0	image/646	646	561245	nsd/47070.png
1096.998046875	0.0	image/601	601	561663	nsd/44184.png
1097.798828125	0.0	image/706	706	562073	nsd/51788.png
1098.578125	0.0	image/673	673	562472	nsd/48839.png
1099.3984375	0.0	image/621	621	562892	nsd/45843.png
1100.193359375	0.0	image/656	656	563299	nsd/47656.png
1100.966796875	0.0	image/623	623	563695	nsd/45981.png
1101.75	0.0	image/642	642	564096	nsd/46806.png
1102.548828125	0.0	image/708	708	564505	nsd/51907.png
1103.34375	0.0	image/654	654	564912	nsd/47600.png
1104.14453125	0.0	image/669	669	565322	nsd/48679.png
1104.91796875	0.0	image/658	658	565718	nsd/48157.png
1105.701171875	0.0	image/713	713	566119	nsd/52070.png
1107.30078125	0.0	image/705	705	566938	nsd/51745.png
1108.111328125	0.0	image/717	717	567353	nsd/52375.png
1108.935546875	0.0	image/676	676	567775	nsd/49156.png
1109.751953125	0.0	image/634	634	568193	nsd/46372.png
1110.546875	0.0	image/606	606	568600	nsd/44705.png
1111.369140625	0.0	image/698	698	569021	nsd/51052.png
1112.15234375	0.0	image/677	677	569422	nsd/49234.png
1113.75390625	0.0	image/618	618	570242	nsd/45746.png
1114.537109375	0.0	image/659	659	570643	nsd/48260.png
1115.353515625	0.0	image/670	670	571061	nsd/48681.png
1116.13671875	0.0	image/685	685	571462	nsd/49957.png
1116.9375	0.0	image/607	607	571872	nsd/44720.png
1117.71484375	0.0	image/679	679	572270	nsd/49480.png
1118.521484375	0.0	image/697	697	572683	nsd/51051.png
1119.337890625	0.0	image/603	603	573101	nsd/44339.png
1120.115234375	0.0	image/682	682	573499	nsd/49923.png
1120.921875	0.0	image/689	689	573912	nsd/50114.png
1122.5390625	0.0	image/620	620	574740	nsd/45837.png
1123.349609375	0.0	image/667	667	575155	nsd/48618.png
1124.123046875	0.0	image/647	647	575551	nsd/47099.png
1124.900390625	0.0	image/685	685	575949	nsd/49957.png
1125.689453125	0.0	image/635	635	576353	nsd/46380.png
1126.5234375	0.0	image/651	651	576780	nsd/47321.png
1127.357421875	0.0	image/690	690	577207	nsd/50170.png
1128.158203125	0.0	image/614	614	577617	nsd/45213.png
1128.935546875	0.0	image/641	641	578015	nsd/46661.png
1129.740234375	0.0	image/609	609	578427	nsd/44736.png
1130.525390625	0.0	image/684	684	578829	nsd/49955.png
1131.3359375	0.0	image/670	670	579244	nsd/48681.png
1132.142578125	0.0	image/712	712	579657	nsd/51988.png
1132.974609375	0.0	image/612	612	580083	nsd/44980.png
1133.759765625	0.0	image/641	641	580485	nsd/46661.png
1134.54296875	0.0	image/705	705	580886	nsd/51745.png
1135.375	0.0	image/612	612	581312	nsd/44980.png
1136.17578125	0.0	image/700	700	581722	nsd/51077.png
1137.009765625	0.0	image/648	648	582149	nsd/47200.png
1137.826171875	0.0	image/645	645	582567	nsd/47033.png
1138.611328125	0.0	image/711	711	582969	nsd/51983.png
1139.4453125	0.0	image/617	617	583396	nsd/45632.png
1140.228515625	0.0	image/689	689	583797	nsd/50114.png
1141.845703125	0.0	image/678	678	584625	nsd/49466.png
1143.455078125	0.0	image/676	676	585449	nsd/49156.png
1144.232421875	0.0	image/715	715	585847	nsd/52302.png
1145.01171875	0.0	image/697	697	586246	nsd/51051.png
1145.82421875	0.0	image/664	664	586662	nsd/48508.png
1146.595703125	0.0	image/655	655	587057	nsd/47614.png
1147.380859375	0.0	image/675	675	587459	nsd/49152.png
1148.16015625	0.0	image/693	693	587858	nsd/50734.png
1148.9765625	0.0	image/701	701	588276	nsd/51148.png
1149.763671875	0.0	image/632	632	588679	nsd/46274.png
1150.580078125	0.0	image/651	651	589097	nsd/47321.png
1151.365234375	0.0	image/662	662	589499	nsd/48393.png
1152.1484375	0.0	image/706	706	589900	nsd/51788.png
1152.982421875	0.0	image/639	639	590327	nsd/46523.png
1153.763671875	0.0	image/695	695	590727	nsd/50811.png
1154.548828125	0.0	image/672	672	591129	nsd/48832.png
1155.361328125	0.0	image/683	683	591545	nsd/49944.png
1156.181640625	0.0	image/630	630	591965	nsd/46150.png
1157.009765625	0.0	image/668	668	592389	nsd/48622.png
1157.796875	0.0	image/633	633	592792	nsd/46321.png
1158.583984375	0.0	image/688	688	593195	nsd/50026.png
1159.400390625	0.0	image/619	619	593613	nsd/45750.png
1160.1953125	0.0	image/684	684	594020	nsd/49955.png
1161.75	0.0	image/663	663	594816	nsd/48422.png
1162.55078125	0.0	image/657	657	595226	nsd/47687.png
1163.333984375	0.0	image/702	702	595627	nsd/51171.png
1164.146484375	0.0	image/713	713	596043	nsd/52070.png
1164.96875	0.0	image/620	620	596464	nsd/45837.png
1165.78515625	0.0	image/707	707	596882	nsd/51843.png
1167.353515625	0.0	image/681	681	597685	nsd/49731.png
1168.185546875	0.0	image/688	688	598111	nsd/50026.png
1168.986328125	0.0	image/615	615	598521	nsd/45356.png
1169.787109375	0.0	image/606	606	598931	nsd/44705.png
1170.5703125	0.0	image/720	720	599332	nsd/52554.png
1171.353515625	0.0	image/675	675	599733	nsd/49152.png
1172.154296875	0.0	image/668	668	600143	nsd/48622.png
1172.98828125	0.0	image/701	701	600570	nsd/51148.png
1173.787109375	0.0	image/638	638	600979	nsd/46480.png
1175.404296875	0.0	image/700	700	601807	nsd/51077.png
1176.205078125	0.0	image/648	648	602217	nsd/47200.png
1176.98828125	0.0	image/649	649	602618	nsd/47290.png
1177.822265625	0.0	image/696	696	603045	nsd/50882.png
1178.60546875	0.0	image/629	629	603446	nsd/46136.png
1179.388671875	0.0	image/719	719	603847	nsd/52527.png
1180.173828125	0.0	image/703	703	604249	nsd/51185.png
1181.005859375	0.0	image/639	639	604675	nsd/46523.png
1181.83984375	0.0	image/695	695	605102	nsd/50811.png
1182.634765625	0.0	image/674	674	605509	nsd/49076.png
1183.408203125	0.0	image/687	687	605905	nsd/49979.png
1184.19140625	0.0	image/604	604	606306	nsd/44369.png
1185.0078125	0.0	image/608	608	606724	nsd/44729.png
1185.791015625	0.0	image/642	642	607125	nsd/46806.png
1186.625	0.0	image/610	610	607552	nsd/44844.png
1187.423828125	0.0	image/634	634	607961	nsd/46372.png
1188.224609375	0.0	image/631	631	608371	nsd/46160.png
1189.025390625	0.0	image/611	611	608781	nsd/44971.png
1189.841796875	0.0	image/667	667	609199	nsd/48618.png
1190.67578125	0.0	image/624	624	609626	nsd/45982.png
1191.494140625	0.0	image/711	711	610045	nsd/51983.png
1192.3046875	0.0	image/653	653	610460	nsd/47598.png
1193.126953125	0.0	image/652	652	610881	nsd/47408.png
1193.927734375	0.0	image/661	661	611291	nsd/48379.png
1194.7109375	0.0	image/665	665	611692	nsd/48530.png
1195.544921875	0.0	image/627	627	612119	nsd/46036.png
1196.361328125	0.0	image/714	714	612537	nsd/52216.png
1197.162109375	0.0	image/696	696	612947	nsd/50882.png
1197.99609375	0.0	image/650	650	613374	nsd/47293.png
1198.779296875	0.0	image/691	691	613775	nsd/50500.png
1199.611328125	0.0	image/655	655	614201	nsd/47614.png
1200.4296875	0.0	image/603	603	614620	nsd/44339.png
1201.24609375	0.0	image/671	671	615038	nsd/48802.png
1202.83984375	0.0	image/694	694	615854	nsd/50755.png
1203.6640625	0.0	image/715	715	616276	nsd/52302.png
1204.49609375	0.0	image/630	630	616702	nsd/46150.png
1205.28125	0.0	image/609	609	617104	nsd/44736.png
1206.11328125	0.0	image/644	644	617530	nsd/46861.png
1206.8984375	0.0	image/627	627	617932	nsd/46036.png
1207.71484375	0.0	image/601	601	618350	nsd/44184.png
1208.498046875	0.0	image/616	616	618751	nsd/45595.png
1209.275390625	0.0	image/628	628	619149	nsd/46101.png
1210.06640625	0.0	image/690	690	619554	nsd/50170.png
1210.849609375	0.0	image/656	656	619955	nsd/47656.png
1211.6328125	0.0	image/622	622	620356	nsd/45945.png
1212.43359375	0.0	image/628	628	620766	nsd/46101.png
1213.259765625	0.0	image/653	653	621189	nsd/47598.png
1214.06640625	0.0	image/617	617	621602	nsd/45632.png
1214.900390625	0.0	image/658	658	622029	nsd/48157.png
1215.701171875	0.0	image/712	712	622439	nsd/51988.png
1216.484375	0.0	image/633	633	622840	nsd/46321.png
1217.318359375	0.0	image/616	616	623267	nsd/45595.png
1218.900390625	0.0	image/604	604	624077	nsd/44369.png
1219.73046875	0.0	image/686	686	624502	nsd/49969.png
1221.369140625	0.0	image/637	637	625341	nsd/46462.png
1222.185546875	0.0	image/666	666	625759	nsd/48617.png
1222.96875	0.0	image/629	629	626160	nsd/46136.png
1223.75390625	0.0	image/632	632	626562	nsd/46274.png
1224.552734375	0.0	image/631	631	626971	nsd/46160.png
1225.37109375	0.0	image/686	686	627390	nsd/49969.png
1227.021484375	0.0	image/680	680	628235	nsd/49622.png
1227.814453125	0.0	image/682	682	628641	nsd/49923.png
1228.603515625	0.0	image/626	626	629045	nsd/46002.png
1229.421875	0.0	image/602	602	629464	nsd/44324.png
1230.18359375	0.0	image/636	636	629854	nsd/46460.png
1230.982421875	0.0	image/694	694	630263	nsd/50755.png
1231.8046875	0.0	image/693	693	630684	nsd/50734.png
1232.60546875	0.0	image/707	707	631094	nsd/51843.png
1233.439453125	0.0	image/716	716	631521	nsd/52328.png
1234.22265625	0.0	image/654	654	631922	nsd/47600.png
1235.0234375	0.0	image/683	683	632332	nsd/49944.png
1235.85546875	0.0	image/640	640	632758	nsd/46642.png
1236.673828125	0.0	image/625	625	633177	nsd/45999.png
1237.490234375	0.0	image/674	674	633595	nsd/49076.png
1238.306640625	0.0	image/602	602	634013	nsd/44324.png
1239.140625	0.0	image/669	669	634440	nsd/48679.png
1239.94140625	0.0	image/664	664	634850	nsd/48508.png
1240.7421875	0.0	image/611	611	635260	nsd/44971.png
1241.541015625	0.0	image/643	643	635669	nsd/46835.png
1242.341796875	0.0	image/718	718	636079	nsd/52394.png
1243.17578125	0.0	image/625	625	636506	nsd/45999.png
1243.9921875	0.0	image/691	691	636924	nsd/50500.png
1245.609375	0.0	image/663	663	637752	nsd/48422.png
1247.236328125	0.0	image/652	652	638585	nsd/47408.png
1248.02734375	0.0	image/703	703	638990	nsd/51185.png
1249.58984375	0.0	image/619	619	639790	nsd/45750.png
1250.361328125	0.0	image/665	665	640185	nsd/48530.png
1251.14453125	0.0	image/687	687	640586	nsd/49979.png
1252.744140625	0.0	image/650	650	641405	nsd/47293.png
1254.380859375	0.0	image/710	710	642243	nsd/51965.png
1255.1796875	0.0	image/698	698	642652	nsd/51052.png
1256.845703125	0.0	image/613	613	643505	nsd/45129.png
1258.447265625	0.0	image/692	692	644325	nsd/50653.png
1259.263671875	0.0	image/613	613	644743	nsd/45129.png
1260.041015625	0.0	image/678	678	645141	nsd/49466.png
1260.85546875	0.0	image/710	710	645558	nsd/51965.png
1262.458984375	0.0	image/657	657	646379	nsd/47687.png
1263.240234375	0.0	image/605	605	646779	nsd/44412.png
1264.03125	0.0	image/720	720	647184	nsd/52554.png
1264.84375	0.0	image/646	646	647600	nsd/47070.png
1265.6328125	0.0	image/692	692	648004	nsd/50653.png
1266.46484375	0.0	image/635	635	648430	nsd/46380.png
1267.25	0.0	image/626	626	648832	nsd/46002.png
1268.849609375	0.0	image/666	666	649651	nsd/48617.png
1269.62890625	0.0	image/718	718	650050	nsd/52394.png
1270.443359375	0.0	image/660	660	650467	nsd/48374.png
1271.267578125	0.0	image/673	673	650889	nsd/48839.png
1272.068359375	0.0	image/660	660	651299	nsd/48374.png
1272.8671875	0.0	image/679	679	651708	nsd/49480.png
1273.65234375	0.0	image/717	717	652110	nsd/52375.png
1274.435546875	0.0	image/709	709	652511	nsd/51928.png
1275.236328125	0.0	image/704	704	652921	nsd/51521.png
1276.052734375	0.0	image/624	624	653339	nsd/45982.png
1276.830078125	0.0	image/618	618	653737	nsd/45746.png
1277.615234375	0.0	image/708	708	654139	nsd/51907.png
1278.435546875	0.0	image/640	640	654559	nsd/46642.png
1279.23046875	0.0	image/622	622	654966	nsd/45945.png
1280.013671875	0.0	image/677	677	655367	nsd/49234.png
1280.8203125	0.0	image/719	719	655780	nsd/52527.png
1281.603515625	0.0	image/681	681	656181	nsd/49731.png
1282.4375	0.0	image/680	680	656608	nsd/49622.png
1283.265625	0.0	image/647	647	657032	nsd/47099.png
1284.0703125	0.0	image/671	671	657444	nsd/48802.png
1284.8828125	0.0	image/623	623	657860	nsd/45981.png
1285.666015625	0.0	image/661	661	658261	nsd/48379.png
1286.47265625	0.0	image/709	709	658674	nsd/51928.png
1287.2890625	0.0	image/649	649	659092	nsd/47290.png
1288.0859375	0.0	image/615	615	659500	nsd/45356.png
1289.689453125	0.0	image/643	643	660321	nsd/46835.png
1291.291015625	0.0	image/621	621	661141	nsd/45843.png
1292.083984375	0.0	image/672	672	661547	nsd/48832.png
1292.90625	0.0	image/659	659	661968	nsd/48260.png
1293.69140625	0.0	image/608	608	662370	nsd/44729.png
1294.5234375	0.0	image/704	704	662796	nsd/51521.png
1295.30859375	0.0	image/605	605	663198	nsd/44412.png
1296.140625	0.0	image/699	699	663624	nsd/51062.png
1296.94140625	0.0	image/714	714	664034	nsd/52216.png
1297.76953125	0.0	image/644	644	664458	nsd/46861.png
1298.552734375	0.0	image/638	638	664859	nsd/46480.png
1299.375	0.0	image/716	716	665280	nsd/52328.png
1300.169921875	0.0	image/607	607	665687	nsd/44720.png
1301.810546875	0.0	image/614	614	666527	nsd/45213.png
1302.642578125	0.0	image/610	610	666953	nsd/44844.png
1303.443359375	0.0	image/636	636	667363	nsd/46460.png
1304.23828125	0.0	image/645	645	667770	nsd/47033.png
1305.02734375	0.0	image/662	662	668174	nsd/48393.png
1312.177734375	0.0	image/830	830	671835	nsd/60305.png
1312.97265625	0.0	image/801	801	672242	nsd/57822.png
1314.544921875	0.0	image/804	804	673047	nsd/58096.png
1315.357421875	0.0	image/726	726	673463	nsd/52990.png
1316.962890625	0.0	image/828	828	674285	nsd/60186.png
1317.796875	0.0	image/801	801	674712	nsd/57822.png
1318.630859375	0.0	image/750	750	675139	nsd/54698.png
1319.462890625	0.0	image/748	748	675565	nsd/54643.png
1320.263671875	0.0	image/826	826	675975	nsd/60094.png
1321.046875	0.0	image/821	821	676376	nsd/59595.png
1321.86328125	0.0	image/755	755	676794	nsd/54959.png
1323.46484375	0.0	image/836	836	677614	nsd/60834.png
1324.28125	0.0	image/754	754	678032	nsd/54913.png
1325.07421875	0.0	image/800	800	678438	nsd/57681.png
1325.845703125	0.0	image/828	828	678833	nsd/60186.png
1326.630859375	0.0	image/722	722	679235	nsd/52598.png
1327.44921875	0.0	image/787	787	679654	nsd/56850.png
1328.25	0.0	image/762	762	680064	nsd/55649.png
1329.8671875	0.0	image/825	825	680892	nsd/59994.png
1330.68359375	0.0	image/736	736	681310	nsd/53570.png
1332.283203125	0.0	image/834	834	682129	nsd/60553.png
1333.068359375	0.0	image/727	727	682531	nsd/53052.png
1333.884765625	0.0	image/833	833	682949	nsd/60519.png
1334.685546875	0.0	image/770	770	683359	nsd/56042.png
1335.46875	0.0	image/809	809	683760	nsd/58668.png
1336.236328125	0.0	image/722	722	684153	nsd/52598.png
1337.068359375	0.0	image/823	823	684579	nsd/59699.png
1337.8515625	0.0	image/753	753	684980	nsd/54824.png
1338.669921875	0.0	image/786	786	685399	nsd/56784.png
1339.501953125	0.0	image/755	755	685825	nsd/54959.png
1341.103515625	0.0	image/759	759	686645	nsd/55405.png
1341.88671875	0.0	image/744	744	687046	nsd/54147.png
1342.716796875	0.0	image/802	802	687471	nsd/57838.png
1343.484375	0.0	image/780	780	687864	nsd/56670.png
1344.298828125	0.0	image/728	728	688281	nsd/53070.png
1345.0703125	0.0	image/833	833	688676	nsd/60519.png
1345.85546875	0.0	image/797	797	689078	nsd/57553.png
1346.6328125	0.0	image/840	840	689476	nsd/61122.png
1347.416015625	0.0	image/765	765	689877	nsd/55680.png
1348.22265625	0.0	image/806	806	690290	nsd/58164.png
1349.0234375	0.0	image/821	821	690700	nsd/59595.png
1349.83984375	0.0	image/768	768	691118	nsd/55968.png
1350.65625	0.0	image/761	761	691536	nsd/55526.png
1351.490234375	0.0	image/740	740	691963	nsd/53858.png
1352.306640625	0.0	image/793	793	692381	nsd/57435.png
1353.123046875	0.0	image/776	776	692799	nsd/56314.png
1353.90625	0.0	image/838	838	693200	nsd/60867.png
1354.70703125	0.0	image/803	803	693610	nsd/57906.png
1355.490234375	0.0	image/769	769	694011	nsd/55969.png
1356.30859375	0.0	image/768	768	694430	nsd/55968.png
1357.091796875	0.0	image/745	745	694831	nsd/54257.png
1357.875	0.0	image/810	810	695232	nsd/58681.png
1358.708984375	0.0	image/807	807	695659	nsd/58187.png
1359.53515625	0.0	image/749	749	696082	nsd/54683.png
1360.341796875	0.0	image/728	728	696495	nsd/53070.png
1361.17578125	0.0	image/810	810	696922	nsd/58681.png
1361.9921875	0.0	image/771	771	697340	nsd/56066.png
1362.826171875	0.0	image/762	762	697767	nsd/55649.png
1363.642578125	0.0	image/770	770	698185	nsd/56042.png
1364.4609375	0.0	image/816	816	698604	nsd/59194.png
1365.259765625	0.0	image/820	820	699013	nsd/59585.png
1366.060546875	0.0	image/726	726	699423	nsd/52990.png
1366.873046875	0.0	image/796	796	699839	nsd/57542.png
1367.6953125	0.0	image/751	751	700260	nsd/54743.png
1368.478515625	0.0	image/747	747	700661	nsd/54389.png
1369.26171875	0.0	image/798	798	701062	nsd/57648.png
1370.095703125	0.0	image/736	736	701489	nsd/53570.png
1370.912109375	0.0	image/749	749	701907	nsd/54683.png
1371.740234375	0.0	image/787	787	702331	nsd/56850.png
1372.51171875	0.0	image/772	772	702726	nsd/56126.png
1374.12890625	0.0	image/814	814	703554	nsd/59079.png
1375.763671875	0.0	image/757	757	704391	nsd/55107.png
1376.564453125	0.0	image/831	831	704801	nsd/60456.png
1378.130859375	0.0	image/784	784	705603	nsd/56751.png
1378.947265625	0.0	image/792	792	706021	nsd/57060.png
1379.728515625	0.0	image/794	794	706421	nsd/57443.png
1380.53125	0.0	image/813	813	706832	nsd/59046.png
1382.166015625	0.0	image/817	817	707669	nsd/59284.png
1382.94921875	0.0	image/724	724	708070	nsd/52892.png
1383.78125	0.0	image/788	788	708496	nsd/56867.png
1384.56640625	0.0	image/730	730	708898	nsd/53155.png
1385.39453125	0.0	image/789	789	709322	nsd/56911.png
1386.19921875	0.0	image/729	729	709734	nsd/53152.png
1387.833984375	0.0	image/785	785	710571	nsd/56782.png
1388.6171875	0.0	image/735	735	710972	nsd/53511.png
1389.400390625	0.0	image/725	725	711373	nsd/52931.png
1390.19921875	0.0	image/739	739	711782	nsd/53773.png
1390.984375	0.0	image/784	784	712184	nsd/56751.png
1391.783203125	0.0	image/830	830	712593	nsd/60305.png
1392.568359375	0.0	image/790	790	712995	nsd/56948.png
1393.369140625	0.0	image/791	791	713405	nsd/57046.png
1394.982421875	0.0	image/752	752	714231	nsd/54812.png
1395.751953125	0.0	image/763	763	714625	nsd/55669.png
1396.5859375	0.0	image/832	832	715052	nsd/60505.png
1397.3828125	0.0	image/822	822	715460	nsd/59631.png
1398.169921875	0.0	image/815	815	715863	nsd/59091.png
1398.986328125	0.0	image/831	831	716281	nsd/60456.png
1399.771484375	0.0	image/818	818	716683	nsd/59419.png
1400.5703125	0.0	image/767	767	717092	nsd/55933.png
1401.404296875	0.0	image/835	835	717519	nsd/60725.png
1402.1875	0.0	image/773	773	717920	nsd/56154.png
1403.005859375	0.0	image/758	758	718339	nsd/55163.png
1403.822265625	0.0	image/800	800	718757	nsd/57681.png
1404.60546875	0.0	image/838	838	719158	nsd/60867.png
1405.388671875	0.0	image/835	835	719559	nsd/60725.png
1406.203125	0.0	image/735	735	719976	nsd/53511.png
1407.005859375	0.0	image/788	788	720387	nsd/56867.png
1407.83984375	0.0	image/778	778	720814	nsd/56454.png
1408.65625	0.0	image/806	806	721232	nsd/58164.png
1409.45703125	0.0	image/773	773	721642	nsd/56154.png
1410.234375	0.0	image/811	811	722040	nsd/59023.png
1411.056640625	0.0	image/769	769	722461	nsd/55969.png
1411.857421875	0.0	image/818	818	722871	nsd/59419.png
1412.658203125	0.0	image/775	775	723281	nsd/56290.png
1413.474609375	0.0	image/732	732	723699	nsd/53270.png
1414.2578125	0.0	image/742	742	724100	nsd/53891.png
1415.05859375	0.0	image/777	777	724510	nsd/56418.png
1415.875	0.0	image/783	783	724928	nsd/56723.png
1416.66015625	0.0	image/744	744	725330	nsd/54147.png
1417.443359375	0.0	image/734	734	725731	nsd/53489.png
1418.259765625	0.0	image/767	767	726149	nsd/55933.png
1419.09375	0.0	image/764	764	726576	nsd/55678.png
1419.876953125	0.0	image/783	783	726977	nsd/56723.png
1420.677734375	0.0	image/740	740	727387	nsd/53858.png
1422.294921875	0.0	image/813	813	728215	nsd/59046.png
1423.078125	0.0	image/754	754	728616	nsd/54913.png
1423.87109375	0.0	image/825	825	729022	nsd/59994.png
1424.64453125	0.0	image/750	750	729418	nsd/54698.png
1425.427734375	0.0	image/803	803	729819	nsd/57906.png
1426.212890625	0.0	image/774	774	730221	nsd/56269.png
1427.029296875	0.0	image/814	814	730639	nsd/59079.png
1427.845703125	0.0	image/805	805	731057	nsd/58144.png
1428.62890625	0.0	image/746	746	731458	nsd/54361.png
1429.447265625	0.0	image/789	789	731877	nsd/56911.png
1431.0625	0.0	image/748	748	732704	nsd/54643.png
1431.84765625	0.0	image/761	761	733106	nsd/55526.png
1432.681640625	0.0	image/811	811	733533	nsd/59023.png
1433.46484375	0.0	image/733	733	733934	nsd/53370.png
1434.28125	0.0	image/793	793	734352	nsd/57435.png
1435.064453125	0.0	image/802	802	734753	nsd/57838.png
1435.865234375	0.0	image/757	757	735163	nsd/55107.png
1436.6484375	0.0	image/840	840	735564	nsd/61122.png
1437.482421875	0.0	image/790	790	735991	nsd/56948.png
1438.265625	0.0	image/732	732	736392	nsd/53270.png
1439.060546875	0.0	image/727	727	736799	nsd/53052.png
1439.8828125	0.0	image/808	808	737220	nsd/58404.png
1440.6875	0.0	image/782	782	737632	nsd/56695.png
1441.509765625	0.0	image/776	776	738053	nsd/56314.png
1442.333984375	0.0	image/807	807	738475	nsd/58187.png
1443.14453125	0.0	image/729	729	738890	nsd/53152.png
1443.966796875	0.0	image/751	751	739311	nsd/54743.png
1444.751953125	0.0	image/819	819	739713	nsd/59420.png
1445.568359375	0.0	image/839	839	740131	nsd/60978.png
1446.384765625	0.0	image/815	815	740549	nsd/59091.png
1447.201171875	0.0	image/741	741	740967	nsd/53881.png
1447.984375	0.0	image/737	737	741368	nsd/53727.png
1448.802734375	0.0	image/785	785	741787	nsd/56782.png
1449.63671875	0.0	image/798	798	742214	nsd/57648.png
1450.435546875	0.0	image/763	763	742623	nsd/55669.png
1451.251953125	0.0	image/832	832	743041	nsd/60505.png
1452.052734375	0.0	image/808	808	743451	nsd/58404.png
1452.869140625	0.0	image/743	743	743869	nsd/54078.png
1453.6875	0.0	image/738	738	744288	nsd/53728.png
1454.46484375	0.0	image/739	739	744686	nsd/53773.png
1455.26953125	0.0	image/812	812	745098	nsd/59039.png
1456.0546875	0.0	image/817	817	745500	nsd/59284.png
1456.837890625	0.0	image/786	786	745901	nsd/56784.png
1457.6484375	0.0	image/781	781	746316	nsd/56681.png
1458.47265625	0.0	image/805	805	746738	nsd/58144.png
1459.265625	0.0	image/756	756	747144	nsd/55005.png
1460.052734375	0.0	image/725	725	747547	nsd/52931.png
1460.833984375	0.0	image/742	742	747947	nsd/53891.png
1462.47265625	0.0	image/752	752	748786	nsd/54812.png
1463.28515625	0.0	image/836	836	749202	nsd/60834.png
1464.83984375	0.0	image/780	780	749998	nsd/56670.png
1465.66796875	0.0	image/816	816	750422	nsd/59194.png
1466.45703125	0.0	image/756	756	750826	nsd/55005.png
1467.240234375	0.0	image/745	745	751227	nsd/54257.png
1468.05859375	0.0	image/827	827	751646	nsd/60119.png
1468.857421875	0.0	image/824	824	752055	nsd/59817.png
1469.640625	0.0	image/721	721	752456	nsd/52596.png
1470.42578125	0.0	image/795	795	752858	nsd/57478.png
1471.259765625	0.0	image/826	826	753285	nsd/60094.png
1472.05859375	0.0	image/775	775	753694	nsd/56290.png
1472.869140625	0.0	image/782	782	754109	nsd/56695.png
1473.66015625	0.0	image/743	743	754514	nsd/54078.png
1474.458984375	0.0	image/799	799	754923	nsd/57650.png
1475.259765625	0.0	image/746	746	755333	nsd/54361.png
1476.056640625	0.0	image/753	753	755741	nsd/54824.png
1476.876953125	0.0	image/797	797	756161	nsd/57553.png
1477.6875	0.0	image/792	792	756576	nsd/57060.png
1478.478515625	0.0	image/829	829	756981	nsd/60251.png
1479.26171875	0.0	image/741	741	757382	nsd/53881.png
1480.05859375	0.0	image/799	799	757790	nsd/57650.png
1481.6796875	0.0	image/737	737	758620	nsd/53727.png
1482.490234375	0.0	image/759	759	759035	nsd/55405.png
1483.3125	0.0	image/738	738	759456	nsd/53728.png
1484.12890625	0.0	image/723	723	759874	nsd/52652.png
1484.962890625	0.0	image/730	730	760301	nsd/53155.png
1485.74609375	0.0	image/731	731	760702	nsd/53157.png
1486.546875	0.0	image/747	747	761112	nsd/54389.png
1487.36328125	0.0	image/765	765	761530	nsd/55680.png
1488.16015625	0.0	image/774	774	761938	nsd/56269.png
1489.78125	0.0	image/834	834	762768	nsd/60553.png
1490.59765625	0.0	image/819	819	763186	nsd/59420.png
1491.416015625	0.0	image/809	809	763605	nsd/58668.png
1492.248046875	0.0	image/778	778	764031	nsd/56454.png
1493.044921875	0.0	image/760	760	764439	nsd/55408.png
1493.814453125	0.0	image/827	827	764833	nsd/60119.png
1494.58203125	0.0	image/829	829	765226	nsd/60251.png
1496.166015625	0.0	image/731	731	766037	nsd/53157.png
1496.966796875	0.0	image/823	823	766447	nsd/59699.png
1497.765625	0.0	image/791	791	766856	nsd/57046.png
1498.599609375	0.0	image/772	772	767283	nsd/56126.png
1499.400390625	0.0	image/724	724	767693	nsd/52892.png
1500.18359375	0.0	image/766	766	768094	nsd/55857.png
1500.990234375	0.0	image/734	734	768507	nsd/53489.png
1501.833984375	0.0	image/781	781	768939	nsd/56681.png
1502.634765625	0.0	image/822	822	769349	nsd/59631.png
1503.431640625	0.0	image/779	779	769757	nsd/56471.png
1504.21875	0.0	image/721	721	770160	nsd/52596.png
1505.001953125	0.0	image/795	795	770561	nsd/57478.png
1505.802734375	0.0	image/760	760	770971	nsd/55408.png
1506.619140625	0.0	image/796	796	771389	nsd/57542.png
1507.435546875	0.0	image/804	804	771807	nsd/58096.png
1508.220703125	0.0	image/764	764	772209	nsd/55678.png
1509.00390625	0.0	image/758	758	772610	nsd/55163.png
1509.787109375	0.0	image/779	779	773011	nsd/56471.png
1511.388671875	0.0	image/824	824	773831	nsd/59817.png
1513.0390625	0.0	image/837	837	774676	nsd/60845.png
1513.85546875	0.0	image/812	812	775094	nsd/59039.png
1515.455078125	0.0	image/733	733	775913	nsd/53370.png
1516.234375	0.0	image/839	839	776312	nsd/60978.png
1517.056640625	0.0	image/766	766	776733	nsd/55857.png
1517.83984375	0.0	image/837	837	777134	nsd/60845.png
1518.65625	0.0	image/723	723	777552	nsd/52652.png
1519.451171875	0.0	image/771	771	777959	nsd/56066.png
1520.2734375	0.0	image/777	777	778380	nsd/56418.png
1521.908203125	0.0	image/794	794	779217	nsd/57443.png
1523.57421875	0.0	image/820	820	780070	nsd/59585.png
1530.587890625	0.0	image/842	842	783661	nsd/61177.png
1531.380859375	0.0	image/844	844	784067	nsd/61510.png
1532.171875	0.0	image/909	909	784472	nsd/65943.png
1532.970703125	0.0	image/857	857	784881	nsd/62209.png
1533.75390625	0.0	image/894	894	785282	nsd/65187.png
1534.5390625	0.0	image/926	926	785684	nsd/67045.png
1535.373046875	0.0	image/906	906	786111	nsd/65821.png
1536.189453125	0.0	image/955	955	786529	nsd/69442.png
1536.990234375	0.0	image/909	909	786939	nsd/65943.png
1538.568359375	0.0	image/917	917	787747	nsd/66464.png
1539.357421875	0.0	image/870	870	788151	nsd/63345.png
1540.140625	0.0	image/867	867	788552	nsd/62960.png
1540.935546875	0.0	image/946	946	788959	nsd/68842.png
1541.71875	0.0	image/919	919	789360	nsd/66489.png
1542.5234375	0.0	image/921	921	789772	nsd/66643.png
1543.341796875	0.0	image/945	945	790191	nsd/68814.png
1544.158203125	0.0	image/939	939	790609	nsd/68278.png
1544.96875	0.0	image/944	944	791024	nsd/68741.png
1545.775390625	0.0	image/879	879	791437	nsd/64096.png
1546.576171875	0.0	image/885	885	791847	nsd/64687.png
1547.408203125	0.0	image/844	844	792273	nsd/61510.png
1548.193359375	0.0	image/919	919	792675	nsd/66489.png
1548.990234375	0.0	image/912	912	793083	nsd/66216.png
1549.7890625	0.0	image/925	925	793492	nsd/66976.png
1550.603515625	0.0	image/878	878	793909	nsd/64004.png
1551.376953125	0.0	image/880	880	794305	nsd/64295.png
1552.2109375	0.0	image/851	851	794732	nsd/61801.png
1552.994140625	0.0	image/937	937	795133	nsd/68023.png
1554.62890625	0.0	image/924	924	795970	nsd/66946.png
1555.412109375	0.0	image/869	869	796371	nsd/63182.png
1556.2109375	0.0	image/926	926	796780	nsd/67045.png
1557.044921875	0.0	image/888	888	797207	nsd/64880.png
1557.82421875	0.0	image/950	950	797606	nsd/69025.png
1559.4296875	0.0	image/910	910	798428	nsd/66004.png
1561.046875	0.0	image/915	915	799256	nsd/66342.png
1562.697265625	0.0	image/947	947	800101	nsd/68858.png
1563.498046875	0.0	image/878	878	800511	nsd/64004.png
1564.330078125	0.0	image/876	876	800937	nsd/63931.png
1565.115234375	0.0	image/896	896	801339	nsd/65253.png
1565.892578125	0.0	image/943	943	801737	nsd/68471.png
1566.658203125	0.0	image/933	933	802129	nsd/67363.png
1567.46484375	0.0	image/889	889	802542	nsd/64893.png
1568.29296875	0.0	image/866	866	802966	nsd/62748.png
1569.0625	0.0	image/884	884	803360	nsd/64621.png
1569.849609375	0.0	image/843	843	803763	nsd/61216.png
1570.634765625	0.0	image/864	864	804165	nsd/62561.png
1571.44921875	0.0	image/883	883	804582	nsd/64615.png
1572.25	0.0	image/932	932	804992	nsd/67295.png
1573.05078125	0.0	image/928	928	805402	nsd/67168.png
1573.828125	0.0	image/949	949	805800	nsd/69007.png
1574.615234375	0.0	image/940	940	806203	nsd/68311.png
1575.400390625	0.0	image/907	907	806605	nsd/65872.png
1576.18359375	0.0	image/885	885	807006	nsd/64687.png
1576.96875	0.0	image/860	860	807408	nsd/62302.png
1577.767578125	0.0	image/857	857	807817	nsd/62209.png
1578.5859375	0.0	image/941	941	808236	nsd/68339.png
1579.369140625	0.0	image/946	946	808637	nsd/68842.png
1580.96875	0.0	image/903	903	809456	nsd/65686.png
1581.763671875	0.0	image/866	866	809863	nsd/62748.png
1582.5703125	0.0	image/942	942	810276	nsd/68418.png
1583.353515625	0.0	image/949	949	810677	nsd/69007.png
1584.13671875	0.0	image/873	873	811078	nsd/63781.png
1584.953125	0.0	image/934	934	811496	nsd/67742.png
1585.73046875	0.0	image/887	887	811894	nsd/64867.png
1587.3203125	0.0	image/888	888	812708	nsd/64880.png
1588.12109375	0.0	image/894	894	813118	nsd/65187.png
1588.904296875	0.0	image/872	872	813519	nsd/63746.png
1589.71875	0.0	image/865	865	813936	nsd/62683.png
1590.5390625	0.0	image/870	870	814356	nsd/63345.png
1591.333984375	0.0	image/956	956	814763	nsd/69502.png
1592.138671875	0.0	image/902	902	815175	nsd/65654.png
1592.939453125	0.0	image/927	927	815585	nsd/67113.png
1594.556640625	0.0	image/917	917	816413	nsd/66464.png
1595.373046875	0.0	image/921	921	816831	nsd/66643.png
1596.974609375	0.0	image/931	931	817651	nsd/67252.png
1597.787109375	0.0	image/880	880	818067	nsd/64295.png
1598.591796875	0.0	image/891	891	818479	nsd/65010.png
1599.41796875	0.0	image/953	953	818902	nsd/69214.png
1601.0078125	0.0	image/842	842	819716	nsd/61177.png
1601.8046875	0.0	image/918	918	820124	nsd/66479.png
1602.587890625	0.0	image/904	904	820525	nsd/65769.png
1603.375	0.0	image/847	847	820928	nsd/61738.png
1604.171875	0.0	image/952	952	821336	nsd/69130.png
1604.98828125	0.0	image/907	907	821754	nsd/65872.png
1606.638671875	0.0	image/913	913	822599	nsd/66278.png
1608.244140625	0.0	image/912	912	823421	nsd/66216.png
1609.078125	0.0	image/853	853	823848	nsd/61873.png
1609.89453125	0.0	image/922	922	824266	nsd/66773.png
1610.677734375	0.0	image/953	953	824667	nsd/69214.png
1611.494140625	0.0	image/895	895	825085	nsd/65232.png
1612.328125	0.0	image/871	871	825512	nsd/63449.png
1613.14453125	0.0	image/952	952	825930	nsd/69130.png
1613.9296875	0.0	image/951	951	826332	nsd/69030.png
1614.74609375	0.0	image/876	876	826750	nsd/63931.png
1615.556640625	0.0	image/865	865	827165	nsd/62683.png
1616.330078125	0.0	image/911	911	827561	nsd/66214.png
1617.146484375	0.0	image/936	936	827979	nsd/67829.png
1617.94140625	0.0	image/892	892	828386	nsd/65069.png
1618.71484375	0.0	image/861	861	828782	nsd/62365.png
1619.546875	0.0	image/873	873	829208	nsd/63781.png
1620.36328125	0.0	image/941	941	829626	nsd/68339.png
1621.181640625	0.0	image/852	852	830045	nsd/61809.png
1621.96484375	0.0	image/905	905	830446	nsd/65799.png
1622.765625	0.0	image/924	924	830856	nsd/66946.png
1623.548828125	0.0	image/884	884	831257	nsd/64621.png
1624.365234375	0.0	image/861	861	831675	nsd/62365.png
1625.978515625	0.0	image/868	868	832501	nsd/63081.png
1626.75	0.0	image/938	938	832896	nsd/68168.png
1627.560546875	0.0	image/927	927	833311	nsd/67113.png
1628.349609375	0.0	image/867	867	833715	nsd/62960.png
1629.150390625	0.0	image/877	877	834125	nsd/63944.png
1629.951171875	0.0	image/906	906	834535	nsd/65821.png
1630.767578125	0.0	image/871	871	834953	nsd/63449.png
1631.59765625	0.0	image/846	846	835378	nsd/61677.png
1633.201171875	0.0	image/913	913	836199	nsd/66278.png
1634.03515625	0.0	image/908	908	836626	nsd/65920.png
1634.818359375	0.0	image/957	957	837027	nsd/69614.png
1635.62890625	0.0	image/929	929	837442	nsd/67204.png
1636.453125	0.0	image/937	937	837864	nsd/68023.png
1637.251953125	0.0	image/932	932	838273	nsd/67295.png
1638.048828125	0.0	image/872	872	838681	nsd/63746.png
1638.853515625	0.0	image/928	928	839093	nsd/67168.png
1639.654296875	0.0	image/869	869	839503	nsd/63182.png
1640.453125	0.0	image/914	914	839912	nsd/66330.png
1641.271484375	0.0	image/900	900	840331	nsd/65445.png
1642.06640625	0.0	image/954	954	840738	nsd/69240.png
1642.87109375	0.0	image/862	862	841150	nsd/62479.png
1643.654296875	0.0	image/910	910	841551	nsd/66004.png
1644.4375	0.0	image/855	855	841952	nsd/62006.png
1645.255859375	0.0	image/864	864	842371	nsd/62561.png
1646.85546875	0.0	image/891	891	843190	nsd/65010.png
1647.638671875	0.0	image/893	893	843591	nsd/65148.png
1648.421875	0.0	image/930	930	843992	nsd/67237.png
1649.251953125	0.0	image/875	875	844417	nsd/63922.png
1650.0234375	0.0	image/916	916	844812	nsd/66421.png
1650.83984375	0.0	image/896	896	845230	nsd/65253.png
1651.640625	0.0	image/902	902	845640	nsd/65654.png
1652.44140625	0.0	image/858	858	846050	nsd/62228.png
1653.240234375	0.0	image/935	935	846459	nsd/67802.png
1654.82421875	0.0	image/939	939	847270	nsd/68278.png
1655.6015625	0.0	image/904	904	847668	nsd/65769.png
1656.375	0.0	image/854	854	848064	nsd/61972.png
1657.169921875	0.0	image/930	930	848471	nsd/67237.png
1657.974609375	0.0	image/846	846	848883	nsd/61677.png
1658.759765625	0.0	image/908	908	849285	nsd/65920.png
1660.34375	0.0	image/911	911	850096	nsd/66214.png
1661.12890625	0.0	image/874	874	850498	nsd/63825.png
1661.95703125	0.0	image/883	883	850922	nsd/64615.png
1662.759765625	0.0	image/923	923	851333	nsd/66836.png
1663.578125	0.0	image/925	925	851752	nsd/66976.png
1664.41015625	0.0	image/851	851	852178	nsd/61801.png
1665.228515625	0.0	image/956	956	852597	nsd/69502.png
1666.005859375	0.0	image/920	920	852995	nsd/66580.png
1666.77734375	0.0	image/863	863	853390	nsd/62544.png
1667.5625	0.0	image/852	852	853792	nsd/61809.png
1668.345703125	0.0	image/848	848	854193	nsd/61748.png
1669.138671875	0.0	image/897	897	854599	nsd/65267.png
1669.9453125	0.0	image/920	920	855012	nsd/66580.png
1671.513671875	0.0	image/957	957	855815	nsd/69614.png
1672.330078125	0.0	image/959	959	856233	nsd/69785.png
1673.140625	0.0	image/848	848	856648	nsd/61748.png
1673.908203125	0.0	image/875	875	857041	nsd/63922.png
1674.712890625	0.0	image/841	841	857453	nsd/61133.png
1675.513671875	0.0	image/898	898	857863	nsd/65376.png
1676.298828125	0.0	image/879	879	858265	nsd/64096.png
1677.115234375	0.0	image/886	886	858683	nsd/64771.png
1677.896484375	0.0	image/960	960	859083	nsd/69813.png
1678.69921875	0.0	image/934	934	859494	nsd/67742.png
1679.53125	0.0	image/893	893	859920	nsd/65148.png
1680.33203125	0.0	image/900	900	860330	nsd/65445.png
1681.1328125	0.0	image/847	847	860740	nsd/61738.png
1681.966796875	0.0	image/882	882	861167	nsd/64498.png
1683.55078125	0.0	image/890	890	861978	nsd/64979.png
1684.349609375	0.0	image/862	862	862387	nsd/62479.png
1685.150390625	0.0	image/948	948	862797	nsd/68897.png
1685.966796875	0.0	image/936	936	863215	nsd/67829.png
1686.78515625	0.0	image/841	841	863634	nsd/61133.png
1687.583984375	0.0	image/856	856	864043	nsd/62015.png
1688.3671875	0.0	image/960	960	864444	nsd/69813.png
1689.16796875	0.0	image/887	887	864854	nsd/64867.png
1689.984375	0.0	image/897	897	865272	nsd/65267.png
1690.779296875	0.0	image/850	850	865679	nsd/61797.png
1691.59765625	0.0	image/958	958	866098	nsd/69616.png
1692.369140625	0.0	image/933	933	866493	nsd/67363.png
1693.203125	0.0	image/890	890	866920	nsd/64979.png
1694.01953125	0.0	image/954	954	867338	nsd/69240.png
1694.84765625	0.0	image/951	951	867762	nsd/69030.png
1695.63671875	0.0	image/935	935	868166	nsd/67802.png
1697.255859375	0.0	image/858	858	868995	nsd/62228.png
1698.037109375	0.0	image/943	943	869395	nsd/68471.png
1698.837890625	0.0	image/942	942	869805	nsd/68418.png
1699.65625	0.0	image/874	874	870224	nsd/63825.png
1700.4375	0.0	image/853	853	870624	nsd/61873.png
1701.22265625	0.0	image/850	850	871026	nsd/61797.png
1702.0	0.0	image/845	845	871424	nsd/61513.png
1702.783203125	0.0	image/849	849	871825	nsd/61752.png
1704.373046875	0.0	image/881	881	872639	nsd/64483.png
1705.150390625	0.0	image/895	895	873037	nsd/65232.png
1705.955078125	0.0	image/959	959	873449	nsd/69785.png
1706.791015625	0.0	image/905	905	873877	nsd/65799.png
1707.5859375	0.0	image/918	918	874284	nsd/66479.png
1708.390625	0.0	image/916	916	874696	nsd/66421.png
1709.224609375	0.0	image/889	889	875123	nsd/64893.png
1710.041015625	0.0	image/948	948	875541	nsd/68897.png
1710.82421875	0.0	image/914	914	875942	nsd/66330.png
1711.63671875	0.0	image/938	938	876358	nsd/68168.png
1712.458984375	0.0	image/856	856	876779	nsd/62015.png
1713.28515625	0.0	image/899	899	877202	nsd/65414.png
1714.92578125	0.0	image/955	955	878042	nsd/69442.png
1715.708984375	0.0	image/854	854	878443	nsd/61972.png
1716.4921875	0.0	image/881	881	878844	nsd/64483.png
1717.310546875	0.0	image/860	860	879263	nsd/62302.png
1718.09375	0.0	image/958	958	879664	nsd/69616.png
1718.921875	0.0	image/849	849	880088	nsd/61752.png
1719.693359375	0.0	image/947	947	880483	nsd/68858.png
1720.478515625	0.0	image/898	898	880885	nsd/65376.png
1721.2890625	0.0	image/950	950	881300	nsd/69025.png
1722.078125	0.0	image/901	901	881704	nsd/65639.png
1722.912109375	0.0	image/944	944	882131	nsd/68741.png
1723.744140625	0.0	image/892	892	882557	nsd/65069.png
1724.578125	0.0	image/859	859	882984	nsd/62275.png
1725.37890625	0.0	image/915	915	883394	nsd/66342.png
1726.162109375	0.0	image/882	882	883795	nsd/64498.png
1726.990234375	0.0	image/843	843	884219	nsd/61216.png
1727.794921875	0.0	image/929	929	884631	nsd/67204.png
1728.630859375	0.0	image/931	931	885059	nsd/67252.png
1730.248046875	0.0	image/868	868	885887	nsd/63081.png
1731.03125	0.0	image/901	901	886288	nsd/65639.png
1731.826171875	0.0	image/877	877	886695	nsd/63944.png
1732.6484375	0.0	image/845	845	887116	nsd/61513.png
1733.431640625	0.0	image/886	886	887517	nsd/64771.png
1734.232421875	0.0	image/899	899	887927	nsd/65414.png
1735.048828125	0.0	image/945	945	888345	nsd/68814.png
1735.849609375	0.0	image/922	922	888755	nsd/66773.png
1736.681640625	0.0	image/903	903	889181	nsd/65686.png
1737.49609375	0.0	image/855	855	889598	nsd/62006.png
1738.298828125	0.0	image/859	859	890009	nsd/62275.png
1739.083984375	0.0	image/923	923	890411	nsd/66836.png
1739.8671875	0.0	image/863	863	890812	nsd/62544.png
1740.68359375	0.0	image/940	940	891230	nsd/68311.png
1748.357421875	0.0	image/83	83	895159	nsd/7944.png
1749.16796875	0.0	image/20	20	895574	nsd/3847.png
1749.94140625	0.0	image/45	45	895970	nsd/5301.png
1751.55859375	0.0	image/56	56	896798	nsd/5890.png
1752.357421875	0.0	image/67	67	897207	nsd/6640.png
1753.958984375	0.0	image/40	40	898027	nsd/4930.png
1754.787109375	0.0	image/53	53	898451	nsd/5602.png
1756.42578125	0.0	image/20	20	899290	nsd/3847.png
1757.9765625	0.0	image/30	30	900084	nsd/4423.png
1758.791015625	0.0	image/90	90	900501	nsd/8262.png
1759.587890625	0.0	image/81	81	900909	nsd/7840.png
1760.376953125	0.0	image/14	14	901313	nsd/3626.png
1761.1953125	0.0	image/53	53	901732	nsd/5602.png
1761.994140625	0.0	image/66	66	902141	nsd/6558.png
1762.8125	0.0	image/74	74	902560	nsd/7336.png
1763.595703125	0.0	image/29	29	902961	nsd/4325.png
1764.375	0.0	image/15	15	903360	nsd/3682.png
1765.146484375	0.0	image/8	8	903755	nsd/3171.png
1765.98046875	0.0	image/77	77	904182	nsd/7418.png
1766.8125	0.0	image/23	23	904608	nsd/3951.png
1767.59765625	0.0	image/115	115	905010	nsd/9865.png
1768.408203125	0.0	image/87	87	905425	nsd/8109.png
1769.98046875	0.0	image/91	91	906230	nsd/8274.png
1770.78125	0.0	image/63	63	906640	nsd/6514.png
1771.58203125	0.0	image/48	48	907050	nsd/5459.png
1772.4140625	0.0	image/1	1	907476	nsd/2950.png
1773.232421875	0.0	image/70	70	907895	nsd/7007.png
1774.060546875	0.0	image/68	68	908319	nsd/6713.png
1775.6484375	0.0	image/51	51	909132	nsd/5574.png
1776.4765625	0.0	image/86	86	909556	nsd/8006.png
1778.05078125	0.0	image/35	35	910362	nsd/4768.png
1778.845703125	0.0	image/41	41	910769	nsd/5034.png
1779.646484375	0.0	image/39	39	911179	nsd/4892.png
1780.4296875	0.0	image/95	95	911580	nsd/8415.png
1781.224609375	0.0	image/18	18	911987	nsd/3809.png
1782.025390625	0.0	image/79	79	912397	nsd/7654.png
1782.833984375	0.0	image/22	22	912811	nsd/3913.png
1783.6640625	0.0	image/94	94	913236	nsd/8394.png
1784.484375	0.0	image/79	79	913656	nsd/7654.png
1785.302734375	0.0	image/27	27	914075	nsd/4156.png
1786.1015625	0.0	image/37	37	914484	nsd/4835.png
1786.935546875	0.0	image/31	31	914911	nsd/4436.png
1787.7265625	0.0	image/104	104	915316	nsd/8933.png
1788.50390625	0.0	image/96	96	915714	nsd/8435.png
1789.296875	0.0	image/99	99	916120	nsd/8631.png
1790.09765625	0.0	image/106	106	916530	nsd/9048.png
1790.88671875	0.0	image/11	11	916934	nsd/3434.png
1791.669921875	0.0	image/59	59	917335	nsd/6222.png
1792.470703125	0.0	image/97	97	917745	nsd/8465.png
1793.265625	0.0	image/27	27	918152	nsd/4156.png
1794.087890625	0.0	image/26	26	918573	nsd/4129.png
1794.900390625	0.0	image/41	41	918989	nsd/5034.png
1795.689453125	0.0	image/23	23	919393	nsd/3951.png
1796.48828125	0.0	image/108	108	919802	nsd/9230.png
1797.283203125	0.0	image/78	78	920209	nsd/7480.png
1798.056640625	0.0	image/114	114	920605	nsd/9847.png
1798.83984375	0.0	image/28	28	921006	nsd/4249.png
1799.673828125	0.0	image/86	86	921433	nsd/8006.png
1800.490234375	0.0	image/24	24	921851	nsd/4051.png
1801.26953125	0.0	image/84	84	922250	nsd/7948.png
1802.052734375	0.0	image/32	32	922651	nsd/4612.png
1802.82421875	0.0	image/89	89	923046	nsd/8225.png
1803.625	0.0	image/71	71	923456	nsd/7039.png
1804.408203125	0.0	image/35	35	923857	nsd/4768.png
1805.2421875	0.0	image/104	104	924284	nsd/8933.png
1806.025390625	0.0	image/73	73	924685	nsd/7207.png
1806.8359375	0.0	image/65	65	925100	nsd/6524.png
1807.603515625	0.0	image/63	63	925493	nsd/6514.png
1808.392578125	0.0	image/113	113	925897	nsd/9804.png
1809.228515625	0.0	image/25	25	926325	nsd/4058.png
1810.04296875	0.0	image/34	34	926742	nsd/4690.png
1810.826171875	0.0	image/105	105	927143	nsd/9027.png
1811.609375	0.0	image/61	61	927544	nsd/6444.png
1812.427734375	0.0	image/117	117	927963	nsd/9978.png
1813.244140625	0.0	image/8	8	928381	nsd/3171.png
1814.0390625	0.0	image/60	60	928788	nsd/6431.png
1814.828125	0.0	image/94	94	929192	nsd/8394.png
1815.611328125	0.0	image/112	112	929593	nsd/9722.png
1816.39453125	0.0	image/29	29	929994	nsd/4325.png
1817.2109375	0.0	image/21	21	930412	nsd/3856.png
1818.041015625	0.0	image/76	76	930837	nsd/7409.png
1819.61328125	0.0	image/103	103	931642	nsd/8925.png
1820.44140625	0.0	image/17	17	932066	nsd/3729.png
1821.20703125	0.0	image/89	89	932458	nsd/8225.png
1821.99609375	0.0	image/16	16	932862	nsd/3687.png
1822.82421875	0.0	image/66	66	933286	nsd/6558.png
1823.630859375	0.0	image/10	10	933699	nsd/3386.png
1824.447265625	0.0	image/69	69	934117	nsd/6801.png
1826.03125	0.0	image/62	62	934928	nsd/6489.png
1826.814453125	0.0	image/120	120	935329	nsd/10064.png
1827.625	0.0	image/19	19	935744	nsd/3842.png
1828.431640625	0.0	image/111	111	936157	nsd/9680.png
1829.248046875	0.0	image/30	30	936575	nsd/4423.png
1830.064453125	0.0	image/56	56	936993	nsd/5890.png
1830.876953125	0.0	image/88	88	937409	nsd/8204.png
1831.666015625	0.0	image/50	50	937813	nsd/5542.png
1832.4765625	0.0	image/33	33	938228	nsd/4667.png
1834.0625	0.0	image/61	61	939040	nsd/6444.png
1834.849609375	0.0	image/81	81	939443	nsd/7840.png
1836.431640625	0.0	image/82	82	940253	nsd/7859.png
1837.216796875	0.0	image/62	62	940655	nsd/6489.png
1837.984375	0.0	image/109	109	941048	nsd/9434.png
1838.8125	0.0	image/120	120	941472	nsd/10064.png
1839.634765625	0.0	image/93	93	941893	nsd/8387.png
1840.41796875	0.0	image/69	69	942294	nsd/6801.png
1842.03515625	0.0	image/3	3	943122	nsd/3049.png
1842.84765625	0.0	image/36	36	943538	nsd/4786.png
1843.630859375	0.0	image/49	49	943939	nsd/5502.png
1844.41796875	0.0	image/21	21	944342	nsd/3856.png
1845.220703125	0.0	image/115	115	944753	nsd/9865.png
1846.05078125	0.0	image/17	17	945178	nsd/3729.png
1846.87109375	0.0	image/59	59	945598	nsd/6222.png
1847.6484375	0.0	image/25	25	945996	nsd/4058.png
1848.4140625	0.0	image/90	90	946388	nsd/8262.png
1849.18359375	0.0	image/105	105	946782	nsd/9027.png
1849.98828125	0.0	image/67	67	947194	nsd/6640.png
1850.7890625	0.0	image/6	6	947604	nsd/3157.png
1852.416015625	0.0	image/112	112	948437	nsd/9722.png
1853.189453125	0.0	image/12	12	948833	nsd/3449.png
1853.966796875	0.0	image/46	46	949231	nsd/5338.png
1854.751953125	0.0	image/57	57	949633	nsd/6132.png
1856.357421875	0.0	image/85	85	950455	nsd/7954.png
1857.173828125	0.0	image/2	2	950873	nsd/2990.png
1857.984375	0.0	image/100	100	951288	nsd/8646.png
1858.791015625	0.0	image/107	107	951701	nsd/9147.png
1860.375	0.0	image/82	82	952512	nsd/7859.png
1861.208984375	0.0	image/47	47	952939	nsd/5427.png
1862.01953125	0.0	image/43	43	953354	nsd/5204.png
1862.841796875	0.0	image/75	75	953775	nsd/7366.png
1863.666015625	0.0	image/95	95	954197	nsd/8415.png
1864.458984375	0.0	image/11	11	954603	nsd/3434.png
1865.287109375	0.0	image/52	52	955027	nsd/5583.png
1866.076171875	0.0	image/38	38	955431	nsd/4869.png
1866.859375	0.0	image/76	76	955832	nsd/7409.png
1867.6875	0.0	image/60	60	956256	nsd/6431.png
1868.509765625	0.0	image/54	54	956677	nsd/5714.png
1869.328125	0.0	image/9	9	957096	nsd/3181.png
1870.14453125	0.0	image/103	103	957514	nsd/8925.png
1870.9453125	0.0	image/5	5	957924	nsd/3146.png
1871.728515625	0.0	image/119	119	958325	nsd/10046.png
1872.52734375	0.0	image/12	12	958734	nsd/3449.png
1873.3125	0.0	image/18	18	959136	nsd/3809.png
1874.111328125	0.0	image/51	51	959545	nsd/5574.png
1874.923828125	0.0	image/91	91	959961	nsd/8274.png
1875.728515625	0.0	image/15	15	960373	nsd/3682.png
1876.5078125	0.0	image/9	9	960772	nsd/3181.png
1877.279296875	0.0	image/52	52	961167	nsd/5583.png
1878.095703125	0.0	image/108	108	961585	nsd/9230.png
1878.923828125	0.0	image/16	16	962009	nsd/3687.png
1879.728515625	0.0	image/42	42	962421	nsd/5106.png
1880.541015625	0.0	image/118	118	962837	nsd/10006.png
1882.091796875	0.0	image/77	77	963631	nsd/7418.png
1882.880859375	0.0	image/64	64	964035	nsd/6521.png
1883.681640625	0.0	image/84	84	964445	nsd/7948.png
1884.4765625	0.0	image/117	117	964852	nsd/9978.png
1885.28125	0.0	image/42	42	965264	nsd/5106.png
1886.099609375	0.0	image/36	36	965683	nsd/4786.png
1886.8984375	0.0	image/92	92	966092	nsd/8318.png
1887.68359375	0.0	image/64	64	966494	nsd/6521.png
1888.5	0.0	image/93	93	966912	nsd/8387.png
1889.30078125	0.0	image/50	50	967322	nsd/5542.png
1890.099609375	0.0	image/70	70	967731	nsd/7007.png
1891.716796875	0.0	image/34	34	968559	nsd/4690.png
1892.517578125	0.0	image/19	19	968969	nsd/3842.png
1893.30078125	0.0	image/118	118	969370	nsd/10006.png
1894.083984375	0.0	image/102	102	969771	nsd/8843.png
1894.869140625	0.0	image/78	78	970173	nsd/7480.png
1895.6796875	0.0	image/100	100	970588	nsd/8646.png
1896.46875	0.0	image/80	80	970992	nsd/7659.png
1897.28515625	0.0	image/10	10	971410	nsd/3386.png
1898.099609375	0.0	image/54	54	971827	nsd/5714.png
1898.876953125	0.0	image/106	106	972225	nsd/9048.png
1900.44921875	0.0	image/38	38	973030	nsd/4869.png
1901.26953125	0.0	image/99	99	973450	nsd/8631.png
1902.087890625	0.0	image/24	24	973869	nsd/4051.png
1902.919921875	0.0	image/109	109	974295	nsd/9434.png
1903.73828125	0.0	image/92	92	974714	nsd/8318.png
1904.5703125	0.0	image/32	32	975140	nsd/4612.png
1905.3828125	0.0	image/98	98	975556	nsd/8509.png
1906.154296875	0.0	image/73	73	975951	nsd/7207.png
1906.97265625	0.0	image/83	83	976370	nsd/7944.png
1907.783203125	0.0	image/110	110	976785	nsd/9462.png
1908.58984375	0.0	image/116	116	977198	nsd/9917.png
1909.421875	0.0	image/40	40	977624	nsd/4930.png
1910.22265625	0.0	image/49	49	978034	nsd/5502.png
1911.0234375	0.0	image/4	4	978444	nsd/3077.png
1911.82421875	0.0	image/97	97	978854	nsd/8465.png
1912.603515625	0.0	image/85	85	979253	nsd/7954.png
1913.390625	0.0	image/58	58	979656	nsd/6199.png
1914.19140625	0.0	image/44	44	980066	nsd/5285.png
1914.984375	0.0	image/75	75	980472	nsd/7366.png
1915.8046875	0.0	image/101	101	980892	nsd/8807.png
1916.607421875	0.0	image/55	55	981303	nsd/5878.png
1917.408203125	0.0	image/28	28	981713	nsd/4249.png
1919.01953125	0.0	image/88	88	982538	nsd/8204.png
1919.841796875	0.0	image/4	4	982959	nsd/3077.png
1920.626953125	0.0	image/113	113	983361	nsd/9804.png
1921.41015625	0.0	image/5	5	983762	nsd/3146.png
1922.244140625	0.0	image/80	80	984189	nsd/7659.png
1923.021484375	0.0	image/39	39	984587	nsd/4892.png
1923.82421875	0.0	image/102	102	984998	nsd/8843.png
1924.642578125	0.0	image/48	48	985417	nsd/5459.png
1925.421875	0.0	image/107	107	985816	nsd/9147.png
1927.044921875	0.0	image/74	74	986647	nsd/7336.png
1927.85546875	0.0	image/71	71	987062	nsd/7039.png
1929.4296875	0.0	image/110	110	987868	nsd/9462.png
1930.212890625	0.0	image/114	114	988269	nsd/9847.png
1931.01171875	0.0	image/31	31	988678	nsd/4436.png
1931.796875	0.0	image/44	44	989080	nsd/5285.png
1932.623046875	0.0	image/47	47	989503	nsd/5427.png
1933.447265625	0.0	image/6	6	989925	nsd/3157.png
1934.24609375	0.0	image/57	57	990334	nsd/6132.png
1935.04296875	0.0	image/46	46	990742	nsd/5338.png
1935.830078125	0.0	image/22	22	991145	nsd/3913.png
1936.66015625	0.0	image/58	58	991570	nsd/6199.png
1937.431640625	0.0	image/13	13	991965	nsd/3489.png
1938.21484375	0.0	image/111	111	992366	nsd/9680.png
1938.998046875	0.0	image/55	55	992767	nsd/5878.png
1939.814453125	0.0	image/72	72	993185	nsd/7120.png
1940.603515625	0.0	image/98	98	993589	nsd/8509.png
1941.3828125	0.0	image/2	2	993988	nsd/2990.png
1942.966796875	0.0	image/45	45	994799	nsd/5301.png
1943.783203125	0.0	image/13	13	995217	nsd/3489.png
1944.6171875	0.0	image/116	116	995644	nsd/9917.png
1945.43359375	0.0	image/65	65	996062	nsd/6524.png
1946.228515625	0.0	image/1	1	996469	nsd/2950.png
1947.033203125	0.0	image/72	72	996881	nsd/7120.png
1947.845703125	0.0	image/101	101	997297	nsd/8807.png
1948.634765625	0.0	image/33	33	997701	nsd/4667.png
1949.412109375	0.0	image/14	14	998099	nsd/3626.png
1951.03125	0.0	image/7	7	998928	nsd/3164.png
1951.8359375	0.0	image/96	96	999340	nsd/8435.png
1952.65234375	0.0	image/37	37	999758	nsd/4835.png
1953.435546875	0.0	image/26	26	1000159	nsd/4129.png
1954.220703125	0.0	image/87	87	1000561	nsd/8109.png
1955.046875	0.0	image/68	68	1000984	nsd/6713.png
1955.853515625	0.0	image/43	43	1001397	nsd/5204.png
1957.419921875	0.0	image/3	3	1002199	nsd/3049.png
1958.234375	0.0	image/7	7	1002616	nsd/3164.png
1959.00390625	0.0	image/119	119	1003010	nsd/10046.png
1965.345703125	0.0	image/205	205	1006257	nsd/16868.png
1966.15625	0.0	image/211	211	1006672	nsd/17374.png
1966.978515625	0.0	image/154	154	1007093	nsd/12685.png
1967.794921875	0.0	image/176	176	1007511	nsd/14610.png
1969.396484375	0.0	image/230	230	1008331	nsd/19181.png
1970.197265625	0.0	image/191	191	1008741	nsd/15939.png
1971.029296875	0.0	image/204	204	1009167	nsd/16865.png
1971.86328125	0.0	image/133	133	1009594	nsd/11487.png
1972.697265625	0.0	image/231	231	1010021	nsd/19199.png
1973.513671875	0.0	image/163	163	1010439	nsd/13613.png
1974.33203125	0.0	image/194	194	1010858	nsd/16344.png
1975.115234375	0.0	image/186	186	1011259	nsd/15364.png
1975.8984375	0.0	image/161	161	1011660	nsd/13312.png
1976.7265625	0.0	image/158	158	1012084	nsd/12937.png
1977.498046875	0.0	image/162	162	1012479	nsd/13314.png
1978.33203125	0.0	image/235	235	1012906	nsd/19573.png
1979.1484375	0.0	image/234	234	1013324	nsd/19436.png
1979.94921875	0.0	image/196	196	1013734	nsd/16466.png
1980.783203125	0.0	image/144	144	1014161	nsd/11932.png
1981.611328125	0.0	image/157	157	1014585	nsd/12922.png
1982.416015625	0.0	image/232	232	1014997	nsd/19200.png
1983.228515625	0.0	image/172	172	1015413	nsd/14443.png
1984.013671875	0.0	image/223	223	1015815	nsd/18483.png
1984.833984375	0.0	image/159	159	1016235	nsd/13138.png
1985.611328125	0.0	image/139	139	1016633	nsd/11725.png
1986.41796875	0.0	image/128	128	1017046	nsd/10600.png
1987.21875	0.0	image/220	220	1017456	nsd/17942.png
1988.05078125	0.0	image/226	226	1017882	nsd/18543.png
1988.8515625	0.0	image/154	154	1018292	nsd/12685.png
1989.65234375	0.0	image/182	182	1018702	nsd/14931.png
1990.453125	0.0	image/132	132	1019112	nsd/11333.png
1991.265625	0.0	image/180	180	1019528	nsd/14820.png
1992.03125	0.0	image/188	188	1019920	nsd/15506.png
1992.818359375	0.0	image/215	215	1020323	nsd/17549.png
1993.654296875	0.0	image/168	168	1020751	nsd/14110.png
1994.455078125	0.0	image/202	202	1021161	nsd/16823.png
1995.271484375	0.0	image/149	149	1021579	nsd/12214.png
1996.1015625	0.0	image/125	125	1022004	nsd/10471.png
1996.888671875	0.0	image/213	213	1022407	nsd/17463.png
1997.705078125	0.0	image/200	200	1022825	nsd/16702.png
1998.5390625	0.0	image/150	150	1023252	nsd/12308.png
1999.3671875	0.0	image/175	175	1023676	nsd/14594.png
2000.189453125	0.0	image/126	126	1024097	nsd/10507.png
2001.005859375	0.0	image/216	216	1024515	nsd/17595.png
2002.671875	0.0	image/192	192	1025368	nsd/16063.png
2003.505859375	0.0	image/157	157	1025795	nsd/12922.png
2004.283203125	0.0	image/186	186	1026193	nsd/15364.png
2005.068359375	0.0	image/237	237	1026595	nsd/19672.png
2005.890625	0.0	image/176	176	1027016	nsd/14610.png
2006.685546875	0.0	image/160	160	1027423	nsd/13230.png
2008.30859375	0.0	image/228	228	1028254	nsd/18796.png
2009.107421875	0.0	image/135	135	1028663	nsd/11566.png
2009.94140625	0.0	image/185	185	1029090	nsd/15128.png
2010.76953125	0.0	image/148	148	1029514	nsd/12075.png
2012.375	0.0	image/167	167	1030336	nsd/13846.png
2013.208984375	0.0	image/203	203	1030763	nsd/16841.png
2014.0390625	0.0	image/177	177	1031188	nsd/14644.png
2014.822265625	0.0	image/137	137	1031589	nsd/11635.png
2015.626953125	0.0	image/151	151	1032001	nsd/12487.png
2016.41015625	0.0	image/199	199	1032402	nsd/16655.png
2017.228515625	0.0	image/164	164	1032821	nsd/13653.png
2018.02734375	0.0	image/139	139	1033230	nsd/11725.png
2018.828125	0.0	image/225	225	1033640	nsd/18535.png
2019.611328125	0.0	image/158	158	1034041	nsd/12937.png
2020.4453125	0.0	image/148	148	1034468	nsd/12075.png
2021.22265625	0.0	image/155	155	1034866	nsd/12796.png
2022.044921875	0.0	image/201	201	1035287	nsd/16723.png
2022.873046875	0.0	image/194	194	1035711	nsd/16344.png
2023.646484375	0.0	image/189	189	1036107	nsd/15793.png
2024.4453125	0.0	image/124	124	1036516	nsd/10393.png
2025.240234375	0.0	image/193	193	1036923	nsd/16252.png
2026.04296875	0.0	image/236	236	1037334	nsd/19642.png
2026.86328125	0.0	image/173	173	1037754	nsd/14528.png
2027.6640625	0.0	image/212	212	1038164	nsd/17450.png
2028.447265625	0.0	image/159	159	1038565	nsd/13138.png
2029.275390625	0.0	image/182	182	1038989	nsd/14931.png
2030.09765625	0.0	image/177	177	1039410	nsd/14644.png
2030.92578125	0.0	image/197	197	1039834	nsd/16616.png
2031.748046875	0.0	image/140	140	1040255	nsd/11796.png
2032.548828125	0.0	image/190	190	1040665	nsd/15819.png
2033.3828125	0.0	image/149	149	1041092	nsd/12214.png
2034.166015625	0.0	image/199	199	1041493	nsd/16655.png
2034.982421875	0.0	image/142	142	1041911	nsd/11837.png
2035.81640625	0.0	image/209	209	1042338	nsd/17238.png
2037.43359375	0.0	image/133	133	1043166	nsd/11487.png
2038.216796875	0.0	image/145	145	1043567	nsd/11942.png
2039.017578125	0.0	image/195	195	1043977	nsd/16421.png
2039.8515625	0.0	image/181	181	1044404	nsd/14898.png
2040.66796875	0.0	image/171	171	1044822	nsd/14179.png
2041.46875	0.0	image/160	160	1045232	nsd/13230.png
2042.279296875	0.0	image/234	234	1045647	nsd/19436.png
2043.0625	0.0	image/165	165	1046048	nsd/13662.png
2043.830078125	0.0	image/195	195	1046441	nsd/16421.png
2045.38671875	0.0	image/206	206	1047238	nsd/16917.png
2046.1640625	0.0	image/230	230	1047636	nsd/19181.png
2046.9609375	0.0	image/143	143	1048044	nsd/11844.png
2048.564453125	0.0	image/207	207	1048865	nsd/17048.png
2049.34765625	0.0	image/132	132	1049266	nsd/11333.png
2050.154296875	0.0	image/188	188	1049679	nsd/15506.png
2051.732421875	0.0	image/239	239	1050487	nsd/19933.png
2052.513671875	0.0	image/142	142	1050887	nsd/11837.png
2053.279296875	0.0	image/155	155	1051279	nsd/12796.png
2054.080078125	0.0	image/153	153	1051689	nsd/12634.png
2054.8984375	0.0	image/196	196	1052108	nsd/16466.png
2056.521484375	0.0	image/179	179	1052939	nsd/14808.png
2057.31640625	0.0	image/201	201	1053346	nsd/16723.png
2058.130859375	0.0	image/223	223	1053763	nsd/18483.png
2058.935546875	0.0	image/192	192	1054175	nsd/16063.png
2059.736328125	0.0	image/152	152	1054585	nsd/12495.png
2061.314453125	0.0	image/185	185	1055393	nsd/15128.png
2062.099609375	0.0	image/207	207	1055795	nsd/17048.png
2062.8828125	0.0	image/240	240	1056196	nsd/20054.png
2063.65234375	0.0	image/141	141	1056590	nsd/11827.png
2064.458984375	0.0	image/237	237	1057003	nsd/19672.png
2065.291015625	0.0	image/129	129	1057429	nsd/10610.png
2066.119140625	0.0	image/170	170	1057853	nsd/14165.png
2066.94140625	0.0	image/232	232	1058274	nsd/19200.png
2067.775390625	0.0	image/130	130	1058701	nsd/10907.png
2068.576171875	0.0	image/210	210	1059111	nsd/17369.png
2069.41015625	0.0	image/238	238	1059538	nsd/19690.png
2070.2109375	0.0	image/217	217	1059948	nsd/17776.png
2071.02734375	0.0	image/228	228	1060366	nsd/18796.png
2071.810546875	0.0	image/123	123	1060767	nsd/10244.png
2072.59375	0.0	image/127	127	1061168	nsd/10586.png
2073.376953125	0.0	image/169	169	1061569	nsd/14121.png
2074.2109375	0.0	image/236	236	1061996	nsd/19642.png
2075.01171875	0.0	image/197	197	1062406	nsd/16616.png
2075.828125	0.0	image/181	181	1062824	nsd/14898.png
2076.64453125	0.0	image/136	136	1063242	nsd/11617.png
2077.478515625	0.0	image/137	137	1063669	nsd/11635.png
2078.279296875	0.0	image/161	161	1064079	nsd/13312.png
2079.07421875	0.0	image/147	147	1064486	nsd/12065.png
2080.62890625	0.0	image/238	238	1065282	nsd/19690.png
2081.4296875	0.0	image/136	136	1065692	nsd/11617.png
2082.2578125	0.0	image/141	141	1066116	nsd/11827.png
2083.07421875	0.0	image/224	224	1066534	nsd/18505.png
2083.84765625	0.0	image/215	215	1066930	nsd/17549.png
2084.6484375	0.0	image/175	175	1067340	nsd/14594.png
2085.447265625	0.0	image/144	144	1067749	nsd/11932.png
2086.265625	0.0	image/123	123	1068168	nsd/10244.png
2087.060546875	0.0	image/240	240	1068575	nsd/20054.png
2087.84765625	0.0	image/184	184	1068978	nsd/15025.png
2088.67578125	0.0	image/202	202	1069402	nsd/16823.png
2089.46484375	0.0	image/153	153	1069806	nsd/12634.png
2090.283203125	0.0	image/233	233	1070225	nsd/19292.png
2091.078125	0.0	image/138	138	1070632	nsd/11689.png
2091.900390625	0.0	image/218	218	1071053	nsd/17794.png
2092.69921875	0.0	image/165	165	1071462	nsd/13662.png
2093.5	0.0	image/178	178	1071872	nsd/14793.png
2094.283203125	0.0	image/156	156	1072273	nsd/12798.png
2095.099609375	0.0	image/193	193	1072691	nsd/16252.png
2095.91796875	0.0	image/172	172	1073110	nsd/14443.png
2096.6953125	0.0	image/211	211	1073508	nsd/17374.png
2097.486328125	0.0	image/227	227	1073913	nsd/18690.png
2098.26171875	0.0	image/205	205	1074310	nsd/16868.png
2099.03515625	0.0	image/143	143	1074706	nsd/11844.png
2099.86328125	0.0	image/183	183	1075130	nsd/15003.png
2100.66796875	0.0	image/170	170	1075542	nsd/14165.png
2101.453125	0.0	image/229	229	1075944	nsd/19074.png
2102.251953125	0.0	image/191	191	1076353	nsd/15939.png
2103.048828125	0.0	image/125	125	1076761	nsd/10471.png
2103.869140625	0.0	image/162	162	1077181	nsd/13314.png
2105.44921875	0.0	image/216	216	1077990	nsd/17595.png
2106.271484375	0.0	image/169	169	1078411	nsd/14121.png
2107.087890625	0.0	image/128	128	1078829	nsd/10600.png
2107.87109375	0.0	image/210	210	1079230	nsd/17369.png
2108.69921875	0.0	image/183	183	1079654	nsd/15003.png
2110.2890625	0.0	image/218	218	1080468	nsd/17794.png
2111.08203125	0.0	image/198	198	1080874	nsd/16635.png
2111.85546875	0.0	image/174	174	1081270	nsd/14567.png
2112.689453125	0.0	image/212	212	1081697	nsd/17450.png
2113.490234375	0.0	image/168	168	1082107	nsd/14110.png
2114.306640625	0.0	image/180	180	1082525	nsd/14820.png
2115.134765625	0.0	image/206	206	1082949	nsd/16917.png
2115.900390625	0.0	image/187	187	1083341	nsd/15492.png
2116.70703125	0.0	image/200	200	1083754	nsd/16702.png
2117.490234375	0.0	image/203	203	1084155	nsd/16841.png
2118.306640625	0.0	image/131	131	1084573	nsd/11159.png
2119.091796875	0.0	image/233	233	1084975	nsd/19292.png
2119.890625	0.0	image/138	138	1085384	nsd/11689.png
2120.67578125	0.0	image/166	166	1085786	nsd/13720.png
2121.458984375	0.0	image/150	150	1086187	nsd/12308.png
2123.0546875	0.0	image/209	209	1087004	nsd/17238.png
2123.841796875	0.0	image/208	208	1087407	nsd/17230.png
2124.67578125	0.0	image/187	187	1087834	nsd/15492.png
2125.4765625	0.0	image/173	173	1088244	nsd/14528.png
2126.271484375	0.0	image/225	225	1088651	nsd/18535.png
2127.072265625	0.0	image/221	221	1089061	nsd/18268.png
2128.66015625	0.0	image/214	214	1089874	nsd/17485.png
2129.4453125	0.0	image/134	134	1090276	nsd/11521.png
2130.271484375	0.0	image/239	239	1090699	nsd/19933.png
2131.078125	0.0	image/127	127	1091112	nsd/10586.png
2131.90625	0.0	image/146	146	1091536	nsd/11952.png
2133.544921875	0.0	image/122	122	1092375	nsd/10107.png
2135.162109375	0.0	image/121	121	1093203	nsd/10105.png
2136.8125	0.0	image/178	178	1094048	nsd/14793.png
2137.646484375	0.0	image/179	179	1094475	nsd/14808.png
2139.232421875	0.0	image/222	222	1095287	nsd/18434.png
2140.064453125	0.0	image/227	227	1095713	nsd/18690.png
2140.880859375	0.0	image/126	126	1096131	nsd/10507.png
2141.697265625	0.0	image/146	146	1096549	nsd/11952.png
2142.53125	0.0	image/171	171	1096976	nsd/14179.png
2143.314453125	0.0	image/189	189	1097377	nsd/15793.png
2144.1328125	0.0	image/167	167	1097796	nsd/13846.png
2144.927734375	0.0	image/190	190	1098203	nsd/15819.png
2146.56640625	0.0	image/198	198	1099042	nsd/16635.png
2147.349609375	0.0	image/208	208	1099443	nsd/17230.png
2148.150390625	0.0	image/174	174	1099853	nsd/14567.png
2148.9453125	0.0	image/130	130	1100260	nsd/10907.png
2149.7109375	0.0	image/147	147	1100652	nsd/12065.png
2150.5	0.0	image/131	131	1101056	nsd/11159.png
2151.314453125	0.0	image/226	226	1101473	nsd/18543.png
2152.115234375	0.0	image/145	145	1101883	nsd/11942.png
2152.90234375	0.0	image/222	222	1102286	nsd/18434.png
2153.71875	0.0	image/213	213	1102704	nsd/17463.png
2154.552734375	0.0	image/121	121	1103131	nsd/10105.png
2155.3359375	0.0	image/166	166	1103532	nsd/13720.png
2156.134765625	0.0	image/231	231	1103941	nsd/19199.png
2156.935546875	0.0	image/140	140	1104351	nsd/11796.png
2157.751953125	0.0	image/151	151	1104769	nsd/12487.png
2158.548828125	0.0	image/219	219	1105177	nsd/17934.png
2159.369140625	0.0	image/217	217	1105597	nsd/17776.png
2160.1875	0.0	image/220	220	1106016	nsd/17942.png
2161.021484375	0.0	image/235	235	1106443	nsd/19573.png
2161.853515625	0.0	image/156	156	1106869	nsd/12798.png
2162.654296875	0.0	image/134	134	1107279	nsd/11521.png
2164.248046875	0.0	image/221	221	1108095	nsd/18268.png
2165.021484375	0.0	image/122	122	1108491	nsd/10107.png
2165.833984375	0.0	image/163	163	1108907	nsd/13613.png
2166.638671875	0.0	image/129	129	1109319	nsd/10610.png
2167.47265625	0.0	image/152	152	1109746	nsd/12495.png
2168.267578125	0.0	image/214	214	1110153	nsd/17485.png
2169.0390625	0.0	image/224	224	1110548	nsd/18505.png
2169.833984375	0.0	image/204	204	1110955	nsd/16865.png
2171.423828125	0.0	image/135	135	1111769	nsd/11566.png
2172.20703125	0.0	image/164	164	1112170	nsd/13653.png
2173.0078125	0.0	image/184	184	1112580	nsd/15025.png
2173.78515625	0.0	image/219	219	1112978	nsd/17934.png
2174.591796875	0.0	image/229	229	1113391	nsd/19074.png
2176.17578125	0.0	image/124	124	1114202	nsd/10393.png
2183.353515625	0.0	image/354	354	1117877	nsd/26895.png
2184.171875	0.0	image/302	302	1118296	nsd/24214.png
2184.966796875	0.0	image/267	267	1118703	nsd/21950.png
2186.587890625	0.0	image/338	338	1119533	nsd/25881.png
2187.421875	0.0	image/331	331	1119960	nsd/25588.png
2188.25	0.0	image/357	357	1120384	nsd/26990.png
2189.072265625	0.0	image/327	327	1120805	nsd/25454.png
2189.8515625	0.0	image/292	292	1121204	nsd/23036.png
2190.640625	0.0	image/332	332	1121608	nsd/25602.png
2191.45703125	0.0	image/298	298	1122026	nsd/23876.png
2192.28515625	0.0	image/332	332	1122450	nsd/25602.png
2193.056640625	0.0	image/281	281	1122845	nsd/22772.png
2193.841796875	0.0	image/243	243	1123247	nsd/20206.png
2194.625	0.0	image/248	248	1123648	nsd/20633.png
2195.44140625	0.0	image/259	259	1124066	nsd/21253.png
2196.26953125	0.0	image/307	307	1124490	nsd/24530.png
2197.091796875	0.0	image/326	326	1124911	nsd/25371.png
2197.908203125	0.0	image/300	300	1125329	nsd/23993.png
2198.71875	0.0	image/254	254	1125744	nsd/21108.png
2199.525390625	0.0	image/245	245	1126157	nsd/20265.png
2201.126953125	0.0	image/314	314	1126977	nsd/24787.png
2201.91015625	0.0	image/274	274	1127378	nsd/22495.png
2202.72265625	0.0	image/309	309	1127794	nsd/24638.png
2203.509765625	0.0	image/299	299	1128197	nsd/23883.png
2204.3125	0.0	image/263	263	1128608	nsd/21526.png
2205.09375	0.0	image/342	342	1129008	nsd/26127.png
2205.888671875	0.0	image/317	317	1129415	nsd/25091.png
2206.6953125	0.0	image/247	247	1129828	nsd/20442.png
2207.478515625	0.0	image/334	334	1130229	nsd/25702.png
2208.2734375	0.0	image/311	311	1130636	nsd/24649.png
2209.095703125	0.0	image/297	297	1131057	nsd/23871.png
2209.912109375	0.0	image/257	257	1131475	nsd/21197.png
2210.6953125	0.0	image/352	352	1131876	nsd/26720.png
2211.478515625	0.0	image/305	305	1132277	nsd/24480.png
2212.29296875	0.0	image/261	261	1132694	nsd/21318.png
2213.076171875	0.0	image/295	295	1133095	nsd/23715.png
2213.896484375	0.0	image/264	264	1133515	nsd/21553.png
2214.70703125	0.0	image/283	283	1133930	nsd/22794.png
2215.509765625	0.0	image/282	282	1134341	nsd/22782.png
2216.314453125	0.0	image/310	310	1134753	nsd/24640.png
2217.09765625	0.0	image/278	278	1135154	nsd/22530.png
2217.931640625	0.0	image/360	360	1135581	nsd/27287.png
2219.564453125	0.0	image/345	345	1136417	nsd/26292.png
2220.365234375	0.0	image/309	309	1136827	nsd/24638.png
2221.1484375	0.0	image/337	337	1137228	nsd/25746.png
2221.94921875	0.0	image/292	292	1137638	nsd/23036.png
2222.765625	0.0	image/286	286	1138056	nsd/22873.png
2223.599609375	0.0	image/316	316	1138483	nsd/25059.png
2224.41015625	0.0	image/266	266	1138898	nsd/21703.png
2225.216796875	0.0	image/269	269	1139311	nsd/22138.png
2226.0	0.0	image/271	271	1139712	nsd/22155.png
2226.818359375	0.0	image/285	285	1140131	nsd/22845.png
2227.6171875	0.0	image/260	260	1140540	nsd/21279.png
2228.400390625	0.0	image/246	246	1140941	nsd/20307.png
2229.185546875	0.0	image/272	272	1141343	nsd/22263.png
2229.99609375	0.0	image/325	325	1141758	nsd/25319.png
2230.802734375	0.0	image/303	303	1142171	nsd/24264.png
2231.58203125	0.0	image/322	322	1142570	nsd/25284.png
2232.353515625	0.0	image/355	355	1142965	nsd/26909.png
2233.185546875	0.0	image/358	358	1143391	nsd/27242.png
2234.01953125	0.0	image/256	256	1143818	nsd/21194.png
2235.62109375	0.0	image/278	278	1144638	nsd/22530.png
2236.404296875	0.0	image/308	308	1145039	nsd/24560.png
2237.236328125	0.0	image/242	242	1145465	nsd/20080.png
2238.033203125	0.0	image/329	329	1145873	nsd/25578.png
2238.81640625	0.0	image/320	320	1146274	nsd/25250.png
2239.62109375	0.0	image/284	284	1146686	nsd/22809.png
2241.23828125	0.0	image/328	328	1147514	nsd/25570.png
2242.0546875	0.0	image/296	296	1147932	nsd/23729.png
2242.873046875	0.0	image/349	349	1148351	nsd/26435.png
2243.689453125	0.0	image/280	280	1148769	nsd/22587.png
2244.490234375	0.0	image/339	339	1149179	nsd/25906.png
2245.322265625	0.0	image/360	360	1149605	nsd/27287.png
2246.107421875	0.0	image/251	251	1150007	nsd/20738.png
2246.939453125	0.0	image/295	295	1150433	nsd/23715.png
2247.724609375	0.0	image/323	323	1150835	nsd/25287.png
2248.5078125	0.0	image/287	287	1151236	nsd/22879.png
2249.306640625	0.0	image/283	283	1151645	nsd/22794.png
2250.140625	0.0	image/343	343	1152072	nsd/26163.png
2250.974609375	0.0	image/335	335	1152499	nsd/25711.png
2251.791015625	0.0	image/276	276	1152917	nsd/22515.png
2252.587890625	0.0	image/346	346	1153325	nsd/26307.png
2253.361328125	0.0	image/336	336	1153721	nsd/25741.png
2254.17578125	0.0	image/322	322	1154138	nsd/25284.png
2254.958984375	0.0	image/277	277	1154539	nsd/22523.png
2255.73828125	0.0	image/336	336	1154938	nsd/25741.png
2256.509765625	0.0	image/250	250	1155333	nsd/20702.png
2257.29296875	0.0	image/262	262	1155734	nsd/21508.png
2258.076171875	0.0	image/277	277	1156135	nsd/22523.png
2258.861328125	0.0	image/294	294	1156537	nsd/23492.png
2259.64453125	0.0	image/344	344	1156938	nsd/26243.png
2260.47265625	0.0	image/343	343	1157362	nsd/26163.png
2262.044921875	0.0	image/312	312	1158167	nsd/24739.png
2262.87890625	0.0	image/334	334	1158594	nsd/25702.png
2263.677734375	0.0	image/242	242	1159003	nsd/20080.png
2264.462890625	0.0	image/348	348	1159405	nsd/26372.png
2265.2421875	0.0	image/345	345	1159804	nsd/26292.png
2266.044921875	0.0	image/282	282	1160215	nsd/22782.png
2266.830078125	0.0	image/291	291	1160617	nsd/22993.png
2267.6640625	0.0	image/243	243	1161044	nsd/20206.png
2268.49609375	0.0	image/333	333	1161470	nsd/25693.png
2269.306640625	0.0	image/350	350	1161885	nsd/26458.png
2270.076171875	0.0	image/260	260	1162279	nsd/21279.png
2270.875	0.0	image/241	241	1162688	nsd/20064.png
2271.681640625	0.0	image/273	273	1163101	nsd/22387.png
2272.4765625	0.0	image/347	347	1163508	nsd/26351.png
2273.298828125	0.0	image/271	271	1163929	nsd/22155.png
2274.09765625	0.0	image/296	296	1164338	nsd/23729.png
2275.732421875	0.0	image/327	327	1165175	nsd/25454.png
2276.533203125	0.0	image/324	324	1165585	nsd/25318.png
2277.31640625	0.0	image/252	252	1165986	nsd/20777.png
2278.1328125	0.0	image/353	353	1166404	nsd/26780.png
2278.94921875	0.0	image/341	341	1166822	nsd/26119.png
2279.767578125	0.0	image/319	319	1167241	nsd/25205.png
2280.56640625	0.0	image/350	350	1167650	nsd/26458.png
2281.384765625	0.0	image/333	333	1168069	nsd/25693.png
2282.201171875	0.0	image/308	308	1168487	nsd/24560.png
2282.984375	0.0	image/293	293	1168888	nsd/23241.png
2283.80078125	0.0	image/288	288	1169306	nsd/22886.png
2284.59765625	0.0	image/293	293	1169714	nsd/23241.png
2285.41796875	0.0	image/264	264	1170134	nsd/21553.png
2286.24609375	0.0	image/321	321	1170558	nsd/25268.png
2287.052734375	0.0	image/291	291	1170971	nsd/22993.png
2287.869140625	0.0	image/313	313	1171389	nsd/24740.png
2288.685546875	0.0	image/347	347	1171807	nsd/26351.png
2289.486328125	0.0	image/251	251	1172217	nsd/20738.png
2290.265625	0.0	image/311	311	1172616	nsd/24649.png
2291.853515625	0.0	image/255	255	1173429	nsd/21192.png
2292.6328125	0.0	image/320	320	1173828	nsd/25250.png
2293.453125	0.0	image/276	276	1174248	nsd/22515.png
2294.265625	0.0	image/314	314	1174664	nsd/24787.png
2295.06640625	0.0	image/335	335	1175074	nsd/25711.png
2295.85546875	0.0	image/268	268	1175478	nsd/21989.png
2296.671875	0.0	image/244	244	1175896	nsd/20223.png
2297.466796875	0.0	image/338	338	1176303	nsd/25881.png
2299.0234375	0.0	image/253	253	1177100	nsd/20820.png
2299.85546875	0.0	image/273	273	1177526	nsd/22387.png
2300.673828125	0.0	image/313	313	1177945	nsd/24740.png
2301.45703125	0.0	image/344	344	1178346	nsd/26243.png
2302.2890625	0.0	image/250	250	1178772	nsd/20702.png
2303.107421875	0.0	image/341	341	1179191	nsd/26119.png
2303.94140625	0.0	image/261	261	1179618	nsd/21318.png
2305.55859375	0.0	image/241	241	1180446	nsd/20064.png
2306.341796875	0.0	image/346	346	1180847	nsd/26307.png
2307.119140625	0.0	image/298	298	1181245	nsd/23876.png
2307.923828125	0.0	image/275	275	1181657	nsd/22505.png
2309.55859375	0.0	image/318	318	1182494	nsd/25111.png
2310.341796875	0.0	image/280	280	1182895	nsd/22587.png
2311.142578125	0.0	image/317	317	1183305	nsd/25091.png
2311.958984375	0.0	image/267	267	1183723	nsd/21950.png
2312.79296875	0.0	image/340	340	1184150	nsd/25959.png
2313.572265625	0.0	image/326	326	1184549	nsd/25371.png
2314.34375	0.0	image/254	254	1184944	nsd/21108.png
2315.14453125	0.0	image/279	279	1185354	nsd/22585.png
2315.9453125	0.0	image/348	348	1185764	nsd/26372.png
2316.744140625	0.0	image/356	356	1186173	nsd/26971.png
2317.578125	0.0	image/319	319	1186600	nsd/25205.png
2319.1953125	0.0	image/289	289	1187428	nsd/22957.png
2320.794921875	0.0	image/307	307	1188247	nsd/24530.png
2321.580078125	0.0	image/325	325	1188649	nsd/25319.png
2322.36328125	0.0	image/316	316	1189050	nsd/25059.png
2323.15625	0.0	image/353	353	1189456	nsd/26780.png
2323.962890625	0.0	image/270	270	1189869	nsd/22143.png
2324.779296875	0.0	image/263	263	1190287	nsd/21526.png
2325.55859375	0.0	image/356	356	1190686	nsd/26971.png
2326.36328125	0.0	image/246	246	1191098	nsd/20307.png
2327.1640625	0.0	image/244	244	1191508	nsd/20223.png
2327.974609375	0.0	image/352	352	1191923	nsd/26720.png
2328.765625	0.0	image/351	351	1192328	nsd/26598.png
2330.349609375	0.0	image/321	321	1193139	nsd/25268.png
2331.181640625	0.0	image/328	328	1193565	nsd/25570.png
2331.9609375	0.0	image/285	285	1193964	nsd/22845.png
2332.765625	0.0	image/257	257	1194376	nsd/21197.png
2333.548828125	0.0	image/258	258	1194777	nsd/21218.png
2334.33203125	0.0	image/252	252	1195178	nsd/20777.png
2335.126953125	0.0	image/303	303	1195585	nsd/24264.png
2336.75	0.0	image/301	301	1196416	nsd/24202.png
2337.533203125	0.0	image/358	358	1196817	nsd/27242.png
2338.3671875	0.0	image/294	294	1197244	nsd/23492.png
2340.017578125	0.0	image/272	272	1198089	nsd/22263.png
2340.814453125	0.0	image/259	259	1198497	nsd/21253.png
2341.619140625	0.0	image/248	248	1198909	nsd/20633.png
2343.203125	0.0	image/306	306	1199720	nsd/24517.png
2344.037109375	0.0	image/318	318	1200147	nsd/25111.png
2345.65234375	0.0	image/300	300	1200974	nsd/23993.png
2346.447265625	0.0	image/286	286	1201381	nsd/22873.png
2347.220703125	0.0	image/305	305	1201777	nsd/24480.png
2348.01953125	0.0	image/342	342	1202186	nsd/26127.png
2348.8046875	0.0	image/357	357	1202588	nsd/26990.png
2349.587890625	0.0	image/297	297	1202989	nsd/23871.png
2350.37109375	0.0	image/268	268	1203390	nsd/21989.png
2351.166015625	0.0	image/247	247	1203797	nsd/20442.png
2351.98828125	0.0	image/315	315	1204218	nsd/24846.png
2352.765625	0.0	image/323	323	1204616	nsd/25287.png
2353.572265625	0.0	image/288	288	1205029	nsd/22886.png
2354.400390625	0.0	image/275	275	1205453	nsd/22505.png
2355.22265625	0.0	image/290	290	1205874	nsd/22967.png
2356.05078125	0.0	image/312	312	1206298	nsd/24739.png
2356.8359375	0.0	image/306	306	1206700	nsd/24517.png
2357.623046875	0.0	image/245	245	1207103	nsd/20265.png
2358.435546875	0.0	image/304	304	1207519	nsd/24317.png
2360.056640625	0.0	image/329	329	1208349	nsd/25578.png
2361.640625	0.0	image/351	351	1209160	nsd/26598.png
2362.474609375	0.0	image/253	253	1209587	nsd/20820.png
2363.28515625	0.0	image/299	299	1210002	nsd/23883.png
2364.06640625	0.0	image/330	330	1210402	nsd/25581.png
2364.841796875	0.0	image/324	324	1210799	nsd/25318.png
2365.67578125	0.0	image/279	279	1211226	nsd/22585.png
2366.4921875	0.0	image/284	284	1211644	nsd/22809.png
2367.306640625	0.0	image/310	310	1212061	nsd/24640.png
2368.09375	0.0	image/331	331	1212464	nsd/25588.png
2368.869140625	0.0	image/269	269	1212861	nsd/22138.png
2369.6875	0.0	image/266	266	1213280	nsd/21703.png
2370.4765625	0.0	image/315	315	1213684	nsd/24846.png
2371.294921875	0.0	image/337	337	1214103	nsd/25746.png
2372.912109375	0.0	image/304	304	1214931	nsd/24317.png
2373.724609375	0.0	image/249	249	1215347	nsd/20650.png
2374.544921875	0.0	image/330	330	1215767	nsd/25581.png
2375.345703125	0.0	image/287	287	1216177	nsd/22879.png
2376.9453125	0.0	image/290	290	1216996	nsd/22967.png
2377.74609375	0.0	image/354	354	1217406	nsd/26895.png
2378.546875	0.0	image/359	359	1217816	nsd/27275.png
2379.380859375	0.0	image/339	339	1218243	nsd/25906.png
2380.212890625	0.0	image/302	302	1218669	nsd/24214.png
2381.86328125	0.0	image/265	265	1219514	nsd/21601.png
2382.697265625	0.0	image/301	301	1219941	nsd/24202.png
2383.4765625	0.0	image/256	256	1220340	nsd/21194.png
2384.298828125	0.0	image/359	359	1220761	nsd/27275.png
2385.126953125	0.0	image/249	249	1221185	nsd/20650.png
2385.931640625	0.0	image/281	281	1221597	nsd/22772.png
2386.732421875	0.0	image/349	349	1222007	nsd/26435.png
2387.515625	0.0	image/355	355	1222408	nsd/26909.png
2388.30078125	0.0	image/258	258	1222810	nsd/21218.png
2389.08203125	0.0	image/340	340	1223210	nsd/25959.png
2389.8671875	0.0	image/265	265	1223612	nsd/21601.png
2390.666015625	0.0	image/262	262	1224021	nsd/21508.png
2392.333984375	0.0	image/270	270	1224875	nsd/22143.png
2393.162109375	0.0	image/255	255	1225299	nsd/21192.png
2393.984375	0.0	image/274	274	1225720	nsd/22495.png
2394.779296875	0.0	image/289	289	1226127	nsd/22957.png
2401.728515625	0.0	image/396	396	1229685	nsd/29680.png
2402.544921875	0.0	image/460	460	1230103	nsd/34418.png
2403.337890625	0.0	image/418	418	1230509	nsd/31028.png
2404.12890625	0.0	image/388	388	1230914	nsd/28898.png
2404.947265625	0.0	image/373	373	1231333	nsd/28286.png
2405.73046875	0.0	image/362	362	1231734	nsd/27435.png
2406.513671875	0.0	image/419	419	1232135	nsd/31049.png
2407.314453125	0.0	image/473	473	1232545	nsd/35798.png
2408.9140625	0.0	image/449	449	1233364	nsd/33521.png
2409.73046875	0.0	image/436	436	1233782	nsd/32625.png
2410.564453125	0.0	image/417	417	1234209	nsd/30954.png
2411.3984375	0.0	image/454	454	1234636	nsd/34068.png
2412.201171875	0.0	image/396	396	1235047	nsd/29680.png
2413.015625	0.0	image/418	418	1235464	nsd/31028.png
2413.798828125	0.0	image/476	476	1235865	nsd/36258.png
2414.578125	0.0	image/409	409	1236264	nsd/30632.png
2415.400390625	0.0	image/378	378	1236685	nsd/28349.png
2416.228515625	0.0	image/421	421	1237109	nsd/31123.png
2417.033203125	0.0	image/433	433	1237521	nsd/32232.png
2417.81640625	0.0	image/377	377	1237922	nsd/28341.png
2419.384765625	0.0	image/427	427	1238725	nsd/31782.png
2420.21875	0.0	image/401	401	1239152	nsd/29980.png
2421.017578125	0.0	image/480	480	1239561	nsd/36623.png
2421.794921875	0.0	image/452	452	1239959	nsd/33813.png
2422.619140625	0.0	image/384	384	1240381	nsd/28745.png
2423.40234375	0.0	image/403	403	1240782	nsd/30373.png
2424.185546875	0.0	image/442	442	1241183	nsd/32891.png
2425.001953125	0.0	image/409	409	1241601	nsd/30632.png
2425.83203125	0.0	image/439	439	1242026	nsd/32771.png
2426.62890625	0.0	image/374	374	1242434	nsd/28303.png
2427.447265625	0.0	image/431	431	1242853	nsd/31964.png
2428.251953125	0.0	image/472	472	1243265	nsd/35790.png
2429.087890625	0.0	image/434	434	1243693	nsd/32303.png
2429.87109375	0.0	image/437	437	1244094	nsd/32643.png
2431.50390625	0.0	image/385	385	1244930	nsd/28751.png
2432.28515625	0.0	image/443	443	1245330	nsd/32910.png
2433.10546875	0.0	image/473	473	1245750	nsd/35798.png
2433.916015625	0.0	image/387	387	1246165	nsd/28788.png
2434.72265625	0.0	image/365	365	1246578	nsd/27830.png
2436.322265625	0.0	image/426	426	1247397	nsd/31747.png
2437.140625	0.0	image/430	430	1247816	nsd/31936.png
2438.740234375	0.0	image/427	427	1248635	nsd/31782.png
2439.5234375	0.0	image/364	364	1249036	nsd/27580.png
2440.306640625	0.0	image/455	455	1249437	nsd/34080.png
2441.107421875	0.0	image/475	475	1249847	nsd/36067.png
2441.908203125	0.0	image/368	368	1250257	nsd/28024.png
2442.724609375	0.0	image/429	429	1250675	nsd/31837.png
2443.525390625	0.0	image/438	438	1251085	nsd/32716.png
2444.30859375	0.0	image/364	364	1251486	nsd/27580.png
2445.091796875	0.0	image/400	400	1251887	nsd/29919.png
2445.88671875	0.0	image/447	447	1252294	nsd/33245.png
2446.654296875	0.0	image/459	459	1252687	nsd/34238.png
2447.4765625	0.0	image/394	394	1253108	nsd/29660.png
2448.271484375	0.0	image/439	439	1253515	nsd/32771.png
2449.09375	0.0	image/374	374	1253936	nsd/28303.png
2450.759765625	0.0	image/375	375	1254789	nsd/28319.png
2451.578125	0.0	image/476	476	1255208	nsd/36258.png
2452.376953125	0.0	image/402	402	1255617	nsd/30081.png
2453.162109375	0.0	image/434	434	1256019	nsd/32303.png
2454.76171875	0.0	image/451	451	1256838	nsd/33752.png
2455.578125	0.0	image/478	478	1257256	nsd/36569.png
2456.35546875	0.0	image/425	425	1257654	nsd/31659.png
2457.146484375	0.0	image/422	422	1258059	nsd/31233.png
2457.962890625	0.0	image/444	444	1258477	nsd/33131.png
2458.796875	0.0	image/451	451	1258904	nsd/33752.png
2459.623046875	0.0	image/454	454	1259327	nsd/34068.png
2460.392578125	0.0	image/412	412	1259721	nsd/30847.png
2461.21484375	0.0	image/397	397	1260142	nsd/29711.png
2461.998046875	0.0	image/413	413	1260543	nsd/30856.png
2462.830078125	0.0	image/401	401	1260969	nsd/29980.png
2463.615234375	0.0	image/455	455	1261371	nsd/34080.png
2464.443359375	0.0	image/465	465	1261795	nsd/34850.png
2465.248046875	0.0	image/406	406	1262207	nsd/30430.png
2466.02734375	0.0	image/383	383	1262606	nsd/28689.png
2466.826171875	0.0	image/411	411	1263015	nsd/30674.png
2468.3984375	0.0	image/380	380	1263820	nsd/28487.png
2469.232421875	0.0	image/464	464	1264247	nsd/34845.png
2470.84375	0.0	image/405	405	1265072	nsd/30407.png
2471.6171875	0.0	image/444	444	1265468	nsd/33131.png
2472.43359375	0.0	image/386	386	1265886	nsd/28755.png
2473.26171875	0.0	image/459	459	1266310	nsd/34238.png
2474.06640625	0.0	image/437	437	1266722	nsd/32643.png
2474.8515625	0.0	image/366	366	1267124	nsd/27878.png
2475.634765625	0.0	image/468	468	1267525	nsd/35094.png
2476.435546875	0.0	image/450	450	1267935	nsd/33543.png
2477.24609375	0.0	image/376	376	1268350	nsd/28325.png
2478.017578125	0.0	image/453	453	1268745	nsd/33906.png
2478.8515625	0.0	image/383	383	1269172	nsd/28689.png
2479.6640625	0.0	image/380	380	1269588	nsd/28487.png
2480.447265625	0.0	image/435	435	1269989	nsd/32307.png
2481.26953125	0.0	image/372	372	1270410	nsd/28189.png
2482.064453125	0.0	image/465	465	1270817	nsd/34850.png
2482.8515625	0.0	image/458	458	1271220	nsd/34186.png
2483.638671875	0.0	image/398	398	1271623	nsd/29837.png
2484.470703125	0.0	image/363	363	1272049	nsd/27568.png
2485.3046875	0.0	image/475	475	1272476	nsd/36067.png
2486.099609375	0.0	image/370	370	1272883	nsd/28096.png
2486.86328125	0.0	image/480	480	1273274	nsd/36623.png
2487.6875	0.0	image/440	440	1273696	nsd/32772.png
2488.466796875	0.0	image/471	471	1274095	nsd/35752.png
2489.255859375	0.0	image/411	411	1274499	nsd/30674.png
2490.033203125	0.0	image/423	423	1274897	nsd/31349.png
2490.822265625	0.0	image/430	430	1275301	nsd/31936.png
2491.6171875	0.0	image/365	365	1275708	nsd/27830.png
2492.388671875	0.0	image/414	414	1276103	nsd/30887.png
2494.005859375	0.0	image/392	392	1276931	nsd/29381.png
2494.791015625	0.0	image/432	432	1277333	nsd/32053.png
2495.58984375	0.0	image/384	384	1277742	nsd/28745.png
2496.408203125	0.0	image/393	393	1278161	nsd/29568.png
2497.185546875	0.0	image/378	378	1278559	nsd/28349.png
2497.974609375	0.0	image/479	479	1278963	nsd/36576.png
2498.75390625	0.0	image/367	367	1279362	nsd/27972.png
2499.541015625	0.0	image/472	472	1279765	nsd/35790.png
2500.3203125	0.0	image/404	404	1280164	nsd/30395.png
2501.142578125	0.0	image/395	395	1280585	nsd/29663.png
2501.958984375	0.0	image/461	461	1281003	nsd/34603.png
2502.759765625	0.0	image/416	416	1281413	nsd/30935.png
2503.587890625	0.0	image/470	470	1281837	nsd/35743.png
2504.392578125	0.0	image/469	469	1282249	nsd/35129.png
2505.17578125	0.0	image/392	392	1282650	nsd/29381.png
2505.9609375	0.0	image/399	399	1283052	nsd/29886.png
2507.560546875	0.0	image/448	448	1283871	nsd/33289.png
2508.34375	0.0	image/462	462	1284272	nsd/34751.png
2509.12890625	0.0	image/441	441	1284674	nsd/32857.png
2509.90625	0.0	image/452	452	1285072	nsd/33813.png
2510.677734375	0.0	image/415	415	1285467	nsd/30922.png
2511.478515625	0.0	image/413	413	1285877	nsd/30856.png
2513.080078125	0.0	image/366	366	1286697	nsd/27878.png
2513.912109375	0.0	image/420	420	1287123	nsd/31064.png
2514.7109375	0.0	image/403	403	1287532	nsd/30373.png
2515.48828125	0.0	image/391	391	1287930	nsd/29021.png
2516.296875	0.0	image/408	408	1288344	nsd/30601.png
2517.11328125	0.0	image/477	477	1288762	nsd/36476.png
2518.697265625	0.0	image/438	438	1289573	nsd/32716.png
2519.494140625	0.0	image/371	371	1289981	nsd/28159.png
2520.314453125	0.0	image/369	369	1290401	nsd/28068.png
2521.109375	0.0	image/370	370	1290808	nsd/28096.png
2521.880859375	0.0	image/474	474	1291203	nsd/35986.png
2522.666015625	0.0	image/405	405	1291605	nsd/30407.png
2523.44921875	0.0	image/479	479	1292006	nsd/36576.png
2525.08203125	0.0	image/443	443	1292842	nsd/32910.png
2525.89453125	0.0	image/457	457	1293258	nsd/34126.png
2526.662109375	0.0	image/422	422	1293651	nsd/31233.png
2527.42578125	0.0	image/462	462	1294042	nsd/34751.png
2528.201171875	0.0	image/436	436	1294439	nsd/32625.png
2529.0	0.0	image/404	404	1294848	nsd/30395.png
2529.779296875	0.0	image/416	416	1295247	nsd/30935.png
2530.583984375	0.0	image/408	408	1295659	nsd/30601.png
2531.3671875	0.0	image/382	382	1296060	nsd/28595.png
2532.984375	0.0	image/468	468	1296888	nsd/35094.png
2533.818359375	0.0	image/381	381	1297315	nsd/28524.png
2534.65234375	0.0	image/456	456	1297742	nsd/34089.png
2535.447265625	0.0	image/375	375	1298149	nsd/28319.png
2536.23046875	0.0	image/379	379	1298550	nsd/28418.png
2537.052734375	0.0	image/407	407	1298971	nsd/30563.png
2538.61328125	0.0	image/445	445	1299770	nsd/33171.png
2539.40234375	0.0	image/425	425	1300174	nsd/31659.png
2540.970703125	0.0	image/386	386	1300977	nsd/28755.png
2541.783203125	0.0	image/361	361	1301393	nsd/27326.png
2542.587890625	0.0	image/399	399	1301805	nsd/29886.png
2544.171875	0.0	image/363	363	1302616	nsd/27568.png
2545.7890625	0.0	image/410	410	1303444	nsd/30672.png
2546.58984375	0.0	image/458	458	1303854	nsd/34186.png
2547.384765625	0.0	image/410	410	1304261	nsd/30672.png
2548.203125	0.0	image/369	369	1304680	nsd/28068.png
2549.0234375	0.0	image/463	463	1305100	nsd/34829.png
2549.806640625	0.0	image/388	388	1305501	nsd/28898.png
2550.583984375	0.0	image/373	373	1305899	nsd/28286.png
2551.408203125	0.0	image/424	424	1306321	nsd/31446.png
2552.185546875	0.0	image/448	448	1306719	nsd/33289.png
2552.974609375	0.0	image/389	389	1307123	nsd/28963.png
2553.791015625	0.0	image/387	387	1307541	nsd/28788.png
2555.392578125	0.0	image/367	367	1308361	nsd/27972.png
2556.208984375	0.0	image/432	432	1308779	nsd/32053.png
2557.001953125	0.0	image/447	447	1309185	nsd/33245.png
2557.826171875	0.0	image/391	391	1309607	nsd/29021.png
2558.66015625	0.0	image/456	456	1310034	nsd/34089.png
2559.4765625	0.0	image/372	372	1310452	nsd/28189.png
2560.3046875	0.0	image/477	477	1310876	nsd/36476.png
2561.072265625	0.0	image/390	390	1311269	nsd/29010.png
2561.876953125	0.0	image/398	398	1311681	nsd/29837.png
2562.7109375	0.0	image/453	453	1312108	nsd/33906.png
2563.494140625	0.0	image/362	362	1312509	nsd/27435.png
2564.27734375	0.0	image/381	381	1312910	nsd/28524.png
2565.056640625	0.0	image/440	440	1313309	nsd/32772.png
2565.859375	0.0	image/397	397	1313720	nsd/29711.png
2567.478515625	0.0	image/414	414	1314549	nsd/30887.png
2568.279296875	0.0	image/421	421	1314959	nsd/31123.png
2569.091796875	0.0	image/471	471	1315375	nsd/35752.png
2569.9296875	0.0	image/412	412	1315804	nsd/30847.png
2570.763671875	0.0	image/446	446	1316231	nsd/33189.png
2571.580078125	0.0	image/394	394	1316649	nsd/29660.png
2572.396484375	0.0	image/470	470	1317067	nsd/35743.png
2573.21484375	0.0	image/463	463	1317486	nsd/34829.png
2574.041015625	0.0	image/433	433	1317909	nsd/32232.png
2574.841796875	0.0	image/464	464	1318319	nsd/34845.png
2575.6484375	0.0	image/407	407	1318732	nsd/30563.png
2577.265625	0.0	image/467	467	1319560	nsd/34975.png
2578.08203125	0.0	image/419	419	1319978	nsd/31049.png
2578.880859375	0.0	image/446	446	1320387	nsd/33189.png
2579.666015625	0.0	image/382	382	1320789	nsd/28595.png
2580.44921875	0.0	image/435	435	1321190	nsd/32307.png
2581.25	0.0	image/406	406	1321600	nsd/30430.png
2582.083984375	0.0	image/428	428	1322027	nsd/31801.png
2582.87890625	0.0	image/402	402	1322434	nsd/30081.png
2583.68359375	0.0	image/390	390	1322846	nsd/29010.png
2584.51171875	0.0	image/457	457	1323270	nsd/34126.png
2585.333984375	0.0	image/426	426	1323691	nsd/31747.png
2586.1171875	0.0	image/449	449	1324092	nsd/33521.png
2586.91796875	0.0	image/467	467	1324502	nsd/34975.png
2587.701171875	0.0	image/371	371	1324903	nsd/28159.png
2588.517578125	0.0	image/420	420	1325321	nsd/31064.png
2589.330078125	0.0	image/450	450	1325737	nsd/33543.png
2590.15234375	0.0	image/442	442	1326158	nsd/32891.png
2590.953125	0.0	image/474	474	1326568	nsd/35986.png
2591.751953125	0.0	image/393	393	1326977	nsd/29568.png
2592.5859375	0.0	image/441	441	1327404	nsd/32857.png
2593.3828125	0.0	image/466	466	1327812	nsd/34874.png
2594.203125	0.0	image/431	431	1328232	nsd/31964.png
2595.01953125	0.0	image/424	424	1328650	nsd/31446.png
2595.853515625	0.0	image/368	368	1329077	nsd/28024.png
2596.68359375	0.0	image/379	379	1329502	nsd/28418.png
2597.48828125	0.0	image/377	377	1329914	nsd/28341.png
2598.28125	0.0	image/460	460	1330320	nsd/34418.png
2599.083984375	0.0	image/429	429	1330731	nsd/31837.png
2599.904296875	0.0	image/415	415	1331151	nsd/30922.png
2600.701171875	0.0	image/445	445	1331559	nsd/33171.png
2601.505859375	0.0	image/461	461	1331971	nsd/34603.png
2602.2890625	0.0	image/469	469	1332372	nsd/35129.png
2603.90625	0.0	image/428	428	1333200	nsd/31801.png
2604.72265625	0.0	image/361	361	1333618	nsd/27326.png
2605.50390625	0.0	image/389	389	1334018	nsd/28963.png
2606.306640625	0.0	image/466	466	1334429	nsd/34874.png
2607.083984375	0.0	image/417	417	1334827	nsd/30954.png
2607.875	0.0	image/376	376	1335232	nsd/28325.png
2609.458984375	0.0	image/400	400	1336043	nsd/29919.png
2610.2421875	0.0	image/395	395	1336444	nsd/29663.png
2611.037109375	0.0	image/478	478	1336851	nsd/36569.png
2611.859375	0.0	image/385	385	1337272	nsd/28751.png
2612.67578125	0.0	image/423	423	1337690	nsd/31349.png
2619.51953125	0.0	image/524	524	1341194	nsd/39553.png
2620.3125	0.0	image/508	508	1341600	nsd/38494.png
2621.0859375	0.0	image/501	501	1341996	nsd/38246.png
2621.87890625	0.0	image/551	551	1342402	nsd/41710.png
2622.6484375	0.0	image/499	499	1342796	nsd/38025.png
2623.431640625	0.0	image/593	593	1343197	nsd/43852.png
2624.220703125	0.0	image/546	546	1343601	nsd/41482.png
2625.0390625	0.0	image/556	556	1344020	nsd/42007.png
2625.81640625	0.0	image/498	498	1344418	nsd/38022.png
2626.580078125	0.0	image/544	544	1344809	nsd/41137.png
2627.38671875	0.0	image/510	510	1345222	nsd/38794.png
2628.150390625	0.0	image/517	517	1345613	nsd/39095.png
2628.955078125	0.0	image/571	571	1346025	nsd/42912.png
2630.572265625	0.0	image/513	513	1346853	nsd/38853.png
2631.390625	0.0	image/542	542	1347272	nsd/41097.png
2632.189453125	0.0	image/550	550	1347681	nsd/41653.png
2633.81640625	0.0	image/528	528	1348514	nsd/40235.png
2634.638671875	0.0	image/508	508	1348935	nsd/38494.png
2635.44140625	0.0	image/583	583	1349346	nsd/43429.png
2637.068359375	0.0	image/525	525	1350179	nsd/39841.png
2637.8828125	0.0	image/516	516	1350596	nsd/39058.png
2638.66015625	0.0	image/539	539	1350994	nsd/40935.png
2639.451171875	0.0	image/552	552	1351399	nsd/41778.png
2640.2265625	0.0	image/563	563	1351796	nsd/42299.png
2641.009765625	0.0	image/511	511	1352197	nsd/38817.png
2641.806640625	0.0	image/519	519	1352605	nsd/39298.png
2642.591796875	0.0	image/546	546	1353007	nsd/41482.png
2643.376953125	0.0	image/553	553	1353409	nsd/41814.png
2644.205078125	0.0	image/533	533	1353833	nsd/40770.png
2645.02734375	0.0	image/590	590	1354254	nsd/43746.png
2645.828125	0.0	image/505	505	1354664	nsd/38358.png
2646.658203125	0.0	image/580	580	1355089	nsd/43250.png
2647.4609375	0.0	image/560	560	1355500	nsd/42214.png
2648.244140625	0.0	image/484	484	1355901	nsd/36759.png
2649.0390625	0.0	image/495	495	1356308	nsd/37736.png
2649.822265625	0.0	image/539	539	1356709	nsd/40935.png
2650.591796875	0.0	image/517	517	1357103	nsd/39095.png
2651.408203125	0.0	image/567	567	1357521	nsd/42648.png
2652.212890625	0.0	image/556	556	1357933	nsd/42007.png
2653.0078125	0.0	image/569	569	1358340	nsd/42781.png
2653.806640625	0.0	image/597	597	1358749	nsd/44097.png
2655.396484375	0.0	image/498	498	1359563	nsd/38022.png
2656.171875	0.0	image/493	493	1359960	nsd/37494.png
2656.9765625	0.0	image/510	510	1360372	nsd/38794.png
2657.759765625	0.0	image/598	598	1360773	nsd/44107.png
2658.560546875	0.0	image/527	527	1361183	nsd/40153.png
2659.33203125	0.0	image/586	586	1361578	nsd/43500.png
2660.8828125	0.0	image/554	554	1362372	nsd/41927.png
2661.666015625	0.0	image/586	586	1362773	nsd/43500.png
2662.4921875	0.0	image/593	593	1363196	nsd/43852.png
2663.265625	0.0	image/530	530	1363592	nsd/40548.png
2664.81640625	0.0	image/489	489	1364386	nsd/37059.png
2665.6015625	0.0	image/600	600	1364788	nsd/44144.png
2666.435546875	0.0	image/564	564	1365215	nsd/42473.png
2667.224609375	0.0	image/511	511	1365619	nsd/38817.png
2668.001953125	0.0	image/523	523	1366017	nsd/39547.png
2668.8125	0.0	image/587	587	1366432	nsd/43619.png
2669.580078125	0.0	image/504	504	1366825	nsd/38310.png
2670.34375	0.0	image/502	502	1367216	nsd/38278.png
2671.162109375	0.0	image/543	543	1367635	nsd/41116.png
2671.978515625	0.0	image/488	488	1368053	nsd/36978.png
2672.78515625	0.0	image/592	592	1368466	nsd/43820.png
2673.619140625	0.0	image/533	533	1368893	nsd/40770.png
2674.435546875	0.0	image/507	507	1369311	nsd/38486.png
2675.265625	0.0	image/542	542	1369736	nsd/41097.png
2676.08203125	0.0	image/536	536	1370154	nsd/40909.png
2676.90234375	0.0	image/592	592	1370574	nsd/43820.png
2677.71484375	0.0	image/591	591	1370990	nsd/43818.png
2678.529296875	0.0	image/583	583	1371407	nsd/43429.png
2679.298828125	0.0	image/599	599	1371801	nsd/44138.png
2680.12109375	0.0	image/527	527	1372222	nsd/40153.png
2680.916015625	0.0	image/529	529	1372629	nsd/40423.png
2681.701171875	0.0	image/560	560	1373031	nsd/42214.png
2682.505859375	0.0	image/590	590	1373443	nsd/43746.png
2683.283203125	0.0	image/589	589	1373841	nsd/43689.png
2684.08984375	0.0	image/537	537	1374254	nsd/40920.png
2684.8984375	0.0	image/598	598	1374668	nsd/44107.png
2685.66796875	0.0	image/535	535	1375062	nsd/40846.png
2686.484375	0.0	image/514	514	1375480	nsd/38978.png
2687.28515625	0.0	image/512	512	1375890	nsd/38829.png
2688.859375	0.0	image/483	483	1376696	nsd/36731.png
2689.673828125	0.0	image/576	576	1377113	nsd/43157.png
2690.48828125	0.0	image/491	491	1377530	nsd/37224.png
2691.25	0.0	image/532	532	1377920	nsd/40721.png
2692.05078125	0.0	image/544	544	1378330	nsd/41137.png
2692.8359375	0.0	image/526	526	1378732	nsd/39997.png
2693.609375	0.0	image/555	555	1379128	nsd/41934.png
2694.390625	0.0	image/550	550	1379528	nsd/41653.png
2695.1875	0.0	image/584	584	1379936	nsd/43445.png
2696.009765625	0.0	image/482	482	1380357	nsd/36682.png
2696.802734375	0.0	image/589	589	1380763	nsd/43689.png
2697.5703125	0.0	image/512	512	1381156	nsd/38829.png
2698.341796875	0.0	image/573	573	1381551	nsd/42980.png
2699.158203125	0.0	image/567	567	1381969	nsd/42648.png
2699.96875	0.0	image/492	492	1382384	nsd/37436.png
2700.787109375	0.0	image/578	578	1382803	nsd/43164.png
2701.556640625	0.0	image/570	570	1383197	nsd/42851.png
2702.375	0.0	image/572	572	1383616	nsd/42946.png
2703.208984375	0.0	image/577	577	1384043	nsd/43159.png
2704.005859375	0.0	image/500	500	1384451	nsd/38060.png
2705.62890625	0.0	image/571	571	1385282	nsd/42912.png
2706.41015625	0.0	image/547	547	1385682	nsd/41566.png
2707.212890625	0.0	image/505	505	1386093	nsd/38358.png
2708.013671875	0.0	image/594	594	1386503	nsd/43950.png
2708.80859375	0.0	image/518	518	1386910	nsd/39289.png
2709.630859375	0.0	image/515	515	1387331	nsd/39047.png
2710.427734375	0.0	image/553	553	1387739	nsd/41814.png
2711.259765625	0.0	image/587	587	1388165	nsd/43619.png
2712.046875	0.0	image/572	572	1388568	nsd/42946.png
2712.880859375	0.0	image/487	487	1388995	nsd/36974.png
2714.47265625	0.0	image/558	558	1389810	nsd/42166.png
2715.298828125	0.0	image/506	506	1390233	nsd/38483.png
2716.07421875	0.0	image/591	591	1390630	nsd/43818.png
2716.90234375	0.0	image/501	501	1391054	nsd/38246.png
2717.69140625	0.0	image/493	493	1391458	nsd/37494.png
2719.30859375	0.0	image/585	585	1392286	nsd/43465.png
2720.05859375	0.0	image/500	500	1392670	nsd/38060.png
2720.857421875	0.0	image/562	562	1393079	nsd/42238.png
2721.658203125	0.0	image/573	573	1393489	nsd/42980.png
2722.42578125	0.0	image/513	513	1393882	nsd/38853.png
2723.2265625	0.0	image/566	566	1394292	nsd/42642.png
2723.9921875	0.0	image/574	574	1394684	nsd/43107.png
2724.77734375	0.0	image/503	503	1395086	nsd/38297.png
2725.54296875	0.0	image/552	552	1395478	nsd/41778.png
2726.359375	0.0	image/537	537	1395896	nsd/40920.png
2727.16015625	0.0	image/519	519	1396306	nsd/39298.png
2727.92578125	0.0	image/577	577	1396698	nsd/43159.png
2728.7265625	0.0	image/483	483	1397108	nsd/36731.png
2729.494140625	0.0	image/484	484	1397501	nsd/36759.png
2731.048828125	0.0	image/584	584	1398297	nsd/43445.png
2731.828125	0.0	image/555	555	1398696	nsd/41934.png
2732.578125	0.0	image/515	515	1399080	nsd/39047.png
2733.345703125	0.0	image/529	529	1399473	nsd/40423.png
2734.146484375	0.0	image/549	549	1399883	nsd/41623.png
2734.931640625	0.0	image/576	576	1400285	nsd/43157.png
2735.712890625	0.0	image/494	494	1400685	nsd/37608.png
2736.478515625	0.0	image/496	496	1401077	nsd/37801.png
2737.263671875	0.0	image/565	565	1401479	nsd/42563.png
2738.013671875	0.0	image/490	490	1401863	nsd/37221.png
2738.779296875	0.0	image/579	579	1402255	nsd/43224.png
2739.572265625	0.0	image/545	545	1402661	nsd/41162.png
2740.34765625	0.0	image/528	528	1403058	nsd/40235.png
2741.150390625	0.0	image/531	531	1403469	nsd/40575.png
2741.970703125	0.0	image/595	595	1403889	nsd/43984.png
2742.787109375	0.0	image/557	557	1404307	nsd/42126.png
2743.55078125	0.0	image/489	489	1404698	nsd/37059.png
2744.357421875	0.0	image/481	481	1405111	nsd/36629.png
2745.173828125	0.0	image/509	509	1405529	nsd/38641.png
2745.9921875	0.0	image/502	502	1405948	nsd/38278.png
2746.82421875	0.0	image/566	566	1406374	nsd/42642.png
2747.640625	0.0	image/535	535	1406792	nsd/40846.png
2748.453125	0.0	image/548	548	1407208	nsd/41574.png
2749.21875	0.0	image/531	531	1407600	nsd/40575.png
2750.04296875	0.0	image/565	565	1408022	nsd/42563.png
2750.859375	0.0	image/504	504	1408440	nsd/38310.png
2751.638671875	0.0	image/524	524	1408839	nsd/39553.png
2752.42578125	0.0	image/503	503	1409242	nsd/38297.png
2753.255859375	0.0	image/585	585	1409667	nsd/43465.png
2754.076171875	0.0	image/485	485	1410087	nsd/36910.png
2754.91015625	0.0	image/561	561	1410514	nsd/42224.png
2755.693359375	0.0	image/554	554	1410915	nsd/41927.png
2756.52734375	0.0	image/495	495	1411342	nsd/37736.png
2757.34375	0.0	image/600	600	1411760	nsd/44144.png
2758.12890625	0.0	image/541	541	1412162	nsd/41056.png
2758.9609375	0.0	image/543	543	1412588	nsd/41116.png
2759.744140625	0.0	image/564	564	1412989	nsd/42473.png
2761.37890625	0.0	image/540	540	1413826	nsd/40979.png
2762.962890625	0.0	image/588	588	1414637	nsd/43675.png
2763.796875	0.0	image/596	596	1415064	nsd/44052.png
2764.5625	0.0	image/520	520	1415456	nsd/39369.png
2765.380859375	0.0	image/497	497	1415875	nsd/37927.png
2766.962890625	0.0	image/588	588	1416685	nsd/43675.png
2767.78125	0.0	image/559	559	1417104	nsd/42171.png
2768.564453125	0.0	image/574	574	1417505	nsd/43107.png
2769.3984375	0.0	image/534	534	1417932	nsd/40840.png
2770.232421875	0.0	image/558	558	1418359	nsd/42166.png
2771.78125	0.0	image/580	580	1419152	nsd/43250.png
2773.3828125	0.0	image/518	518	1419972	nsd/39289.png
2774.16015625	0.0	image/581	581	1420370	nsd/43288.png
2774.93359375	0.0	image/569	569	1420766	nsd/42781.png
2775.75	0.0	image/486	486	1421184	nsd/36945.png
2776.533203125	0.0	image/582	582	1421585	nsd/43428.png
2777.345703125	0.0	image/599	599	1422001	nsd/44138.png
2778.125	0.0	image/557	557	1422400	nsd/42126.png
2779.66796875	0.0	image/540	540	1423190	nsd/40979.png
2780.462890625	0.0	image/499	499	1423597	nsd/38025.png
2781.234375	0.0	image/559	559	1423992	nsd/42171.png
2782.03515625	0.0	image/549	549	1424402	nsd/41623.png
2782.869140625	0.0	image/595	595	1424829	nsd/43984.png
2783.669921875	0.0	image/578	578	1425239	nsd/43164.png
2784.453125	0.0	image/536	536	1425640	nsd/40909.png
2785.23046875	0.0	image/570	570	1426038	nsd/42851.png
2786.037109375	0.0	image/523	523	1426451	nsd/39547.png
2786.853515625	0.0	image/491	491	1426869	nsd/37224.png
2788.4375	0.0	image/525	525	1427680	nsd/39841.png
2789.220703125	0.0	image/521	521	1428081	nsd/39402.png
2790.033203125	0.0	image/538	538	1428497	nsd/40924.png
2790.818359375	0.0	image/487	487	1428899	nsd/36974.png
2791.638671875	0.0	image/481	481	1429319	nsd/36629.png
2792.466796875	0.0	image/575	575	1429743	nsd/43156.png
2793.271484375	0.0	image/497	497	1430155	nsd/37927.png
2794.05078125	0.0	image/521	521	1430554	nsd/39402.png
2794.822265625	0.0	image/579	579	1430949	nsd/43224.png
2795.6015625	0.0	image/551	551	1431348	nsd/41710.png
2797.173828125	0.0	image/532	532	1432153	nsd/40721.png
2797.97265625	0.0	image/575	575	1432562	nsd/43156.png
2798.806640625	0.0	image/496	496	1432989	nsd/37801.png
2799.58984375	0.0	image/541	541	1433390	nsd/41056.png
2800.423828125	0.0	image/568	568	1433817	nsd/42697.png
2801.2421875	0.0	image/582	582	1434236	nsd/43428.png
2802.041015625	0.0	image/509	509	1434645	nsd/38641.png
2803.642578125	0.0	image/486	486	1435465	nsd/36945.png
2804.4375	0.0	image/538	538	1435872	nsd/40924.png
2805.224609375	0.0	image/548	548	1436275	nsd/41574.png
2806.009765625	0.0	image/492	492	1436677	nsd/37436.png
2806.826171875	0.0	image/568	568	1437095	nsd/42697.png
2807.609375	0.0	image/545	545	1437496	nsd/41162.png
2809.2109375	0.0	image/485	485	1438316	nsd/36910.png
2810.02734375	0.0	image/507	507	1438734	nsd/38486.png
2810.857421875	0.0	image/482	482	1439159	nsd/36682.png
2811.6796875	0.0	image/520	520	1439580	nsd/39369.png
2812.4609375	0.0	image/526	526	1439980	nsd/39997.png
2813.294921875	0.0	image/522	522	1440407	nsd/39509.png
2814.091796875	0.0	image/494	494	1440815	nsd/37608.png
2814.888671875	0.0	image/522	522	1441223	nsd/39509.png
2816.4296875	0.0	image/490	490	1442012	nsd/37221.png
2817.240234375	0.0	image/563	563	1442427	nsd/42299.png
2818.005859375	0.0	image/514	514	1442819	nsd/38978.png
2818.8125	0.0	image/597	597	1443232	nsd/44097.png
2819.61328125	0.0	image/562	562	1443642	nsd/42238.png
2821.21875	0.0	image/534	534	1444464	nsd/40840.png
2822.0078125	0.0	image/530	530	1444868	nsd/40548.png
2822.78125	0.0	image/516	516	1445264	nsd/39058.png
2823.564453125	0.0	image/596	596	1445665	nsd/44052.png
2824.34765625	0.0	image/488	488	1446066	nsd/36978.png
2825.130859375	0.0	image/581	581	1446467	nsd/43288.png
2825.9140625	0.0	image/506	506	1446868	nsd/38483.png
2826.693359375	0.0	image/594	594	1447267	nsd/43950.png
2827.498046875	0.0	image/561	561	1447679	nsd/42224.png
2829.08203125	0.0	image/547	547	1448490	nsd/41566.png
2836.369140625	0.0	image/645	645	1452221	nsd/47033.png
2837.16796875	0.0	image/664	664	1452630	nsd/48508.png
2837.98046875	0.0	image/616	616	1453046	nsd/45595.png
2838.78515625	0.0	image/635	635	1453458	nsd/46380.png
2839.6015625	0.0	image/714	714	1453876	nsd/52216.png
2840.416015625	0.0	image/678	678	1454293	nsd/49466.png
2841.220703125	0.0	image/648	648	1454705	nsd/47200.png
2841.998046875	0.0	image/651	651	1455103	nsd/47321.png
2842.765625	0.0	image/695	695	1455496	nsd/50811.png
2843.552734375	0.0	image/687	687	1455899	nsd/49979.png
2844.337890625	0.0	image/668	668	1456301	nsd/48622.png
2845.955078125	0.0	image/641	641	1457129	nsd/46661.png
2846.732421875	0.0	image/696	696	1457527	nsd/50882.png
2847.5546875	0.0	image/640	640	1457948	nsd/46642.png
2848.388671875	0.0	image/692	692	1458375	nsd/50653.png
2849.171875	0.0	image/656	656	1458776	nsd/47656.png
2849.97265625	0.0	image/709	709	1459186	nsd/51928.png
2850.7890625	0.0	image/623	623	1459604	nsd/45981.png
2851.6015625	0.0	image/636	636	1460020	nsd/46460.png
2852.40625	0.0	image/670	670	1460432	nsd/48681.png
2853.208984375	0.0	image/630	630	1460843	nsd/46150.png
2853.990234375	0.0	image/606	606	1461243	nsd/44705.png
2854.78515625	0.0	image/667	667	1461650	nsd/48618.png
2855.58984375	0.0	image/671	671	1462062	nsd/48802.png
2856.419921875	0.0	image/647	647	1462487	nsd/47099.png
2857.19140625	0.0	image/657	657	1462882	nsd/47687.png
2857.9921875	0.0	image/706	706	1463292	nsd/51788.png
2858.7578125	0.0	image/682	682	1463684	nsd/49923.png
2859.591796875	0.0	image/617	617	1464111	nsd/45632.png
2860.38671875	0.0	image/717	717	1464518	nsd/52375.png
2861.185546875	0.0	image/694	694	1464927	nsd/50755.png
2861.9921875	0.0	image/642	642	1465340	nsd/46806.png
2862.8203125	0.0	image/701	701	1465764	nsd/51148.png
2863.626953125	0.0	image/610	610	1466177	nsd/44844.png
2864.41015625	0.0	image/691	691	1466578	nsd/50500.png
2865.2109375	0.0	image/649	649	1466988	nsd/47290.png
2866.02734375	0.0	image/621	621	1467406	nsd/45843.png
2866.810546875	0.0	image/620	620	1467807	nsd/45837.png
2868.478515625	0.0	image/691	691	1468661	nsd/50500.png
2869.2734375	0.0	image/699	699	1469068	nsd/51062.png
2870.095703125	0.0	image/688	688	1469489	nsd/50026.png
2870.912109375	0.0	image/647	647	1469907	nsd/47099.png
2871.74609375	0.0	image/616	616	1470334	nsd/45595.png
2873.36328125	0.0	image/720	720	1471162	nsd/52554.png
2874.162109375	0.0	image/693	693	1471571	nsd/50734.png
2874.94140625	0.0	image/626	626	1471970	nsd/46002.png
2875.73046875	0.0	image/612	612	1472374	nsd/44980.png
2876.546875	0.0	image/716	716	1472792	nsd/52328.png
2877.376953125	0.0	image/627	627	1473217	nsd/46036.png
2878.982421875	0.0	image/710	710	1474039	nsd/51965.png
2879.759765625	0.0	image/612	612	1474437	nsd/44980.png
2880.564453125	0.0	image/602	602	1474849	nsd/44324.png
2882.166015625	0.0	image/633	633	1475669	nsd/46321.png
2882.998046875	0.0	image/659	659	1476095	nsd/48260.png
2883.77734375	0.0	image/628	628	1476494	nsd/46101.png
2884.58203125	0.0	image/636	636	1476906	nsd/46460.png
2885.412109375	0.0	image/639	639	1477331	nsd/46523.png
2887.033203125	0.0	image/628	628	1478161	nsd/46101.png
2887.8671875	0.0	image/640	640	1478588	nsd/46642.png
2888.66796875	0.0	image/638	638	1478998	nsd/46480.png
2889.462890625	0.0	image/662	662	1479405	nsd/48393.png
2890.267578125	0.0	image/681	681	1479817	nsd/49731.png
2891.1015625	0.0	image/688	688	1480244	nsd/50026.png
2891.884765625	0.0	image/605	605	1480645	nsd/44412.png
2892.71875	0.0	image/654	654	1481072	nsd/47600.png
2893.49609375	0.0	image/713	713	1481470	nsd/52070.png
2894.302734375	0.0	image/711	711	1481883	nsd/51983.png
2895.103515625	0.0	image/664	664	1482293	nsd/48508.png
2895.935546875	0.0	image/714	714	1482719	nsd/52216.png
2896.720703125	0.0	image/666	666	1483121	nsd/48617.png
2897.513671875	0.0	image/708	708	1483527	nsd/51907.png
2898.302734375	0.0	image/668	668	1483931	nsd/48622.png
2899.087890625	0.0	image/629	629	1484333	nsd/46136.png
2899.87109375	0.0	image/669	669	1484734	nsd/48679.png
2900.63671875	0.0	image/638	638	1485126	nsd/46480.png
2902.271484375	0.0	image/681	681	1485963	nsd/49731.png
2903.052734375	0.0	image/702	702	1486363	nsd/51171.png
2903.837890625	0.0	image/608	608	1486765	nsd/44729.png
2904.65625	0.0	image/603	603	1487184	nsd/44339.png
2905.439453125	0.0	image/712	712	1487585	nsd/51988.png
2906.255859375	0.0	image/626	626	1488003	nsd/46002.png
2907.06640625	0.0	image/685	685	1488418	nsd/49957.png
2907.85546875	0.0	image/622	622	1488822	nsd/45945.png
2908.65625	0.0	image/679	679	1489232	nsd/49480.png
2909.490234375	0.0	image/644	644	1489659	nsd/46861.png
2910.2734375	0.0	image/615	615	1490060	nsd/45356.png
2911.056640625	0.0	image/601	601	1490461	nsd/44184.png
2911.841796875	0.0	image/695	695	1490863	nsd/50811.png
2912.625	0.0	image/700	700	1491264	nsd/51077.png
2913.44140625	0.0	image/684	684	1491682	nsd/49955.png
2914.2578125	0.0	image/676	676	1492100	nsd/49156.png
2915.076171875	0.0	image/677	677	1492519	nsd/49234.png
2915.908203125	0.0	image/704	704	1492945	nsd/51521.png
2916.705078125	0.0	image/607	607	1493353	nsd/44720.png
2917.4765625	0.0	image/661	661	1493748	nsd/48379.png
2918.259765625	0.0	image/674	674	1494149	nsd/49076.png
2919.076171875	0.0	image/670	670	1494567	nsd/48681.png
2919.91015625	0.0	image/675	675	1494994	nsd/49152.png
2920.7109375	0.0	image/632	632	1495404	nsd/46274.png
2921.544921875	0.0	image/611	611	1495831	nsd/44971.png
2922.361328125	0.0	image/614	614	1496249	nsd/45213.png
2923.177734375	0.0	image/642	642	1496667	nsd/46806.png
2924.77734375	0.0	image/674	674	1497486	nsd/49076.png
2925.595703125	0.0	image/653	653	1497905	nsd/47598.png
2926.40625	0.0	image/707	707	1498320	nsd/51843.png
2927.177734375	0.0	image/698	698	1498715	nsd/51052.png
2928.8125	0.0	image/672	672	1499552	nsd/48832.png
2930.4140625	0.0	image/623	623	1500372	nsd/45981.png
2931.19140625	0.0	image/625	625	1500770	nsd/45999.png
2931.99609375	0.0	image/654	654	1501182	nsd/47600.png
2932.78125	0.0	image/703	703	1501584	nsd/51185.png
2934.380859375	0.0	image/615	615	1502403	nsd/45356.png
2935.998046875	0.0	image/639	639	1503231	nsd/46523.png
2936.798828125	0.0	image/718	718	1503641	nsd/52394.png
2937.576171875	0.0	image/624	624	1504039	nsd/45982.png
2938.39453125	0.0	image/712	712	1504458	nsd/51988.png
2940.033203125	0.0	image/717	717	1505297	nsd/52375.png
2940.8671875	0.0	image/655	655	1505724	nsd/47614.png
2941.68359375	0.0	image/656	656	1506142	nsd/47656.png
2942.4765625	0.0	image/619	619	1506548	nsd/45750.png
2943.294921875	0.0	image/630	630	1506967	nsd/46150.png
2944.08203125	0.0	image/677	677	1507370	nsd/49234.png
2944.8671875	0.0	image/641	641	1507772	nsd/46661.png
2945.650390625	0.0	image/604	604	1508173	nsd/44369.png
2946.46875	0.0	image/609	609	1508592	nsd/44736.png
2947.28515625	0.0	image/632	632	1509010	nsd/46274.png
2948.90234375	0.0	image/711	711	1509838	nsd/51983.png
2949.736328125	0.0	image/633	633	1510265	nsd/46321.png
2950.513671875	0.0	image/603	603	1510663	nsd/44339.png
2951.302734375	0.0	image/629	629	1511067	nsd/46136.png
2952.919921875	0.0	image/708	708	1511895	nsd/51907.png
2953.720703125	0.0	image/698	698	1512305	nsd/51052.png
2954.50390625	0.0	image/660	660	1512706	nsd/48374.png
2955.337890625	0.0	image/690	690	1513133	nsd/50170.png
2956.1484375	0.0	image/650	650	1513548	nsd/47293.png
2956.93359375	0.0	image/653	653	1513950	nsd/47598.png
2957.75390625	0.0	image/684	684	1514370	nsd/49955.png
2958.5546875	0.0	image/718	718	1514780	nsd/52394.png
2959.333984375	0.0	image/652	652	1515179	nsd/47408.png
2960.12109375	0.0	image/618	618	1515582	nsd/45746.png
2960.939453125	0.0	image/704	704	1516001	nsd/51521.png
2961.771484375	0.0	image/699	699	1516427	nsd/51062.png
2962.568359375	0.0	image/625	625	1516835	nsd/45999.png
2963.37109375	0.0	image/608	608	1517246	nsd/44729.png
2964.2109375	0.0	image/651	651	1517676	nsd/47321.png
2965.041015625	0.0	image/675	675	1518101	nsd/49152.png
2966.63671875	0.0	image/690	690	1518918	nsd/50170.png
2967.423828125	0.0	image/631	631	1519321	nsd/46160.png
2969.03515625	0.0	image/669	669	1520146	nsd/48679.png
2969.830078125	0.0	image/660	660	1520553	nsd/48374.png
2970.650390625	0.0	image/697	697	1520973	nsd/51051.png
2972.2421875	0.0	image/634	634	1521788	nsd/46372.png
2973.05859375	0.0	image/652	652	1522206	nsd/47408.png
2973.859375	0.0	image/719	719	1522616	nsd/52527.png
2974.642578125	0.0	image/606	606	1523017	nsd/44705.png
2975.4609375	0.0	image/663	663	1523436	nsd/48422.png
2976.23828125	0.0	image/659	659	1523834	nsd/48260.png
2977.02734375	0.0	image/618	618	1524238	nsd/45746.png
2977.8046875	0.0	image/662	662	1524636	nsd/48393.png
2978.58984375	0.0	image/692	692	1525038	nsd/50653.png
2979.41015625	0.0	image/719	719	1525458	nsd/52527.png
2980.2109375	0.0	image/665	665	1525868	nsd/48530.png
2981.755859375	0.0	image/622	622	1526659	nsd/45945.png
2982.578125	0.0	image/673	673	1527080	nsd/48839.png
2983.40625	0.0	image/645	645	1527504	nsd/47033.png
2984.228515625	0.0	image/624	624	1527925	nsd/45982.png
2985.046875	0.0	image/682	682	1528344	nsd/49923.png
2985.830078125	0.0	image/720	720	1528745	nsd/52554.png
2986.6640625	0.0	image/679	679	1529172	nsd/49480.png
2987.48046875	0.0	image/613	613	1529590	nsd/45129.png
2988.30859375	0.0	image/696	696	1530014	nsd/50882.png
2989.09375	0.0	image/634	634	1530416	nsd/46372.png
2989.9140625	0.0	image/700	700	1530836	nsd/51077.png
2990.724609375	0.0	image/713	713	1531251	nsd/52070.png
2991.53125	0.0	image/686	686	1531664	nsd/49969.png
2992.365234375	0.0	image/658	658	1532091	nsd/48157.png
2993.1484375	0.0	image/646	646	1532492	nsd/47070.png
2993.94921875	0.0	image/663	663	1532902	nsd/48422.png
2995.56640625	0.0	image/680	680	1533730	nsd/49622.png
2996.400390625	0.0	image/694	694	1534157	nsd/50755.png
2997.216796875	0.0	image/648	648	1534575	nsd/47200.png
2998.017578125	0.0	image/673	673	1534985	nsd/48839.png
2998.81640625	0.0	image/716	716	1535394	nsd/52328.png
2999.634765625	0.0	image/706	706	1535813	nsd/51788.png
3000.43359375	0.0	image/646	646	1536222	nsd/47070.png
3001.251953125	0.0	image/709	709	1536641	nsd/51928.png
3002.05078125	0.0	image/631	631	1537050	nsd/46160.png
3002.845703125	0.0	image/609	609	1537457	nsd/44736.png
3004.46875	0.0	image/614	614	1538288	nsd/45213.png
3006.1015625	0.0	image/658	658	1539124	nsd/48157.png
3006.935546875	0.0	image/635	635	1539551	nsd/46380.png
3007.736328125	0.0	image/715	715	1539961	nsd/52302.png
3008.552734375	0.0	image/637	637	1540379	nsd/46462.png
3009.353515625	0.0	image/611	611	1540789	nsd/44971.png
3010.13671875	0.0	image/697	697	1541190	nsd/51051.png
3010.93359375	0.0	image/627	627	1541598	nsd/46036.png
3011.720703125	0.0	image/643	643	1542001	nsd/46835.png
3012.533203125	0.0	image/602	602	1542417	nsd/44324.png
3013.35546875	0.0	image/715	715	1542838	nsd/52302.png
3014.171875	0.0	image/678	678	1543256	nsd/49466.png
3015.005859375	0.0	image/672	672	1543683	nsd/48832.png
3015.822265625	0.0	image/683	683	1544101	nsd/49944.png
3016.60546875	0.0	image/619	619	1544502	nsd/45750.png
3017.388671875	0.0	image/661	661	1544903	nsd/48379.png
3018.20703125	0.0	image/705	705	1545322	nsd/51745.png
3019.021484375	0.0	image/649	649	1545739	nsd/47290.png
3019.806640625	0.0	image/605	605	1546141	nsd/44412.png
3020.607421875	0.0	image/683	683	1546551	nsd/49944.png
3021.40234375	0.0	image/643	643	1546958	nsd/46835.png
3022.20703125	0.0	image/610	610	1547370	nsd/44844.png
3023.01953125	0.0	image/676	676	1547786	nsd/49156.png
3024.6796875	0.0	image/689	689	1548636	nsd/50114.png
3025.453125	0.0	image/666	666	1549032	nsd/48617.png
3026.220703125	0.0	image/601	601	1549425	nsd/44184.png
3027.0390625	0.0	image/650	650	1549844	nsd/47293.png
3027.853515625	0.0	image/637	637	1550261	nsd/46462.png
3028.625	0.0	image/707	707	1550656	nsd/51843.png
3029.458984375	0.0	image/671	671	1551083	nsd/48802.png
3030.29296875	0.0	image/685	685	1551510	nsd/49957.png
3031.09375	0.0	image/686	686	1551920	nsd/49969.png
3031.873046875	0.0	image/620	620	1552319	nsd/45837.png
3032.64453125	0.0	image/702	702	1552714	nsd/51171.png
3033.4375	0.0	image/705	705	1553120	nsd/51745.png
3034.2109375	0.0	image/687	687	1553516	nsd/49979.png
3035.01171875	0.0	image/621	621	1553926	nsd/45843.png
3035.810546875	0.0	image/604	604	1554335	nsd/44369.png
3036.607421875	0.0	image/667	667	1554743	nsd/48618.png
3037.427734375	0.0	image/693	693	1555163	nsd/50734.png
3038.26171875	0.0	image/613	613	1555590	nsd/45129.png
3039.044921875	0.0	image/657	657	1555991	nsd/47687.png
3039.845703125	0.0	image/607	607	1556401	nsd/44720.png
3040.6796875	0.0	image/701	701	1556828	nsd/51148.png
3041.49609375	0.0	image/680	680	1557246	nsd/49622.png
3042.296875	0.0	image/689	689	1557656	nsd/50114.png
3043.130859375	0.0	image/655	655	1558083	nsd/47614.png
3043.9140625	0.0	image/665	665	1558484	nsd/48530.png
3044.7421875	0.0	image/703	703	1558908	nsd/51185.png
3045.513671875	0.0	image/617	617	1559303	nsd/45632.png
3047.115234375	0.0	image/644	644	1560123	nsd/46861.png
3047.931640625	0.0	image/710	710	1560541	nsd/51965.png
3055.14453125	0.0	image/812	812	1564234	nsd/59039.png
3055.927734375	0.0	image/777	777	1564635	nsd/56418.png
3056.7578125	0.0	image/768	768	1565060	nsd/55968.png
3057.529296875	0.0	image/797	797	1565455	nsd/57553.png
3058.345703125	0.0	image/784	784	1565873	nsd/56751.png
3059.162109375	0.0	image/793	793	1566291	nsd/57435.png
3059.974609375	0.0	image/729	729	1566707	nsd/53152.png
3060.7578125	0.0	image/734	734	1567108	nsd/53489.png
3061.580078125	0.0	image/798	798	1567529	nsd/57648.png
3062.408203125	0.0	image/833	833	1567953	nsd/60519.png
3063.193359375	0.0	image/788	788	1568355	nsd/56867.png
3063.98046875	0.0	image/815	815	1568758	nsd/59091.png
3064.798828125	0.0	image/813	813	1569177	nsd/59046.png
3065.58203125	0.0	image/816	816	1569578	nsd/59194.png
3066.3984375	0.0	image/748	748	1569996	nsd/54643.png
3067.177734375	0.0	image/721	721	1570395	nsd/52596.png
3067.96484375	0.0	image/724	724	1570798	nsd/52892.png
3068.75	0.0	image/738	738	1571200	nsd/53728.png
3069.546875	0.0	image/747	747	1571608	nsd/54389.png
3070.333984375	0.0	image/743	743	1572011	nsd/54078.png
3071.150390625	0.0	image/826	826	1572429	nsd/60094.png
3071.966796875	0.0	image/840	840	1572847	nsd/61122.png
3072.80078125	0.0	image/756	756	1573274	nsd/55005.png
3073.6171875	0.0	image/731	731	1573692	nsd/53157.png
3074.43359375	0.0	image/766	766	1574110	nsd/55857.png
3076.068359375	0.0	image/839	839	1574947	nsd/60978.png
3076.87890625	0.0	image/772	772	1575362	nsd/56126.png
3077.66796875	0.0	image/836	836	1575766	nsd/60834.png
3078.451171875	0.0	image/809	809	1576167	nsd/58668.png
3080.01953125	0.0	image/776	776	1576970	nsd/56314.png
3080.802734375	0.0	image/837	837	1577371	nsd/60845.png
3081.619140625	0.0	image/799	799	1577789	nsd/57650.png
3082.40234375	0.0	image/731	731	1578190	nsd/53157.png
3083.220703125	0.0	image/749	749	1578609	nsd/54683.png
3084.021484375	0.0	image/818	818	1579019	nsd/59419.png
3084.8203125	0.0	image/735	735	1579428	nsd/53511.png
3085.654296875	0.0	image/747	747	1579855	nsd/54389.png
3087.23828125	0.0	image/827	827	1580666	nsd/60119.png
3088.021484375	0.0	image/830	830	1581067	nsd/60305.png
3088.822265625	0.0	image/791	791	1581477	nsd/57046.png
3089.6171875	0.0	image/728	728	1581884	nsd/53070.png
3090.421875	0.0	image/762	762	1582296	nsd/55649.png
3091.22265625	0.0	image/810	810	1582706	nsd/58681.png
3092.017578125	0.0	image/819	819	1583113	nsd/59420.png
3092.822265625	0.0	image/820	820	1583525	nsd/59585.png
3093.640625	0.0	image/767	767	1583944	nsd/55933.png
3094.45703125	0.0	image/806	806	1584362	nsd/58164.png
3095.2578125	0.0	image/735	735	1584772	nsd/53511.png
3096.03515625	0.0	image/838	838	1585170	nsd/60867.png
3096.857421875	0.0	image/746	746	1585591	nsd/54361.png
3097.673828125	0.0	image/827	827	1586009	nsd/60119.png
3099.291015625	0.0	image/742	742	1586837	nsd/53891.png
3100.12109375	0.0	image/775	775	1587262	nsd/56290.png
3101.775390625	0.0	image/742	742	1588109	nsd/53891.png
3102.576171875	0.0	image/763	763	1588519	nsd/55669.png
3103.353515625	0.0	image/730	730	1588917	nsd/53155.png
3104.158203125	0.0	image/781	781	1589329	nsd/56681.png
3104.943359375	0.0	image/791	791	1589731	nsd/57046.png
3105.759765625	0.0	image/810	810	1590149	nsd/58681.png
3106.541015625	0.0	image/744	744	1590549	nsd/54147.png
3107.34375	0.0	image/811	811	1590960	nsd/59023.png
3108.162109375	0.0	image/830	830	1591379	nsd/60305.png
3108.994140625	0.0	image/829	829	1591805	nsd/60251.png
3109.822265625	0.0	image/754	754	1592229	nsd/54913.png
3110.62890625	0.0	image/804	804	1592642	nsd/58096.png
3111.44140625	0.0	image/821	821	1593058	nsd/59595.png
3112.263671875	0.0	image/769	769	1593479	nsd/55969.png
3113.095703125	0.0	image/730	730	1593905	nsd/53155.png
3113.892578125	0.0	image/824	824	1594313	nsd/59817.png
3114.697265625	0.0	image/779	779	1594725	nsd/56471.png
3115.474609375	0.0	image/777	777	1595123	nsd/56418.png
3117.046875	0.0	image/734	734	1595928	nsd/53489.png
3117.86328125	0.0	image/802	802	1596346	nsd/57838.png
3118.6640625	0.0	image/725	725	1596756	nsd/52931.png
3119.48046875	0.0	image/739	739	1597174	nsd/53773.png
3120.298828125	0.0	image/726	726	1597593	nsd/52990.png
3121.08203125	0.0	image/800	800	1597994	nsd/57681.png
3121.865234375	0.0	image/823	823	1598395	nsd/59699.png
3122.681640625	0.0	image/828	828	1598813	nsd/60186.png
3123.458984375	0.0	image/768	768	1599211	nsd/55968.png
3124.26171875	0.0	image/803	803	1599622	nsd/57906.png
3125.06640625	0.0	image/770	770	1600034	nsd/56042.png
3125.8671875	0.0	image/750	750	1600444	nsd/54698.png
3126.68359375	0.0	image/769	769	1600862	nsd/55969.png
3127.5	0.0	image/822	822	1601280	nsd/59631.png
3128.30078125	0.0	image/799	799	1601690	nsd/57650.png
3129.095703125	0.0	image/733	733	1602097	nsd/53370.png
3130.734375	0.0	image/725	725	1602936	nsd/52931.png
3131.53125	0.0	image/840	840	1603344	nsd/61122.png
3132.333984375	0.0	image/804	804	1603755	nsd/58096.png
3133.162109375	0.0	image/824	824	1604179	nsd/59817.png
3133.96875	0.0	image/800	800	1604592	nsd/57681.png
3134.78515625	0.0	image/818	818	1605010	nsd/59419.png
3135.564453125	0.0	image/733	733	1605409	nsd/53370.png
3136.369140625	0.0	image/798	798	1605821	nsd/57648.png
3137.94921875	0.0	image/749	749	1606630	nsd/54683.png
3138.75390625	0.0	image/732	732	1607042	nsd/53270.png
3139.587890625	0.0	image/832	832	1607469	nsd/60505.png
3140.369140625	0.0	image/835	835	1607869	nsd/60725.png
3141.205078125	0.0	image/771	771	1608297	nsd/56066.png
3142.0	0.0	image/760	760	1608704	nsd/55408.png
3143.572265625	0.0	image/722	722	1609509	nsd/52598.png
3144.37109375	0.0	image/775	775	1609918	nsd/56290.png
3145.15234375	0.0	image/828	828	1610318	nsd/60186.png
3146.755859375	0.0	image/807	807	1611139	nsd/58187.png
3147.572265625	0.0	image/788	788	1611557	nsd/56867.png
3148.373046875	0.0	image/774	774	1611967	nsd/56269.png
3149.20703125	0.0	image/776	776	1612394	nsd/56314.png
3150.7734375	0.0	image/834	834	1613196	nsd/60553.png
3151.57421875	0.0	image/796	796	1613606	nsd/57542.png
3152.408203125	0.0	image/760	760	1614033	nsd/55408.png
3153.19140625	0.0	image/801	801	1614434	nsd/57822.png
3154.025390625	0.0	image/737	737	1614861	nsd/53727.png
3154.8203125	0.0	image/754	754	1615268	nsd/54913.png
3155.6015625	0.0	image/778	778	1615668	nsd/56454.png
3156.408203125	0.0	image/758	758	1616081	nsd/55163.png
3157.2265625	0.0	image/729	729	1616500	nsd/53152.png
3158.05859375	0.0	image/767	767	1616926	nsd/55933.png
3158.859375	0.0	image/831	831	1617336	nsd/60456.png
3160.41015625	0.0	image/746	746	1618130	nsd/54361.png
3161.2109375	0.0	image/832	832	1618540	nsd/60505.png
3161.994140625	0.0	image/752	752	1618941	nsd/54812.png
3162.828125	0.0	image/753	753	1619368	nsd/54824.png
3163.623046875	0.0	image/728	728	1619775	nsd/53070.png
3164.412109375	0.0	image/812	812	1620179	nsd/59039.png
3165.189453125	0.0	image/790	790	1620577	nsd/56948.png
3165.9609375	0.0	image/736	736	1620972	nsd/53570.png
3167.578125	0.0	image/757	757	1621800	nsd/55107.png
3168.37890625	0.0	image/831	831	1622210	nsd/60456.png
3169.197265625	0.0	image/738	738	1622629	nsd/53728.png
3169.99609375	0.0	image/814	814	1623038	nsd/59079.png
3170.82421875	0.0	image/758	758	1623462	nsd/55163.png
3171.609375	0.0	image/805	805	1623864	nsd/58144.png
3172.4296875	0.0	image/739	739	1624284	nsd/53773.png
3173.259765625	0.0	image/737	737	1624709	nsd/53727.png
3174.046875	0.0	image/819	819	1625112	nsd/59420.png
3174.85546875	0.0	image/740	740	1625526	nsd/53858.png
3175.6484375	0.0	image/736	736	1625932	nsd/53570.png
3176.46484375	0.0	image/726	726	1626350	nsd/52990.png
3177.255859375	0.0	image/750	750	1626755	nsd/54698.png
3178.015625	0.0	image/786	786	1627144	nsd/56784.png
3178.81640625	0.0	image/757	757	1627554	nsd/55107.png
3179.6328125	0.0	image/761	761	1627972	nsd/55526.png
3180.416015625	0.0	image/759	759	1628373	nsd/55405.png
3181.25	0.0	image/792	792	1628800	nsd/57060.png
3182.044921875	0.0	image/782	782	1629207	nsd/56695.png
3182.828125	0.0	image/771	771	1629608	nsd/56066.png
3183.6171875	0.0	image/801	801	1630012	nsd/57822.png
3184.451171875	0.0	image/784	784	1630439	nsd/56751.png
3185.228515625	0.0	image/773	773	1630837	nsd/56154.png
3186.001953125	0.0	image/780	780	1631233	nsd/56670.png
3186.775390625	0.0	image/808	808	1631629	nsd/58404.png
3187.576171875	0.0	image/793	793	1632039	nsd/57435.png
3189.185546875	0.0	image/765	765	1632863	nsd/55680.png
3190.78515625	0.0	image/809	809	1633682	nsd/58668.png
3192.40234375	0.0	image/751	751	1634510	nsd/54743.png
3193.21875	0.0	image/795	795	1634928	nsd/57478.png
3194.01953125	0.0	image/741	741	1635338	nsd/53881.png
3195.63671875	0.0	image/817	817	1636166	nsd/59284.png
3196.470703125	0.0	image/723	723	1636593	nsd/52652.png
3197.25390625	0.0	image/821	821	1636994	nsd/59595.png
3198.08203125	0.0	image/794	794	1637418	nsd/57443.png
3198.904296875	0.0	image/839	839	1637839	nsd/60978.png
3199.6875	0.0	image/789	789	1638240	nsd/56911.png
3200.47265625	0.0	image/805	805	1638642	nsd/58144.png
3201.306640625	0.0	image/813	813	1639069	nsd/59046.png
3202.119140625	0.0	image/836	836	1639485	nsd/60834.png
3202.939453125	0.0	image/808	808	1639905	nsd/58404.png
3203.751953125	0.0	image/815	815	1640321	nsd/59091.png
3205.33984375	0.0	image/806	806	1641134	nsd/58164.png
3206.169921875	0.0	image/789	789	1641559	nsd/56911.png
3207.806640625	0.0	image/797	797	1642397	nsd/57553.png
3208.640625	0.0	image/722	722	1642824	nsd/52598.png
3209.46875	0.0	image/837	837	1643248	nsd/60845.png
3210.291015625	0.0	image/764	764	1643669	nsd/55678.png
3211.12109375	0.0	image/838	838	1644094	nsd/60867.png
3211.94140625	0.0	image/763	763	1644514	nsd/55669.png
3212.7265625	0.0	image/732	732	1644916	nsd/53270.png
3213.525390625	0.0	image/721	721	1645325	nsd/52596.png
3214.326171875	0.0	image/756	756	1645735	nsd/55005.png
3215.126953125	0.0	image/770	770	1646145	nsd/56042.png
3215.9609375	0.0	image/727	727	1646572	nsd/53052.png
3216.77734375	0.0	image/816	816	1646990	nsd/59194.png
3217.59375	0.0	image/796	796	1647408	nsd/57542.png
3218.376953125	0.0	image/794	794	1647809	nsd/57443.png
3219.15625	0.0	image/764	764	1648208	nsd/55678.png
3219.9609375	0.0	image/787	787	1648620	nsd/56850.png
3220.7734375	0.0	image/780	780	1649036	nsd/56670.png
3221.578125	0.0	image/745	745	1649448	nsd/54257.png
3222.412109375	0.0	image/833	833	1649875	nsd/60519.png
3224.01171875	0.0	image/825	825	1650694	nsd/59994.png
3224.83984375	0.0	image/755	755	1651118	nsd/54959.png
3225.62890625	0.0	image/820	820	1651522	nsd/59585.png
3226.443359375	0.0	image/745	745	1651939	nsd/54257.png
3227.23046875	0.0	image/834	834	1652342	nsd/60553.png
3228.009765625	0.0	image/817	817	1652741	nsd/59284.png
3229.564453125	0.0	image/792	792	1653537	nsd/57060.png
3230.376953125	0.0	image/773	773	1653953	nsd/56154.png
3231.982421875	0.0	image/762	762	1654775	nsd/55649.png
3232.814453125	0.0	image/765	765	1655201	nsd/55680.png
3233.6328125	0.0	image/761	761	1655620	nsd/55526.png
3234.427734375	0.0	image/753	753	1656027	nsd/54824.png
3235.25	0.0	image/778	778	1656448	nsd/56454.png
3236.044921875	0.0	image/829	829	1656855	nsd/60251.png
3236.830078125	0.0	image/823	823	1657257	nsd/59699.png
3237.599609375	0.0	image/803	803	1657651	nsd/57906.png
3238.400390625	0.0	image/741	741	1658061	nsd/53881.png
3239.2109375	0.0	image/759	759	1658476	nsd/55405.png
3240.033203125	0.0	image/743	743	1658897	nsd/54078.png
3240.818359375	0.0	image/785	785	1659299	nsd/56782.png
3241.595703125	0.0	image/825	825	1659697	nsd/59994.png
3242.41796875	0.0	image/774	774	1660118	nsd/56269.png
3243.228515625	0.0	image/782	782	1660533	nsd/56695.png
3244.052734375	0.0	image/795	795	1660955	nsd/57478.png
3244.8359375	0.0	image/727	727	1661356	nsd/53052.png
3246.435546875	0.0	image/786	786	1662175	nsd/56784.png
3247.25390625	0.0	image/723	723	1662594	nsd/52652.png
3248.052734375	0.0	image/772	772	1663003	nsd/56126.png
3248.880859375	0.0	image/724	724	1663427	nsd/52892.png
3249.681640625	0.0	image/835	835	1663837	nsd/60725.png
3250.470703125	0.0	image/783	783	1664241	nsd/56723.png
3251.271484375	0.0	image/790	790	1664651	nsd/56948.png
3252.087890625	0.0	image/781	781	1665069	nsd/56681.png
3252.904296875	0.0	image/787	787	1665487	nsd/56850.png
3253.736328125	0.0	image/755	755	1665913	nsd/54959.png
3254.572265625	0.0	image/744	744	1666341	nsd/54147.png
3255.349609375	0.0	image/752	752	1666739	nsd/54812.png
3256.15625	0.0	image/783	783	1667152	nsd/56723.png
3256.98828125	0.0	image/811	811	1667578	nsd/59023.png
3257.806640625	0.0	image/766	766	1667997	nsd/55857.png
3258.634765625	0.0	image/822	822	1668421	nsd/59631.png
3259.45703125	0.0	image/802	802	1668842	nsd/57838.png
3260.25390625	0.0	image/826	826	1669250	nsd/60094.png
3261.068359375	0.0	image/748	748	1669667	nsd/54643.png
3261.890625	0.0	image/779	779	1670088	nsd/56471.png
3262.673828125	0.0	image/814	814	1670489	nsd/59079.png
3263.5078125	0.0	image/740	740	1670916	nsd/53858.png
3264.341796875	0.0	image/807	807	1671343	nsd/58187.png
3265.140625	0.0	image/785	785	1671752	nsd/56782.png
3265.92578125	0.0	image/751	751	1672154	nsd/54743.png
3274.24609375	0.0	image/949	949	1676414	nsd/69007.png
3275.0625	0.0	image/916	916	1676832	nsd/66421.png
3276.640625	0.0	image/886	886	1677640	nsd/64771.png
3277.4140625	0.0	image/894	894	1678036	nsd/65187.png
3278.197265625	0.0	image/928	928	1678437	nsd/67168.png
3278.9921875	0.0	image/889	889	1678844	nsd/64893.png
3279.775390625	0.0	image/902	902	1679245	nsd/65654.png
3281.34765625	0.0	image/917	917	1680050	nsd/66464.png
3282.142578125	0.0	image/914	914	1680457	nsd/66330.png
3282.927734375	0.0	image/851	851	1680859	nsd/61801.png
3283.732421875	0.0	image/879	879	1681271	nsd/64096.png
3284.548828125	0.0	image/901	901	1681689	nsd/65639.png
3285.3828125	0.0	image/931	931	1682116	nsd/67252.png
3286.16015625	0.0	image/883	883	1682514	nsd/64615.png
3287.75	0.0	image/909	909	1683328	nsd/65943.png
3288.583984375	0.0	image/879	879	1683755	nsd/64096.png
3289.400390625	0.0	image/848	848	1684173	nsd/61748.png
3290.234375	0.0	image/926	926	1684600	nsd/67045.png
3291.01171875	0.0	image/842	842	1684998	nsd/61177.png
3292.634765625	0.0	image/881	881	1685829	nsd/64483.png
3293.46875	0.0	image/960	960	1686256	nsd/69813.png
3294.251953125	0.0	image/881	881	1686657	nsd/64483.png
3295.046875	0.0	image/910	910	1687064	nsd/66004.png
3295.818359375	0.0	image/946	946	1687459	nsd/68842.png
3296.619140625	0.0	image/942	942	1687869	nsd/68418.png
3297.447265625	0.0	image/849	849	1688293	nsd/61752.png
3299.052734375	0.0	image/856	856	1689115	nsd/62015.png
3299.830078125	0.0	image/869	869	1689513	nsd/63182.png
3300.63671875	0.0	image/841	841	1689926	nsd/61133.png
3301.470703125	0.0	image/959	959	1690353	nsd/69785.png
3302.3046875	0.0	image/952	952	1690780	nsd/69130.png
3303.087890625	0.0	image/941	941	1691181	nsd/68339.png
3303.904296875	0.0	image/947	947	1691599	nsd/68858.png
3304.689453125	0.0	image/931	931	1692001	nsd/67252.png
3305.5	0.0	image/890	890	1692416	nsd/64979.png
3306.271484375	0.0	image/846	846	1692811	nsd/61677.png
3307.1015625	0.0	image/922	922	1693236	nsd/66773.png
3307.873046875	0.0	image/847	847	1693631	nsd/61738.png
3308.669921875	0.0	image/911	911	1694039	nsd/66214.png
3309.439453125	0.0	image/872	872	1694433	nsd/63746.png
3310.255859375	0.0	image/887	887	1694851	nsd/64867.png
3311.08984375	0.0	image/848	848	1695278	nsd/61748.png
3311.923828125	0.0	image/853	853	1695705	nsd/61873.png
3312.724609375	0.0	image/950	950	1696115	nsd/69025.png
3313.5234375	0.0	image/923	923	1696524	nsd/66836.png
3314.341796875	0.0	image/922	922	1696943	nsd/66773.png
3315.140625	0.0	image/872	872	1697352	nsd/63746.png
3316.775390625	0.0	image/844	844	1698189	nsd/61510.png
3317.576171875	0.0	image/880	880	1698599	nsd/64295.png
3318.408203125	0.0	image/857	857	1699025	nsd/62209.png
3319.193359375	0.0	image/957	957	1699427	nsd/69614.png
3319.9765625	0.0	image/888	888	1699828	nsd/64880.png
3320.759765625	0.0	image/907	907	1700229	nsd/65872.png
3322.361328125	0.0	image/875	875	1701049	nsd/63922.png
3323.177734375	0.0	image/915	915	1701467	nsd/66342.png
3323.994140625	0.0	image/850	850	1701885	nsd/61797.png
3325.59375	0.0	image/844	844	1702704	nsd/61510.png
3326.37890625	0.0	image/953	953	1703106	nsd/69214.png
3327.162109375	0.0	image/910	910	1703507	nsd/66004.png
3327.99609375	0.0	image/899	899	1703934	nsd/65414.png
3328.791015625	0.0	image/938	938	1704341	nsd/68168.png
3329.57421875	0.0	image/884	884	1704742	nsd/64621.png
3330.36328125	0.0	image/932	932	1705146	nsd/67295.png
3331.146484375	0.0	image/858	858	1705547	nsd/62228.png
3331.95703125	0.0	image/949	949	1705962	nsd/69007.png
3332.763671875	0.0	image/940	940	1706375	nsd/68311.png
3333.564453125	0.0	image/845	845	1706785	nsd/61513.png
3334.34765625	0.0	image/874	874	1707186	nsd/63825.png
3335.98046875	0.0	image/916	916	1708022	nsd/66421.png
3336.77734375	0.0	image/936	936	1708430	nsd/67829.png
3337.5390625	0.0	image/934	934	1708820	nsd/67742.png
3338.34765625	0.0	image/867	867	1709234	nsd/62960.png
3339.14453125	0.0	image/958	958	1709642	nsd/69616.png
3339.927734375	0.0	image/892	892	1710043	nsd/65069.png
3340.75	0.0	image/944	944	1710464	nsd/68741.png
3341.533203125	0.0	image/925	925	1710865	nsd/66976.png
3342.330078125	0.0	image/886	886	1711273	nsd/64771.png
3343.1171875	0.0	image/896	896	1711676	nsd/65253.png
3343.9453125	0.0	image/913	913	1712100	nsd/66278.png
3344.767578125	0.0	image/954	954	1712521	nsd/69240.png
3345.5625	0.0	image/898	898	1712928	nsd/65376.png
3346.384765625	0.0	image/924	924	1713349	nsd/66946.png
3347.197265625	0.0	image/902	902	1713765	nsd/65654.png
3348.728515625	0.0	image/845	845	1714549	nsd/61513.png
3349.498046875	0.0	image/895	895	1714943	nsd/65232.png
3350.28515625	0.0	image/867	867	1715346	nsd/62960.png
3351.080078125	0.0	image/890	890	1715753	nsd/64979.png
3351.869140625	0.0	image/863	863	1716157	nsd/62544.png
3352.65234375	0.0	image/866	866	1716558	nsd/62748.png
3353.435546875	0.0	image/870	870	1716959	nsd/63345.png
3354.220703125	0.0	image/932	932	1717361	nsd/67295.png
3355.802734375	0.0	image/865	865	1718171	nsd/62683.png
3356.587890625	0.0	image/925	925	1718573	nsd/66976.png
3357.3984375	0.0	image/933	933	1718988	nsd/67363.png
3358.1875	0.0	image/905	905	1719392	nsd/65799.png
3358.970703125	0.0	image/866	866	1719793	nsd/62748.png
3359.75390625	0.0	image/908	908	1720194	nsd/65920.png
3360.587890625	0.0	image/871	871	1720621	nsd/63449.png
3361.40234375	0.0	image/936	936	1721038	nsd/67829.png
3362.22265625	0.0	image/876	876	1721458	nsd/63931.png
3363.0234375	0.0	image/860	860	1721868	nsd/62302.png
3363.83984375	0.0	image/937	937	1722286	nsd/68023.png
3364.65625	0.0	image/959	959	1722704	nsd/69785.png
3365.47265625	0.0	image/857	857	1723122	nsd/62209.png
3366.306640625	0.0	image/847	847	1723549	nsd/61738.png
3367.08984375	0.0	image/874	874	1723950	nsd/63825.png
3368.70703125	0.0	image/946	946	1724778	nsd/68842.png
3369.501953125	0.0	image/896	896	1725185	nsd/65253.png
3370.275390625	0.0	image/871	871	1725581	nsd/63449.png
3371.07421875	0.0	image/953	953	1725990	nsd/69214.png
3371.875	0.0	image/904	904	1726400	nsd/65769.png
3373.4765625	0.0	image/906	906	1727220	nsd/65821.png
3374.259765625	0.0	image/897	897	1727621	nsd/65267.png
3375.0546875	0.0	image/948	948	1728028	nsd/68897.png
3375.876953125	0.0	image/900	900	1728449	nsd/65445.png
3376.7109375	0.0	image/924	924	1728876	nsd/66946.png
3377.494140625	0.0	image/887	887	1729277	nsd/64867.png
3378.27734375	0.0	image/945	945	1729678	nsd/68814.png
3379.060546875	0.0	image/941	941	1730079	nsd/68339.png
3379.857421875	0.0	image/878	878	1730487	nsd/64004.png
3380.64453125	0.0	image/955	955	1730890	nsd/69442.png
3381.427734375	0.0	image/956	956	1731291	nsd/69502.png
3382.22265625	0.0	image/855	855	1731698	nsd/62006.png
3383.0078125	0.0	image/935	935	1732100	nsd/67802.png
3384.595703125	0.0	image/853	853	1732913	nsd/61873.png
3385.396484375	0.0	image/878	878	1733323	nsd/64004.png
3386.1796875	0.0	image/921	921	1733724	nsd/66643.png
3386.98046875	0.0	image/885	885	1734134	nsd/64687.png
3387.767578125	0.0	image/859	859	1734537	nsd/62275.png
3388.580078125	0.0	image/957	957	1734953	nsd/69614.png
3389.396484375	0.0	image/907	907	1735371	nsd/65872.png
3390.177734375	0.0	image/900	900	1735771	nsd/65445.png
3391.83203125	0.0	image/927	927	1736618	nsd/67113.png
3392.66015625	0.0	image/862	862	1737042	nsd/62479.png
3393.44921875	0.0	image/920	920	1737446	nsd/66580.png
3394.248046875	0.0	image/956	956	1737855	nsd/69502.png
3395.048828125	0.0	image/852	852	1738265	nsd/61809.png
3395.83203125	0.0	image/938	938	1738666	nsd/68168.png
3396.650390625	0.0	image/859	859	1739085	nsd/62275.png
3397.4296875	0.0	image/849	849	1739484	nsd/61752.png
3399.033203125	0.0	image/939	939	1740305	nsd/68278.png
3399.81640625	0.0	image/927	927	1740706	nsd/67113.png
3400.6328125	0.0	image/905	905	1741124	nsd/65799.png
3401.46484375	0.0	image/944	944	1741550	nsd/68741.png
3403.068359375	0.0	image/951	951	1742371	nsd/69030.png
3403.8515625	0.0	image/843	843	1742772	nsd/61216.png
3404.646484375	0.0	image/919	919	1743179	nsd/66489.png
3405.41796875	0.0	image/842	842	1743574	nsd/61177.png
3406.203125	0.0	image/855	855	1743976	nsd/62006.png
3407.01953125	0.0	image/888	888	1744394	nsd/64880.png
3407.833984375	0.0	image/930	930	1744811	nsd/67237.png
3408.63671875	0.0	image/864	864	1745222	nsd/62561.png
3409.453125	0.0	image/951	951	1745640	nsd/69030.png
3410.23046875	0.0	image/877	877	1746038	nsd/63944.png
3411.037109375	0.0	image/912	912	1746451	nsd/66216.png
3411.84765625	0.0	image/877	877	1746866	nsd/63944.png
3412.63671875	0.0	image/893	893	1747270	nsd/65148.png
3413.421875	0.0	image/917	917	1747672	nsd/66464.png
3414.205078125	0.0	image/868	868	1748073	nsd/63081.png
3415.015625	0.0	image/856	856	1748488	nsd/62015.png
3415.837890625	0.0	image/942	942	1748909	nsd/68418.png
3416.615234375	0.0	image/852	852	1749307	nsd/61809.png
3417.41796875	0.0	image/854	854	1749718	nsd/61972.png
3418.23828125	0.0	image/958	958	1750138	nsd/69616.png
3419.037109375	0.0	image/934	934	1750547	nsd/67742.png
3419.85546875	0.0	image/862	862	1750966	nsd/62479.png
3420.689453125	0.0	image/947	947	1751393	nsd/68858.png
3421.5234375	0.0	image/863	863	1751820	nsd/62544.png
3422.3359375	0.0	image/911	911	1752236	nsd/66214.png
3423.15625	0.0	image/865	865	1752656	nsd/62683.png
3423.984375	0.0	image/860	860	1753080	nsd/62302.png
3424.80859375	0.0	image/893	893	1753502	nsd/65148.png
3426.390625	0.0	image/850	850	1754312	nsd/61797.png
3427.19140625	0.0	image/933	933	1754722	nsd/67363.png
3427.97265625	0.0	image/950	950	1755122	nsd/69025.png
3428.7421875	0.0	image/873	873	1755516	nsd/63781.png
3429.525390625	0.0	image/920	920	1755917	nsd/66580.png
3430.326171875	0.0	image/952	952	1756327	nsd/69130.png
3431.91015625	0.0	image/841	841	1757138	nsd/61133.png
3432.693359375	0.0	image/846	846	1757539	nsd/61677.png
3434.310546875	0.0	image/843	843	1758367	nsd/61216.png
3435.14453125	0.0	image/870	870	1758794	nsd/63345.png
3435.921875	0.0	image/919	919	1759192	nsd/66489.png
3436.6953125	0.0	image/897	897	1759588	nsd/65267.png
3437.494140625	0.0	image/909	909	1759997	nsd/65943.png
3438.32421875	0.0	image/854	854	1760422	nsd/61972.png
3439.107421875	0.0	image/939	939	1760823	nsd/68278.png
3439.912109375	0.0	image/904	904	1761235	nsd/65769.png
3440.69140625	0.0	image/935	935	1761634	nsd/67802.png
3441.513671875	0.0	image/889	889	1762055	nsd/64893.png
3442.341796875	0.0	image/894	894	1762479	nsd/65187.png
3443.9296875	0.0	image/923	923	1763292	nsd/66836.png
3444.708984375	0.0	image/903	903	1763691	nsd/65686.png
3445.48046875	0.0	image/895	895	1764086	nsd/65232.png
3446.314453125	0.0	image/885	885	1764513	nsd/64687.png
3447.130859375	0.0	image/869	869	1764931	nsd/63182.png
3447.931640625	0.0	image/875	875	1765341	nsd/63922.png
3448.732421875	0.0	image/954	954	1765751	nsd/69240.png
3449.53125	0.0	image/912	912	1766160	nsd/66216.png
3451.181640625	0.0	image/868	868	1767005	nsd/63081.png
3451.982421875	0.0	image/898	898	1767415	nsd/65376.png
3452.765625	0.0	image/921	921	1767816	nsd/66643.png
3453.576171875	0.0	image/960	960	1768231	nsd/69813.png
3454.400390625	0.0	image/937	937	1768653	nsd/68023.png
3455.201171875	0.0	image/851	851	1769063	nsd/61801.png
3456.0	0.0	image/930	930	1769472	nsd/67237.png
3456.830078125	0.0	image/882	882	1769897	nsd/64498.png
3457.6015625	0.0	image/926	926	1770292	nsd/67045.png
3458.384765625	0.0	image/884	884	1770693	nsd/64621.png
3459.16796875	0.0	image/940	940	1771094	nsd/68311.png
3459.99609375	0.0	image/891	891	1771518	nsd/65010.png
3460.802734375	0.0	image/918	918	1771931	nsd/66479.png
3461.6015625	0.0	image/929	929	1772340	nsd/67204.png
3462.43359375	0.0	image/891	891	1772766	nsd/65010.png
3463.232421875	0.0	image/858	858	1773175	nsd/62228.png
3464.853515625	0.0	image/955	955	1774005	nsd/69442.png
3465.669921875	0.0	image/883	883	1774423	nsd/64615.png
3466.453125	0.0	image/913	913	1774824	nsd/66278.png
3468.0703125	0.0	image/882	882	1775652	nsd/64498.png
3468.84765625	0.0	image/873	873	1776050	nsd/63781.png
3469.654296875	0.0	image/948	948	1776463	nsd/68897.png
3470.466796875	0.0	image/915	915	1776879	nsd/66342.png
3471.23828125	0.0	image/928	928	1777274	nsd/67168.png
3472.0546875	0.0	image/943	943	1777692	nsd/68471.png
3472.849609375	0.0	image/861	861	1778099	nsd/62365.png
3473.666015625	0.0	image/945	945	1778517	nsd/68814.png
3474.490234375	0.0	image/876	876	1778939	nsd/63931.png
3475.306640625	0.0	image/903	903	1779357	nsd/65686.png
3476.08984375	0.0	image/918	918	1779758	nsd/66479.png
3476.873046875	0.0	image/943	943	1780159	nsd/68471.png
3477.673828125	0.0	image/908	908	1780569	nsd/65920.png
3478.5078125	0.0	image/929	929	1780996	nsd/67204.png
3479.32421875	0.0	image/901	901	1781414	nsd/65639.png
3480.107421875	0.0	image/864	864	1781815	nsd/62561.png
3480.890625	0.0	image/861	861	1782216	nsd/62365.png
3481.685546875	0.0	image/914	914	1782623	nsd/66330.png
3482.4921875	0.0	image/906	906	1783036	nsd/65821.png
3483.326171875	0.0	image/892	892	1783463	nsd/65069.png
3484.10546875	0.0	image/880	880	1783862	nsd/64295.png
