onset	duration	trial_type	value	sample	stim_file
2.23046875	0.0	image/81	81	1142	train2017/000000539340.jpg
3.05078125	0.0	image/15	15	1562	train2017/000000264396.jpg
3.822265625	0.0	image/87	87	1957	train2017/000000300383.jpg
4.603515625	0.0	image/70	70	2357	train2017/000000536786.jpg
5.37109375	0.0	image/119	119	2750	train2017/000000545950.jpg
6.193359375	0.0	image/78	78	3171	train2017/000000013969.jpg
7.00390625	0.0	image/37	37	3586	train2017/000000005684.jpg
7.828125	0.0	image/98	98	4008	train2017/000000541472.jpg
8.66015625	0.0	image/82	82	4434	train2017/000000539395.jpg
9.4453125	0.0	image/112	112	4836	train2017/000000544926.jpg
11.078125	0.0	image/29	29	5672	train2017/000000393907.jpg
11.857421875	0.0	image/104	104	6071	train2017/000000018367.jpg
12.662109375	0.0	image/71	71	6483	train2017/000000536884.jpg
14.30859375	0.0	image/96	96	7326	train2017/000000541258.jpg
15.095703125	0.0	image/39	39	7729	train2017/000000268008.jpg
15.876953125	0.0	image/97	97	8129	train2017/000000279197.jpg
17.478515625	0.0	image/103	103	8949	train2017/000000280484.jpg
18.306640625	0.0	image/106	106	9373	train2017/000000280808.jpg
19.09765625	0.0	image/94	94	9778	train2017/000000278962.jpg
19.9296875	0.0	image/32	32	10204	train2017/000000005028.jpg
20.708984375	0.0	image/6	6	10603	train2017/000000000584.jpg
21.482421875	0.0	image/60	60	10999	train2017/000000010710.jpg
22.298828125	0.0	image/75	75	11417	train2017/000000399878.jpg
23.08203125	0.0	image/35	35	11818	train2017/000000267647.jpg
23.8828125	0.0	image/19	19	12228	train2017/000000526968.jpg
24.69921875	0.0	image/38	38	12646	train2017/000000312536.jpg
25.515625	0.0	image/99	99	13064	train2017/000000271183.jpg
26.349609375	0.0	image/38	38	13491	train2017/000000312536.jpg
27.18359375	0.0	image/74	74	13918	train2017/000000275663.jpg
28.009765625	0.0	image/114	114	14341	train2017/000000571485.jpg
28.79296875	0.0	image/115	115	14742	train2017/000000021095.jpg
29.564453125	0.0	image/7	7	15137	train2017/000000000605.jpg
30.3671875	0.0	image/22	22	15548	train2017/000000265023.jpg
31.197265625	0.0	image/113	113	15973	train2017/000000545160.jpg
32.001953125	0.0	image/91	91	16385	train2017/000000540735.jpg
32.77734375	0.0	image/107	107	16782	train2017/000000543254.jpg
33.568359375	0.0	image/45	45	17187	train2017/000000531392.jpg
34.37890625	0.0	image/73	73	17602	train2017/000000537393.jpg
35.181640625	0.0	image/93	93	18013	train2017/000000541077.jpg
35.998046875	0.0	image/64	64	18431	train2017/000000273138.jpg
36.814453125	0.0	image/102	102	18849	train2017/000000018078.jpg
37.62890625	0.0	image/41	41	19266	train2017/000000268418.jpg
38.453125	0.0	image/86	86	19688	train2017/000000539879.jpg
39.232421875	0.0	image/17	17	20087	train2017/000000002372.jpg
40.017578125	0.0	image/37	37	20489	train2017/000000005684.jpg
40.8203125	0.0	image/11	11	20900	train2017/000000263599.jpg
41.62109375	0.0	image/70	70	21310	train2017/000000536786.jpg
42.431640625	0.0	image/54	54	21725	train2017/000000532753.jpg
44.083984375	0.0	image/41	41	22571	train2017/000000268418.jpg
45.671875	0.0	image/66	66	23384	train2017/000000273250.jpg
46.5	0.0	image/77	77	23808	train2017/000000275938.jpg
47.2734375	0.0	image/75	75	24204	train2017/000000399878.jpg
48.068359375	0.0	image/9	9	24611	train2017/000000000650.jpg
48.865234375	0.0	image/113	113	25019	train2017/000000545160.jpg
49.66796875	0.0	image/85	85	25430	train2017/000000539705.jpg
50.484375	0.0	image/84	84	25848	train2017/000000570543.jpg
51.302734375	0.0	image/101	101	26267	train2017/000000017967.jpg
52.142578125	0.0	image/50	50	26697	train2017/000000007932.jpg
52.93359375	0.0	image/84	84	27102	train2017/000000570543.jpg
53.736328125	0.0	image/67	67	27513	train2017/000000011358.jpg
54.552734375	0.0	image/43	43	27931	train2017/000000006765.jpg
55.3515625	0.0	image/26	26	28340	train2017/000000003521.jpg
56.158203125	0.0	image/13	13	28753	train2017/000000525932.jpg
56.94140625	0.0	image/83	83	29154	train2017/000000277524.jpg
58.509765625	0.0	image/92	92	29957	train2017/000000278714.jpg
59.3203125	0.0	image/110	110	30372	train2017/000000019863.jpg
60.1015625	0.0	image/98	98	30772	train2017/000000541472.jpg
60.87109375	0.0	image/80	80	31166	train2017/000000538822.jpg
61.66015625	0.0	image/28	28	31570	train2017/000000558788.jpg
62.494140625	0.0	image/24	24	31997	train2017/000000265453.jpg
63.318359375	0.0	image/90	90	32419	train2017/000000278555.jpg
64.134765625	0.0	image/25	25	32837	train2017/000000527618.jpg
64.9375	0.0	image/111	111	33248	train2017/000000020517.jpg
66.537109375	0.0	image/46	46	34067	train2017/000000531515.jpg
67.361328125	0.0	image/64	64	34489	train2017/000000273138.jpg
68.146484375	0.0	image/3	3	34891	train2017/000000262414.jpg
68.9453125	0.0	image/54	54	35300	train2017/000000532753.jpg
69.724609375	0.0	image/42	42	35699	train2017/000000268659.jpg
70.541015625	0.0	image/48	48	36117	train2017/000000011299.jpg
71.341796875	0.0	image/52	52	36527	train2017/000000008053.jpg
72.15625	0.0	image/117	117	36944	train2017/000000396793.jpg
72.958984375	0.0	image/107	107	37355	train2017/000000543254.jpg
73.763671875	0.0	image/104	104	37767	train2017/000000018367.jpg
74.5390625	0.0	image/45	45	38164	train2017/000000531392.jpg
75.33984375	0.0	image/22	22	38574	train2017/000000265023.jpg
76.125	0.0	image/100	100	38976	train2017/000000541856.jpg
76.91015625	0.0	image/21	21	39378	train2017/000000274108.jpg
78.505859375	0.0	image/35	35	40195	train2017/000000267647.jpg
79.326171875	0.0	image/1	1	40615	train2017/000000262145.jpg
80.966796875	0.0	image/58	58	41455	train2017/000000534259.jpg
81.77734375	0.0	image/31	31	41870	train2017/000000266622.jpg
82.599609375	0.0	image/59	59	42291	train2017/000000010046.jpg
83.39453125	0.0	image/85	85	42698	train2017/000000539705.jpg
84.9453125	0.0	image/95	95	43492	train2017/000000016898.jpg
85.75	0.0	image/65	65	43904	train2017/000000273147.jpg
86.546875	0.0	image/13	13	44312	train2017/000000525932.jpg
87.3359375	0.0	image/6	6	44716	train2017/000000000584.jpg
88.126953125	0.0	image/94	94	45121	train2017/000000278962.jpg
88.927734375	0.0	image/44	44	45531	train2017/000000007048.jpg
89.708984375	0.0	image/99	99	45931	train2017/000000271183.jpg
91.263671875	0.0	image/42	42	46727	train2017/000000268659.jpg
92.02734375	0.0	image/78	78	47118	train2017/000000013969.jpg
92.798828125	0.0	image/34	34	47513	train2017/000000005277.jpg
93.615234375	0.0	image/88	88	47931	train2017/000000540538.jpg
94.416015625	0.0	image/25	25	48341	train2017/000000527618.jpg
95.23046875	0.0	image/100	100	48758	train2017/000000541856.jpg
96.00390625	0.0	image/8	8	49154	train2017/000000000625.jpg
96.81640625	0.0	image/14	14	49570	train2017/000000264244.jpg
98.421875	0.0	image/60	60	50392	train2017/000000010710.jpg
99.23828125	0.0	image/69	69	50810	train2017/000000011856.jpg
100.0546875	0.0	image/89	89	51228	train2017/000000016314.jpg
101.66796875	0.0	image/16	16	52054	train2017/000000002270.jpg
102.46484375	0.0	image/102	102	52462	train2017/000000018078.jpg
103.248046875	0.0	image/28	28	52863	train2017/000000558788.jpg
104.03515625	0.0	image/3	3	53266	train2017/000000262414.jpg
104.8515625	0.0	image/10	10	53684	train2017/000000001308.jpg
105.673828125	0.0	image/108	108	54105	train2017/000000281330.jpg
106.486328125	0.0	image/40	40	54521	train2017/000000268114.jpg
107.25390625	0.0	image/109	109	54914	train2017/000000544060.jpg
108.853515625	0.0	image/97	97	55733	train2017/000000279197.jpg
109.63671875	0.0	image/18	18	56134	train2017/000000264735.jpg
110.458984375	0.0	image/120	120	56555	train2017/000000021718.jpg
111.29296875	0.0	image/61	61	56982	train2017/000000272901.jpg
112.119140625	0.0	image/93	93	57405	train2017/000000541077.jpg
113.72265625	0.0	image/4	4	58226	train2017/000000524646.jpg
114.505859375	0.0	image/44	44	58627	train2017/000000007048.jpg
115.29296875	0.0	image/88	88	59030	train2017/000000540538.jpg
116.10546875	0.0	image/114	114	59446	train2017/000000571485.jpg
116.923828125	0.0	image/76	76	59865	train2017/000000275902.jpg
117.7109375	0.0	image/79	79	60268	train2017/000000276664.jpg
118.53515625	0.0	image/39	39	60690	train2017/000000268008.jpg
119.306640625	0.0	image/20	20	61085	train2017/000000526980.jpg
120.126953125	0.0	image/68	68	61505	train2017/000000535871.jpg
120.927734375	0.0	image/12	12	61915	train2017/000000525790.jpg
121.70703125	0.0	image/36	36	62314	train2017/000000267699.jpg
122.5078125	0.0	image/29	29	62724	train2017/000000393907.jpg
123.32421875	0.0	image/106	106	63142	train2017/000000280808.jpg
124.11328125	0.0	image/32	32	63546	train2017/000000005028.jpg
124.9453125	0.0	image/91	91	63972	train2017/000000540735.jpg
125.724609375	0.0	image/62	62	64371	train2017/000000010903.jpg
126.513671875	0.0	image/56	56	64775	train2017/000000008998.jpg
127.310546875	0.0	image/40	40	65183	train2017/000000268114.jpg
128.892578125	0.0	image/49	49	65993	train2017/000000219750.jpg
129.697265625	0.0	image/59	59	66405	train2017/000000010046.jpg
130.525390625	0.0	image/11	11	66829	train2017/000000263599.jpg
131.314453125	0.0	image/48	48	67233	train2017/000000011299.jpg
132.130859375	0.0	image/118	118	67651	train2017/000000283678.jpg
132.931640625	0.0	image/55	55	68061	train2017/000000533231.jpg
133.732421875	0.0	image/8	8	68471	train2017/000000000625.jpg
134.560546875	0.0	image/81	81	68895	train2017/000000539340.jpg
135.341796875	0.0	image/86	86	69295	train2017/000000539879.jpg
136.126953125	0.0	image/14	14	69697	train2017/000000264244.jpg
136.94921875	0.0	image/69	69	70118	train2017/000000011856.jpg
137.732421875	0.0	image/111	111	70519	train2017/000000020517.jpg
138.52734375	0.0	image/18	18	70926	train2017/000000264735.jpg
139.333984375	0.0	image/2	2	71339	train2017/000000262239.jpg
140.130859375	0.0	image/30	30	71747	train2017/000000004442.jpg
140.951171875	0.0	image/24	24	72167	train2017/000000265453.jpg
141.728515625	0.0	image/17	17	72565	train2017/000000002372.jpg
142.517578125	0.0	image/47	47	72969	train2017/000000531828.jpg
143.318359375	0.0	image/27	27	73379	train2017/000000265745.jpg
144.095703125	0.0	image/72	72	73777	train2017/000000274978.jpg
144.865234375	0.0	image/71	71	74171	train2017/000000536884.jpg
146.4140625	0.0	image/115	115	74964	train2017/000000021095.jpg
147.197265625	0.0	image/92	92	75365	train2017/000000278714.jpg
148.001953125	0.0	image/21	21	75777	train2017/000000274108.jpg
148.787109375	0.0	image/116	116	76179	train2017/000000283426.jpg
149.560546875	0.0	image/56	56	76575	train2017/000000008998.jpg
150.31640625	0.0	image/30	30	76962	train2017/000000004442.jpg
151.8828125	0.0	image/47	47	77764	train2017/000000531828.jpg
152.6796875	0.0	image/120	120	78172	train2017/000000021718.jpg
153.470703125	0.0	image/63	63	78577	train2017/000000273120.jpg
155.08203125	0.0	image/1	1	79402	train2017/000000262145.jpg
155.86328125	0.0	image/2	2	79802	train2017/000000262239.jpg
157.44921875	0.0	image/90	90	80614	train2017/000000278555.jpg
158.2734375	0.0	image/73	73	81036	train2017/000000537393.jpg
159.072265625	0.0	image/50	50	81445	train2017/000000007932.jpg
159.873046875	0.0	image/109	109	81855	train2017/000000544060.jpg
160.693359375	0.0	image/95	95	82275	train2017/000000016898.jpg
161.490234375	0.0	image/49	49	82683	train2017/000000219750.jpg
162.28515625	0.0	image/7	7	83090	train2017/000000000605.jpg
163.890625	0.0	image/62	62	83912	train2017/000000010903.jpg
164.673828125	0.0	image/58	58	84313	train2017/000000534259.jpg
165.453125	0.0	image/5	5	84712	train2017/000000262690.jpg
166.220703125	0.0	image/15	15	85105	train2017/000000264396.jpg
167.0078125	0.0	image/105	105	85508	train2017/000000280764.jpg
167.80859375	0.0	image/82	82	85918	train2017/000000539395.jpg
168.587890625	0.0	image/23	23	86317	train2017/000000265150.jpg
169.40234375	0.0	image/57	57	86734	train2017/000000001625.jpg
170.1875	0.0	image/117	117	87136	train2017/000000396793.jpg
170.955078125	0.0	image/103	103	87529	train2017/000000280484.jpg
171.755859375	0.0	image/52	52	87939	train2017/000000008053.jpg
172.537109375	0.0	image/76	76	88339	train2017/000000275902.jpg
173.302734375	0.0	image/96	96	88731	train2017/000000541258.jpg
174.12109375	0.0	image/53	53	89150	train2017/000000270278.jpg
174.89453125	0.0	image/16	16	89546	train2017/000000002270.jpg
175.6875	0.0	image/112	112	89952	train2017/000000544926.jpg
176.490234375	0.0	image/72	72	90363	train2017/000000274978.jpg
177.3125	0.0	image/51	51	90784	train2017/000000008027.jpg
178.0859375	0.0	image/61	61	91180	train2017/000000272901.jpg
178.904296875	0.0	image/116	116	91599	train2017/000000283426.jpg
179.720703125	0.0	image/105	105	92017	train2017/000000280764.jpg
180.521484375	0.0	image/34	34	92427	train2017/000000005277.jpg
181.322265625	0.0	image/68	68	92837	train2017/000000535871.jpg
182.10546875	0.0	image/51	51	93238	train2017/000000008027.jpg
182.87109375	0.0	image/46	46	93630	train2017/000000531515.jpg
183.640625	0.0	image/36	36	94024	train2017/000000267699.jpg
184.447265625	0.0	image/26	26	94437	train2017/000000003521.jpg
185.2578125	0.0	image/27	27	94852	train2017/000000265745.jpg
186.05859375	0.0	image/65	65	95262	train2017/000000273147.jpg
186.876953125	0.0	image/89	89	95681	train2017/000000016314.jpg
187.677734375	0.0	image/20	20	96091	train2017/000000526980.jpg
189.259765625	0.0	image/10	10	96901	train2017/000000001308.jpg
190.033203125	0.0	image/63	63	97297	train2017/000000273120.jpg
191.68359375	0.0	image/9	9	98142	train2017/000000000650.jpg
192.515625	0.0	image/55	55	98568	train2017/000000533231.jpg
193.3125	0.0	image/66	66	98976	train2017/000000273250.jpg
194.111328125	0.0	image/57	57	99385	train2017/000000001625.jpg
194.8828125	0.0	image/77	77	99780	train2017/000000275938.jpg
195.68359375	0.0	image/43	43	100190	train2017/000000006765.jpg
197.3125	0.0	image/33	33	101024	train2017/000000267338.jpg
198.099609375	0.0	image/119	119	101427	train2017/000000545950.jpg
198.916015625	0.0	image/33	33	101845	train2017/000000267338.jpg
199.7265625	0.0	image/74	74	102260	train2017/000000275663.jpg
200.482421875	0.0	image/19	19	102647	train2017/000000526968.jpg
201.279296875	0.0	image/53	53	103055	train2017/000000270278.jpg
202.0703125	0.0	image/67	67	103460	train2017/000000011358.jpg
202.880859375	0.0	image/118	118	103875	train2017/000000283678.jpg
203.69921875	0.0	image/79	79	104294	train2017/000000276664.jpg
204.51953125	0.0	image/110	110	104714	train2017/000000019863.jpg
205.3203125	0.0	image/108	108	105124	train2017/000000281330.jpg
206.103515625	0.0	image/31	31	105525	train2017/000000266622.jpg
206.916015625	0.0	image/101	101	105941	train2017/000000017967.jpg
207.712890625	0.0	image/12	12	106349	train2017/000000525790.jpg
208.5	0.0	image/4	4	106752	train2017/000000524646.jpg
209.3203125	0.0	image/80	80	107172	train2017/000000538822.jpg
210.115234375	0.0	image/83	83	107579	train2017/000000277524.jpg
210.908203125	0.0	image/23	23	107985	train2017/000000265150.jpg
211.701171875	0.0	image/5	5	108391	train2017/000000262690.jpg
212.5	0.0	image/87	87	108800	train2017/000000300383.jpg
219.771484375	0.0	image/222	222	112523	train2017/000000308950.jpg
220.5546875	0.0	image/178	178	112924	train2017/000000355458.jpg
221.349609375	0.0	image/234	234	113331	train2017/000000312003.jpg
222.138671875	0.0	image/214	214	113735	train2017/000000306031.jpg
222.939453125	0.0	image/221	221	114145	train2017/000000575701.jpg
223.767578125	0.0	image/236	236	114569	train2017/000000574760.jpg
224.55078125	0.0	image/208	208	114970	train2017/000000043150.jpg
225.3515625	0.0	image/164	164	115380	train2017/000000556542.jpg
226.15625	0.0	image/190	190	115792	train2017/000000038801.jpg
226.96875	0.0	image/161	161	116208	train2017/000000293368.jpg
227.7578125	0.0	image/216	216	116612	train2017/000000225829.jpg
229.291015625	0.0	image/197	197	117397	train2017/000000303392.jpg
230.119140625	0.0	image/175	175	117821	train2017/000000559225.jpg
230.939453125	0.0	image/194	194	118241	train2017/000000302588.jpg
231.7421875	0.0	image/184	184	118652	train2017/000000006053.jpg
232.5546875	0.0	image/210	210	119068	train2017/000000305685.jpg
234.193359375	0.0	image/204	204	119907	train2017/000000304187.jpg
235.009765625	0.0	image/227	227	120325	train2017/000000047638.jpg
235.8203125	0.0	image/240	240	120740	train2017/000000575971.jpg
236.609375	0.0	image/159	159	121144	train2017/000000292845.jpg
237.41015625	0.0	image/203	203	121554	train2017/000000566261.jpg
238.208984375	0.0	image/135	135	121963	train2017/000000288372.jpg
238.978515625	0.0	image/212	212	122357	train2017/000000043776.jpg
239.810546875	0.0	image/157	157	122783	train2017/000000030109.jpg
240.59375	0.0	image/166	166	123184	train2017/000000556748.jpg
241.40625	0.0	image/236	236	123600	train2017/000000574760.jpg
242.228515625	0.0	image/218	218	124021	train2017/000000569196.jpg
243.029296875	0.0	image/158	158	124431	train2017/000000030148.jpg
243.861328125	0.0	image/216	216	124857	train2017/000000225829.jpg
244.640625	0.0	image/152	152	125256	train2017/000000553166.jpg
245.423828125	0.0	image/150	150	125657	train2017/000000552589.jpg
246.193359375	0.0	image/169	169	126051	train2017/000000557886.jpg
247.779296875	0.0	image/172	172	126863	train2017/000000558822.jpg
249.42578125	0.0	image/240	240	127706	train2017/000000575971.jpg
250.2421875	0.0	image/179	179	128124	train2017/000000559958.jpg
251.060546875	0.0	image/204	204	128543	train2017/000000304187.jpg
251.876953125	0.0	image/159	159	128961	train2017/000000292845.jpg
252.658203125	0.0	image/167	167	129361	train2017/000000032809.jpg
253.46484375	0.0	image/128	128	129774	train2017/000000547644.jpg
254.265625	0.0	image/122	122	130184	train2017/000000546147.jpg
255.078125	0.0	image/199	199	130600	train2017/000000565652.jpg
255.89453125	0.0	image/137	137	131018	train2017/000000026443.jpg
256.716796875	0.0	image/150	150	131439	train2017/000000552589.jpg
257.494140625	0.0	image/209	209	131837	train2017/000000043176.jpg
258.31640625	0.0	image/173	173	132258	train2017/000000559816.jpg
259.1328125	0.0	image/229	229	132676	train2017/000000310870.jpg
259.966796875	0.0	image/132	132	133103	train2017/000000549830.jpg
260.75	0.0	image/193	193	133504	train2017/000000564465.jpg
261.53515625	0.0	image/177	177	133906	train2017/000000573830.jpg
262.330078125	0.0	image/234	234	134313	train2017/000000312003.jpg
263.126953125	0.0	image/155	155	134721	train2017/000000029730.jpg
263.9296875	0.0	image/149	149	135132	train2017/000000290192.jpg
264.734375	0.0	image/139	139	135544	train2017/000000026702.jpg
265.51953125	0.0	image/197	197	135946	train2017/000000303392.jpg
266.33203125	0.0	image/193	193	136362	train2017/000000564465.jpg
267.130859375	0.0	image/169	169	136771	train2017/000000557886.jpg
267.9140625	0.0	image/127	127	137172	train2017/000000285450.jpg
268.732421875	0.0	image/233	233	137591	train2017/000000532520.jpg
269.548828125	0.0	image/175	175	138009	train2017/000000559225.jpg
270.34765625	0.0	image/143	143	138418	train2017/000000027030.jpg
271.1875	0.0	image/206	206	138848	train2017/000000263276.jpg
272.021484375	0.0	image/192	192	139275	train2017/000000225054.jpg
273.671875	0.0	image/219	219	140120	train2017/000000219735.jpg
274.466796875	0.0	image/188	188	140527	train2017/000000037823.jpg
275.28125	0.0	image/200	200	140944	train2017/000000565834.jpg
276.10546875	0.0	image/156	156	141366	train2017/000000029732.jpg
276.921875	0.0	image/124	124	141784	train2017/000000122964.jpg
277.705078125	0.0	image/218	218	142185	train2017/000000569196.jpg
278.53515625	0.0	image/125	125	142610	train2017/000000022964.jpg
279.322265625	0.0	image/199	199	143013	train2017/000000565652.jpg
280.923828125	0.0	image/208	208	143833	train2017/000000043150.jpg
281.72265625	0.0	image/179	179	144242	train2017/000000559958.jpg
282.53515625	0.0	image/210	210	144658	train2017/000000305685.jpg
284.1015625	0.0	image/142	142	145460	train2017/000000027002.jpg
284.884765625	0.0	image/231	231	145861	train2017/000000270325.jpg
285.673828125	0.0	image/207	207	146265	train2017/000000042578.jpg
287.30859375	0.0	image/205	205	147102	train2017/000000566341.jpg
288.138671875	0.0	image/194	194	147527	train2017/000000302588.jpg
288.955078125	0.0	image/223	223	147945	train2017/000000309135.jpg
289.734375	0.0	image/139	139	148344	train2017/000000026702.jpg
290.5390625	0.0	image/143	143	148756	train2017/000000027030.jpg
291.353515625	0.0	image/186	186	149173	train2017/000000037358.jpg
292.13671875	0.0	image/238	238	149574	train2017/000000050624.jpg
292.91015625	0.0	image/213	213	149970	train2017/000000043815.jpg
293.7109375	0.0	image/142	142	150380	train2017/000000027002.jpg
294.5390625	0.0	image/174	174	150804	train2017/000000559145.jpg
295.3671875	0.0	image/153	153	151228	train2017/000000553586.jpg
296.171875	0.0	image/224	224	151640	train2017/000000309192.jpg
296.994140625	0.0	image/182	182	152061	train2017/000000298170.jpg
297.806640625	0.0	image/160	160	152477	train2017/000000293130.jpg
298.5859375	0.0	image/235	235	152876	train2017/000000050256.jpg
299.361328125	0.0	image/226	226	153273	train2017/000000571499.jpg
300.939453125	0.0	image/211	211	154081	train2017/000000567837.jpg
301.724609375	0.0	image/237	237	154483	train2017/000000095809.jpg
302.505859375	0.0	image/231	231	154883	train2017/000000270325.jpg
303.29296875	0.0	image/166	166	155286	train2017/000000556748.jpg
304.09375	0.0	image/196	196	155696	train2017/000000574784.jpg
304.904296875	0.0	image/178	178	156111	train2017/000000355458.jpg
305.689453125	0.0	image/148	148	156513	train2017/000000027665.jpg
306.45703125	0.0	image/130	130	156906	train2017/000000548593.jpg
307.248046875	0.0	image/215	215	157311	train2017/000000306249.jpg
308.064453125	0.0	image/133	133	157729	train2017/000000026029.jpg
308.865234375	0.0	image/147	147	158139	train2017/000000289791.jpg
310.40625	0.0	image/225	225	158928	train2017/000000047172.jpg
311.173828125	0.0	image/156	156	159321	train2017/000000029732.jpg
311.978515625	0.0	image/131	131	159733	train2017/000000549301.jpg
312.791015625	0.0	image/152	152	160149	train2017/000000553166.jpg
313.599609375	0.0	image/154	154	160563	train2017/000000291560.jpg
314.39453125	0.0	image/128	128	160970	train2017/000000547644.jpg
315.17578125	0.0	image/183	183	161370	train2017/000000298395.jpg
315.9453125	0.0	image/202	202	161764	train2017/000000566201.jpg
316.763671875	0.0	image/129	129	162183	train2017/000000023392.jpg
317.55078125	0.0	image/206	206	162586	train2017/000000263276.jpg
318.3671875	0.0	image/224	224	163004	train2017/000000309192.jpg
319.16796875	0.0	image/164	164	163414	train2017/000000556542.jpg
319.962890625	0.0	image/232	232	163821	train2017/000000311232.jpg
320.748046875	0.0	image/239	239	164223	train2017/000000313480.jpg
321.564453125	0.0	image/154	154	164641	train2017/000000291560.jpg
322.380859375	0.0	image/162	162	165059	train2017/000000293372.jpg
323.193359375	0.0	image/209	209	165475	train2017/000000043176.jpg
324.01953125	0.0	image/161	161	165898	train2017/000000293368.jpg
324.8359375	0.0	image/141	141	166316	train2017/000000026981.jpg
325.6484375	0.0	image/167	167	166732	train2017/000000032809.jpg
327.263671875	0.0	image/187	187	167559	train2017/000000037779.jpg
328.048828125	0.0	image/183	183	167961	train2017/000000298395.jpg
328.853515625	0.0	image/185	185	168373	train2017/000000036589.jpg
329.62890625	0.0	image/131	131	168770	train2017/000000549301.jpg
330.416015625	0.0	image/222	222	169173	train2017/000000308950.jpg
331.1796875	0.0	image/237	237	169564	train2017/000000095809.jpg
331.947265625	0.0	image/134	134	169957	train2017/000000550396.jpg
332.763671875	0.0	image/165	165	170375	train2017/000000032275.jpg
333.529296875	0.0	image/177	177	170767	train2017/000000573830.jpg
334.314453125	0.0	image/158	158	171169	train2017/000000030148.jpg
335.90625	0.0	image/235	235	171984	train2017/000000050256.jpg
337.521484375	0.0	image/121	121	172811	train2017/000000546140.jpg
338.318359375	0.0	image/207	207	173219	train2017/000000042578.jpg
339.083984375	0.0	image/170	170	173611	train2017/000000033727.jpg
339.88671875	0.0	image/176	176	174022	train2017/000000297154.jpg
340.650390625	0.0	image/182	182	174413	train2017/000000298170.jpg
341.42578125	0.0	image/195	195	174810	train2017/000000040685.jpg
342.2578125	0.0	image/171	171	175236	train2017/000000033764.jpg
343.0703125	0.0	image/228	228	175652	train2017/000000572215.jpg
343.841796875	0.0	image/121	121	176047	train2017/000000546140.jpg
344.66796875	0.0	image/151	151	176470	train2017/000000553150.jpg
345.455078125	0.0	image/144	144	176873	train2017/000000354070.jpg
346.236328125	0.0	image/226	226	177273	train2017/000000571499.jpg
347.009765625	0.0	image/223	223	177669	train2017/000000309135.jpg
347.818359375	0.0	image/214	214	178083	train2017/000000306031.jpg
349.40234375	0.0	image/212	212	178894	train2017/000000043776.jpg
350.169921875	0.0	image/165	165	179287	train2017/000000032275.jpg
350.986328125	0.0	image/185	185	179705	train2017/000000036589.jpg
351.76953125	0.0	image/140	140	180106	train2017/000000551164.jpg
352.5703125	0.0	image/129	129	180516	train2017/000000023392.jpg
353.337890625	0.0	image/138	138	180909	train2017/000000288751.jpg
354.916015625	0.0	image/198	198	181717	train2017/000000303436.jpg
355.703125	0.0	image/187	187	182120	train2017/000000037779.jpg
356.5078125	0.0	image/227	227	182532	train2017/000000047638.jpg
357.2734375	0.0	image/170	170	182924	train2017/000000033727.jpg
358.06640625	0.0	image/149	149	183330	train2017/000000290192.jpg
358.857421875	0.0	image/191	191	183735	train2017/000000039196.jpg
359.66015625	0.0	image/144	144	184146	train2017/000000354070.jpg
360.439453125	0.0	image/189	189	184545	train2017/000000300881.jpg
361.208984375	0.0	image/211	211	184939	train2017/000000567837.jpg
362.021484375	0.0	image/200	200	185355	train2017/000000565834.jpg
362.826171875	0.0	image/202	202	185767	train2017/000000566201.jpg
363.62890625	0.0	image/140	140	186178	train2017/000000551164.jpg
364.423828125	0.0	image/180	180	186585	train2017/000000297844.jpg
365.19140625	0.0	image/168	168	186978	train2017/000000557848.jpg
365.994140625	0.0	image/138	138	187389	train2017/000000288751.jpg
366.7734375	0.0	image/198	198	187788	train2017/000000303436.jpg
367.54296875	0.0	image/192	192	188182	train2017/000000225054.jpg
368.361328125	0.0	image/130	130	188601	train2017/000000548593.jpg
369.125	0.0	image/148	148	188992	train2017/000000027665.jpg
369.923828125	0.0	image/163	163	189401	train2017/000000032134.jpg
370.69140625	0.0	image/195	195	189794	train2017/000000040685.jpg
371.466796875	0.0	image/137	137	190191	train2017/000000026443.jpg
372.29296875	0.0	image/124	124	190614	train2017/000000122964.jpg
373.119140625	0.0	image/228	228	191037	train2017/000000572215.jpg
373.900390625	0.0	image/132	132	191437	train2017/000000549830.jpg
374.71875	0.0	image/220	220	191856	train2017/000000569645.jpg
375.53125	0.0	image/217	217	192272	train2017/000000306988.jpg
376.310546875	0.0	image/172	172	192671	train2017/000000558822.jpg
377.115234375	0.0	image/127	127	193083	train2017/000000285450.jpg
377.876953125	0.0	image/219	219	193473	train2017/000000219735.jpg
379.453125	0.0	image/126	126	194280	train2017/000000547367.jpg
380.24609375	0.0	image/174	174	194686	train2017/000000559145.jpg
381.044921875	0.0	image/146	146	195095	train2017/000000289460.jpg
381.8203125	0.0	image/145	145	195492	train2017/000000027298.jpg
382.599609375	0.0	image/201	201	195891	train2017/000000041606.jpg
383.37890625	0.0	image/180	180	196290	train2017/000000297844.jpg
384.18359375	0.0	image/230	230	196702	train2017/000000573337.jpg
384.962890625	0.0	image/221	221	197101	train2017/000000575701.jpg
385.888671875	0.0	image/134	134	197575	train2017/000000550396.jpg
387.451171875	0.0	image/181	181	198375	train2017/000000035927.jpg
389.064453125	0.0	image/147	147	199201	train2017/000000289791.jpg
390.65625	0.0	image/215	215	200016	train2017/000000306249.jpg
391.486328125	0.0	image/136	136	200441	train2017/000000026388.jpg
393.068359375	0.0	image/151	151	201251	train2017/000000553150.jpg
393.857421875	0.0	image/173	173	201655	train2017/000000559816.jpg
394.63671875	0.0	image/232	232	202054	train2017/000000311232.jpg
395.45703125	0.0	image/213	213	202474	train2017/000000043815.jpg
396.251953125	0.0	image/157	157	202881	train2017/000000030109.jpg
397.01953125	0.0	image/171	171	203274	train2017/000000033764.jpg
397.82421875	0.0	image/220	220	203686	train2017/000000569645.jpg
398.625	0.0	image/201	201	204096	train2017/000000041606.jpg
399.42578125	0.0	image/239	239	204506	train2017/000000313480.jpg
400.2421875	0.0	image/122	122	204924	train2017/000000546147.jpg
401.076171875	0.0	image/188	188	205351	train2017/000000037823.jpg
401.859375	0.0	image/133	133	205752	train2017/000000026029.jpg
402.63671875	0.0	image/162	162	206150	train2017/000000293372.jpg
403.42578125	0.0	image/181	181	206554	train2017/000000035927.jpg
404.259765625	0.0	image/163	163	206981	train2017/000000032134.jpg
405.0546875	0.0	image/184	184	207388	train2017/000000006053.jpg
405.822265625	0.0	image/125	125	207781	train2017/000000022964.jpg
406.64453125	0.0	image/145	145	208202	train2017/000000027298.jpg
407.421875	0.0	image/186	186	208600	train2017/000000037358.jpg
408.244140625	0.0	image/123	123	209021	train2017/000000022256.jpg
409.078125	0.0	image/225	225	209448	train2017/000000047172.jpg
409.912109375	0.0	image/238	238	209875	train2017/000000050624.jpg
410.740234375	0.0	image/205	205	210299	train2017/000000566341.jpg
411.525390625	0.0	image/155	155	210701	train2017/000000029730.jpg
412.33984375	0.0	image/153	153	211118	train2017/000000553586.jpg
413.146484375	0.0	image/217	217	211531	train2017/000000306988.jpg
414.78125	0.0	image/203	203	212368	train2017/000000566261.jpg
415.61328125	0.0	image/160	160	212794	train2017/000000293130.jpg
416.41015625	0.0	image/233	233	213202	train2017/000000532520.jpg
417.21484375	0.0	image/229	229	213614	train2017/000000310870.jpg
417.998046875	0.0	image/123	123	214015	train2017/000000022256.jpg
418.826171875	0.0	image/196	196	214439	train2017/000000574784.jpg
419.6484375	0.0	image/190	190	214860	train2017/000000038801.jpg
420.443359375	0.0	image/141	141	215267	train2017/000000026981.jpg
421.265625	0.0	image/136	136	215688	train2017/000000026388.jpg
422.08203125	0.0	image/191	191	216106	train2017/000000039196.jpg
422.876953125	0.0	image/176	176	216513	train2017/000000297154.jpg
424.466796875	0.0	image/135	135	217327	train2017/000000288372.jpg
425.25	0.0	image/168	168	217728	train2017/000000557848.jpg
426.044921875	0.0	image/230	230	218135	train2017/000000573337.jpg
426.810546875	0.0	image/146	146	218527	train2017/000000289460.jpg
428.412109375	0.0	image/189	189	219347	train2017/000000300881.jpg
429.234375	0.0	image/126	126	219768	train2017/000000547367.jpg
436.951171875	0.0	image/263	263	223719	train2017/000000318444.jpg
437.76171875	0.0	image/288	288	224134	train2017/000000061288.jpg
438.568359375	0.0	image/313	313	224547	train2017/000000011373.jpg
439.36328125	0.0	image/289	289	224954	train2017/000000061559.jpg
440.185546875	0.0	image/336	336	225375	train2017/000000334208.jpg
441.013671875	0.0	image/262	262	225799	train2017/000000318381.jpg
441.798828125	0.0	image/347	347	226201	train2017/000000074390.jpg
442.5859375	0.0	image/242	242	226604	train2017/000000051774.jpg
443.404296875	0.0	image/342	342	227023	train2017/000000335688.jpg
444.197265625	0.0	image/354	354	227429	train2017/000000076476.jpg
445.00390625	0.0	image/244	244	227842	train2017/000000314379.jpg
445.798828125	0.0	image/271	271	228249	train2017/000000058465.jpg
446.587890625	0.0	image/279	279	228653	train2017/000000322246.jpg
447.388671875	0.0	image/247	247	229063	train2017/000000576789.jpg
448.171875	0.0	image/350	350	229464	train2017/000000074828.jpg
448.984375	0.0	image/282	282	229880	train2017/000000053842.jpg
449.771484375	0.0	image/283	283	230283	train2017/000000359687.jpg
450.583984375	0.0	image/271	271	230699	train2017/000000058465.jpg
451.3515625	0.0	image/351	351	231092	train2017/000000337479.jpg
452.923828125	0.0	image/275	275	231897	train2017/000000403184.jpg
453.72265625	0.0	image/355	355	232306	train2017/000000338670.jpg
454.541015625	0.0	image/241	241	232725	train2017/000000576011.jpg
455.32421875	0.0	image/344	344	233126	train2017/000000073997.jpg
456.15234375	0.0	image/307	307	233550	train2017/000000329641.jpg
456.923828125	0.0	image/300	300	233945	train2017/000000065400.jpg
457.724609375	0.0	image/275	275	234355	train2017/000000403184.jpg
458.501953125	0.0	image/332	332	234753	train2017/000000579906.jpg
459.3046875	0.0	image/301	301	235164	train2017/000000066253.jpg
460.119140625	0.0	image/288	288	235581	train2017/000000061288.jpg
460.90234375	0.0	image/258	258	235982	train2017/000000055294.jpg
462.54296875	0.0	image/302	302	236822	train2017/000000328454.jpg
464.193359375	0.0	image/321	321	237667	train2017/000000332498.jpg
464.97265625	0.0	image/343	343	238066	train2017/000000335824.jpg
465.77734375	0.0	image/310	310	238478	train2017/000000330086.jpg
467.41015625	0.0	image/295	295	239314	train2017/000000010743.jpg
468.23828125	0.0	image/305	305	239738	train2017/000000067347.jpg
469.02734375	0.0	image/285	285	240142	train2017/000000061174.jpg
469.861328125	0.0	image/283	283	240569	train2017/000000359687.jpg
470.64453125	0.0	image/296	296	240970	train2017/000000064534.jpg
471.4609375	0.0	image/242	242	241388	train2017/000000051774.jpg
472.294921875	0.0	image/266	266	241815	train2017/000000056837.jpg
473.072265625	0.0	image/360	360	242213	train2017/000000078042.jpg
473.87890625	0.0	image/272	272	242626	train2017/000000359337.jpg
474.662109375	0.0	image/347	347	243027	train2017/000000074390.jpg
475.45703125	0.0	image/311	311	243434	train2017/000000067961.jpg
476.263671875	0.0	image/353	353	243847	train2017/000000338169.jpg
477.064453125	0.0	image/268	268	244257	train2017/000000057796.jpg
477.880859375	0.0	image/303	303	244675	train2017/000000328628.jpg
478.708984375	0.0	image/265	265	245099	train2017/000000580813.jpg
479.513671875	0.0	image/284	284	245511	train2017/000000323182.jpg
480.345703125	0.0	image/355	355	245937	train2017/000000338670.jpg
481.1640625	0.0	image/309	309	246356	train2017/000000330084.jpg
481.9921875	0.0	image/349	349	246780	train2017/000000074714.jpg
482.775390625	0.0	image/360	360	247181	train2017/000000078042.jpg
483.58203125	0.0	image/330	330	247594	train2017/000000333629.jpg
484.400390625	0.0	image/274	274	248013	train2017/000000321902.jpg
485.19921875	0.0	image/298	298	248422	train2017/000000065029.jpg
486.033203125	0.0	image/359	359	248849	train2017/000000078000.jpg
486.849609375	0.0	image/312	312	249267	train2017/000000068238.jpg
487.677734375	0.0	image/311	311	249691	train2017/000000067961.jpg
488.478515625	0.0	image/346	346	250101	train2017/000000336374.jpg
489.267578125	0.0	image/304	304	250505	train2017/000000066696.jpg
490.078125	0.0	image/246	246	250920	train2017/000000576749.jpg
491.66796875	0.0	image/287	287	251734	train2017/000000061266.jpg
492.451171875	0.0	image/293	293	252135	train2017/000000062547.jpg
493.24609375	0.0	image/290	290	252542	train2017/000000534553.jpg
494.015625	0.0	image/261	261	252936	train2017/000000317781.jpg
494.845703125	0.0	image/330	330	253361	train2017/000000333629.jpg
495.630859375	0.0	image/279	279	253763	train2017/000000322246.jpg
496.435546875	0.0	image/278	278	254175	train2017/000000009987.jpg
498.052734375	0.0	image/263	263	255003	train2017/000000318444.jpg
498.87109375	0.0	image/326	326	255422	train2017/000000332875.jpg
499.703125	0.0	image/343	343	255848	train2017/000000335824.jpg
500.48828125	0.0	image/318	318	256250	train2017/000000069705.jpg
501.28125	0.0	image/280	280	256656	train2017/000000322255.jpg
502.87109375	0.0	image/300	300	257470	train2017/000000065400.jpg
503.681640625	0.0	image/306	306	257885	train2017/000000281575.jpg
504.48828125	0.0	image/316	316	258298	train2017/000000246728.jpg
505.306640625	0.0	image/248	248	258717	train2017/000000455691.jpg
506.10546875	0.0	image/350	350	259126	train2017/000000074828.jpg
506.939453125	0.0	image/316	316	259553	train2017/000000246728.jpg
507.771484375	0.0	image/327	327	259979	train2017/000000333152.jpg
509.33984375	0.0	image/259	259	260782	train2017/000000055402.jpg
510.123046875	0.0	image/267	267	261183	train2017/000000057631.jpg
510.94140625	0.0	image/307	307	261602	train2017/000000329641.jpg
511.7734375	0.0	image/291	291	262028	train2017/000000490875.jpg
513.375	0.0	image/334	334	262848	train2017/000000334048.jpg
514.15234375	0.0	image/310	310	263246	train2017/000000330086.jpg
514.935546875	0.0	image/337	337	263647	train2017/000000072095.jpg
515.724609375	0.0	image/321	321	264051	train2017/000000332498.jpg
516.509765625	0.0	image/340	340	264453	train2017/000000335063.jpg
517.29296875	0.0	image/280	280	264854	train2017/000000322255.jpg
518.10546875	0.0	image/252	252	265270	train2017/000000578169.jpg
518.919921875	0.0	image/317	317	265687	train2017/000000069625.jpg
519.7265625	0.0	image/243	243	266100	train2017/000000560396.jpg
521.3203125	0.0	image/264	264	266916	train2017/000000001877.jpg
522.123046875	0.0	image/346	346	267327	train2017/000000336374.jpg
522.927734375	0.0	image/325	325	267739	train2017/000000002349.jpg
523.728515625	0.0	image/252	252	268149	train2017/000000578169.jpg
524.52734375	0.0	image/243	243	268558	train2017/000000560396.jpg
525.3125	0.0	image/335	335	268960	train2017/000000071927.jpg
526.111328125	0.0	image/250	250	269369	train2017/000000577964.jpg
526.9453125	0.0	image/281	281	269796	train2017/000000323010.jpg
527.728515625	0.0	image/324	324	270197	train2017/000000332692.jpg
528.541015625	0.0	image/299	299	270613	train2017/000000327191.jpg
529.32421875	0.0	image/286	286	271014	train2017/000000323397.jpg
530.146484375	0.0	image/246	246	271435	train2017/000000576749.jpg
530.9296875	0.0	image/245	245	271836	train2017/000000052348.jpg
531.712890625	0.0	image/265	265	272237	train2017/000000580813.jpg
532.498046875	0.0	image/282	282	272639	train2017/000000053842.jpg
533.32421875	0.0	image/323	323	273062	train2017/000000332574.jpg
534.11328125	0.0	image/302	302	273466	train2017/000000328454.jpg
534.9140625	0.0	image/245	245	273876	train2017/000000052348.jpg
536.548828125	0.0	image/297	297	274713	train2017/000000065012.jpg
537.326171875	0.0	image/269	269	275111	train2017/000000320533.jpg
538.126953125	0.0	image/306	306	275521	train2017/000000281575.jpg
538.931640625	0.0	image/333	333	275933	train2017/000000334011.jpg
539.71484375	0.0	image/339	339	276334	train2017/000000072715.jpg
540.494140625	0.0	image/259	259	276733	train2017/000000055402.jpg
541.296875	0.0	image/358	358	277144	train2017/000000077870.jpg
542.111328125	0.0	image/268	268	277561	train2017/000000057796.jpg
542.900390625	0.0	image/292	292	277965	train2017/000000323970.jpg
543.701171875	0.0	image/319	319	278375	train2017/000000332261.jpg
544.517578125	0.0	image/324	324	278793	train2017/000000332692.jpg
545.333984375	0.0	image/331	331	279211	train2017/000000333654.jpg
546.16796875	0.0	image/329	329	279638	train2017/000000333615.jpg
546.9453125	0.0	image/354	354	280036	train2017/000000076476.jpg
547.751953125	0.0	image/338	338	280449	train2017/000000334772.jpg
548.53515625	0.0	image/257	257	280850	train2017/000000055206.jpg
549.361328125	0.0	image/299	299	281273	train2017/000000327191.jpg
550.15234375	0.0	image/328	328	281678	train2017/000000071429.jpg
551.76953125	0.0	image/327	327	282506	train2017/000000333152.jpg
552.552734375	0.0	image/325	325	282907	train2017/000000002349.jpg
553.3828125	0.0	image/292	292	283332	train2017/000000323970.jpg
554.162109375	0.0	image/315	315	283731	train2017/000000068623.jpg
554.970703125	0.0	image/356	356	284145	train2017/000000012795.jpg
555.783203125	0.0	image/261	261	284561	train2017/000000317781.jpg
556.5703125	0.0	image/357	357	284964	train2017/000000338987.jpg
557.3828125	0.0	image/256	256	285380	train2017/000000009199.jpg
558.150390625	0.0	image/258	258	285773	train2017/000000055294.jpg
558.955078125	0.0	image/244	244	286185	train2017/000000314379.jpg
559.783203125	0.0	image/294	294	286609	train2017/000000325710.jpg
560.58203125	0.0	image/305	305	287018	train2017/000000067347.jpg
561.388671875	0.0	image/257	257	287431	train2017/000000055206.jpg
562.970703125	0.0	image/348	348	288241	train2017/000000074461.jpg
563.755859375	0.0	image/338	338	288643	train2017/000000334772.jpg
565.31640625	0.0	image/253	253	289442	train2017/000000054001.jpg
566.134765625	0.0	image/333	333	289861	train2017/000000334011.jpg
566.908203125	0.0	image/247	247	290257	train2017/000000576789.jpg
567.685546875	0.0	image/295	295	290655	train2017/000000010743.jpg
569.30859375	0.0	image/358	358	291486	train2017/000000077870.jpg
570.92578125	0.0	image/337	337	292314	train2017/000000072095.jpg
571.708984375	0.0	image/314	314	292715	train2017/000000055090.jpg
573.3046875	0.0	image/294	294	293532	train2017/000000325710.jpg
574.13671875	0.0	image/344	344	293958	train2017/000000073997.jpg
574.94140625	0.0	image/262	262	294370	train2017/000000318381.jpg
575.7265625	0.0	image/352	352	294772	train2017/000000274776.jpg
576.505859375	0.0	image/253	253	295171	train2017/000000054001.jpg
577.322265625	0.0	image/335	335	295589	train2017/000000071927.jpg
578.126953125	0.0	image/315	315	296001	train2017/000000068623.jpg
578.921875	0.0	image/270	270	296408	train2017/000000058407.jpg
579.72265625	0.0	image/353	353	296818	train2017/000000338169.jpg
580.52734375	0.0	image/318	318	297230	train2017/000000069705.jpg
582.095703125	0.0	image/332	332	298033	train2017/000000579906.jpg
582.875	0.0	image/260	260	298432	train2017/000000055514.jpg
583.689453125	0.0	image/314	314	298849	train2017/000000055090.jpg
584.505859375	0.0	image/342	342	299267	train2017/000000335688.jpg
585.296875	0.0	image/256	256	299672	train2017/000000009199.jpg
586.130859375	0.0	image/308	308	300099	train2017/000000067623.jpg
586.962890625	0.0	image/329	329	300525	train2017/000000333615.jpg
587.79296875	0.0	image/274	274	300950	train2017/000000321902.jpg
588.61328125	0.0	image/336	336	301370	train2017/000000334208.jpg
589.408203125	0.0	image/339	339	301777	train2017/000000072715.jpg
590.998046875	0.0	image/250	250	302591	train2017/000000577964.jpg
591.798828125	0.0	image/249	249	303001	train2017/000000577817.jpg
592.630859375	0.0	image/285	285	303427	train2017/000000061174.jpg
593.443359375	0.0	image/260	260	303843	train2017/000000055514.jpg
594.21484375	0.0	image/251	251	304238	train2017/000000053778.jpg
595.048828125	0.0	image/320	320	304665	train2017/000000332448.jpg
595.861328125	0.0	image/340	340	305081	train2017/000000335063.jpg
596.68359375	0.0	image/320	320	305502	train2017/000000332448.jpg
597.482421875	0.0	image/345	345	305911	train2017/000000281567.jpg
598.267578125	0.0	image/309	309	306313	train2017/000000330084.jpg
599.099609375	0.0	image/297	297	306739	train2017/000000065012.jpg
599.89453125	0.0	image/248	248	307146	train2017/000000455691.jpg
600.68359375	0.0	image/270	270	307550	train2017/000000058407.jpg
601.517578125	0.0	image/272	272	307977	train2017/000000359337.jpg
602.30078125	0.0	image/273	273	308378	train2017/000000059321.jpg
603.12890625	0.0	image/298	298	308802	train2017/000000065029.jpg
603.935546875	0.0	image/255	255	309215	train2017/000000055184.jpg
605.529296875	0.0	image/287	287	310031	train2017/000000061266.jpg
606.302734375	0.0	image/269	269	310427	train2017/000000320533.jpg
607.13671875	0.0	image/251	251	310854	train2017/000000053778.jpg
607.947265625	0.0	image/312	312	311269	train2017/000000068238.jpg
609.580078125	0.0	image/266	266	312105	train2017/000000056837.jpg
610.365234375	0.0	image/352	352	312507	train2017/000000274776.jpg
611.1875	0.0	image/322	322	312928	train2017/000000070421.jpg
611.966796875	0.0	image/277	277	313327	train2017/000000009983.jpg
612.78125	0.0	image/281	281	313744	train2017/000000323010.jpg
613.587890625	0.0	image/293	293	314157	train2017/000000062547.jpg
614.365234375	0.0	image/345	345	314555	train2017/000000281567.jpg
615.98828125	0.0	image/267	267	315386	train2017/000000057631.jpg
616.8203125	0.0	image/359	359	315812	train2017/000000078000.jpg
617.61328125	0.0	image/304	304	316218	train2017/000000066696.jpg
618.4140625	0.0	image/356	356	316628	train2017/000000012795.jpg
619.18359375	0.0	image/277	277	317022	train2017/000000009983.jpg
619.990234375	0.0	image/323	323	317435	train2017/000000332574.jpg
620.791015625	0.0	image/328	328	317845	train2017/000000071429.jpg
622.423828125	0.0	image/313	313	318681	train2017/000000011373.jpg
623.234375	0.0	image/348	348	319096	train2017/000000074461.jpg
624.025390625	0.0	image/331	331	319501	train2017/000000333654.jpg
624.8515625	0.0	image/303	303	319924	train2017/000000328628.jpg
625.65234375	0.0	image/276	276	320334	train2017/000000322008.jpg
626.46875	0.0	image/308	308	320752	train2017/000000067623.jpg
627.291015625	0.0	image/284	284	321173	train2017/000000323182.jpg
628.91015625	0.0	image/273	273	322002	train2017/000000059321.jpg
629.708984375	0.0	image/334	334	322411	train2017/000000334048.jpg
630.52734375	0.0	image/276	276	322830	train2017/000000322008.jpg
631.359375	0.0	image/351	351	323256	train2017/000000337479.jpg
632.13671875	0.0	image/290	290	323654	train2017/000000534553.jpg
632.921875	0.0	image/341	341	324056	train2017/000000492851.jpg
633.724609375	0.0	image/249	249	324467	train2017/000000577817.jpg
634.544921875	0.0	image/317	317	324887	train2017/000000069625.jpg
635.37109375	0.0	image/322	322	325310	train2017/000000070421.jpg
636.14453125	0.0	image/264	264	325706	train2017/000000001877.jpg
636.9453125	0.0	image/286	286	326116	train2017/000000323397.jpg
637.740234375	0.0	image/326	326	326523	train2017/000000332875.jpg
638.509765625	0.0	image/254	254	326917	train2017/000000317061.jpg
639.294921875	0.0	image/349	349	327319	train2017/000000074714.jpg
640.107421875	0.0	image/319	319	327735	train2017/000000332261.jpg
640.9296875	0.0	image/357	357	328156	train2017/000000338987.jpg
641.740234375	0.0	image/296	296	328571	train2017/000000064534.jpg
642.5625	0.0	image/291	291	328992	train2017/000000490875.jpg
643.396484375	0.0	image/289	289	329419	train2017/000000061559.jpg
644.173828125	0.0	image/255	255	329817	train2017/000000055184.jpg
644.98046875	0.0	image/241	241	330230	train2017/000000576011.jpg
645.79296875	0.0	image/254	254	330646	train2017/000000317061.jpg
646.591796875	0.0	image/341	341	331055	train2017/000000492851.jpg
647.3984375	0.0	image/301	301	331468	train2017/000000066253.jpg
648.1796875	0.0	image/278	278	331868	train2017/000000009987.jpg
655.482421875	0.0	image/472	472	335607	train2017/000000110780.jpg
656.259765625	0.0	image/371	371	336005	train2017/000000081365.jpg
657.04296875	0.0	image/463	463	336406	train2017/000000369171.jpg
657.865234375	0.0	image/435	435	336827	train2017/000000097218.jpg
658.650390625	0.0	image/428	428	337229	train2017/000000095176.jpg
659.4609375	0.0	image/420	420	337644	train2017/000000092353.jpg
660.265625	0.0	image/461	461	338056	train2017/000000106107.jpg
661.078125	0.0	image/436	436	338472	train2017/000000098480.jpg
661.861328125	0.0	image/381	381	338873	train2017/000000082770.jpg
662.677734375	0.0	image/383	383	339291	train2017/000000083393.jpg
663.4609375	0.0	image/438	438	339692	train2017/000000147547.jpg
664.24609375	0.0	image/379	379	340094	train2017/000000569678.jpg
665.068359375	0.0	image/397	397	340515	train2017/000000087334.jpg
665.8828125	0.0	image/390	390	340932	train2017/000000346754.jpg
666.701171875	0.0	image/448	448	341351	train2017/000000101069.jpg
667.513671875	0.0	image/401	401	341767	train2017/000000088414.jpg
668.318359375	0.0	image/388	388	342179	train2017/000000084174.jpg
669.119140625	0.0	image/434	434	342589	train2017/000000097201.jpg
669.953125	0.0	image/402	402	343016	train2017/000000088835.jpg
670.78125	0.0	image/429	429	343440	train2017/000000095337.jpg
671.603515625	0.0	image/410	410	343861	train2017/000000090994.jpg
672.404296875	0.0	image/408	408	344271	train2017/000000352861.jpg
673.181640625	0.0	image/413	413	344669	train2017/000000364806.jpg
673.947265625	0.0	image/369	369	345061	train2017/000000080987.jpg
674.75390625	0.0	image/428	428	345474	train2017/000000095176.jpg
675.58203125	0.0	image/450	450	345898	train2017/000000570785.jpg
676.404296875	0.0	image/402	402	346319	train2017/000000088835.jpg
677.1875	0.0	image/412	412	346720	train2017/000000408492.jpg
678.8046875	0.0	image/375	375	347548	train2017/000000081961.jpg
679.623046875	0.0	image/442	442	347967	train2017/000000361648.jpg
680.421875	0.0	image/362	362	348376	train2017/000000340734.jpg
681.20703125	0.0	image/472	472	348778	train2017/000000110780.jpg
682.0	0.0	image/443	443	349184	train2017/000000099580.jpg
682.802734375	0.0	image/419	419	349595	train2017/000000092288.jpg
684.40625	0.0	image/364	364	350416	train2017/000000275335.jpg
685.234375	0.0	image/467	467	350840	train2017/000000017935.jpg
686.0078125	0.0	image/392	392	351236	train2017/000000348204.jpg
686.787109375	0.0	image/383	383	351635	train2017/000000083393.jpg
687.5703125	0.0	image/462	462	352036	train2017/000000368852.jpg
688.390625	0.0	image/470	470	352456	train2017/000000110611.jpg
689.21875	0.0	image/399	399	352880	train2017/000000320508.jpg
690.033203125	0.0	image/363	363	353297	train2017/000000079111.jpg
690.8203125	0.0	image/405	405	353700	train2017/000000189765.jpg
692.41015625	0.0	image/395	395	354514	train2017/000000087146.jpg
693.23828125	0.0	image/404	404	354938	train2017/000000352129.jpg
694.04296875	0.0	image/377	377	355350	train2017/000000450584.jpg
694.87109375	0.0	image/445	445	355774	train2017/000000362677.jpg
695.677734375	0.0	image/465	465	356187	train2017/000000369253.jpg
696.48828125	0.0	image/367	367	356602	train2017/000000080619.jpg
697.306640625	0.0	image/431	431	357021	train2017/000000095828.jpg
698.111328125	0.0	image/466	466	357433	train2017/000000107204.jpg
698.9453125	0.0	image/447	447	357860	train2017/000000100863.jpg
699.77734375	0.0	image/464	464	358286	train2017/000000369230.jpg
700.556640625	0.0	image/457	457	358685	train2017/000000366396.jpg
701.328125	0.0	image/380	380	359080	train2017/000000082650.jpg
702.15625	0.0	image/432	432	359504	train2017/000000096161.jpg
702.95703125	0.0	image/373	373	359914	train2017/000000081841.jpg
703.763671875	0.0	image/398	398	360327	train2017/000000087871.jpg
704.5625	0.0	image/389	389	360736	train2017/000000346583.jpg
705.33984375	0.0	image/470	470	361134	train2017/000000110611.jpg
706.107421875	0.0	image/361	361	361527	train2017/000000340317.jpg
706.875	0.0	image/417	417	361920	train2017/000000092001.jpg
707.681640625	0.0	image/425	425	362333	train2017/000000356771.jpg
708.513671875	0.0	image/459	459	362759	train2017/000000366802.jpg
709.326171875	0.0	image/374	374	363175	train2017/000000046372.jpg
710.09765625	0.0	image/365	365	363570	train2017/000000080084.jpg
710.931640625	0.0	image/480	480	363997	train2017/000000376407.jpg
711.71484375	0.0	image/394	394	364398	train2017/000000087126.jpg
712.49609375	0.0	image/376	376	364798	train2017/000000081995.jpg
713.3125	0.0	image/411	411	365216	train2017/000000091005.jpg
714.099609375	0.0	image/473	473	365619	train2017/000000372959.jpg
714.927734375	0.0	image/362	362	366043	train2017/000000340734.jpg
715.732421875	0.0	image/396	396	366455	train2017/000000349363.jpg
716.533203125	0.0	image/390	390	366865	train2017/000000346754.jpg
717.34375	0.0	image/426	426	367280	train2017/000000357074.jpg
718.150390625	0.0	image/467	467	367693	train2017/000000017935.jpg
718.9609375	0.0	image/380	380	368108	train2017/000000082650.jpg
719.767578125	0.0	image/369	369	368521	train2017/000000080987.jpg
720.544921875	0.0	image/404	404	368919	train2017/000000352129.jpg
721.361328125	0.0	image/366	366	369337	train2017/000000080275.jpg
722.185546875	0.0	image/393	393	369759	train2017/000000086811.jpg
722.96875	0.0	image/414	414	370160	train2017/000000091784.jpg
723.74609375	0.0	image/376	376	370558	train2017/000000081995.jpg
724.513671875	0.0	image/397	397	370951	train2017/000000087334.jpg
725.302734375	0.0	image/407	407	371355	train2017/000000352724.jpg
726.119140625	0.0	image/437	437	371773	train2017/000000060117.jpg
726.9296875	0.0	image/460	460	372188	train2017/000000367552.jpg
727.703125	0.0	image/433	433	372584	train2017/000000359085.jpg
728.53125	0.0	image/457	457	373008	train2017/000000366396.jpg
729.33203125	0.0	image/386	386	373418	train2017/000000083632.jpg
730.103515625	0.0	image/430	430	373813	train2017/000000357865.jpg
730.916015625	0.0	image/400	400	374229	train2017/000000350299.jpg
731.69921875	0.0	image/410	410	374630	train2017/000000090994.jpg
732.521484375	0.0	image/454	454	375051	train2017/000000366146.jpg
733.306640625	0.0	image/452	452	375453	train2017/000000365218.jpg
734.123046875	0.0	image/364	364	375871	train2017/000000275335.jpg
734.921875	0.0	image/416	416	376280	train2017/000000354095.jpg
735.720703125	0.0	image/463	463	376689	train2017/000000369171.jpg
736.5	0.0	image/442	442	377088	train2017/000000361648.jpg
737.2890625	0.0	image/451	451	377492	train2017/000000365003.jpg
738.1171875	0.0	image/466	466	377916	train2017/000000107204.jpg
738.923828125	0.0	image/368	368	378329	train2017/000000008471.jpg
739.734375	0.0	image/392	392	378744	train2017/000000348204.jpg
741.353515625	0.0	image/367	367	379573	train2017/000000080619.jpg
742.15234375	0.0	image/405	405	379982	train2017/000000189765.jpg
742.94140625	0.0	image/471	471	380386	train2017/000000372775.jpg
743.724609375	0.0	image/421	421	380787	train2017/000000354761.jpg
744.5078125	0.0	image/441	441	381188	train2017/000000099363.jpg
745.28515625	0.0	image/444	444	381586	train2017/000000100396.jpg
746.052734375	0.0	image/388	388	381979	train2017/000000084174.jpg
747.626953125	0.0	image/375	375	382785	train2017/000000081961.jpg
748.421875	0.0	image/379	379	383192	train2017/000000569678.jpg
749.244140625	0.0	image/422	422	383613	train2017/000000059194.jpg
750.05859375	0.0	image/389	389	384030	train2017/000000346583.jpg
750.87109375	0.0	image/421	421	384446	train2017/000000354761.jpg
752.478515625	0.0	image/412	412	385269	train2017/000000408492.jpg
753.294921875	0.0	image/439	439	385687	train2017/000000361193.jpg
754.10546875	0.0	image/427	427	386102	train2017/000000357228.jpg
754.888671875	0.0	image/422	422	386503	train2017/000000059194.jpg
755.689453125	0.0	image/434	434	386913	train2017/000000097201.jpg
756.462890625	0.0	image/400	400	387309	train2017/000000350299.jpg
757.26171875	0.0	image/448	448	387718	train2017/000000101069.jpg
758.080078125	0.0	image/452	452	388137	train2017/000000365218.jpg
758.873046875	0.0	image/478	478	388543	train2017/000000114035.jpg
759.662109375	0.0	image/408	408	388947	train2017/000000352861.jpg
760.48046875	0.0	image/445	445	389366	train2017/000000362677.jpg
761.306640625	0.0	image/460	460	389789	train2017/000000367552.jpg
762.9296875	0.0	image/473	473	390620	train2017/000000372959.jpg
763.763671875	0.0	image/385	385	391047	train2017/000000345751.jpg
764.59765625	0.0	image/469	469	391474	train2017/000000370369.jpg
765.3984375	0.0	image/449	449	391884	train2017/000000101952.jpg
767.009765625	0.0	image/415	415	392709	train2017/000000354045.jpg
768.609375	0.0	image/476	476	393528	train2017/000000112734.jpg
769.400390625	0.0	image/475	475	393933	train2017/000000373970.jpg
770.18359375	0.0	image/403	403	394334	train2017/000000089908.jpg
770.9765625	0.0	image/419	419	394740	train2017/000000092288.jpg
771.80078125	0.0	image/370	370	395162	train2017/000000081105.jpg
772.626953125	0.0	image/427	427	395585	train2017/000000357228.jpg
773.41796875	0.0	image/391	391	395990	train2017/000000346795.jpg
774.216796875	0.0	image/411	411	396399	train2017/000000091005.jpg
775.0	0.0	image/449	449	396800	train2017/000000101952.jpg
775.8125	0.0	image/454	454	397216	train2017/000000366146.jpg
776.578125	0.0	image/440	440	397608	train2017/000000361197.jpg
777.384765625	0.0	image/479	479	398021	train2017/000000114077.jpg
778.1953125	0.0	image/423	423	398436	train2017/000000355622.jpg
778.982421875	0.0	image/430	430	398839	train2017/000000357865.jpg
780.5859375	0.0	image/361	361	399660	train2017/000000340317.jpg
781.36328125	0.0	image/458	458	400058	train2017/000000104502.jpg
782.1875	0.0	image/436	436	400480	train2017/000000098480.jpg
782.970703125	0.0	image/471	471	400881	train2017/000000372775.jpg
783.76953125	0.0	image/456	456	401290	train2017/000000104081.jpg
784.5703125	0.0	image/395	395	401700	train2017/000000087146.jpg
786.205078125	0.0	image/439	439	402537	train2017/000000361193.jpg
787.015625	0.0	image/366	366	402952	train2017/000000080275.jpg
787.78125	0.0	image/373	373	403344	train2017/000000081841.jpg
789.40625	0.0	image/468	468	404176	train2017/000000542304.jpg
790.23828125	0.0	image/406	406	404602	train2017/000000352236.jpg
791.05078125	0.0	image/461	461	405018	train2017/000000106107.jpg
791.873046875	0.0	image/409	409	405439	train2017/000000090827.jpg
792.701171875	0.0	image/418	418	405863	train2017/000000092221.jpg
793.47265625	0.0	image/444	444	406258	train2017/000000100396.jpg
794.2890625	0.0	image/464	464	406676	train2017/000000369230.jpg
795.123046875	0.0	image/476	476	407103	train2017/000000112734.jpg
796.740234375	0.0	image/441	441	407931	train2017/000000099363.jpg
797.55859375	0.0	image/453	453	408350	train2017/000000103366.jpg
799.154296875	0.0	image/387	387	409167	train2017/000000083738.jpg
799.958984375	0.0	image/453	453	409579	train2017/000000103366.jpg
800.791015625	0.0	image/414	414	410005	train2017/000000091784.jpg
802.392578125	0.0	image/413	413	410825	train2017/000000364806.jpg
803.169921875	0.0	image/374	374	411223	train2017/000000046372.jpg
803.9765625	0.0	image/418	418	411636	train2017/000000092221.jpg
804.77734375	0.0	image/399	399	412046	train2017/000000320508.jpg
805.609375	0.0	image/407	407	412472	train2017/000000352724.jpg
806.447265625	0.0	image/456	456	412901	train2017/000000104081.jpg
808.060546875	0.0	image/435	435	413727	train2017/000000097218.jpg
808.87109375	0.0	image/423	423	414142	train2017/000000355622.jpg
809.662109375	0.0	image/465	465	414547	train2017/000000369253.jpg
810.470703125	0.0	image/372	372	414961	train2017/000000081474.jpg
811.26171875	0.0	image/468	468	415366	train2017/000000542304.jpg
812.095703125	0.0	image/368	368	415793	train2017/000000008471.jpg
812.875	0.0	image/394	394	416192	train2017/000000087126.jpg
813.689453125	0.0	image/415	415	416609	train2017/000000354045.jpg
815.279296875	0.0	image/479	479	417423	train2017/000000114077.jpg
816.0625	0.0	image/432	432	417824	train2017/000000096161.jpg
817.728515625	0.0	image/424	424	418677	train2017/000000277778.jpg
818.513671875	0.0	image/377	377	419079	train2017/000000450584.jpg
819.294921875	0.0	image/455	455	419479	train2017/000000104044.jpg
820.091796875	0.0	image/431	431	419887	train2017/000000095828.jpg
821.681640625	0.0	image/480	480	420701	train2017/000000376407.jpg
822.4921875	0.0	image/429	429	421116	train2017/000000095337.jpg
823.298828125	0.0	image/458	458	421529	train2017/000000104502.jpg
824.115234375	0.0	image/384	384	421947	train2017/000000345725.jpg
824.93359375	0.0	image/474	474	422366	train2017/000000373679.jpg
825.7421875	0.0	image/365	365	422780	train2017/000000080084.jpg
826.52734375	0.0	image/370	370	423182	train2017/000000081105.jpg
827.34375	0.0	image/474	474	423600	train2017/000000373679.jpg
828.150390625	0.0	image/437	437	424013	train2017/000000060117.jpg
828.951171875	0.0	image/477	477	424423	train2017/000000113593.jpg
829.78515625	0.0	image/438	438	424850	train2017/000000147547.jpg
830.578125	0.0	image/385	385	425256	train2017/000000345751.jpg
831.3671875	0.0	image/450	450	425660	train2017/000000570785.jpg
832.91015625	0.0	image/477	477	426450	train2017/000000113593.jpg
834.501953125	0.0	image/406	406	427265	train2017/000000352236.jpg
835.330078125	0.0	image/384	384	427689	train2017/000000345725.jpg
836.09375	0.0	image/424	424	428080	train2017/000000277778.jpg
836.869140625	0.0	image/478	478	428477	train2017/000000114035.jpg
837.65234375	0.0	image/451	451	428878	train2017/000000365003.jpg
838.447265625	0.0	image/443	443	429285	train2017/000000099580.jpg
839.26953125	0.0	image/446	446	429706	train2017/000000100599.jpg
840.0703125	0.0	image/416	416	430116	train2017/000000354095.jpg
840.84765625	0.0	image/433	433	430514	train2017/000000359085.jpg
841.650390625	0.0	image/391	391	430925	train2017/000000346795.jpg
842.4375	0.0	image/446	446	431328	train2017/000000100599.jpg
843.248046875	0.0	image/425	425	431743	train2017/000000356771.jpg
844.048828125	0.0	image/382	382	432153	train2017/000000345149.jpg
844.837890625	0.0	image/469	469	432557	train2017/000000370369.jpg
846.40625	0.0	image/386	386	433360	train2017/000000083632.jpg
847.240234375	0.0	image/417	417	433787	train2017/000000092001.jpg
848.072265625	0.0	image/420	420	434213	train2017/000000092353.jpg
848.873046875	0.0	image/371	371	434623	train2017/000000081365.jpg
849.65234375	0.0	image/378	378	435022	train2017/000000319517.jpg
850.474609375	0.0	image/403	403	435443	train2017/000000089908.jpg
851.2578125	0.0	image/447	447	435844	train2017/000000100863.jpg
852.0859375	0.0	image/382	382	436268	train2017/000000345149.jpg
853.673828125	0.0	image/378	378	437081	train2017/000000319517.jpg
854.458984375	0.0	image/381	381	437483	train2017/000000082770.jpg
855.234375	0.0	image/363	363	437880	train2017/000000079111.jpg
856.01953125	0.0	image/398	398	438282	train2017/000000087871.jpg
856.826171875	0.0	image/475	475	438695	train2017/000000373970.jpg
857.603515625	0.0	image/387	387	439093	train2017/000000083738.jpg
859.17578125	0.0	image/393	393	439898	train2017/000000086811.jpg
859.986328125	0.0	image/372	372	440313	train2017/000000081474.jpg
860.771484375	0.0	image/459	459	440715	train2017/000000366802.jpg
861.576171875	0.0	image/401	401	441127	train2017/000000088414.jpg
862.39453125	0.0	image/462	462	441546	train2017/000000368852.jpg
863.2265625	0.0	image/440	440	441972	train2017/000000361197.jpg
864.060546875	0.0	image/396	396	442399	train2017/000000349363.jpg
864.861328125	0.0	image/426	426	442809	train2017/000000357074.jpg
865.64453125	0.0	image/409	409	443210	train2017/000000090827.jpg
866.455078125	0.0	image/455	455	443625	train2017/000000104044.jpg
873.408203125	0.0	image/523	523	447185	train2017/000000125703.jpg
874.240234375	0.0	image/574	574	447611	train2017/000000139344.jpg
875.041015625	0.0	image/531	531	448021	train2017/000000391754.jpg
875.869140625	0.0	image/599	599	448445	train2017/000000388853.jpg
876.67578125	0.0	image/553	553	448858	train2017/000000134562.jpg
877.474609375	0.0	image/540	540	449267	train2017/000000021826.jpg
879.076171875	0.0	image/520	520	450087	train2017/000000125042.jpg
879.908203125	0.0	image/560	560	450513	train2017/000000136111.jpg
880.7421875	0.0	image/537	537	450940	train2017/000000371353.jpg
881.517578125	0.0	image/529	529	451337	train2017/000000129060.jpg
882.3046875	0.0	image/584	584	451740	train2017/000000285588.jpg
883.89453125	0.0	image/587	587	452554	train2017/000000403535.jpg
884.6875	0.0	image/519	519	452960	train2017/000000124747.jpg
885.478515625	0.0	image/593	593	453365	train2017/000000196777.jpg
886.306640625	0.0	image/599	599	453789	train2017/000000388853.jpg
887.087890625	0.0	image/596	596	454189	train2017/000000405215.jpg
888.70703125	0.0	image/535	535	455018	train2017/000000392851.jpg
889.49609375	0.0	image/491	491	455422	train2017/000000116603.jpg
890.29296875	0.0	image/586	586	455830	train2017/000000154556.jpg
891.056640625	0.0	image/511	511	456221	train2017/000000122776.jpg
891.830078125	0.0	image/525	525	456617	train2017/000000388980.jpg
893.48046875	0.0	image/592	592	457462	train2017/000000504289.jpg
894.263671875	0.0	image/566	566	457863	train2017/000000399835.jpg
895.091796875	0.0	image/482	482	458287	train2017/000000376643.jpg
895.880859375	0.0	image/489	489	458691	train2017/000000115967.jpg
896.658203125	0.0	image/535	535	459089	train2017/000000392851.jpg
897.4765625	0.0	image/570	570	459508	train2017/000000400581.jpg
898.265625	0.0	image/590	590	459912	train2017/000000404007.jpg
899.05859375	0.0	image/527	527	460318	train2017/000000390120.jpg
899.83203125	0.0	image/563	563	460714	train2017/000000398540.jpg
900.626953125	0.0	image/585	585	461121	train2017/000000140724.jpg
901.443359375	0.0	image/596	596	461539	train2017/000000405215.jpg
902.248046875	0.0	image/500	500	461951	train2017/000000381961.jpg
903.04296875	0.0	image/512	512	462358	train2017/000000122811.jpg
903.8671875	0.0	image/587	587	462780	train2017/000000403535.jpg
904.69921875	0.0	image/567	567	463206	train2017/000000137706.jpg
905.48046875	0.0	image/485	485	463606	train2017/000000377576.jpg
906.30078125	0.0	image/482	482	464026	train2017/000000376643.jpg
907.1015625	0.0	image/564	564	464436	train2017/000000399162.jpg
907.91796875	0.0	image/541	541	464854	train2017/000000131524.jpg
908.6953125	0.0	image/500	500	465252	train2017/000000381961.jpg
909.513671875	0.0	image/488	488	465671	train2017/000000115649.jpg
910.279296875	0.0	image/492	492	466063	train2017/000000150636.jpg
911.09765625	0.0	image/521	521	466482	train2017/000000387318.jpg
911.896484375	0.0	image/486	486	466891	train2017/000000377703.jpg
912.703125	0.0	image/532	532	467304	train2017/000000130181.jpg
913.53125	0.0	image/499	499	467728	train2017/000000575164.jpg
914.353515625	0.0	image/483	483	468149	train2017/000000376858.jpg
915.13671875	0.0	image/571	571	468550	train2017/000000229233.jpg
915.9375	0.0	image/505	505	468960	train2017/000000120987.jpg
916.720703125	0.0	image/580	580	469361	train2017/000000402057.jpg
917.548828125	0.0	image/597	597	469785	train2017/000000143245.jpg
919.154296875	0.0	image/497	497	470607	train2017/000000282032.jpg
919.970703125	0.0	image/600	600	471025	train2017/000000143420.jpg
920.771484375	0.0	image/581	581	471435	train2017/000000402199.jpg
922.3515625	0.0	image/503	503	472244	train2017/000000382890.jpg
923.171875	0.0	image/536	536	472664	train2017/000000196584.jpg
924.0	0.0	image/558	558	473088	train2017/000000398083.jpg
924.7890625	0.0	image/579	579	473492	train2017/000000139815.jpg
925.60546875	0.0	image/501	501	473910	train2017/000000353175.jpg
926.40625	0.0	image/494	494	474320	train2017/000000380227.jpg
927.20703125	0.0	image/537	537	474730	train2017/000000371353.jpg
927.990234375	0.0	image/487	487	475131	train2017/000000115637.jpg
928.82421875	0.0	image/514	514	475558	train2017/000000282707.jpg
929.634765625	0.0	image/540	540	475973	train2017/000000021826.jpg
930.44140625	0.0	image/503	503	476386	train2017/000000382890.jpg
931.2421875	0.0	image/585	585	476796	train2017/000000140724.jpg
932.07421875	0.0	image/485	485	477222	train2017/000000377576.jpg
932.875	0.0	image/572	572	477632	train2017/000000138785.jpg
933.69140625	0.0	image/555	555	478050	train2017/000000397192.jpg
934.5078125	0.0	image/595	595	478468	train2017/000000142803.jpg
935.3359375	0.0	image/498	498	478892	train2017/000000119669.jpg
936.12109375	0.0	image/582	582	479294	train2017/000000140590.jpg
936.91015625	0.0	image/489	489	479698	train2017/000000115967.jpg
937.7109375	0.0	image/551	551	480108	train2017/000000134169.jpg
938.48828125	0.0	image/481	481	480506	train2017/000000114274.jpg
939.25390625	0.0	image/563	563	480898	train2017/000000398540.jpg
940.060546875	0.0	image/584	584	481311	train2017/000000285588.jpg
940.87109375	0.0	image/483	483	481726	train2017/000000376858.jpg
941.638671875	0.0	image/552	552	482119	train2017/000000396550.jpg
942.4453125	0.0	image/591	591	482532	train2017/000000404282.jpg
943.26171875	0.0	image/519	519	482950	train2017/000000124747.jpg
944.095703125	0.0	image/560	560	483377	train2017/000000136111.jpg
944.87890625	0.0	image/576	576	483778	train2017/000000401699.jpg
945.689453125	0.0	image/522	522	484193	train2017/000000125586.jpg
946.47265625	0.0	image/561	561	484594	train2017/000000136142.jpg
947.263671875	0.0	image/567	567	484999	train2017/000000137706.jpg
948.046875	0.0	image/579	579	485400	train2017/000000139815.jpg
948.830078125	0.0	image/598	598	485801	train2017/000000405437.jpg
949.646484375	0.0	image/504	504	486219	train2017/000000382951.jpg
950.458984375	0.0	image/552	552	486635	train2017/000000396550.jpg
951.28125	0.0	image/512	512	487056	train2017/000000122811.jpg
952.064453125	0.0	image/508	508	487457	train2017/000000413472.jpg
952.841796875	0.0	image/581	581	487855	train2017/000000402199.jpg
953.630859375	0.0	image/514	514	488259	train2017/000000282707.jpg
954.416015625	0.0	image/545	545	488661	train2017/000000131967.jpg
955.232421875	0.0	image/526	526	489079	train2017/000000389582.jpg
956.02734375	0.0	image/520	520	489486	train2017/000000125042.jpg
956.83203125	0.0	image/562	562	489898	train2017/000000022696.jpg
957.615234375	0.0	image/484	484	490299	train2017/000000114822.jpg
958.44921875	0.0	image/595	595	490726	train2017/000000142803.jpg
959.25	0.0	image/550	550	491136	train2017/000000066014.jpg
960.05078125	0.0	image/577	577	491546	train2017/000000139561.jpg
960.8671875	0.0	image/547	547	491964	train2017/000000395758.jpg
961.6796875	0.0	image/533	533	492380	train2017/000000392556.jpg
962.451171875	0.0	image/518	518	492775	train2017/000000124711.jpg
964.017578125	0.0	image/538	538	493577	train2017/000000130973.jpg
964.8125	0.0	image/498	498	493984	train2017/000000119669.jpg
965.634765625	0.0	image/583	583	494405	train2017/000000198195.jpg
966.41015625	0.0	image/516	516	494802	train2017/000000385864.jpg
967.98046875	0.0	image/524	524	495606	train2017/000000125725.jpg
968.78515625	0.0	image/513	513	496018	train2017/000000282631.jpg
969.59765625	0.0	image/542	542	496434	train2017/000000284089.jpg
970.419921875	0.0	image/576	576	496855	train2017/000000401699.jpg
971.203125	0.0	image/549	549	497256	train2017/000000197068.jpg
971.986328125	0.0	image/553	553	497657	train2017/000000134562.jpg
972.78125	0.0	image/588	588	498064	train2017/000000403739.jpg
973.587890625	0.0	image/586	586	498477	train2017/000000154556.jpg
974.365234375	0.0	image/504	504	498875	train2017/000000382951.jpg
975.181640625	0.0	image/493	493	499293	train2017/000000379713.jpg
975.970703125	0.0	image/539	539	499697	train2017/000000131011.jpg
976.7890625	0.0	image/509	509	500116	train2017/000000384235.jpg
977.587890625	0.0	image/569	569	500525	train2017/000000138153.jpg
978.388671875	0.0	image/538	538	500935	train2017/000000130973.jpg
979.19921875	0.0	image/481	481	501350	train2017/000000114274.jpg
980.005859375	0.0	image/529	529	501763	train2017/000000129060.jpg
980.822265625	0.0	image/528	528	502181	train2017/000000239828.jpg
981.650390625	0.0	image/530	530	502605	train2017/000000391678.jpg
982.45703125	0.0	image/494	494	503018	train2017/000000380227.jpg
984.07421875	0.0	image/516	516	503846	train2017/000000385864.jpg
984.884765625	0.0	image/509	509	504261	train2017/000000384235.jpg
985.658203125	0.0	image/575	575	504657	train2017/000000139551.jpg
986.44140625	0.0	image/554	554	505058	train2017/000000135032.jpg
987.224609375	0.0	image/507	507	505459	train2017/000000383652.jpg
988.0390625	0.0	image/557	557	505876	train2017/000000022627.jpg
989.658203125	0.0	image/542	542	506705	train2017/000000284089.jpg
990.4765625	0.0	image/505	505	507124	train2017/000000120987.jpg
991.287109375	0.0	image/493	493	507539	train2017/000000379713.jpg
992.109375	0.0	image/551	551	507960	train2017/000000134169.jpg
992.88671875	0.0	image/521	521	508358	train2017/000000387318.jpg
994.52734375	0.0	image/496	496	509198	train2017/000000380989.jpg
995.357421875	0.0	image/561	561	509623	train2017/000000136142.jpg
996.955078125	0.0	image/593	593	510441	train2017/000000196777.jpg
997.77734375	0.0	image/565	565	510862	train2017/000000197656.jpg
998.5625	0.0	image/574	574	511264	train2017/000000139344.jpg
999.33984375	0.0	image/591	591	511662	train2017/000000404282.jpg
1000.10546875	0.0	image/569	569	512054	train2017/000000138153.jpg
1000.912109375	0.0	image/523	523	512467	train2017/000000125703.jpg
1001.728515625	0.0	image/501	501	512885	train2017/000000353175.jpg
1002.55859375	0.0	image/575	575	513310	train2017/000000139551.jpg
1003.37890625	0.0	image/547	547	513730	train2017/000000395758.jpg
1004.1640625	0.0	image/515	515	514132	train2017/000000123692.jpg
1004.962890625	0.0	image/558	558	514541	train2017/000000398083.jpg
1005.775390625	0.0	image/580	580	514957	train2017/000000402057.jpg
1006.591796875	0.0	image/556	556	515375	train2017/000000135316.jpg
1007.380859375	0.0	image/562	562	515779	train2017/000000022696.jpg
1008.17578125	0.0	image/502	502	516186	train2017/000000120655.jpg
1008.958984375	0.0	image/513	513	516587	train2017/000000282631.jpg
1010.548828125	0.0	image/548	548	517401	train2017/000000395775.jpg
1012.166015625	0.0	image/589	589	518229	train2017/000000403789.jpg
1012.9609375	0.0	image/566	566	518636	train2017/000000399835.jpg
1013.7265625	0.0	image/495	495	519028	train2017/000000380729.jpg
1014.533203125	0.0	image/546	546	519441	train2017/000000133281.jpg
1015.31640625	0.0	image/544	544	519842	train2017/000000394008.jpg
1016.09375	0.0	image/541	541	520240	train2017/000000131524.jpg
1016.89453125	0.0	image/497	497	520650	train2017/000000282032.jpg
1017.68359375	0.0	image/573	573	521054	train2017/000000138904.jpg
1019.279296875	0.0	image/507	507	521871	train2017/000000383652.jpg
1020.083984375	0.0	image/600	600	522283	train2017/000000143420.jpg
1020.87890625	0.0	image/543	543	522690	train2017/000000131763.jpg
1021.66796875	0.0	image/510	510	523094	train2017/000000544738.jpg
1022.486328125	0.0	image/502	502	523513	train2017/000000120655.jpg
1023.302734375	0.0	image/527	527	523931	train2017/000000390120.jpg
1024.13671875	0.0	image/578	578	524358	train2017/000000401720.jpg
1024.935546875	0.0	image/550	550	524767	train2017/000000066014.jpg
1025.73046875	0.0	image/536	536	525174	train2017/000000196584.jpg
1026.537109375	0.0	image/597	597	525587	train2017/000000143245.jpg
1027.353515625	0.0	image/487	487	526005	train2017/000000115637.jpg
1028.169921875	0.0	image/528	528	526423	train2017/000000239828.jpg
1028.955078125	0.0	image/488	488	526825	train2017/000000115649.jpg
1029.765625	0.0	image/565	565	527240	train2017/000000197656.jpg
1030.5546875	0.0	image/515	515	527644	train2017/000000123692.jpg
1031.37109375	0.0	image/543	543	528062	train2017/000000131763.jpg
1032.154296875	0.0	image/548	548	528463	train2017/000000395775.jpg
1032.955078125	0.0	image/530	530	528873	train2017/000000391678.jpg
1033.73828125	0.0	image/571	571	529274	train2017/000000229233.jpg
1034.55078125	0.0	image/546	546	529690	train2017/000000133281.jpg
1035.33984375	0.0	image/517	517	530094	train2017/000000123891.jpg
1036.138671875	0.0	image/592	592	530503	train2017/000000504289.jpg
1036.951171875	0.0	image/555	555	530919	train2017/000000397192.jpg
1037.7734375	0.0	image/583	583	531340	train2017/000000198195.jpg
1038.556640625	0.0	image/534	534	531741	train2017/000000130681.jpg
1039.390625	0.0	image/491	491	532168	train2017/000000116603.jpg
1040.185546875	0.0	image/594	594	532575	train2017/000000404823.jpg
1041.0078125	0.0	image/534	534	532996	train2017/000000130681.jpg
1042.640625	0.0	image/598	598	533832	train2017/000000405437.jpg
1043.453125	0.0	image/506	506	534248	train2017/000000383641.jpg
1044.26953125	0.0	image/531	531	534666	train2017/000000391754.jpg
1045.091796875	0.0	image/518	518	535087	train2017/000000124711.jpg
1045.87109375	0.0	image/568	568	535486	train2017/000000399984.jpg
1046.6875	0.0	image/484	484	535904	train2017/000000114822.jpg
1047.458984375	0.0	image/510	510	536299	train2017/000000544738.jpg
1048.27734375	0.0	image/573	573	536718	train2017/000000138904.jpg
1049.076171875	0.0	image/492	492	537127	train2017/000000150636.jpg
1049.89453125	0.0	image/559	559	537546	train2017/000000135965.jpg
1050.673828125	0.0	image/486	486	537945	train2017/000000377703.jpg
1051.455078125	0.0	image/557	557	538345	train2017/000000022627.jpg
1052.2265625	0.0	image/559	559	538740	train2017/000000135965.jpg
1053.02734375	0.0	image/532	532	539150	train2017/000000130181.jpg
1054.64453125	0.0	image/554	554	539978	train2017/000000135032.jpg
1055.462890625	0.0	image/549	549	540397	train2017/000000197068.jpg
1056.2578125	0.0	image/496	496	540804	train2017/000000380989.jpg
1057.029296875	0.0	image/506	506	541199	train2017/000000383641.jpg
1057.86328125	0.0	image/590	590	541626	train2017/000000404007.jpg
1059.49609375	0.0	image/522	522	542462	train2017/000000125586.jpg
1061.11328125	0.0	image/577	577	543290	train2017/000000139561.jpg
1062.697265625	0.0	image/568	568	544101	train2017/000000399984.jpg
1063.513671875	0.0	image/570	570	544519	train2017/000000400581.jpg
1064.30859375	0.0	image/578	578	544926	train2017/000000401720.jpg
1065.115234375	0.0	image/526	526	545339	train2017/000000389582.jpg
1066.748046875	0.0	image/508	508	546175	train2017/000000413472.jpg
1067.55859375	0.0	image/556	556	546590	train2017/000000135316.jpg
1068.349609375	0.0	image/588	588	546995	train2017/000000403739.jpg
1069.9453125	0.0	image/582	582	547812	train2017/000000140590.jpg
1070.759765625	0.0	image/572	572	548229	train2017/000000138785.jpg
1072.396484375	0.0	image/594	594	549067	train2017/000000404823.jpg
1073.216796875	0.0	image/490	490	549487	train2017/000000116588.jpg
1074.833984375	0.0	image/544	544	550315	train2017/000000394008.jpg
1075.65234375	0.0	image/511	511	550734	train2017/000000122776.jpg
1076.447265625	0.0	image/490	490	551141	train2017/000000116588.jpg
1077.234375	0.0	image/525	525	551544	train2017/000000388980.jpg
1078.03515625	0.0	image/545	545	551954	train2017/000000131967.jpg
1078.8125	0.0	image/589	589	552352	train2017/000000403789.jpg
1079.580078125	0.0	image/564	564	552745	train2017/000000399162.jpg
1080.369140625	0.0	image/539	539	553149	train2017/000000131011.jpg
1081.15234375	0.0	image/517	517	553550	train2017/000000123891.jpg
1081.96484375	0.0	image/533	533	553966	train2017/000000392556.jpg
1082.75390625	0.0	image/524	524	554370	train2017/000000125725.jpg
1083.564453125	0.0	image/495	495	554785	train2017/000000380729.jpg
1084.365234375	0.0	image/499	499	555195	train2017/000000575164.jpg
1091.830078125	0.0	image/619	619	559017	train2017/000000149810.jpg
1092.6640625	0.0	image/706	706	559444	train2017/000000435902.jpg
1093.458984375	0.0	image/652	652	559851	train2017/000000113449.jpg
1094.263671875	0.0	image/678	678	560263	train2017/000000164502.jpg
1095.04296875	0.0	image/650	650	560662	train2017/000000419212.jpg
1095.865234375	0.0	image/708	708	561083	train2017/000000174213.jpg
1096.67578125	0.0	image/695	695	561498	train2017/000000284987.jpg
1097.46484375	0.0	image/700	700	561902	train2017/000000170968.jpg
1098.28125	0.0	image/666	666	562320	train2017/000000161062.jpg
1099.060546875	0.0	image/615	615	562719	train2017/000000148263.jpg
1099.876953125	0.0	image/679	679	563137	train2017/000000164564.jpg
1100.650390625	0.0	image/662	662	563533	train2017/000000160181.jpg
1101.4296875	0.0	image/665	665	563932	train2017/000000160735.jpg
1102.2265625	0.0	image/696	696	564340	train2017/000000028367.jpg
1103.05078125	0.0	image/710	710	564762	train2017/000000436578.jpg
1103.84375	0.0	image/644	644	565168	train2017/000000154207.jpg
1104.64453125	0.0	image/690	690	565578	train2017/000000043829.jpg
1105.43359375	0.0	image/635	635	565982	train2017/000000152328.jpg
1106.267578125	0.0	image/626	626	566409	train2017/000000412922.jpg
1107.083984375	0.0	image/647	647	566827	train2017/000000417264.jpg
1107.880859375	0.0	image/649	649	567235	train2017/000000418115.jpg
1108.6953125	0.0	image/683	683	567652	train2017/000000428605.jpg
1109.501953125	0.0	image/607	607	568065	train2017/000000461187.jpg
1110.302734375	0.0	image/614	614	568475	train2017/000000147694.jpg
1111.103515625	0.0	image/713	713	568885	train2017/000000291280.jpg
1111.9140625	0.0	image/626	626	569300	train2017/000000412922.jpg
1112.697265625	0.0	image/603	603	569701	train2017/000000144193.jpg
1113.466796875	0.0	image/621	621	570095	train2017/000000150196.jpg
1114.25390625	0.0	image/603	603	570498	train2017/000000144193.jpg
1115.0703125	0.0	image/682	682	570916	train2017/000000014269.jpg
1115.904296875	0.0	image/679	679	571343	train2017/000000164564.jpg
1116.681640625	0.0	image/646	646	571741	train2017/000000417141.jpg
1117.498046875	0.0	image/706	706	572159	train2017/000000435902.jpg
1118.3046875	0.0	image/633	633	572572	train2017/000000414176.jpg
1119.1171875	0.0	image/717	717	572988	train2017/000000438154.jpg
1120.72265625	0.0	image/674	674	573810	train2017/000000425135.jpg
1121.505859375	0.0	image/601	601	574211	train2017/000000143594.jpg
1122.30078125	0.0	image/624	624	574618	train2017/000000412857.jpg
1123.10546875	0.0	image/606	606	575030	train2017/000000407778.jpg
1123.90625	0.0	image/701	701	575440	train2017/000000079701.jpg
1124.72265625	0.0	image/708	708	575858	train2017/000000174213.jpg
1125.5234375	0.0	image/639	639	576268	train2017/000000415026.jpg
1126.306640625	0.0	image/673	673	576669	train2017/000000424138.jpg
1127.890625	0.0	image/623	623	577480	train2017/000000412855.jpg
1128.66796875	0.0	image/646	646	577878	train2017/000000417141.jpg
1129.458984375	0.0	image/630	630	578283	train2017/000000462134.jpg
1131.109375	0.0	image/636	636	579128	train2017/000000549729.jpg
1131.92578125	0.0	image/712	712	579546	train2017/000000174522.jpg
1132.755859375	0.0	image/653	653	579971	train2017/000000157119.jpg
1133.54296875	0.0	image/695	695	580374	train2017/000000284987.jpg
1134.353515625	0.0	image/651	651	580789	train2017/000000156084.jpg
1135.13671875	0.0	image/654	654	581190	train2017/000000157125.jpg
1135.943359375	0.0	image/648	648	581603	train2017/000000417700.jpg
1136.744140625	0.0	image/629	629	582013	train2017/000000151307.jpg
1137.560546875	0.0	image/655	655	582431	train2017/000000157181.jpg
1138.37109375	0.0	image/688	688	582846	train2017/000000166764.jpg
1139.171875	0.0	image/615	615	583256	train2017/000000148263.jpg
1139.939453125	0.0	image/616	616	583649	train2017/000000149221.jpg
1140.744140625	0.0	image/634	634	584061	train2017/000000152273.jpg
1141.572265625	0.0	image/703	703	584485	train2017/000000171374.jpg
1142.34375	0.0	image/661	661	584880	train2017/000000160142.jpg
1143.12890625	0.0	image/674	674	585282	train2017/000000425135.jpg
1143.912109375	0.0	image/628	628	585683	train2017/000000151163.jpg
1144.744140625	0.0	image/707	707	586109	train2017/000000173987.jpg
1145.546875	0.0	image/624	624	586520	train2017/000000412857.jpg
1146.35546875	0.0	image/656	656	586934	train2017/000000157342.jpg
1147.1640625	0.0	image/638	638	587348	train2017/000000414853.jpg
1148.830078125	0.0	image/694	694	588201	train2017/000000431825.jpg
1149.61328125	0.0	image/704	704	588602	train2017/000000420713.jpg
1150.41015625	0.0	image/719	719	589010	train2017/000000438751.jpg
1151.21484375	0.0	image/696	696	589422	train2017/000000028367.jpg
1152.025390625	0.0	image/702	702	589837	train2017/000000171328.jpg
1152.814453125	0.0	image/693	693	590241	train2017/000000431764.jpg
1153.6484375	0.0	image/659	659	590668	train2017/000000159680.jpg
1154.42578125	0.0	image/661	661	591066	train2017/000000160142.jpg
1155.216796875	0.0	image/671	671	591471	train2017/000000161836.jpg
1156.0	0.0	image/715	715	591872	train2017/000000175715.jpg
1156.833984375	0.0	image/639	639	592299	train2017/000000415026.jpg
1157.650390625	0.0	image/673	673	592717	train2017/000000424138.jpg
1158.43359375	0.0	image/680	680	593118	train2017/000000485595.jpg
1159.244140625	0.0	image/676	676	593533	train2017/000000163263.jpg
1160.017578125	0.0	image/689	689	593929	train2017/000000508456.jpg
1160.818359375	0.0	image/662	662	594339	train2017/000000160181.jpg
1161.64453125	0.0	image/692	692	594762	train2017/000000169262.jpg
1162.435546875	0.0	image/658	658	595167	train2017/000000563961.jpg
1163.212890625	0.0	image/677	677	595565	train2017/000000425712.jpg
1164.818359375	0.0	image/607	607	596387	train2017/000000461187.jpg
1165.6015625	0.0	image/715	715	596788	train2017/000000175715.jpg
1166.40234375	0.0	image/618	618	597198	train2017/000000149791.jpg
1167.236328125	0.0	image/666	666	597625	train2017/000000161062.jpg
1168.013671875	0.0	image/711	711	598023	train2017/000000174504.jpg
1168.787109375	0.0	image/685	685	598419	train2017/000000166504.jpg
1169.62109375	0.0	image/617	617	598846	train2017/000000411475.jpg
1170.396484375	0.0	image/710	710	599243	train2017/000000436578.jpg
1171.1875	0.0	image/691	691	599648	train2017/000000168690.jpg
1171.966796875	0.0	image/608	608	600047	train2017/000000024287.jpg
1172.787109375	0.0	image/602	602	600467	train2017/000000406292.jpg
1173.587890625	0.0	image/701	701	600877	train2017/000000079701.jpg
1174.404296875	0.0	image/709	709	601295	train2017/000000174303.jpg
1175.18359375	0.0	image/625	625	601694	train2017/000000369367.jpg
1175.984375	0.0	image/664	664	602104	train2017/000000551063.jpg
1176.771484375	0.0	image/616	616	602507	train2017/000000149221.jpg
1177.583984375	0.0	image/602	602	602923	train2017/000000406292.jpg
1178.349609375	0.0	image/672	672	603315	train2017/000000424110.jpg
1179.173828125	0.0	image/697	697	603737	train2017/000000433019.jpg
1179.95703125	0.0	image/641	641	604138	train2017/000000415608.jpg
1180.767578125	0.0	image/608	608	604553	train2017/000000024287.jpg
1181.57421875	0.0	image/611	611	604966	train2017/000000408922.jpg
1183.19140625	0.0	image/675	675	605794	train2017/000000163250.jpg
1184.7578125	0.0	image/642	642	606596	train2017/000000154011.jpg
1185.55859375	0.0	image/617	617	607006	train2017/000000411475.jpg
1187.158203125	0.0	image/683	683	607825	train2017/000000428605.jpg
1187.9921875	0.0	image/699	699	608252	train2017/000000170917.jpg
1188.79296875	0.0	image/612	612	608662	train2017/000000408965.jpg
1189.5703125	0.0	image/680	680	609060	train2017/000000485595.jpg
1190.376953125	0.0	image/677	677	609473	train2017/000000425712.jpg
1191.16015625	0.0	image/630	630	609874	train2017/000000462134.jpg
1191.943359375	0.0	image/613	613	610275	train2017/000000147331.jpg
1192.744140625	0.0	image/640	640	610685	train2017/000000162230.jpg
1193.544921875	0.0	image/699	699	611095	train2017/000000170917.jpg
1194.35546875	0.0	image/705	705	611510	train2017/000000028930.jpg
1195.927734375	0.0	image/628	628	612315	train2017/000000151163.jpg
1196.755859375	0.0	image/642	642	612739	train2017/000000154011.jpg
1197.5234375	0.0	image/660	660	613132	train2017/000000422268.jpg
1199.146484375	0.0	image/676	676	613963	train2017/000000163263.jpg
1199.962890625	0.0	image/703	703	614381	train2017/000000171374.jpg
1200.796875	0.0	image/707	707	614808	train2017/000000173987.jpg
1201.60546875	0.0	image/669	669	615222	train2017/000000161328.jpg
1202.40625	0.0	image/686	686	615632	train2017/000000428691.jpg
1203.197265625	0.0	image/614	614	616037	train2017/000000147694.jpg
1204.03125	0.0	image/620	620	616464	train2017/000000153394.jpg
1204.82421875	0.0	image/663	663	616870	train2017/000000463620.jpg
1206.4140625	0.0	image/685	685	617684	train2017/000000166504.jpg
1207.2265625	0.0	image/690	690	618100	train2017/000000043829.jpg
1208.013671875	0.0	image/604	604	618503	train2017/000000406445.jpg
1208.798828125	0.0	image/619	619	618905	train2017/000000149810.jpg
1209.58203125	0.0	image/668	668	619306	train2017/000000423222.jpg
1211.232421875	0.0	image/704	704	620151	train2017/000000420713.jpg
1212.046875	0.0	image/609	609	620568	train2017/000000504888.jpg
1212.8671875	0.0	image/620	620	620988	train2017/000000153394.jpg
1213.650390625	0.0	image/654	654	621389	train2017/000000157125.jpg
1214.4453125	0.0	image/641	641	621796	train2017/000000415608.jpg
1215.25	0.0	image/638	638	622208	train2017/000000414853.jpg
1216.078125	0.0	image/713	713	622632	train2017/000000291280.jpg
1216.884765625	0.0	image/621	621	623045	train2017/000000150196.jpg
1218.46875	0.0	image/670	670	623856	train2017/000000423488.jpg
1219.251953125	0.0	image/622	622	624257	train2017/000000150559.jpg
1220.052734375	0.0	image/631	631	624667	train2017/000000151414.jpg
1220.88671875	0.0	image/670	670	625094	train2017/000000423488.jpg
1221.685546875	0.0	image/629	629	625503	train2017/000000151307.jpg
1222.46875	0.0	image/717	717	625904	train2017/000000438154.jpg
1224.09765625	0.0	image/622	622	626738	train2017/000000150559.jpg
1225.75390625	0.0	image/719	719	627586	train2017/000000438751.jpg
1226.564453125	0.0	image/686	686	628001	train2017/000000428691.jpg
1227.37109375	0.0	image/678	678	628414	train2017/000000164502.jpg
1228.1484375	0.0	image/714	714	628812	train2017/000000437516.jpg
1229.755859375	0.0	image/657	657	629635	train2017/000000419586.jpg
1230.58203125	0.0	image/694	694	630058	train2017/000000431825.jpg
1231.373046875	0.0	image/627	627	630463	train2017/000000150931.jpg
1232.18359375	0.0	image/684	684	630878	train2017/000000166489.jpg
1232.986328125	0.0	image/698	698	631289	train2017/000000433021.jpg
1233.755859375	0.0	image/627	627	631683	train2017/000000150931.jpg
1234.58203125	0.0	image/691	691	632106	train2017/000000168690.jpg
1235.390625	0.0	image/643	643	632520	train2017/000000416279.jpg
1236.220703125	0.0	image/610	610	632945	train2017/000000146256.jpg
1237.03515625	0.0	image/709	709	633362	train2017/000000174303.jpg
1237.818359375	0.0	image/645	645	633763	train2017/000000416972.jpg
1238.640625	0.0	image/689	689	634184	train2017/000000508456.jpg
1239.45703125	0.0	image/718	718	634602	train2017/000000176085.jpg
1240.2421875	0.0	image/667	667	635004	train2017/000000423209.jpg
1241.041015625	0.0	image/712	712	635413	train2017/000000174522.jpg
1241.875	0.0	image/665	665	635840	train2017/000000160735.jpg
1242.703125	0.0	image/601	601	636264	train2017/000000143594.jpg
1243.4921875	0.0	image/634	634	636668	train2017/000000152273.jpg
1244.26953125	0.0	image/682	682	637066	train2017/000000014269.jpg
1245.076171875	0.0	image/652	652	637479	train2017/000000113449.jpg
1245.876953125	0.0	image/656	656	637889	train2017/000000157342.jpg
1246.66015625	0.0	image/631	631	638290	train2017/000000151414.jpg
1247.443359375	0.0	image/632	632	638691	train2017/000000068996.jpg
1249.044921875	0.0	image/669	669	639511	train2017/000000161328.jpg
1249.822265625	0.0	image/718	718	639909	train2017/000000176085.jpg
1250.642578125	0.0	image/606	606	640329	train2017/000000407778.jpg
1251.458984375	0.0	image/663	663	640747	train2017/000000463620.jpg
1252.244140625	0.0	image/632	632	641149	train2017/000000068996.jpg
1253.025390625	0.0	image/650	650	641549	train2017/000000419212.jpg
1253.845703125	0.0	image/660	660	641969	train2017/000000422268.jpg
1254.62890625	0.0	image/637	637	642370	train2017/000000506039.jpg
1255.408203125	0.0	image/700	700	642769	train2017/000000170968.jpg
1256.98046875	0.0	image/645	645	643574	train2017/000000416972.jpg
1257.806640625	0.0	image/705	705	643997	train2017/000000028930.jpg
1258.61328125	0.0	image/651	651	644410	train2017/000000156084.jpg
1259.427734375	0.0	image/692	692	644827	train2017/000000169262.jpg
1260.263671875	0.0	image/633	633	645255	train2017/000000414176.jpg
1261.041015625	0.0	image/711	711	645653	train2017/000000174504.jpg
1262.591796875	0.0	image/657	657	646447	train2017/000000419586.jpg
1263.416015625	0.0	image/610	610	646869	train2017/000000146256.jpg
1264.21484375	0.0	image/687	687	647278	train2017/000000428726.jpg
1265.03125	0.0	image/635	635	647696	train2017/000000152328.jpg
1266.59375	0.0	image/659	659	648496	train2017/000000159680.jpg
1267.3671875	0.0	image/702	702	648892	train2017/000000171328.jpg
1268.18359375	0.0	image/681	681	649310	train2017/000000427729.jpg
1268.994140625	0.0	image/688	688	649725	train2017/000000166764.jpg
1269.81640625	0.0	image/647	647	650146	train2017/000000417264.jpg
1271.451171875	0.0	image/609	609	650983	train2017/000000504888.jpg
1272.267578125	0.0	image/636	636	651401	train2017/000000549729.jpg
1273.884765625	0.0	image/655	655	652229	train2017/000000157181.jpg
1274.712890625	0.0	image/637	637	652653	train2017/000000506039.jpg
1275.53515625	0.0	image/720	720	653074	train2017/000000176728.jpg
1276.34765625	0.0	image/605	605	653490	train2017/000000406595.jpg
1277.13671875	0.0	image/658	658	653894	train2017/000000563961.jpg
1277.9453125	0.0	image/716	716	654308	train2017/000000437967.jpg
1278.736328125	0.0	image/684	684	654713	train2017/000000166489.jpg
1279.552734375	0.0	image/648	648	655131	train2017/000000417700.jpg
1280.380859375	0.0	image/611	611	655555	train2017/000000408922.jpg
1281.1875	0.0	image/697	697	655968	train2017/000000433019.jpg
1281.96484375	0.0	image/716	716	656366	train2017/000000437967.jpg
1282.732421875	0.0	image/693	693	656759	train2017/000000431764.jpg
1283.552734375	0.0	image/681	681	657179	train2017/000000427729.jpg
1284.3828125	0.0	image/613	613	657604	train2017/000000147331.jpg
1285.154296875	0.0	image/623	623	657999	train2017/000000412855.jpg
1285.97265625	0.0	image/612	612	658418	train2017/000000408965.jpg
1287.5546875	0.0	image/640	640	659228	train2017/000000162230.jpg
1288.373046875	0.0	image/625	625	659647	train2017/000000369367.jpg
1289.18359375	0.0	image/672	672	660062	train2017/000000424110.jpg
1289.96484375	0.0	image/644	644	660462	train2017/000000154207.jpg
1290.7734375	0.0	image/605	605	660876	train2017/000000406595.jpg
1291.6015625	0.0	image/714	714	661300	train2017/000000437516.jpg
1292.3671875	0.0	image/720	720	661692	train2017/000000176728.jpg
1293.173828125	0.0	image/604	604	662105	train2017/000000406445.jpg
1293.974609375	0.0	image/649	649	662515	train2017/000000418115.jpg
1295.607421875	0.0	image/653	653	663351	train2017/000000157119.jpg
1296.384765625	0.0	image/664	664	663749	train2017/000000551063.jpg
1297.19140625	0.0	image/687	687	664162	train2017/000000428726.jpg
1297.9921875	0.0	image/668	668	664572	train2017/000000423222.jpg
1298.79296875	0.0	image/643	643	664982	train2017/000000416279.jpg
1299.625	0.0	image/667	667	665408	train2017/000000423209.jpg
1300.4375	0.0	image/675	675	665824	train2017/000000163250.jpg
1301.2421875	0.0	image/698	698	666236	train2017/000000433021.jpg
1302.04296875	0.0	image/671	671	666646	train2017/000000161836.jpg
1302.853515625	0.0	image/618	618	667061	train2017/000000149791.jpg
1309.462890625	0.0	image/789	789	670445	train2017/000000455657.jpg
1310.283203125	0.0	image/798	798	670865	train2017/000000196365.jpg
1311.064453125	0.0	image/769	769	671265	train2017/000000189893.jpg
1311.8828125	0.0	image/806	806	671684	train2017/000000198319.jpg
1312.68359375	0.0	image/837	837	672094	train2017/000000208805.jpg
1313.466796875	0.0	image/754	754	672495	train2017/000000185888.jpg
1314.267578125	0.0	image/817	817	672905	train2017/000000202805.jpg
1315.05078125	0.0	image/735	735	673306	train2017/000000180410.jpg
1315.861328125	0.0	image/774	774	673721	train2017/000000191005.jpg
1316.650390625	0.0	image/764	764	674125	train2017/000000450903.jpg
1317.484375	0.0	image/752	752	674552	train2017/000000036151.jpg
1318.26171875	0.0	image/739	739	674950	train2017/000000443575.jpg
1319.0625	0.0	image/753	753	675360	train2017/000000006178.jpg
1319.8359375	0.0	image/829	829	675756	train2017/000000206467.jpg
1321.435546875	0.0	image/780	780	676575	train2017/000000192576.jpg
1322.251953125	0.0	image/822	822	676993	train2017/000000466265.jpg
1323.080078125	0.0	image/780	780	677417	train2017/000000192576.jpg
1323.84765625	0.0	image/808	808	677810	train2017/000000461428.jpg
1324.654296875	0.0	image/732	732	678223	train2017/000000179480.jpg
1326.287109375	0.0	image/789	789	679059	train2017/000000455657.jpg
1327.0703125	0.0	image/839	839	679460	train2017/000000209229.jpg
1327.880859375	0.0	image/729	729	679875	train2017/000000179019.jpg
1328.6875	0.0	image/803	803	680288	train2017/000000197401.jpg
1329.515625	0.0	image/798	798	680712	train2017/000000196365.jpg
1330.28515625	0.0	image/723	723	681106	train2017/000000439241.jpg
1331.072265625	0.0	image/742	742	681509	train2017/000000181837.jpg
1331.8828125	0.0	image/815	815	681924	train2017/000000202050.jpg
1333.47265625	0.0	image/793	793	682738	train2017/000000338439.jpg
1334.283203125	0.0	image/735	735	683153	train2017/000000180410.jpg
1335.107421875	0.0	image/825	825	683575	train2017/000000467646.jpg
1335.93359375	0.0	image/794	794	683998	train2017/000000195650.jpg
1336.703125	0.0	image/838	838	684392	train2017/000000208849.jpg
1337.490234375	0.0	image/767	767	684795	train2017/000000189794.jpg
1338.318359375	0.0	image/801	801	685219	train2017/000000459190.jpg
1339.125	0.0	image/806	806	685632	train2017/000000198319.jpg
1339.951171875	0.0	image/743	743	686055	train2017/000000189388.jpg
1340.736328125	0.0	image/791	791	686457	train2017/000000194054.jpg
1341.50390625	0.0	image/762	762	686850	train2017/000000188660.jpg
1342.29296875	0.0	image/721	721	687254	train2017/000000176873.jpg
1343.091796875	0.0	image/766	766	687663	train2017/000000451680.jpg
1343.87109375	0.0	image/722	722	688062	train2017/000000073172.jpg
1345.4921875	0.0	image/750	750	688892	train2017/000000447182.jpg
1346.287109375	0.0	image/751	751	689299	train2017/000000185225.jpg
1347.076171875	0.0	image/741	741	689703	train2017/000000443940.jpg
1347.876953125	0.0	image/744	744	690113	train2017/000000182799.jpg
1348.671875	0.0	image/749	749	690520	train2017/000000447130.jpg
1350.27734375	0.0	image/796	796	691342	train2017/000000338501.jpg
1351.07421875	0.0	image/773	773	691750	train2017/000000303133.jpg
1351.87890625	0.0	image/733	733	692162	train2017/000000179914.jpg
1352.70703125	0.0	image/809	809	692586	train2017/000000462505.jpg
1353.474609375	0.0	image/765	765	692979	train2017/000000450914.jpg
1354.296875	0.0	image/822	822	693400	train2017/000000466265.jpg
1355.123046875	0.0	image/727	727	693823	train2017/000000440792.jpg
1355.9296875	0.0	image/809	809	694236	train2017/000000462505.jpg
1356.724609375	0.0	image/828	828	694643	train2017/000000468394.jpg
1357.513671875	0.0	image/756	756	695047	train2017/000000448401.jpg
1358.298828125	0.0	image/726	726	695449	train2017/000000178423.jpg
1359.091796875	0.0	image/821	821	695855	train2017/000000077686.jpg
1359.9140625	0.0	image/834	834	696276	train2017/000000469816.jpg
1360.73046875	0.0	image/775	775	696694	train2017/000000453221.jpg
1361.525390625	0.0	image/801	801	697101	train2017/000000459190.jpg
1363.15625	0.0	image/770	770	697936	train2017/000000452341.jpg
1363.92578125	0.0	image/833	833	698330	train2017/000000207549.jpg
1364.734375	0.0	image/774	774	698744	train2017/000000191005.jpg
1366.298828125	0.0	image/738	738	699545	train2017/000000204969.jpg
1367.1328125	0.0	image/815	815	699972	train2017/000000202050.jpg
1367.94140625	0.0	image/760	760	700386	train2017/000000276853.jpg
1368.75	0.0	image/840	840	700800	train2017/000000471871.jpg
1369.58203125	0.0	image/727	727	701226	train2017/000000440792.jpg
1370.36328125	0.0	image/776	776	701626	train2017/000000468771.jpg
1371.16796875	0.0	image/769	769	702038	train2017/000000189893.jpg
1371.951171875	0.0	image/743	743	702439	train2017/000000189388.jpg
1372.78515625	0.0	image/729	729	702866	train2017/000000179019.jpg
1373.568359375	0.0	image/821	821	703267	train2017/000000077686.jpg
1374.36328125	0.0	image/731	731	703674	train2017/000000179034.jpg
1375.146484375	0.0	image/827	827	704075	train2017/000000296474.jpg
1375.96875	0.0	image/755	755	704496	train2017/000000055764.jpg
1376.796875	0.0	image/749	749	704920	train2017/000000447130.jpg
1377.619140625	0.0	image/765	765	705341	train2017/000000450914.jpg
1378.4140625	0.0	image/800	800	705748	train2017/000000458616.jpg
1379.197265625	0.0	image/759	759	706149	train2017/000000449914.jpg
1379.986328125	0.0	image/814	814	706553	train2017/000000201969.jpg
1380.78125	0.0	image/754	754	706960	train2017/000000185888.jpg
1381.564453125	0.0	image/838	838	707361	train2017/000000208849.jpg
1382.353515625	0.0	image/731	731	707765	train2017/000000179034.jpg
1383.1484375	0.0	image/786	786	708172	train2017/000000193023.jpg
1383.955078125	0.0	image/764	764	708585	train2017/000000450903.jpg
1384.7890625	0.0	image/762	762	709012	train2017/000000188660.jpg
1385.60546875	0.0	image/758	758	709430	train2017/000000186828.jpg
1386.384765625	0.0	image/791	791	709829	train2017/000000194054.jpg
1387.189453125	0.0	image/758	758	710241	train2017/000000186828.jpg
1388.806640625	0.0	image/734	734	711069	train2017/000000442489.jpg
1390.390625	0.0	image/802	802	711880	train2017/000000197118.jpg
1392.0234375	0.0	image/763	763	712716	train2017/000000450864.jpg
1392.802734375	0.0	image/830	830	713115	train2017/000000468825.jpg
1393.640625	0.0	image/824	824	713544	train2017/000000204806.jpg
1394.474609375	0.0	image/728	728	713971	train2017/000000395740.jpg
1395.2578125	0.0	image/799	799	714372	train2017/000000196368.jpg
1396.052734375	0.0	image/832	832	714779	train2017/000000203615.jpg
1396.875	0.0	image/826	826	715200	train2017/000000205875.jpg
1397.654296875	0.0	image/831	831	715599	train2017/000000469445.jpg
1398.435546875	0.0	image/781	781	715999	train2017/000000192631.jpg
1399.236328125	0.0	image/826	826	716409	train2017/000000205875.jpg
1400.009765625	0.0	image/796	796	716805	train2017/000000338501.jpg
1401.58984375	0.0	image/804	804	717614	train2017/000000460236.jpg
1402.392578125	0.0	image/739	739	718025	train2017/000000443575.jpg
1403.17578125	0.0	image/816	816	718426	train2017/000000464616.jpg
1403.986328125	0.0	image/810	810	718841	train2017/000000200391.jpg
1404.810546875	0.0	image/746	746	719263	train2017/000000445726.jpg
1405.587890625	0.0	image/768	768	719661	train2017/000000189888.jpg
1406.40625	0.0	image/755	755	720080	train2017/000000055764.jpg
1407.177734375	0.0	image/757	757	720475	train2017/000000442666.jpg
1408.01171875	0.0	image/790	790	720902	train2017/000000455799.jpg
1408.822265625	0.0	image/778	778	721317	train2017/000000191686.jpg
1409.640625	0.0	image/775	775	721736	train2017/000000453221.jpg
1410.423828125	0.0	image/732	732	722137	train2017/000000179480.jpg
1411.23046875	0.0	image/786	786	722550	train2017/000000193023.jpg
1412.830078125	0.0	image/813	813	723369	train2017/000000557920.jpg
1413.630859375	0.0	image/767	767	723779	train2017/000000189794.jpg
1415.248046875	0.0	image/730	730	724607	train2017/000000441172.jpg
1416.04296875	0.0	image/737	737	725014	train2017/000000443377.jpg
1416.82421875	0.0	image/782	782	725414	train2017/000000454830.jpg
1417.64453125	0.0	image/751	751	725834	train2017/000000185225.jpg
1419.224609375	0.0	image/787	787	726643	train2017/000000193318.jpg
1420.001953125	0.0	image/733	733	727041	train2017/000000179914.jpg
1420.798828125	0.0	image/782	782	727449	train2017/000000454830.jpg
1421.611328125	0.0	image/784	784	727865	train2017/000000455020.jpg
1422.416015625	0.0	image/792	792	728277	train2017/000000194108.jpg
1423.193359375	0.0	image/756	756	728675	train2017/000000448401.jpg
1424.0	0.0	image/728	728	729088	train2017/000000395740.jpg
1424.794921875	0.0	image/824	824	729495	train2017/000000204806.jpg
1425.599609375	0.0	image/724	724	729907	train2017/000000178031.jpg
1426.41796875	0.0	image/738	738	730326	train2017/000000204969.jpg
1427.1953125	0.0	image/787	787	730724	train2017/000000193318.jpg
1427.96484375	0.0	image/830	830	731118	train2017/000000468825.jpg
1428.80078125	0.0	image/736	736	731546	train2017/000000180609.jpg
1429.611328125	0.0	image/834	834	731961	train2017/000000469816.jpg
1431.236328125	0.0	image/773	773	732793	train2017/000000303133.jpg
1432.068359375	0.0	image/808	808	733219	train2017/000000461428.jpg
1432.8515625	0.0	image/740	740	733620	train2017/000000161354.jpg
1434.4765625	0.0	image/771	771	734452	train2017/000000190271.jpg
1435.296875	0.0	image/783	783	734872	train2017/000000454915.jpg
1436.087890625	0.0	image/835	835	735277	train2017/000000129143.jpg
1436.9140625	0.0	image/813	813	735700	train2017/000000557920.jpg
1437.73828125	0.0	image/840	840	736122	train2017/000000471871.jpg
1438.521484375	0.0	image/772	772	736523	train2017/000000190487.jpg
1439.35546875	0.0	image/820	820	736950	train2017/000000203937.jpg
1440.1484375	0.0	image/807	807	737356	train2017/000000397815.jpg
1440.931640625	0.0	image/772	772	737757	train2017/000000190487.jpg
1441.732421875	0.0	image/778	778	738167	train2017/000000191686.jpg
1442.5390625	0.0	image/742	742	738580	train2017/000000181837.jpg
1443.333984375	0.0	image/792	792	738987	train2017/000000194108.jpg
1444.138671875	0.0	image/800	800	739399	train2017/000000458616.jpg
1444.923828125	0.0	image/812	812	739801	train2017/000000201758.jpg
1445.70703125	0.0	image/795	795	740202	train2017/000000195768.jpg
1446.501953125	0.0	image/831	831	740609	train2017/000000469445.jpg
1447.28515625	0.0	image/725	725	741010	train2017/000000440334.jpg
1448.08984375	0.0	image/747	747	741422	train2017/000000183719.jpg
1448.884765625	0.0	image/807	807	741829	train2017/000000397815.jpg
1449.673828125	0.0	image/818	818	742233	train2017/000000465412.jpg
1450.474609375	0.0	image/799	799	742643	train2017/000000196368.jpg
1451.28515625	0.0	image/785	785	743058	train2017/000000119550.jpg
1452.052734375	0.0	image/797	797	743451	train2017/000000458178.jpg
1452.82421875	0.0	image/744	744	743846	train2017/000000182799.jpg
1453.609375	0.0	image/730	730	744248	train2017/000000441172.jpg
1455.2109375	0.0	image/741	741	745068	train2017/000000443940.jpg
1456.041015625	0.0	image/788	788	745493	train2017/000000193373.jpg
1456.826171875	0.0	image/784	784	745895	train2017/000000455020.jpg
1457.619140625	0.0	image/759	759	746301	train2017/000000449914.jpg
1459.205078125	0.0	image/825	825	747113	train2017/000000467646.jpg
1459.974609375	0.0	image/823	823	747507	train2017/000000204422.jpg
1460.794921875	0.0	image/833	833	747927	train2017/000000207549.jpg
1461.60546875	0.0	image/761	761	748342	train2017/000000188225.jpg
1462.39453125	0.0	image/726	726	748746	train2017/000000178423.jpg
1463.205078125	0.0	image/724	724	749161	train2017/000000178031.jpg
1463.990234375	0.0	image/823	823	749563	train2017/000000204422.jpg
1464.794921875	0.0	image/763	763	749975	train2017/000000450864.jpg
1465.607421875	0.0	image/721	721	750391	train2017/000000176873.jpg
1466.37890625	0.0	image/771	771	750786	train2017/000000190271.jpg
1467.1796875	0.0	image/779	779	751196	train2017/000000191740.jpg
1467.99609375	0.0	image/776	776	751614	train2017/000000468771.jpg
1468.79296875	0.0	image/761	761	752022	train2017/000000188225.jpg
1469.59765625	0.0	image/777	777	752434	train2017/000000453682.jpg
1470.392578125	0.0	image/818	818	752841	train2017/000000465412.jpg
1471.19140625	0.0	image/795	795	753250	train2017/000000195768.jpg
1472.013671875	0.0	image/760	760	753671	train2017/000000276853.jpg
1472.826171875	0.0	image/820	820	754087	train2017/000000203937.jpg
1473.630859375	0.0	image/725	725	754499	train2017/000000440334.jpg
1474.427734375	0.0	image/828	828	754907	train2017/000000468394.jpg
1475.193359375	0.0	image/781	781	755299	train2017/000000192631.jpg
1475.998046875	0.0	image/805	805	755711	train2017/000000460408.jpg
1476.81640625	0.0	image/783	783	756130	train2017/000000454915.jpg
1478.400390625	0.0	image/839	839	756941	train2017/000000209229.jpg
1479.18359375	0.0	image/777	777	757342	train2017/000000453682.jpg
1480.017578125	0.0	image/814	814	757769	train2017/000000201969.jpg
1480.80078125	0.0	image/835	835	758170	train2017/000000129143.jpg
1481.611328125	0.0	image/827	827	758585	train2017/000000296474.jpg
1482.37890625	0.0	image/811	811	758978	train2017/000000201722.jpg
1483.150390625	0.0	image/722	722	759373	train2017/000000073172.jpg
1483.984375	0.0	image/740	740	759800	train2017/000000161354.jpg
1485.544921875	0.0	image/810	810	760599	train2017/000000200391.jpg
1486.3359375	0.0	image/734	734	761004	train2017/000000442489.jpg
1487.15234375	0.0	image/805	805	761422	train2017/000000460408.jpg
1487.986328125	0.0	image/748	748	761849	train2017/000000184822.jpg
1488.76953125	0.0	image/819	819	762250	train2017/000000298139.jpg
1489.564453125	0.0	image/768	768	762657	train2017/000000189888.jpg
1490.380859375	0.0	image/746	746	763075	train2017/000000445726.jpg
1491.166015625	0.0	image/832	832	763477	train2017/000000203615.jpg
1491.94921875	0.0	image/757	757	763878	train2017/000000442666.jpg
1492.720703125	0.0	image/785	785	764273	train2017/000000119550.jpg
1493.521484375	0.0	image/752	752	764683	train2017/000000036151.jpg
1494.33203125	0.0	image/748	748	765098	train2017/000000184822.jpg
1495.138671875	0.0	image/788	788	765511	train2017/000000193373.jpg
1495.966796875	0.0	image/770	770	765935	train2017/000000452341.jpg
1496.76953125	0.0	image/829	829	766346	train2017/000000206467.jpg
1497.5546875	0.0	image/736	736	766748	train2017/000000180609.jpg
1498.337890625	0.0	image/837	837	767149	train2017/000000208805.jpg
1499.1328125	0.0	image/745	745	767556	train2017/000000445351.jpg
1499.90234375	0.0	image/750	750	767950	train2017/000000447182.jpg
1500.72265625	0.0	image/797	797	768370	train2017/000000458178.jpg
1501.55078125	0.0	image/802	802	768794	train2017/000000197118.jpg
1503.134765625	0.0	image/793	793	769605	train2017/000000338439.jpg
1503.94140625	0.0	image/723	723	770018	train2017/000000439241.jpg
1504.724609375	0.0	image/816	816	770419	train2017/000000464616.jpg
1505.50390625	0.0	image/753	753	770818	train2017/000000006178.jpg
1506.275390625	0.0	image/737	737	771213	train2017/000000443377.jpg
1507.068359375	0.0	image/747	747	771619	train2017/000000183719.jpg
1508.708984375	0.0	image/745	745	772459	train2017/000000445351.jpg
1509.509765625	0.0	image/819	819	772869	train2017/000000298139.jpg
1510.33984375	0.0	image/817	817	773294	train2017/000000202805.jpg
1511.12109375	0.0	image/836	836	773694	train2017/000000470907.jpg
1511.92578125	0.0	image/804	804	774106	train2017/000000460236.jpg
1512.744140625	0.0	image/766	766	774525	train2017/000000451680.jpg
1513.576171875	0.0	image/812	812	774951	train2017/000000201758.jpg
1515.193359375	0.0	image/779	779	775779	train2017/000000191740.jpg
1515.9765625	0.0	image/803	803	776180	train2017/000000197401.jpg
1516.755859375	0.0	image/790	790	776579	train2017/000000455799.jpg
1518.322265625	0.0	image/836	836	777381	train2017/000000470907.jpg
1519.095703125	0.0	image/811	811	777777	train2017/000000201722.jpg
1519.888671875	0.0	image/794	794	778183	train2017/000000195650.jpg
1527.255859375	0.0	image/848	848	781955	train2017/000000474353.jpg
1528.0703125	0.0	image/843	843	782372	train2017/000000210065.jpg
1528.849609375	0.0	image/903	903	782771	train2017/000000227451.jpg
1529.634765625	0.0	image/946	946	783173	train2017/000000501867.jpg
1530.421875	0.0	image/876	876	783576	train2017/000000482912.jpg
1531.240234375	0.0	image/846	846	783995	train2017/000000474024.jpg
1532.052734375	0.0	image/905	905	784411	train2017/000000227843.jpg
1533.65625	0.0	image/907	907	785232	train2017/000000228133.jpg
1535.2734375	0.0	image/860	860	786060	train2017/000000476481.jpg
1536.107421875	0.0	image/851	851	786487	train2017/000000474545.jpg
1536.94140625	0.0	image/947	947	786914	train2017/000000501926.jpg
1538.591796875	0.0	image/850	850	787759	train2017/000000212380.jpg
1540.19140625	0.0	image/919	919	788578	train2017/000000492627.jpg
1540.9765625	0.0	image/859	859	788980	train2017/000000476380.jpg
1542.54296875	0.0	image/897	897	789782	train2017/000000430850.jpg
1543.326171875	0.0	image/895	895	790183	train2017/000000487825.jpg
1544.142578125	0.0	image/949	949	790601	train2017/000000240278.jpg
1544.9609375	0.0	image/928	928	791020	train2017/000000233104.jpg
1545.787109375	0.0	image/898	898	791443	train2017/000000488406.jpg
1546.59375	0.0	image/932	932	791856	train2017/000000233580.jpg
1547.421875	0.0	image/890	890	792280	train2017/000000224759.jpg
1548.189453125	0.0	image/939	939	792673	train2017/000000499627.jpg
1548.978515625	0.0	image/926	926	793077	train2017/000000232648.jpg
1549.794921875	0.0	image/925	925	793495	train2017/000000494552.jpg
1550.591796875	0.0	image/887	887	793903	train2017/000000561677.jpg
1551.37890625	0.0	image/853	853	794306	train2017/000000474827.jpg
1552.208984375	0.0	image/941	941	794731	train2017/000000237697.jpg
1553.029296875	0.0	image/865	865	795151	train2017/000000035972.jpg
1553.845703125	0.0	image/934	934	795569	train2017/000000497464.jpg
1554.6796875	0.0	image/857	857	795996	train2017/000000213988.jpg
1555.48046875	0.0	image/952	952	796406	train2017/000000502860.jpg
1556.314453125	0.0	image/943	943	796833	train2017/000000238201.jpg
1557.09765625	0.0	image/866	866	797234	train2017/000000216029.jpg
1557.91015625	0.0	image/891	891	797650	train2017/000000224869.jpg
1558.73046875	0.0	image/851	851	798070	train2017/000000474545.jpg
1559.505859375	0.0	image/957	957	798467	train2017/000000242631.jpg
1561.04296875	0.0	image/924	924	799254	train2017/000000232277.jpg
1561.810546875	0.0	image/922	922	799647	train2017/000000235479.jpg
1562.58203125	0.0	image/865	865	800042	train2017/000000035972.jpg
1563.365234375	0.0	image/900	900	800443	train2017/000000488658.jpg
1564.16015625	0.0	image/913	913	800850	train2017/000000356810.jpg
1564.943359375	0.0	image/881	881	801251	train2017/000000222921.jpg
1565.732421875	0.0	image/854	854	801655	train2017/000000475236.jpg
1566.52734375	0.0	image/863	863	802062	train2017/000000215291.jpg
1567.328125	0.0	image/878	878	802472	train2017/000000167908.jpg
1568.150390625	0.0	image/911	911	802893	train2017/000000229456.jpg
1568.93359375	0.0	image/856	856	803294	train2017/000000213288.jpg
1569.7109375	0.0	image/942	942	803692	train2017/000000238001.jpg
1570.5	0.0	image/896	896	804096	train2017/000000225750.jpg
1571.328125	0.0	image/890	890	804520	train2017/000000224759.jpg
1572.130859375	0.0	image/936	936	804931	train2017/000000497797.jpg
1572.90234375	0.0	image/954	954	805326	train2017/000000040187.jpg
1573.697265625	0.0	image/862	862	805733	train2017/000000215023.jpg
1574.46484375	0.0	image/899	899	806126	train2017/000000168803.jpg
1575.283203125	0.0	image/869	869	806545	train2017/000000294744.jpg
1576.052734375	0.0	image/844	844	806939	train2017/000000341033.jpg
1576.865234375	0.0	image/916	916	807355	train2017/000000038370.jpg
1577.630859375	0.0	image/868	868	807747	train2017/000000444880.jpg
1578.4375	0.0	image/955	955	808160	train2017/000000112805.jpg
1579.23828125	0.0	image/900	900	808570	train2017/000000488658.jpg
1580.837890625	0.0	image/847	847	809389	train2017/000000207833.jpg
1581.654296875	0.0	image/906	906	809807	train2017/000000227928.jpg
1582.4375	0.0	image/944	944	810208	train2017/000000239337.jpg
1583.255859375	0.0	image/886	886	810627	train2017/000000386856.jpg
1584.833984375	0.0	image/950	950	811435	train2017/000000502470.jpg
1585.65625	0.0	image/877	877	811856	train2017/000000342639.jpg
1586.466796875	0.0	image/933	933	812271	train2017/000000233873.jpg
1587.25	0.0	image/935	935	812672	train2017/000000082945.jpg
1588.0234375	0.0	image/862	862	813068	train2017/000000215023.jpg
1588.806640625	0.0	image/921	921	813469	train2017/000000231102.jpg
1589.6015625	0.0	image/855	855	813876	train2017/000000122923.jpg
1590.373046875	0.0	image/864	864	814271	train2017/000000385417.jpg
1591.158203125	0.0	image/902	902	814673	train2017/000000227307.jpg
1591.94140625	0.0	image/912	912	815074	train2017/000000491611.jpg
1592.736328125	0.0	image/863	863	815481	train2017/000000215291.jpg
1593.51953125	0.0	image/885	885	815882	train2017/000000223718.jpg
1594.341796875	0.0	image/947	947	816303	train2017/000000501926.jpg
1595.169921875	0.0	image/908	908	816727	train2017/000000228316.jpg
1595.986328125	0.0	image/911	911	817145	train2017/000000229456.jpg
1596.80859375	0.0	image/903	903	817566	train2017/000000227451.jpg
1597.642578125	0.0	image/849	849	817993	train2017/000000212229.jpg
1598.443359375	0.0	image/940	940	818403	train2017/000000499730.jpg
1599.2265625	0.0	image/906	906	818804	train2017/000000227928.jpg
1600.037109375	0.0	image/856	856	819219	train2017/000000213288.jpg
1600.837890625	0.0	image/954	954	819629	train2017/000000040187.jpg
1601.609375	0.0	image/879	879	820024	train2017/000000221441.jpg
1602.41015625	0.0	image/845	845	820434	train2017/000000211198.jpg
1604.060546875	0.0	image/861	861	821279	train2017/000000560054.jpg
1604.857421875	0.0	image/879	879	821687	train2017/000000221441.jpg
1605.677734375	0.0	image/939	939	822107	train2017/000000499627.jpg
1606.51171875	0.0	image/892	892	822534	train2017/000000225113.jpg
1607.345703125	0.0	image/953	953	822961	train2017/000000241026.jpg
1608.162109375	0.0	image/855	855	823379	train2017/000000122923.jpg
1608.98046875	0.0	image/841	841	823798	train2017/000000034961.jpg
1609.8125	0.0	image/910	910	824224	train2017/000000228565.jpg
1610.630859375	0.0	image/880	880	824643	train2017/000000484300.jpg
1611.458984375	0.0	image/873	873	825067	train2017/000000429902.jpg
1612.263671875	0.0	image/951	951	825479	train2017/000000214821.jpg
1613.064453125	0.0	image/922	922	825889	train2017/000000235479.jpg
1613.880859375	0.0	image/930	930	826307	train2017/000000344729.jpg
1614.681640625	0.0	image/915	915	826717	train2017/000000229947.jpg
1615.4765625	0.0	image/945	945	827124	train2017/000000501739.jpg
1616.298828125	0.0	image/952	952	827545	train2017/000000502860.jpg
1617.076171875	0.0	image/959	959	827943	train2017/000000505486.jpg
1617.892578125	0.0	image/898	898	828361	train2017/000000488406.jpg
1618.69921875	0.0	image/929	929	828774	train2017/000000495387.jpg
1619.509765625	0.0	image/852	852	829189	train2017/000000212440.jpg
1620.333984375	0.0	image/921	921	829611	train2017/000000231102.jpg
1621.111328125	0.0	image/867	867	830009	train2017/000000479035.jpg
1621.916015625	0.0	image/956	956	830421	train2017/000000242133.jpg
1622.716796875	0.0	image/948	948	830831	train2017/000000502058.jpg
1623.5	0.0	image/912	912	831232	train2017/000000491611.jpg
1624.294921875	0.0	image/854	854	831639	train2017/000000475236.jpg
1625.900390625	0.0	image/901	901	832461	train2017/000000007567.jpg
1626.6796875	0.0	image/937	937	832860	train2017/000000498615.jpg
1627.462890625	0.0	image/894	894	833261	train2017/000000225533.jpg
1628.26953125	0.0	image/858	858	833674	train2017/000000214059.jpg
1629.869140625	0.0	image/883	883	834493	train2017/000000223447.jpg
1630.669921875	0.0	image/871	871	834903	train2017/000000480990.jpg
1631.462890625	0.0	image/891	891	835309	train2017/000000224869.jpg
1633.052734375	0.0	image/841	841	836123	train2017/000000034961.jpg
1633.880859375	0.0	image/910	910	836547	train2017/000000228565.jpg
1634.669921875	0.0	image/881	881	836951	train2017/000000222921.jpg
1635.50390625	0.0	image/876	876	837378	train2017/000000482912.jpg
1636.30078125	0.0	image/938	938	837786	train2017/000000237093.jpg
1637.087890625	0.0	image/844	844	838189	train2017/000000341033.jpg
1637.87109375	0.0	image/956	956	838590	train2017/000000242133.jpg
1638.701171875	0.0	image/909	909	839015	train2017/000000228380.jpg
1639.47265625	0.0	image/875	875	839410	train2017/000000482858.jpg
1640.306640625	0.0	image/893	893	839837	train2017/000000225383.jpg
1641.10546875	0.0	image/914	914	840246	train2017/000000492037.jpg
1641.93359375	0.0	image/843	843	840670	train2017/000000210065.jpg
1642.72265625	0.0	image/853	853	841074	train2017/000000474827.jpg
1643.556640625	0.0	image/852	852	841501	train2017/000000212440.jpg
1644.3359375	0.0	image/960	960	841900	train2017/000000505592.jpg
1645.12109375	0.0	image/938	938	842302	train2017/000000237093.jpg
1645.890625	0.0	image/933	933	842696	train2017/000000233873.jpg
1646.724609375	0.0	image/931	931	843123	train2017/000000495568.jpg
1647.55859375	0.0	image/919	919	843550	train2017/000000492627.jpg
1648.357421875	0.0	image/885	885	843959	train2017/000000223718.jpg
1649.958984375	0.0	image/864	864	844779	train2017/000000385417.jpg
1650.79296875	0.0	image/949	949	845206	train2017/000000240278.jpg
1651.591796875	0.0	image/842	842	845615	train2017/000000209919.jpg
1652.419921875	0.0	image/866	866	846039	train2017/000000216029.jpg
1653.220703125	0.0	image/918	918	846449	train2017/000000230422.jpg
1654.037109375	0.0	image/960	960	846867	train2017/000000505592.jpg
1654.859375	0.0	image/868	868	847288	train2017/000000444880.jpg
1655.66015625	0.0	image/955	955	847698	train2017/000000112805.jpg
1656.4609375	0.0	image/896	896	848108	train2017/000000225750.jpg
1657.259765625	0.0	image/846	846	848517	train2017/000000474024.jpg
1658.857421875	0.0	image/953	953	849335	train2017/000000241026.jpg
1659.677734375	0.0	image/926	926	849755	train2017/000000232648.jpg
1660.4609375	0.0	image/943	943	850156	train2017/000000238201.jpg
1661.29296875	0.0	image/842	842	850582	train2017/000000209919.jpg
1662.095703125	0.0	image/936	936	850993	train2017/000000497797.jpg
1662.873046875	0.0	image/934	934	851391	train2017/000000497464.jpg
1663.673828125	0.0	image/946	946	851801	train2017/000000501867.jpg
1664.462890625	0.0	image/930	930	852205	train2017/000000344729.jpg
1665.24609375	0.0	image/927	927	852606	train2017/000000495040.jpg
1666.041015625	0.0	image/945	945	853013	train2017/000000501739.jpg
1666.86328125	0.0	image/884	884	853434	train2017/000000485605.jpg
1667.67578125	0.0	image/920	920	853850	train2017/000000300622.jpg
1668.44140625	0.0	image/935	935	854242	train2017/000000082945.jpg
1669.248046875	0.0	image/932	932	854655	train2017/000000233580.jpg
1670.05859375	0.0	image/917	917	855070	train2017/000000354185.jpg
1670.859375	0.0	image/909	909	855480	train2017/000000228380.jpg
1671.67578125	0.0	image/899	899	855898	train2017/000000168803.jpg
1672.4609375	0.0	image/925	925	856300	train2017/000000494552.jpg
1673.26171875	0.0	image/914	914	856710	train2017/000000492037.jpg
1674.06640625	0.0	image/929	929	857122	train2017/000000495387.jpg
1674.84375	0.0	image/897	897	857520	train2017/000000430850.jpg
1675.6328125	0.0	image/892	892	857924	train2017/000000225113.jpg
1676.44921875	0.0	image/872	872	858342	train2017/000000429887.jpg
1677.2265625	0.0	image/941	941	858740	train2017/000000237697.jpg
1678.01171875	0.0	image/944	944	859142	train2017/000000239337.jpg
1678.81640625	0.0	image/847	847	859554	train2017/000000207833.jpg
1679.595703125	0.0	image/958	958	859953	train2017/000000433657.jpg
1680.3671875	0.0	image/884	884	860348	train2017/000000485605.jpg
1681.201171875	0.0	image/905	905	860775	train2017/000000227843.jpg
1681.984375	0.0	image/848	848	861176	train2017/000000474353.jpg
1682.796875	0.0	image/924	924	861592	train2017/000000232277.jpg
1684.453125	0.0	image/923	923	862440	train2017/000000231851.jpg
1686.0859375	0.0	image/902	902	863276	train2017/000000227307.jpg
1686.88671875	0.0	image/908	908	863686	train2017/000000228316.jpg
1687.701171875	0.0	image/887	887	864103	train2017/000000561677.jpg
1688.48046875	0.0	image/927	927	864502	train2017/000000495040.jpg
1689.26953125	0.0	image/870	870	864906	train2017/000000480601.jpg
1690.0546875	0.0	image/895	895	865308	train2017/000000487825.jpg
1690.84765625	0.0	image/874	874	865714	train2017/000000561006.jpg
1692.421875	0.0	image/918	918	866520	train2017/000000230422.jpg
1693.205078125	0.0	image/857	857	866921	train2017/000000213988.jpg
1693.982421875	0.0	image/920	920	867319	train2017/000000300622.jpg
1694.7890625	0.0	image/894	894	867732	train2017/000000225533.jpg
1695.60546875	0.0	image/937	937	868150	train2017/000000498615.jpg
1696.388671875	0.0	image/904	904	868551	train2017/000000227733.jpg
1697.22265625	0.0	image/859	859	868978	train2017/000000476380.jpg
1698.05078125	0.0	image/951	951	869402	train2017/000000214821.jpg
1698.857421875	0.0	image/874	874	869815	train2017/000000561006.jpg
1699.685546875	0.0	image/940	940	870239	train2017/000000499730.jpg
1701.2578125	0.0	image/958	958	871044	train2017/000000433657.jpg
1702.068359375	0.0	image/869	869	871459	train2017/000000294744.jpg
1702.8359375	0.0	image/907	907	871852	train2017/000000228133.jpg
1704.392578125	0.0	image/942	942	872649	train2017/000000238001.jpg
1705.21875	0.0	image/871	871	873072	train2017/000000480990.jpg
1706.001953125	0.0	image/883	883	873473	train2017/000000223447.jpg
1706.80859375	0.0	image/959	959	873886	train2017/000000505486.jpg
1707.5859375	0.0	image/850	850	874284	train2017/000000212380.jpg
1708.37109375	0.0	image/948	948	874686	train2017/000000502058.jpg
1709.9765625	0.0	image/916	916	875508	train2017/000000038370.jpg
1710.77734375	0.0	image/873	873	875918	train2017/000000429902.jpg
1711.556640625	0.0	image/849	849	876317	train2017/000000212229.jpg
1712.376953125	0.0	image/888	888	876737	train2017/000000486503.jpg
1713.2109375	0.0	image/878	878	877164	train2017/000000167908.jpg
1714.01171875	0.0	image/957	957	877574	train2017/000000242631.jpg
1714.794921875	0.0	image/923	923	877975	train2017/000000231851.jpg
1715.611328125	0.0	image/877	877	878393	train2017/000000342639.jpg
1716.39453125	0.0	image/889	889	878794	train2017/000000224396.jpg
1717.1953125	0.0	image/872	872	879204	train2017/000000429887.jpg
1718.029296875	0.0	image/889	889	879631	train2017/000000224396.jpg
1718.86328125	0.0	image/888	888	880058	train2017/000000486503.jpg
1720.490234375	0.0	image/858	858	880891	train2017/000000214059.jpg
1721.296875	0.0	image/870	870	881304	train2017/000000480601.jpg
1722.9296875	0.0	image/882	882	882140	train2017/000000485113.jpg
1723.724609375	0.0	image/860	860	882547	train2017/000000476481.jpg
1724.5078125	0.0	image/886	886	882948	train2017/000000386856.jpg
1725.29296875	0.0	image/917	917	883350	train2017/000000354185.jpg
1726.09765625	0.0	image/893	893	883762	train2017/000000225383.jpg
1727.69921875	0.0	image/913	913	884582	train2017/000000356810.jpg
1728.515625	0.0	image/845	845	885000	train2017/000000211198.jpg
1729.328125	0.0	image/882	882	885416	train2017/000000485113.jpg
1730.1484375	0.0	image/950	950	885836	train2017/000000502470.jpg
1730.927734375	0.0	image/861	861	886235	train2017/000000560054.jpg
1731.69921875	0.0	image/928	928	886630	train2017/000000233104.jpg
1732.517578125	0.0	image/880	880	887049	train2017/000000484300.jpg
1733.328125	0.0	image/875	875	887464	train2017/000000482858.jpg
1734.12890625	0.0	image/931	931	887874	train2017/000000495568.jpg
1734.91796875	0.0	image/901	901	888278	train2017/000000007567.jpg
1735.728515625	0.0	image/904	904	888693	train2017/000000227733.jpg
1736.498046875	0.0	image/915	915	889087	train2017/000000229947.jpg
1737.28125	0.0	image/867	867	889488	train2017/000000479035.jpg
1745.48046875	0.0	image/75	75	893686	train2017/000000399878.jpg
1746.275390625	0.0	image/42	42	894093	train2017/000000268659.jpg
1747.064453125	0.0	image/15	15	894497	train2017/000000264396.jpg
1747.880859375	0.0	image/18	18	894915	train2017/000000264735.jpg
1749.53125	0.0	image/109	109	895760	train2017/000000544060.jpg
1750.328125	0.0	image/51	51	896168	train2017/000000008027.jpg
1751.1484375	0.0	image/69	69	896588	train2017/000000011856.jpg
1751.982421875	0.0	image/6	6	897015	train2017/000000000584.jpg
1752.759765625	0.0	image/51	51	897413	train2017/000000008027.jpg
1753.548828125	0.0	image/20	20	897817	train2017/000000526980.jpg
1754.3828125	0.0	image/112	112	898244	train2017/000000544926.jpg
1755.166015625	0.0	image/98	98	898645	train2017/000000541472.jpg
1755.94921875	0.0	image/31	31	899046	train2017/000000266622.jpg
1756.74609375	0.0	image/50	50	899454	train2017/000000007932.jpg
1757.53125	0.0	image/61	61	899856	train2017/000000272901.jpg
1758.361328125	0.0	image/27	27	900281	train2017/000000265745.jpg
1759.146484375	0.0	image/36	36	900683	train2017/000000267699.jpg
1759.951171875	0.0	image/119	119	901095	train2017/000000545950.jpg
1760.74609375	0.0	image/93	93	901502	train2017/000000541077.jpg
1761.568359375	0.0	image/9	9	901923	train2017/000000000650.jpg
1762.384765625	0.0	image/7	7	902341	train2017/000000000605.jpg
1763.1640625	0.0	image/39	39	902740	train2017/000000268008.jpg
1763.953125	0.0	image/22	22	903144	train2017/000000265023.jpg
1764.736328125	0.0	image/14	14	903545	train2017/000000264244.jpg
1765.546875	0.0	image/99	99	903960	train2017/000000271183.jpg
1766.34765625	0.0	image/14	14	904370	train2017/000000264244.jpg
1767.1640625	0.0	image/35	35	904788	train2017/000000267647.jpg
1767.931640625	0.0	image/49	49	905181	train2017/000000219750.jpg
1768.73828125	0.0	image/106	106	905594	train2017/000000280808.jpg
1769.521484375	0.0	image/76	76	905995	train2017/000000275902.jpg
1770.30078125	0.0	image/33	33	906394	train2017/000000267338.jpg
1771.06640625	0.0	image/84	84	906786	train2017/000000570543.jpg
1771.85546875	0.0	image/19	19	907190	train2017/000000526968.jpg
1772.65625	0.0	image/32	32	907600	train2017/000000005028.jpg
1773.439453125	0.0	image/96	96	908001	train2017/000000541258.jpg
1774.22265625	0.0	image/94	94	908402	train2017/000000278962.jpg
1775.0	0.0	image/29	29	908800	train2017/000000393907.jpg
1775.76953125	0.0	image/102	102	909194	train2017/000000018078.jpg
1776.58984375	0.0	image/10	10	909614	train2017/000000001308.jpg
1777.390625	0.0	image/34	34	910024	train2017/000000005277.jpg
1778.189453125	0.0	image/62	62	910433	train2017/000000010903.jpg
1778.974609375	0.0	image/12	12	910835	train2017/000000525790.jpg
1779.751953125	0.0	image/57	57	911233	train2017/000000001625.jpg
1780.57421875	0.0	image/44	44	911654	train2017/000000007048.jpg
1781.357421875	0.0	image/9	9	912055	train2017/000000000650.jpg
1782.16796875	0.0	image/106	106	912470	train2017/000000280808.jpg
1783.791015625	0.0	image/38	38	913301	train2017/000000312536.jpg
1784.591796875	0.0	image/30	30	913711	train2017/000000004442.jpg
1785.408203125	0.0	image/113	113	914129	train2017/000000545160.jpg
1786.23828125	0.0	image/36	36	914554	train2017/000000267699.jpg
1787.04296875	0.0	image/27	27	914966	train2017/000000265745.jpg
1787.826171875	0.0	image/47	47	915367	train2017/000000531828.jpg
1788.60546875	0.0	image/54	54	915766	train2017/000000532753.jpg
1790.255859375	0.0	image/25	25	916611	train2017/000000527618.jpg
1791.060546875	0.0	image/40	40	917023	train2017/000000268114.jpg
1791.87109375	0.0	image/47	47	917438	train2017/000000531828.jpg
1792.658203125	0.0	image/69	69	917841	train2017/000000011856.jpg
1793.47265625	0.0	image/110	110	918258	train2017/000000019863.jpg
1794.2890625	0.0	image/49	49	918676	train2017/000000219750.jpg
1795.056640625	0.0	image/81	81	919069	train2017/000000539340.jpg
1795.861328125	0.0	image/117	117	919481	train2017/000000396793.jpg
1796.646484375	0.0	image/104	104	919883	train2017/000000018367.jpg
1797.4453125	0.0	image/41	41	920292	train2017/000000268418.jpg
1799.056640625	0.0	image/42	42	921117	train2017/000000268659.jpg
1799.859375	0.0	image/6	6	921528	train2017/000000000584.jpg
1800.6640625	0.0	image/73	73	921940	train2017/000000537393.jpg
1802.28125	0.0	image/95	95	922768	train2017/000000016898.jpg
1803.08203125	0.0	image/48	48	923178	train2017/000000011299.jpg
1803.859375	0.0	image/37	37	923576	train2017/000000005684.jpg
1804.6640625	0.0	image/32	32	923988	train2017/000000005028.jpg
1805.4765625	0.0	image/78	78	924404	train2017/000000013969.jpg
1806.265625	0.0	image/28	28	924808	train2017/000000558788.jpg
1807.099609375	0.0	image/108	108	925235	train2017/000000281330.jpg
1807.91015625	0.0	image/11	11	925650	train2017/000000263599.jpg
1808.69921875	0.0	image/64	64	926054	train2017/000000273138.jpg
1809.482421875	0.0	image/68	68	926455	train2017/000000535871.jpg
1810.310546875	0.0	image/120	120	926879	train2017/000000021718.jpg
1811.078125	0.0	image/90	90	927272	train2017/000000278555.jpg
1811.884765625	0.0	image/108	108	927685	train2017/000000281330.jpg
1812.662109375	0.0	image/94	94	928083	train2017/000000278962.jpg
1813.484375	0.0	image/26	26	928504	train2017/000000003521.jpg
1814.294921875	0.0	image/38	38	928919	train2017/000000312536.jpg
1815.1171875	0.0	image/111	111	929340	train2017/000000020517.jpg
1816.685546875	0.0	image/2	2	930143	train2017/000000262239.jpg
1817.517578125	0.0	image/114	114	930569	train2017/000000571485.jpg
1818.302734375	0.0	image/4	4	930971	train2017/000000524646.jpg
1819.8984375	0.0	image/28	28	931788	train2017/000000558788.jpg
1820.720703125	0.0	image/110	110	932209	train2017/000000019863.jpg
1821.515625	0.0	image/46	46	932616	train2017/000000531515.jpg
1822.3046875	0.0	image/16	16	933020	train2017/000000002270.jpg
1823.103515625	0.0	image/93	93	933429	train2017/000000541077.jpg
1823.87109375	0.0	image/56	56	933822	train2017/000000008998.jpg
1824.666015625	0.0	image/57	57	934229	train2017/000000001625.jpg
1825.455078125	0.0	image/55	55	934633	train2017/000000533231.jpg
1826.265625	0.0	image/100	100	935048	train2017/000000541856.jpg
1827.06640625	0.0	image/4	4	935458	train2017/000000524646.jpg
1827.88671875	0.0	image/80	80	935878	train2017/000000538822.jpg
1828.69921875	0.0	image/52	52	936294	train2017/000000008053.jpg
1830.2734375	0.0	image/53	53	937100	train2017/000000270278.jpg
1831.1015625	0.0	image/102	102	937524	train2017/000000018078.jpg
1831.869140625	0.0	image/24	24	937917	train2017/000000265453.jpg
1833.439453125	0.0	image/26	26	938721	train2017/000000003521.jpg
1835.07421875	0.0	image/85	85	939558	train2017/000000539705.jpg
1835.857421875	0.0	image/12	12	939959	train2017/000000525790.jpg
1836.63671875	0.0	image/52	52	940358	train2017/000000008053.jpg
1837.408203125	0.0	image/83	83	940753	train2017/000000277524.jpg
1838.236328125	0.0	image/96	96	941177	train2017/000000541258.jpg
1839.05859375	0.0	image/1	1	941598	train2017/000000262145.jpg
1839.87109375	0.0	image/105	105	942014	train2017/000000280764.jpg
1840.67578125	0.0	image/55	55	942426	train2017/000000533231.jpg
1841.4765625	0.0	image/2	2	942836	train2017/000000262239.jpg
1843.126953125	0.0	image/114	114	943681	train2017/000000571485.jpg
1843.927734375	0.0	image/71	71	944091	train2017/000000536884.jpg
1844.7109375	0.0	image/61	61	944492	train2017/000000272901.jpg
1845.509765625	0.0	image/22	22	944901	train2017/000000265023.jpg
1846.310546875	0.0	image/60	60	945311	train2017/000000010710.jpg
1847.087890625	0.0	image/45	45	945709	train2017/000000531392.jpg
1847.89453125	0.0	image/91	91	946122	train2017/000000540735.jpg
1849.478515625	0.0	image/79	79	946933	train2017/000000276664.jpg
1850.3125	0.0	image/50	50	947360	train2017/000000007932.jpg
1851.12890625	0.0	image/39	39	947778	train2017/000000268008.jpg
1851.962890625	0.0	image/105	105	948205	train2017/000000280764.jpg
1852.755859375	0.0	image/79	79	948611	train2017/000000276664.jpg
1853.55859375	0.0	image/34	34	949022	train2017/000000005277.jpg
1855.1796875	0.0	image/45	45	949852	train2017/000000531392.jpg
1855.99609375	0.0	image/92	92	950270	train2017/000000278714.jpg
1856.78125	0.0	image/8	8	950672	train2017/000000000625.jpg
1857.576171875	0.0	image/78	78	951079	train2017/000000013969.jpg
1858.3984375	0.0	image/118	118	951500	train2017/000000283678.jpg
1859.208984375	0.0	image/17	17	951915	train2017/000000002372.jpg
1860.03125	0.0	image/101	101	952336	train2017/000000017967.jpg
1860.84375	0.0	image/82	82	952752	train2017/000000539395.jpg
1861.609375	0.0	image/67	67	953144	train2017/000000011358.jpg
1863.232421875	0.0	image/10	10	953975	train2017/000000001308.jpg
1864.029296875	0.0	image/75	75	954383	train2017/000000399878.jpg
1864.83203125	0.0	image/71	71	954794	train2017/000000536884.jpg
1865.626953125	0.0	image/90	90	955201	train2017/000000278555.jpg
1866.416015625	0.0	image/99	99	955605	train2017/000000271183.jpg
1867.216796875	0.0	image/66	66	956015	train2017/000000273250.jpg
1868.033203125	0.0	image/18	18	956433	train2017/000000264735.jpg
1868.8515625	0.0	image/54	54	956852	train2017/000000532753.jpg
1869.634765625	0.0	image/89	89	957253	train2017/000000016314.jpg
1870.41796875	0.0	image/59	59	957654	train2017/000000010046.jpg
1871.251953125	0.0	image/5	5	958081	train2017/000000262690.jpg
1872.03515625	0.0	image/104	104	958482	train2017/000000018367.jpg
1872.818359375	0.0	image/48	48	958883	train2017/000000011299.jpg
1873.65234375	0.0	image/31	31	959310	train2017/000000266622.jpg
1874.4296875	0.0	image/84	84	959708	train2017/000000570543.jpg
1876.00390625	0.0	image/107	107	960514	train2017/000000543254.jpg
1876.8125	0.0	image/21	21	960928	train2017/000000274108.jpg
1877.63671875	0.0	image/41	41	961350	train2017/000000268418.jpg
1878.470703125	0.0	image/17	17	961777	train2017/000000002372.jpg
1879.25390625	0.0	image/74	74	962178	train2017/000000275663.jpg
1880.037109375	0.0	image/30	30	962579	train2017/000000004442.jpg
1880.8203125	0.0	image/103	103	962980	train2017/000000280484.jpg
1881.6484375	0.0	image/64	64	963404	train2017/000000273138.jpg
1883.23828125	0.0	image/53	53	964218	train2017/000000270278.jpg
1884.072265625	0.0	image/92	92	964645	train2017/000000278714.jpg
1884.875	0.0	image/107	107	965056	train2017/000000543254.jpg
1886.484375	0.0	image/97	97	965880	train2017/000000279197.jpg
1887.306640625	0.0	image/112	112	966301	train2017/000000544926.jpg
1888.08203125	0.0	image/24	24	966698	train2017/000000265453.jpg
1888.873046875	0.0	image/76	76	967103	train2017/000000275902.jpg
1889.68359375	0.0	image/21	21	967518	train2017/000000274108.jpg
1890.474609375	0.0	image/86	86	967923	train2017/000000539879.jpg
1891.255859375	0.0	image/63	63	968323	train2017/000000273120.jpg
1892.041015625	0.0	image/11	11	968725	train2017/000000263599.jpg
1892.853515625	0.0	image/88	88	969141	train2017/000000540538.jpg
1894.4921875	0.0	image/98	98	969980	train2017/000000541472.jpg
1895.26953125	0.0	image/5	5	970378	train2017/000000262690.jpg
1896.076171875	0.0	image/13	13	970791	train2017/000000525932.jpg
1896.88671875	0.0	image/81	81	971206	train2017/000000539340.jpg
1898.458984375	0.0	image/86	86	972011	train2017/000000539879.jpg
1899.271484375	0.0	image/15	15	972427	train2017/000000264396.jpg
1900.0546875	0.0	image/7	7	972828	train2017/000000000605.jpg
1901.6875	0.0	image/119	119	973664	train2017/000000545950.jpg
1902.494140625	0.0	image/43	43	974077	train2017/000000006765.jpg
1903.294921875	0.0	image/35	35	974487	train2017/000000267647.jpg
1904.07421875	0.0	image/65	65	974886	train2017/000000273147.jpg
1904.845703125	0.0	image/66	66	975281	train2017/000000273250.jpg
1905.677734375	0.0	image/74	74	975707	train2017/000000275663.jpg
1906.4921875	0.0	image/113	113	976124	train2017/000000545160.jpg
1907.279296875	0.0	image/118	118	976527	train2017/000000283678.jpg
1908.896484375	0.0	image/103	103	977355	train2017/000000280484.jpg
1909.697265625	0.0	image/80	80	977765	train2017/000000538822.jpg
1910.48828125	0.0	image/87	87	978170	train2017/000000300383.jpg
1911.2578125	0.0	image/56	56	978564	train2017/000000008998.jpg
1912.041015625	0.0	image/70	70	978965	train2017/000000536786.jpg
1912.86328125	0.0	image/62	62	979386	train2017/000000010903.jpg
1913.658203125	0.0	image/16	16	979793	train2017/000000002270.jpg
1914.48046875	0.0	image/83	83	980214	train2017/000000277524.jpg
1915.259765625	0.0	image/46	46	980613	train2017/000000531515.jpg
1916.04296875	0.0	image/116	116	981014	train2017/000000283426.jpg
1916.849609375	0.0	image/37	37	981427	train2017/000000005684.jpg
1917.6484375	0.0	image/23	23	981836	train2017/000000265150.jpg
1918.4765625	0.0	image/91	91	982260	train2017/000000540735.jpg
1919.265625	0.0	image/19	19	982664	train2017/000000526968.jpg
1920.099609375	0.0	image/33	33	983091	train2017/000000267338.jpg
1920.93359375	0.0	image/60	60	983518	train2017/000000010710.jpg
1921.76171875	0.0	image/95	95	983942	train2017/000000016898.jpg
1922.583984375	0.0	image/63	63	984363	train2017/000000273120.jpg
1923.400390625	0.0	image/1	1	984781	train2017/000000262145.jpg
1924.18359375	0.0	image/72	72	985182	train2017/000000274978.jpg
1924.994140625	0.0	image/59	59	985597	train2017/000000010046.jpg
1925.796875	0.0	image/23	23	986008	train2017/000000265150.jpg
1926.619140625	0.0	image/65	65	986429	train2017/000000273147.jpg
1927.41796875	0.0	image/20	20	986838	train2017/000000526980.jpg
1928.21875	0.0	image/120	120	987248	train2017/000000021718.jpg
1929.001953125	0.0	image/115	115	987649	train2017/000000021095.jpg
1929.78125	0.0	image/82	82	988048	train2017/000000539395.jpg
1930.580078125	0.0	image/109	109	988457	train2017/000000544060.jpg
1931.369140625	0.0	image/68	68	988861	train2017/000000535871.jpg
1932.15234375	0.0	image/3	3	989262	train2017/000000262414.jpg
1932.947265625	0.0	image/25	25	989669	train2017/000000527618.jpg
1934.537109375	0.0	image/100	100	990483	train2017/000000541856.jpg
1935.337890625	0.0	image/29	29	990893	train2017/000000393907.jpg
1936.982421875	0.0	image/67	67	991735	train2017/000000011358.jpg
1937.771484375	0.0	image/58	58	992139	train2017/000000534259.jpg
1938.587890625	0.0	image/85	85	992557	train2017/000000539705.jpg
1939.388671875	0.0	image/73	73	992967	train2017/000000537393.jpg
1940.22265625	0.0	image/89	89	993394	train2017/000000016314.jpg
1941.005859375	0.0	image/44	44	993795	train2017/000000007048.jpg
1941.8046875	0.0	image/40	40	994204	train2017/000000268114.jpg
1942.58984375	0.0	image/77	77	994606	train2017/000000275938.jpg
1943.3828125	0.0	image/72	72	995012	train2017/000000274978.jpg
1944.16796875	0.0	image/117	117	995414	train2017/000000396793.jpg
1944.97265625	0.0	image/77	77	995826	train2017/000000275938.jpg
1945.7578125	0.0	image/8	8	996228	train2017/000000000625.jpg
1946.568359375	0.0	image/58	58	996643	train2017/000000534259.jpg
1947.341796875	0.0	image/88	88	997039	train2017/000000540538.jpg
1948.958984375	0.0	image/97	97	997867	train2017/000000279197.jpg
1949.76953125	0.0	image/3	3	998282	train2017/000000262414.jpg
1950.5859375	0.0	image/70	70	998700	train2017/000000536786.jpg
1951.359375	0.0	image/87	87	999096	train2017/000000300383.jpg
1952.169921875	0.0	image/101	101	999511	train2017/000000017967.jpg
1952.943359375	0.0	image/115	115	999907	train2017/000000021095.jpg
1953.759765625	0.0	image/111	111	1000325	train2017/000000020517.jpg
1954.59375	0.0	image/43	43	1000752	train2017/000000006765.jpg
1955.40625	0.0	image/13	13	1001168	train2017/000000525932.jpg
1956.2109375	0.0	image/116	116	1001580	train2017/000000283426.jpg
1963.93359375	0.0	image/131	131	1005534	train2017/000000549301.jpg
1964.75	0.0	image/215	215	1005952	train2017/000000306249.jpg
1965.53515625	0.0	image/234	234	1006354	train2017/000000312003.jpg
1967.185546875	0.0	image/176	176	1007199	train2017/000000297154.jpg
1968.01953125	0.0	image/211	211	1007626	train2017/000000567837.jpg
1968.818359375	0.0	image/223	223	1008035	train2017/000000309135.jpg
1969.63671875	0.0	image/195	195	1008454	train2017/000000040685.jpg
1970.447265625	0.0	image/129	129	1008869	train2017/000000023392.jpg
1971.25390625	0.0	image/173	173	1009282	train2017/000000559816.jpg
1972.046875	0.0	image/194	194	1009688	train2017/000000302588.jpg
1972.837890625	0.0	image/213	213	1010093	train2017/000000043815.jpg
1973.62109375	0.0	image/156	156	1010494	train2017/000000029732.jpg
1974.404296875	0.0	image/200	200	1010895	train2017/000000565834.jpg
1975.181640625	0.0	image/204	204	1011293	train2017/000000304187.jpg
1975.966796875	0.0	image/132	132	1011695	train2017/000000549830.jpg
1976.783203125	0.0	image/208	208	1012113	train2017/000000043150.jpg
1977.583984375	0.0	image/193	193	1012523	train2017/000000564465.jpg
1978.40625	0.0	image/181	181	1012944	train2017/000000035927.jpg
1979.18359375	0.0	image/121	121	1013342	train2017/000000546140.jpg
1979.984375	0.0	image/198	198	1013752	train2017/000000303436.jpg
1980.806640625	0.0	image/171	171	1014173	train2017/000000033764.jpg
1981.634765625	0.0	image/233	233	1014597	train2017/000000532520.jpg
1983.240234375	0.0	image/125	125	1015419	train2017/000000022964.jpg
1984.857421875	0.0	image/144	144	1016247	train2017/000000354070.jpg
1985.65625	0.0	image/221	221	1016656	train2017/000000575701.jpg
1986.4375	0.0	image/225	225	1017056	train2017/000000047172.jpg
1987.2421875	0.0	image/212	212	1017468	train2017/000000043776.jpg
1988.07421875	0.0	image/222	222	1017894	train2017/000000308950.jpg
1988.904296875	0.0	image/190	190	1018319	train2017/000000038801.jpg
1989.685546875	0.0	image/199	199	1018719	train2017/000000565652.jpg
1990.4921875	0.0	image/179	179	1019132	train2017/000000559958.jpg
1991.294921875	0.0	image/217	217	1019543	train2017/000000306988.jpg
1992.087890625	0.0	image/143	143	1019949	train2017/000000027030.jpg
1992.892578125	0.0	image/207	207	1020361	train2017/000000042578.jpg
1993.720703125	0.0	image/130	130	1020785	train2017/000000548593.jpg
1994.48828125	0.0	image/191	191	1021178	train2017/000000039196.jpg
1995.310546875	0.0	image/143	143	1021599	train2017/000000027030.jpg
1996.08984375	0.0	image/191	191	1021998	train2017/000000039196.jpg
1996.888671875	0.0	image/174	174	1022407	train2017/000000559145.jpg
1997.6953125	0.0	image/154	154	1022820	train2017/000000291560.jpg
1998.5234375	0.0	image/169	169	1023244	train2017/000000557886.jpg
1999.2890625	0.0	image/163	163	1023636	train2017/000000032134.jpg
2000.845703125	0.0	image/129	129	1024433	train2017/000000023392.jpg
2001.662109375	0.0	image/149	149	1024851	train2017/000000290192.jpg
2002.458984375	0.0	image/205	205	1025259	train2017/000000566341.jpg
2003.23046875	0.0	image/126	126	1025654	train2017/000000547367.jpg
2004.046875	0.0	image/180	180	1026072	train2017/000000297844.jpg
2004.84765625	0.0	image/150	150	1026482	train2017/000000552589.jpg
2005.630859375	0.0	image/227	227	1026883	train2017/000000047638.jpg
2006.423828125	0.0	image/174	174	1027289	train2017/000000559145.jpg
2007.2265625	0.0	image/232	232	1027700	train2017/000000311232.jpg
2008.84765625	0.0	image/153	153	1028530	train2017/000000553586.jpg
2009.6640625	0.0	image/134	134	1028948	train2017/000000550396.jpg
2010.4765625	0.0	image/230	230	1029364	train2017/000000573337.jpg
2011.275390625	0.0	image/161	161	1029773	train2017/000000293368.jpg
2012.08203125	0.0	image/196	196	1030186	train2017/000000574784.jpg
2012.916015625	0.0	image/140	140	1030613	train2017/000000551164.jpg
2013.75	0.0	image/136	136	1031040	train2017/000000026388.jpg
2014.58203125	0.0	image/150	150	1031466	train2017/000000552589.jpg
2015.3828125	0.0	image/164	164	1031876	train2017/000000556542.jpg
2016.177734375	0.0	image/206	206	1032283	train2017/000000263276.jpg
2016.966796875	0.0	image/219	219	1032687	train2017/000000219735.jpg
2017.783203125	0.0	image/169	169	1033105	train2017/000000557886.jpg
2018.5625	0.0	image/146	146	1033504	train2017/000000289460.jpg
2019.345703125	0.0	image/192	192	1033905	train2017/000000225054.jpg
2020.150390625	0.0	image/135	135	1034317	train2017/000000288372.jpg
2020.9296875	0.0	image/235	235	1034716	train2017/000000050256.jpg
2021.701171875	0.0	image/132	132	1035111	train2017/000000549830.jpg
2022.53515625	0.0	image/223	223	1035538	train2017/000000309135.jpg
2023.328125	0.0	image/188	188	1035944	train2017/000000037823.jpg
2024.11328125	0.0	image/168	168	1036346	train2017/000000557848.jpg
2025.736328125	0.0	image/203	203	1037177	train2017/000000566261.jpg
2026.537109375	0.0	image/185	185	1037587	train2017/000000036589.jpg
2027.36328125	0.0	image/194	194	1038010	train2017/000000302588.jpg
2028.15625	0.0	image/220	220	1038416	train2017/000000569645.jpg
2028.982421875	0.0	image/240	240	1038839	train2017/000000575971.jpg
2029.75390625	0.0	image/196	196	1039234	train2017/000000574784.jpg
2030.587890625	0.0	image/184	184	1039661	train2017/000000006053.jpg
2031.404296875	0.0	image/201	201	1040079	train2017/000000041606.jpg
2032.23828125	0.0	image/238	238	1040506	train2017/000000050624.jpg
2033.021484375	0.0	image/135	135	1040907	train2017/000000288372.jpg
2033.80078125	0.0	image/185	185	1041306	train2017/000000036589.jpg
2034.623046875	0.0	image/146	146	1041727	train2017/000000289460.jpg
2035.4375	0.0	image/127	127	1042144	train2017/000000285450.jpg
2037.0234375	0.0	image/226	226	1042956	train2017/000000571499.jpg
2037.833984375	0.0	image/177	177	1043371	train2017/000000573830.jpg
2038.634765625	0.0	image/153	153	1043781	train2017/000000553586.jpg
2039.45703125	0.0	image/160	160	1044202	train2017/000000293130.jpg
2040.2578125	0.0	image/239	239	1044612	train2017/000000313480.jpg
2041.841796875	0.0	image/184	184	1045423	train2017/000000006053.jpg
2042.619140625	0.0	image/167	167	1045821	train2017/000000032809.jpg
2043.384765625	0.0	image/217	217	1046213	train2017/000000306988.jpg
2044.154296875	0.0	image/128	128	1046607	train2017/000000547644.jpg
2045.775390625	0.0	image/138	138	1047437	train2017/000000288751.jpg
2046.576171875	0.0	image/164	164	1047847	train2017/000000556542.jpg
2047.376953125	0.0	image/175	175	1048257	train2017/000000559225.jpg
2048.17578125	0.0	image/123	123	1048666	train2017/000000022256.jpg
2048.994140625	0.0	image/214	214	1049085	train2017/000000306031.jpg
2049.810546875	0.0	image/145	145	1049503	train2017/000000027298.jpg
2050.64453125	0.0	image/152	152	1049930	train2017/000000553166.jpg
2051.443359375	0.0	image/216	216	1050339	train2017/000000225829.jpg
2052.22265625	0.0	image/225	225	1050738	train2017/000000047172.jpg
2053.01171875	0.0	image/158	158	1051142	train2017/000000030148.jpg
2053.828125	0.0	image/206	206	1051560	train2017/000000263276.jpg
2054.662109375	0.0	image/237	237	1051987	train2017/000000095809.jpg
2055.478515625	0.0	image/231	231	1052405	train2017/000000270325.jpg
2056.306640625	0.0	image/183	183	1052829	train2017/000000298395.jpg
2057.11328125	0.0	image/141	141	1053242	train2017/000000026981.jpg
2057.9453125	0.0	image/170	170	1053668	train2017/000000033727.jpg
2058.74609375	0.0	image/209	209	1054078	train2017/000000043176.jpg
2059.576171875	0.0	image/240	240	1054503	train2017/000000575971.jpg
2060.34765625	0.0	image/227	227	1054898	train2017/000000047638.jpg
2061.130859375	0.0	image/154	154	1055299	train2017/000000291560.jpg
2061.92578125	0.0	image/224	224	1055706	train2017/000000309192.jpg
2062.69140625	0.0	image/237	237	1056098	train2017/000000095809.jpg
2063.498046875	0.0	image/140	140	1056511	train2017/000000551164.jpg
2065.130859375	0.0	image/208	208	1057347	train2017/000000043150.jpg
2065.943359375	0.0	image/210	210	1057763	train2017/000000305685.jpg
2066.744140625	0.0	image/144	144	1058173	train2017/000000354070.jpg
2067.53125	0.0	image/158	158	1058576	train2017/000000030148.jpg
2068.310546875	0.0	image/235	235	1058975	train2017/000000050256.jpg
2069.08203125	0.0	image/207	207	1059370	train2017/000000042578.jpg
2070.69921875	0.0	image/187	187	1060198	train2017/000000037779.jpg
2071.51171875	0.0	image/136	136	1060614	train2017/000000026388.jpg
2072.333984375	0.0	image/160	160	1061035	train2017/000000293130.jpg
2073.150390625	0.0	image/138	138	1061453	train2017/000000288751.jpg
2074.767578125	0.0	image/145	145	1062281	train2017/000000027298.jpg
2075.544921875	0.0	image/165	165	1062679	train2017/000000032275.jpg
2076.369140625	0.0	image/178	178	1063101	train2017/000000355458.jpg
2077.986328125	0.0	image/239	239	1063929	train2017/000000313480.jpg
2078.76953125	0.0	image/228	228	1064330	train2017/000000572215.jpg
2079.552734375	0.0	image/204	204	1064731	train2017/000000304187.jpg
2081.15234375	0.0	image/238	238	1065550	train2017/000000050624.jpg
2081.986328125	0.0	image/236	236	1065977	train2017/000000574760.jpg
2082.787109375	0.0	image/163	163	1066387	train2017/000000032134.jpg
2083.5703125	0.0	image/189	189	1066788	train2017/000000300881.jpg
2084.353515625	0.0	image/133	133	1067189	train2017/000000026029.jpg
2085.13671875	0.0	image/205	205	1067590	train2017/000000566341.jpg
2085.921875	0.0	image/151	151	1067992	train2017/000000553150.jpg
2086.720703125	0.0	image/167	167	1068401	train2017/000000032809.jpg
2087.552734375	0.0	image/220	220	1068827	train2017/000000569645.jpg
2088.37109375	0.0	image/147	147	1069246	train2017/000000289791.jpg
2089.171875	0.0	image/124	124	1069656	train2017/000000122964.jpg
2090.755859375	0.0	image/183	183	1070467	train2017/000000298395.jpg
2091.56640625	0.0	image/210	210	1070882	train2017/000000305685.jpg
2093.140625	0.0	image/166	166	1071688	train2017/000000556748.jpg
2093.923828125	0.0	image/151	151	1072089	train2017/000000553150.jpg
2094.7578125	0.0	image/192	192	1072516	train2017/000000225054.jpg
2095.568359375	0.0	image/134	134	1072931	train2017/000000550396.jpg
2096.333984375	0.0	image/234	234	1073323	train2017/000000312003.jpg
2097.150390625	0.0	image/139	139	1073741	train2017/000000026702.jpg
2097.958984375	0.0	image/126	126	1074155	train2017/000000547367.jpg
2098.75390625	0.0	image/148	148	1074562	train2017/000000027665.jpg
2099.57421875	0.0	image/198	198	1074982	train2017/000000303436.jpg
2101.19140625	0.0	image/168	168	1075810	train2017/000000557848.jpg
2101.9765625	0.0	image/166	166	1076212	train2017/000000556748.jpg
2102.806640625	0.0	image/181	181	1076637	train2017/000000035927.jpg
2103.5859375	0.0	image/202	202	1077036	train2017/000000566201.jpg
2104.41015625	0.0	image/180	180	1077458	train2017/000000297844.jpg
2105.205078125	0.0	image/122	122	1077865	train2017/000000546147.jpg
2106.009765625	0.0	image/142	142	1078277	train2017/000000027002.jpg
2106.7890625	0.0	image/155	155	1078676	train2017/000000029730.jpg
2107.560546875	0.0	image/147	147	1079071	train2017/000000289791.jpg
2108.34375	0.0	image/231	231	1079472	train2017/000000270325.jpg
2109.12890625	0.0	image/216	216	1079874	train2017/000000225829.jpg
2109.9453125	0.0	image/229	229	1080292	train2017/000000310870.jpg
2110.744140625	0.0	image/157	157	1080701	train2017/000000030109.jpg
2111.5625	0.0	image/214	214	1081120	train2017/000000306031.jpg
2113.11328125	0.0	image/219	219	1081914	train2017/000000219735.jpg
2113.896484375	0.0	image/124	124	1082315	train2017/000000122964.jpg
2114.724609375	0.0	image/222	222	1082739	train2017/000000308950.jpg
2115.51171875	0.0	image/199	199	1083142	train2017/000000565652.jpg
2116.27734375	0.0	image/161	161	1083534	train2017/000000293368.jpg
2117.080078125	0.0	image/142	142	1083945	train2017/000000027002.jpg
2117.896484375	0.0	image/203	203	1084363	train2017/000000566261.jpg
2118.697265625	0.0	image/179	179	1084773	train2017/000000559958.jpg
2119.513671875	0.0	image/213	213	1085191	train2017/000000043815.jpg
2120.294921875	0.0	image/156	156	1085591	train2017/000000029732.jpg
2121.115234375	0.0	image/122	122	1086011	train2017/000000546147.jpg
2121.9453125	0.0	image/218	218	1086436	train2017/000000569196.jpg
2122.732421875	0.0	image/197	197	1086839	train2017/000000303392.jpg
2123.52734375	0.0	image/188	188	1087246	train2017/000000037823.jpg
2124.345703125	0.0	image/133	133	1087665	train2017/000000026029.jpg
2125.1328125	0.0	image/175	175	1088068	train2017/000000559225.jpg
2125.9609375	0.0	image/186	186	1088492	train2017/000000037358.jpg
2127.55078125	0.0	image/182	182	1089306	train2017/000000298170.jpg
2128.3828125	0.0	image/229	229	1089732	train2017/000000310870.jpg
2129.16796875	0.0	image/125	125	1090134	train2017/000000022964.jpg
2129.984375	0.0	image/212	212	1090552	train2017/000000043776.jpg
2130.80078125	0.0	image/232	232	1090970	train2017/000000311232.jpg
2131.62890625	0.0	image/177	177	1091394	train2017/000000573830.jpg
2132.447265625	0.0	image/201	201	1091813	train2017/000000041606.jpg
2133.26171875	0.0	image/172	172	1092230	train2017/000000558822.jpg
2134.044921875	0.0	image/224	224	1092631	train2017/000000309192.jpg
2134.830078125	0.0	image/137	137	1093033	train2017/000000026443.jpg
2136.453125	0.0	image/155	155	1093864	train2017/000000029730.jpg
2137.26953125	0.0	image/123	123	1094282	train2017/000000022256.jpg
2138.0859375	0.0	image/233	233	1094700	train2017/000000532520.jpg
2138.904296875	0.0	image/157	157	1095119	train2017/000000030109.jpg
2139.71484375	0.0	image/159	159	1095534	train2017/000000292845.jpg
2140.482421875	0.0	image/230	230	1095927	train2017/000000573337.jpg
2141.287109375	0.0	image/127	127	1096339	train2017/000000285450.jpg
2142.0703125	0.0	image/139	139	1096740	train2017/000000026702.jpg
2142.87109375	0.0	image/128	128	1097150	train2017/000000547644.jpg
2143.689453125	0.0	image/178	178	1097569	train2017/000000355458.jpg
2144.5	0.0	image/200	200	1097984	train2017/000000565834.jpg
2145.265625	0.0	image/165	165	1098376	train2017/000000032275.jpg
2146.072265625	0.0	image/152	152	1098789	train2017/000000553166.jpg
2146.8671875	0.0	image/186	186	1099196	train2017/000000037358.jpg
2147.65625	0.0	image/172	172	1099600	train2017/000000558822.jpg
2148.490234375	0.0	image/236	236	1100027	train2017/000000574760.jpg
2149.267578125	0.0	image/159	159	1100425	train2017/000000292845.jpg
2150.052734375	0.0	image/189	189	1100827	train2017/000000300881.jpg
2150.8671875	0.0	image/228	228	1101244	train2017/000000572215.jpg
2151.669921875	0.0	image/173	173	1101655	train2017/000000559816.jpg
2152.490234375	0.0	image/182	182	1102075	train2017/000000298170.jpg
2153.3203125	0.0	image/202	202	1102500	train2017/000000566201.jpg
2154.1015625	0.0	image/209	209	1102900	train2017/000000043176.jpg
2155.703125	0.0	image/190	190	1103720	train2017/000000038801.jpg
2156.525390625	0.0	image/195	195	1104141	train2017/000000040685.jpg
2157.30859375	0.0	image/218	218	1104542	train2017/000000569196.jpg
2158.1171875	0.0	image/211	211	1104956	train2017/000000567837.jpg
2158.92578125	0.0	image/187	187	1105370	train2017/000000037779.jpg
2159.708984375	0.0	image/193	193	1105771	train2017/000000564465.jpg
2160.5390625	0.0	image/149	149	1106196	train2017/000000290192.jpg
2161.326171875	0.0	image/170	170	1106599	train2017/000000033727.jpg
2162.927734375	0.0	image/131	131	1107419	train2017/000000549301.jpg
2163.744140625	0.0	image/130	130	1107837	train2017/000000548593.jpg
2164.5390625	0.0	image/171	171	1108244	train2017/000000033764.jpg
2165.345703125	0.0	image/141	141	1108657	train2017/000000026981.jpg
2166.12890625	0.0	image/121	121	1109058	train2017/000000546140.jpg
2166.939453125	0.0	image/162	162	1109473	train2017/000000293372.jpg
2168.5234375	0.0	image/226	226	1110284	train2017/000000571499.jpg
2169.296875	0.0	image/221	221	1110680	train2017/000000575701.jpg
2170.9296875	0.0	image/148	148	1111516	train2017/000000027665.jpg
2171.763671875	0.0	image/197	197	1111943	train2017/000000303392.jpg
2172.564453125	0.0	image/137	137	1112353	train2017/000000026443.jpg
2173.361328125	0.0	image/176	176	1112761	train2017/000000297154.jpg
2174.14453125	0.0	image/162	162	1113162	train2017/000000293372.jpg
2174.931640625	0.0	image/215	215	1113565	train2017/000000306249.jpg
2182.103515625	0.0	image/270	270	1117237	train2017/000000058407.jpg
2182.912109375	0.0	image/253	253	1117651	train2017/000000054001.jpg
2183.73828125	0.0	image/310	310	1118074	train2017/000000330086.jpg
2185.3046875	0.0	image/262	262	1118876	train2017/000000318381.jpg
2186.10546875	0.0	image/286	286	1119286	train2017/000000323397.jpg
2186.9140625	0.0	image/252	252	1119700	train2017/000000578169.jpg
2187.716796875	0.0	image/347	347	1120111	train2017/000000074390.jpg
2189.35546875	0.0	image/263	263	1120950	train2017/000000318444.jpg
2190.171875	0.0	image/358	358	1121368	train2017/000000077870.jpg
2191.7734375	0.0	image/271	271	1122188	train2017/000000058465.jpg
2192.552734375	0.0	image/323	323	1122587	train2017/000000332574.jpg
2193.33984375	0.0	image/320	320	1122990	train2017/000000332448.jpg
2194.15234375	0.0	image/333	333	1123406	train2017/000000334011.jpg
2194.974609375	0.0	image/326	326	1123827	train2017/000000332875.jpg
2195.7578125	0.0	image/256	256	1124228	train2017/000000009199.jpg
2196.53515625	0.0	image/322	322	1124626	train2017/000000070421.jpg
2197.32421875	0.0	image/354	354	1125030	train2017/000000076476.jpg
2198.107421875	0.0	image/324	324	1125431	train2017/000000332692.jpg
2198.90234375	0.0	image/297	297	1125838	train2017/000000065012.jpg
2199.685546875	0.0	image/286	286	1126239	train2017/000000323397.jpg
2200.4921875	0.0	image/251	251	1126652	train2017/000000053778.jpg
2201.302734375	0.0	image/280	280	1127067	train2017/000000322255.jpg
2202.10546875	0.0	image/305	305	1127478	train2017/000000067347.jpg
2202.892578125	0.0	image/346	346	1127881	train2017/000000336374.jpg
2203.72265625	0.0	image/354	354	1128306	train2017/000000076476.jpg
2205.328125	0.0	image/303	303	1129128	train2017/000000328628.jpg
2206.10546875	0.0	image/269	269	1129526	train2017/000000320533.jpg
2206.91015625	0.0	image/304	304	1129938	train2017/000000066696.jpg
2207.72265625	0.0	image/254	254	1130354	train2017/000000317061.jpg
2208.544921875	0.0	image/265	265	1130775	train2017/000000580813.jpg
2209.328125	0.0	image/266	266	1131176	train2017/000000056837.jpg
2210.162109375	0.0	image/355	355	1131603	train2017/000000338670.jpg
2210.974609375	0.0	image/273	273	1132019	train2017/000000059321.jpg
2211.779296875	0.0	image/344	344	1132431	train2017/000000073997.jpg
2212.580078125	0.0	image/338	338	1132841	train2017/000000334772.jpg
2213.36328125	0.0	image/294	294	1133242	train2017/000000325710.jpg
2214.193359375	0.0	image/250	250	1133667	train2017/000000577964.jpg
2215.013671875	0.0	image/267	267	1134087	train2017/000000057631.jpg
2215.82421875	0.0	image/241	241	1134502	train2017/000000576011.jpg
2216.646484375	0.0	image/345	345	1134923	train2017/000000281567.jpg
2217.427734375	0.0	image/251	251	1135323	train2017/000000053778.jpg
2218.20703125	0.0	image/281	281	1135722	train2017/000000323010.jpg
2218.9921875	0.0	image/255	255	1136124	train2017/000000055184.jpg
2219.759765625	0.0	image/246	246	1136517	train2017/000000576749.jpg
2220.556640625	0.0	image/327	327	1136925	train2017/000000333152.jpg
2221.3125	0.0	image/294	294	1137312	train2017/000000325710.jpg
2222.916015625	0.0	image/343	343	1138133	train2017/000000335824.jpg
2223.7109375	0.0	image/276	276	1138540	train2017/000000322008.jpg
2224.478515625	0.0	image/261	261	1138933	train2017/000000317781.jpg
2225.265625	0.0	image/325	325	1139336	train2017/000000002349.jpg
2226.06640625	0.0	image/311	311	1139746	train2017/000000067961.jpg
2226.849609375	0.0	image/266	266	1140147	train2017/000000056837.jpg
2227.64453125	0.0	image/359	359	1140554	train2017/000000078000.jpg
2228.466796875	0.0	image/257	257	1140975	train2017/000000055206.jpg
2229.251953125	0.0	image/332	332	1141377	train2017/000000579906.jpg
2230.083984375	0.0	image/318	318	1141803	train2017/000000069705.jpg
2230.912109375	0.0	image/351	351	1142227	train2017/000000337479.jpg
2231.6796875	0.0	image/290	290	1142620	train2017/000000534553.jpg
2233.26953125	0.0	image/305	305	1143434	train2017/000000067347.jpg
2234.052734375	0.0	image/260	260	1143835	train2017/000000055514.jpg
2234.869140625	0.0	image/264	264	1144253	train2017/000000001877.jpg
2236.50390625	0.0	image/272	272	1145090	train2017/000000359337.jpg
2237.314453125	0.0	image/268	268	1145505	train2017/000000057796.jpg
2238.087890625	0.0	image/264	264	1145901	train2017/000000001877.jpg
2238.919921875	0.0	image/285	285	1146327	train2017/000000061174.jpg
2239.71484375	0.0	image/335	335	1146734	train2017/000000071927.jpg
2240.521484375	0.0	image/342	342	1147147	train2017/000000335688.jpg
2241.35546875	0.0	image/250	250	1147574	train2017/000000577964.jpg
2242.185546875	0.0	image/256	256	1147999	train2017/000000009199.jpg
2243.021484375	0.0	image/347	347	1148427	train2017/000000074390.jpg
2244.65625	0.0	image/309	309	1149264	train2017/000000330084.jpg
2245.470703125	0.0	image/321	321	1149681	train2017/000000332498.jpg
2246.2890625	0.0	image/288	288	1150100	train2017/000000061288.jpg
2247.068359375	0.0	image/301	301	1150499	train2017/000000066253.jpg
2247.873046875	0.0	image/278	278	1150911	train2017/000000009987.jpg
2248.65625	0.0	image/254	254	1151312	train2017/000000317061.jpg
2249.439453125	0.0	image/288	288	1151713	train2017/000000061288.jpg
2250.2734375	0.0	image/255	255	1152140	train2017/000000055184.jpg
2251.056640625	0.0	image/258	258	1152541	train2017/000000055294.jpg
2251.833984375	0.0	image/281	281	1152939	train2017/000000323010.jpg
2252.625	0.0	image/274	274	1153344	train2017/000000321902.jpg
2253.42578125	0.0	image/331	331	1153754	train2017/000000333654.jpg
2255.025390625	0.0	image/356	356	1154573	train2017/000000012795.jpg
2255.841796875	0.0	image/352	352	1154991	train2017/000000274776.jpg
2256.63671875	0.0	image/353	353	1155398	train2017/000000338169.jpg
2257.404296875	0.0	image/328	328	1155791	train2017/000000071429.jpg
2258.220703125	0.0	image/339	339	1156209	train2017/000000072715.jpg
2259.009765625	0.0	image/349	349	1156613	train2017/000000074714.jpg
2259.822265625	0.0	image/358	358	1157029	train2017/000000077870.jpg
2260.609375	0.0	image/270	270	1157432	train2017/000000058407.jpg
2261.388671875	0.0	image/287	287	1157831	train2017/000000061266.jpg
2262.16015625	0.0	image/311	311	1158226	train2017/000000067961.jpg
2262.939453125	0.0	image/319	319	1158625	train2017/000000332261.jpg
2263.76171875	0.0	image/357	357	1159046	train2017/000000338987.jpg
2264.5625	0.0	image/257	257	1159456	train2017/000000055206.jpg
2265.33984375	0.0	image/310	310	1159854	train2017/000000330086.jpg
2266.162109375	0.0	image/282	282	1160275	train2017/000000053842.jpg
2266.990234375	0.0	image/308	308	1160699	train2017/000000067623.jpg
2267.794921875	0.0	image/291	291	1161111	train2017/000000490875.jpg
2268.58984375	0.0	image/259	259	1161518	train2017/000000055402.jpg
2269.412109375	0.0	image/327	327	1161939	train2017/000000333152.jpg
2270.197265625	0.0	image/335	335	1162341	train2017/000000071927.jpg
2271.01171875	0.0	image/336	336	1162758	train2017/000000334208.jpg
2271.796875	0.0	image/308	308	1163160	train2017/000000067623.jpg
2272.625	0.0	image/359	359	1163584	train2017/000000078000.jpg
2273.4140625	0.0	image/298	298	1163988	train2017/000000065029.jpg
2274.248046875	0.0	image/316	316	1164415	train2017/000000246728.jpg
2275.03125	0.0	image/337	337	1164816	train2017/000000072095.jpg
2276.59375	0.0	image/269	269	1165616	train2017/000000320533.jpg
2277.3828125	0.0	image/342	342	1166020	train2017/000000335688.jpg
2278.181640625	0.0	image/312	312	1166429	train2017/000000068238.jpg
2279.0	0.0	image/289	289	1166848	train2017/000000061559.jpg
2279.826171875	0.0	image/350	350	1167271	train2017/000000074828.jpg
2280.642578125	0.0	image/336	336	1167689	train2017/000000334208.jpg
2281.416015625	0.0	image/261	261	1168085	train2017/000000317781.jpg
2282.19921875	0.0	image/332	332	1168486	train2017/000000579906.jpg
2283.0	0.0	image/315	315	1168896	train2017/000000068623.jpg
2283.783203125	0.0	image/246	246	1169297	train2017/000000576749.jpg
2284.568359375	0.0	image/249	249	1169699	train2017/000000577817.jpg
2285.36328125	0.0	image/291	291	1170106	train2017/000000490875.jpg
2286.162109375	0.0	image/348	348	1170515	train2017/000000074461.jpg
2286.984375	0.0	image/322	322	1170936	train2017/000000070421.jpg
2287.78125	0.0	image/258	258	1171344	train2017/000000055294.jpg
2288.55078125	0.0	image/331	331	1171738	train2017/000000333654.jpg
2289.3359375	0.0	image/340	340	1172140	train2017/000000335063.jpg
2290.1640625	0.0	image/259	259	1172564	train2017/000000055402.jpg
2290.96875	0.0	image/290	290	1172976	train2017/000000534553.jpg
2291.76953125	0.0	image/279	279	1173386	train2017/000000322246.jpg
2292.548828125	0.0	image/317	317	1173785	train2017/000000069625.jpg
2293.3359375	0.0	image/253	253	1174188	train2017/000000054001.jpg
2294.12109375	0.0	image/323	323	1174590	train2017/000000332574.jpg
2294.94921875	0.0	image/272	272	1175014	train2017/000000359337.jpg
2296.537109375	0.0	image/345	345	1175827	train2017/000000281567.jpg
2298.138671875	0.0	image/277	277	1176647	train2017/000000009983.jpg
2299.755859375	0.0	image/321	321	1177475	train2017/000000332498.jpg
2300.572265625	0.0	image/341	341	1177893	train2017/000000492851.jpg
2301.400390625	0.0	image/299	299	1178317	train2017/000000327191.jpg
2302.171875	0.0	image/348	348	1178712	train2017/000000074461.jpg
2303.0	0.0	image/337	337	1179136	train2017/000000072095.jpg
2303.82421875	0.0	image/300	300	1179558	train2017/000000065400.jpg
2304.650390625	0.0	image/273	273	1179981	train2017/000000059321.jpg
2305.435546875	0.0	image/317	317	1180383	train2017/000000069625.jpg
2306.240234375	0.0	image/301	301	1180795	train2017/000000066253.jpg
2307.056640625	0.0	image/315	315	1181213	train2017/000000068623.jpg
2307.890625	0.0	image/302	302	1181640	train2017/000000328454.jpg
2308.703125	0.0	image/314	314	1182056	train2017/000000055090.jpg
2309.525390625	0.0	image/248	248	1182477	train2017/000000455691.jpg
2310.353515625	0.0	image/295	295	1182901	train2017/000000010743.jpg
2311.158203125	0.0	image/325	325	1183313	train2017/000000002349.jpg
2311.986328125	0.0	image/306	306	1183737	train2017/000000281575.jpg
2312.75390625	0.0	image/360	360	1184130	train2017/000000078042.jpg
2313.54296875	0.0	image/242	242	1184534	train2017/000000051774.jpg
2314.359375	0.0	image/277	277	1184952	train2017/000000009983.jpg
2315.193359375	0.0	image/283	283	1185379	train2017/000000359687.jpg
2316.005859375	0.0	image/243	243	1185795	train2017/000000560396.jpg
2316.828125	0.0	image/278	278	1186216	train2017/000000009987.jpg
2317.642578125	0.0	image/293	293	1186633	train2017/000000062547.jpg
2318.4609375	0.0	image/283	283	1187052	train2017/000000359687.jpg
2319.244140625	0.0	image/304	304	1187453	train2017/000000066696.jpg
2320.0625	0.0	image/349	349	1187872	train2017/000000074714.jpg
2320.845703125	0.0	image/275	275	1188273	train2017/000000403184.jpg
2321.62890625	0.0	image/276	276	1188674	train2017/000000322008.jpg
2322.412109375	0.0	image/341	341	1189075	train2017/000000492851.jpg
2323.212890625	0.0	image/244	244	1189485	train2017/000000314379.jpg
2324.046875	0.0	image/274	274	1189912	train2017/000000321902.jpg
2324.86328125	0.0	image/312	312	1190330	train2017/000000068238.jpg
2325.6640625	0.0	image/344	344	1190740	train2017/000000073997.jpg
2326.44140625	0.0	image/313	313	1191138	train2017/000000011373.jpg
2327.240234375	0.0	image/247	247	1191547	train2017/000000576789.jpg
2328.041015625	0.0	image/242	242	1191957	train2017/000000051774.jpg
2328.814453125	0.0	image/318	318	1192353	train2017/000000069705.jpg
2329.642578125	0.0	image/326	326	1192777	train2017/000000332875.jpg
2330.41015625	0.0	image/307	307	1193170	train2017/000000329641.jpg
2331.2265625	0.0	image/245	245	1193588	train2017/000000052348.jpg
2332.015625	0.0	image/328	328	1193992	train2017/000000071429.jpg
2333.6328125	0.0	image/319	319	1194820	train2017/000000332261.jpg
2335.232421875	0.0	image/262	262	1195639	train2017/000000318381.jpg
2336.06640625	0.0	image/282	282	1196066	train2017/000000053842.jpg
2336.84375	0.0	image/267	267	1196464	train2017/000000057631.jpg
2337.61328125	0.0	image/289	289	1196858	train2017/000000061559.jpg
2338.427734375	0.0	image/350	350	1197275	train2017/000000074828.jpg
2339.984375	0.0	image/307	307	1198072	train2017/000000329641.jpg
2341.583984375	0.0	image/338	338	1198891	train2017/000000334772.jpg
2342.37890625	0.0	image/247	247	1199298	train2017/000000576789.jpg
2343.185546875	0.0	image/263	263	1199711	train2017/000000318444.jpg
2343.986328125	0.0	image/260	260	1200121	train2017/000000055514.jpg
2344.80078125	0.0	image/316	316	1200538	train2017/000000246728.jpg
2345.603515625	0.0	image/302	302	1200949	train2017/000000328454.jpg
2346.431640625	0.0	image/245	245	1201373	train2017/000000052348.jpg
2347.236328125	0.0	image/329	329	1201785	train2017/000000333615.jpg
2348.853515625	0.0	image/339	339	1202613	train2017/000000072715.jpg
2350.470703125	0.0	image/360	360	1203441	train2017/000000078042.jpg
2351.25390625	0.0	image/296	296	1203842	train2017/000000064534.jpg
2352.0546875	0.0	image/284	284	1204252	train2017/000000323182.jpg
2352.833984375	0.0	image/285	285	1204651	train2017/000000061174.jpg
2353.654296875	0.0	image/300	300	1205071	train2017/000000065400.jpg
2355.255859375	0.0	image/279	279	1205891	train2017/000000322246.jpg
2356.0390625	0.0	image/271	271	1206292	train2017/000000058465.jpg
2356.849609375	0.0	image/299	299	1206707	train2017/000000327191.jpg
2358.45703125	0.0	image/340	340	1207530	train2017/000000335063.jpg
2359.234375	0.0	image/320	320	1207928	train2017/000000332448.jpg
2360.0234375	0.0	image/297	297	1208332	train2017/000000065012.jpg
2360.841796875	0.0	image/244	244	1208751	train2017/000000314379.jpg
2361.65234375	0.0	image/252	252	1209166	train2017/000000578169.jpg
2362.474609375	0.0	image/334	334	1209587	train2017/000000334048.jpg
2363.30859375	0.0	image/306	306	1210014	train2017/000000281575.jpg
2364.107421875	0.0	image/292	292	1210423	train2017/000000323970.jpg
2364.919921875	0.0	image/284	284	1210839	train2017/000000323182.jpg
2365.708984375	0.0	image/329	329	1211243	train2017/000000333615.jpg
2366.509765625	0.0	image/313	313	1211653	train2017/000000011373.jpg
2367.30859375	0.0	image/309	309	1212062	train2017/000000330084.jpg
2368.087890625	0.0	image/357	357	1212461	train2017/000000338987.jpg
2369.66015625	0.0	image/280	280	1213266	train2017/000000322255.jpg
2371.2734375	0.0	image/293	293	1214092	train2017/000000062547.jpg
2372.08984375	0.0	image/241	241	1214510	train2017/000000576011.jpg
2372.87109375	0.0	image/330	330	1214910	train2017/000000333629.jpg
2373.65625	0.0	image/314	314	1215312	train2017/000000055090.jpg
2374.427734375	0.0	image/356	356	1215707	train2017/000000012795.jpg
2375.2109375	0.0	image/346	346	1216108	train2017/000000336374.jpg
2375.98828125	0.0	image/292	292	1216506	train2017/000000323970.jpg
2376.810546875	0.0	image/343	343	1216927	train2017/000000335824.jpg
2377.646484375	0.0	image/275	275	1217355	train2017/000000403184.jpg
2378.44140625	0.0	image/351	351	1217762	train2017/000000337479.jpg
2379.212890625	0.0	image/295	295	1218157	train2017/000000010743.jpg
2380.041015625	0.0	image/243	243	1218581	train2017/000000560396.jpg
2380.841796875	0.0	image/298	298	1218991	train2017/000000065029.jpg
2381.630859375	0.0	image/333	333	1219395	train2017/000000334011.jpg
2383.248046875	0.0	image/249	249	1220223	train2017/000000577817.jpg
2384.03125	0.0	image/355	355	1220624	train2017/000000338670.jpg
2384.84765625	0.0	image/303	303	1221042	train2017/000000328628.jpg
2385.6484375	0.0	image/287	287	1221452	train2017/000000061266.jpg
2386.4453125	0.0	image/330	330	1221860	train2017/000000333629.jpg
2387.259765625	0.0	image/248	248	1222277	train2017/000000455691.jpg
2388.064453125	0.0	image/268	268	1222689	train2017/000000057796.jpg
2388.89453125	0.0	image/353	353	1223114	train2017/000000338169.jpg
2389.681640625	0.0	image/334	334	1223517	train2017/000000334048.jpg
2390.482421875	0.0	image/352	352	1223927	train2017/000000274776.jpg
2391.31640625	0.0	image/296	296	1224354	train2017/000000064534.jpg
2392.1328125	0.0	image/265	265	1224772	train2017/000000580813.jpg
2392.916015625	0.0	image/324	324	1225173	train2017/000000332692.jpg
2400.244140625	0.0	image/384	384	1228925	train2017/000000345725.jpg
2401.078125	0.0	image/365	365	1229352	train2017/000000080084.jpg
2401.876953125	0.0	image/364	364	1229761	train2017/000000275335.jpg
2402.6953125	0.0	image/461	461	1230180	train2017/000000106107.jpg
2403.478515625	0.0	image/473	473	1230581	train2017/000000372959.jpg
2404.26171875	0.0	image/432	432	1230982	train2017/000000096161.jpg
2405.09765625	0.0	image/436	436	1231410	train2017/000000098480.jpg
2406.712890625	0.0	image/391	391	1232237	train2017/000000346795.jpg
2408.294921875	0.0	image/440	440	1233047	train2017/000000361197.jpg
2409.10546875	0.0	image/367	367	1233462	train2017/000000080619.jpg
2409.896484375	0.0	image/412	412	1233867	train2017/000000408492.jpg
2410.724609375	0.0	image/388	388	1234291	train2017/000000084174.jpg
2411.53125	0.0	image/452	452	1234704	train2017/000000365218.jpg
2412.30859375	0.0	image/394	394	1235102	train2017/000000087126.jpg
2413.111328125	0.0	image/383	383	1235513	train2017/000000083393.jpg
2413.9140625	0.0	image/427	427	1235924	train2017/000000357228.jpg
2414.708984375	0.0	image/381	381	1236331	train2017/000000082770.jpg
2415.4921875	0.0	image/447	447	1236732	train2017/000000100863.jpg
2416.283203125	0.0	image/387	387	1237137	train2017/000000083738.jpg
2417.09375	0.0	image/423	423	1237552	train2017/000000355622.jpg
2417.912109375	0.0	image/408	408	1237971	train2017/000000352861.jpg
2419.515625	0.0	image/476	476	1238792	train2017/000000112734.jpg
2421.083984375	0.0	image/427	427	1239595	train2017/000000357228.jpg
2421.908203125	0.0	image/463	463	1240017	train2017/000000369171.jpg
2422.716796875	0.0	image/410	410	1240431	train2017/000000090994.jpg
2423.5	0.0	image/393	393	1240832	train2017/000000086811.jpg
2424.296875	0.0	image/451	451	1241240	train2017/000000365003.jpg
2425.119140625	0.0	image/430	430	1241661	train2017/000000357865.jpg
2425.947265625	0.0	image/477	477	1242085	train2017/000000113593.jpg
2426.73046875	0.0	image/423	423	1242486	train2017/000000355622.jpg
2427.53515625	0.0	image/363	363	1242898	train2017/000000079111.jpg
2428.3515625	0.0	image/386	386	1243316	train2017/000000083632.jpg
2429.15234375	0.0	image/442	442	1243726	train2017/000000361648.jpg
2429.966796875	0.0	image/433	433	1244143	train2017/000000359085.jpg
2430.73046875	0.0	image/376	376	1244534	train2017/000000081995.jpg
2431.552734375	0.0	image/380	380	1244955	train2017/000000082650.jpg
2432.3359375	0.0	image/375	375	1245356	train2017/000000081961.jpg
2433.115234375	0.0	image/377	377	1245755	train2017/000000450584.jpg
2433.919921875	0.0	image/406	406	1246167	train2017/000000352236.jpg
2434.75390625	0.0	image/426	426	1246594	train2017/000000357074.jpg
2435.55078125	0.0	image/456	456	1247002	train2017/000000104081.jpg
2436.337890625	0.0	image/470	470	1247405	train2017/000000110611.jpg
2437.1484375	0.0	image/454	454	1247820	train2017/000000366146.jpg
2437.955078125	0.0	image/464	464	1248233	train2017/000000369230.jpg
2438.783203125	0.0	image/479	479	1248657	train2017/000000114077.jpg
2439.599609375	0.0	image/407	407	1249075	train2017/000000352724.jpg
2440.421875	0.0	image/392	392	1249496	train2017/000000348204.jpg
2441.216796875	0.0	image/442	442	1249903	train2017/000000361648.jpg
2441.984375	0.0	image/420	420	1250296	train2017/000000092353.jpg
2442.7890625	0.0	image/476	476	1250708	train2017/000000112734.jpg
2443.6015625	0.0	image/435	435	1251124	train2017/000000097218.jpg
2444.390625	0.0	image/480	480	1251528	train2017/000000376407.jpg
2445.21875	0.0	image/434	434	1251952	train2017/000000097201.jpg
2446.01953125	0.0	image/400	400	1252362	train2017/000000350299.jpg
2446.78515625	0.0	image/361	361	1252754	train2017/000000340317.jpg
2447.583984375	0.0	image/403	403	1253163	train2017/000000089908.jpg
2448.3515625	0.0	image/371	371	1253556	train2017/000000081365.jpg
2449.15234375	0.0	image/382	382	1253966	train2017/000000345149.jpg
2449.951171875	0.0	image/368	368	1254375	train2017/000000008471.jpg
2450.759765625	0.0	image/437	437	1254789	train2017/000000060117.jpg
2451.552734375	0.0	image/366	366	1255195	train2017/000000080275.jpg
2452.3203125	0.0	image/399	399	1255588	train2017/000000320508.jpg
2453.109375	0.0	image/460	460	1255992	train2017/000000367552.jpg
2453.904296875	0.0	image/362	362	1256399	train2017/000000340734.jpg
2455.4765625	0.0	image/410	410	1257204	train2017/000000090994.jpg
2456.294921875	0.0	image/368	368	1257623	train2017/000000008471.jpg
2457.08984375	0.0	image/458	458	1258030	train2017/000000104502.jpg
2457.908203125	0.0	image/401	401	1258449	train2017/000000088414.jpg
2458.677734375	0.0	image/452	452	1258843	train2017/000000365218.jpg
2459.47265625	0.0	image/411	411	1259250	train2017/000000091005.jpg
2460.279296875	0.0	image/460	460	1259663	train2017/000000367552.jpg
2461.107421875	0.0	image/397	397	1260087	train2017/000000087334.jpg
2461.873046875	0.0	image/384	384	1260479	train2017/000000345725.jpg
2462.6953125	0.0	image/462	462	1260900	train2017/000000368852.jpg
2463.52734375	0.0	image/446	446	1261326	train2017/000000100599.jpg
2464.30859375	0.0	image/412	412	1261726	train2017/000000408492.jpg
2465.130859375	0.0	image/466	466	1262147	train2017/000000107204.jpg
2466.7578125	0.0	image/408	408	1262980	train2017/000000352861.jpg
2467.564453125	0.0	image/403	403	1263393	train2017/000000089908.jpg
2468.34765625	0.0	image/405	405	1263794	train2017/000000189765.jpg
2469.158203125	0.0	image/372	372	1264209	train2017/000000081474.jpg
2469.931640625	0.0	image/419	419	1264605	train2017/000000092288.jpg
2470.732421875	0.0	image/478	478	1265015	train2017/000000114035.jpg
2472.298828125	0.0	image/468	468	1265817	train2017/000000542304.jpg
2473.09765625	0.0	image/440	440	1266226	train2017/000000361197.jpg
2473.8828125	0.0	image/477	477	1266628	train2017/000000113593.jpg
2474.68359375	0.0	image/474	474	1267038	train2017/000000373679.jpg
2475.48046875	0.0	image/367	367	1267446	train2017/000000080619.jpg
2476.244140625	0.0	image/466	466	1267837	train2017/000000107204.jpg
2477.06640625	0.0	image/409	409	1268258	train2017/000000090827.jpg
2477.861328125	0.0	image/472	472	1268665	train2017/000000110780.jpg
2478.66796875	0.0	image/479	479	1269078	train2017/000000114077.jpg
2479.478515625	0.0	image/411	411	1269493	train2017/000000091005.jpg
2480.28125	0.0	image/414	414	1269904	train2017/000000091784.jpg
2481.90234375	0.0	image/445	445	1270734	train2017/000000362677.jpg
2482.736328125	0.0	image/462	462	1271161	train2017/000000368852.jpg
2484.369140625	0.0	image/413	413	1271997	train2017/000000364806.jpg
2485.169921875	0.0	image/448	448	1272407	train2017/000000101069.jpg
2486.787109375	0.0	image/433	433	1273235	train2017/000000359085.jpg
2487.5859375	0.0	image/468	468	1273644	train2017/000000542304.jpg
2488.419921875	0.0	image/434	434	1274071	train2017/000000097201.jpg
2489.212890625	0.0	image/361	361	1274477	train2017/000000340317.jpg
2490.037109375	0.0	image/415	415	1274899	train2017/000000354045.jpg
2490.837890625	0.0	image/430	430	1275309	train2017/000000357865.jpg
2491.62109375	0.0	image/470	470	1275710	train2017/000000110611.jpg
2492.4375	0.0	image/388	388	1276128	train2017/000000084174.jpg
2493.267578125	0.0	image/369	369	1276553	train2017/000000080987.jpg
2494.087890625	0.0	image/401	401	1276973	train2017/000000088414.jpg
2495.72265625	0.0	image/471	471	1277810	train2017/000000372775.jpg
2496.505859375	0.0	image/407	407	1278211	train2017/000000352724.jpg
2497.28515625	0.0	image/478	478	1278610	train2017/000000114035.jpg
2498.1015625	0.0	image/469	469	1279028	train2017/000000370369.jpg
2499.673828125	0.0	image/371	371	1279833	train2017/000000081365.jpg
2500.490234375	0.0	image/473	473	1280251	train2017/000000372959.jpg
2501.291015625	0.0	image/455	455	1280661	train2017/000000104044.jpg
2502.068359375	0.0	image/374	374	1281059	train2017/000000046372.jpg
2502.869140625	0.0	image/441	441	1281469	train2017/000000099363.jpg
2503.69140625	0.0	image/449	449	1281890	train2017/000000101952.jpg
2504.51953125	0.0	image/370	370	1282314	train2017/000000081105.jpg
2505.302734375	0.0	image/424	424	1282715	train2017/000000277778.jpg
2506.103515625	0.0	image/396	396	1283125	train2017/000000349363.jpg
2507.708984375	0.0	image/467	467	1283947	train2017/000000017935.jpg
2508.52734375	0.0	image/393	393	1284366	train2017/000000086811.jpg
2509.3046875	0.0	image/383	383	1284764	train2017/000000083393.jpg
2510.111328125	0.0	image/400	400	1285177	train2017/000000350299.jpg
2510.939453125	0.0	image/373	373	1285601	train2017/000000081841.jpg
2511.7265625	0.0	image/404	404	1286004	train2017/000000352129.jpg
2512.5234375	0.0	image/417	417	1286412	train2017/000000092001.jpg
2513.322265625	0.0	image/424	424	1286821	train2017/000000277778.jpg
2514.14453125	0.0	image/422	422	1287242	train2017/000000059194.jpg
2514.923828125	0.0	image/453	453	1287641	train2017/000000103366.jpg
2515.740234375	0.0	image/465	465	1288059	train2017/000000369253.jpg
2516.5625	0.0	image/381	381	1288480	train2017/000000082770.jpg
2517.33984375	0.0	image/435	435	1288878	train2017/000000097218.jpg
2518.123046875	0.0	image/469	469	1289279	train2017/000000370369.jpg
2518.896484375	0.0	image/457	457	1289675	train2017/000000366396.jpg
2519.697265625	0.0	image/421	421	1290085	train2017/000000354761.jpg
2520.48046875	0.0	image/374	374	1290486	train2017/000000046372.jpg
2521.314453125	0.0	image/438	438	1290913	train2017/000000147547.jpg
2522.947265625	0.0	image/409	409	1291749	train2017/000000090827.jpg
2523.763671875	0.0	image/378	378	1292167	train2017/000000319517.jpg
2524.54296875	0.0	image/471	471	1292566	train2017/000000372775.jpg
2525.33203125	0.0	image/425	425	1292970	train2017/000000356771.jpg
2526.115234375	0.0	image/402	402	1293371	train2017/000000088835.jpg
2526.8984375	0.0	image/444	444	1293772	train2017/000000100396.jpg
2527.732421875	0.0	image/366	366	1294199	train2017/000000080275.jpg
2528.533203125	0.0	image/432	432	1294609	train2017/000000096161.jpg
2530.1171875	0.0	image/447	447	1295420	train2017/000000100863.jpg
2530.94921875	0.0	image/428	428	1295846	train2017/000000095176.jpg
2531.767578125	0.0	image/480	480	1296265	train2017/000000376407.jpg
2532.58203125	0.0	image/373	373	1296682	train2017/000000081841.jpg
2533.361328125	0.0	image/420	420	1297081	train2017/000000092353.jpg
2534.150390625	0.0	image/419	419	1297485	train2017/000000092288.jpg
2534.93359375	0.0	image/394	394	1297886	train2017/000000087126.jpg
2535.712890625	0.0	image/416	416	1298285	train2017/000000354095.jpg
2536.51171875	0.0	image/390	390	1298694	train2017/000000346754.jpg
2537.318359375	0.0	image/405	405	1299107	train2017/000000189765.jpg
2538.12890625	0.0	image/416	416	1299522	train2017/000000354095.jpg
2539.703125	0.0	image/463	463	1300328	train2017/000000369171.jpg
2540.501953125	0.0	image/443	443	1300737	train2017/000000099580.jpg
2541.318359375	0.0	image/454	454	1301155	train2017/000000366146.jpg
2542.103515625	0.0	image/414	414	1301557	train2017/000000091784.jpg
2542.931640625	0.0	image/456	456	1301981	train2017/000000104081.jpg
2543.736328125	0.0	image/385	385	1302393	train2017/000000345751.jpg
2544.548828125	0.0	image/459	459	1302809	train2017/000000366802.jpg
2545.349609375	0.0	image/395	395	1303219	train2017/000000087146.jpg
2546.12109375	0.0	image/444	444	1303614	train2017/000000100396.jpg
2546.94921875	0.0	image/379	379	1304038	train2017/000000569678.jpg
2547.732421875	0.0	image/417	417	1304439	train2017/000000092001.jpg
2548.5	0.0	image/406	406	1304832	train2017/000000352236.jpg
2549.306640625	0.0	image/475	475	1305245	train2017/000000373970.jpg
2550.1328125	0.0	image/441	441	1305668	train2017/000000099363.jpg
2550.90625	0.0	image/378	378	1306064	train2017/000000319517.jpg
2551.689453125	0.0	image/362	362	1306465	train2017/000000340734.jpg
2552.466796875	0.0	image/389	389	1306863	train2017/000000346583.jpg
2553.26953125	0.0	image/385	385	1307274	train2017/000000345751.jpg
2554.08984375	0.0	image/413	413	1307694	train2017/000000364806.jpg
2554.90625	0.0	image/450	450	1308112	train2017/000000570785.jpg
2555.69140625	0.0	image/364	364	1308514	train2017/000000275335.jpg
2556.5078125	0.0	image/386	386	1308932	train2017/000000083632.jpg
2557.302734375	0.0	image/467	467	1309339	train2017/000000017935.jpg
2558.125	0.0	image/398	398	1309760	train2017/000000087871.jpg
2558.953125	0.0	image/465	465	1310184	train2017/000000369253.jpg
2559.775390625	0.0	image/458	458	1310605	train2017/000000104502.jpg
2560.591796875	0.0	image/453	453	1311023	train2017/000000103366.jpg
2561.408203125	0.0	image/392	392	1311441	train2017/000000348204.jpg
2563.009765625	0.0	image/431	431	1312261	train2017/000000095828.jpg
2563.7890625	0.0	image/429	429	1312660	train2017/000000095337.jpg
2564.560546875	0.0	image/450	450	1313055	train2017/000000570785.jpg
2566.177734375	0.0	image/380	380	1313883	train2017/000000082650.jpg
2567.005859375	0.0	image/376	376	1314307	train2017/000000081995.jpg
2567.771484375	0.0	image/443	443	1314699	train2017/000000099580.jpg
2569.412109375	0.0	image/404	404	1315539	train2017/000000352129.jpg
2570.228515625	0.0	image/449	449	1315957	train2017/000000101952.jpg
2571.029296875	0.0	image/397	397	1316367	train2017/000000087334.jpg
2571.83984375	0.0	image/448	448	1316782	train2017/000000101069.jpg
2572.61328125	0.0	image/445	445	1317178	train2017/000000362677.jpg
2573.4453125	0.0	image/372	372	1317604	train2017/000000081474.jpg
2574.228515625	0.0	image/402	402	1318005	train2017/000000088835.jpg
2575.029296875	0.0	image/451	451	1318415	train2017/000000365003.jpg
2575.83984375	0.0	image/455	455	1318830	train2017/000000104044.jpg
2576.646484375	0.0	image/464	464	1319243	train2017/000000369230.jpg
2577.4296875	0.0	image/398	398	1319644	train2017/000000087871.jpg
2578.2265625	0.0	image/421	421	1320052	train2017/000000354761.jpg
2578.9921875	0.0	image/395	395	1320444	train2017/000000087146.jpg
2579.78125	0.0	image/446	446	1320848	train2017/000000100599.jpg
2580.564453125	0.0	image/415	415	1321249	train2017/000000354045.jpg
2581.34765625	0.0	image/439	439	1321650	train2017/000000361193.jpg
2582.142578125	0.0	image/474	474	1322057	train2017/000000373679.jpg
2582.94921875	0.0	image/431	431	1322470	train2017/000000095828.jpg
2583.75	0.0	image/418	418	1322880	train2017/000000092221.jpg
2584.548828125	0.0	image/363	363	1323289	train2017/000000079111.jpg
2585.349609375	0.0	image/387	387	1323699	train2017/000000083738.jpg
2586.1796875	0.0	image/399	399	1324124	train2017/000000320508.jpg
2586.994140625	0.0	image/375	375	1324541	train2017/000000081961.jpg
2587.794921875	0.0	image/426	426	1324951	train2017/000000357074.jpg
2589.41796875	0.0	image/370	370	1325782	train2017/000000081105.jpg
2590.228515625	0.0	image/439	439	1326197	train2017/000000361193.jpg
2591.044921875	0.0	image/459	459	1326615	train2017/000000366802.jpg
2591.818359375	0.0	image/418	418	1327011	train2017/000000092221.jpg
2592.65234375	0.0	image/437	437	1327438	train2017/000000060117.jpg
2593.435546875	0.0	image/365	365	1327839	train2017/000000080084.jpg
2594.248046875	0.0	image/438	438	1328255	train2017/000000147547.jpg
2595.01953125	0.0	image/472	472	1328650	train2017/000000110780.jpg
2596.580078125	0.0	image/457	457	1329449	train2017/000000366396.jpg
2597.369140625	0.0	image/382	382	1329853	train2017/000000345149.jpg
2598.1875	0.0	image/422	422	1330272	train2017/000000059194.jpg
2599.001953125	0.0	image/391	391	1330689	train2017/000000346795.jpg
2599.798828125	0.0	image/390	390	1331097	train2017/000000346754.jpg
2600.603515625	0.0	image/429	429	1331509	train2017/000000095337.jpg
2601.43359375	0.0	image/461	461	1331934	train2017/000000106107.jpg
2602.23828125	0.0	image/396	396	1332346	train2017/000000349363.jpg
2603.015625	0.0	image/389	389	1332744	train2017/000000346583.jpg
2604.60546875	0.0	image/379	379	1333558	train2017/000000569678.jpg
2605.439453125	0.0	image/377	377	1333985	train2017/000000450584.jpg
2606.255859375	0.0	image/436	436	1334403	train2017/000000098480.jpg
2607.873046875	0.0	image/369	369	1335231	train2017/000000080987.jpg
2609.45703125	0.0	image/428	428	1336042	train2017/000000095176.jpg
2610.236328125	0.0	image/475	475	1336441	train2017/000000373970.jpg
2611.056640625	0.0	image/425	425	1336861	train2017/000000356771.jpg
2619.03125	0.0	image/517	517	1340944	train2017/000000123891.jpg
2619.814453125	0.0	image/596	596	1341345	train2017/000000405215.jpg
2620.623046875	0.0	image/582	582	1341759	train2017/000000140590.jpg
2621.416015625	0.0	image/531	531	1342165	train2017/000000391754.jpg
2622.21484375	0.0	image/571	571	1342574	train2017/000000229233.jpg
2623.048828125	0.0	image/491	491	1343001	train2017/000000116603.jpg
2624.6328125	0.0	image/482	482	1343812	train2017/000000376643.jpg
2625.4296875	0.0	image/502	502	1344220	train2017/000000120655.jpg
2626.234375	0.0	image/501	501	1344632	train2017/000000353175.jpg
2627.01171875	0.0	image/548	548	1345030	train2017/000000395775.jpg
2627.779296875	0.0	image/559	559	1345423	train2017/000000135965.jpg
2629.3671875	0.0	image/579	579	1346236	train2017/000000139815.jpg
2630.15234375	0.0	image/494	494	1346638	train2017/000000380227.jpg
2630.947265625	0.0	image/566	566	1347045	train2017/000000399835.jpg
2631.767578125	0.0	image/543	543	1347465	train2017/000000131763.jpg
2632.59765625	0.0	image/597	597	1347890	train2017/000000143245.jpg
2633.419921875	0.0	image/505	505	1348311	train2017/000000120987.jpg
2634.21484375	0.0	image/526	526	1348718	train2017/000000389582.jpg
2635.01953125	0.0	image/494	494	1349130	train2017/000000380227.jpg
2635.830078125	0.0	image/551	551	1349545	train2017/000000134169.jpg
2637.419921875	0.0	image/560	560	1350359	train2017/000000136111.jpg
2638.220703125	0.0	image/519	519	1350769	train2017/000000124747.jpg
2638.998046875	0.0	image/530	530	1351167	train2017/000000391678.jpg
2639.798828125	0.0	image/559	559	1351577	train2017/000000135965.jpg
2640.572265625	0.0	image/584	584	1351973	train2017/000000285588.jpg
2641.3828125	0.0	image/546	546	1352388	train2017/000000133281.jpg
2642.98828125	0.0	image/550	550	1353210	train2017/000000066014.jpg
2643.818359375	0.0	image/568	568	1353635	train2017/000000399984.jpg
2644.58984375	0.0	image/514	514	1354030	train2017/000000282707.jpg
2646.189453125	0.0	image/535	535	1354849	train2017/000000392851.jpg
2647.005859375	0.0	image/583	583	1355267	train2017/000000198195.jpg
2647.833984375	0.0	image/534	534	1355691	train2017/000000130681.jpg
2648.62109375	0.0	image/541	541	1356094	train2017/000000131524.jpg
2649.423828125	0.0	image/563	563	1356505	train2017/000000398540.jpg
2650.251953125	0.0	image/483	483	1356929	train2017/000000376858.jpg
2651.07421875	0.0	image/530	530	1357350	train2017/000000391678.jpg
2652.69140625	0.0	image/579	579	1358178	train2017/000000139815.jpg
2653.474609375	0.0	image/501	501	1358579	train2017/000000353175.jpg
2654.25390625	0.0	image/551	551	1358978	train2017/000000134169.jpg
2655.076171875	0.0	image/505	505	1359399	train2017/000000120987.jpg
2655.859375	0.0	image/597	597	1359800	train2017/000000143245.jpg
2656.63671875	0.0	image/557	557	1360198	train2017/000000022627.jpg
2657.421875	0.0	image/534	534	1360600	train2017/000000130681.jpg
2658.2421875	0.0	image/544	544	1361020	train2017/000000394008.jpg
2659.0546875	0.0	image/568	568	1361436	train2017/000000399984.jpg
2659.859375	0.0	image/549	549	1361848	train2017/000000197068.jpg
2660.6875	0.0	image/598	598	1362272	train2017/000000405437.jpg
2661.48828125	0.0	image/537	537	1362682	train2017/000000371353.jpg
2662.279296875	0.0	image/514	514	1363087	train2017/000000282707.jpg
2663.0546875	0.0	image/561	561	1363484	train2017/000000136142.jpg
2663.857421875	0.0	image/512	512	1363895	train2017/000000122811.jpg
2664.64453125	0.0	image/564	564	1364298	train2017/000000399162.jpg
2665.4453125	0.0	image/567	567	1364708	train2017/000000137706.jpg
2666.228515625	0.0	image/573	573	1365109	train2017/000000138904.jpg
2667.830078125	0.0	image/518	518	1365929	train2017/000000124711.jpg
2668.607421875	0.0	image/492	492	1366327	train2017/000000150636.jpg
2669.390625	0.0	image/546	546	1366728	train2017/000000133281.jpg
2670.197265625	0.0	image/552	552	1367141	train2017/000000396550.jpg
2670.9921875	0.0	image/520	520	1367548	train2017/000000125042.jpg
2671.791015625	0.0	image/523	523	1367957	train2017/000000125703.jpg
2672.61328125	0.0	image/547	547	1368378	train2017/000000395758.jpg
2673.3984375	0.0	image/500	500	1368780	train2017/000000381961.jpg
2674.21484375	0.0	image/560	560	1369198	train2017/000000136111.jpg
2675.015625	0.0	image/569	569	1369608	train2017/000000138153.jpg
2675.79296875	0.0	image/522	522	1370006	train2017/000000125586.jpg
2676.578125	0.0	image/492	492	1370408	train2017/000000150636.jpg
2677.3828125	0.0	image/521	521	1370820	train2017/000000387318.jpg
2678.16015625	0.0	image/586	586	1371218	train2017/000000154556.jpg
2678.94921875	0.0	image/510	510	1371622	train2017/000000544738.jpg
2679.765625	0.0	image/571	571	1372040	train2017/000000229233.jpg
2680.599609375	0.0	image/487	487	1372467	train2017/000000115637.jpg
2681.3828125	0.0	image/555	555	1372868	train2017/000000397192.jpg
2682.216796875	0.0	image/570	570	1373295	train2017/000000400581.jpg
2683.8515625	0.0	image/487	487	1374132	train2017/000000115637.jpg
2684.68359375	0.0	image/493	493	1374558	train2017/000000379713.jpg
2685.517578125	0.0	image/545	545	1374985	train2017/000000131967.jpg
2686.333984375	0.0	image/489	489	1375403	train2017/000000115967.jpg
2687.16796875	0.0	image/600	600	1375830	train2017/000000143420.jpg
2688.76953125	0.0	image/516	516	1376650	train2017/000000385864.jpg
2689.580078125	0.0	image/496	496	1377065	train2017/000000380989.jpg
2690.353515625	0.0	image/587	587	1377461	train2017/000000403535.jpg
2691.13671875	0.0	image/497	497	1377862	train2017/000000282032.jpg
2691.947265625	0.0	image/539	539	1378277	train2017/000000131011.jpg
2692.76953125	0.0	image/488	488	1378698	train2017/000000115649.jpg
2693.603515625	0.0	image/588	588	1379125	train2017/000000403739.jpg
2694.4375	0.0	image/554	554	1379552	train2017/000000135032.jpg
2695.232421875	0.0	image/558	558	1379959	train2017/000000398083.jpg
2696.0546875	0.0	image/538	538	1380380	train2017/000000130973.jpg
2697.666015625	0.0	image/553	553	1381205	train2017/000000134562.jpg
2698.482421875	0.0	image/554	554	1381623	train2017/000000135032.jpg
2699.255859375	0.0	image/547	547	1382019	train2017/000000395758.jpg
2700.064453125	0.0	image/552	552	1382433	train2017/000000396550.jpg
2700.873046875	0.0	image/524	524	1382847	train2017/000000125725.jpg
2701.666015625	0.0	image/525	525	1383253	train2017/000000388980.jpg
2702.439453125	0.0	image/591	591	1383649	train2017/000000404282.jpg
2703.255859375	0.0	image/496	496	1384067	train2017/000000380989.jpg
2704.05078125	0.0	image/542	542	1384474	train2017/000000284089.jpg
2704.873046875	0.0	image/581	581	1384895	train2017/000000402199.jpg
2705.69140625	0.0	image/585	585	1385314	train2017/000000140724.jpg
2707.291015625	0.0	image/507	507	1386133	train2017/000000383652.jpg
2708.0859375	0.0	image/557	557	1386540	train2017/000000022627.jpg
2708.908203125	0.0	image/553	553	1386961	train2017/000000134562.jpg
2710.470703125	0.0	image/506	506	1387761	train2017/000000383641.jpg
2711.29296875	0.0	image/593	593	1388182	train2017/000000196777.jpg
2712.125	0.0	image/592	592	1388608	train2017/000000504289.jpg
2712.9375	0.0	image/545	545	1389024	train2017/000000131967.jpg
2713.7421875	0.0	image/578	578	1389436	train2017/000000401720.jpg
2714.556640625	0.0	image/589	589	1389853	train2017/000000403789.jpg
2715.322265625	0.0	image/493	493	1390245	train2017/000000379713.jpg
2716.14453125	0.0	image/515	515	1390666	train2017/000000123692.jpg
2716.921875	0.0	image/495	495	1391064	train2017/000000380729.jpg
2717.728515625	0.0	image/539	539	1391477	train2017/000000131011.jpg
2719.294921875	0.0	image/507	507	1392279	train2017/000000383652.jpg
2720.07421875	0.0	image/484	484	1392678	train2017/000000114822.jpg
2720.857421875	0.0	image/520	520	1393079	train2017/000000125042.jpg
2722.49609375	0.0	image/525	525	1393918	train2017/000000388980.jpg
2723.279296875	0.0	image/599	599	1394319	train2017/000000388853.jpg
2724.095703125	0.0	image/587	587	1394737	train2017/000000403535.jpg
2724.9296875	0.0	image/576	576	1395164	train2017/000000401699.jpg
2725.71875	0.0	image/590	590	1395568	train2017/000000404007.jpg
2726.513671875	0.0	image/526	526	1395975	train2017/000000389582.jpg
2727.314453125	0.0	image/536	536	1396385	train2017/000000196584.jpg
2728.1484375	0.0	image/544	544	1396812	train2017/000000394008.jpg
2728.96484375	0.0	image/570	570	1397230	train2017/000000400581.jpg
2729.7578125	0.0	image/600	600	1397636	train2017/000000143420.jpg
2730.54296875	0.0	image/498	498	1398038	train2017/000000119669.jpg
2731.34765625	0.0	image/508	508	1398450	train2017/000000413472.jpg
2732.1484375	0.0	image/504	504	1398860	train2017/000000382951.jpg
2732.94921875	0.0	image/523	523	1399270	train2017/000000125703.jpg
2733.728515625	0.0	image/482	482	1399669	train2017/000000376643.jpg
2734.5	0.0	image/563	563	1400064	train2017/000000398540.jpg
2735.29296875	0.0	image/531	531	1400470	train2017/000000391754.jpg
2736.099609375	0.0	image/594	594	1400883	train2017/000000404823.jpg
2737.650390625	0.0	image/503	503	1401677	train2017/000000382890.jpg
2738.4453125	0.0	image/549	549	1402084	train2017/000000197068.jpg
2739.25	0.0	image/595	595	1402496	train2017/000000142803.jpg
2740.068359375	0.0	image/488	488	1402915	train2017/000000115649.jpg
2740.8671875	0.0	image/518	518	1403324	train2017/000000124711.jpg
2741.66796875	0.0	image/536	536	1403734	train2017/000000196584.jpg
2742.478515625	0.0	image/529	529	1404149	train2017/000000129060.jpg
2743.251953125	0.0	image/572	572	1404545	train2017/000000138785.jpg
2744.029296875	0.0	image/585	585	1404943	train2017/000000140724.jpg
2744.83203125	0.0	image/513	513	1405354	train2017/000000282631.jpg
2745.603515625	0.0	image/540	540	1405749	train2017/000000021826.jpg
2746.431640625	0.0	image/529	529	1406173	train2017/000000129060.jpg
2747.197265625	0.0	image/541	541	1406565	train2017/000000131524.jpg
2748.00390625	0.0	image/513	513	1406978	train2017/000000282631.jpg
2748.796875	0.0	image/516	516	1407384	train2017/000000385864.jpg
2749.5703125	0.0	image/577	577	1407780	train2017/000000139561.jpg
2750.38671875	0.0	image/593	593	1408198	train2017/000000196777.jpg
2751.171875	0.0	image/485	485	1408600	train2017/000000377576.jpg
2751.94921875	0.0	image/565	565	1408998	train2017/000000197656.jpg
2753.572265625	0.0	image/510	510	1409829	train2017/000000544738.jpg
2754.349609375	0.0	image/528	528	1410227	train2017/000000239828.jpg
2755.138671875	0.0	image/483	483	1410631	train2017/000000376858.jpg
2755.921875	0.0	image/500	500	1411032	train2017/000000381961.jpg
2756.705078125	0.0	image/489	489	1411433	train2017/000000115967.jpg
2757.505859375	0.0	image/572	572	1411843	train2017/000000138785.jpg
2758.306640625	0.0	image/577	577	1412253	train2017/000000139561.jpg
2759.88671875	0.0	image/582	582	1413062	train2017/000000140590.jpg
2760.66796875	0.0	image/511	511	1413462	train2017/000000122776.jpg
2761.484375	0.0	image/527	527	1413880	train2017/000000390120.jpg
2762.267578125	0.0	image/581	581	1414281	train2017/000000402199.jpg
2763.037109375	0.0	image/504	504	1414675	train2017/000000382951.jpg
2763.857421875	0.0	image/486	486	1415095	train2017/000000377703.jpg
2764.654296875	0.0	image/495	495	1415503	train2017/000000380729.jpg
2765.458984375	0.0	image/558	558	1415915	train2017/000000398083.jpg
2766.287109375	0.0	image/575	575	1416339	train2017/000000139551.jpg
2767.0859375	0.0	image/574	574	1416748	train2017/000000139344.jpg
2767.892578125	0.0	image/580	580	1417161	train2017/000000402057.jpg
2768.6875	0.0	image/540	540	1417568	train2017/000000021826.jpg
2769.509765625	0.0	image/532	532	1417989	train2017/000000130181.jpg
2770.3046875	0.0	image/584	584	1418396	train2017/000000285588.jpg
2771.076171875	0.0	image/521	521	1418791	train2017/000000387318.jpg
2771.876953125	0.0	image/550	550	1419201	train2017/000000066014.jpg
2772.705078125	0.0	image/511	511	1419625	train2017/000000122776.jpg
2773.494140625	0.0	image/490	490	1420029	train2017/000000116588.jpg
2774.306640625	0.0	image/556	556	1420445	train2017/000000135316.jpg
2775.072265625	0.0	image/537	537	1420837	train2017/000000371353.jpg
2775.861328125	0.0	image/564	564	1421241	train2017/000000399162.jpg
2776.662109375	0.0	image/485	485	1421651	train2017/000000377576.jpg
2778.24609375	0.0	image/588	588	1422462	train2017/000000403739.jpg
2779.029296875	0.0	image/591	591	1422863	train2017/000000404282.jpg
2779.86328125	0.0	image/595	595	1423290	train2017/000000142803.jpg
2780.658203125	0.0	image/498	498	1423697	train2017/000000119669.jpg
2782.23046875	0.0	image/583	583	1424502	train2017/000000198195.jpg
2783.013671875	0.0	image/503	503	1424903	train2017/000000382890.jpg
2783.822265625	0.0	image/573	573	1425317	train2017/000000138904.jpg
2784.576171875	0.0	image/561	561	1425703	train2017/000000136142.jpg
2785.396484375	0.0	image/484	484	1426123	train2017/000000114822.jpg
2786.998046875	0.0	image/589	589	1426943	train2017/000000403789.jpg
2787.826171875	0.0	image/542	542	1427367	train2017/000000284089.jpg
2788.6328125	0.0	image/506	506	1427780	train2017/000000383641.jpg
2789.416015625	0.0	image/538	538	1428181	train2017/000000130973.jpg
2790.216796875	0.0	image/486	486	1428591	train2017/000000377703.jpg
2791.0	0.0	image/502	502	1428992	train2017/000000120655.jpg
2791.80078125	0.0	image/543	543	1429402	train2017/000000131763.jpg
2792.583984375	0.0	image/569	569	1429803	train2017/000000138153.jpg
2793.400390625	0.0	image/598	598	1430221	train2017/000000405437.jpg
2794.216796875	0.0	image/576	576	1430639	train2017/000000401699.jpg
2795.037109375	0.0	image/481	481	1431059	train2017/000000114274.jpg
2795.8515625	0.0	image/519	519	1431476	train2017/000000124747.jpg
2796.62890625	0.0	image/555	555	1431874	train2017/000000397192.jpg
2797.447265625	0.0	image/590	590	1432293	train2017/000000404007.jpg
2798.251953125	0.0	image/532	532	1432705	train2017/000000130181.jpg
2799.046875	0.0	image/517	517	1433112	train2017/000000123891.jpg
2799.84765625	0.0	image/481	481	1433522	train2017/000000114274.jpg
2800.619140625	0.0	image/524	524	1433917	train2017/000000125725.jpg
2801.40234375	0.0	image/499	499	1434318	train2017/000000575164.jpg
2802.216796875	0.0	image/528	528	1434735	train2017/000000239828.jpg
2803.00390625	0.0	image/522	522	1435138	train2017/000000125586.jpg
2803.787109375	0.0	image/533	533	1435539	train2017/000000392556.jpg
2805.404296875	0.0	image/562	562	1436367	train2017/000000022696.jpg
2806.203125	0.0	image/548	548	1436776	train2017/000000395775.jpg
2806.982421875	0.0	image/556	556	1437175	train2017/000000135316.jpg
2807.8046875	0.0	image/509	509	1437596	train2017/000000384235.jpg
2808.638671875	0.0	image/586	586	1438023	train2017/000000154556.jpg
2809.41796875	0.0	image/515	515	1438422	train2017/000000123692.jpg
2810.23828125	0.0	image/491	491	1438842	train2017/000000116603.jpg
2811.015625	0.0	image/562	562	1439240	train2017/000000022696.jpg
2811.783203125	0.0	image/565	565	1439633	train2017/000000197656.jpg
2812.60546875	0.0	image/499	499	1440054	train2017/000000575164.jpg
2813.423828125	0.0	image/567	567	1440473	train2017/000000137706.jpg
2814.22265625	0.0	image/575	575	1440882	train2017/000000139551.jpg
2815.041015625	0.0	image/490	490	1441301	train2017/000000116588.jpg
2815.818359375	0.0	image/535	535	1441699	train2017/000000392851.jpg
2816.607421875	0.0	image/512	512	1442103	train2017/000000122811.jpg
2817.390625	0.0	image/578	578	1442504	train2017/000000401720.jpg
2818.185546875	0.0	image/566	566	1442911	train2017/000000399835.jpg
2818.9921875	0.0	image/592	592	1443324	train2017/000000504289.jpg
2820.642578125	0.0	image/508	508	1444169	train2017/000000413472.jpg
2822.220703125	0.0	image/580	580	1444977	train2017/000000402057.jpg
2823.01953125	0.0	image/533	533	1445386	train2017/000000392556.jpg
2823.833984375	0.0	image/527	527	1445803	train2017/000000390120.jpg
2824.65234375	0.0	image/596	596	1446222	train2017/000000405215.jpg
2825.4765625	0.0	image/594	594	1446644	train2017/000000404823.jpg
2826.287109375	0.0	image/599	599	1447059	train2017/000000388853.jpg
2827.078125	0.0	image/509	509	1447464	train2017/000000384235.jpg
2827.876953125	0.0	image/574	574	1447873	train2017/000000139344.jpg
2829.494140625	0.0	image/497	497	1448701	train2017/000000282032.jpg
2837.07421875	0.0	image/670	670	1452582	train2017/000000423488.jpg
2837.908203125	0.0	image/650	650	1453009	train2017/000000419212.jpg
2838.720703125	0.0	image/640	640	1453425	train2017/000000162230.jpg
2839.5078125	0.0	image/703	703	1453828	train2017/000000171374.jpg
2840.287109375	0.0	image/602	602	1454227	train2017/000000406292.jpg
2841.07421875	0.0	image/606	606	1454630	train2017/000000407778.jpg
2841.859375	0.0	image/696	696	1455032	train2017/000000028367.jpg
2842.642578125	0.0	image/664	664	1455433	train2017/000000551063.jpg
2843.42578125	0.0	image/685	685	1455834	train2017/000000166504.jpg
2844.2265625	0.0	image/657	657	1456244	train2017/000000419586.jpg
2845.02734375	0.0	image/714	714	1456654	train2017/000000437516.jpg
2845.859375	0.0	image/649	649	1457080	train2017/000000418115.jpg
2847.47265625	0.0	image/689	689	1457906	train2017/000000508456.jpg
2848.23828125	0.0	image/651	651	1458298	train2017/000000156084.jpg
2849.01171875	0.0	image/704	704	1458694	train2017/000000420713.jpg
2849.822265625	0.0	image/717	717	1459109	train2017/000000438154.jpg
2850.595703125	0.0	image/671	671	1459505	train2017/000000161836.jpg
2851.40625	0.0	image/653	653	1459920	train2017/000000157119.jpg
2852.1953125	0.0	image/641	641	1460324	train2017/000000415608.jpg
2852.99609375	0.0	image/615	615	1460734	train2017/000000148263.jpg
2853.7734375	0.0	image/676	676	1461132	train2017/000000163263.jpg
2854.580078125	0.0	image/691	691	1461545	train2017/000000168690.jpg
2855.36328125	0.0	image/646	646	1461946	train2017/000000417141.jpg
2856.142578125	0.0	image/620	620	1462345	train2017/000000153394.jpg
2856.927734375	0.0	image/668	668	1462747	train2017/000000423222.jpg
2857.748046875	0.0	image/705	705	1463167	train2017/000000028930.jpg
2858.546875	0.0	image/623	623	1463576	train2017/000000412855.jpg
2859.365234375	0.0	image/681	681	1463995	train2017/000000427729.jpg
2860.181640625	0.0	image/611	611	1464413	train2017/000000408922.jpg
2860.95703125	0.0	image/610	610	1464810	train2017/000000146256.jpg
2861.7265625	0.0	image/605	605	1465204	train2017/000000406595.jpg
2862.498046875	0.0	image/601	601	1465599	train2017/000000143594.jpg
2863.283203125	0.0	image/609	609	1466001	train2017/000000504888.jpg
2864.060546875	0.0	image/645	645	1466399	train2017/000000416972.jpg
2864.826171875	0.0	image/634	634	1466791	train2017/000000152273.jpg
2865.599609375	0.0	image/636	636	1467187	train2017/000000549729.jpg
2866.41015625	0.0	image/674	674	1467602	train2017/000000425135.jpg
2867.228515625	0.0	image/613	613	1468021	train2017/000000147331.jpg
2867.99609375	0.0	image/694	694	1468414	train2017/000000431825.jpg
2868.818359375	0.0	image/683	683	1468835	train2017/000000428605.jpg
2869.6171875	0.0	image/679	679	1469244	train2017/000000164564.jpg
2870.41796875	0.0	image/636	636	1469654	train2017/000000549729.jpg
2871.228515625	0.0	image/698	698	1470069	train2017/000000433021.jpg
2872.029296875	0.0	image/633	633	1470479	train2017/000000414176.jpg
2872.802734375	0.0	image/718	718	1470875	train2017/000000176085.jpg
2873.6015625	0.0	image/614	614	1471284	train2017/000000147694.jpg
2874.380859375	0.0	image/661	661	1471683	train2017/000000160142.jpg
2875.203125	0.0	image/601	601	1472104	train2017/000000143594.jpg
2876.013671875	0.0	image/682	682	1472519	train2017/000000014269.jpg
2876.81640625	0.0	image/644	644	1472930	train2017/000000154207.jpg
2877.630859375	0.0	image/715	715	1473347	train2017/000000175715.jpg
2878.404296875	0.0	image/709	709	1473743	train2017/000000174303.jpg
2879.181640625	0.0	image/707	707	1474141	train2017/000000173987.jpg
2880.00390625	0.0	image/643	643	1474562	train2017/000000416279.jpg
2880.814453125	0.0	image/660	660	1474977	train2017/000000422268.jpg
2881.587890625	0.0	image/629	629	1475373	train2017/000000151307.jpg
2882.37109375	0.0	image/652	652	1475774	train2017/000000113449.jpg
2883.19921875	0.0	image/700	700	1476198	train2017/000000170968.jpg
2883.984375	0.0	image/713	713	1476600	train2017/000000291280.jpg
2884.771484375	0.0	image/625	625	1477003	train2017/000000369367.jpg
2886.35546875	0.0	image/629	629	1477814	train2017/000000151307.jpg
2887.939453125	0.0	image/696	696	1478625	train2017/000000028367.jpg
2888.755859375	0.0	image/669	669	1479043	train2017/000000161328.jpg
2889.58984375	0.0	image/678	678	1479470	train2017/000000164502.jpg
2890.375	0.0	image/711	711	1479872	train2017/000000174504.jpg
2891.140625	0.0	image/626	626	1480264	train2017/000000412922.jpg
2891.974609375	0.0	image/672	672	1480691	train2017/000000424110.jpg
2892.740234375	0.0	image/603	603	1481083	train2017/000000144193.jpg
2893.525390625	0.0	image/624	624	1481485	train2017/000000412857.jpg
2894.341796875	0.0	image/652	652	1481903	train2017/000000113449.jpg
2895.904296875	0.0	image/677	677	1482703	train2017/000000425712.jpg
2896.724609375	0.0	image/693	693	1483123	train2017/000000431764.jpg
2897.509765625	0.0	image/714	714	1483525	train2017/000000437516.jpg
2898.29296875	0.0	image/637	637	1483926	train2017/000000506039.jpg
2899.10546875	0.0	image/699	699	1484342	train2017/000000170917.jpg
2899.92578125	0.0	image/655	655	1484762	train2017/000000157181.jpg
2900.72265625	0.0	image/698	698	1485170	train2017/000000433021.jpg
2902.310546875	0.0	image/667	667	1485983	train2017/000000423209.jpg
2903.123046875	0.0	image/640	640	1486399	train2017/000000162230.jpg
2903.9453125	0.0	image/651	651	1486820	train2017/000000156084.jpg
2904.775390625	0.0	image/673	673	1487245	train2017/000000424138.jpg
2905.5625	0.0	image/613	613	1487648	train2017/000000147331.jpg
2906.373046875	0.0	image/654	654	1488063	train2017/000000157125.jpg
2907.146484375	0.0	image/616	616	1488459	train2017/000000149221.jpg
2907.923828125	0.0	image/611	611	1488857	train2017/000000408922.jpg
2908.712890625	0.0	image/666	666	1489261	train2017/000000161062.jpg
2909.5234375	0.0	image/662	662	1489676	train2017/000000160181.jpg
2910.345703125	0.0	image/682	682	1490097	train2017/000000014269.jpg
2911.130859375	0.0	image/656	656	1490499	train2017/000000157342.jpg
2911.908203125	0.0	image/701	701	1490897	train2017/000000079701.jpg
2912.724609375	0.0	image/685	685	1491315	train2017/000000166504.jpg
2913.53125	0.0	image/628	628	1491728	train2017/000000151163.jpg
2914.330078125	0.0	image/691	691	1492137	train2017/000000168690.jpg
2915.1640625	0.0	image/617	617	1492564	train2017/000000411475.jpg
2915.998046875	0.0	image/658	658	1492991	train2017/000000563961.jpg
2916.814453125	0.0	image/716	716	1493409	train2017/000000437967.jpg
2917.64453125	0.0	image/659	659	1493834	train2017/000000159680.jpg
2918.416015625	0.0	image/617	617	1494229	train2017/000000411475.jpg
2919.208984375	0.0	image/615	615	1494635	train2017/000000148263.jpg
2919.978515625	0.0	image/699	699	1495029	train2017/000000170917.jpg
2920.744140625	0.0	image/703	703	1495421	train2017/000000171374.jpg
2921.56640625	0.0	image/627	627	1495842	train2017/000000150931.jpg
2922.3671875	0.0	image/687	687	1496252	train2017/000000428726.jpg
2923.177734375	0.0	image/688	688	1496667	train2017/000000166764.jpg
2924.0	0.0	image/621	621	1497088	train2017/000000150196.jpg
2924.794921875	0.0	image/614	614	1497495	train2017/000000147694.jpg
2925.6015625	0.0	image/668	668	1497908	train2017/000000423222.jpg
2926.400390625	0.0	image/649	649	1498317	train2017/000000418115.jpg
2927.185546875	0.0	image/638	638	1498719	train2017/000000414853.jpg
2928.017578125	0.0	image/690	690	1499145	train2017/000000043829.jpg
2928.8046875	0.0	image/681	681	1499548	train2017/000000427729.jpg
2929.595703125	0.0	image/620	620	1499953	train2017/000000153394.jpg
2930.40234375	0.0	image/642	642	1500366	train2017/000000154011.jpg
2931.212890625	0.0	image/707	707	1500781	train2017/000000173987.jpg
2932.037109375	0.0	image/635	635	1501203	train2017/000000152328.jpg
2932.865234375	0.0	image/619	619	1501627	train2017/000000149810.jpg
2933.63671875	0.0	image/633	633	1502022	train2017/000000414176.jpg
2934.419921875	0.0	image/604	604	1502423	train2017/000000406445.jpg
2935.203125	0.0	image/603	603	1502824	train2017/000000144193.jpg
2936.037109375	0.0	image/706	706	1503251	train2017/000000435902.jpg
2937.638671875	0.0	image/695	695	1504071	train2017/000000284987.jpg
2938.470703125	0.0	image/677	677	1504497	train2017/000000425712.jpg
2939.2890625	0.0	image/684	684	1504916	train2017/000000166489.jpg
2940.10546875	0.0	image/683	683	1505334	train2017/000000428605.jpg
2940.888671875	0.0	image/702	702	1505735	train2017/000000171328.jpg
2942.490234375	0.0	image/616	616	1506555	train2017/000000149221.jpg
2943.2734375	0.0	image/663	663	1506956	train2017/000000463620.jpg
2944.068359375	0.0	image/688	688	1507363	train2017/000000166764.jpg
2945.619140625	0.0	image/626	626	1508157	train2017/000000412922.jpg
2946.44140625	0.0	image/715	715	1508578	train2017/000000175715.jpg
2947.21875	0.0	image/619	619	1508976	train2017/000000149810.jpg
2947.98828125	0.0	image/697	697	1509370	train2017/000000433019.jpg
2949.591796875	0.0	image/664	664	1510191	train2017/000000551063.jpg
2950.37109375	0.0	image/656	656	1510590	train2017/000000157342.jpg
2952.025390625	0.0	image/630	630	1511437	train2017/000000462134.jpg
2953.626953125	0.0	image/661	661	1512257	train2017/000000160142.jpg
2954.455078125	0.0	image/716	716	1512681	train2017/000000437967.jpg
2956.087890625	0.0	image/641	641	1513517	train2017/000000415608.jpg
2956.876953125	0.0	image/708	708	1513921	train2017/000000174213.jpg
2957.677734375	0.0	image/662	662	1514331	train2017/000000160181.jpg
2958.455078125	0.0	image/624	624	1514729	train2017/000000412857.jpg
2959.26171875	0.0	image/675	675	1515142	train2017/000000163250.jpg
2960.078125	0.0	image/602	602	1515560	train2017/000000406292.jpg
2960.912109375	0.0	image/608	608	1515987	train2017/000000024287.jpg
2962.478515625	0.0	image/648	648	1516789	train2017/000000417700.jpg
2963.275390625	0.0	image/672	672	1517197	train2017/000000424110.jpg
2964.095703125	0.0	image/711	711	1517617	train2017/000000174504.jpg
2964.890625	0.0	image/657	657	1518024	train2017/000000419586.jpg
2965.697265625	0.0	image/639	639	1518437	train2017/000000415026.jpg
2966.48046875	0.0	image/666	666	1518838	train2017/000000161062.jpg
2968.064453125	0.0	image/645	645	1519649	train2017/000000416972.jpg
2968.896484375	0.0	image/695	695	1520075	train2017/000000284987.jpg
2969.693359375	0.0	image/701	701	1520483	train2017/000000079701.jpg
2970.498046875	0.0	image/610	610	1520895	train2017/000000146256.jpg
2971.326171875	0.0	image/706	706	1521319	train2017/000000435902.jpg
2972.125	0.0	image/680	680	1521728	train2017/000000485595.jpg
2972.931640625	0.0	image/647	647	1522141	train2017/000000417264.jpg
2973.765625	0.0	image/700	700	1522568	train2017/000000170968.jpg
2974.548828125	0.0	image/653	653	1522969	train2017/000000157119.jpg
2975.326171875	0.0	image/637	637	1523367	train2017/000000506039.jpg
2976.14453125	0.0	image/630	630	1523786	train2017/000000462134.jpg
2976.94921875	0.0	image/623	623	1524198	train2017/000000412855.jpg
2977.77734375	0.0	image/704	704	1524622	train2017/000000420713.jpg
2978.55078125	0.0	image/621	621	1525018	train2017/000000150196.jpg
2980.150390625	0.0	image/627	627	1525837	train2017/000000150931.jpg
2980.984375	0.0	image/673	673	1526264	train2017/000000424138.jpg
2981.775390625	0.0	image/618	618	1526669	train2017/000000149791.jpg
2982.564453125	0.0	image/670	670	1527073	train2017/000000423488.jpg
2983.3515625	0.0	image/606	606	1527476	train2017/000000407778.jpg
2984.162109375	0.0	image/693	693	1527891	train2017/000000431764.jpg
2984.96484375	0.0	image/622	622	1528302	train2017/000000150559.jpg
2985.76953125	0.0	image/665	665	1528714	train2017/000000160735.jpg
2986.59765625	0.0	image/638	638	1529138	train2017/000000414853.jpg
2987.38671875	0.0	image/710	710	1529542	train2017/000000436578.jpg
2988.21484375	0.0	image/643	643	1529966	train2017/000000416279.jpg
2988.998046875	0.0	image/642	642	1530367	train2017/000000154011.jpg
2989.8203125	0.0	image/692	692	1530788	train2017/000000169262.jpg
2990.65234375	0.0	image/646	646	1531214	train2017/000000417141.jpg
2991.4375	0.0	image/612	612	1531616	train2017/000000408965.jpg
2992.25390625	0.0	image/679	679	1532034	train2017/000000164564.jpg
2993.0546875	0.0	image/690	690	1532444	train2017/000000043829.jpg
2993.830078125	0.0	image/705	705	1532841	train2017/000000028930.jpg
2994.6328125	0.0	image/625	625	1533252	train2017/000000369367.jpg
2995.439453125	0.0	image/669	669	1533665	train2017/000000161328.jpg
2996.25	0.0	image/720	720	1534080	train2017/000000176728.jpg
2997.033203125	0.0	image/692	692	1534481	train2017/000000169262.jpg
2997.85546875	0.0	image/609	609	1534902	train2017/000000504888.jpg
2998.65625	0.0	image/684	684	1535312	train2017/000000166489.jpg
2999.451171875	0.0	image/604	604	1535719	train2017/000000406445.jpg
3000.2734375	0.0	image/687	687	1536140	train2017/000000428726.jpg
3001.857421875	0.0	image/654	654	1536951	train2017/000000157125.jpg
3002.6171875	0.0	image/719	719	1537340	train2017/000000438751.jpg
3003.3984375	0.0	image/663	663	1537740	train2017/000000463620.jpg
3004.966796875	0.0	image/680	680	1538543	train2017/000000485595.jpg
3005.736328125	0.0	image/639	639	1538937	train2017/000000415026.jpg
3006.54296875	0.0	image/607	607	1539350	train2017/000000461187.jpg
3007.369140625	0.0	image/618	618	1539773	train2017/000000149791.jpg
3008.17578125	0.0	image/622	622	1540186	train2017/000000150559.jpg
3008.958984375	0.0	image/710	710	1540587	train2017/000000436578.jpg
3010.59375	0.0	image/717	717	1541424	train2017/000000438154.jpg
3011.404296875	0.0	image/712	712	1541839	train2017/000000174522.jpg
3012.2265625	0.0	image/631	631	1542260	train2017/000000151414.jpg
3013.009765625	0.0	image/720	720	1542661	train2017/000000176728.jpg
3013.794921875	0.0	image/632	632	1543063	train2017/000000068996.jpg
3014.59375	0.0	image/628	628	1543472	train2017/000000151163.jpg
3015.412109375	0.0	image/676	676	1543891	train2017/000000163263.jpg
3016.244140625	0.0	image/655	655	1544317	train2017/000000157181.jpg
3017.044921875	0.0	image/686	686	1544727	train2017/000000428691.jpg
3017.875	0.0	image/644	644	1545152	train2017/000000154207.jpg
3019.478515625	0.0	image/675	675	1545973	train2017/000000163250.jpg
3020.279296875	0.0	image/608	608	1546383	train2017/000000024287.jpg
3021.08984375	0.0	image/708	708	1546798	train2017/000000174213.jpg
3021.896484375	0.0	image/674	674	1547211	train2017/000000425135.jpg
3022.73046875	0.0	image/702	702	1547638	train2017/000000171328.jpg
3023.564453125	0.0	image/712	712	1548065	train2017/000000174522.jpg
3024.34765625	0.0	image/605	605	1548466	train2017/000000406595.jpg
3025.142578125	0.0	image/694	694	1548873	train2017/000000431825.jpg
3025.91015625	0.0	image/697	697	1549266	train2017/000000433019.jpg
3026.681640625	0.0	image/650	650	1549661	train2017/000000419212.jpg
3027.498046875	0.0	image/719	719	1550079	train2017/000000438751.jpg
3028.326171875	0.0	image/635	635	1550503	train2017/000000152328.jpg
3029.09375	0.0	image/689	689	1550896	train2017/000000508456.jpg
3029.865234375	0.0	image/713	713	1551291	train2017/000000291280.jpg
3031.494140625	0.0	image/612	612	1552125	train2017/000000408965.jpg
3032.30078125	0.0	image/648	648	1552538	train2017/000000417700.jpg
3033.078125	0.0	image/660	660	1552936	train2017/000000422268.jpg
3033.84375	0.0	image/709	709	1553328	train2017/000000174303.jpg
3034.61328125	0.0	image/671	671	1553722	train2017/000000161836.jpg
3035.43359375	0.0	image/665	665	1554142	train2017/000000160735.jpg
3036.234375	0.0	image/631	631	1554552	train2017/000000151414.jpg
3037.8203125	0.0	image/659	659	1555364	train2017/000000159680.jpg
3038.630859375	0.0	image/718	718	1555779	train2017/000000176085.jpg
3039.435546875	0.0	image/658	658	1556191	train2017/000000563961.jpg
3040.263671875	0.0	image/632	632	1556615	train2017/000000068996.jpg
3041.861328125	0.0	image/647	647	1557433	train2017/000000417264.jpg
3042.615234375	0.0	image/686	686	1557819	train2017/000000428691.jpg
3043.431640625	0.0	image/667	667	1558237	train2017/000000423209.jpg
3044.25390625	0.0	image/678	678	1558658	train2017/000000164502.jpg
3045.88671875	0.0	image/607	607	1559494	train2017/000000461187.jpg
3046.669921875	0.0	image/634	634	1559895	train2017/000000152273.jpg
3055.2421875	0.0	image/798	798	1564284	train2017/000000196365.jpg
3056.04296875	0.0	image/723	723	1564694	train2017/000000439241.jpg
3056.859375	0.0	image/727	727	1565112	train2017/000000440792.jpg
3057.64453125	0.0	image/786	786	1565514	train2017/000000193023.jpg
3058.4609375	0.0	image/742	742	1565932	train2017/000000181837.jpg
3059.259765625	0.0	image/747	747	1566341	train2017/000000183719.jpg
3060.912109375	0.0	image/768	768	1567187	train2017/000000189888.jpg
3061.724609375	0.0	image/783	783	1567603	train2017/000000454915.jpg
3062.494140625	0.0	image/734	734	1567997	train2017/000000442489.jpg
3063.271484375	0.0	image/775	775	1568395	train2017/000000453221.jpg
3064.056640625	0.0	image/764	764	1568797	train2017/000000450903.jpg
3064.87890625	0.0	image/810	810	1569218	train2017/000000200391.jpg
3065.689453125	0.0	image/833	833	1569633	train2017/000000207549.jpg
3066.45703125	0.0	image/793	793	1570026	train2017/000000338439.jpg
3067.26171875	0.0	image/835	835	1570438	train2017/000000129143.jpg
3068.875	0.0	image/815	815	1571264	train2017/000000202050.jpg
3069.6796875	0.0	image/772	772	1571676	train2017/000000190487.jpg
3070.513671875	0.0	image/729	729	1572103	train2017/000000179019.jpg
3071.314453125	0.0	image/750	750	1572513	train2017/000000447182.jpg
3072.8984375	0.0	image/726	726	1573324	train2017/000000178423.jpg
3073.693359375	0.0	image/733	733	1573731	train2017/000000179914.jpg
3074.46484375	0.0	image/725	725	1574126	train2017/000000440334.jpg
3075.248046875	0.0	image/740	740	1574527	train2017/000000161354.jpg
3076.02734375	0.0	image/764	764	1574926	train2017/000000450903.jpg
3076.83203125	0.0	image/834	834	1575338	train2017/000000469816.jpg
3077.650390625	0.0	image/840	840	1575757	train2017/000000471871.jpg
3078.43359375	0.0	image/736	736	1576158	train2017/000000180609.jpg
3079.25	0.0	image/753	753	1576576	train2017/000000006178.jpg
3080.06640625	0.0	image/752	752	1576994	train2017/000000036151.jpg
3081.66796875	0.0	image/782	782	1577814	train2017/000000454830.jpg
3082.49609375	0.0	image/800	800	1578238	train2017/000000458616.jpg
3083.279296875	0.0	image/773	773	1578639	train2017/000000303133.jpg
3084.869140625	0.0	image/808	808	1579453	train2017/000000461428.jpg
3085.66796875	0.0	image/760	760	1579862	train2017/000000276853.jpg
3086.453125	0.0	image/814	814	1580264	train2017/000000201969.jpg
3088.0703125	0.0	image/767	767	1581092	train2017/000000189794.jpg
3088.853515625	0.0	image/737	737	1581493	train2017/000000443377.jpg
3090.453125	0.0	image/812	812	1582312	train2017/000000201758.jpg
3091.271484375	0.0	image/822	822	1582731	train2017/000000466265.jpg
3092.044921875	0.0	image/809	809	1583127	train2017/000000462505.jpg
3092.853515625	0.0	image/756	756	1583541	train2017/000000448401.jpg
3093.666015625	0.0	image/770	770	1583957	train2017/000000452341.jpg
3094.431640625	0.0	image/740	740	1584349	train2017/000000161354.jpg
3095.255859375	0.0	image/825	825	1584771	train2017/000000467646.jpg
3096.08203125	0.0	image/810	810	1585194	train2017/000000200391.jpg
3096.87109375	0.0	image/827	827	1585598	train2017/000000296474.jpg
3097.69921875	0.0	image/722	722	1586022	train2017/000000073172.jpg
3098.482421875	0.0	image/803	803	1586423	train2017/000000197401.jpg
3099.2890625	0.0	image/820	820	1586836	train2017/000000203937.jpg
3100.103515625	0.0	image/837	837	1587253	train2017/000000208805.jpg
3100.884765625	0.0	image/774	774	1587653	train2017/000000191005.jpg
3101.673828125	0.0	image/821	821	1588057	train2017/000000077686.jpg
3103.2578125	0.0	image/753	753	1588868	train2017/000000006178.jpg
3104.052734375	0.0	image/809	809	1589275	train2017/000000462505.jpg
3104.841796875	0.0	image/744	744	1589679	train2017/000000182799.jpg
3105.63671875	0.0	image/816	816	1590086	train2017/000000464616.jpg
3106.435546875	0.0	image/797	797	1590495	train2017/000000458178.jpg
3107.2421875	0.0	image/811	811	1590908	train2017/000000201722.jpg
3108.04296875	0.0	image/831	831	1591318	train2017/000000469445.jpg
3108.853515625	0.0	image/721	721	1591733	train2017/000000176873.jpg
3109.66015625	0.0	image/752	752	1592146	train2017/000000036151.jpg
3110.470703125	0.0	image/762	762	1592561	train2017/000000188660.jpg
3112.060546875	0.0	image/748	748	1593375	train2017/000000184822.jpg
3112.837890625	0.0	image/787	787	1593773	train2017/000000193318.jpg
3113.66015625	0.0	image/838	838	1594194	train2017/000000208849.jpg
3114.490234375	0.0	image/761	761	1594619	train2017/000000188225.jpg
3115.294921875	0.0	image/751	751	1595031	train2017/000000185225.jpg
3116.078125	0.0	image/792	792	1595432	train2017/000000194108.jpg
3116.861328125	0.0	image/785	785	1595833	train2017/000000119550.jpg
3117.671875	0.0	image/795	795	1596248	train2017/000000195768.jpg
3118.478515625	0.0	image/743	743	1596661	train2017/000000189388.jpg
3119.26171875	0.0	image/784	784	1597062	train2017/000000455020.jpg
3120.060546875	0.0	image/761	761	1597471	train2017/000000188225.jpg
3120.845703125	0.0	image/792	792	1597873	train2017/000000194108.jpg
3121.62890625	0.0	image/818	818	1598274	train2017/000000465412.jpg
3123.24609375	0.0	image/838	838	1599102	train2017/000000208849.jpg
3124.07421875	0.0	image/802	802	1599526	train2017/000000197118.jpg
3124.86328125	0.0	image/762	762	1599930	train2017/000000188660.jpg
3125.646484375	0.0	image/837	837	1600331	train2017/000000208805.jpg
3126.458984375	0.0	image/796	796	1600747	train2017/000000338501.jpg
3127.28125	0.0	image/778	778	1601168	train2017/000000191686.jpg
3128.064453125	0.0	image/775	775	1601569	train2017/000000453221.jpg
3128.876953125	0.0	image/828	828	1601985	train2017/000000468394.jpg
3129.681640625	0.0	image/742	742	1602397	train2017/000000181837.jpg
3130.458984375	0.0	image/748	748	1602795	train2017/000000184822.jpg
3132.048828125	0.0	image/731	731	1603609	train2017/000000179034.jpg
3132.876953125	0.0	image/770	770	1604033	train2017/000000452341.jpg
3133.662109375	0.0	image/784	784	1604435	train2017/000000455020.jpg
3134.466796875	0.0	image/814	814	1604847	train2017/000000201969.jpg
3135.30078125	0.0	image/750	750	1605274	train2017/000000447182.jpg
3136.083984375	0.0	image/783	783	1605675	train2017/000000454915.jpg
3136.912109375	0.0	image/799	799	1606099	train2017/000000196368.jpg
3137.6796875	0.0	image/738	738	1606492	train2017/000000204969.jpg
3138.501953125	0.0	image/816	816	1606913	train2017/000000464616.jpg
3139.3125	0.0	image/777	777	1607328	train2017/000000453682.jpg
3140.095703125	0.0	image/745	745	1607729	train2017/000000445351.jpg
3140.90234375	0.0	image/833	833	1608142	train2017/000000207549.jpg
3142.53515625	0.0	image/808	808	1608978	train2017/000000461428.jpg
3144.119140625	0.0	image/726	726	1609789	train2017/000000178423.jpg
3144.9140625	0.0	image/789	789	1610196	train2017/000000455657.jpg
3145.6875	0.0	image/817	817	1610592	train2017/000000202805.jpg
3146.46484375	0.0	image/824	824	1610990	train2017/000000204806.jpg
3147.25	0.0	image/821	821	1611392	train2017/000000077686.jpg
3148.853515625	0.0	image/745	745	1612213	train2017/000000445351.jpg
3149.6328125	0.0	image/757	757	1612612	train2017/000000442666.jpg
3150.455078125	0.0	image/774	774	1613033	train2017/000000191005.jpg
3151.255859375	0.0	image/751	751	1613443	train2017/000000185225.jpg
3152.087890625	0.0	image/835	835	1613869	train2017/000000129143.jpg
3152.888671875	0.0	image/773	773	1614279	train2017/000000303133.jpg
3153.66796875	0.0	image/757	757	1614678	train2017/000000442666.jpg
3154.490234375	0.0	image/769	769	1615099	train2017/000000189893.jpg
3155.30078125	0.0	image/746	746	1615514	train2017/000000445726.jpg
3156.068359375	0.0	image/806	806	1615907	train2017/000000198319.jpg
3156.890625	0.0	image/732	732	1616328	train2017/000000179480.jpg
3157.71875	0.0	image/820	820	1616752	train2017/000000203937.jpg
3158.541015625	0.0	image/836	836	1617173	train2017/000000470907.jpg
3159.318359375	0.0	image/786	786	1617571	train2017/000000193023.jpg
3160.091796875	0.0	image/830	830	1617967	train2017/000000468825.jpg
3160.873046875	0.0	image/723	723	1618367	train2017/000000439241.jpg
3161.658203125	0.0	image/791	791	1618769	train2017/000000194054.jpg
3162.458984375	0.0	image/826	826	1619179	train2017/000000205875.jpg
3164.05859375	0.0	image/801	801	1619998	train2017/000000459190.jpg
3164.892578125	0.0	image/831	831	1620425	train2017/000000469445.jpg
3165.708984375	0.0	image/790	790	1620843	train2017/000000455799.jpg
3166.541015625	0.0	image/754	754	1621269	train2017/000000185888.jpg
3167.337890625	0.0	image/749	749	1621677	train2017/000000447130.jpg
3168.109375	0.0	image/736	736	1622072	train2017/000000180609.jpg
3168.919921875	0.0	image/733	733	1622487	train2017/000000179914.jpg
3169.744140625	0.0	image/738	738	1622909	train2017/000000204969.jpg
3170.544921875	0.0	image/791	791	1623319	train2017/000000194054.jpg
3171.376953125	0.0	image/823	823	1623745	train2017/000000204422.jpg
3172.177734375	0.0	image/766	766	1624155	train2017/000000451680.jpg
3172.95703125	0.0	image/790	790	1624554	train2017/000000455799.jpg
3173.76171875	0.0	image/819	819	1624966	train2017/000000298139.jpg
3174.544921875	0.0	image/824	824	1625367	train2017/000000204806.jpg
3175.373046875	0.0	image/739	739	1625791	train2017/000000443575.jpg
3176.173828125	0.0	image/728	728	1626201	train2017/000000395740.jpg
3176.9921875	0.0	image/796	796	1626620	train2017/000000338501.jpg
3177.7890625	0.0	image/832	832	1627028	train2017/000000203615.jpg
3178.595703125	0.0	image/788	788	1627441	train2017/000000193373.jpg
3179.4140625	0.0	image/813	813	1627860	train2017/000000557920.jpg
3180.248046875	0.0	image/768	768	1628287	train2017/000000189888.jpg
3181.04296875	0.0	image/839	839	1628694	train2017/000000209229.jpg
3181.80859375	0.0	image/744	744	1629086	train2017/000000182799.jpg
3182.580078125	0.0	image/755	755	1629481	train2017/000000055764.jpg
3183.380859375	0.0	image/741	741	1629891	train2017/000000443940.jpg
3184.19921875	0.0	image/807	807	1630310	train2017/000000397815.jpg
3185.03125	0.0	image/767	767	1630736	train2017/000000189794.jpg
3185.83203125	0.0	image/735	735	1631146	train2017/000000180410.jpg
3186.615234375	0.0	image/795	795	1631547	train2017/000000195768.jpg
3187.416015625	0.0	image/797	797	1631957	train2017/000000458178.jpg
3188.2109375	0.0	image/756	756	1632364	train2017/000000448401.jpg
3189.033203125	0.0	image/811	811	1632785	train2017/000000201722.jpg
3189.81640625	0.0	image/725	725	1633186	train2017/000000440334.jpg
3190.62890625	0.0	image/771	771	1633602	train2017/000000190271.jpg
3191.451171875	0.0	image/802	802	1634023	train2017/000000197118.jpg
3192.26171875	0.0	image/799	799	1634438	train2017/000000196368.jpg
3193.068359375	0.0	image/739	739	1634851	train2017/000000443575.jpg
3193.8984375	0.0	image/789	789	1635276	train2017/000000455657.jpg
3194.66796875	0.0	image/829	829	1635670	train2017/000000206467.jpg
3195.484375	0.0	image/823	823	1636088	train2017/000000204422.jpg
3196.28515625	0.0	image/777	777	1636498	train2017/000000453682.jpg
3197.119140625	0.0	image/812	812	1636925	train2017/000000201758.jpg
3197.947265625	0.0	image/724	724	1637349	train2017/000000178031.jpg
3198.751953125	0.0	image/741	741	1637761	train2017/000000443940.jpg
3199.537109375	0.0	image/806	806	1638163	train2017/000000198319.jpg
3200.353515625	0.0	image/832	832	1638581	train2017/000000203615.jpg
3201.154296875	0.0	image/818	818	1638991	train2017/000000465412.jpg
3201.953125	0.0	image/780	780	1639400	train2017/000000192576.jpg
3202.765625	0.0	image/787	787	1639816	train2017/000000193318.jpg
3203.5703125	0.0	image/749	749	1640228	train2017/000000447130.jpg
3204.400390625	0.0	image/735	735	1640653	train2017/000000180410.jpg
3205.171875	0.0	image/765	765	1641048	train2017/000000450914.jpg
3206.005859375	0.0	image/771	771	1641475	train2017/000000190271.jpg
3206.80078125	0.0	image/747	747	1641882	train2017/000000183719.jpg
3208.373046875	0.0	image/732	732	1642687	train2017/000000179480.jpg
3209.990234375	0.0	image/826	826	1643515	train2017/000000205875.jpg
3210.818359375	0.0	image/803	803	1643939	train2017/000000197401.jpg
3211.583984375	0.0	image/830	830	1644331	train2017/000000468825.jpg
3212.353515625	0.0	image/779	779	1644725	train2017/000000191740.jpg
3213.140625	0.0	image/794	794	1645128	train2017/000000195650.jpg
3213.96875	0.0	image/754	754	1645552	train2017/000000185888.jpg
3214.7734375	0.0	image/772	772	1645964	train2017/000000190487.jpg
3215.568359375	0.0	image/766	766	1646371	train2017/000000451680.jpg
3216.357421875	0.0	image/822	822	1646775	train2017/000000466265.jpg
3217.158203125	0.0	image/755	755	1647185	train2017/000000055764.jpg
3217.96875	0.0	image/721	721	1647600	train2017/000000176873.jpg
3218.775390625	0.0	image/825	825	1648013	train2017/000000467646.jpg
3219.55859375	0.0	image/758	758	1648414	train2017/000000186828.jpg
3220.369140625	0.0	image/743	743	1648829	train2017/000000189388.jpg
3221.171875	0.0	image/805	805	1649240	train2017/000000460408.jpg
3221.9921875	0.0	image/734	734	1649660	train2017/000000442489.jpg
3222.8046875	0.0	image/827	827	1650076	train2017/000000296474.jpg
3223.572265625	0.0	image/729	729	1650469	train2017/000000179019.jpg
3224.359375	0.0	image/724	724	1650872	train2017/000000178031.jpg
3225.15625	0.0	image/819	819	1651280	train2017/000000298139.jpg
3225.970703125	0.0	image/805	805	1651697	train2017/000000460408.jpg
3226.7890625	0.0	image/800	800	1652116	train2017/000000458616.jpg
3227.591796875	0.0	image/727	727	1652527	train2017/000000440792.jpg
3229.2109375	0.0	image/776	776	1653356	train2017/000000468771.jpg
3230.029296875	0.0	image/836	836	1653775	train2017/000000470907.jpg
3230.83984375	0.0	image/788	788	1654190	train2017/000000193373.jpg
3231.642578125	0.0	image/794	794	1654601	train2017/000000195650.jpg
3232.412109375	0.0	image/781	781	1654995	train2017/000000192631.jpg
3233.1953125	0.0	image/759	759	1655396	train2017/000000449914.jpg
3234.0234375	0.0	image/780	780	1655820	train2017/000000192576.jpg
3234.830078125	0.0	image/839	839	1656233	train2017/000000209229.jpg
3235.625	0.0	image/737	737	1656640	train2017/000000443377.jpg
3236.443359375	0.0	image/746	746	1657059	train2017/000000445726.jpg
3238.064453125	0.0	image/840	840	1657889	train2017/000000471871.jpg
3238.841796875	0.0	image/769	769	1658287	train2017/000000189893.jpg
3239.615234375	0.0	image/804	804	1658683	train2017/000000460236.jpg
3240.427734375	0.0	image/834	834	1659099	train2017/000000469816.jpg
3241.248046875	0.0	image/829	829	1659519	train2017/000000206467.jpg
3242.865234375	0.0	image/813	813	1660347	train2017/000000557920.jpg
3243.666015625	0.0	image/759	759	1660757	train2017/000000449914.jpg
3244.5	0.0	image/763	763	1661184	train2017/000000450864.jpg
3245.333984375	0.0	image/793	793	1661611	train2017/000000338439.jpg
3246.111328125	0.0	image/798	798	1662009	train2017/000000196365.jpg
3246.912109375	0.0	image/801	801	1662419	train2017/000000459190.jpg
3248.517578125	0.0	image/828	828	1663241	train2017/000000468394.jpg
3249.333984375	0.0	image/785	785	1663659	train2017/000000119550.jpg
3250.962890625	0.0	image/807	807	1664493	train2017/000000397815.jpg
3251.78515625	0.0	image/779	779	1664914	train2017/000000191740.jpg
3252.5625	0.0	image/722	722	1665312	train2017/000000073172.jpg
3253.3515625	0.0	image/804	804	1665716	train2017/000000460236.jpg
3254.13671875	0.0	image/730	730	1666118	train2017/000000441172.jpg
3254.9140625	0.0	image/776	776	1666516	train2017/000000468771.jpg
3255.697265625	0.0	image/815	815	1666917	train2017/000000202050.jpg
3256.50390625	0.0	image/731	731	1667330	train2017/000000179034.jpg
3257.296875	0.0	image/760	760	1667736	train2017/000000276853.jpg
3258.8828125	0.0	image/763	763	1668548	train2017/000000450864.jpg
3260.517578125	0.0	image/765	765	1669385	train2017/000000450914.jpg
3261.314453125	0.0	image/730	730	1669793	train2017/000000441172.jpg
3262.10546875	0.0	image/781	781	1670198	train2017/000000192631.jpg
3262.8828125	0.0	image/728	728	1670596	train2017/000000395740.jpg
3263.671875	0.0	image/778	778	1671000	train2017/000000191686.jpg
3264.48828125	0.0	image/758	758	1671418	train2017/000000186828.jpg
3265.2734375	0.0	image/817	817	1671820	train2017/000000202805.jpg
3266.10546875	0.0	image/782	782	1672246	train2017/000000454830.jpg
3273.41015625	0.0	image/867	867	1675986	train2017/000000479035.jpg
3274.228515625	0.0	image/923	923	1676405	train2017/000000231851.jpg
3275.02734375	0.0	image/846	846	1676814	train2017/000000474024.jpg
3275.861328125	0.0	image/897	897	1677241	train2017/000000430850.jpg
3277.462890625	0.0	image/953	953	1678061	train2017/000000241026.jpg
3278.294921875	0.0	image/920	920	1678487	train2017/000000300622.jpg
3279.07421875	0.0	image/913	913	1678886	train2017/000000356810.jpg
3280.640625	0.0	image/870	870	1679688	train2017/000000480601.jpg
3281.447265625	0.0	image/842	842	1680101	train2017/000000209919.jpg
3282.259765625	0.0	image/866	866	1680517	train2017/000000216029.jpg
3283.078125	0.0	image/904	904	1680936	train2017/000000227733.jpg
3283.890625	0.0	image/955	955	1681352	train2017/000000112805.jpg
3285.48046875	0.0	image/879	879	1682166	train2017/000000221441.jpg
3287.115234375	0.0	image/955	955	1683003	train2017/000000112805.jpg
3287.943359375	0.0	image/930	930	1683427	train2017/000000344729.jpg
3288.748046875	0.0	image/933	933	1683839	train2017/000000233873.jpg
3289.560546875	0.0	image/936	936	1684255	train2017/000000497797.jpg
3290.34375	0.0	image/878	878	1684656	train2017/000000167908.jpg
3291.166015625	0.0	image/850	850	1685077	train2017/000000212380.jpg
3291.9453125	0.0	image/894	894	1685476	train2017/000000225533.jpg
3292.744140625	0.0	image/873	873	1685885	train2017/000000429902.jpg
3293.55078125	0.0	image/954	954	1686298	train2017/000000040187.jpg
3294.349609375	0.0	image/852	852	1686707	train2017/000000212440.jpg
3295.12890625	0.0	image/907	907	1687106	train2017/000000228133.jpg
3295.951171875	0.0	image/868	868	1687527	train2017/000000444880.jpg
3297.568359375	0.0	image/877	877	1688355	train2017/000000342639.jpg
3298.37890625	0.0	image/920	920	1688770	train2017/000000300622.jpg
3299.181640625	0.0	image/874	874	1689181	train2017/000000561006.jpg
3299.96875	0.0	image/943	943	1689584	train2017/000000238201.jpg
3300.78515625	0.0	image/940	940	1690002	train2017/000000499730.jpg
3301.564453125	0.0	image/880	880	1690401	train2017/000000484300.jpg
3302.34765625	0.0	image/932	932	1690802	train2017/000000233580.jpg
3303.154296875	0.0	image/929	929	1691215	train2017/000000495387.jpg
3303.98046875	0.0	image/843	843	1691638	train2017/000000210065.jpg
3304.796875	0.0	image/855	855	1692056	train2017/000000122923.jpg
3305.619140625	0.0	image/950	950	1692477	train2017/000000502470.jpg
3306.404296875	0.0	image/896	896	1692879	train2017/000000225750.jpg
3307.1875	0.0	image/844	844	1693280	train2017/000000341033.jpg
3308.771484375	0.0	image/959	959	1694091	train2017/000000505486.jpg
3309.5546875	0.0	image/858	858	1694492	train2017/000000214059.jpg
3310.37109375	0.0	image/950	950	1694910	train2017/000000502470.jpg
3311.189453125	0.0	image/867	867	1695329	train2017/000000479035.jpg
3312.005859375	0.0	image/944	944	1695747	train2017/000000239337.jpg
3312.80078125	0.0	image/870	870	1696154	train2017/000000480601.jpg
3313.60546875	0.0	image/841	841	1696566	train2017/000000034961.jpg
3314.3828125	0.0	image/912	912	1696964	train2017/000000491611.jpg
3315.16796875	0.0	image/909	909	1697366	train2017/000000228380.jpg
3316.78515625	0.0	image/902	902	1698194	train2017/000000227307.jpg
3317.58984375	0.0	image/875	875	1698606	train2017/000000482858.jpg
3318.41796875	0.0	image/883	883	1699030	train2017/000000223447.jpg
3319.21875	0.0	image/949	949	1699440	train2017/000000240278.jpg
3320.0078125	0.0	image/847	847	1699844	train2017/000000207833.jpg
3320.818359375	0.0	image/902	902	1700259	train2017/000000227307.jpg
3321.591796875	0.0	image/914	914	1700655	train2017/000000492037.jpg
3322.392578125	0.0	image/896	896	1701065	train2017/000000225750.jpg
3323.17578125	0.0	image/869	869	1701466	train2017/000000294744.jpg
3323.953125	0.0	image/954	954	1701864	train2017/000000040187.jpg
3325.54296875	0.0	image/946	946	1702678	train2017/000000501867.jpg
3326.34375	0.0	image/871	871	1703088	train2017/000000480990.jpg
3327.126953125	0.0	image/886	886	1703489	train2017/000000386856.jpg
3327.943359375	0.0	image/940	940	1703907	train2017/000000499730.jpg
3328.77734375	0.0	image/910	910	1704334	train2017/000000228565.jpg
3329.59375	0.0	image/916	916	1704752	train2017/000000038370.jpg
3331.2109375	0.0	image/863	863	1705580	train2017/000000215291.jpg
3332.01171875	0.0	image/888	888	1705990	train2017/000000486503.jpg
3332.806640625	0.0	image/959	959	1706397	train2017/000000505486.jpg
3333.5703125	0.0	image/854	854	1706788	train2017/000000475236.jpg
3334.341796875	0.0	image/895	895	1707183	train2017/000000487825.jpg
3335.162109375	0.0	image/911	911	1707603	train2017/000000229456.jpg
3336.763671875	0.0	image/865	865	1708423	train2017/000000035972.jpg
3337.58984375	0.0	image/883	883	1708846	train2017/000000223447.jpg
3338.396484375	0.0	image/931	931	1709259	train2017/000000495568.jpg
3339.21484375	0.0	image/898	898	1709678	train2017/000000488406.jpg
3340.04296875	0.0	image/853	853	1710102	train2017/000000474827.jpg
3341.630859375	0.0	image/882	882	1710915	train2017/000000485113.jpg
3342.431640625	0.0	image/919	919	1711325	train2017/000000492627.jpg
3343.244140625	0.0	image/891	891	1711741	train2017/000000224869.jpg
3344.0234375	0.0	image/884	884	1712140	train2017/000000485605.jpg
3344.79296875	0.0	image/943	943	1712534	train2017/000000238201.jpg
3345.599609375	0.0	image/934	934	1712947	train2017/000000497464.jpg
3346.3828125	0.0	image/925	925	1713348	train2017/000000494552.jpg
3347.166015625	0.0	image/919	919	1713749	train2017/000000492627.jpg
3347.982421875	0.0	image/854	854	1714167	train2017/000000475236.jpg
3348.767578125	0.0	image/925	925	1714569	train2017/000000494552.jpg
3349.544921875	0.0	image/930	930	1714967	train2017/000000344729.jpg
3350.3515625	0.0	image/922	922	1715380	train2017/000000235479.jpg
3351.16796875	0.0	image/893	893	1715798	train2017/000000225383.jpg
3351.978515625	0.0	image/888	888	1716213	train2017/000000486503.jpg
3352.78515625	0.0	image/935	935	1716626	train2017/000000082945.jpg
3353.5625	0.0	image/942	942	1717024	train2017/000000238001.jpg
3354.3515625	0.0	image/862	862	1717428	train2017/000000215023.jpg
3355.16796875	0.0	image/890	890	1717846	train2017/000000224759.jpg
3356.763671875	0.0	image/958	958	1718663	train2017/000000433657.jpg
3357.568359375	0.0	image/916	916	1719075	train2017/000000038370.jpg
3358.369140625	0.0	image/933	933	1719485	train2017/000000233873.jpg
3359.970703125	0.0	image/889	889	1720305	train2017/000000224396.jpg
3360.80078125	0.0	image/926	926	1720730	train2017/000000232648.jpg
3361.587890625	0.0	image/864	864	1721133	train2017/000000385417.jpg
3362.388671875	0.0	image/907	907	1721543	train2017/000000228133.jpg
3363.16796875	0.0	image/873	873	1721942	train2017/000000429902.jpg
3363.98828125	0.0	image/845	845	1722362	train2017/000000211198.jpg
3364.8046875	0.0	image/894	894	1722780	train2017/000000225533.jpg
3365.599609375	0.0	image/861	861	1723187	train2017/000000560054.jpg
3366.388671875	0.0	image/957	957	1723591	train2017/000000242631.jpg
3367.216796875	0.0	image/851	851	1724015	train2017/000000474545.jpg
3368.02734375	0.0	image/849	849	1724430	train2017/000000212229.jpg
3368.81640625	0.0	image/936	936	1724834	train2017/000000497797.jpg
3369.619140625	0.0	image/908	908	1725245	train2017/000000228316.jpg
3371.189453125	0.0	image/906	906	1726049	train2017/000000227928.jpg
3372.01953125	0.0	image/941	941	1726474	train2017/000000237697.jpg
3372.791015625	0.0	image/864	864	1726869	train2017/000000385417.jpg
3374.369140625	0.0	image/918	918	1727677	train2017/000000230422.jpg
3375.13671875	0.0	image/938	938	1728070	train2017/000000237093.jpg
3375.94140625	0.0	image/900	900	1728482	train2017/000000488658.jpg
3376.7578125	0.0	image/879	879	1728900	train2017/000000221441.jpg
3377.552734375	0.0	image/952	952	1729307	train2017/000000502860.jpg
3378.375	0.0	image/903	903	1729728	train2017/000000227451.jpg
3379.1875	0.0	image/847	847	1730144	train2017/000000207833.jpg
3380.009765625	0.0	image/912	912	1730565	train2017/000000491611.jpg
3380.8203125	0.0	image/953	953	1730980	train2017/000000241026.jpg
3381.626953125	0.0	image/908	908	1731393	train2017/000000228316.jpg
3382.4375	0.0	image/910	910	1731808	train2017/000000228565.jpg
3383.255859375	0.0	image/857	857	1732227	train2017/000000213988.jpg
3384.060546875	0.0	image/927	927	1732639	train2017/000000495040.jpg
3384.83984375	0.0	image/885	885	1733038	train2017/000000223718.jpg
3385.66015625	0.0	image/892	892	1733458	train2017/000000225113.jpg
3386.478515625	0.0	image/858	858	1733877	train2017/000000214059.jpg
3387.3125	0.0	image/876	876	1734304	train2017/000000482912.jpg
3388.095703125	0.0	image/913	913	1734705	train2017/000000356810.jpg
3388.888671875	0.0	image/948	948	1735111	train2017/000000502058.jpg
3389.69140625	0.0	image/956	956	1735522	train2017/000000242133.jpg
3390.505859375	0.0	image/871	871	1735939	train2017/000000480990.jpg
3391.2734375	0.0	image/957	957	1736332	train2017/000000242631.jpg
3392.078125	0.0	image/906	906	1736744	train2017/000000227928.jpg
3392.896484375	0.0	image/939	939	1737163	train2017/000000499627.jpg
3393.69140625	0.0	image/905	905	1737570	train2017/000000227843.jpg
3394.49609375	0.0	image/887	887	1737982	train2017/000000561677.jpg
3395.30859375	0.0	image/937	937	1738398	train2017/000000498615.jpg
3396.076171875	0.0	image/917	917	1738791	train2017/000000354185.jpg
3397.693359375	0.0	image/868	868	1739619	train2017/000000444880.jpg
3398.46484375	0.0	image/931	931	1740014	train2017/000000495568.jpg
3399.28125	0.0	image/844	844	1740432	train2017/000000341033.jpg
3400.099609375	0.0	image/895	895	1740851	train2017/000000487825.jpg
3400.876953125	0.0	image/865	865	1741249	train2017/000000035972.jpg
3401.69921875	0.0	image/841	841	1741670	train2017/000000034961.jpg
3402.4765625	0.0	image/944	944	1742068	train2017/000000239337.jpg
3403.25	0.0	image/884	884	1742464	train2017/000000485605.jpg
3404.048828125	0.0	image/949	949	1742873	train2017/000000240278.jpg
3404.84375	0.0	image/946	946	1743280	train2017/000000501867.jpg
3405.646484375	0.0	image/958	958	1743691	train2017/000000433657.jpg
3406.466796875	0.0	image/903	903	1744111	train2017/000000227451.jpg
3407.25	0.0	image/887	887	1744512	train2017/000000561677.jpg
3408.0625	0.0	image/927	927	1744928	train2017/000000495040.jpg
3408.828125	0.0	image/881	881	1745320	train2017/000000222921.jpg
3409.619140625	0.0	image/922	922	1745725	train2017/000000235479.jpg
3410.412109375	0.0	image/935	935	1746131	train2017/000000082945.jpg
3411.197265625	0.0	image/891	891	1746533	train2017/000000224869.jpg
3412.01953125	0.0	image/861	861	1746954	train2017/000000560054.jpg
3412.814453125	0.0	image/869	869	1747361	train2017/000000294744.jpg
3413.580078125	0.0	image/945	945	1747753	train2017/000000501739.jpg
3414.38671875	0.0	image/876	876	1748166	train2017/000000482912.jpg
3415.169921875	0.0	image/881	881	1748567	train2017/000000222921.jpg
3415.96484375	0.0	image/846	846	1748974	train2017/000000474024.jpg
3416.75390625	0.0	image/929	929	1749378	train2017/000000495387.jpg
3417.5546875	0.0	image/856	856	1749788	train2017/000000213288.jpg
3418.380859375	0.0	image/951	951	1750211	train2017/000000214821.jpg
3419.171875	0.0	image/860	860	1750616	train2017/000000476481.jpg
3420.0	0.0	image/928	928	1751040	train2017/000000233104.jpg
3420.8046875	0.0	image/904	904	1751452	train2017/000000227733.jpg
3421.60546875	0.0	image/859	859	1751862	train2017/000000476380.jpg
3422.4375	0.0	image/951	951	1752288	train2017/000000214821.jpg
3423.22265625	0.0	image/850	850	1752690	train2017/000000212380.jpg
3424.05078125	0.0	image/942	942	1753114	train2017/000000238001.jpg
3424.873046875	0.0	image/849	849	1753535	train2017/000000212229.jpg
3425.701171875	0.0	image/853	853	1753959	train2017/000000474827.jpg
3426.5234375	0.0	image/857	857	1754380	train2017/000000213988.jpg
3428.12109375	0.0	image/855	855	1755198	train2017/000000122923.jpg
3428.94140625	0.0	image/901	901	1755618	train2017/000000007567.jpg
3429.740234375	0.0	image/905	905	1756027	train2017/000000227843.jpg
3430.521484375	0.0	image/899	899	1756427	train2017/000000168803.jpg
3431.30859375	0.0	image/945	945	1756830	train2017/000000501739.jpg
3432.119140625	0.0	image/947	947	1757245	train2017/000000501926.jpg
3432.92578125	0.0	image/941	941	1757658	train2017/000000237697.jpg
3433.736328125	0.0	image/848	848	1758073	train2017/000000474353.jpg
3434.55859375	0.0	image/911	911	1758494	train2017/000000229456.jpg
3435.353515625	0.0	image/915	915	1758901	train2017/000000229947.jpg
3436.13671875	0.0	image/928	928	1759302	train2017/000000233104.jpg
3436.939453125	0.0	image/960	960	1759713	train2017/000000505592.jpg
3437.759765625	0.0	image/874	874	1760133	train2017/000000561006.jpg
3438.5703125	0.0	image/926	926	1760548	train2017/000000232648.jpg
3439.39453125	0.0	image/898	898	1760970	train2017/000000488406.jpg
3440.171875	0.0	image/890	890	1761368	train2017/000000224759.jpg
3441.810546875	0.0	image/932	932	1762207	train2017/000000233580.jpg
3443.421875	0.0	image/852	852	1763032	train2017/000000212440.jpg
3444.234375	0.0	image/915	915	1763448	train2017/000000229947.jpg
3445.044921875	0.0	image/863	863	1763863	train2017/000000215291.jpg
3445.830078125	0.0	image/924	924	1764265	train2017/000000232277.jpg
3446.61328125	0.0	image/901	901	1764666	train2017/000000007567.jpg
3447.41015625	0.0	image/900	900	1765074	train2017/000000488658.jpg
3448.193359375	0.0	image/860	860	1765475	train2017/000000476481.jpg
3449.025390625	0.0	image/956	956	1765901	train2017/000000242133.jpg
3449.814453125	0.0	image/877	877	1766305	train2017/000000342639.jpg
3451.408203125	0.0	image/851	851	1767121	train2017/000000474545.jpg
3452.17578125	0.0	image/862	862	1767514	train2017/000000215023.jpg
3452.96484375	0.0	image/897	897	1767918	train2017/000000430850.jpg
3453.748046875	0.0	image/914	914	1768319	train2017/000000492037.jpg
3454.576171875	0.0	image/947	947	1768743	train2017/000000501926.jpg
3455.3828125	0.0	image/917	917	1769156	train2017/000000354185.jpg
3456.162109375	0.0	image/872	872	1769555	train2017/000000429887.jpg
3457.765625	0.0	image/892	892	1770376	train2017/000000225113.jpg
3458.595703125	0.0	image/952	952	1770801	train2017/000000502860.jpg
3459.376953125	0.0	image/885	885	1771201	train2017/000000223718.jpg
3460.193359375	0.0	image/878	878	1771619	train2017/000000167908.jpg
3460.984375	0.0	image/872	872	1772024	train2017/000000429887.jpg
3461.783203125	0.0	image/882	882	1772433	train2017/000000485113.jpg
3462.6171875	0.0	image/843	843	1772860	train2017/000000210065.jpg
3463.451171875	0.0	image/960	960	1773287	train2017/000000505592.jpg
3464.251953125	0.0	image/859	859	1773697	train2017/000000476380.jpg
3465.029296875	0.0	image/909	909	1774095	train2017/000000228380.jpg
3466.619140625	0.0	image/899	899	1774909	train2017/000000168803.jpg
3467.419921875	0.0	image/921	921	1775319	train2017/000000231102.jpg
3468.19921875	0.0	image/856	856	1775718	train2017/000000213288.jpg
3469.013671875	0.0	image/918	918	1776135	train2017/000000230422.jpg
3469.814453125	0.0	image/880	880	1776545	train2017/000000484300.jpg
3470.619140625	0.0	image/866	866	1776957	train2017/000000216029.jpg
3471.453125	0.0	image/921	921	1777384	train2017/000000231102.jpg
3472.23046875	0.0	image/842	842	1777782	train2017/000000209919.jpg
3473.83203125	0.0	image/923	923	1778602	train2017/000000231851.jpg
3474.59765625	0.0	image/848	848	1778994	train2017/000000474353.jpg
3475.3828125	0.0	image/937	937	1779396	train2017/000000498615.jpg
3476.154296875	0.0	image/875	875	1779791	train2017/000000482858.jpg
3476.98828125	0.0	image/893	893	1780218	train2017/000000225383.jpg
3477.771484375	0.0	image/889	889	1780619	train2017/000000224396.jpg
3478.6015625	0.0	image/939	939	1781044	train2017/000000499627.jpg
3479.400390625	0.0	image/845	845	1781453	train2017/000000211198.jpg
3480.205078125	0.0	image/886	886	1781865	train2017/000000386856.jpg
3480.982421875	0.0	image/924	924	1782263	train2017/000000232277.jpg
3482.57421875	0.0	image/948	948	1783078	train2017/000000502058.jpg
