onset	duration	trial_type	value	sample	stim_file
1.9921875	0.0	image/39	39	1020	nsd/4892.png
2.783203125	0.0	image/21	21	1425	nsd/3856.png
3.599609375	0.0	image/33	33	1843	nsd/4667.png
4.3828125	0.0	image/49	49	2244	nsd/5502.png
5.166015625	0.0	image/94	94	2645	nsd/8394.png
5.9609375	0.0	image/85	85	3052	nsd/7954.png
6.75	0.0	image/90	90	3456	nsd/8262.png
7.560546875	0.0	image/34	34	3871	nsd/4690.png
8.328125	0.0	image/77	77	4264	nsd/7418.png
9.12890625	0.0	image/59	59	4674	nsd/6222.png
9.947265625	0.0	image/24	24	5093	nsd/4051.png
10.767578125	0.0	image/38	38	5513	nsd/4869.png
11.5859375	0.0	image/58	58	5932	nsd/6199.png
12.396484375	0.0	image/26	26	6347	nsd/4129.png
13.185546875	0.0	image/78	78	6751	nsd/7480.png
13.986328125	0.0	image/56	56	7161	nsd/5890.png
14.818359375	0.0	image/46	46	7587	nsd/5338.png
15.603515625	0.0	image/109	109	7989	nsd/9434.png
16.38671875	0.0	image/89	89	8390	nsd/8225.png
17.181640625	0.0	image/61	61	8797	nsd/6444.png
18.00390625	0.0	image/9	9	9218	nsd/3181.png
18.814453125	0.0	image/37	37	9633	nsd/4835.png
19.58203125	0.0	image/75	75	10026	nsd/7366.png
20.38671875	0.0	image/45	45	10438	nsd/5301.png
21.955078125	0.0	image/120	120	11241	nsd/10064.png
22.732421875	0.0	image/5	5	11639	nsd/3146.png
24.322265625	0.0	image/17	17	12453	nsd/3729.png
25.97265625	0.0	image/119	119	13298	nsd/10046.png
26.7890625	0.0	image/62	62	13716	nsd/6489.png
27.572265625	0.0	image/100	100	14117	nsd/8646.png
28.3515625	0.0	image/66	66	14516	nsd/6558.png
29.134765625	0.0	image/104	104	14917	nsd/8933.png
29.923828125	0.0	image/64	64	15321	nsd/6521.png
30.724609375	0.0	image/48	48	15731	nsd/5459.png
31.517578125	0.0	image/68	68	16137	nsd/6713.png
32.30859375	0.0	image/114	114	16542	nsd/9847.png
33.091796875	0.0	image/11	11	16943	nsd/3434.png
33.875	0.0	image/115	115	17344	nsd/9865.png
34.65234375	0.0	image/94	94	17742	nsd/8394.png
35.458984375	0.0	image/82	82	18155	nsd/7859.png
36.2421875	0.0	image/6	6	18556	nsd/3157.png
37.01953125	0.0	image/101	101	18954	nsd/8807.png
37.8203125	0.0	image/44	44	19364	nsd/5285.png
38.626953125	0.0	image/21	21	19777	nsd/3856.png
39.455078125	0.0	image/118	118	20201	nsd/10006.png
40.244140625	0.0	image/20	20	20605	nsd/3847.png
41.076171875	0.0	image/56	56	21031	nsd/5890.png
41.85546875	0.0	image/69	69	21430	nsd/6801.png
42.662109375	0.0	image/42	42	21843	nsd/5106.png
43.4453125	0.0	image/15	15	22244	nsd/3682.png
44.22265625	0.0	image/12	12	22642	nsd/3449.png
45.794921875	0.0	image/76	76	23447	nsd/7409.png
46.62890625	0.0	image/120	120	23874	nsd/10064.png
47.412109375	0.0	image/111	111	24275	nsd/9680.png
49.013671875	0.0	image/2	2	25095	nsd/2990.png
49.791015625	0.0	image/79	79	25493	nsd/7654.png
50.580078125	0.0	image/115	115	25897	nsd/9865.png
51.412109375	0.0	image/99	99	26323	nsd/8631.png
52.197265625	0.0	image/60	60	26725	nsd/6431.png
52.98046875	0.0	image/81	81	27126	nsd/7840.png
53.796875	0.0	image/113	113	27544	nsd/9804.png
54.591796875	0.0	image/84	84	27951	nsd/7948.png
55.365234375	0.0	image/10	10	28347	nsd/3386.png
56.1484375	0.0	image/66	66	28748	nsd/6558.png
56.931640625	0.0	image/8	8	29149	nsd/3171.png
57.728515625	0.0	image/76	76	29557	nsd/7409.png
58.533203125	0.0	image/41	41	29969	nsd/5034.png
59.359375	0.0	image/51	51	30392	nsd/5574.png
60.166015625	0.0	image/98	98	30805	nsd/8509.png
61.81640625	0.0	image/98	98	31650	nsd/8509.png
63.39453125	0.0	image/117	117	32458	nsd/9978.png
64.162109375	0.0	image/72	72	32851	nsd/7120.png
64.951171875	0.0	image/40	40	33255	nsd/4930.png
66.552734375	0.0	image/82	82	34075	nsd/7859.png
67.3515625	0.0	image/65	65	34484	nsd/6524.png
68.1796875	0.0	image/51	51	34908	nsd/5574.png
68.953125	0.0	image/55	55	35304	nsd/5878.png
69.779296875	0.0	image/22	22	35727	nsd/3913.png
70.564453125	0.0	image/14	14	36129	nsd/3626.png
71.353515625	0.0	image/97	97	36533	nsd/8465.png
72.154296875	0.0	image/112	112	36943	nsd/9722.png
73.748046875	0.0	image/117	117	37759	nsd/9978.png
74.521484375	0.0	image/53	53	38155	nsd/5602.png
75.3046875	0.0	image/25	25	38556	nsd/4058.png
76.099609375	0.0	image/28	28	38963	nsd/4249.png
76.87109375	0.0	image/63	63	39358	nsd/6514.png
77.689453125	0.0	image/93	93	39777	nsd/8387.png
78.517578125	0.0	image/85	85	40201	nsd/7954.png
79.33984375	0.0	image/13	13	40622	nsd/3489.png
80.150390625	0.0	image/10	10	41037	nsd/3386.png
80.939453125	0.0	image/52	52	41441	nsd/5583.png
81.72265625	0.0	image/68	68	41842	nsd/6713.png
82.533203125	0.0	image/87	87	42257	nsd/8109.png
83.318359375	0.0	image/89	89	42659	nsd/8225.png
84.123046875	0.0	image/13	13	43071	nsd/3489.png
85.7734375	0.0	image/103	103	43916	nsd/8925.png
86.552734375	0.0	image/23	23	44315	nsd/3951.png
87.3359375	0.0	image/106	106	44716	nsd/9048.png
88.142578125	0.0	image/31	31	45129	nsd/4436.png
88.92578125	0.0	image/74	74	45530	nsd/7336.png
89.7578125	0.0	image/29	29	45956	nsd/4325.png
90.5859375	0.0	image/59	59	46380	nsd/6222.png
91.369140625	0.0	image/67	67	46781	nsd/6640.png
92.17578125	0.0	image/104	104	47194	nsd/8933.png
92.9765625	0.0	image/75	75	47604	nsd/7366.png
93.7890625	0.0	image/41	41	48020	nsd/5034.png
94.576171875	0.0	image/43	43	48423	nsd/5204.png
95.404296875	0.0	image/4	4	48847	nsd/3077.png
96.2109375	0.0	image/32	32	49260	nsd/4612.png
97.02734375	0.0	image/52	52	49678	nsd/5583.png
98.64453125	0.0	image/40	40	50506	nsd/4930.png
99.45703125	0.0	image/49	49	50922	nsd/5502.png
100.279296875	0.0	image/101	101	51343	nsd/8807.png
101.095703125	0.0	image/102	102	51761	nsd/8843.png
101.87890625	0.0	image/15	15	52162	nsd/3682.png
102.662109375	0.0	image/106	106	52563	nsd/9048.png
103.490234375	0.0	image/16	16	52987	nsd/3687.png
104.263671875	0.0	image/35	35	53383	nsd/4768.png
105.046875	0.0	image/73	73	53784	nsd/7207.png
105.857421875	0.0	image/17	17	54199	nsd/3729.png
106.654296875	0.0	image/28	28	54607	nsd/4249.png
107.474609375	0.0	image/78	78	55027	nsd/7480.png
109.046875	0.0	image/108	108	55832	nsd/9230.png
109.83203125	0.0	image/7	7	56234	nsd/3164.png
110.6484375	0.0	image/48	48	56652	nsd/5459.png
111.427734375	0.0	image/57	57	57051	nsd/6132.png
112.248046875	0.0	image/67	67	57471	nsd/6640.png
113.060546875	0.0	image/90	90	57887	nsd/8262.png
113.865234375	0.0	image/16	16	58299	nsd/3687.png
114.677734375	0.0	image/99	99	58715	nsd/8631.png
115.4609375	0.0	image/22	22	59116	nsd/3913.png
116.25	0.0	image/80	80	59520	nsd/7659.png
117.078125	0.0	image/39	39	59944	nsd/4892.png
117.84375	0.0	image/80	80	60336	nsd/7659.png
118.634765625	0.0	image/30	30	60741	nsd/4423.png
119.4609375	0.0	image/84	84	61164	nsd/7948.png
120.267578125	0.0	image/72	72	61577	nsd/7120.png
121.90234375	0.0	image/105	105	62414	nsd/9027.png
122.685546875	0.0	image/60	60	62815	nsd/6431.png
123.51171875	0.0	image/96	96	63238	nsd/8435.png
124.3359375	0.0	image/6	6	63660	nsd/3157.png
125.1640625	0.0	image/63	63	64084	nsd/6514.png
125.986328125	0.0	image/116	116	64505	nsd/9917.png
126.814453125	0.0	image/112	112	64929	nsd/9722.png
127.603515625	0.0	image/54	54	65333	nsd/5714.png
128.4375	0.0	image/91	91	65760	nsd/8274.png
130.041015625	0.0	image/43	43	66581	nsd/5204.png
131.654296875	0.0	image/18	18	67407	nsd/3809.png
132.46875	0.0	image/116	116	67824	nsd/9917.png
133.287109375	0.0	image/25	25	68243	nsd/4058.png
134.115234375	0.0	image/1	1	68667	nsd/2950.png
134.900390625	0.0	image/2	2	69069	nsd/2990.png
135.70703125	0.0	image/29	29	69482	nsd/4325.png
136.5390625	0.0	image/118	118	69908	nsd/10006.png
137.357421875	0.0	image/95	95	70327	nsd/8415.png
138.134765625	0.0	image/19	19	70725	nsd/3842.png
138.951171875	0.0	image/83	83	71143	nsd/7944.png
139.7578125	0.0	image/96	96	71556	nsd/8435.png
140.568359375	0.0	image/100	100	71971	nsd/8646.png
141.375	0.0	image/14	14	72384	nsd/3626.png
142.173828125	0.0	image/27	27	72793	nsd/4156.png
143.0078125	0.0	image/64	64	73220	nsd/6521.png
143.80859375	0.0	image/5	5	73630	nsd/3146.png
144.609375	0.0	image/105	105	74040	nsd/9027.png
145.44140625	0.0	image/50	50	74466	nsd/5542.png
146.26953125	0.0	image/107	107	74890	nsd/9147.png
147.037109375	0.0	image/55	55	75283	nsd/5878.png
147.84375	0.0	image/88	88	75696	nsd/8204.png
148.63671875	0.0	image/74	74	76102	nsd/7336.png
149.419921875	0.0	image/65	65	76503	nsd/6524.png
150.189453125	0.0	image/73	73	76897	nsd/7207.png
151.744140625	0.0	image/91	91	77693	nsd/8274.png
152.521484375	0.0	image/9	9	78091	nsd/3181.png
153.326171875	0.0	image/36	36	78503	nsd/4786.png
154.921875	0.0	image/108	108	79320	nsd/9230.png
155.74609375	0.0	image/45	45	79742	nsd/5301.png
156.5234375	0.0	image/20	20	80140	nsd/3847.png
157.341796875	0.0	image/19	19	80559	nsd/3842.png
158.109375	0.0	image/110	110	80952	nsd/9462.png
159.689453125	0.0	image/69	69	81761	nsd/6801.png
161.263671875	0.0	image/81	81	82567	nsd/7840.png
162.064453125	0.0	image/95	95	82977	nsd/8415.png
162.857421875	0.0	image/61	61	83383	nsd/6444.png
163.681640625	0.0	image/58	58	83805	nsd/6199.png
164.46484375	0.0	image/33	33	84206	nsd/4667.png
165.244140625	0.0	image/7	7	84605	nsd/3164.png
166.064453125	0.0	image/103	103	85025	nsd/8925.png
166.857421875	0.0	image/37	37	85431	nsd/4835.png
167.626953125	0.0	image/70	70	85825	nsd/7007.png
168.41015625	0.0	image/38	38	86226	nsd/4869.png
169.216796875	0.0	image/119	119	86639	nsd/10046.png
170.009765625	0.0	image/110	110	87045	nsd/9462.png
170.77734375	0.0	image/54	54	87438	nsd/5714.png
171.560546875	0.0	image/4	4	87839	nsd/3077.png
172.357421875	0.0	image/24	24	88247	nsd/4051.png
173.16796875	0.0	image/71	71	88662	nsd/7039.png
173.966796875	0.0	image/32	32	89071	nsd/4612.png
174.751953125	0.0	image/57	57	89473	nsd/6132.png
175.55078125	0.0	image/92	92	89882	nsd/8318.png
176.3671875	0.0	image/93	93	90300	nsd/8387.png
177.16796875	0.0	image/35	35	90710	nsd/4768.png
177.98046875	0.0	image/8	8	91126	nsd/3171.png
178.78515625	0.0	image/107	107	91538	nsd/9147.png
179.619140625	0.0	image/97	97	91965	nsd/8465.png
181.169921875	0.0	image/46	46	92759	nsd/5338.png
181.986328125	0.0	image/113	113	93177	nsd/9804.png
182.78125	0.0	image/23	23	93584	nsd/3951.png
183.56640625	0.0	image/42	42	93986	nsd/5106.png
184.38671875	0.0	image/26	26	94406	nsd/4129.png
185.220703125	0.0	image/30	30	94833	nsd/4423.png
186.044921875	0.0	image/53	53	95255	nsd/5602.png
186.86328125	0.0	image/27	27	95674	nsd/4156.png
187.654296875	0.0	image/3	3	96079	nsd/3049.png
188.466796875	0.0	image/62	62	96495	nsd/6489.png
189.271484375	0.0	image/18	18	96907	nsd/3809.png
190.083984375	0.0	image/86	86	97323	nsd/8006.png
190.849609375	0.0	image/31	31	97715	nsd/4436.png
192.466796875	0.0	image/12	12	98543	nsd/3449.png
193.267578125	0.0	image/34	34	98953	nsd/4690.png
194.07421875	0.0	image/92	92	99366	nsd/8318.png
194.857421875	0.0	image/88	88	99767	nsd/8204.png
196.474609375	0.0	image/36	36	100595	nsd/4786.png
197.2578125	0.0	image/77	77	100996	nsd/7418.png
198.841796875	0.0	image/109	109	101807	nsd/9434.png
199.65234375	0.0	image/71	71	102222	nsd/7039.png
200.46875	0.0	image/87	87	102640	nsd/8109.png
202.052734375	0.0	image/44	44	103451	nsd/5285.png
202.859375	0.0	image/11	11	103864	nsd/3434.png
203.66015625	0.0	image/86	86	104274	nsd/8006.png
204.453125	0.0	image/102	102	104680	nsd/8843.png
205.27734375	0.0	image/70	70	105102	nsd/7007.png
206.060546875	0.0	image/3	3	105503	nsd/3049.png
206.837890625	0.0	image/114	114	105901	nsd/9847.png
207.611328125	0.0	image/111	111	106297	nsd/9680.png
208.4453125	0.0	image/83	83	106724	nsd/7944.png
209.255859375	0.0	image/79	79	107139	nsd/7654.png
210.078125	0.0	image/47	47	107560	nsd/5427.png
210.912109375	0.0	image/1	1	107987	nsd/2950.png
211.728515625	0.0	image/50	50	108405	nsd/5542.png
212.505859375	0.0	image/47	47	108803	nsd/5427.png
220.05078125	0.0	image/181	181	112666	nsd/14898.png
220.87890625	0.0	image/168	168	113090	nsd/14110.png
221.669921875	0.0	image/122	122	113495	nsd/10107.png
222.484375	0.0	image/134	134	113912	nsd/11521.png
223.263671875	0.0	image/197	197	114311	nsd/16616.png
224.0625	0.0	image/226	226	114720	nsd/18543.png
224.86328125	0.0	image/205	205	115130	nsd/16868.png
225.634765625	0.0	image/218	218	115525	nsd/17794.png
226.4296875	0.0	image/163	163	115932	nsd/13613.png
227.203125	0.0	image/204	204	116328	nsd/16865.png
228.013671875	0.0	image/174	174	116743	nsd/14567.png
228.8203125	0.0	image/177	177	117156	nsd/14644.png
229.654296875	0.0	image/128	128	117583	nsd/10600.png
230.486328125	0.0	image/151	151	118009	nsd/12487.png
231.287109375	0.0	image/197	197	118419	nsd/16616.png
232.1171875	0.0	image/146	146	118844	nsd/11952.png
232.921875	0.0	image/154	154	119256	nsd/12685.png
233.734375	0.0	image/193	193	119672	nsd/16252.png
234.515625	0.0	image/221	221	120072	nsd/18268.png
235.322265625	0.0	image/198	198	120485	nsd/16635.png
236.1328125	0.0	image/142	142	120900	nsd/11837.png
236.939453125	0.0	image/191	191	121313	nsd/15939.png
237.75	0.0	image/176	176	121728	nsd/14610.png
238.556640625	0.0	image/173	173	122141	nsd/14528.png
239.3828125	0.0	image/231	231	122564	nsd/19199.png
240.18359375	0.0	image/191	191	122974	nsd/15939.png
240.97265625	0.0	image/239	239	123378	nsd/19933.png
241.80078125	0.0	image/157	157	123802	nsd/12922.png
242.623046875	0.0	image/169	169	124223	nsd/14121.png
243.435546875	0.0	image/165	165	124639	nsd/13662.png
244.2578125	0.0	image/159	159	125060	nsd/13138.png
245.041015625	0.0	image/222	222	125461	nsd/18434.png
245.8359375	0.0	image/150	150	125868	nsd/12308.png
246.640625	0.0	image/165	165	126280	nsd/13662.png
247.44140625	0.0	image/194	194	126690	nsd/16344.png
248.2421875	0.0	image/155	155	127100	nsd/12796.png
249.826171875	0.0	image/121	121	127911	nsd/10105.png
250.626953125	0.0	image/179	179	128321	nsd/14808.png
251.458984375	0.0	image/154	154	128747	nsd/12685.png
252.287109375	0.0	image/160	160	129171	nsd/13230.png
253.09375	0.0	image/201	201	129584	nsd/16723.png
253.89453125	0.0	image/195	195	129994	nsd/16421.png
254.7265625	0.0	image/152	152	130420	nsd/12495.png
256.39453125	0.0	image/227	227	131274	nsd/18690.png
257.228515625	0.0	image/230	230	131701	nsd/19181.png
258.85546875	0.0	image/240	240	132534	nsd/20054.png
259.65625	0.0	image/203	203	132944	nsd/16841.png
260.4453125	0.0	image/193	193	133348	nsd/16252.png
261.228515625	0.0	image/138	138	133749	nsd/11689.png
262.041015625	0.0	image/167	167	134165	nsd/13846.png
263.697265625	0.0	image/168	168	135013	nsd/14110.png
264.48046875	0.0	image/153	153	135414	nsd/12634.png
265.30859375	0.0	image/160	160	135838	nsd/13230.png
266.076171875	0.0	image/184	184	136231	nsd/15025.png
267.697265625	0.0	image/185	185	137061	nsd/15128.png
268.498046875	0.0	image/124	124	137471	nsd/10393.png
269.29296875	0.0	image/166	166	137878	nsd/13720.png
270.109375	0.0	image/238	238	138296	nsd/19690.png
270.8984375	0.0	image/208	208	138700	nsd/17230.png
271.693359375	0.0	image/217	217	139107	nsd/17776.png
272.4609375	0.0	image/157	157	139500	nsd/12922.png
274.06640625	0.0	image/128	128	140322	nsd/10600.png
274.8671875	0.0	image/161	161	140732	nsd/13312.png
275.646484375	0.0	image/131	131	141131	nsd/11159.png
276.4296875	0.0	image/236	236	141532	nsd/19642.png
277.228515625	0.0	image/190	190	141941	nsd/15819.png
277.994140625	0.0	image/233	233	142333	nsd/19292.png
278.818359375	0.0	image/211	211	142755	nsd/17374.png
279.646484375	0.0	image/214	214	143179	nsd/17485.png
280.46875	0.0	image/167	167	143600	nsd/13846.png
281.28515625	0.0	image/172	172	144018	nsd/14443.png
282.064453125	0.0	image/223	223	144417	nsd/18483.png
282.869140625	0.0	image/234	234	144829	nsd/19436.png
283.65234375	0.0	image/130	130	145230	nsd/10907.png
284.462890625	0.0	image/152	152	145645	nsd/12495.png
285.287109375	0.0	image/164	164	146067	nsd/13653.png
286.064453125	0.0	image/219	219	146465	nsd/17934.png
286.853515625	0.0	image/139	139	146869	nsd/11725.png
287.681640625	0.0	image/164	164	147293	nsd/13653.png
288.447265625	0.0	image/235	235	147685	nsd/19573.png
289.23828125	0.0	image/131	131	148090	nsd/11159.png
290.849609375	0.0	image/178	178	148915	nsd/14793.png
292.47265625	0.0	image/187	187	149746	nsd/15492.png
294.10546875	0.0	image/158	158	150582	nsd/12937.png
295.705078125	0.0	image/196	196	151401	nsd/16466.png
296.505859375	0.0	image/188	188	151811	nsd/15506.png
297.318359375	0.0	image/133	133	152227	nsd/11487.png
298.123046875	0.0	image/186	186	152639	nsd/15364.png
298.908203125	0.0	image/199	199	153041	nsd/16655.png
300.5234375	0.0	image/140	140	153868	nsd/11796.png
301.32421875	0.0	image/145	145	154278	nsd/11942.png
302.158203125	0.0	image/190	190	154705	nsd/15819.png
302.943359375	0.0	image/175	175	155107	nsd/14594.png
303.724609375	0.0	image/200	200	155507	nsd/16702.png
304.54296875	0.0	image/132	132	155926	nsd/11333.png
305.353515625	0.0	image/150	150	156341	nsd/12308.png
306.17578125	0.0	image/144	144	156762	nsd/11932.png
306.958984375	0.0	image/123	123	157163	nsd/10244.png
307.744140625	0.0	image/172	172	157565	nsd/14443.png
308.52734375	0.0	image/226	226	157966	nsd/18543.png
309.310546875	0.0	image/127	127	158367	nsd/10586.png
310.138671875	0.0	image/189	189	158791	nsd/15793.png
310.904296875	0.0	image/182	182	159183	nsd/14931.png
311.689453125	0.0	image/213	213	159585	nsd/17463.png
312.494140625	0.0	image/132	132	159997	nsd/11333.png
313.3125	0.0	image/140	140	160416	nsd/11796.png
314.10546875	0.0	image/215	215	160822	nsd/17549.png
314.921875	0.0	image/175	175	161240	nsd/14594.png
315.689453125	0.0	image/215	215	161633	nsd/17549.png
316.478515625	0.0	image/233	233	162037	nsd/19292.png
317.279296875	0.0	image/176	176	162447	nsd/14610.png
318.0625	0.0	image/147	147	162848	nsd/12065.png
318.841796875	0.0	image/158	158	163247	nsd/12937.png
319.646484375	0.0	image/180	180	163659	nsd/14820.png
321.224609375	0.0	image/192	192	164467	nsd/16063.png
322.0078125	0.0	image/125	125	164868	nsd/10471.png
322.775390625	0.0	image/161	161	165261	nsd/13312.png
323.564453125	0.0	image/211	211	165665	nsd/17374.png
324.392578125	0.0	image/184	184	166089	nsd/15025.png
325.21484375	0.0	image/181	181	166510	nsd/14898.png
326.025390625	0.0	image/185	185	166925	nsd/15128.png
327.599609375	0.0	image/134	134	167731	nsd/11521.png
328.392578125	0.0	image/234	234	168137	nsd/19436.png
329.18359375	0.0	image/210	210	168542	nsd/17369.png
329.966796875	0.0	image/199	199	168943	nsd/16655.png
330.75	0.0	image/221	221	169344	nsd/18268.png
331.578125	0.0	image/198	198	169768	nsd/16635.png
332.384765625	0.0	image/237	237	170181	nsd/19672.png
333.1953125	0.0	image/225	225	170596	nsd/18535.png
333.99609375	0.0	image/173	173	171006	nsd/14528.png
334.78515625	0.0	image/200	200	171410	nsd/16702.png
335.578125	0.0	image/216	216	171816	nsd/17595.png
336.36328125	0.0	image/170	170	172218	nsd/14165.png
337.1796875	0.0	image/148	148	172636	nsd/12075.png
337.99609375	0.0	image/232	232	173054	nsd/19200.png
338.78515625	0.0	image/240	240	173458	nsd/20054.png
339.619140625	0.0	image/213	213	173885	nsd/17463.png
340.453125	0.0	image/178	178	174312	nsd/14793.png
342.015625	0.0	image/217	217	175112	nsd/17776.png
342.81640625	0.0	image/194	194	175522	nsd/16344.png
343.63671875	0.0	image/137	137	175942	nsd/11635.png
344.470703125	0.0	image/229	229	176369	nsd/19074.png
345.28125	0.0	image/192	192	176784	nsd/16063.png
346.087890625	0.0	image/209	209	177197	nsd/17238.png
347.73828125	0.0	image/121	121	178042	nsd/10105.png
348.5546875	0.0	image/141	141	178460	nsd/11827.png
349.333984375	0.0	image/149	149	178859	nsd/12214.png
350.921875	0.0	image/143	143	179672	nsd/11844.png
351.734375	0.0	image/236	236	180088	nsd/19642.png
352.556640625	0.0	image/202	202	180509	nsd/16823.png
353.390625	0.0	image/232	232	180936	nsd/19200.png
354.224609375	0.0	image/125	125	181363	nsd/10471.png
355.0234375	0.0	image/186	186	181772	nsd/15364.png
355.80859375	0.0	image/205	205	182174	nsd/16868.png
356.583984375	0.0	image/171	171	182571	nsd/14179.png
357.375	0.0	image/156	156	182976	nsd/12798.png
358.185546875	0.0	image/212	212	183391	nsd/17450.png
358.9921875	0.0	image/218	218	183804	nsd/17794.png
359.79296875	0.0	image/171	171	184214	nsd/14179.png
360.625	0.0	image/174	174	184640	nsd/14567.png
361.453125	0.0	image/227	227	185064	nsd/18690.png
362.2578125	0.0	image/196	196	185476	nsd/16466.png
363.04296875	0.0	image/142	142	185878	nsd/11837.png
363.853515625	0.0	image/130	130	186293	nsd/10907.png
364.626953125	0.0	image/228	228	186689	nsd/18796.png
365.443359375	0.0	image/127	127	187107	nsd/10586.png
366.255859375	0.0	image/208	208	187523	nsd/17230.png
367.0546875	0.0	image/207	207	187932	nsd/17048.png
367.828125	0.0	image/238	238	188328	nsd/19690.png
368.623046875	0.0	image/159	159	188735	nsd/13138.png
369.39453125	0.0	image/224	224	189130	nsd/18505.png
370.1953125	0.0	image/170	170	189540	nsd/14165.png
370.978515625	0.0	image/146	146	189941	nsd/11952.png
371.779296875	0.0	image/216	216	190351	nsd/17595.png
372.576171875	0.0	image/156	156	190759	nsd/12798.png
373.390625	0.0	image/137	137	191176	nsd/11635.png
374.173828125	0.0	image/133	133	191577	nsd/11487.png
374.94140625	0.0	image/225	225	191970	nsd/18535.png
376.578125	0.0	image/183	183	192808	nsd/15003.png
377.3984375	0.0	image/129	129	193228	nsd/10610.png
378.23046875	0.0	image/204	204	193654	nsd/16865.png
379.064453125	0.0	image/212	212	194081	nsd/17450.png
379.89453125	0.0	image/223	223	194506	nsd/18483.png
380.6640625	0.0	image/214	214	194900	nsd/17485.png
381.44921875	0.0	image/163	163	195302	nsd/13613.png
382.232421875	0.0	image/153	153	195703	nsd/12634.png
383.06640625	0.0	image/162	162	196130	nsd/13314.png
383.849609375	0.0	image/148	148	196531	nsd/12075.png
384.6328125	0.0	image/201	201	196932	nsd/16723.png
385.466796875	0.0	image/145	145	197359	nsd/11942.png
386.25	0.0	image/187	187	197760	nsd/15492.png
387.02734375	0.0	image/180	180	198158	nsd/14820.png
387.828125	0.0	image/136	136	198568	nsd/11617.png
389.466796875	0.0	image/228	228	199407	nsd/18796.png
390.267578125	0.0	image/195	195	199817	nsd/16421.png
391.078125	0.0	image/155	155	200232	nsd/12796.png
391.869140625	0.0	image/144	144	200637	nsd/11932.png
392.685546875	0.0	image/138	138	201055	nsd/11689.png
393.462890625	0.0	image/126	126	201453	nsd/10507.png
394.265625	0.0	image/183	183	201864	nsd/15003.png
395.08203125	0.0	image/162	162	202282	nsd/13314.png
395.90234375	0.0	image/123	123	202702	nsd/10244.png
397.498046875	0.0	image/166	166	203519	nsd/13720.png
398.263671875	0.0	image/129	129	203911	nsd/10610.png
399.048828125	0.0	image/149	149	204313	nsd/12214.png
399.8203125	0.0	image/188	188	204708	nsd/15506.png
400.638671875	0.0	image/141	141	205127	nsd/11827.png
401.453125	0.0	image/135	135	205544	nsd/11566.png
402.255859375	0.0	image/230	230	205955	nsd/19181.png
403.0390625	0.0	image/177	177	206356	nsd/14644.png
403.873046875	0.0	image/206	206	206783	nsd/16917.png
404.66796875	0.0	image/135	135	207190	nsd/11566.png
405.484375	0.0	image/151	151	207608	nsd/12487.png
407.08203125	0.0	image/169	169	208426	nsd/14121.png
407.884765625	0.0	image/139	139	208837	nsd/11725.png
409.541015625	0.0	image/202	202	209685	nsd/16823.png
410.375	0.0	image/231	231	210112	nsd/19199.png
411.158203125	0.0	image/206	206	210513	nsd/16917.png
411.974609375	0.0	image/210	210	210931	nsd/17369.png
412.76953125	0.0	image/179	179	211338	nsd/14808.png
413.5859375	0.0	image/203	203	211756	nsd/16841.png
414.375	0.0	image/182	182	212160	nsd/14931.png
415.185546875	0.0	image/224	224	212575	nsd/18505.png
415.9921875	0.0	image/147	147	212988	nsd/12065.png
417.603515625	0.0	image/122	122	213813	nsd/10107.png
418.392578125	0.0	image/219	219	214217	nsd/17934.png
419.2265625	0.0	image/220	220	214644	nsd/17942.png
420.861328125	0.0	image/143	143	215481	nsd/11844.png
421.677734375	0.0	image/207	207	215899	nsd/17048.png
422.48828125	0.0	image/189	189	216314	nsd/15793.png
423.27734375	0.0	image/222	222	216718	nsd/18434.png
424.060546875	0.0	image/239	239	217119	nsd/19933.png
424.861328125	0.0	image/209	209	217529	nsd/17238.png
425.673828125	0.0	image/229	229	217945	nsd/19074.png
427.26171875	0.0	image/126	126	218758	nsd/10507.png
428.076171875	0.0	image/220	220	219175	nsd/17942.png
428.87890625	0.0	image/235	235	219586	nsd/19573.png
429.654296875	0.0	image/237	237	219983	nsd/19672.png
430.4296875	0.0	image/136	136	220380	nsd/11617.png
431.263671875	0.0	image/124	124	220807	nsd/10393.png
439.0546875	0.0	image/316	316	224796	nsd/25059.png
439.837890625	0.0	image/305	305	225197	nsd/24480.png
440.62109375	0.0	image/245	245	225598	nsd/20265.png
441.431640625	0.0	image/314	314	226013	nsd/24787.png
442.21484375	0.0	image/276	276	226414	nsd/22515.png
443.021484375	0.0	image/279	279	226827	nsd/22585.png
443.849609375	0.0	image/282	282	227251	nsd/22782.png
444.634765625	0.0	image/297	297	227653	nsd/23871.png
445.40625	0.0	image/302	302	228048	nsd/24214.png
446.18359375	0.0	image/342	342	228446	nsd/26127.png
447.755859375	0.0	image/341	341	229251	nsd/26119.png
448.556640625	0.0	image/357	357	229661	nsd/26990.png
449.33984375	0.0	image/311	311	230062	nsd/24649.png
450.154296875	0.0	image/242	242	230479	nsd/20080.png
451.740234375	0.0	image/313	313	231291	nsd/24740.png
452.53515625	0.0	image/335	335	231698	nsd/25711.png
453.357421875	0.0	image/343	343	232119	nsd/26163.png
454.173828125	0.0	image/300	300	232537	nsd/23993.png
454.9921875	0.0	image/352	352	232956	nsd/26720.png
455.802734375	0.0	image/308	308	233371	nsd/24560.png
456.60546875	0.0	image/347	347	233782	nsd/26351.png
457.392578125	0.0	image/296	296	234185	nsd/23729.png
459.00390625	0.0	image/345	345	235010	nsd/26292.png
459.822265625	0.0	image/266	266	235429	nsd/21703.png
460.587890625	0.0	image/251	251	235821	nsd/20738.png
461.369140625	0.0	image/248	248	236221	nsd/20633.png
462.9453125	0.0	image/291	291	237028	nsd/22993.png
463.728515625	0.0	image/332	332	237429	nsd/25602.png
464.544921875	0.0	image/313	313	237847	nsd/24740.png
465.37890625	0.0	image/327	327	238274	nsd/25454.png
466.15625	0.0	image/292	292	238672	nsd/23036.png
466.978515625	0.0	image/268	268	239093	nsd/21989.png
467.806640625	0.0	image/318	318	239517	nsd/25111.png
468.62890625	0.0	image/330	330	239938	nsd/25581.png
469.412109375	0.0	image/293	293	240339	nsd/23241.png
470.24609375	0.0	image/261	261	240766	nsd/21318.png
471.056640625	0.0	image/286	286	241181	nsd/22873.png
472.625	0.0	image/252	252	241984	nsd/20777.png
473.431640625	0.0	image/320	320	242397	nsd/25250.png
474.263671875	0.0	image/242	242	242823	nsd/20080.png
475.078125	0.0	image/290	290	243240	nsd/22967.png
476.666015625	0.0	image/249	249	244053	nsd/20650.png
477.4921875	0.0	image/259	259	244476	nsd/21253.png
478.294921875	0.0	image/356	356	244887	nsd/26971.png
479.115234375	0.0	image/325	325	245307	nsd/25319.png
479.94921875	0.0	image/323	323	245734	nsd/25287.png
481.533203125	0.0	image/262	262	246545	nsd/21508.png
482.33203125	0.0	image/350	350	246954	nsd/26458.png
483.16015625	0.0	image/241	241	247378	nsd/20064.png
483.93359375	0.0	image/295	295	247774	nsd/23715.png
484.75	0.0	image/279	279	248192	nsd/22585.png
485.5625	0.0	image/274	274	248608	nsd/22495.png
486.365234375	0.0	image/326	326	249019	nsd/25371.png
487.1796875	0.0	image/269	269	249436	nsd/22138.png
487.947265625	0.0	image/331	331	249829	nsd/25588.png
488.73046875	0.0	image/315	315	250230	nsd/24846.png
489.49609375	0.0	image/356	356	250622	nsd/26971.png
491.119140625	0.0	image/299	299	251453	nsd/23883.png
491.916015625	0.0	image/254	254	251861	nsd/21108.png
492.720703125	0.0	image/310	310	252273	nsd/24640.png
493.517578125	0.0	image/344	344	252681	nsd/26243.png
494.3203125	0.0	image/342	342	253092	nsd/26127.png
495.921875	0.0	image/312	312	253912	nsd/24739.png
496.748046875	0.0	image/353	353	254335	nsd/26780.png
498.30078125	0.0	image/315	315	255130	nsd/24846.png
499.072265625	0.0	image/284	284	255525	nsd/22809.png
500.671875	0.0	image/317	317	256344	nsd/25091.png
501.455078125	0.0	image/327	327	256745	nsd/25454.png
502.2890625	0.0	image/303	303	257172	nsd/24264.png
503.890625	0.0	image/358	358	257992	nsd/27242.png
504.673828125	0.0	image/354	354	258393	nsd/26895.png
505.50390625	0.0	image/331	331	258818	nsd/25588.png
506.322265625	0.0	image/298	298	259237	nsd/23876.png
507.134765625	0.0	image/270	270	259653	nsd/22143.png
508.708984375	0.0	image/255	255	260459	nsd/21192.png
509.4921875	0.0	image/253	253	260860	nsd/20820.png
510.26953125	0.0	image/243	243	261258	nsd/20206.png
511.0546875	0.0	image/277	277	261660	nsd/22523.png
512.63671875	0.0	image/352	352	262470	nsd/26720.png
513.458984375	0.0	image/322	322	262891	nsd/25284.png
514.2421875	0.0	image/284	284	263292	nsd/22809.png
515.04296875	0.0	image/289	289	263702	nsd/22957.png
515.876953125	0.0	image/273	273	264129	nsd/22387.png
516.64453125	0.0	image/320	320	264522	nsd/25250.png
517.455078125	0.0	image/290	290	264937	nsd/22967.png
518.26171875	0.0	image/265	265	265350	nsd/21601.png
519.087890625	0.0	image/250	250	265773	nsd/20702.png
519.85546875	0.0	image/264	264	266166	nsd/21553.png
520.662109375	0.0	image/317	317	266579	nsd/25091.png
521.47265625	0.0	image/260	260	266994	nsd/21279.png
522.294921875	0.0	image/310	310	267415	nsd/24640.png
523.111328125	0.0	image/259	259	267833	nsd/21253.png
523.912109375	0.0	image/275	275	268243	nsd/22505.png
524.73046875	0.0	image/258	258	268662	nsd/21218.png
525.54296875	0.0	image/337	337	269078	nsd/25746.png
527.1640625	0.0	image/325	325	269908	nsd/25319.png
527.962890625	0.0	image/318	318	270317	nsd/25111.png
528.748046875	0.0	image/329	329	270719	nsd/25578.png
529.544921875	0.0	image/324	324	271127	nsd/25318.png
530.380859375	0.0	image/272	272	271555	nsd/22263.png
531.96484375	0.0	image/355	355	272366	nsd/26909.png
532.765625	0.0	image/351	351	272776	nsd/26598.png
533.548828125	0.0	image/346	346	273177	nsd/26307.png
534.34375	0.0	image/334	334	273584	nsd/25702.png
535.130859375	0.0	image/311	311	273987	nsd/24649.png
535.93359375	0.0	image/250	250	274398	nsd/20702.png
536.744140625	0.0	image/244	244	274813	nsd/20223.png
537.55078125	0.0	image/282	282	275226	nsd/22782.png
538.384765625	0.0	image/339	339	275653	nsd/25906.png
539.1640625	0.0	image/288	288	276052	nsd/22886.png
539.978515625	0.0	image/316	316	276469	nsd/25059.png
540.779296875	0.0	image/343	343	276879	nsd/26163.png
541.544921875	0.0	image/283	283	277271	nsd/22794.png
543.185546875	0.0	image/260	260	278111	nsd/21279.png
543.962890625	0.0	image/338	338	278509	nsd/25881.png
544.76953125	0.0	image/269	269	278922	nsd/22138.png
545.5625	0.0	image/275	275	279328	nsd/22505.png
546.3515625	0.0	image/293	293	279732	nsd/23241.png
547.13671875	0.0	image/256	256	280134	nsd/21194.png
547.947265625	0.0	image/312	312	280549	nsd/24739.png
548.76953125	0.0	image/338	338	280970	nsd/25881.png
550.38671875	0.0	image/324	324	281798	nsd/25318.png
551.21484375	0.0	image/280	280	282222	nsd/22587.png
552.0	0.0	image/336	336	282624	nsd/25741.png
552.78515625	0.0	image/328	328	283026	nsd/25570.png
553.583984375	0.0	image/257	257	283435	nsd/21197.png
554.349609375	0.0	image/333	333	283827	nsd/25693.png
555.97265625	0.0	image/245	245	284658	nsd/20265.png
556.80078125	0.0	image/348	348	285082	nsd/26372.png
557.583984375	0.0	image/263	263	285483	nsd/21526.png
558.353515625	0.0	image/278	278	285877	nsd/22530.png
559.123046875	0.0	image/272	272	286271	nsd/22263.png
559.91796875	0.0	image/295	295	286678	nsd/23715.png
560.703125	0.0	image/285	285	287080	nsd/22845.png
561.490234375	0.0	image/330	330	287483	nsd/25581.png
562.30078125	0.0	image/283	283	287898	nsd/22794.png
563.0859375	0.0	image/241	241	288300	nsd/20064.png
563.875	0.0	image/277	277	288704	nsd/22523.png
564.666015625	0.0	image/299	299	289109	nsd/23883.png
565.4921875	0.0	image/261	261	289532	nsd/21318.png
566.3203125	0.0	image/339	339	289956	nsd/25906.png
567.13671875	0.0	image/303	303	290374	nsd/24264.png
567.943359375	0.0	image/304	304	290787	nsd/24317.png
568.75390625	0.0	image/268	268	291202	nsd/21989.png
569.52734375	0.0	image/278	278	291598	nsd/22530.png
570.34375	0.0	image/286	286	292016	nsd/22873.png
571.13671875	0.0	image/337	337	292422	nsd/25746.png
571.943359375	0.0	image/271	271	292835	nsd/22155.png
572.7265625	0.0	image/359	359	293236	nsd/27275.png
573.5390625	0.0	image/307	307	293652	nsd/24530.png
574.34375	0.0	image/296	296	294064	nsd/23729.png
575.171875	0.0	image/301	301	294488	nsd/24202.png
575.97265625	0.0	image/262	262	294898	nsd/21508.png
576.76171875	0.0	image/319	319	295302	nsd/25205.png
577.556640625	0.0	image/302	302	295709	nsd/24214.png
579.162109375	0.0	image/335	335	296531	nsd/25711.png
580.779296875	0.0	image/288	288	297359	nsd/22886.png
581.59375	0.0	image/291	291	297776	nsd/22993.png
582.4140625	0.0	image/300	300	298196	nsd/23993.png
583.224609375	0.0	image/256	256	298611	nsd/21194.png
583.9921875	0.0	image/243	243	299004	nsd/20206.png
584.814453125	0.0	image/304	304	299425	nsd/24317.png
585.59765625	0.0	image/298	298	299826	nsd/23876.png
586.42578125	0.0	image/271	271	300250	nsd/22155.png
587.21484375	0.0	image/301	301	300654	nsd/24202.png
588.015625	0.0	image/289	289	301064	nsd/22957.png
588.814453125	0.0	image/255	255	301473	nsd/21192.png
589.6328125	0.0	image/314	314	301892	nsd/24787.png
590.41015625	0.0	image/274	274	302290	nsd/22495.png
591.216796875	0.0	image/321	321	302703	nsd/25268.png
592.033203125	0.0	image/354	354	303121	nsd/26895.png
592.861328125	0.0	image/319	319	303545	nsd/25205.png
593.6328125	0.0	image/349	349	303940	nsd/26435.png
594.41796875	0.0	image/328	328	304342	nsd/25570.png
595.2109375	0.0	image/358	358	304748	nsd/27242.png
596.013671875	0.0	image/340	340	305159	nsd/25959.png
596.833984375	0.0	image/276	276	305579	nsd/22515.png
597.6484375	0.0	image/359	359	305996	nsd/27275.png
598.478515625	0.0	image/347	347	306421	nsd/26351.png
599.279296875	0.0	image/294	294	306831	nsd/23492.png
600.1015625	0.0	image/336	336	307252	nsd/25741.png
600.87890625	0.0	image/266	266	307650	nsd/21703.png
601.681640625	0.0	image/334	334	308061	nsd/25702.png
602.486328125	0.0	image/254	254	308473	nsd/21108.png
603.3203125	0.0	image/297	297	308900	nsd/23871.png
604.1484375	0.0	image/322	322	309324	nsd/25284.png
604.947265625	0.0	image/258	258	309733	nsd/21218.png
605.76953125	0.0	image/349	349	310154	nsd/26435.png
606.546875	0.0	image/341	341	310552	nsd/26119.png
607.314453125	0.0	image/267	267	310945	nsd/21950.png
608.09765625	0.0	image/280	280	311346	nsd/22587.png
608.921875	0.0	image/332	332	311768	nsd/25602.png
610.47265625	0.0	image/249	249	312562	nsd/20650.png
611.2890625	0.0	image/309	309	312980	nsd/24638.png
612.10546875	0.0	image/273	273	313398	nsd/22387.png
612.8828125	0.0	image/247	247	313796	nsd/20442.png
613.689453125	0.0	image/281	281	314209	nsd/22772.png
614.482421875	0.0	image/305	305	314615	nsd/24480.png
615.2734375	0.0	image/253	253	315020	nsd/20820.png
616.07421875	0.0	image/333	333	315430	nsd/25693.png
616.857421875	0.0	image/287	287	315831	nsd/22879.png
617.63671875	0.0	image/294	294	316230	nsd/23492.png
618.435546875	0.0	image/307	307	316639	nsd/24530.png
619.224609375	0.0	image/287	287	317043	nsd/22879.png
620.0078125	0.0	image/281	281	317444	nsd/22772.png
620.8203125	0.0	image/357	357	317860	nsd/26990.png
621.609375	0.0	image/360	360	318264	nsd/27287.png
622.419921875	0.0	image/340	340	318679	nsd/25959.png
623.19140625	0.0	image/252	252	319074	nsd/20777.png
624.025390625	0.0	image/329	329	319501	nsd/25578.png
625.626953125	0.0	image/326	326	320321	nsd/25371.png
626.427734375	0.0	image/292	292	320731	nsd/23036.png
627.25390625	0.0	image/353	353	321154	nsd/26780.png
628.060546875	0.0	image/306	306	321567	nsd/24517.png
628.87109375	0.0	image/348	348	321982	nsd/26372.png
629.64453125	0.0	image/351	351	322378	nsd/26598.png
630.4609375	0.0	image/360	360	322796	nsd/27287.png
631.23828125	0.0	image/244	244	323194	nsd/20223.png
632.005859375	0.0	image/344	344	323587	nsd/26243.png
632.828125	0.0	image/350	350	324008	nsd/26458.png
633.658203125	0.0	image/270	270	324433	nsd/22143.png
634.478515625	0.0	image/285	285	324853	nsd/22845.png
635.279296875	0.0	image/264	264	325263	nsd/21553.png
636.072265625	0.0	image/247	247	325669	nsd/20442.png
636.896484375	0.0	image/345	345	326091	nsd/26292.png
637.69140625	0.0	image/267	267	326498	nsd/21950.png
638.513671875	0.0	image/306	306	326919	nsd/24517.png
639.296875	0.0	image/248	248	327320	nsd/20633.png
640.07421875	0.0	image/321	321	327718	nsd/25268.png
640.892578125	0.0	image/246	246	328137	nsd/20307.png
641.681640625	0.0	image/323	323	328541	nsd/25287.png
643.2265625	0.0	image/246	246	329332	nsd/20307.png
644.03125	0.0	image/257	257	329744	nsd/21197.png
644.81640625	0.0	image/355	355	330146	nsd/26909.png
645.6328125	0.0	image/251	251	330564	nsd/20738.png
646.412109375	0.0	image/265	265	330963	nsd/21601.png
647.2265625	0.0	image/309	309	331380	nsd/24638.png
648.02734375	0.0	image/346	346	331790	nsd/26307.png
648.794921875	0.0	image/263	263	332183	nsd/21526.png
649.599609375	0.0	image/308	308	332595	nsd/24560.png
656.65625	0.0	image/457	457	336208	nsd/34126.png
657.44921875	0.0	image/441	441	336614	nsd/32857.png
658.267578125	0.0	image/470	470	337033	nsd/35743.png
659.0390625	0.0	image/479	479	337428	nsd/36576.png
659.8671875	0.0	image/405	405	337852	nsd/30407.png
660.673828125	0.0	image/429	429	338265	nsd/31837.png
661.466796875	0.0	image/456	456	338671	nsd/34089.png
662.2734375	0.0	image/464	464	339084	nsd/34845.png
663.05078125	0.0	image/386	386	339482	nsd/28755.png
663.857421875	0.0	image/455	455	339895	nsd/34080.png
664.669921875	0.0	image/388	388	340311	nsd/28898.png
665.451171875	0.0	image/421	421	340711	nsd/31123.png
666.2578125	0.0	image/395	395	341124	nsd/29663.png
667.892578125	0.0	image/418	418	341961	nsd/31028.png
669.443359375	0.0	image/390	390	342755	nsd/29010.png
670.220703125	0.0	image/389	389	343153	nsd/28963.png
671.04296875	0.0	image/420	420	343574	nsd/31064.png
671.853515625	0.0	image/370	370	343989	nsd/28096.png
672.677734375	0.0	image/471	471	344411	nsd/35752.png
673.494140625	0.0	image/472	472	344829	nsd/35790.png
674.29296875	0.0	image/477	477	345238	nsd/36476.png
675.103515625	0.0	image/478	478	345653	nsd/36569.png
675.876953125	0.0	image/436	436	346049	nsd/32625.png
676.7109375	0.0	image/446	446	346476	nsd/33189.png
677.521484375	0.0	image/361	361	346891	nsd/27326.png
678.345703125	0.0	image/371	371	347313	nsd/28159.png
679.173828125	0.0	image/465	465	347737	nsd/34850.png
680.8125	0.0	image/426	426	348576	nsd/31747.png
681.62890625	0.0	image/416	416	348994	nsd/30935.png
682.44140625	0.0	image/389	389	349410	nsd/28963.png
683.24609375	0.0	image/381	381	349822	nsd/28524.png
684.0625	0.0	image/435	435	350240	nsd/32307.png
685.6640625	0.0	image/371	371	351060	nsd/28159.png
686.474609375	0.0	image/463	463	351475	nsd/34829.png
687.28125	0.0	image/458	458	351888	nsd/34186.png
688.08203125	0.0	image/445	445	352298	nsd/33171.png
688.88671875	0.0	image/442	442	352710	nsd/32891.png
689.681640625	0.0	image/480	480	353117	nsd/36623.png
690.46484375	0.0	image/362	362	353518	nsd/27435.png
691.25	0.0	image/437	437	353920	nsd/32643.png
692.08203125	0.0	image/408	408	354346	nsd/30601.png
692.876953125	0.0	image/415	415	354753	nsd/30922.png
693.646484375	0.0	image/447	447	355147	nsd/33245.png
694.41015625	0.0	image/400	400	355538	nsd/29919.png
695.216796875	0.0	image/365	365	355951	nsd/27830.png
696.828125	0.0	image/453	453	356776	nsd/33906.png
697.599609375	0.0	image/401	401	357171	nsd/29980.png
698.384765625	0.0	image/473	473	357573	nsd/35798.png
699.201171875	0.0	image/384	384	357991	nsd/28745.png
699.982421875	0.0	image/452	452	358391	nsd/33813.png
700.796875	0.0	image/372	372	358808	nsd/28189.png
701.580078125	0.0	image/376	376	359209	nsd/28325.png
702.37890625	0.0	image/403	403	359618	nsd/30373.png
703.185546875	0.0	image/374	374	360031	nsd/28303.png
703.98046875	0.0	image/375	375	360438	nsd/28319.png
704.802734375	0.0	image/439	439	360859	nsd/32771.png
705.603515625	0.0	image/418	418	361269	nsd/31028.png
706.431640625	0.0	image/421	421	361693	nsd/31123.png
707.220703125	0.0	image/391	391	362097	nsd/29021.png
708.021484375	0.0	image/407	407	362507	nsd/30563.png
709.62109375	0.0	image/435	435	363326	nsd/32307.png
710.4375	0.0	image/378	378	363744	nsd/28349.png
711.23828125	0.0	image/430	430	364154	nsd/31936.png
712.05078125	0.0	image/364	364	364570	nsd/27580.png
712.81640625	0.0	image/385	385	364962	nsd/28751.png
713.638671875	0.0	image/461	461	365383	nsd/34603.png
714.43359375	0.0	image/447	447	365790	nsd/33245.png
715.234375	0.0	image/458	458	366200	nsd/34186.png
716.0234375	0.0	image/472	472	366604	nsd/35790.png
716.83984375	0.0	image/474	474	367022	nsd/35986.png
717.638671875	0.0	image/362	362	367431	nsd/27435.png
718.46875	0.0	image/445	445	367856	nsd/33171.png
719.2734375	0.0	image/413	413	368268	nsd/30856.png
720.0859375	0.0	image/416	416	368684	nsd/30935.png
720.884765625	0.0	image/468	468	369093	nsd/35094.png
721.708984375	0.0	image/392	392	369515	nsd/29381.png
722.54296875	0.0	image/450	450	369942	nsd/33543.png
723.359375	0.0	image/385	385	370360	nsd/28751.png
724.185546875	0.0	image/380	380	370783	nsd/28487.png
724.9921875	0.0	image/433	433	371196	nsd/32232.png
725.787109375	0.0	image/419	419	371603	nsd/31049.png
726.5546875	0.0	image/443	443	371996	nsd/32910.png
727.353515625	0.0	image/368	368	372405	nsd/28024.png
728.142578125	0.0	image/454	454	372809	nsd/34068.png
728.970703125	0.0	image/399	399	373233	nsd/29886.png
729.771484375	0.0	image/463	463	373643	nsd/34829.png
730.544921875	0.0	image/422	422	374039	nsd/31233.png
731.328125	0.0	image/424	424	374440	nsd/31446.png
732.12890625	0.0	image/376	376	374850	nsd/28325.png
733.74609375	0.0	image/380	380	375678	nsd/28487.png
734.5234375	0.0	image/476	476	376076	nsd/36258.png
735.2890625	0.0	image/377	377	376468	nsd/28341.png
736.0625	0.0	image/453	453	376864	nsd/33906.png
736.857421875	0.0	image/441	441	377271	nsd/32857.png
737.662109375	0.0	image/412	412	377683	nsd/30847.png
739.23046875	0.0	image/425	425	378486	nsd/31659.png
740.060546875	0.0	image/459	459	378911	nsd/34238.png
740.880859375	0.0	image/387	387	379331	nsd/28788.png
741.66015625	0.0	image/394	394	379730	nsd/29660.png
742.439453125	0.0	image/438	438	380129	nsd/32716.png
743.248046875	0.0	image/399	399	380543	nsd/29886.png
744.03125	0.0	image/366	366	380944	nsd/27878.png
745.615234375	0.0	image/372	372	381755	nsd/28189.png
746.416015625	0.0	image/369	369	382165	nsd/28068.png
747.19921875	0.0	image/440	440	382566	nsd/32772.png
748.009765625	0.0	image/427	427	382981	nsd/31782.png
748.798828125	0.0	image/475	475	383385	nsd/36067.png
749.578125	0.0	image/428	428	383784	nsd/31801.png
750.3828125	0.0	image/443	443	384196	nsd/32910.png
751.216796875	0.0	image/464	464	384623	nsd/34845.png
752.017578125	0.0	image/423	423	385033	nsd/31349.png
752.8515625	0.0	image/401	401	385460	nsd/29980.png
753.626953125	0.0	image/454	454	385857	nsd/34068.png
755.21875	0.0	image/471	471	386672	nsd/35752.png
756.001953125	0.0	image/413	413	387073	nsd/30856.png
756.779296875	0.0	image/470	470	387471	nsd/35743.png
757.546875	0.0	image/451	451	387864	nsd/33752.png
758.318359375	0.0	image/404	404	388259	nsd/30395.png
759.103515625	0.0	image/431	431	388661	nsd/31964.png
759.896484375	0.0	image/428	428	389067	nsd/31801.png
760.666015625	0.0	image/415	415	389461	nsd/30922.png
761.46484375	0.0	image/374	374	389870	nsd/28303.png
762.26953125	0.0	image/417	417	390282	nsd/30954.png
763.103515625	0.0	image/422	422	390709	nsd/31233.png
763.919921875	0.0	image/408	408	391127	nsd/30601.png
764.75	0.0	image/420	420	391552	nsd/31064.png
766.37109375	0.0	image/462	462	392382	nsd/34751.png
767.1875	0.0	image/455	455	392800	nsd/34080.png
768.021484375	0.0	image/424	424	393227	nsd/31446.png
768.83984375	0.0	image/462	462	393646	nsd/34751.png
769.638671875	0.0	image/404	404	394055	nsd/30395.png
770.41796875	0.0	image/465	465	394454	nsd/34850.png
771.22265625	0.0	image/480	480	394866	nsd/36623.png
772.005859375	0.0	image/449	449	395267	nsd/33521.png
772.83984375	0.0	image/397	397	395694	nsd/29711.png
773.673828125	0.0	image/392	392	396121	nsd/29381.png
774.474609375	0.0	image/476	476	396531	nsd/36258.png
775.30859375	0.0	image/403	403	396958	nsd/30373.png
776.0859375	0.0	image/469	469	397356	nsd/35129.png
776.875	0.0	image/381	381	397760	nsd/28524.png
778.521484375	0.0	image/365	365	398603	nsd/27830.png
779.29296875	0.0	image/383	383	398998	nsd/28689.png
780.0859375	0.0	image/378	378	399404	nsd/28349.png
780.892578125	0.0	image/431	431	399817	nsd/31964.png
781.708984375	0.0	image/406	406	400235	nsd/30430.png
782.521484375	0.0	image/388	388	400651	nsd/28898.png
783.2890625	0.0	image/410	410	401044	nsd/30672.png
784.076171875	0.0	image/406	406	401447	nsd/30430.png
784.89453125	0.0	image/479	479	401866	nsd/36576.png
785.689453125	0.0	image/394	394	402273	nsd/29660.png
786.494140625	0.0	image/364	364	402685	nsd/27580.png
787.2890625	0.0	image/391	391	403092	nsd/29021.png
788.072265625	0.0	image/384	384	403493	nsd/28745.png
788.861328125	0.0	image/430	430	403897	nsd/31936.png
789.65625	0.0	image/368	368	404304	nsd/28024.png
790.439453125	0.0	image/411	411	404705	nsd/30674.png
791.228515625	0.0	image/434	434	405109	nsd/32303.png
792.013671875	0.0	image/367	367	405511	nsd/27972.png
793.646484375	0.0	image/468	468	406347	nsd/35094.png
794.451171875	0.0	image/379	379	406759	nsd/28418.png
795.240234375	0.0	image/466	466	407163	nsd/34874.png
796.046875	0.0	image/382	382	407576	nsd/28595.png
796.830078125	0.0	image/363	363	407977	nsd/27568.png
797.609375	0.0	image/461	461	408376	nsd/34603.png
798.380859375	0.0	image/383	383	408771	nsd/28689.png
799.21484375	0.0	image/448	448	409198	nsd/33289.png
799.9921875	0.0	image/390	390	409596	nsd/29010.png
800.80859375	0.0	image/393	393	410014	nsd/29568.png
802.416015625	0.0	image/474	474	410837	nsd/35986.png
803.216796875	0.0	image/375	375	411247	nsd/28319.png
804.02734375	0.0	image/442	442	411662	nsd/32891.png
804.810546875	0.0	image/361	361	412063	nsd/27326.png
805.599609375	0.0	image/400	400	412467	nsd/29919.png
807.16796875	0.0	image/417	417	413270	nsd/30954.png
807.98046875	0.0	image/467	467	413686	nsd/34975.png
808.751953125	0.0	image/451	451	414081	nsd/33752.png
809.53125	0.0	image/473	473	414480	nsd/35798.png
810.3125	0.0	image/379	379	414880	nsd/28418.png
811.130859375	0.0	image/440	440	415299	nsd/32772.png
811.90234375	0.0	image/386	386	415694	nsd/28755.png
813.546875	0.0	image/377	377	416536	nsd/28341.png
814.353515625	0.0	image/423	423	416949	nsd/31349.png
815.15234375	0.0	image/414	414	417358	nsd/30887.png
816.802734375	0.0	image/373	373	418203	nsd/28286.png
817.583984375	0.0	image/393	393	418603	nsd/29568.png
818.37109375	0.0	image/449	449	419006	nsd/33521.png
819.197265625	0.0	image/444	444	419429	nsd/33131.png
820.00390625	0.0	image/446	446	419842	nsd/33189.png
820.837890625	0.0	image/432	432	420269	nsd/32053.png
821.638671875	0.0	image/402	402	420679	nsd/30081.png
822.431640625	0.0	image/411	411	421085	nsd/30674.png
823.966796875	0.0	image/434	434	421871	nsd/32303.png
824.7890625	0.0	image/397	397	422292	nsd/29711.png
825.607421875	0.0	image/438	438	422711	nsd/32716.png
826.40625	0.0	image/398	398	423120	nsd/29837.png
827.240234375	0.0	image/429	429	423547	nsd/31837.png
828.017578125	0.0	image/432	432	423945	nsd/32053.png
828.806640625	0.0	image/396	396	424349	nsd/29680.png
829.64453125	0.0	image/419	419	424778	nsd/31049.png
830.474609375	0.0	image/425	425	425203	nsd/31659.png
831.251953125	0.0	image/396	396	425601	nsd/29680.png
832.8203125	0.0	image/369	369	426404	nsd/28068.png
834.42578125	0.0	image/439	439	427226	nsd/32771.png
835.25390625	0.0	image/477	477	427650	nsd/36476.png
836.0546875	0.0	image/426	426	428060	nsd/31747.png
836.876953125	0.0	image/466	466	428481	nsd/34874.png
837.703125	0.0	image/382	382	428904	nsd/28595.png
838.48828125	0.0	image/469	469	429306	nsd/35129.png
839.259765625	0.0	image/409	409	429701	nsd/30632.png
840.076171875	0.0	image/460	460	430119	nsd/34418.png
840.890625	0.0	image/367	367	430536	nsd/27972.png
841.677734375	0.0	image/450	450	430939	nsd/33543.png
843.244140625	0.0	image/395	395	431741	nsd/29663.png
844.041015625	0.0	image/459	459	432149	nsd/34238.png
845.62890625	0.0	image/448	448	432962	nsd/33289.png
846.462890625	0.0	image/398	398	433389	nsd/29837.png
847.255859375	0.0	image/366	366	433795	nsd/27878.png
848.041015625	0.0	image/478	478	434197	nsd/36569.png
848.806640625	0.0	image/460	460	434589	nsd/34418.png
849.61328125	0.0	image/456	456	435002	nsd/34089.png
851.197265625	0.0	image/410	410	435813	nsd/30672.png
851.98046875	0.0	image/414	414	436214	nsd/30887.png
853.548828125	0.0	image/363	363	437017	nsd/27568.png
854.361328125	0.0	image/444	444	437433	nsd/33131.png
855.181640625	0.0	image/402	402	437853	nsd/30081.png
856.005859375	0.0	image/475	475	438275	nsd/36067.png
856.759765625	0.0	image/427	427	438661	nsd/31782.png
857.56640625	0.0	image/457	457	439074	nsd/34126.png
858.349609375	0.0	image/405	405	439475	nsd/30407.png
859.12890625	0.0	image/387	387	439874	nsd/28788.png
859.900390625	0.0	image/407	407	440269	nsd/30563.png
860.68359375	0.0	image/409	409	440670	nsd/30632.png
861.51171875	0.0	image/412	412	441094	nsd/30847.png
862.333984375	0.0	image/467	467	441515	nsd/34975.png
863.111328125	0.0	image/373	373	441913	nsd/28286.png
863.927734375	0.0	image/437	437	442331	nsd/32643.png
864.734375	0.0	image/436	436	442744	nsd/32625.png
865.552734375	0.0	image/370	370	443163	nsd/28096.png
866.328125	0.0	image/433	433	443560	nsd/32232.png
867.119140625	0.0	image/452	452	443965	nsd/33813.png
875.162109375	0.0	image/489	489	448083	nsd/37059.png
875.990234375	0.0	image/485	485	448507	nsd/36910.png
876.767578125	0.0	image/520	520	448905	nsd/39369.png
877.556640625	0.0	image/495	495	449309	nsd/37736.png
878.326171875	0.0	image/529	529	449703	nsd/40423.png
879.158203125	0.0	image/525	525	450129	nsd/39841.png
879.962890625	0.0	image/570	570	450541	nsd/42851.png
880.796875	0.0	image/554	554	450968	nsd/41927.png
881.630859375	0.0	image/519	519	451395	nsd/39298.png
882.462890625	0.0	image/584	584	451821	nsd/43445.png
883.2421875	0.0	image/491	491	452220	nsd/37224.png
884.041015625	0.0	image/527	527	452629	nsd/40153.png
884.83203125	0.0	image/593	593	453034	nsd/43852.png
885.615234375	0.0	image/548	548	453435	nsd/41574.png
887.248046875	0.0	image/532	532	454271	nsd/40721.png
888.025390625	0.0	image/579	579	454669	nsd/43224.png
888.81640625	0.0	image/482	482	455074	nsd/36682.png
889.6171875	0.0	image/535	535	455484	nsd/40846.png
890.416015625	0.0	image/501	501	455893	nsd/38246.png
891.19921875	0.0	image/574	574	456294	nsd/43107.png
891.978515625	0.0	image/526	526	456693	nsd/39997.png
892.783203125	0.0	image/563	563	457105	nsd/42299.png
893.59375	0.0	image/592	592	457520	nsd/43820.png
894.400390625	0.0	image/543	543	457933	nsd/41116.png
895.201171875	0.0	image/600	600	458343	nsd/44144.png
896.818359375	0.0	image/525	525	459171	nsd/39841.png
897.6171875	0.0	image/530	530	459580	nsd/40548.png
898.41796875	0.0	image/561	561	459990	nsd/42224.png
899.986328125	0.0	image/513	513	460793	nsd/38853.png
900.779296875	0.0	image/590	590	461199	nsd/43746.png
901.548828125	0.0	image/546	546	461593	nsd/41482.png
902.318359375	0.0	image/502	502	461987	nsd/38278.png
903.103515625	0.0	image/593	593	462389	nsd/43852.png
903.8984375	0.0	image/513	513	462796	nsd/38853.png
904.701171875	0.0	image/518	518	463207	nsd/39289.png
905.513671875	0.0	image/587	587	463623	nsd/43619.png
906.31640625	0.0	image/592	592	464034	nsd/43820.png
907.09765625	0.0	image/554	554	464434	nsd/41927.png
907.888671875	0.0	image/562	562	464839	nsd/42238.png
908.6875	0.0	image/576	576	465248	nsd/43157.png
909.48828125	0.0	image/508	508	465658	nsd/38494.png
910.271484375	0.0	image/564	564	466059	nsd/42473.png
911.06640625	0.0	image/545	545	466466	nsd/41162.png
911.849609375	0.0	image/504	504	466867	nsd/38310.png
912.65625	0.0	image/534	534	467280	nsd/40840.png
913.466796875	0.0	image/553	553	467695	nsd/41814.png
914.267578125	0.0	image/561	561	468105	nsd/42224.png
915.90625	0.0	image/484	484	468944	nsd/36759.png
916.69140625	0.0	image/498	498	469346	nsd/38022.png
917.490234375	0.0	image/560	560	469755	nsd/42214.png
918.30859375	0.0	image/528	528	470174	nsd/40235.png
919.091796875	0.0	image/509	509	470575	nsd/38641.png
919.908203125	0.0	image/490	490	470993	nsd/37221.png
920.69140625	0.0	image/552	552	471394	nsd/41778.png
922.275390625	0.0	image/549	549	472205	nsd/41623.png
923.087890625	0.0	image/600	600	472621	nsd/44144.png
923.92578125	0.0	image/511	511	473050	nsd/38817.png
924.720703125	0.0	image/555	555	473457	nsd/41934.png
925.52734375	0.0	image/503	503	473870	nsd/38297.png
926.34375	0.0	image/585	585	474288	nsd/43465.png
927.177734375	0.0	image/583	583	474715	nsd/43429.png
927.98828125	0.0	image/496	496	475130	nsd/37801.png
928.771484375	0.0	image/549	549	475531	nsd/41623.png
929.572265625	0.0	image/519	519	475941	nsd/39298.png
931.177734375	0.0	image/594	594	476763	nsd/43950.png
931.99609375	0.0	image/531	531	477182	nsd/40575.png
932.828125	0.0	image/501	501	477608	nsd/38246.png
933.61328125	0.0	image/563	563	478010	nsd/42299.png
934.388671875	0.0	image/568	568	478407	nsd/42697.png
935.98046875	0.0	image/576	576	479222	nsd/43157.png
936.806640625	0.0	image/556	556	479645	nsd/42007.png
937.607421875	0.0	image/537	537	480055	nsd/40920.png
938.4140625	0.0	image/555	555	480468	nsd/41934.png
939.197265625	0.0	image/516	516	480869	nsd/39058.png
940.0078125	0.0	image/595	595	481284	nsd/43984.png
940.826171875	0.0	image/586	586	481703	nsd/43500.png
941.615234375	0.0	image/539	539	482107	nsd/40935.png
942.416015625	0.0	image/508	508	482517	nsd/38494.png
943.232421875	0.0	image/502	502	482935	nsd/38278.png
944.06640625	0.0	image/551	551	483362	nsd/41710.png
945.642578125	0.0	image/485	485	484169	nsd/36910.png
947.265625	0.0	image/564	564	485000	nsd/42473.png
948.05078125	0.0	image/557	557	485402	nsd/42126.png
948.828125	0.0	image/523	523	485800	nsd/39547.png
950.43359375	0.0	image/582	582	486622	nsd/43428.png
951.216796875	0.0	image/496	496	487023	nsd/37801.png
952.001953125	0.0	image/596	596	487425	nsd/44052.png
952.796875	0.0	image/541	541	487832	nsd/41056.png
953.619140625	0.0	image/543	543	488253	nsd/41116.png
954.431640625	0.0	image/542	542	488669	nsd/41097.png
956.1015625	0.0	image/545	545	489524	nsd/41162.png
956.935546875	0.0	image/558	558	489951	nsd/42166.png
957.71875	0.0	image/520	520	490352	nsd/39369.png
958.537109375	0.0	image/553	553	490771	nsd/41814.png
960.1875	0.0	image/512	512	491616	nsd/38829.png
960.970703125	0.0	image/539	539	492017	nsd/40935.png
961.75390625	0.0	image/548	548	492418	nsd/41574.png
962.568359375	0.0	image/532	532	492835	nsd/40721.png
964.220703125	0.0	image/588	588	493681	nsd/43675.png
965.0390625	0.0	image/511	511	494100	nsd/38817.png
965.822265625	0.0	image/524	524	494501	nsd/39553.png
966.65625	0.0	image/594	594	494928	nsd/43950.png
967.466796875	0.0	image/521	521	495343	nsd/39402.png
969.072265625	0.0	image/581	581	496165	nsd/43288.png
969.849609375	0.0	image/514	514	496563	nsd/38978.png
970.65234375	0.0	image/597	597	496974	nsd/44097.png
971.41796875	0.0	image/516	516	497366	nsd/39058.png
972.240234375	0.0	image/527	527	497787	nsd/40153.png
973.017578125	0.0	image/517	517	498185	nsd/39095.png
973.80859375	0.0	image/595	595	498590	nsd/43984.png
974.634765625	0.0	image/533	533	499013	nsd/40770.png
975.408203125	0.0	image/581	581	499409	nsd/43288.png
976.224609375	0.0	image/546	546	499827	nsd/41482.png
977.0546875	0.0	image/572	572	500252	nsd/42946.png
977.8359375	0.0	image/573	573	500652	nsd/42980.png
978.658203125	0.0	image/598	598	501073	nsd/44107.png
979.486328125	0.0	image/559	559	501497	nsd/42171.png
980.30859375	0.0	image/540	540	501918	nsd/40979.png
981.13671875	0.0	image/538	538	502342	nsd/40924.png
981.955078125	0.0	image/505	505	502761	nsd/38358.png
982.759765625	0.0	image/493	493	503173	nsd/37494.png
983.560546875	0.0	image/591	591	503583	nsd/43818.png
984.33984375	0.0	image/530	530	503982	nsd/40548.png
985.158203125	0.0	image/493	493	504401	nsd/37494.png
986.779296875	0.0	image/498	498	505231	nsd/38022.png
987.61328125	0.0	image/500	500	505658	nsd/38060.png
988.40625	0.0	image/515	515	506064	nsd/39047.png
989.208984375	0.0	image/580	580	506475	nsd/43250.png
990.017578125	0.0	image/551	551	506889	nsd/41710.png
991.580078125	0.0	image/556	556	507689	nsd/42007.png
992.357421875	0.0	image/583	583	508087	nsd/43429.png
993.9765625	0.0	image/510	510	508916	nsd/38794.png
994.814453125	0.0	image/504	504	509345	nsd/38310.png
995.646484375	0.0	image/503	503	509771	nsd/38297.png
996.431640625	0.0	image/509	509	510173	nsd/38641.png
997.208984375	0.0	image/585	585	510571	nsd/43465.png
997.9765625	0.0	image/486	486	510964	nsd/36945.png
998.744140625	0.0	image/492	492	511357	nsd/37436.png
999.509765625	0.0	image/499	499	511749	nsd/38025.png
1000.33203125	0.0	image/567	567	512170	nsd/42648.png
1001.126953125	0.0	image/514	514	512577	nsd/38978.png
1001.94921875	0.0	image/578	578	512998	nsd/43164.png
1003.56640625	0.0	image/487	487	513826	nsd/36974.png
1004.3828125	0.0	image/599	599	514244	nsd/44138.png
1005.201171875	0.0	image/481	481	514663	nsd/36629.png
1006.017578125	0.0	image/559	559	515081	nsd/42171.png
1006.798828125	0.0	image/482	482	515481	nsd/36682.png
1007.6015625	0.0	image/541	541	515892	nsd/41056.png
1008.384765625	0.0	image/590	590	516293	nsd/43746.png
1009.1953125	0.0	image/497	497	516708	nsd/37927.png
1010.01953125	0.0	image/547	547	517130	nsd/41566.png
1010.802734375	0.0	image/487	487	517531	nsd/36974.png
1011.62109375	0.0	image/518	518	517950	nsd/39289.png
1012.435546875	0.0	image/507	507	518367	nsd/38486.png
1013.26953125	0.0	image/517	517	518794	nsd/39095.png
1014.0859375	0.0	image/526	526	519212	nsd/39997.png
1014.896484375	0.0	image/596	596	519627	nsd/44052.png
1015.681640625	0.0	image/573	573	520029	nsd/42980.png
1016.470703125	0.0	image/537	537	520433	nsd/40920.png
1017.25390625	0.0	image/577	577	520834	nsd/43159.png
1018.0546875	0.0	image/547	547	521244	nsd/41566.png
1018.888671875	0.0	image/523	523	521671	nsd/39547.png
1019.681640625	0.0	image/567	567	522077	nsd/42648.png
1020.48828125	0.0	image/484	484	522490	nsd/36759.png
1021.271484375	0.0	image/571	571	522891	nsd/42912.png
1022.099609375	0.0	image/565	565	523315	nsd/42563.png
1022.90625	0.0	image/505	505	523728	nsd/38358.png
1023.68359375	0.0	image/500	500	524126	nsd/38060.png
1024.490234375	0.0	image/566	566	524539	nsd/42642.png
1025.2890625	0.0	image/575	575	524948	nsd/43156.png
1026.07421875	0.0	image/489	489	525350	nsd/37059.png
1026.900390625	0.0	image/544	544	525773	nsd/41137.png
1027.69140625	0.0	image/529	529	526178	nsd/40423.png
1028.474609375	0.0	image/536	536	526579	nsd/40909.png
1030.05859375	0.0	image/587	587	527390	nsd/43619.png
1030.875	0.0	image/566	566	527808	nsd/42642.png
1031.693359375	0.0	image/584	584	528227	nsd/43445.png
1032.5078125	0.0	image/574	574	528644	nsd/43107.png
1033.287109375	0.0	image/533	533	529043	nsd/40770.png
1034.087890625	0.0	image/569	569	529453	nsd/42781.png
1035.693359375	0.0	image/540	540	530275	nsd/40979.png
1036.470703125	0.0	image/512	512	530673	nsd/38829.png
1037.259765625	0.0	image/494	494	531077	nsd/37608.png
1038.03515625	0.0	image/536	536	531474	nsd/40909.png
1038.826171875	0.0	image/510	510	531879	nsd/38794.png
1039.66015625	0.0	image/579	579	532306	nsd/43224.png
1040.4453125	0.0	image/495	495	532708	nsd/37736.png
1041.255859375	0.0	image/586	586	533123	nsd/43500.png
1042.0625	0.0	image/572	572	533536	nsd/42946.png
1042.888671875	0.0	image/506	506	533959	nsd/38483.png
1043.6953125	0.0	image/588	588	534372	nsd/43675.png
1044.529296875	0.0	image/542	542	534799	nsd/41097.png
1046.162109375	0.0	image/535	535	535635	nsd/40846.png
1046.98046875	0.0	image/558	558	536054	nsd/42166.png
1047.763671875	0.0	image/598	598	536455	nsd/44107.png
1048.576171875	0.0	image/538	538	536871	nsd/40924.png
1049.396484375	0.0	image/577	577	537291	nsd/43159.png
1050.173828125	0.0	image/522	522	537689	nsd/39509.png
1050.98046875	0.0	image/488	488	538102	nsd/36978.png
1051.796875	0.0	image/562	562	538520	nsd/42238.png
1052.59375	0.0	image/506	506	538928	nsd/38483.png
1053.359375	0.0	image/499	499	539320	nsd/38025.png
1054.166015625	0.0	image/575	575	539733	nsd/43156.png
1054.96484375	0.0	image/486	486	540142	nsd/36945.png
1056.5625	0.0	image/570	570	540960	nsd/42851.png
1057.349609375	0.0	image/582	582	541363	nsd/43428.png
1058.166015625	0.0	image/528	528	541781	nsd/40235.png
1058.982421875	0.0	image/568	568	542199	nsd/42697.png
1059.76171875	0.0	image/569	569	542598	nsd/42781.png
1060.5625	0.0	image/492	492	543008	nsd/37436.png
1061.333984375	0.0	image/491	491	543403	nsd/37224.png
1062.951171875	0.0	image/534	534	544231	nsd/40840.png
1063.734375	0.0	image/560	560	544632	nsd/42214.png
1064.55078125	0.0	image/599	599	545050	nsd/44138.png
1065.330078125	0.0	image/524	524	545449	nsd/39553.png
1066.13671875	0.0	image/515	515	545862	nsd/39047.png
1066.947265625	0.0	image/490	490	546277	nsd/37221.png
1067.716796875	0.0	image/571	571	546671	nsd/42912.png
1068.552734375	0.0	image/589	589	547099	nsd/43689.png
1069.330078125	0.0	image/578	578	547497	nsd/43164.png
1070.09765625	0.0	image/589	589	547890	nsd/43689.png
1070.904296875	0.0	image/550	550	548303	nsd/41653.png
1071.736328125	0.0	image/507	507	548729	nsd/38486.png
1072.513671875	0.0	image/488	488	549127	nsd/36978.png
1073.287109375	0.0	image/580	580	549523	nsd/43250.png
1074.068359375	0.0	image/531	531	549923	nsd/40575.png
1074.87109375	0.0	image/494	494	550334	nsd/37608.png
1075.6875	0.0	image/481	481	550752	nsd/36629.png
1076.521484375	0.0	image/591	591	551179	nsd/43818.png
1077.322265625	0.0	image/544	544	551589	nsd/41137.png
1078.10546875	0.0	image/497	497	551990	nsd/37927.png
1078.921875	0.0	image/483	483	552408	nsd/36731.png
1079.705078125	0.0	image/565	565	552809	nsd/42563.png
1081.357421875	0.0	image/550	550	553655	nsd/41653.png
1082.18359375	0.0	image/597	597	554078	nsd/44097.png
1083.005859375	0.0	image/521	521	554499	nsd/39402.png
1083.82421875	0.0	image/557	557	554918	nsd/42126.png
1084.619140625	0.0	image/522	522	555325	nsd/39509.png
1085.423828125	0.0	image/483	483	555737	nsd/36731.png
1086.236328125	0.0	image/552	552	556153	nsd/41778.png
1093.61328125	0.0	image/619	619	559930	nsd/45750.png
1094.412109375	0.0	image/671	671	560339	nsd/48802.png
1095.212890625	0.0	image/620	620	560749	nsd/45837.png
1096.0234375	0.0	image/648	648	561164	nsd/47200.png
1096.796875	0.0	image/603	603	561560	nsd/44339.png
1097.630859375	0.0	image/659	659	561987	nsd/48260.png
1098.41015625	0.0	image/709	709	562386	nsd/51928.png
1099.21484375	0.0	image/630	630	562798	nsd/46150.png
1099.9921875	0.0	image/678	678	563196	nsd/49466.png
1100.80859375	0.0	image/641	641	563614	nsd/46661.png
1101.615234375	0.0	image/645	645	564027	nsd/47033.png
1102.3984375	0.0	image/625	625	564428	nsd/45999.png
1103.19921875	0.0	image/616	616	564838	nsd/45595.png
1103.9765625	0.0	image/685	685	565236	nsd/49957.png
1104.75	0.0	image/664	664	565632	nsd/48508.png
1105.576171875	0.0	image/667	667	566055	nsd/48618.png
1106.400390625	0.0	image/637	637	566477	nsd/46462.png
1107.193359375	0.0	image/609	609	566883	nsd/44736.png
1107.994140625	0.0	image/683	683	567293	nsd/49944.png
1108.81640625	0.0	image/716	716	567714	nsd/52328.png
1109.626953125	0.0	image/608	608	568129	nsd/44729.png
1110.43359375	0.0	image/638	638	568542	nsd/46480.png
1111.267578125	0.0	image/669	669	568969	nsd/48679.png
1112.068359375	0.0	image/706	706	569379	nsd/51788.png
1112.861328125	0.0	image/676	676	569785	nsd/49156.png
1113.646484375	0.0	image/654	654	570187	nsd/47600.png
1114.46875	0.0	image/701	701	570608	nsd/51148.png
1115.251953125	0.0	image/615	615	571009	nsd/45356.png
1116.919921875	0.0	image/713	713	571863	nsd/52070.png
1117.71875	0.0	image/622	622	572272	nsd/45945.png
1118.50390625	0.0	image/643	643	572674	nsd/46835.png
1119.287109375	0.0	image/719	719	573075	nsd/52527.png
1120.09765625	0.0	image/610	610	573490	nsd/44844.png
1120.919921875	0.0	image/661	661	573911	nsd/48379.png
1121.75390625	0.0	image/711	711	574338	nsd/51983.png
1122.537109375	0.0	image/621	621	574739	nsd/45843.png
1123.3203125	0.0	image/718	718	575140	nsd/52394.png
1124.939453125	0.0	image/680	680	575969	nsd/49622.png
1125.771484375	0.0	image/708	708	576395	nsd/51907.png
1126.56640625	0.0	image/618	618	576802	nsd/45746.png
1127.35546875	0.0	image/692	692	577206	nsd/50653.png
1128.1328125	0.0	image/696	696	577604	nsd/50882.png
1128.939453125	0.0	image/651	651	578017	nsd/47321.png
1129.71484375	0.0	image/611	611	578414	nsd/44971.png
1130.53515625	0.0	image/616	616	578834	nsd/45595.png
1131.318359375	0.0	image/664	664	579235	nsd/48508.png
1132.140625	0.0	image/621	621	579656	nsd/45843.png
1132.951171875	0.0	image/704	704	580071	nsd/51521.png
1133.724609375	0.0	image/631	631	580467	nsd/46160.png
1134.5078125	0.0	image/607	607	580868	nsd/44720.png
1136.109375	0.0	image/630	630	581688	nsd/46150.png
1136.92578125	0.0	image/614	614	582106	nsd/45213.png
1137.703125	0.0	image/642	642	582504	nsd/46806.png
1138.47265625	0.0	image/601	601	582898	nsd/44184.png
1139.29296875	0.0	image/674	674	583318	nsd/49076.png
1140.103515625	0.0	image/715	715	583733	nsd/52302.png
1140.87109375	0.0	image/655	655	584126	nsd/47614.png
1141.63671875	0.0	image/645	645	584518	nsd/47033.png
1142.427734375	0.0	image/613	613	584923	nsd/45129.png
1143.2109375	0.0	image/609	609	585324	nsd/44736.png
1144.005859375	0.0	image/636	636	585731	nsd/46460.png
1144.806640625	0.0	image/614	614	586141	nsd/45213.png
1145.611328125	0.0	image/660	660	586553	nsd/48374.png
1147.177734375	0.0	image/602	602	587355	nsd/44324.png
1147.99609375	0.0	image/673	673	587774	nsd/48839.png
1148.826171875	0.0	image/632	632	588199	nsd/46274.png
1149.646484375	0.0	image/624	624	588619	nsd/45982.png
1150.4296875	0.0	image/681	681	589020	nsd/49731.png
1151.20703125	0.0	image/663	663	589418	nsd/48422.png
1152.013671875	0.0	image/641	641	589831	nsd/46661.png
1152.8125	0.0	image/651	651	590240	nsd/47321.png
1153.607421875	0.0	image/666	666	590647	nsd/48617.png
1154.4140625	0.0	image/684	684	591060	nsd/49955.png
1155.20703125	0.0	image/647	647	591466	nsd/47099.png
1156.013671875	0.0	image/652	652	591879	nsd/47408.png
1156.798828125	0.0	image/673	673	592281	nsd/48839.png
1158.44921875	0.0	image/634	634	593126	nsd/46372.png
1159.232421875	0.0	image/626	626	593527	nsd/46002.png
1160.009765625	0.0	image/679	679	593925	nsd/49480.png
1161.6328125	0.0	image/662	662	594756	nsd/48393.png
1162.466796875	0.0	image/691	691	595183	nsd/50500.png
1163.294921875	0.0	image/710	710	595607	nsd/51965.png
1164.099609375	0.0	image/688	688	596019	nsd/50026.png
1164.8828125	0.0	image/653	653	596420	nsd/47598.png
1165.6953125	0.0	image/629	629	596836	nsd/46136.png
1166.466796875	0.0	image/672	672	597231	nsd/48832.png
1167.30078125	0.0	image/625	625	597658	nsd/45999.png
1168.095703125	0.0	image/691	691	598065	nsd/50500.png
1168.8828125	0.0	image/627	627	598468	nsd/46036.png
1169.66796875	0.0	image/662	662	598870	nsd/48393.png
1170.462890625	0.0	image/643	643	599277	nsd/46835.png
1171.236328125	0.0	image/648	648	599673	nsd/47200.png
1172.013671875	0.0	image/608	608	600071	nsd/44729.png
1172.8359375	0.0	image/692	692	600492	nsd/50653.png
1173.6484375	0.0	image/703	703	600908	nsd/51185.png
1174.470703125	0.0	image/695	695	601329	nsd/50811.png
1175.298828125	0.0	image/675	675	601753	nsd/49152.png
1176.103515625	0.0	image/708	708	602165	nsd/51907.png
1176.8984375	0.0	image/661	661	602572	nsd/48379.png
1177.669921875	0.0	image/606	606	602967	nsd/44705.png
1178.50390625	0.0	image/656	656	603394	nsd/47656.png
1179.3046875	0.0	image/687	687	603804	nsd/49979.png
1180.904296875	0.0	image/620	620	604623	nsd/45837.png
1182.50390625	0.0	image/650	650	605442	nsd/47293.png
1183.30078125	0.0	image/715	715	605850	nsd/52302.png
1184.099609375	0.0	image/602	602	606259	nsd/44324.png
1184.88671875	0.0	image/635	635	606662	nsd/46380.png
1185.673828125	0.0	image/628	628	607065	nsd/46101.png
1186.484375	0.0	image/612	612	607480	nsd/44980.png
1187.306640625	0.0	image/658	658	607901	nsd/48157.png
1188.125	0.0	image/627	627	608320	nsd/46036.png
1188.908203125	0.0	image/633	633	608721	nsd/46321.png
1189.69140625	0.0	image/699	699	609122	nsd/51062.png
1190.494140625	0.0	image/623	623	609533	nsd/45981.png
1192.05859375	0.0	image/655	655	610334	nsd/47614.png
1193.642578125	0.0	image/686	686	611145	nsd/49969.png
1194.439453125	0.0	image/611	611	611553	nsd/44971.png
1196.009765625	0.0	image/644	644	612357	nsd/46861.png
1196.8203125	0.0	image/690	690	612772	nsd/50170.png
1197.626953125	0.0	image/697	697	613185	nsd/51051.png
1198.41015625	0.0	image/604	604	613586	nsd/44369.png
1199.193359375	0.0	image/633	633	613987	nsd/46321.png
1200.02734375	0.0	image/654	654	614414	nsd/47600.png
1200.822265625	0.0	image/702	702	614821	nsd/51171.png
1201.595703125	0.0	image/677	677	615217	nsd/49234.png
1202.412109375	0.0	image/603	603	615635	nsd/44339.png
1203.22265625	0.0	image/670	670	616050	nsd/48681.png
1204.005859375	0.0	image/668	668	616451	nsd/48622.png
1204.830078125	0.0	image/672	672	616873	nsd/48832.png
1205.61328125	0.0	image/674	674	617274	nsd/49076.png
1206.423828125	0.0	image/626	626	617689	nsd/46002.png
1207.23046875	0.0	image/701	701	618102	nsd/51148.png
1208.005859375	0.0	image/605	605	618499	nsd/44412.png
1208.7734375	0.0	image/693	693	618892	nsd/50734.png
1210.365234375	0.0	image/683	683	619707	nsd/49944.png
1211.98046875	0.0	image/650	650	620534	nsd/47293.png
1212.76171875	0.0	image/670	670	620934	nsd/48681.png
1213.576171875	0.0	image/682	682	621351	nsd/49923.png
1214.3828125	0.0	image/640	640	621764	nsd/46642.png
1215.193359375	0.0	image/689	689	622179	nsd/50114.png
1215.96484375	0.0	image/652	652	622574	nsd/47408.png
1217.583984375	0.0	image/607	607	623403	nsd/44720.png
1218.416015625	0.0	image/613	613	623829	nsd/45129.png
1219.216796875	0.0	image/718	718	624239	nsd/52394.png
1220.015625	0.0	image/709	709	624648	nsd/51928.png
1220.833984375	0.0	image/629	629	625067	nsd/46136.png
1221.662109375	0.0	image/601	601	625491	nsd/44184.png
1222.466796875	0.0	image/639	639	625903	nsd/46523.png
1223.294921875	0.0	image/635	635	626327	nsd/46380.png
1224.1015625	0.0	image/632	632	626740	nsd/46274.png
1224.91796875	0.0	image/694	694	627158	nsd/50755.png
1225.697265625	0.0	image/668	668	627557	nsd/48622.png
1226.53515625	0.0	image/705	705	627986	nsd/51745.png
1227.3359375	0.0	image/699	699	628396	nsd/51062.png
1228.96875	0.0	image/649	649	629232	nsd/47290.png
1229.748046875	0.0	image/634	634	629631	nsd/46372.png
1231.353515625	0.0	image/702	702	630453	nsd/51171.png
1232.1484375	0.0	image/622	622	630860	nsd/45945.png
1233.771484375	0.0	image/720	720	631691	nsd/52554.png
1234.60546875	0.0	image/675	675	632118	nsd/49152.png
1235.404296875	0.0	image/646	646	632527	nsd/47070.png
1236.1875	0.0	image/680	680	632928	nsd/49622.png
1237.021484375	0.0	image/657	657	633355	nsd/47687.png
1237.8359375	0.0	image/712	712	633772	nsd/51988.png
1238.650390625	0.0	image/606	606	634189	nsd/44705.png
1240.255859375	0.0	image/695	695	635011	nsd/50811.png
1241.0390625	0.0	image/617	617	635412	nsd/45632.png
1241.8359375	0.0	image/676	676	635820	nsd/49156.png
1242.650390625	0.0	image/679	679	636237	nsd/49480.png
1243.466796875	0.0	image/720	720	636655	nsd/52554.png
1244.2734375	0.0	image/687	687	637068	nsd/49979.png
1245.107421875	0.0	image/658	658	637495	nsd/48157.png
1245.884765625	0.0	image/617	617	637893	nsd/45632.png
1246.65234375	0.0	image/707	707	638286	nsd/51843.png
1247.44140625	0.0	image/694	694	638690	nsd/50755.png
1248.2421875	0.0	image/639	639	639100	nsd/46523.png
1249.025390625	0.0	image/696	696	639501	nsd/50882.png
1249.841796875	0.0	image/704	704	639919	nsd/51521.png
1250.626953125	0.0	image/684	684	640321	nsd/49955.png
1252.244140625	0.0	image/707	707	641149	nsd/51843.png
1253.02734375	0.0	image/685	685	641550	nsd/49957.png
1253.861328125	0.0	image/631	631	641977	nsd/46160.png
1254.677734375	0.0	image/712	712	642395	nsd/51988.png
1255.4921875	0.0	image/623	623	642812	nsd/45981.png
1256.27734375	0.0	image/688	688	643214	nsd/50026.png
1257.060546875	0.0	image/689	689	643615	nsd/50114.png
1257.85546875	0.0	image/638	638	644022	nsd/46480.png
1258.662109375	0.0	image/714	714	644435	nsd/52216.png
1259.478515625	0.0	image/693	693	644853	nsd/50734.png
1260.294921875	0.0	image/653	653	645271	nsd/47598.png
1261.10546875	0.0	image/656	656	645686	nsd/47656.png
1261.90625	0.0	image/660	660	646096	nsd/48374.png
1262.724609375	0.0	image/665	665	646515	nsd/48530.png
1264.2734375	0.0	image/615	615	647308	nsd/45356.png
1265.064453125	0.0	image/644	644	647713	nsd/46861.png
1265.84765625	0.0	image/610	610	648114	nsd/44844.png
1266.67578125	0.0	image/649	649	648538	nsd/47290.png
1267.474609375	0.0	image/636	636	648947	nsd/46460.png
1268.248046875	0.0	image/677	677	649343	nsd/49234.png
1269.076171875	0.0	image/647	647	649767	nsd/47099.png
1269.8984375	0.0	image/646	646	650188	nsd/47070.png
1270.677734375	0.0	image/710	710	650587	nsd/51965.png
1271.458984375	0.0	image/686	686	650987	nsd/49969.png
1272.283203125	0.0	image/663	663	651409	nsd/48422.png
1273.93359375	0.0	image/698	698	652254	nsd/51052.png
1274.732421875	0.0	image/690	690	652663	nsd/50170.png
1275.53125	0.0	image/678	678	653072	nsd/49466.png
1276.361328125	0.0	image/628	628	653497	nsd/46101.png
1277.1640625	0.0	image/717	717	653908	nsd/52375.png
1277.984375	0.0	image/698	698	654328	nsd/51052.png
1278.794921875	0.0	image/717	717	654743	nsd/52375.png
1279.619140625	0.0	image/637	637	655165	nsd/46462.png
1280.40234375	0.0	image/604	604	655566	nsd/44369.png
1281.1796875	0.0	image/640	640	655964	nsd/46642.png
1281.966796875	0.0	image/716	716	656367	nsd/52328.png
1282.76953125	0.0	image/619	619	656778	nsd/45750.png
1283.5625	0.0	image/706	706	657184	nsd/51788.png
1284.38671875	0.0	image/667	667	657606	nsd/48618.png
1285.185546875	0.0	image/669	669	658015	nsd/48679.png
1286.837890625	0.0	image/671	671	658861	nsd/48802.png
1287.6484375	0.0	image/713	713	659276	nsd/52070.png
1288.4375	0.0	image/657	657	659680	nsd/47687.png
1289.220703125	0.0	image/705	705	660081	nsd/51745.png
1290.037109375	0.0	image/700	700	660499	nsd/51077.png
1290.837890625	0.0	image/605	605	660909	nsd/44412.png
1291.6328125	0.0	image/719	719	661316	nsd/52527.png
1292.416015625	0.0	image/618	618	661717	nsd/45746.png
1293.18359375	0.0	image/714	714	662110	nsd/52216.png
1294.0	0.0	image/642	642	662528	nsd/46806.png
1294.80078125	0.0	image/612	612	662938	nsd/44980.png
1295.60546875	0.0	image/659	659	663350	nsd/48260.png
1296.390625	0.0	image/711	711	663752	nsd/51983.png
1297.990234375	0.0	image/666	666	664571	nsd/48617.png
1298.80078125	0.0	image/624	624	664986	nsd/45982.png
1300.373046875	0.0	image/665	665	665791	nsd/48530.png
1301.173828125	0.0	image/697	697	666201	nsd/51051.png
1301.986328125	0.0	image/681	681	666617	nsd/49731.png
1302.75390625	0.0	image/682	682	667010	nsd/49923.png
1303.541015625	0.0	image/700	700	667413	nsd/51077.png
1304.353515625	0.0	image/703	703	667829	nsd/51185.png
1311.7578125	0.0	image/734	734	671620	nsd/53489.png
1312.556640625	0.0	image/795	795	672029	nsd/57478.png
1313.375	0.0	image/754	754	672448	nsd/54913.png
1314.19140625	0.0	image/795	795	672866	nsd/57478.png
1314.9921875	0.0	image/765	765	673276	nsd/55680.png
1315.78515625	0.0	image/745	745	673682	nsd/54257.png
1316.609375	0.0	image/726	726	674104	nsd/52990.png
1317.388671875	0.0	image/759	759	674503	nsd/55405.png
1318.203125	0.0	image/800	800	674920	nsd/57681.png
1319.01953125	0.0	image/832	832	675338	nsd/60505.png
1319.79296875	0.0	image/790	790	675734	nsd/56948.png
1320.626953125	0.0	image/783	783	676161	nsd/56723.png
1321.443359375	0.0	image/799	799	676579	nsd/57650.png
1322.259765625	0.0	image/743	743	676997	nsd/54078.png
1323.876953125	0.0	image/764	764	677825	nsd/55678.png
1324.6875	0.0	image/835	835	678240	nsd/60725.png
1326.255859375	0.0	image/819	819	679043	nsd/59420.png
1327.025390625	0.0	image/784	784	679437	nsd/56751.png
1327.828125	0.0	image/812	812	679848	nsd/59039.png
1328.640625	0.0	image/826	826	680264	nsd/60094.png
1329.462890625	0.0	image/786	786	680685	nsd/56784.png
1330.294921875	0.0	image/724	724	681111	nsd/52892.png
1331.080078125	0.0	image/838	838	681513	nsd/60867.png
1331.890625	0.0	image/840	840	681928	nsd/61122.png
1332.69140625	0.0	image/819	819	682338	nsd/59420.png
1333.45703125	0.0	image/818	818	682730	nsd/59419.png
1334.23046875	0.0	image/808	808	683126	nsd/58404.png
1335.0546875	0.0	image/813	813	683548	nsd/59046.png
1336.630859375	0.0	image/829	829	684355	nsd/60251.png
1337.408203125	0.0	image/833	833	684753	nsd/60519.png
1338.181640625	0.0	image/746	746	685149	nsd/54361.png
1338.95703125	0.0	image/837	837	685546	nsd/60845.png
1339.7265625	0.0	image/748	748	685940	nsd/54643.png
1340.533203125	0.0	image/776	776	686353	nsd/56314.png
1341.34375	0.0	image/766	766	686768	nsd/55857.png
1342.109375	0.0	image/764	764	687160	nsd/55678.png
1342.900390625	0.0	image/752	752	687565	nsd/54812.png
1343.7109375	0.0	image/753	753	687980	nsd/54824.png
1344.5	0.0	image/803	803	688384	nsd/57906.png
1345.333984375	0.0	image/736	736	688811	nsd/53570.png
1346.900390625	0.0	image/805	805	689613	nsd/58144.png
1347.71875	0.0	image/742	742	690032	nsd/53891.png
1348.501953125	0.0	image/751	751	690433	nsd/54743.png
1349.314453125	0.0	image/723	723	690849	nsd/52652.png
1350.12890625	0.0	image/752	752	691266	nsd/54812.png
1350.9296875	0.0	image/770	770	691676	nsd/56042.png
1351.736328125	0.0	image/821	821	692089	nsd/59595.png
1352.51953125	0.0	image/772	772	692490	nsd/56126.png
1353.3515625	0.0	image/731	731	692916	nsd/53157.png
1354.1796875	0.0	image/824	824	693340	nsd/59817.png
1354.98046875	0.0	image/727	727	693750	nsd/53052.png
1355.75390625	0.0	image/802	802	694146	nsd/57838.png
1357.3203125	0.0	image/803	803	694948	nsd/57906.png
1358.134765625	0.0	image/785	785	695365	nsd/56782.png
1358.923828125	0.0	image/800	800	695769	nsd/57681.png
1359.697265625	0.0	image/746	746	696165	nsd/54361.png
1360.46484375	0.0	image/838	838	696558	nsd/60867.png
1361.265625	0.0	image/773	773	696968	nsd/56154.png
1362.072265625	0.0	image/794	794	697381	nsd/57443.png
1362.8828125	0.0	image/798	798	697796	nsd/57648.png
1363.705078125	0.0	image/758	758	698217	nsd/55163.png
1364.490234375	0.0	image/761	761	698619	nsd/55526.png
1365.306640625	0.0	image/780	780	699037	nsd/56670.png
1366.107421875	0.0	image/811	811	699447	nsd/59023.png
1367.685546875	0.0	image/828	828	700255	nsd/60186.png
1368.474609375	0.0	image/721	721	700659	nsd/52596.png
1369.287109375	0.0	image/840	840	701075	nsd/61122.png
1370.107421875	0.0	image/774	774	701495	nsd/56269.png
1370.875	0.0	image/738	738	701888	nsd/53728.png
1371.67578125	0.0	image/742	742	702298	nsd/53891.png
1372.453125	0.0	image/813	813	702696	nsd/59046.png
1373.240234375	0.0	image/786	786	703099	nsd/56784.png
1374.859375	0.0	image/774	774	703928	nsd/56269.png
1375.66015625	0.0	image/780	780	704338	nsd/56670.png
1376.4921875	0.0	image/756	756	704764	nsd/55005.png
1377.27734375	0.0	image/799	799	705166	nsd/57650.png
1378.91015625	0.0	image/732	732	706002	nsd/53270.png
1379.744140625	0.0	image/797	797	706429	nsd/57553.png
1380.5546875	0.0	image/792	792	706844	nsd/57060.png
1381.376953125	0.0	image/816	816	707265	nsd/59194.png
1382.162109375	0.0	image/830	830	707667	nsd/60305.png
1382.994140625	0.0	image/735	735	708093	nsd/53511.png
1383.779296875	0.0	image/823	823	708495	nsd/59699.png
1384.607421875	0.0	image/762	762	708919	nsd/55649.png
1385.404296875	0.0	image/775	775	709327	nsd/56290.png
1387.029296875	0.0	image/754	754	710159	nsd/54913.png
1387.8125	0.0	image/796	796	710560	nsd/57542.png
1388.59765625	0.0	image/777	777	710962	nsd/56418.png
1389.396484375	0.0	image/822	822	711371	nsd/59631.png
1390.212890625	0.0	image/818	818	711789	nsd/59419.png
1391.03125	0.0	image/725	725	712208	nsd/52931.png
1391.830078125	0.0	image/831	831	712617	nsd/60456.png
1392.642578125	0.0	image/789	789	713033	nsd/56911.png
1393.408203125	0.0	image/763	763	713425	nsd/55669.png
1394.232421875	0.0	image/775	775	713847	nsd/56290.png
1395.03125	0.0	image/741	741	714256	nsd/53881.png
1395.849609375	0.0	image/748	748	714675	nsd/54643.png
1396.681640625	0.0	image/737	737	715101	nsd/53727.png
1397.482421875	0.0	image/791	791	715511	nsd/57046.png
1398.310546875	0.0	image/806	806	715935	nsd/58164.png
1399.076171875	0.0	image/741	741	716327	nsd/53881.png
1399.84375	0.0	image/793	793	716720	nsd/57435.png
1400.66796875	0.0	image/750	750	717142	nsd/54698.png
1401.494140625	0.0	image/734	734	717565	nsd/53489.png
1402.28515625	0.0	image/820	820	717970	nsd/59585.png
1403.1171875	0.0	image/771	771	718396	nsd/56066.png
1403.935546875	0.0	image/735	735	718815	nsd/53511.png
1405.517578125	0.0	image/770	770	719625	nsd/56042.png
1406.3125	0.0	image/825	825	720032	nsd/59994.png
1407.1015625	0.0	image/758	758	720436	nsd/55163.png
1407.93359375	0.0	image/810	810	720862	nsd/58681.png
1408.71875	0.0	image/730	730	721264	nsd/53155.png
1409.552734375	0.0	image/778	778	721691	nsd/56454.png
1411.154296875	0.0	image/833	833	722511	nsd/60519.png
1411.931640625	0.0	image/744	744	722909	nsd/54147.png
1412.734375	0.0	image/725	725	723320	nsd/52931.png
1413.552734375	0.0	image/767	767	723739	nsd/55933.png
1414.33203125	0.0	image/784	784	724138	nsd/56751.png
1415.9375	0.0	image/835	835	724960	nsd/60725.png
1416.72265625	0.0	image/745	745	725362	nsd/54257.png
1417.521484375	0.0	image/815	815	725771	nsd/59091.png
1418.3046875	0.0	image/837	837	726172	nsd/60845.png
1419.08984375	0.0	image/760	760	726574	nsd/55408.png
1419.869140625	0.0	image/740	740	726973	nsd/53858.png
1420.70703125	0.0	image/765	765	727402	nsd/55680.png
1421.490234375	0.0	image/743	743	727803	nsd/54078.png
1422.2734375	0.0	image/787	787	728204	nsd/56850.png
1423.107421875	0.0	image/814	814	728631	nsd/59079.png
1423.884765625	0.0	image/750	750	729029	nsd/54698.png
1424.66796875	0.0	image/828	828	729430	nsd/60186.png
1425.474609375	0.0	image/790	790	729843	nsd/56948.png
1426.2578125	0.0	image/722	722	730244	nsd/52598.png
1427.041015625	0.0	image/781	781	730645	nsd/56681.png
1427.818359375	0.0	image/821	821	731043	nsd/59595.png
1428.625	0.0	image/740	740	731456	nsd/53858.png
1429.41015625	0.0	image/723	723	731858	nsd/52652.png
1430.22265625	0.0	image/807	807	732274	nsd/58187.png
1430.9921875	0.0	image/839	839	732668	nsd/60978.png
1431.810546875	0.0	image/836	836	733087	nsd/60834.png
1433.41015625	0.0	image/733	733	733906	nsd/53370.png
1434.193359375	0.0	image/761	761	734307	nsd/55526.png
1434.994140625	0.0	image/767	767	734717	nsd/55933.png
1435.828125	0.0	image/778	778	735144	nsd/56454.png
1436.638671875	0.0	image/769	769	735559	nsd/55969.png
1437.4609375	0.0	image/802	802	735980	nsd/57838.png
1438.2890625	0.0	image/804	804	736404	nsd/58096.png
1439.060546875	0.0	image/736	736	736799	nsd/53570.png
1439.890625	0.0	image/824	824	737224	nsd/59817.png
1441.462890625	0.0	image/808	808	738029	nsd/58404.png
1442.291015625	0.0	image/814	814	738453	nsd/59079.png
1443.9140625	0.0	image/788	788	739284	nsd/56867.png
1444.7421875	0.0	image/728	728	739708	nsd/53070.png
1445.5390625	0.0	image/782	782	740116	nsd/56695.png
1446.30859375	0.0	image/825	825	740510	nsd/59994.png
1447.125	0.0	image/756	756	740928	nsd/55005.png
1447.931640625	0.0	image/811	811	741341	nsd/59023.png
1448.7265625	0.0	image/817	817	741748	nsd/59284.png
1449.544921875	0.0	image/812	812	742167	nsd/59039.png
1450.314453125	0.0	image/766	766	742561	nsd/55857.png
1451.099609375	0.0	image/827	827	742963	nsd/60119.png
1451.931640625	0.0	image/727	727	743389	nsd/53052.png
1452.716796875	0.0	image/806	806	743791	nsd/58164.png
1453.533203125	0.0	image/779	779	744209	nsd/56471.png
1454.349609375	0.0	image/721	721	744627	nsd/52596.png
1455.177734375	0.0	image/782	782	745051	nsd/56695.png
1455.978515625	0.0	image/798	798	745461	nsd/57648.png
1456.794921875	0.0	image/804	804	745879	nsd/58096.png
1457.595703125	0.0	image/739	739	746289	nsd/53773.png
1458.400390625	0.0	image/779	779	746701	nsd/56471.png
1459.21875	0.0	image/776	776	747120	nsd/56314.png
1459.99609375	0.0	image/726	726	747518	nsd/52990.png
1460.80078125	0.0	image/731	731	747930	nsd/53157.png
1461.62890625	0.0	image/749	749	748354	nsd/54683.png
1462.41796875	0.0	image/834	834	748758	nsd/60553.png
1464.013671875	0.0	image/830	830	749575	nsd/60305.png
1464.8359375	0.0	image/785	785	749996	nsd/56782.png
1465.619140625	0.0	image/760	760	750397	nsd/55408.png
1466.4140625	0.0	image/733	733	750804	nsd/53370.png
1467.220703125	0.0	image/772	772	751217	nsd/56126.png
1468.0546875	0.0	image/759	759	751644	nsd/55405.png
1468.88671875	0.0	image/722	722	752070	nsd/52598.png
1469.701171875	0.0	image/739	739	752487	nsd/53773.png
1470.521484375	0.0	image/816	816	752907	nsd/59194.png
1471.33203125	0.0	image/823	823	753322	nsd/59699.png
1472.138671875	0.0	image/801	801	753735	nsd/57822.png
1472.921875	0.0	image/728	728	754136	nsd/53070.png
1473.73828125	0.0	image/747	747	754554	nsd/54389.png
1474.556640625	0.0	image/832	832	754973	nsd/60505.png
1475.388671875	0.0	image/794	794	755399	nsd/57443.png
1477.0234375	0.0	image/789	789	756236	nsd/56911.png
1477.80078125	0.0	image/826	826	756634	nsd/60094.png
1479.408203125	0.0	image/834	834	757457	nsd/60553.png
1480.240234375	0.0	image/753	753	757883	nsd/54824.png
1481.041015625	0.0	image/729	729	758293	nsd/53152.png
1481.875	0.0	image/827	827	758720	nsd/60119.png
1482.658203125	0.0	image/796	796	759121	nsd/57542.png
1483.4921875	0.0	image/738	738	759548	nsd/53728.png
1484.29296875	0.0	image/755	755	759958	nsd/54959.png
1485.111328125	0.0	image/732	732	760377	nsd/53270.png
1485.892578125	0.0	image/831	831	760777	nsd/60456.png
1486.67578125	0.0	image/769	769	761178	nsd/55969.png
1487.4765625	0.0	image/749	749	761588	nsd/54683.png
1488.29296875	0.0	image/724	724	762006	nsd/52892.png
1489.076171875	0.0	image/822	822	762407	nsd/59631.png
1489.853515625	0.0	image/744	744	762805	nsd/54147.png
1490.638671875	0.0	image/791	791	763207	nsd/57046.png
1491.443359375	0.0	image/829	829	763619	nsd/60251.png
1492.25390625	0.0	image/762	762	764034	nsd/55649.png
1493.02734375	0.0	image/747	747	764430	nsd/54389.png
1494.64453125	0.0	image/820	820	765258	nsd/59585.png
1495.44140625	0.0	image/768	768	765666	nsd/55968.png
1496.228515625	0.0	image/781	781	766069	nsd/56681.png
1497.029296875	0.0	image/751	751	766479	nsd/54743.png
1497.841796875	0.0	image/805	805	766895	nsd/58144.png
1498.662109375	0.0	image/807	807	767315	nsd/58187.png
1499.44140625	0.0	image/793	793	767714	nsd/57435.png
1500.263671875	0.0	image/809	809	768135	nsd/58668.png
1501.072265625	0.0	image/792	792	768549	nsd/57060.png
1501.841796875	0.0	image/783	783	768943	nsd/56723.png
1503.431640625	0.0	image/797	797	769757	nsd/57553.png
1504.2421875	0.0	image/729	729	770172	nsd/53152.png
1505.03125	0.0	image/836	836	770576	nsd/60834.png
1505.82421875	0.0	image/817	817	770982	nsd/59284.png
1506.609375	0.0	image/810	810	771384	nsd/58681.png
1507.416015625	0.0	image/763	763	771797	nsd/55669.png
1509.0	0.0	image/839	839	772608	nsd/60978.png
1509.79296875	0.0	image/787	787	773014	nsd/56850.png
1510.583984375	0.0	image/788	788	773419	nsd/56867.png
1511.400390625	0.0	image/768	768	773837	nsd/55968.png
1512.212890625	0.0	image/730	730	774253	nsd/53155.png
1513.02734375	0.0	image/737	737	774670	nsd/53727.png
1513.845703125	0.0	image/815	815	775089	nsd/59091.png
1515.484375	0.0	image/755	755	775928	nsd/54959.png
1516.28515625	0.0	image/757	757	776338	nsd/55107.png
1517.11328125	0.0	image/777	777	776762	nsd/56418.png
1517.91796875	0.0	image/809	809	777174	nsd/58668.png
1518.697265625	0.0	image/801	801	777573	nsd/57822.png
1520.3203125	0.0	image/757	757	778404	nsd/55107.png
1521.88671875	0.0	image/771	771	779206	nsd/56066.png
1522.720703125	0.0	image/773	773	779633	nsd/56154.png
1529.59375	0.0	image/874	874	783152	nsd/63825.png
1530.375	0.0	image/842	842	783552	nsd/61177.png
1531.20703125	0.0	image/858	858	783978	nsd/62228.png
1532.009765625	0.0	image/909	909	784389	nsd/65943.png
1532.787109375	0.0	image/881	881	784787	nsd/64483.png
1533.595703125	0.0	image/932	932	785201	nsd/67295.png
1534.41015625	0.0	image/911	911	785618	nsd/66214.png
1535.20703125	0.0	image/877	877	786026	nsd/63944.png
1536.02734375	0.0	image/930	930	786446	nsd/67237.png
1536.837890625	0.0	image/856	856	786861	nsd/62015.png
1537.623046875	0.0	image/931	931	787263	nsd/67252.png
1538.390625	0.0	image/863	863	787656	nsd/62544.png
1539.99609375	0.0	image/911	911	788478	nsd/66214.png
1540.828125	0.0	image/924	924	788904	nsd/66946.png
1541.640625	0.0	image/891	891	789320	nsd/65010.png
1542.4453125	0.0	image/913	913	789732	nsd/66278.png
1543.24609375	0.0	image/883	883	790142	nsd/64615.png
1544.02734375	0.0	image/939	939	790542	nsd/68278.png
1544.84765625	0.0	image/857	857	790962	nsd/62209.png
1545.658203125	0.0	image/846	846	791377	nsd/61677.png
1547.263671875	0.0	image/939	939	792199	nsd/68278.png
1548.880859375	0.0	image/937	937	793027	nsd/68023.png
1549.666015625	0.0	image/885	885	793429	nsd/64687.png
1550.4609375	0.0	image/906	906	793836	nsd/65821.png
1551.244140625	0.0	image/898	898	794237	nsd/65376.png
1552.048828125	0.0	image/934	934	794649	nsd/67742.png
1552.828125	0.0	image/855	855	795048	nsd/62006.png
1553.6484375	0.0	image/901	901	795468	nsd/65639.png
1554.44921875	0.0	image/945	945	795878	nsd/68814.png
1555.26171875	0.0	image/885	885	796294	nsd/64687.png
1556.029296875	0.0	image/888	888	796687	nsd/64880.png
1556.833984375	0.0	image/914	914	797099	nsd/66330.png
1557.6171875	0.0	image/956	956	797500	nsd/69502.png
1558.39453125	0.0	image/949	949	797898	nsd/69007.png
1559.162109375	0.0	image/893	893	798291	nsd/65148.png
1559.984375	0.0	image/843	843	798712	nsd/61216.png
1560.763671875	0.0	image/940	940	799111	nsd/68311.png
1561.552734375	0.0	image/865	865	799515	nsd/62683.png
1562.3515625	0.0	image/877	877	799924	nsd/63944.png
1563.146484375	0.0	image/926	926	800331	nsd/67045.png
1563.9140625	0.0	image/848	848	800724	nsd/61748.png
1564.6796875	0.0	image/876	876	801116	nsd/63931.png
1565.486328125	0.0	image/875	875	801529	nsd/63922.png
1566.287109375	0.0	image/853	853	801939	nsd/61873.png
1567.119140625	0.0	image/865	865	802365	nsd/62683.png
1567.919921875	0.0	image/861	861	802775	nsd/62365.png
1568.75390625	0.0	image/955	955	803202	nsd/69442.png
1569.58203125	0.0	image/946	946	803626	nsd/68842.png
1570.349609375	0.0	image/921	921	804019	nsd/66643.png
1571.150390625	0.0	image/940	940	804429	nsd/68311.png
1571.97265625	0.0	image/852	852	804850	nsd/61809.png
1572.771484375	0.0	image/884	884	805259	nsd/64621.png
1573.572265625	0.0	image/903	903	805669	nsd/65686.png
1574.35546875	0.0	image/894	894	806070	nsd/65187.png
1575.138671875	0.0	image/876	876	806471	nsd/63931.png
1575.97265625	0.0	image/925	925	806898	nsd/66976.png
1576.78515625	0.0	image/851	851	807314	nsd/61801.png
1577.58984375	0.0	image/850	850	807726	nsd/61797.png
1578.40625	0.0	image/909	909	808144	nsd/65943.png
1579.185546875	0.0	image/927	927	808543	nsd/67113.png
1579.990234375	0.0	image/845	845	808955	nsd/61513.png
1580.7734375	0.0	image/926	926	809356	nsd/67045.png
1581.6015625	0.0	image/873	873	809780	nsd/63781.png
1582.408203125	0.0	image/922	922	810193	nsd/66773.png
1583.236328125	0.0	image/900	900	810617	nsd/65445.png
1584.001953125	0.0	image/947	947	811009	nsd/68858.png
1584.80859375	0.0	image/934	934	811422	nsd/67742.png
1585.59375	0.0	image/960	960	811824	nsd/69813.png
1586.42578125	0.0	image/947	947	812250	nsd/68858.png
1587.259765625	0.0	image/943	943	812677	nsd/68471.png
1588.060546875	0.0	image/905	905	813087	nsd/65799.png
1588.84375	0.0	image/936	936	813488	nsd/67829.png
1589.64453125	0.0	image/860	860	813898	nsd/62302.png
1590.439453125	0.0	image/849	849	814305	nsd/61752.png
1591.2109375	0.0	image/904	904	814700	nsd/65769.png
1592.828125	0.0	image/959	959	815528	nsd/69785.png
1593.64453125	0.0	image/915	915	815946	nsd/66342.png
1594.45703125	0.0	image/860	860	816362	nsd/62302.png
1595.279296875	0.0	image/907	907	816783	nsd/65872.png
1596.095703125	0.0	image/952	952	817201	nsd/69130.png
1596.912109375	0.0	image/917	917	817619	nsd/66464.png
1597.72265625	0.0	image/920	920	818034	nsd/66580.png
1598.546875	0.0	image/841	841	818456	nsd/61133.png
1599.375	0.0	image/943	943	818880	nsd/68471.png
1601.013671875	0.0	image/844	844	819719	nsd/61510.png
1601.810546875	0.0	image/889	889	820127	nsd/64893.png
1602.630859375	0.0	image/918	918	820547	nsd/66479.png
1603.4296875	0.0	image/953	953	820956	nsd/69214.png
1604.265625	0.0	image/883	883	821384	nsd/64615.png
1605.05859375	0.0	image/908	908	821790	nsd/65920.png
1605.861328125	0.0	image/933	933	822201	nsd/67363.png
1606.6484375	0.0	image/879	879	822604	nsd/64096.png
1607.478515625	0.0	image/859	859	823029	nsd/62275.png
1608.298828125	0.0	image/905	905	823449	nsd/65799.png
1609.111328125	0.0	image/846	846	823865	nsd/61677.png
1609.916015625	0.0	image/931	931	824277	nsd/67252.png
1610.728515625	0.0	image/887	887	824693	nsd/64867.png
1611.53125	0.0	image/958	958	825104	nsd/69616.png
1612.31640625	0.0	image/845	845	825506	nsd/61513.png
1613.111328125	0.0	image/919	919	825913	nsd/66489.png
1613.89453125	0.0	image/872	872	826314	nsd/63746.png
1614.701171875	0.0	image/935	935	826727	nsd/67802.png
1616.28515625	0.0	image/852	852	827538	nsd/61809.png
1617.869140625	0.0	image/942	942	828349	nsd/68418.png
1618.69921875	0.0	image/870	870	828774	nsd/63345.png
1619.494140625	0.0	image/884	884	829181	nsd/64621.png
1620.26953125	0.0	image/912	912	829578	nsd/66216.png
1621.080078125	0.0	image/919	919	829993	nsd/66489.png
1621.88671875	0.0	image/882	882	830406	nsd/64498.png
1623.486328125	0.0	image/866	866	831225	nsd/62748.png
1624.3046875	0.0	image/910	910	831644	nsd/66004.png
1625.08203125	0.0	image/957	957	832042	nsd/69614.png
1625.86328125	0.0	image/958	958	832442	nsd/69616.png
1626.6484375	0.0	image/944	944	832844	nsd/68741.png
1627.455078125	0.0	image/862	862	833257	nsd/62479.png
1628.23828125	0.0	image/854	854	833658	nsd/61972.png
1629.0390625	0.0	image/942	942	834068	nsd/68418.png
1629.83984375	0.0	image/850	850	834478	nsd/61797.png
1630.671875	0.0	image/906	906	834904	nsd/65821.png
1632.306640625	0.0	image/950	950	835741	nsd/69025.png
1633.08984375	0.0	image/896	896	836142	nsd/65253.png
1633.890625	0.0	image/916	916	836552	nsd/66421.png
1634.66796875	0.0	image/871	871	836950	nsd/63449.png
1635.451171875	0.0	image/955	955	837351	nsd/69442.png
1636.267578125	0.0	image/952	952	837769	nsd/69130.png
1637.859375	0.0	image/879	879	838584	nsd/64096.png
1638.67578125	0.0	image/888	888	839002	nsd/64880.png
1639.458984375	0.0	image/904	904	839403	nsd/65769.png
1640.275390625	0.0	image/902	902	839821	nsd/65654.png
1641.0859375	0.0	image/863	863	840236	nsd/62544.png
1641.888671875	0.0	image/932	932	840647	nsd/67295.png
1642.708984375	0.0	image/930	930	841067	nsd/67237.png
1643.521484375	0.0	image/929	929	841483	nsd/67204.png
1645.14453125	0.0	image/886	886	842314	nsd/64771.png
1645.921875	0.0	image/867	867	842712	nsd/62960.png
1646.6875	0.0	image/886	886	843104	nsd/64771.png
1647.494140625	0.0	image/858	858	843517	nsd/62228.png
1648.271484375	0.0	image/928	928	843915	nsd/67168.png
1649.095703125	0.0	image/847	847	844337	nsd/61738.png
1649.927734375	0.0	image/851	851	844763	nsd/61801.png
1650.74609375	0.0	image/848	848	845182	nsd/61748.png
1651.556640625	0.0	image/842	842	845597	nsd/61177.png
1652.359375	0.0	image/935	935	846008	nsd/67802.png
1653.162109375	0.0	image/892	892	846419	nsd/65069.png
1653.974609375	0.0	image/866	866	846835	nsd/62748.png
1655.546875	0.0	image/938	938	847640	nsd/68168.png
1656.34765625	0.0	image/922	922	848050	nsd/66773.png
1657.140625	0.0	image/959	959	848456	nsd/69785.png
1657.958984375	0.0	image/921	921	848875	nsd/66643.png
1658.7578125	0.0	image/956	956	849284	nsd/69502.png
1659.58203125	0.0	image/957	957	849706	nsd/69614.png
1661.166015625	0.0	image/859	859	850517	nsd/62275.png
1661.96484375	0.0	image/857	857	850926	nsd/62209.png
1662.775390625	0.0	image/941	941	851341	nsd/68339.png
1663.578125	0.0	image/946	946	851752	nsd/68842.png
1664.349609375	0.0	image/890	890	852147	nsd/64979.png
1665.1328125	0.0	image/868	868	852548	nsd/63081.png
1665.9609375	0.0	image/949	949	852972	nsd/69007.png
1666.75	0.0	image/898	898	853376	nsd/65376.png
1667.533203125	0.0	image/924	924	853777	nsd/66946.png
1668.328125	0.0	image/881	881	854184	nsd/64483.png
1669.119140625	0.0	image/951	951	854589	nsd/69030.png
1669.9453125	0.0	image/920	920	855012	nsd/66580.png
1670.712890625	0.0	image/889	889	855405	nsd/64893.png
1671.517578125	0.0	image/870	870	855817	nsd/63345.png
1672.302734375	0.0	image/864	864	856219	nsd/62561.png
1673.0859375	0.0	image/843	843	856620	nsd/61216.png
1673.86328125	0.0	image/933	933	857018	nsd/67363.png
1674.65234375	0.0	image/918	918	857422	nsd/66479.png
1675.46875	0.0	image/936	936	857840	nsd/67829.png
1676.263671875	0.0	image/945	945	858247	nsd/68814.png
1677.0859375	0.0	image/874	874	858668	nsd/63825.png
1678.6875	0.0	image/869	869	859488	nsd/63182.png
1679.470703125	0.0	image/899	899	859889	nsd/65414.png
1680.25390625	0.0	image/856	856	860290	nsd/62015.png
1681.048828125	0.0	image/847	847	860697	nsd/61738.png
1681.865234375	0.0	image/902	902	861115	nsd/65654.png
1682.671875	0.0	image/910	910	861528	nsd/66004.png
1683.44921875	0.0	image/897	897	861926	nsd/65267.png
1684.2578125	0.0	image/953	953	862340	nsd/69214.png
1685.888671875	0.0	image/950	950	863175	nsd/69025.png
1686.701171875	0.0	image/948	948	863591	nsd/68897.png
1687.5234375	0.0	image/853	853	864012	nsd/61873.png
1688.3515625	0.0	image/913	913	864436	nsd/66278.png
1689.140625	0.0	image/875	875	864840	nsd/63922.png
1689.94140625	0.0	image/916	916	865250	nsd/66421.png
1690.724609375	0.0	image/880	880	865651	nsd/64295.png
1691.556640625	0.0	image/907	907	866077	nsd/65872.png
1692.341796875	0.0	image/890	890	866479	nsd/64979.png
1693.16796875	0.0	image/880	880	866902	nsd/64295.png
1693.9921875	0.0	image/927	927	867324	nsd/67113.png
1694.802734375	0.0	image/923	923	867739	nsd/66836.png
1695.5703125	0.0	image/841	841	868132	nsd/61133.png
1696.392578125	0.0	image/895	895	868553	nsd/65232.png
1697.17578125	0.0	image/948	948	868954	nsd/68897.png
1697.955078125	0.0	image/944	944	869353	nsd/68741.png
1698.775390625	0.0	image/938	938	869773	nsd/68168.png
1700.337890625	0.0	image/960	960	870573	nsd/69813.png
1701.12109375	0.0	image/895	895	870974	nsd/65232.png
1701.927734375	0.0	image/912	912	871387	nsd/66216.png
1702.705078125	0.0	image/854	854	871785	nsd/61972.png
1703.51171875	0.0	image/892	892	872198	nsd/65069.png
1704.3125	0.0	image/937	937	872608	nsd/68023.png
1705.10546875	0.0	image/897	897	873014	nsd/65267.png
1706.712890625	0.0	image/894	894	873837	nsd/65187.png
1707.51171875	0.0	image/893	893	874246	nsd/65148.png
1708.330078125	0.0	image/954	954	874665	nsd/69240.png
1709.98046875	0.0	image/925	925	875510	nsd/66976.png
1710.763671875	0.0	image/864	864	875911	nsd/62561.png
1711.591796875	0.0	image/861	861	876335	nsd/62365.png
1712.359375	0.0	image/917	917	876728	nsd/66464.png
1713.98046875	0.0	image/882	882	877558	nsd/64498.png
1714.796875	0.0	image/867	867	877976	nsd/62960.png
1715.609375	0.0	image/878	878	878392	nsd/64004.png
1717.181640625	0.0	image/954	954	879197	nsd/69240.png
1718.009765625	0.0	image/951	951	879621	nsd/69030.png
1718.81640625	0.0	image/901	901	880034	nsd/65639.png
1719.59375	0.0	image/887	887	880432	nsd/64867.png
1720.41015625	0.0	image/903	903	880850	nsd/65686.png
1721.216796875	0.0	image/899	899	881263	nsd/65414.png
1722.8671875	0.0	image/862	862	882108	nsd/62479.png
1723.6953125	0.0	image/928	928	882532	nsd/67168.png
1724.4609375	0.0	image/878	878	882924	nsd/64004.png
1725.251953125	0.0	image/871	871	883329	nsd/63449.png
1726.90234375	0.0	image/923	923	884174	nsd/66836.png
1727.728515625	0.0	image/869	869	884597	nsd/63182.png
1728.552734375	0.0	image/891	891	885019	nsd/65010.png
1729.333984375	0.0	image/855	855	885419	nsd/62006.png
1730.095703125	0.0	image/896	896	885809	nsd/65253.png
1730.88671875	0.0	image/914	914	886214	nsd/66330.png
1731.669921875	0.0	image/900	900	886615	nsd/65445.png
1732.453125	0.0	image/849	849	887016	nsd/61752.png
1734.087890625	0.0	image/941	941	887853	nsd/68339.png
1734.916015625	0.0	image/873	873	888277	nsd/63781.png
1735.681640625	0.0	image/868	868	888669	nsd/63081.png
1736.455078125	0.0	image/908	908	889065	nsd/65920.png
1737.271484375	0.0	image/915	915	889483	nsd/66342.png
1738.888671875	0.0	image/872	872	890311	nsd/63746.png
1739.716796875	0.0	image/929	929	890735	nsd/67204.png
1740.5390625	0.0	image/844	844	891156	nsd/61510.png
1747.29296875	0.0	image/83	83	894614	nsd/7944.png
1748.08984375	0.0	image/75	75	895022	nsd/7366.png
1748.892578125	0.0	image/15	15	895433	nsd/3682.png
1749.671875	0.0	image/66	66	895832	nsd/6558.png
1750.494140625	0.0	image/67	67	896253	nsd/6640.png
1752.126953125	0.0	image/4	4	897089	nsd/3077.png
1752.91015625	0.0	image/96	96	897490	nsd/8435.png
1753.728515625	0.0	image/98	98	897909	nsd/8509.png
1754.52734375	0.0	image/1	1	898318	nsd/2950.png
1756.12890625	0.0	image/99	99	899138	nsd/8631.png
1756.9453125	0.0	image/54	54	899556	nsd/5714.png
1758.529296875	0.0	image/32	32	900367	nsd/4612.png
1760.130859375	0.0	image/58	58	901187	nsd/6199.png
1760.923828125	0.0	image/84	84	901593	nsd/7948.png
1761.748046875	0.0	image/114	114	902015	nsd/9847.png
1762.541015625	0.0	image/55	55	902421	nsd/5878.png
1763.330078125	0.0	image/86	86	902825	nsd/8006.png
1764.1484375	0.0	image/78	78	903244	nsd/7480.png
1764.94140625	0.0	image/116	116	903650	nsd/9917.png
1765.748046875	0.0	image/42	42	904063	nsd/5106.png
1766.54296875	0.0	image/37	37	904470	nsd/4835.png
1767.34375	0.0	image/62	62	904880	nsd/6489.png
1768.1484375	0.0	image/80	80	905292	nsd/7659.png
1768.96484375	0.0	image/69	69	905710	nsd/6801.png
1769.779296875	0.0	image/74	74	906127	nsd/7336.png
1770.56640625	0.0	image/113	113	906530	nsd/9804.png
1771.34375	0.0	image/58	58	906928	nsd/6199.png
1772.93359375	0.0	image/35	35	907742	nsd/4768.png
1773.734375	0.0	image/76	76	908152	nsd/7409.png
1774.52734375	0.0	image/78	78	908558	nsd/7480.png
1775.333984375	0.0	image/111	111	908971	nsd/9680.png
1776.13671875	0.0	image/74	74	909382	nsd/7336.png
1776.96875	0.0	image/112	112	909808	nsd/9722.png
1777.802734375	0.0	image/61	61	910235	nsd/6444.png
1778.59765625	0.0	image/11	11	910642	nsd/3434.png
1779.369140625	0.0	image/47	47	911037	nsd/5427.png
1780.15234375	0.0	image/41	41	911438	nsd/5034.png
1780.931640625	0.0	image/36	36	911837	nsd/4786.png
1781.748046875	0.0	image/20	20	912255	nsd/3847.png
1782.537109375	0.0	image/93	93	912659	nsd/8387.png
1783.3203125	0.0	image/82	82	913060	nsd/7859.png
1784.115234375	0.0	image/80	80	913467	nsd/7659.png
1784.9375	0.0	image/73	73	913888	nsd/7207.png
1786.537109375	0.0	image/29	29	914707	nsd/4325.png
1787.33203125	0.0	image/60	60	915114	nsd/6431.png
1788.1484375	0.0	image/24	24	915532	nsd/4051.png
1788.955078125	0.0	image/61	61	915945	nsd/6444.png
1789.783203125	0.0	image/10	10	916369	nsd/3386.png
1790.55078125	0.0	image/76	76	916762	nsd/7409.png
1791.318359375	0.0	image/17	17	917155	nsd/3729.png
1792.1328125	0.0	image/113	113	917572	nsd/9804.png
1792.935546875	0.0	image/16	16	917983	nsd/3687.png
1793.701171875	0.0	image/59	59	918375	nsd/6222.png
1794.5234375	0.0	image/105	105	918796	nsd/9027.png
1795.35546875	0.0	image/3	3	919222	nsd/3049.png
1796.19140625	0.0	image/72	72	919650	nsd/7120.png
1797.0078125	0.0	image/119	119	920068	nsd/10046.png
1797.791015625	0.0	image/36	36	920469	nsd/4786.png
1798.6171875	0.0	image/45	45	920892	nsd/5301.png
1799.44140625	0.0	image/120	120	921314	nsd/10064.png
1800.26953125	0.0	image/112	112	921738	nsd/9722.png
1801.076171875	0.0	image/27	27	922151	nsd/4156.png
1801.853515625	0.0	image/93	93	922549	nsd/8387.png
1802.669921875	0.0	image/72	72	922967	nsd/7120.png
1803.4375	0.0	image/49	49	923360	nsd/5502.png
1804.208984375	0.0	image/22	22	923755	nsd/3913.png
1805.009765625	0.0	image/30	30	924165	nsd/4423.png
1805.787109375	0.0	image/79	79	924563	nsd/7654.png
1806.576171875	0.0	image/104	104	924967	nsd/8933.png
1807.404296875	0.0	image/40	40	925391	nsd/4930.png
1808.20703125	0.0	image/51	51	925802	nsd/5574.png
1809.8203125	0.0	image/95	95	926628	nsd/8415.png
1810.607421875	0.0	image/22	22	927031	nsd/3913.png
1811.37890625	0.0	image/90	90	927426	nsd/8262.png
1812.20703125	0.0	image/19	19	927850	nsd/3842.png
1812.990234375	0.0	image/27	27	928251	nsd/4156.png
1813.779296875	0.0	image/109	109	928655	nsd/9434.png
1814.595703125	0.0	image/83	83	929073	nsd/7944.png
1815.375	0.0	image/3	3	929472	nsd/3049.png
1816.98046875	0.0	image/52	52	930294	nsd/5583.png
1817.775390625	0.0	image/5	5	930701	nsd/3146.png
1818.59765625	0.0	image/71	71	931122	nsd/7039.png
1819.431640625	0.0	image/54	54	931549	nsd/5714.png
1820.248046875	0.0	image/88	88	931967	nsd/8204.png
1821.04296875	0.0	image/51	51	932374	nsd/5574.png
1821.84765625	0.0	image/94	94	932786	nsd/8394.png
1822.6328125	0.0	image/77	77	933188	nsd/7418.png
1823.458984375	0.0	image/49	49	933611	nsd/5502.png
1824.265625	0.0	image/31	31	934024	nsd/4436.png
1825.076171875	0.0	image/89	89	934439	nsd/8225.png
1825.8671875	0.0	image/28	28	934844	nsd/4249.png
1826.650390625	0.0	image/14	14	935245	nsd/3626.png
1827.43359375	0.0	image/40	40	935646	nsd/4930.png
1829.033203125	0.0	image/98	98	936465	nsd/8509.png
1829.8515625	0.0	image/118	118	936884	nsd/10006.png
1830.68359375	0.0	image/70	70	937310	nsd/7007.png
1831.46875	0.0	image/41	41	937712	nsd/5034.png
1832.30078125	0.0	image/10	10	938138	nsd/3386.png
1833.080078125	0.0	image/32	32	938537	nsd/4612.png
1833.8515625	0.0	image/92	92	938932	nsd/8318.png
1834.630859375	0.0	image/84	84	939331	nsd/7948.png
1835.396484375	0.0	image/50	50	939723	nsd/5542.png
1837.052734375	0.0	image/87	87	940571	nsd/8109.png
1838.65234375	0.0	image/26	26	941390	nsd/4129.png
1839.447265625	0.0	image/100	100	941797	nsd/8646.png
1840.220703125	0.0	image/56	56	942193	nsd/5890.png
1841.00390625	0.0	image/71	71	942594	nsd/7039.png
1841.83203125	0.0	image/53	53	943018	nsd/5602.png
1842.60546875	0.0	image/47	47	943414	nsd/5427.png
1843.388671875	0.0	image/34	34	943815	nsd/4690.png
1844.171875	0.0	image/64	64	944216	nsd/6521.png
1844.94921875	0.0	image/14	14	944614	nsd/3626.png
1845.765625	0.0	image/115	115	945032	nsd/9865.png
1846.556640625	0.0	image/42	42	945437	nsd/5106.png
1847.3671875	0.0	image/117	117	945852	nsd/9978.png
1848.173828125	0.0	image/116	116	946265	nsd/9917.png
1848.97265625	0.0	image/105	105	946674	nsd/9027.png
1849.78515625	0.0	image/34	34	947090	nsd/4690.png
1850.552734375	0.0	image/107	107	947483	nsd/9147.png
1851.373046875	0.0	image/37	37	947903	nsd/4835.png
1852.185546875	0.0	image/81	81	948319	nsd/7840.png
1852.95703125	0.0	image/119	119	948714	nsd/10046.png
1853.751953125	0.0	image/91	91	949121	nsd/8274.png
1854.55078125	0.0	image/106	106	949530	nsd/9048.png
1855.337890625	0.0	image/94	94	949933	nsd/8394.png
1856.158203125	0.0	image/68	68	950353	nsd/6713.png
1856.935546875	0.0	image/85	85	950751	nsd/7954.png
1857.724609375	0.0	image/111	111	951155	nsd/9680.png
1858.52734375	0.0	image/65	65	951566	nsd/6524.png
1859.35546875	0.0	image/110	110	951990	nsd/9462.png
1860.17578125	0.0	image/48	48	952410	nsd/5459.png
1860.970703125	0.0	image/73	73	952817	nsd/7207.png
1861.79296875	0.0	image/68	68	953238	nsd/6713.png
1862.60546875	0.0	image/6	6	953654	nsd/3157.png
1863.388671875	0.0	image/38	38	954055	nsd/4869.png
1864.2109375	0.0	image/31	31	954476	nsd/4436.png
1865.0390625	0.0	image/20	20	954900	nsd/3847.png
1866.64453125	0.0	image/66	66	955722	nsd/6558.png
1867.4453125	0.0	image/52	52	956132	nsd/5583.png
1868.279296875	0.0	image/87	87	956559	nsd/8109.png
1869.056640625	0.0	image/9	9	956957	nsd/3181.png
1869.86328125	0.0	image/77	77	957370	nsd/7418.png
1870.646484375	0.0	image/86	86	957771	nsd/8006.png
1871.423828125	0.0	image/56	56	958169	nsd/5890.png
1872.24609375	0.0	image/53	53	958590	nsd/5602.png
1873.03125	0.0	image/97	97	958992	nsd/8465.png
1873.84765625	0.0	image/95	95	959410	nsd/8415.png
1874.6484375	0.0	image/24	24	959820	nsd/4051.png
1875.474609375	0.0	image/114	114	960243	nsd/9847.png
1876.248046875	0.0	image/21	21	960639	nsd/3856.png
1877.02734375	0.0	image/85	85	961038	nsd/7954.png
1877.814453125	0.0	image/62	62	961441	nsd/6489.png
1878.59375	0.0	image/38	38	961840	nsd/4869.png
1879.41015625	0.0	image/89	89	962258	nsd/8225.png
1880.216796875	0.0	image/79	79	962671	nsd/7654.png
1881.833984375	0.0	image/39	39	963499	nsd/4892.png
1882.66015625	0.0	image/8	8	963922	nsd/3171.png
1884.26171875	0.0	image/18	18	964742	nsd/3809.png
1885.044921875	0.0	image/7	7	965143	nsd/3164.png
1885.8671875	0.0	image/15	15	965564	nsd/3682.png
1886.66796875	0.0	image/46	46	965974	nsd/5338.png
1888.30078125	0.0	image/120	120	966810	nsd/10064.png
1889.12890625	0.0	image/45	45	967234	nsd/5301.png
1890.751953125	0.0	image/12	12	968065	nsd/3449.png
1891.5703125	0.0	image/44	44	968484	nsd/5285.png
1892.353515625	0.0	image/5	5	968885	nsd/3146.png
1893.169921875	0.0	image/117	117	969303	nsd/9978.png
1894.8046875	0.0	image/88	88	970140	nsd/8204.png
1895.63671875	0.0	image/104	104	970566	nsd/8933.png
1897.271484375	0.0	image/115	115	971403	nsd/9865.png
1898.888671875	0.0	image/57	57	972231	nsd/6132.png
1899.681640625	0.0	image/44	44	972637	nsd/5285.png
1900.484375	0.0	image/50	50	973048	nsd/5542.png
1901.3046875	0.0	image/13	13	973468	nsd/3489.png
1902.134765625	0.0	image/23	23	973893	nsd/3951.png
1902.939453125	0.0	image/60	60	974305	nsd/6431.png
1903.72265625	0.0	image/25	25	974706	nsd/4058.png
1904.505859375	0.0	image/18	18	975107	nsd/3809.png
1905.32421875	0.0	image/19	19	975526	nsd/3842.png
1906.107421875	0.0	image/81	81	975927	nsd/7840.png
1906.923828125	0.0	image/12	12	976345	nsd/3449.png
1907.70703125	0.0	image/91	91	976746	nsd/8274.png
1908.53515625	0.0	image/39	39	977170	nsd/4892.png
1909.328125	0.0	image/25	25	977576	nsd/4058.png
1910.94140625	0.0	image/101	101	978402	nsd/8807.png
1911.775390625	0.0	image/43	43	978829	nsd/5204.png
1912.552734375	0.0	image/48	48	979227	nsd/5459.png
1913.33984375	0.0	image/13	13	979630	nsd/3489.png
1914.142578125	0.0	image/103	103	980041	nsd/8925.png
1915.79296875	0.0	image/35	35	980886	nsd/4768.png
1916.603515625	0.0	image/6	6	981301	nsd/3157.png
1917.427734375	0.0	image/110	110	981723	nsd/9462.png
1918.23828125	0.0	image/75	75	982138	nsd/7366.png
1919.02734375	0.0	image/101	101	982542	nsd/8807.png
1919.828125	0.0	image/99	99	982952	nsd/8631.png
1920.62890625	0.0	image/82	82	983362	nsd/7859.png
1921.412109375	0.0	image/2	2	983763	nsd/2990.png
1922.2109375	0.0	image/17	17	984172	nsd/3729.png
1923.0390625	0.0	image/108	108	984596	nsd/9230.png
1923.806640625	0.0	image/118	118	984989	nsd/10006.png
1924.595703125	0.0	image/21	21	985393	nsd/3856.png
1925.412109375	0.0	image/65	65	985811	nsd/6524.png
1926.2265625	0.0	image/43	43	986228	nsd/5204.png
1927.013671875	0.0	image/1	1	986631	nsd/2950.png
1927.84765625	0.0	image/108	108	987058	nsd/9230.png
1928.6796875	0.0	image/4	4	987484	nsd/3077.png
1930.296875	0.0	image/107	107	988312	nsd/9147.png
1931.08203125	0.0	image/30	30	988714	nsd/4423.png
1931.91015625	0.0	image/64	64	989138	nsd/6521.png
1933.548828125	0.0	image/28	28	989977	nsd/4249.png
1934.3828125	0.0	image/33	33	990404	nsd/4667.png
1935.96484375	0.0	image/69	69	991214	nsd/6801.png
1936.79296875	0.0	image/29	29	991638	nsd/4325.png
1937.56640625	0.0	image/16	16	992034	nsd/3687.png
1938.400390625	0.0	image/90	90	992461	nsd/8262.png
1939.216796875	0.0	image/23	23	992879	nsd/3951.png
1940.05078125	0.0	image/67	67	993306	nsd/6640.png
1940.828125	0.0	image/2	2	993704	nsd/2990.png
1941.595703125	0.0	image/57	57	994097	nsd/6132.png
1942.41796875	0.0	image/102	102	994518	nsd/8843.png
1943.201171875	0.0	image/63	63	994919	nsd/6514.png
1944.013671875	0.0	image/33	33	995335	nsd/4667.png
1944.8359375	0.0	image/106	106	995756	nsd/9048.png
1945.669921875	0.0	image/97	97	996183	nsd/8465.png
1946.486328125	0.0	image/46	46	996601	nsd/5338.png
1947.279296875	0.0	image/70	70	997007	nsd/7007.png
1948.046875	0.0	image/11	11	997400	nsd/3434.png
1948.8359375	0.0	image/59	59	997804	nsd/6222.png
1949.6328125	0.0	image/9	9	998212	nsd/3181.png
1950.419921875	0.0	image/96	96	998615	nsd/8435.png
1951.203125	0.0	image/102	102	999016	nsd/8843.png
1952.00390625	0.0	image/8	8	999426	nsd/3171.png
1952.81640625	0.0	image/55	55	999842	nsd/5878.png
1953.62109375	0.0	image/103	103	1000254	nsd/8925.png
1954.421875	0.0	image/100	100	1000664	nsd/8646.png
1955.255859375	0.0	image/63	63	1001091	nsd/6514.png
1956.06640625	0.0	image/109	109	1001506	nsd/9434.png
1956.873046875	0.0	image/7	7	1001919	nsd/3164.png
1957.705078125	0.0	image/26	26	1002345	nsd/4129.png
1958.517578125	0.0	image/92	92	1002761	nsd/8318.png
1965.87890625	0.0	image/182	182	1006530	nsd/14931.png
1966.712890625	0.0	image/196	196	1006957	nsd/16466.png
1967.541015625	0.0	image/133	133	1007381	nsd/11487.png
1968.359375	0.0	image/220	220	1007800	nsd/17942.png
1969.140625	0.0	image/209	209	1008200	nsd/17238.png
1969.958984375	0.0	image/193	193	1008619	nsd/16252.png
1970.724609375	0.0	image/121	121	1009011	nsd/10105.png
1971.546875	0.0	image/240	240	1009432	nsd/20054.png
1972.326171875	0.0	image/171	171	1009831	nsd/14179.png
1973.130859375	0.0	image/145	145	1010243	nsd/11942.png
1973.91015625	0.0	image/155	155	1010642	nsd/12796.png
1974.732421875	0.0	image/140	140	1011063	nsd/11796.png
1975.55859375	0.0	image/224	224	1011486	nsd/18505.png
1976.326171875	0.0	image/123	123	1011879	nsd/10244.png
1977.916015625	0.0	image/223	223	1012693	nsd/18483.png
1978.7109375	0.0	image/128	128	1013100	nsd/10600.png
1979.533203125	0.0	image/179	179	1013521	nsd/14808.png
1980.328125	0.0	image/175	175	1013928	nsd/14594.png
1981.126953125	0.0	image/138	138	1014337	nsd/11689.png
1981.916015625	0.0	image/137	137	1014741	nsd/11635.png
1982.728515625	0.0	image/222	222	1015157	nsd/18434.png
1984.318359375	0.0	image/135	135	1015971	nsd/11566.png
1985.1015625	0.0	image/141	141	1016372	nsd/11827.png
1985.884765625	0.0	image/218	218	1016773	nsd/17794.png
1986.68359375	0.0	image/232	232	1017182	nsd/19200.png
1987.46875	0.0	image/184	184	1017584	nsd/15025.png
1988.263671875	0.0	image/236	236	1017991	nsd/19642.png
1989.046875	0.0	image/147	147	1018392	nsd/12065.png
1989.869140625	0.0	image/197	197	1018813	nsd/16616.png
1990.697265625	0.0	image/175	175	1019237	nsd/14594.png
1991.46484375	0.0	image/202	202	1019630	nsd/16823.png
1992.26953125	0.0	image/180	180	1020042	nsd/14820.png
1993.052734375	0.0	image/230	230	1020443	nsd/19181.png
1993.88671875	0.0	image/141	141	1020870	nsd/11827.png
1994.69921875	0.0	image/213	213	1021286	nsd/17463.png
1995.46484375	0.0	image/236	236	1021678	nsd/19642.png
1996.287109375	0.0	image/224	224	1022099	nsd/18505.png
1997.099609375	0.0	image/197	197	1022515	nsd/16616.png
1998.755859375	0.0	image/191	191	1023363	nsd/15939.png
1999.53515625	0.0	image/240	240	1023762	nsd/20054.png
2000.322265625	0.0	image/169	169	1024165	nsd/14121.png
2001.138671875	0.0	image/203	203	1024583	nsd/16841.png
2001.935546875	0.0	image/158	158	1024991	nsd/12937.png
2002.740234375	0.0	image/167	167	1025403	nsd/13846.png
2003.552734375	0.0	image/183	183	1025819	nsd/15003.png
2004.357421875	0.0	image/222	222	1026231	nsd/18434.png
2005.173828125	0.0	image/237	237	1026649	nsd/19672.png
2005.97265625	0.0	image/198	198	1027058	nsd/16635.png
2006.802734375	0.0	image/192	192	1027483	nsd/16063.png
2007.603515625	0.0	image/171	171	1027893	nsd/14179.png
2008.408203125	0.0	image/144	144	1028305	nsd/11932.png
2009.224609375	0.0	image/188	188	1028723	nsd/15506.png
2010.05859375	0.0	image/228	228	1029150	nsd/18796.png
2010.88671875	0.0	image/131	131	1029574	nsd/11159.png
2012.4921875	0.0	image/199	199	1030396	nsd/16655.png
2013.271484375	0.0	image/179	179	1030795	nsd/14808.png
2014.076171875	0.0	image/159	159	1031207	nsd/13138.png
2014.876953125	0.0	image/190	190	1031617	nsd/15819.png
2015.7109375	0.0	image/156	156	1032044	nsd/12798.png
2016.544921875	0.0	image/229	229	1032471	nsd/19074.png
2017.34375	0.0	image/162	162	1032880	nsd/13314.png
2018.171875	0.0	image/208	208	1033304	nsd/17230.png
2018.994140625	0.0	image/219	219	1033725	nsd/17934.png
2019.8125	0.0	image/230	230	1034144	nsd/19181.png
2020.64453125	0.0	image/232	232	1034570	nsd/19200.png
2021.47265625	0.0	image/154	154	1034994	nsd/12685.png
2023.046875	0.0	image/231	231	1035800	nsd/19199.png
2023.873046875	0.0	image/207	207	1036223	nsd/17048.png
2024.6640625	0.0	image/210	210	1036628	nsd/17369.png
2026.2421875	0.0	image/163	163	1037436	nsd/13613.png
2027.04296875	0.0	image/199	199	1037846	nsd/16655.png
2027.826171875	0.0	image/164	164	1038247	nsd/13653.png
2028.630859375	0.0	image/143	143	1038659	nsd/11844.png
2029.42578125	0.0	image/163	163	1039066	nsd/13613.png
2030.248046875	0.0	image/149	149	1039487	nsd/12214.png
2031.076171875	0.0	image/184	184	1039911	nsd/15025.png
2031.8828125	0.0	image/187	187	1040324	nsd/15492.png
2032.693359375	0.0	image/129	129	1040739	nsd/10610.png
2033.4765625	0.0	image/176	176	1041140	nsd/14610.png
2034.24609375	0.0	image/125	125	1041534	nsd/10471.png
2035.02734375	0.0	image/146	146	1041934	nsd/11952.png
2035.80078125	0.0	image/127	127	1042330	nsd/10586.png
2036.6171875	0.0	image/203	203	1042748	nsd/16841.png
2037.451171875	0.0	image/174	174	1043175	nsd/14567.png
2038.26171875	0.0	image/188	188	1043590	nsd/15506.png
2039.083984375	0.0	image/152	152	1044011	nsd/12495.png
2039.8671875	0.0	image/237	237	1044412	nsd/19672.png
2040.701171875	0.0	image/129	129	1044839	nsd/10610.png
2041.51171875	0.0	image/134	134	1045254	nsd/11521.png
2042.294921875	0.0	image/219	219	1045655	nsd/17934.png
2043.1015625	0.0	image/125	125	1046068	nsd/10471.png
2043.896484375	0.0	image/209	209	1046475	nsd/17238.png
2044.681640625	0.0	image/215	215	1046877	nsd/17549.png
2045.447265625	0.0	image/173	173	1047269	nsd/14528.png
2047.015625	0.0	image/146	146	1048072	nsd/11952.png
2048.62109375	0.0	image/220	220	1048894	nsd/17942.png
2049.419921875	0.0	image/172	172	1049303	nsd/14443.png
2050.203125	0.0	image/193	193	1049704	nsd/16252.png
2050.98828125	0.0	image/124	124	1050106	nsd/10393.png
2052.599609375	0.0	image/173	173	1050931	nsd/14528.png
2053.421875	0.0	image/215	215	1051352	nsd/17549.png
2054.205078125	0.0	image/148	148	1051753	nsd/12075.png
2055.005859375	0.0	image/205	205	1052163	nsd/16868.png
2055.818359375	0.0	image/134	134	1052579	nsd/11521.png
2056.623046875	0.0	image/211	211	1052991	nsd/17374.png
2058.22265625	0.0	image/127	127	1053810	nsd/10586.png
2059.0234375	0.0	image/200	200	1054220	nsd/16702.png
2059.802734375	0.0	image/178	178	1054619	nsd/14793.png
2061.44140625	0.0	image/161	161	1055458	nsd/13312.png
2062.275390625	0.0	image/214	214	1055885	nsd/17485.png
2063.0859375	0.0	image/185	185	1056300	nsd/15128.png
2063.908203125	0.0	image/206	206	1056721	nsd/16917.png
2064.708984375	0.0	image/235	235	1057131	nsd/19573.png
2065.505859375	0.0	image/202	202	1057539	nsd/16823.png
2066.275390625	0.0	image/227	227	1057933	nsd/18690.png
2067.05859375	0.0	image/169	169	1058334	nsd/14121.png
2068.693359375	0.0	image/217	217	1059171	nsd/17776.png
2069.521484375	0.0	image/195	195	1059595	nsd/16421.png
2070.291015625	0.0	image/122	122	1059989	nsd/10107.png
2071.076171875	0.0	image/196	196	1060391	nsd/16466.png
2071.861328125	0.0	image/172	172	1060793	nsd/14443.png
2072.673828125	0.0	image/231	231	1061209	nsd/19199.png
2073.443359375	0.0	image/190	190	1061603	nsd/15819.png
2074.271484375	0.0	image/174	174	1062027	nsd/14567.png
2075.07421875	0.0	image/152	152	1062438	nsd/12495.png
2075.85546875	0.0	image/157	157	1062838	nsd/12922.png
2076.662109375	0.0	image/176	176	1063251	nsd/14610.png
2077.45703125	0.0	image/180	180	1063658	nsd/14820.png
2078.26171875	0.0	image/144	144	1064070	nsd/11932.png
2079.046875	0.0	image/182	182	1064472	nsd/14931.png
2079.841796875	0.0	image/147	147	1064879	nsd/12065.png
2080.607421875	0.0	image/142	142	1065271	nsd/11837.png
2081.4140625	0.0	image/178	178	1065684	nsd/14793.png
2082.19140625	0.0	image/239	239	1066082	nsd/19933.png
2083.78125	0.0	image/148	148	1066896	nsd/12075.png
2084.615234375	0.0	image/234	234	1067323	nsd/19436.png
2085.39453125	0.0	image/162	162	1067722	nsd/13314.png
2087.03125	0.0	image/204	204	1068560	nsd/16865.png
2087.81640625	0.0	image/205	205	1068962	nsd/16868.png
2089.416015625	0.0	image/238	238	1069781	nsd/19690.png
2090.25	0.0	image/211	211	1070208	nsd/17374.png
2091.02734375	0.0	image/143	143	1070606	nsd/11844.png
2091.81640625	0.0	image/170	170	1071010	nsd/14165.png
2092.6328125	0.0	image/201	201	1071428	nsd/16723.png
2093.4453125	0.0	image/133	133	1071844	nsd/11487.png
2094.25	0.0	image/181	181	1072256	nsd/14898.png
2095.080078125	0.0	image/154	154	1072681	nsd/12685.png
2095.884765625	0.0	image/160	160	1073093	nsd/13230.png
2096.66796875	0.0	image/227	227	1073494	nsd/18690.png
2097.49609375	0.0	image/221	221	1073918	nsd/18268.png
2099.068359375	0.0	image/221	221	1074723	nsd/18268.png
2099.8515625	0.0	image/194	194	1075124	nsd/16344.png
2100.6640625	0.0	image/233	233	1075540	nsd/19292.png
2101.46875	0.0	image/213	213	1075952	nsd/17463.png
2102.248046875	0.0	image/185	185	1076351	nsd/15128.png
2103.03125	0.0	image/206	206	1076752	nsd/16917.png
2103.853515625	0.0	image/139	139	1077173	nsd/11725.png
2104.681640625	0.0	image/158	158	1077597	nsd/12937.png
2105.50390625	0.0	image/157	157	1078018	nsd/12922.png
2106.283203125	0.0	image/186	186	1078417	nsd/15364.png
2107.103515625	0.0	image/191	191	1078837	nsd/15939.png
2107.904296875	0.0	image/159	159	1079247	nsd/13138.png
2108.705078125	0.0	image/122	122	1079657	nsd/10107.png
2109.5390625	0.0	image/145	145	1080084	nsd/11942.png
2111.189453125	0.0	image/194	194	1080929	nsd/16344.png
2111.966796875	0.0	image/161	161	1081327	nsd/13312.png
2112.751953125	0.0	image/130	130	1081729	nsd/10907.png
2113.572265625	0.0	image/177	177	1082149	nsd/14644.png
2114.384765625	0.0	image/212	212	1082565	nsd/17450.png
2115.15234375	0.0	image/131	131	1082958	nsd/11159.png
2115.95703125	0.0	image/234	234	1083370	nsd/19436.png
2116.740234375	0.0	image/126	126	1083771	nsd/10507.png
2117.53515625	0.0	image/201	201	1084178	nsd/16723.png
2119.091796875	0.0	image/121	121	1084975	nsd/10105.png
2119.90234375	0.0	image/192	192	1085390	nsd/16063.png
2120.69140625	0.0	image/238	238	1085794	nsd/19690.png
2121.525390625	0.0	image/183	183	1086221	nsd/15003.png
2122.326171875	0.0	image/160	160	1086631	nsd/13230.png
2123.16015625	0.0	image/126	126	1087058	nsd/10507.png
2123.970703125	0.0	image/166	166	1087473	nsd/13720.png
2124.79296875	0.0	image/200	200	1087894	nsd/16702.png
2125.609375	0.0	image/168	168	1088312	nsd/14110.png
2126.392578125	0.0	image/235	235	1088713	nsd/19573.png
2127.177734375	0.0	image/136	136	1089115	nsd/11617.png
2127.9609375	0.0	image/226	226	1089516	nsd/18543.png
2128.7734375	0.0	image/135	135	1089932	nsd/11566.png
2129.5546875	0.0	image/216	216	1090332	nsd/17595.png
2130.35546875	0.0	image/170	170	1090742	nsd/14165.png
2131.162109375	0.0	image/166	166	1091155	nsd/13720.png
2131.9453125	0.0	image/223	223	1091556	nsd/18483.png
2132.740234375	0.0	image/124	124	1091963	nsd/10393.png
2133.5234375	0.0	image/150	150	1092364	nsd/12308.png
2134.310546875	0.0	image/208	208	1092767	nsd/17230.png
2135.947265625	0.0	image/195	195	1093605	nsd/16421.png
2136.73046875	0.0	image/187	187	1094006	nsd/15492.png
2137.52734375	0.0	image/128	128	1094414	nsd/10600.png
2138.330078125	0.0	image/210	210	1094825	nsd/17369.png
2139.130859375	0.0	image/140	140	1095235	nsd/11796.png
2139.958984375	0.0	image/132	132	1095659	nsd/11333.png
2140.78125	0.0	image/165	165	1096080	nsd/13662.png
2141.576171875	0.0	image/214	214	1096487	nsd/17485.png
2142.39453125	0.0	image/151	151	1096906	nsd/12487.png
2143.203125	0.0	image/164	164	1097320	nsd/13653.png
2144.015625	0.0	image/218	218	1097736	nsd/17794.png
2144.81640625	0.0	image/138	138	1098146	nsd/11689.png
2145.6484375	0.0	image/177	177	1098572	nsd/14644.png
2146.466796875	0.0	image/137	137	1098991	nsd/11635.png
2147.29296875	0.0	image/165	165	1099414	nsd/13662.png
2148.900390625	0.0	image/225	225	1100237	nsd/18535.png
2149.68359375	0.0	image/155	155	1100638	nsd/12796.png
2150.5	0.0	image/136	136	1101056	nsd/11617.png
2151.318359375	0.0	image/204	204	1101475	nsd/16865.png
2152.115234375	0.0	image/167	167	1101883	nsd/13846.png
2152.935546875	0.0	image/198	198	1102303	nsd/16635.png
2153.73046875	0.0	image/207	207	1102710	nsd/17048.png
2154.515625	0.0	image/153	153	1103112	nsd/12634.png
2155.28515625	0.0	image/186	186	1103506	nsd/15364.png
2156.068359375	0.0	image/156	156	1103907	nsd/12798.png
2157.71875	0.0	image/228	228	1104752	nsd/18796.png
2158.50390625	0.0	image/123	123	1105154	nsd/10244.png
2159.3359375	0.0	image/130	130	1105580	nsd/10907.png
2160.1484375	0.0	image/189	189	1105996	nsd/15793.png
2160.970703125	0.0	image/168	168	1106417	nsd/14110.png
2161.78125	0.0	image/233	233	1106832	nsd/19292.png
2162.56640625	0.0	image/239	239	1107234	nsd/19933.png
2163.388671875	0.0	image/149	149	1107655	nsd/12214.png
2164.171875	0.0	image/226	226	1108056	nsd/18543.png
2165.755859375	0.0	image/225	225	1108867	nsd/18535.png
2166.583984375	0.0	image/132	132	1109291	nsd/11333.png
2167.384765625	0.0	image/212	212	1109701	nsd/17450.png
2168.201171875	0.0	image/142	142	1110119	nsd/11837.png
2168.984375	0.0	image/189	189	1110520	nsd/15793.png
2169.751953125	0.0	image/181	181	1110913	nsd/14898.png
2170.5234375	0.0	image/153	153	1111308	nsd/12634.png
2171.32421875	0.0	image/150	150	1111718	nsd/12308.png
2172.154296875	0.0	image/216	216	1112143	nsd/17595.png
2173.775390625	0.0	image/217	217	1112973	nsd/17776.png
2174.57421875	0.0	image/139	139	1113382	nsd/11725.png
2175.357421875	0.0	image/151	151	1113783	nsd/12487.png
2176.908203125	0.0	image/229	229	1114577	nsd/19074.png
2183.9296875	0.0	image/297	297	1118172	nsd/23871.png
2184.7265625	0.0	image/336	336	1118580	nsd/25741.png
2185.55859375	0.0	image/328	328	1119006	nsd/25570.png
2186.36328125	0.0	image/299	299	1119418	nsd/23883.png
2187.158203125	0.0	image/249	249	1119825	nsd/20650.png
2187.9296875	0.0	image/331	331	1120220	nsd/25588.png
2188.708984375	0.0	image/359	359	1120619	nsd/27275.png
2189.513671875	0.0	image/353	353	1121031	nsd/26780.png
2190.326171875	0.0	image/245	245	1121447	nsd/20265.png
2191.09375	0.0	image/325	325	1121840	nsd/25319.png
2191.892578125	0.0	image/349	349	1122249	nsd/26435.png
2192.69921875	0.0	image/290	290	1122662	nsd/22967.png
2193.52734375	0.0	image/335	335	1123086	nsd/25711.png
2194.31640625	0.0	image/269	269	1123490	nsd/22138.png
2195.099609375	0.0	image/322	322	1123891	nsd/25284.png
2195.900390625	0.0	image/331	331	1124301	nsd/25588.png
2196.71875	0.0	image/302	302	1124720	nsd/24214.png
2198.31640625	0.0	image/242	242	1125538	nsd/20080.png
2199.12890625	0.0	image/302	302	1125954	nsd/24214.png
2199.912109375	0.0	image/309	309	1126355	nsd/24638.png
2200.71484375	0.0	image/313	313	1126766	nsd/24740.png
2201.517578125	0.0	image/244	244	1127177	nsd/20223.png
2202.294921875	0.0	image/243	243	1127575	nsd/20206.png
2203.095703125	0.0	image/314	314	1127985	nsd/24787.png
2203.91796875	0.0	image/312	312	1128406	nsd/24739.png
2204.71875	0.0	image/288	288	1128816	nsd/22886.png
2205.51953125	0.0	image/351	351	1129226	nsd/26598.png
2206.330078125	0.0	image/279	279	1129641	nsd/22585.png
2207.134765625	0.0	image/345	345	1130053	nsd/26292.png
2207.970703125	0.0	image/320	320	1130481	nsd/25250.png
2208.748046875	0.0	image/280	280	1130879	nsd/22587.png
2209.5546875	0.0	image/316	316	1131292	nsd/25059.png
2211.115234375	0.0	image/272	272	1132091	nsd/22263.png
2212.654296875	0.0	image/268	268	1132879	nsd/21989.png
2213.48828125	0.0	image/323	323	1133306	nsd/25287.png
2214.2890625	0.0	image/308	308	1133716	nsd/24560.png
2215.0703125	0.0	image/248	248	1134116	nsd/20633.png
2215.90625	0.0	image/307	307	1134544	nsd/24530.png
2216.701171875	0.0	image/255	255	1134951	nsd/21192.png
2218.33984375	0.0	image/312	312	1135790	nsd/24739.png
2219.15625	0.0	image/265	265	1136208	nsd/21601.png
2219.935546875	0.0	image/308	308	1136607	nsd/24560.png
2220.732421875	0.0	image/356	356	1137015	nsd/26971.png
2221.51953125	0.0	image/252	252	1137418	nsd/20777.png
2222.333984375	0.0	image/247	247	1137835	nsd/20442.png
2223.15234375	0.0	image/290	290	1138254	nsd/22967.png
2223.974609375	0.0	image/295	295	1138675	nsd/23715.png
2225.548828125	0.0	image/304	304	1139481	nsd/24317.png
2226.326171875	0.0	image/274	274	1139879	nsd/22495.png
2227.15234375	0.0	image/270	270	1140302	nsd/22143.png
2227.94140625	0.0	image/345	345	1140706	nsd/26292.png
2229.59375	0.0	image/321	321	1141552	nsd/25268.png
2230.376953125	0.0	image/350	350	1141953	nsd/26458.png
2231.154296875	0.0	image/325	325	1142351	nsd/25319.png
2231.97265625	0.0	image/295	295	1142770	nsd/23715.png
2232.759765625	0.0	image/266	266	1143173	nsd/21703.png
2233.572265625	0.0	image/276	276	1143589	nsd/22515.png
2234.375	0.0	image/329	329	1144000	nsd/25578.png
2235.162109375	0.0	image/326	326	1144403	nsd/25371.png
2235.990234375	0.0	image/257	257	1144827	nsd/21197.png
2236.8125	0.0	image/327	327	1145248	nsd/25454.png
2237.640625	0.0	image/305	305	1145672	nsd/24480.png
2238.4296875	0.0	image/333	333	1146076	nsd/25693.png
2239.240234375	0.0	image/260	260	1146491	nsd/21279.png
2240.029296875	0.0	image/248	248	1146895	nsd/20633.png
2240.857421875	0.0	image/354	354	1147319	nsd/26895.png
2241.640625	0.0	image/337	337	1147720	nsd/25746.png
2242.4296875	0.0	image/288	288	1148124	nsd/22886.png
2243.23046875	0.0	image/277	277	1148534	nsd/22523.png
2244.03125	0.0	image/359	359	1148944	nsd/27275.png
2245.6484375	0.0	image/264	264	1149772	nsd/21553.png
2246.44140625	0.0	image/255	255	1150178	nsd/21192.png
2247.2421875	0.0	image/334	334	1150588	nsd/25702.png
2248.0234375	0.0	image/319	319	1150988	nsd/25205.png
2249.615234375	0.0	image/317	317	1151803	nsd/25091.png
2250.43359375	0.0	image/251	251	1152222	nsd/20738.png
2251.244140625	0.0	image/293	293	1152637	nsd/23241.png
2252.01171875	0.0	image/349	349	1153030	nsd/26435.png
2252.783203125	0.0	image/281	281	1153425	nsd/22772.png
2253.56640625	0.0	image/280	280	1153826	nsd/22587.png
2254.34375	0.0	image/258	258	1154224	nsd/21218.png
2255.111328125	0.0	image/340	340	1154617	nsd/25959.png
2255.912109375	0.0	image/286	286	1155027	nsd/22873.png
2256.701171875	0.0	image/298	298	1155431	nsd/23876.png
2257.501953125	0.0	image/303	303	1155841	nsd/24264.png
2258.294921875	0.0	image/330	330	1156247	nsd/25581.png
2259.0625	0.0	image/357	357	1156640	nsd/26990.png
2259.87890625	0.0	image/287	287	1157058	nsd/22879.png
2260.701171875	0.0	image/271	271	1157479	nsd/22155.png
2261.486328125	0.0	image/241	241	1157881	nsd/20064.png
2263.0703125	0.0	image/346	346	1158692	nsd/26307.png
2263.88671875	0.0	image/267	267	1159110	nsd/21950.png
2264.69921875	0.0	image/296	296	1159526	nsd/23729.png
2265.486328125	0.0	image/335	335	1159929	nsd/25711.png
2267.13671875	0.0	image/307	307	1160774	nsd/24530.png
2267.921875	0.0	image/250	250	1161176	nsd/20702.png
2268.69921875	0.0	image/353	353	1161574	nsd/26780.png
2269.486328125	0.0	image/301	301	1161977	nsd/24202.png
2271.08984375	0.0	image/263	263	1162798	nsd/21526.png
2271.90234375	0.0	image/328	328	1163214	nsd/25570.png
2272.671875	0.0	image/258	258	1163608	nsd/21218.png
2273.490234375	0.0	image/279	279	1164027	nsd/22585.png
2274.30078125	0.0	image/339	339	1164442	nsd/25906.png
2275.107421875	0.0	image/310	310	1164855	nsd/24640.png
2275.884765625	0.0	image/320	320	1165253	nsd/25250.png
2276.673828125	0.0	image/287	287	1165657	nsd/22879.png
2278.2734375	0.0	image/282	282	1166476	nsd/22782.png
2279.052734375	0.0	image/291	291	1166875	nsd/22993.png
2279.8203125	0.0	image/250	250	1167268	nsd/20702.png
2280.607421875	0.0	image/314	314	1167671	nsd/24787.png
2281.419921875	0.0	image/337	337	1168087	nsd/25746.png
2282.224609375	0.0	image/246	246	1168499	nsd/20307.png
2283.009765625	0.0	image/355	355	1168901	nsd/26909.png
2283.837890625	0.0	image/292	292	1169325	nsd/23036.png
2284.626953125	0.0	image/265	265	1169729	nsd/21601.png
2285.42578125	0.0	image/341	341	1170138	nsd/26119.png
2286.220703125	0.0	image/334	334	1170545	nsd/25702.png
2286.98828125	0.0	image/278	278	1170938	nsd/22530.png
2287.810546875	0.0	image/259	259	1171359	nsd/21253.png
2288.62109375	0.0	image/278	278	1171774	nsd/22530.png
2289.443359375	0.0	image/282	282	1172195	nsd/22782.png
2290.228515625	0.0	image/268	268	1172597	nsd/21989.png
2291.021484375	0.0	image/332	332	1173003	nsd/25602.png
2291.810546875	0.0	image/262	262	1173407	nsd/21508.png
2292.595703125	0.0	image/305	305	1173809	nsd/24480.png
2293.37890625	0.0	image/246	246	1174210	nsd/20307.png
2294.15625	0.0	image/254	254	1174608	nsd/21108.png
2295.763671875	0.0	image/281	281	1175431	nsd/22772.png
2296.591796875	0.0	image/344	344	1175855	nsd/26243.png
2297.36328125	0.0	image/319	319	1176250	nsd/25205.png
2298.138671875	0.0	image/360	360	1176647	nsd/27287.png
2298.908203125	0.0	image/269	269	1177041	nsd/22138.png
2299.724609375	0.0	image/352	352	1177459	nsd/26720.png
2300.513671875	0.0	image/301	301	1177863	nsd/24202.png
2302.09765625	0.0	image/338	338	1178674	nsd/25881.png
2302.8984375	0.0	image/271	271	1179084	nsd/22155.png
2303.681640625	0.0	image/297	297	1179485	nsd/23871.png
2305.283203125	0.0	image/266	266	1180305	nsd/21703.png
2306.06640625	0.0	image/262	262	1180706	nsd/21508.png
2306.849609375	0.0	image/333	333	1181107	nsd/25693.png
2308.466796875	0.0	image/261	261	1181935	nsd/21318.png
2310.099609375	0.0	image/300	300	1182771	nsd/23993.png
2310.931640625	0.0	image/348	348	1183197	nsd/26372.png
2311.767578125	0.0	image/275	275	1183625	nsd/22505.png
2312.5625	0.0	image/340	340	1184032	nsd/25959.png
2313.330078125	0.0	image/356	356	1184425	nsd/26971.png
2314.134765625	0.0	image/264	264	1184837	nsd/21553.png
2314.91796875	0.0	image/311	311	1185238	nsd/24649.png
2315.732421875	0.0	image/257	257	1185655	nsd/21197.png
2316.51953125	0.0	image/343	343	1186058	nsd/26163.png
2318.103515625	0.0	image/244	244	1186869	nsd/20223.png
2318.90234375	0.0	image/272	272	1187278	nsd/22263.png
2319.6875	0.0	image/294	294	1187680	nsd/23492.png
2320.46484375	0.0	image/309	309	1188078	nsd/24638.png
2322.021484375	0.0	image/260	260	1188875	nsd/21279.png
2322.84765625	0.0	image/342	342	1189298	nsd/26127.png
2323.6328125	0.0	image/285	285	1189700	nsd/22845.png
2324.419921875	0.0	image/289	289	1190103	nsd/22957.png
2325.205078125	0.0	image/298	298	1190505	nsd/23876.png
2326.017578125	0.0	image/285	285	1190921	nsd/22845.png
2326.783203125	0.0	image/344	344	1191313	nsd/26243.png
2327.58984375	0.0	image/300	300	1191726	nsd/23993.png
2328.41796875	0.0	image/317	317	1192150	nsd/25091.png
2329.18359375	0.0	image/275	275	1192542	nsd/22505.png
2329.97265625	0.0	image/276	276	1192946	nsd/22515.png
2331.57421875	0.0	image/256	256	1193766	nsd/21194.png
2332.396484375	0.0	image/338	338	1194187	nsd/25881.png
2333.201171875	0.0	image/267	267	1194599	nsd/21950.png
2333.990234375	0.0	image/332	332	1195003	nsd/25602.png
2334.775390625	0.0	image/284	284	1195405	nsd/22809.png
2335.572265625	0.0	image/326	326	1195813	nsd/25371.png
2336.3515625	0.0	image/259	259	1196212	nsd/21253.png
2337.158203125	0.0	image/253	253	1196625	nsd/20820.png
2337.974609375	0.0	image/330	330	1197043	nsd/25581.png
2338.80859375	0.0	image/354	354	1197470	nsd/26895.png
2339.638671875	0.0	image/327	327	1197895	nsd/25454.png
2340.458984375	0.0	image/299	299	1198315	nsd/23883.png
2341.271484375	0.0	image/357	357	1198731	nsd/26990.png
2342.09375	0.0	image/261	261	1199152	nsd/21318.png
2342.921875	0.0	image/348	348	1199576	nsd/26372.png
2343.72265625	0.0	image/313	313	1199986	nsd/24740.png
2344.509765625	0.0	image/360	360	1200389	nsd/27287.png
2345.2890625	0.0	image/256	256	1200788	nsd/21194.png
2346.111328125	0.0	image/346	346	1201209	nsd/26307.png
2346.89453125	0.0	image/315	315	1201610	nsd/24846.png
2348.51171875	0.0	image/242	242	1202438	nsd/20080.png
2349.322265625	0.0	image/253	253	1202853	nsd/20820.png
2350.107421875	0.0	image/273	273	1203255	nsd/22387.png
2350.9296875	0.0	image/303	303	1203676	nsd/24264.png
2351.74609375	0.0	image/289	289	1204094	nsd/22957.png
2352.5234375	0.0	image/306	306	1204492	nsd/24517.png
2353.330078125	0.0	image/324	324	1204905	nsd/25318.png
2354.125	0.0	image/347	347	1205312	nsd/26351.png
2354.9296875	0.0	image/318	318	1205724	nsd/25111.png
2355.71484375	0.0	image/347	347	1206126	nsd/26351.png
2356.546875	0.0	image/339	339	1206552	nsd/25906.png
2357.365234375	0.0	image/283	283	1206971	nsd/22794.png
2358.19140625	0.0	image/315	315	1207394	nsd/24846.png
2359.798828125	0.0	image/343	343	1208217	nsd/26163.png
2360.6328125	0.0	image/323	323	1208644	nsd/25287.png
2361.43359375	0.0	image/293	293	1209054	nsd/23241.png
2362.23046875	0.0	image/254	254	1209462	nsd/21108.png
2363.06640625	0.0	image/251	251	1209890	nsd/20738.png
2363.849609375	0.0	image/283	283	1210291	nsd/22794.png
2364.6328125	0.0	image/342	342	1210692	nsd/26127.png
2366.25	0.0	image/243	243	1211520	nsd/20206.png
2367.05078125	0.0	image/263	263	1211930	nsd/21526.png
2367.833984375	0.0	image/355	355	1212331	nsd/26909.png
2368.646484375	0.0	image/274	274	1212747	nsd/22495.png
2369.451171875	0.0	image/304	304	1213159	nsd/24317.png
2370.279296875	0.0	image/341	341	1213583	nsd/26119.png
2371.08203125	0.0	image/358	358	1213994	nsd/27242.png
2371.88671875	0.0	image/249	249	1214406	nsd/20650.png
2372.71484375	0.0	image/273	273	1214830	nsd/22387.png
2373.51171875	0.0	image/252	252	1215238	nsd/20777.png
2374.302734375	0.0	image/351	351	1215643	nsd/26598.png
2375.080078125	0.0	image/352	352	1216041	nsd/26720.png
2375.849609375	0.0	image/306	306	1216435	nsd/24517.png
2376.630859375	0.0	image/286	286	1216835	nsd/22873.png
2377.404296875	0.0	image/358	358	1217231	nsd/27242.png
2378.205078125	0.0	image/270	270	1217641	nsd/22143.png
2378.99609375	0.0	image/324	324	1218046	nsd/25318.png
2379.8046875	0.0	image/311	311	1218460	nsd/24649.png
2380.62109375	0.0	image/277	277	1218878	nsd/22523.png
2381.455078125	0.0	image/350	350	1219305	nsd/26458.png
2382.267578125	0.0	image/310	310	1219721	nsd/24640.png
2383.90625	0.0	image/241	241	1220560	nsd/20064.png
2384.70703125	0.0	image/318	318	1220970	nsd/25111.png
2385.490234375	0.0	image/245	245	1221371	nsd/20265.png
2386.30078125	0.0	image/294	294	1221786	nsd/23492.png
2387.12890625	0.0	image/321	321	1222210	nsd/25268.png
2387.90625	0.0	image/322	322	1222608	nsd/25284.png
2388.69140625	0.0	image/296	296	1223010	nsd/23729.png
2389.525390625	0.0	image/247	247	1223437	nsd/20442.png
2390.302734375	0.0	image/329	329	1223835	nsd/25578.png
2391.068359375	0.0	image/292	292	1224227	nsd/23036.png
2391.8828125	0.0	image/336	336	1224644	nsd/25741.png
2392.658203125	0.0	image/284	284	1225041	nsd/22809.png
2393.486328125	0.0	image/316	316	1225465	nsd/25059.png
2394.29296875	0.0	image/291	291	1225878	nsd/22993.png
2401.283203125	0.0	image/458	458	1229457	nsd/34186.png
2402.060546875	0.0	image/439	439	1229855	nsd/32771.png
2402.8828125	0.0	image/412	412	1230276	nsd/30847.png
2403.68359375	0.0	image/465	465	1230686	nsd/34850.png
2404.5	0.0	image/382	382	1231104	nsd/28595.png
2406.078125	0.0	image/462	462	1231912	nsd/34751.png
2406.900390625	0.0	image/374	374	1232333	nsd/28303.png
2407.701171875	0.0	image/453	453	1232743	nsd/33906.png
2408.498046875	0.0	image/395	395	1233151	nsd/29663.png
2409.3359375	0.0	image/428	428	1233580	nsd/31801.png
2410.12890625	0.0	image/477	477	1233986	nsd/36476.png
2410.935546875	0.0	image/419	419	1234399	nsd/31049.png
2412.5859375	0.0	image/412	412	1235244	nsd/30847.png
2413.3984375	0.0	image/424	424	1235660	nsd/31446.png
2414.21875	0.0	image/367	367	1236080	nsd/27972.png
2415.01953125	0.0	image/458	458	1236490	nsd/34186.png
2416.654296875	0.0	image/465	465	1237327	nsd/34850.png
2417.48828125	0.0	image/368	368	1237754	nsd/28024.png
2418.287109375	0.0	image/433	433	1238163	nsd/32232.png
2419.12109375	0.0	image/379	379	1238590	nsd/28418.png
2419.904296875	0.0	image/363	363	1238991	nsd/27568.png
2420.732421875	0.0	image/417	417	1239415	nsd/30954.png
2421.5234375	0.0	image/377	377	1239820	nsd/28341.png
2422.306640625	0.0	image/471	471	1240221	nsd/35752.png
2423.1328125	0.0	image/384	384	1240644	nsd/28745.png
2423.900390625	0.0	image/370	370	1241037	nsd/28096.png
2424.72265625	0.0	image/411	411	1241458	nsd/30674.png
2425.517578125	0.0	image/414	414	1241865	nsd/30887.png
2426.28515625	0.0	image/449	449	1242258	nsd/33521.png
2427.08984375	0.0	image/426	426	1242670	nsd/31747.png
2427.91796875	0.0	image/361	361	1243094	nsd/27326.png
2429.5078125	0.0	image/436	436	1243908	nsd/32625.png
2430.3359375	0.0	image/388	388	1244332	nsd/28898.png
2431.142578125	0.0	image/454	454	1244745	nsd/34068.png
2431.92578125	0.0	image/394	394	1245146	nsd/29660.png
2432.759765625	0.0	image/419	419	1245573	nsd/31049.png
2433.54296875	0.0	image/459	459	1245974	nsd/34238.png
2435.17578125	0.0	image/410	410	1246810	nsd/30672.png
2436.826171875	0.0	image/464	464	1247655	nsd/34845.png
2437.638671875	0.0	image/380	380	1248071	nsd/28487.png
2438.4609375	0.0	image/451	451	1248492	nsd/33752.png
2439.2890625	0.0	image/414	414	1248916	nsd/30887.png
2440.111328125	0.0	image/404	404	1249337	nsd/30395.png
2440.90625	0.0	image/469	469	1249744	nsd/35129.png
2441.728515625	0.0	image/460	460	1250165	nsd/34418.png
2442.529296875	0.0	image/431	431	1250575	nsd/31964.png
2443.33984375	0.0	image/418	418	1250990	nsd/31028.png
2444.146484375	0.0	image/399	399	1251403	nsd/29886.png
2444.97265625	0.0	image/397	397	1251826	nsd/29711.png
2445.7734375	0.0	image/440	440	1252236	nsd/32772.png
2446.580078125	0.0	image/371	371	1252649	nsd/28159.png
2447.390625	0.0	image/409	409	1253064	nsd/30632.png
2448.197265625	0.0	image/425	425	1253477	nsd/31659.png
2448.99609375	0.0	image/415	415	1253886	nsd/30922.png
2449.775390625	0.0	image/384	384	1254285	nsd/28745.png
2450.541015625	0.0	image/375	375	1254677	nsd/28319.png
2451.33203125	0.0	image/431	431	1255082	nsd/31964.png
2452.115234375	0.0	image/369	369	1255483	nsd/28068.png
2452.908203125	0.0	image/448	448	1255889	nsd/33289.png
2453.7109375	0.0	image/398	398	1256300	nsd/29837.png
2454.525390625	0.0	image/397	397	1256717	nsd/29711.png
2455.310546875	0.0	image/388	388	1257119	nsd/28898.png
2456.865234375	0.0	image/418	418	1257915	nsd/31028.png
2457.677734375	0.0	image/417	417	1258331	nsd/30954.png
2458.466796875	0.0	image/463	463	1258735	nsd/34829.png
2459.25	0.0	image/467	467	1259136	nsd/34975.png
2460.033203125	0.0	image/421	421	1259537	nsd/31123.png
2460.8671875	0.0	image/409	409	1259964	nsd/30632.png
2461.701171875	0.0	image/377	377	1260391	nsd/28341.png
2462.501953125	0.0	image/372	372	1260801	nsd/28189.png
2463.279296875	0.0	image/468	468	1261199	nsd/35094.png
2464.068359375	0.0	image/440	440	1261603	nsd/32772.png
2464.87890625	0.0	image/470	470	1262018	nsd/35743.png
2465.701171875	0.0	image/454	454	1262439	nsd/34068.png
2466.53125	0.0	image/372	372	1262864	nsd/28189.png
2467.353515625	0.0	image/430	430	1263285	nsd/31936.png
2468.146484375	0.0	image/366	366	1263691	nsd/27878.png
2468.94921875	0.0	image/396	396	1264102	nsd/29680.png
2469.75390625	0.0	image/403	403	1264514	nsd/30373.png
2470.580078125	0.0	image/385	385	1264937	nsd/28751.png
2471.3515625	0.0	image/444	444	1265332	nsd/33131.png
2472.1640625	0.0	image/443	443	1265748	nsd/32910.png
2472.94921875	0.0	image/410	410	1266150	nsd/30672.png
2473.75	0.0	image/396	396	1266560	nsd/29680.png
2474.56640625	0.0	image/447	447	1266978	nsd/33245.png
2475.333984375	0.0	image/428	428	1267371	nsd/31801.png
2476.099609375	0.0	image/455	455	1267763	nsd/34080.png
2476.921875	0.0	image/441	441	1268184	nsd/32857.png
2477.73828125	0.0	image/406	406	1268602	nsd/30430.png
2478.5234375	0.0	image/423	423	1269004	nsd/31349.png
2479.33984375	0.0	image/455	455	1269422	nsd/34080.png
2480.16796875	0.0	image/439	439	1269846	nsd/32771.png
2480.984375	0.0	image/441	441	1270264	nsd/32857.png
2481.767578125	0.0	image/468	468	1270665	nsd/35094.png
2482.58984375	0.0	image/416	416	1271086	nsd/30935.png
2483.375	0.0	image/399	399	1271488	nsd/29886.png
2484.15234375	0.0	image/381	381	1271886	nsd/28524.png
2484.935546875	0.0	image/365	365	1272287	nsd/27830.png
2485.7421875	0.0	image/378	378	1272700	nsd/28349.png
2486.541015625	0.0	image/452	452	1273109	nsd/33813.png
2487.357421875	0.0	image/405	405	1273527	nsd/30407.png
2488.19140625	0.0	image/426	426	1273954	nsd/31747.png
2489.025390625	0.0	image/408	408	1274381	nsd/30601.png
2489.826171875	0.0	image/363	363	1274791	nsd/27568.png
2490.619140625	0.0	image/406	406	1275197	nsd/30430.png
2491.443359375	0.0	image/480	480	1275619	nsd/36623.png
2492.224609375	0.0	image/364	364	1276019	nsd/27580.png
2493.021484375	0.0	image/374	374	1276427	nsd/28303.png
2493.810546875	0.0	image/442	442	1276831	nsd/32891.png
2494.638671875	0.0	image/466	466	1277255	nsd/34874.png
2495.44140625	0.0	image/480	480	1277666	nsd/36623.png
2497.060546875	0.0	image/456	456	1278495	nsd/34089.png
2498.662109375	0.0	image/456	456	1279315	nsd/34089.png
2499.4453125	0.0	image/401	401	1279716	nsd/29980.png
2500.26171875	0.0	image/437	437	1280134	nsd/32643.png
2501.046875	0.0	image/461	461	1280536	nsd/34603.png
2501.859375	0.0	image/365	365	1280952	nsd/27830.png
2502.6796875	0.0	image/476	476	1281372	nsd/36258.png
2503.48046875	0.0	image/387	387	1281782	nsd/28788.png
2504.296875	0.0	image/362	362	1282200	nsd/27435.png
2505.080078125	0.0	image/389	389	1282601	nsd/28963.png
2505.892578125	0.0	image/447	447	1283017	nsd/33245.png
2506.697265625	0.0	image/402	402	1283429	nsd/30081.png
2508.33203125	0.0	image/452	452	1284266	nsd/33813.png
2509.158203125	0.0	image/437	437	1284689	nsd/32643.png
2510.783203125	0.0	image/477	477	1285521	nsd/36476.png
2511.578125	0.0	image/392	392	1285928	nsd/29381.png
2513.216796875	0.0	image/423	423	1286767	nsd/31349.png
2514.0	0.0	image/442	442	1287168	nsd/32891.png
2514.783203125	0.0	image/443	443	1287569	nsd/32910.png
2515.5625	0.0	image/471	471	1287968	nsd/35752.png
2516.380859375	0.0	image/416	416	1288387	nsd/30935.png
2518.001953125	0.0	image/385	385	1289217	nsd/28751.png
2518.78515625	0.0	image/391	391	1289618	nsd/29021.png
2520.369140625	0.0	image/470	470	1290429	nsd/35743.png
2521.185546875	0.0	image/457	457	1290847	nsd/34126.png
2522.001953125	0.0	image/445	445	1291265	nsd/33171.png
2522.802734375	0.0	image/361	361	1291675	nsd/27326.png
2523.619140625	0.0	image/364	364	1292093	nsd/27580.png
2524.4140625	0.0	image/421	421	1292500	nsd/31123.png
2525.220703125	0.0	image/457	457	1292913	nsd/34126.png
2526.03125	0.0	image/434	434	1293328	nsd/32303.png
2526.83203125	0.0	image/424	424	1293738	nsd/31446.png
2527.63671875	0.0	image/476	476	1294150	nsd/36258.png
2528.46484375	0.0	image/444	444	1294574	nsd/33131.png
2529.271484375	0.0	image/381	381	1294987	nsd/28524.png
2530.087890625	0.0	image/403	403	1295405	nsd/30373.png
2530.904296875	0.0	image/366	366	1295823	nsd/27878.png
2532.505859375	0.0	image/379	379	1296643	nsd/28418.png
2533.33984375	0.0	image/479	479	1297070	nsd/36576.png
2534.138671875	0.0	image/370	370	1297479	nsd/28096.png
2534.95703125	0.0	image/368	368	1297898	nsd/28024.png
2536.57421875	0.0	image/469	469	1298726	nsd/35129.png
2537.373046875	0.0	image/369	369	1299135	nsd/28068.png
2538.15625	0.0	image/362	362	1299536	nsd/27435.png
2539.82421875	0.0	image/450	450	1300390	nsd/33543.png
2540.640625	0.0	image/446	446	1300808	nsd/33189.png
2541.453125	0.0	image/466	466	1301224	nsd/34874.png
2542.275390625	0.0	image/411	411	1301645	nsd/30674.png
2543.091796875	0.0	image/383	383	1302063	nsd/28689.png
2544.693359375	0.0	image/446	446	1302883	nsd/33189.png
2546.2421875	0.0	image/432	432	1303676	nsd/32053.png
2547.021484375	0.0	image/445	445	1304075	nsd/33171.png
2547.826171875	0.0	image/422	422	1304487	nsd/31233.png
2548.65625	0.0	image/438	438	1304912	nsd/32716.png
2549.421875	0.0	image/387	387	1305304	nsd/28788.png
2550.2265625	0.0	image/420	420	1305716	nsd/31064.png
2551.005859375	0.0	image/392	392	1306115	nsd/29381.png
2551.806640625	0.0	image/478	478	1306525	nsd/36569.png
2552.578125	0.0	image/433	433	1306920	nsd/32232.png
2553.37890625	0.0	image/474	474	1307330	nsd/35986.png
2554.15625	0.0	image/394	394	1307728	nsd/29660.png
2554.958984375	0.0	image/429	429	1308139	nsd/31837.png
2555.779296875	0.0	image/425	425	1308559	nsd/31659.png
2556.591796875	0.0	image/386	386	1308975	nsd/28755.png
2557.388671875	0.0	image/405	405	1309383	nsd/30407.png
2558.1640625	0.0	image/462	462	1309780	nsd/34751.png
2558.94140625	0.0	image/438	438	1310178	nsd/32716.png
2559.740234375	0.0	image/467	467	1310587	nsd/34975.png
2560.53125	0.0	image/404	404	1310992	nsd/30395.png
2561.357421875	0.0	image/435	435	1311415	nsd/32307.png
2562.181640625	0.0	image/478	478	1311837	nsd/36569.png
2562.9921875	0.0	image/398	398	1312252	nsd/29837.png
2563.810546875	0.0	image/453	453	1312671	nsd/33906.png
2564.611328125	0.0	image/427	427	1313081	nsd/31782.png
2565.392578125	0.0	image/373	373	1313481	nsd/28286.png
2566.166015625	0.0	image/389	389	1313877	nsd/28963.png
2567.765625	0.0	image/413	413	1314696	nsd/30856.png
2568.578125	0.0	image/371	371	1315112	nsd/28159.png
2569.3671875	0.0	image/434	434	1315516	nsd/32303.png
2570.181640625	0.0	image/448	448	1315933	nsd/33289.png
2570.978515625	0.0	image/461	461	1316341	nsd/34603.png
2571.75	0.0	image/463	463	1316736	nsd/34829.png
2572.533203125	0.0	image/383	383	1317137	nsd/28689.png
2574.1171875	0.0	image/427	427	1317948	nsd/31782.png
2574.90234375	0.0	image/451	451	1318350	nsd/33752.png
2575.71875	0.0	image/380	380	1318768	nsd/28487.png
2576.529296875	0.0	image/386	386	1319183	nsd/28755.png
2577.33203125	0.0	image/376	376	1319594	nsd/28325.png
2578.130859375	0.0	image/400	400	1320003	nsd/29919.png
2578.935546875	0.0	image/449	449	1320415	nsd/33521.png
2579.748046875	0.0	image/475	475	1320831	nsd/36067.png
2580.53125	0.0	image/472	472	1321232	nsd/35790.png
2581.296875	0.0	image/420	420	1321624	nsd/31064.png
2582.087890625	0.0	image/429	429	1322029	nsd/31837.png
2582.8984375	0.0	image/422	422	1322444	nsd/31233.png
2583.720703125	0.0	image/450	450	1322865	nsd/33543.png
2584.515625	0.0	image/376	376	1323272	nsd/28325.png
2585.298828125	0.0	image/393	393	1323673	nsd/29568.png
2586.06640625	0.0	image/378	378	1324066	nsd/28349.png
2586.837890625	0.0	image/472	472	1324461	nsd/35790.png
2587.62109375	0.0	image/459	459	1324862	nsd/34238.png
2588.44921875	0.0	image/395	395	1325286	nsd/29663.png
2589.2734375	0.0	image/460	460	1325708	nsd/34418.png
2590.083984375	0.0	image/408	408	1326123	nsd/30601.png
2590.90625	0.0	image/432	432	1326544	nsd/32053.png
2591.70703125	0.0	image/375	375	1326954	nsd/28319.png
2592.5234375	0.0	image/475	475	1327372	nsd/36067.png
2593.333984375	0.0	image/413	413	1327787	nsd/30856.png
2594.890625	0.0	image/464	464	1328584	nsd/34845.png
2595.69140625	0.0	image/407	407	1328994	nsd/30563.png
2596.501953125	0.0	image/430	430	1329409	nsd/31936.png
2597.318359375	0.0	image/390	390	1329827	nsd/29010.png
2598.154296875	0.0	image/402	402	1330255	nsd/30081.png
2598.974609375	0.0	image/401	401	1330675	nsd/29980.png
2600.55859375	0.0	image/436	436	1331486	nsd/32625.png
2601.376953125	0.0	image/435	435	1331905	nsd/32307.png
2602.17578125	0.0	image/473	473	1332314	nsd/35798.png
2602.966796875	0.0	image/415	415	1332719	nsd/30922.png
2603.73828125	0.0	image/407	407	1333114	nsd/30563.png
2604.52734375	0.0	image/373	373	1333518	nsd/28286.png
2605.322265625	0.0	image/391	391	1333925	nsd/29021.png
2606.138671875	0.0	image/479	479	1334343	nsd/36576.png
2606.9453125	0.0	image/474	474	1334756	nsd/35986.png
2607.728515625	0.0	image/390	390	1335157	nsd/29010.png
2608.51171875	0.0	image/367	367	1335558	nsd/27972.png
2609.345703125	0.0	image/382	382	1335985	nsd/28595.png
2610.123046875	0.0	image/473	473	1336383	nsd/35798.png
2611.6796875	0.0	image/393	393	1337180	nsd/29568.png
2612.462890625	0.0	image/400	400	1337581	nsd/29919.png
2619.69140625	0.0	image/580	580	1341282	nsd/43250.png
2620.486328125	0.0	image/594	594	1341689	nsd/43950.png
2621.2734375	0.0	image/544	544	1342092	nsd/41137.png
2622.07421875	0.0	image/496	496	1342502	nsd/37801.png
2622.857421875	0.0	image/561	561	1342903	nsd/42224.png
2623.63671875	0.0	image/568	568	1343302	nsd/42697.png
2624.44140625	0.0	image/523	523	1343714	nsd/39547.png
2625.236328125	0.0	image/597	597	1344121	nsd/44097.png
2626.05859375	0.0	image/557	557	1344542	nsd/42126.png
2626.873046875	0.0	image/510	510	1344959	nsd/38794.png
2627.669921875	0.0	image/589	589	1345367	nsd/43689.png
2628.4921875	0.0	image/545	545	1345788	nsd/41162.png
2629.322265625	0.0	image/514	514	1346213	nsd/38978.png
2630.126953125	0.0	image/593	593	1346625	nsd/43852.png
2630.9609375	0.0	image/564	564	1347052	nsd/42473.png
2631.79296875	0.0	image/487	487	1347478	nsd/36974.png
2632.587890625	0.0	image/533	533	1347885	nsd/40770.png
2634.2109375	0.0	image/569	569	1348716	nsd/42781.png
2635.0078125	0.0	image/571	571	1349124	nsd/42912.png
2635.8125	0.0	image/533	533	1349536	nsd/40770.png
2636.623046875	0.0	image/497	497	1349951	nsd/37927.png
2637.4453125	0.0	image/527	527	1350372	nsd/40153.png
2638.240234375	0.0	image/482	482	1350779	nsd/36682.png
2639.025390625	0.0	image/516	516	1351181	nsd/39058.png
2640.6640625	0.0	image/559	559	1352020	nsd/42171.png
2641.490234375	0.0	image/504	504	1352443	nsd/38310.png
2642.296875	0.0	image/542	542	1352856	nsd/41097.png
2643.130859375	0.0	image/560	560	1353283	nsd/42214.png
2643.958984375	0.0	image/549	549	1353707	nsd/41623.png
2644.748046875	0.0	image/572	572	1354111	nsd/42946.png
2645.54296875	0.0	image/576	576	1354518	nsd/43157.png
2646.34375	0.0	image/590	590	1354928	nsd/43746.png
2647.1328125	0.0	image/539	539	1355332	nsd/40935.png
2647.9609375	0.0	image/600	600	1355756	nsd/44144.png
2648.748046875	0.0	image/491	491	1356159	nsd/37224.png
2650.400390625	0.0	image/522	522	1357005	nsd/39509.png
2651.216796875	0.0	image/531	531	1357423	nsd/40575.png
2652.044921875	0.0	image/524	524	1357847	nsd/39553.png
2652.849609375	0.0	image/528	528	1358259	nsd/40235.png
2653.6328125	0.0	image/588	588	1358660	nsd/43675.png
2654.466796875	0.0	image/543	543	1359087	nsd/41116.png
2655.28515625	0.0	image/484	484	1359506	nsd/36759.png
2656.1171875	0.0	image/563	563	1359932	nsd/42299.png
2656.90234375	0.0	image/532	532	1360334	nsd/40721.png
2657.6796875	0.0	image/579	579	1360732	nsd/43224.png
2658.46875	0.0	image/499	499	1361136	nsd/38025.png
2659.28515625	0.0	image/579	579	1361554	nsd/43224.png
2660.0859375	0.0	image/537	537	1361964	nsd/40920.png
2660.919921875	0.0	image/550	550	1362391	nsd/41653.png
2662.51953125	0.0	image/578	578	1363210	nsd/43164.png
2663.353515625	0.0	image/563	563	1363637	nsd/42299.png
2664.169921875	0.0	image/486	486	1364055	nsd/36945.png
2665.75390625	0.0	image/498	498	1364866	nsd/38022.png
2666.587890625	0.0	image/488	488	1365293	nsd/36978.png
2668.205078125	0.0	image/581	581	1366121	nsd/43288.png
2669.005859375	0.0	image/594	594	1366531	nsd/43950.png
2669.798828125	0.0	image/551	551	1366937	nsd/41710.png
2670.619140625	0.0	image/518	518	1367357	nsd/39289.png
2671.40625	0.0	image/546	546	1367760	nsd/41482.png
2673.04296875	0.0	image/517	517	1368598	nsd/39095.png
2673.833984375	0.0	image/513	513	1369003	nsd/38853.png
2674.623046875	0.0	image/521	521	1369407	nsd/39402.png
2675.45703125	0.0	image/501	501	1369834	nsd/38246.png
2676.2578125	0.0	image/592	592	1370244	nsd/43820.png
2677.037109375	0.0	image/577	577	1370643	nsd/43159.png
2677.82421875	0.0	image/570	570	1371046	nsd/42851.png
2678.603515625	0.0	image/586	586	1371445	nsd/43500.png
2679.404296875	0.0	image/500	500	1371855	nsd/38060.png
2680.224609375	0.0	image/562	562	1372275	nsd/42238.png
2681.01953125	0.0	image/574	574	1372682	nsd/43107.png
2681.837890625	0.0	image/536	536	1373101	nsd/40909.png
2682.609375	0.0	image/508	508	1373496	nsd/38494.png
2683.392578125	0.0	image/499	499	1373897	nsd/38025.png
2684.224609375	0.0	image/484	484	1374323	nsd/36759.png
2685.009765625	0.0	image/542	542	1374725	nsd/41097.png
2685.79296875	0.0	image/525	525	1375126	nsd/39841.png
2686.5703125	0.0	image/582	582	1375524	nsd/43428.png
2687.357421875	0.0	image/490	490	1375927	nsd/37221.png
2688.177734375	0.0	image/544	544	1376347	nsd/41137.png
2689.0078125	0.0	image/481	481	1376772	nsd/36629.png
2689.77734375	0.0	image/513	513	1377166	nsd/38853.png
2690.595703125	0.0	image/528	528	1377585	nsd/40235.png
2692.14453125	0.0	image/581	581	1378378	nsd/43288.png
2692.955078125	0.0	image/541	541	1378793	nsd/41056.png
2693.72265625	0.0	image/598	598	1379186	nsd/44107.png
2694.48828125	0.0	image/566	566	1379578	nsd/42642.png
2696.11328125	0.0	image/504	504	1380410	nsd/38310.png
2697.712890625	0.0	image/502	502	1381229	nsd/38278.png
2698.525390625	0.0	image/587	587	1381645	nsd/43619.png
2699.296875	0.0	image/529	529	1382040	nsd/40423.png
2700.130859375	0.0	image/567	567	1382467	nsd/42648.png
2700.92578125	0.0	image/497	497	1382874	nsd/37927.png
2701.7265625	0.0	image/481	481	1383284	nsd/36629.png
2702.498046875	0.0	image/503	503	1383679	nsd/38297.png
2703.28125	0.0	image/554	554	1384080	nsd/41927.png
2704.09375	0.0	image/518	518	1384496	nsd/39289.png
2705.68359375	0.0	image/531	531	1385310	nsd/40575.png
2706.4609375	0.0	image/538	538	1385708	nsd/40924.png
2707.2265625	0.0	image/507	507	1386100	nsd/38486.png
2708.015625	0.0	image/568	568	1386504	nsd/42697.png
2709.650390625	0.0	image/535	535	1387341	nsd/40846.png
2710.478515625	0.0	image/592	592	1387765	nsd/43820.png
2712.05078125	0.0	image/596	596	1388570	nsd/44052.png
2712.87890625	0.0	image/519	519	1388994	nsd/39298.png
2714.484375	0.0	image/534	534	1389816	nsd/40840.png
2715.318359375	0.0	image/498	498	1390243	nsd/38022.png
2716.09765625	0.0	image/600	600	1390642	nsd/44144.png
2716.90234375	0.0	image/545	545	1391054	nsd/41162.png
2717.703125	0.0	image/585	585	1391464	nsd/43465.png
2718.537109375	0.0	image/494	494	1391891	nsd/37608.png
2719.34765625	0.0	image/523	523	1392306	nsd/39547.png
2720.13671875	0.0	image/575	575	1392710	nsd/43156.png
2720.96484375	0.0	image/521	521	1393134	nsd/39402.png
2721.73828125	0.0	image/583	583	1393530	nsd/43429.png
2722.5546875	0.0	image/553	553	1393948	nsd/41814.png
2723.37109375	0.0	image/539	539	1394366	nsd/40935.png
2724.16796875	0.0	image/527	527	1394774	nsd/40153.png
2724.97265625	0.0	image/576	576	1395186	nsd/43157.png
2725.7890625	0.0	image/552	552	1395604	nsd/41778.png
2726.623046875	0.0	image/546	546	1396031	nsd/41482.png
2727.451171875	0.0	image/506	506	1396455	nsd/38483.png
2728.255859375	0.0	image/515	515	1396867	nsd/39047.png
2729.056640625	0.0	image/536	536	1397277	nsd/40909.png
2729.8359375	0.0	image/511	511	1397676	nsd/38817.png
2731.423828125	0.0	image/511	511	1398489	nsd/38817.png
2732.974609375	0.0	image/551	551	1399283	nsd/41710.png
2734.625	0.0	image/549	549	1400128	nsd/41623.png
2735.42578125	0.0	image/589	589	1400538	nsd/43689.png
2736.21875	0.0	image/488	488	1400944	nsd/36978.png
2737.0234375	0.0	image/493	493	1401356	nsd/37494.png
2737.841796875	0.0	image/562	562	1401775	nsd/42238.png
2738.63671875	0.0	image/495	495	1402182	nsd/37736.png
2739.404296875	0.0	image/565	565	1402575	nsd/42563.png
2740.2265625	0.0	image/520	520	1402996	nsd/39369.png
2741.021484375	0.0	image/564	564	1403403	nsd/42473.png
2741.826171875	0.0	image/575	575	1403815	nsd/43156.png
2742.66015625	0.0	image/492	492	1404242	nsd/37436.png
2743.4375	0.0	image/541	541	1404640	nsd/41056.png
2744.20703125	0.0	image/485	485	1405034	nsd/36910.png
2744.994140625	0.0	image/570	570	1405437	nsd/42851.png
2746.595703125	0.0	image/573	573	1406257	nsd/42980.png
2747.39453125	0.0	image/509	509	1406666	nsd/38641.png
2748.189453125	0.0	image/492	492	1407073	nsd/37436.png
2748.99609375	0.0	image/489	489	1407486	nsd/37059.png
2749.806640625	0.0	image/599	599	1407901	nsd/44138.png
2750.595703125	0.0	image/590	590	1408305	nsd/43746.png
2751.376953125	0.0	image/547	547	1408705	nsd/41566.png
2752.1640625	0.0	image/548	548	1409108	nsd/41574.png
2752.95703125	0.0	image/557	557	1409514	nsd/42126.png
2753.724609375	0.0	image/540	540	1409907	nsd/40979.png
2754.4921875	0.0	image/582	582	1410300	nsd/43428.png
2755.314453125	0.0	image/560	560	1410721	nsd/42214.png
2756.109375	0.0	image/522	522	1411128	nsd/39509.png
2757.71484375	0.0	image/535	535	1411950	nsd/40846.png
2758.4921875	0.0	image/514	514	1412348	nsd/38978.png
2759.314453125	0.0	image/559	559	1412769	nsd/42171.png
2760.1328125	0.0	image/540	540	1413188	nsd/40979.png
2760.96484375	0.0	image/530	530	1413614	nsd/40548.png
2761.75	0.0	image/556	556	1414016	nsd/42007.png
2762.560546875	0.0	image/555	555	1414431	nsd/41934.png
2763.3671875	0.0	image/543	543	1414844	nsd/41116.png
2764.18359375	0.0	image/547	547	1415262	nsd/41566.png
2764.966796875	0.0	image/503	503	1415663	nsd/38297.png
2765.783203125	0.0	image/565	565	1416081	nsd/42563.png
2766.5625	0.0	image/553	553	1416480	nsd/41814.png
2767.36328125	0.0	image/505	505	1416890	nsd/38358.png
2768.15234375	0.0	image/529	529	1417294	nsd/40423.png
2768.96875	0.0	image/584	584	1417712	nsd/43445.png
2769.74609375	0.0	image/572	572	1418110	nsd/42946.png
2770.568359375	0.0	image/515	515	1418531	nsd/39047.png
2771.3515625	0.0	image/517	517	1418932	nsd/39095.png
2772.146484375	0.0	image/516	516	1419339	nsd/39058.png
2772.96875	0.0	image/506	506	1419760	nsd/38483.png
2773.763671875	0.0	image/526	526	1420167	nsd/39997.png
2774.53125	0.0	image/578	578	1420560	nsd/43164.png
2775.3203125	0.0	image/487	487	1420964	nsd/36974.png
2776.12109375	0.0	image/574	574	1421374	nsd/43107.png
2776.8984375	0.0	image/595	595	1421772	nsd/43984.png
2777.69921875	0.0	image/566	566	1422182	nsd/42642.png
2778.48828125	0.0	image/502	502	1422586	nsd/38278.png
2779.298828125	0.0	image/584	584	1423001	nsd/43445.png
2780.099609375	0.0	image/583	583	1423411	nsd/43429.png
2780.904296875	0.0	image/496	496	1423823	nsd/37801.png
2781.689453125	0.0	image/507	507	1424225	nsd/38486.png
2782.5234375	0.0	image/512	512	1424652	nsd/38829.png
2783.306640625	0.0	image/508	508	1425053	nsd/38494.png
2784.08984375	0.0	image/494	494	1425454	nsd/37608.png
2784.90625	0.0	image/500	500	1425872	nsd/38060.png
2785.689453125	0.0	image/571	571	1426273	nsd/42912.png
2786.5078125	0.0	image/501	501	1426692	nsd/38246.png
2787.28515625	0.0	image/555	555	1427090	nsd/41934.png
2788.890625	0.0	image/588	588	1427912	nsd/43675.png
2789.708984375	0.0	image/485	485	1428331	nsd/36910.png
2790.4921875	0.0	image/519	519	1428732	nsd/39298.png
2791.26953125	0.0	image/520	520	1429130	nsd/39369.png
2792.07421875	0.0	image/573	573	1429542	nsd/42980.png
2792.859375	0.0	image/580	580	1429944	nsd/43250.png
2793.63671875	0.0	image/534	534	1430342	nsd/40840.png
2794.455078125	0.0	image/558	558	1430761	nsd/42166.png
2795.275390625	0.0	image/556	556	1431181	nsd/42007.png
2796.072265625	0.0	image/524	524	1431589	nsd/39553.png
2796.85546875	0.0	image/599	599	1431990	nsd/44138.png
2797.66015625	0.0	image/587	587	1432402	nsd/43619.png
2798.439453125	0.0	image/532	532	1432801	nsd/40721.png
2799.255859375	0.0	image/567	567	1433219	nsd/42648.png
2800.060546875	0.0	image/569	569	1433631	nsd/42781.png
2800.83984375	0.0	image/489	489	1434030	nsd/37059.png
2801.623046875	0.0	image/482	482	1434431	nsd/36682.png
2802.39453125	0.0	image/596	596	1434826	nsd/44052.png
2803.2109375	0.0	image/495	495	1435244	nsd/37736.png
2804.01171875	0.0	image/558	558	1435654	nsd/42166.png
2805.61328125	0.0	image/591	591	1436474	nsd/43818.png
2806.42578125	0.0	image/585	585	1436890	nsd/43465.png
2807.23046875	0.0	image/595	595	1437302	nsd/43984.png
2808.046875	0.0	image/490	490	1437720	nsd/37221.png
2808.84765625	0.0	image/561	561	1438130	nsd/42224.png
2809.646484375	0.0	image/510	510	1438539	nsd/38794.png
2810.447265625	0.0	image/483	483	1438949	nsd/36731.png
2811.23046875	0.0	image/486	486	1439350	nsd/36945.png
2812.013671875	0.0	image/591	591	1439751	nsd/43818.png
2812.814453125	0.0	image/530	530	1440161	nsd/40548.png
2813.62890625	0.0	image/552	552	1440578	nsd/41778.png
2814.443359375	0.0	image/537	537	1440995	nsd/40920.png
2815.2265625	0.0	image/598	598	1441396	nsd/44107.png
2816.81640625	0.0	image/525	525	1442210	nsd/39841.png
2817.6484375	0.0	image/577	577	1442636	nsd/43159.png
2818.44921875	0.0	image/550	550	1443046	nsd/41653.png
2819.232421875	0.0	image/491	491	1443447	nsd/37224.png
2820.02734375	0.0	image/505	505	1443854	nsd/38358.png
2820.833984375	0.0	image/509	509	1444267	nsd/38641.png
2821.66796875	0.0	image/548	548	1444694	nsd/41574.png
2822.484375	0.0	image/483	483	1445112	nsd/36731.png
2823.294921875	0.0	image/493	493	1445527	nsd/37494.png
2824.1171875	0.0	image/597	597	1445948	nsd/44097.png
2824.90234375	0.0	image/512	512	1446350	nsd/38829.png
2826.53515625	0.0	image/554	554	1447186	nsd/41927.png
2827.345703125	0.0	image/538	538	1447601	nsd/40924.png
2828.15234375	0.0	image/593	593	1448014	nsd/43852.png
2828.982421875	0.0	image/586	586	1448439	nsd/43500.png
2829.75390625	0.0	image/526	526	1448834	nsd/39997.png
2837.353515625	0.0	image/644	644	1452725	nsd/46861.png
2838.125	0.0	image/710	710	1453120	nsd/51965.png
2838.935546875	0.0	image/670	670	1453535	nsd/48681.png
2839.705078125	0.0	image/612	612	1453929	nsd/44980.png
2840.509765625	0.0	image/671	671	1454341	nsd/48802.png
2841.29296875	0.0	image/627	627	1454742	nsd/46036.png
2842.125	0.0	image/614	614	1455168	nsd/45213.png
2842.919921875	0.0	image/692	692	1455575	nsd/50653.png
2843.703125	0.0	image/703	703	1455976	nsd/51185.png
2844.52734375	0.0	image/694	694	1456398	nsd/50755.png
2845.3203125	0.0	image/631	631	1456804	nsd/46160.png
2846.12109375	0.0	image/609	609	1457214	nsd/44736.png
2846.921875	0.0	image/708	708	1457624	nsd/51907.png
2847.693359375	0.0	image/699	699	1458019	nsd/51062.png
2848.505859375	0.0	image/633	633	1458435	nsd/46321.png
2849.310546875	0.0	image/646	646	1458847	nsd/47070.png
2850.12890625	0.0	image/701	701	1459266	nsd/51148.png
2850.9609375	0.0	image/706	706	1459692	nsd/51788.png
2851.76171875	0.0	image/713	713	1460102	nsd/52070.png
2853.37890625	0.0	image/707	707	1460930	nsd/51843.png
2854.15625	0.0	image/690	690	1461328	nsd/50170.png
2854.947265625	0.0	image/681	681	1461733	nsd/49731.png
2855.74609375	0.0	image/694	694	1462142	nsd/50755.png
2856.53125	0.0	image/705	705	1462544	nsd/51745.png
2857.30859375	0.0	image/686	686	1462942	nsd/49969.png
2858.080078125	0.0	image/628	628	1463337	nsd/46101.png
2858.880859375	0.0	image/655	655	1463747	nsd/47614.png
2859.708984375	0.0	image/664	664	1464171	nsd/48508.png
2860.515625	0.0	image/697	697	1464584	nsd/51051.png
2861.298828125	0.0	image/666	666	1464985	nsd/48617.png
2862.091796875	0.0	image/700	700	1465391	nsd/51077.png
2862.8984375	0.0	image/678	678	1465804	nsd/49466.png
2863.681640625	0.0	image/635	635	1466205	nsd/46380.png
2864.515625	0.0	image/660	660	1466632	nsd/48374.png
2865.31640625	0.0	image/620	620	1467042	nsd/45837.png
2866.8828125	0.0	image/714	714	1467844	nsd/52216.png
2867.716796875	0.0	image/608	608	1468271	nsd/44729.png
2869.318359375	0.0	image/654	654	1469091	nsd/47600.png
2870.150390625	0.0	image/713	713	1469517	nsd/52070.png
2870.927734375	0.0	image/659	659	1469915	nsd/48260.png
2871.751953125	0.0	image/636	636	1470337	nsd/46460.png
2872.5859375	0.0	image/658	658	1470764	nsd/48157.png
2873.36328125	0.0	image/617	617	1471162	nsd/45632.png
2874.185546875	0.0	image/630	630	1471583	nsd/46150.png
2875.751953125	0.0	image/660	660	1472385	nsd/48374.png
2876.537109375	0.0	image/643	643	1472787	nsd/46835.png
2877.3203125	0.0	image/616	616	1473188	nsd/45595.png
2878.1484375	0.0	image/672	672	1473612	nsd/48832.png
2878.953125	0.0	image/615	615	1474024	nsd/45356.png
2879.73046875	0.0	image/674	674	1474422	nsd/49076.png
2880.521484375	0.0	image/611	611	1474827	nsd/44971.png
2882.1875	0.0	image/646	646	1475680	nsd/47070.png
2883.00390625	0.0	image/663	663	1476098	nsd/48422.png
2883.783203125	0.0	image/674	674	1476497	nsd/49076.png
2884.587890625	0.0	image/625	625	1476909	nsd/45999.png
2885.373046875	0.0	image/632	632	1477311	nsd/46274.png
2886.205078125	0.0	image/720	720	1477737	nsd/52554.png
2887.822265625	0.0	image/701	701	1478565	nsd/51148.png
2888.6171875	0.0	image/647	647	1478972	nsd/47099.png
2889.40625	0.0	image/708	708	1479376	nsd/51907.png
2890.189453125	0.0	image/636	636	1479777	nsd/46460.png
2891.00390625	0.0	image/652	652	1480194	nsd/47408.png
2891.791015625	0.0	image/691	691	1480597	nsd/50500.png
2893.375	0.0	image/624	624	1481408	nsd/45982.png
2894.154296875	0.0	image/613	613	1481807	nsd/45129.png
2894.974609375	0.0	image/616	616	1482227	nsd/45595.png
2895.783203125	0.0	image/685	685	1482641	nsd/49957.png
2896.5546875	0.0	image/673	673	1483036	nsd/48839.png
2897.375	0.0	image/633	633	1483456	nsd/46321.png
2898.205078125	0.0	image/626	626	1483881	nsd/46002.png
2899.02734375	0.0	image/683	683	1484302	nsd/49944.png
2899.822265625	0.0	image/629	629	1484709	nsd/46136.png
2901.41015625	0.0	image/704	704	1485522	nsd/51521.png
2902.205078125	0.0	image/639	639	1485929	nsd/46523.png
2902.97265625	0.0	image/602	602	1486322	nsd/44324.png
2903.794921875	0.0	image/696	696	1486743	nsd/50882.png
2904.595703125	0.0	image/611	611	1487153	nsd/44971.png
2905.412109375	0.0	image/667	667	1487571	nsd/48618.png
2906.24609375	0.0	image/712	712	1487998	nsd/51988.png
2907.078125	0.0	image/627	627	1488424	nsd/46036.png
2907.87890625	0.0	image/642	642	1488834	nsd/46806.png
2908.662109375	0.0	image/647	647	1489235	nsd/47099.png
2909.462890625	0.0	image/603	603	1489645	nsd/44339.png
2911.080078125	0.0	image/715	715	1490473	nsd/52302.png
2911.9140625	0.0	image/696	696	1490900	nsd/50882.png
2912.712890625	0.0	image/649	649	1491309	nsd/47290.png
2913.53125	0.0	image/710	710	1491728	nsd/51965.png
2914.314453125	0.0	image/655	655	1492129	nsd/47614.png
2915.091796875	0.0	image/669	669	1492527	nsd/48679.png
2915.8984375	0.0	image/689	689	1492940	nsd/50114.png
2916.7109375	0.0	image/719	719	1493356	nsd/52527.png
2918.349609375	0.0	image/706	706	1494195	nsd/51788.png
2919.14453125	0.0	image/609	609	1494602	nsd/44736.png
2920.794921875	0.0	image/704	704	1495447	nsd/51521.png
2921.599609375	0.0	image/702	702	1495859	nsd/51171.png
2922.412109375	0.0	image/650	650	1496275	nsd/47293.png
2923.234375	0.0	image/676	676	1496696	nsd/49156.png
2924.02734375	0.0	image/634	634	1497102	nsd/46372.png
2924.833984375	0.0	image/621	621	1497515	nsd/45843.png
2925.615234375	0.0	image/686	686	1497915	nsd/49969.png
2926.4296875	0.0	image/699	699	1498332	nsd/51062.png
2927.251953125	0.0	image/637	637	1498753	nsd/46462.png
2928.046875	0.0	image/628	628	1499160	nsd/46101.png
2928.8359375	0.0	image/604	604	1499564	nsd/44369.png
2929.634765625	0.0	image/608	608	1499973	nsd/44729.png
2930.419921875	0.0	image/697	697	1500375	nsd/51051.png
2931.251953125	0.0	image/720	720	1500801	nsd/52554.png
2932.03125	0.0	image/649	649	1501200	nsd/47290.png
2932.830078125	0.0	image/640	640	1501609	nsd/46642.png
2933.603515625	0.0	image/622	622	1502005	nsd/45945.png
2934.380859375	0.0	image/717	717	1502403	nsd/52375.png
2935.98828125	0.0	image/653	653	1503226	nsd/47598.png
2936.783203125	0.0	image/656	656	1503633	nsd/47656.png
2937.587890625	0.0	image/622	622	1504045	nsd/45945.png
2938.384765625	0.0	image/670	670	1504453	nsd/48681.png
2939.146484375	0.0	image/682	682	1504843	nsd/49923.png
2939.916015625	0.0	image/675	675	1505237	nsd/49152.png
2940.73828125	0.0	image/630	630	1505658	nsd/46150.png
2941.537109375	0.0	image/644	644	1506067	nsd/46861.png
2942.35546875	0.0	image/634	634	1506486	nsd/46372.png
2943.138671875	0.0	image/641	641	1506887	nsd/46661.png
2943.95703125	0.0	image/707	707	1507306	nsd/51843.png
2944.791015625	0.0	image/690	690	1507733	nsd/50170.png
2945.607421875	0.0	image/685	685	1508151	nsd/49957.png
2946.44140625	0.0	image/683	683	1508578	nsd/49944.png
2947.234375	0.0	image/680	680	1508984	nsd/49622.png
2948.025390625	0.0	image/662	662	1509389	nsd/48393.png
2948.8203125	0.0	image/623	623	1509796	nsd/45981.png
2949.6015625	0.0	image/657	657	1510196	nsd/47687.png
2950.404296875	0.0	image/661	661	1510607	nsd/48379.png
2951.19140625	0.0	image/654	654	1511010	nsd/47600.png
2952.76953125	0.0	image/700	700	1511818	nsd/51077.png
2953.576171875	0.0	image/645	645	1512231	nsd/47033.png
2954.359375	0.0	image/625	625	1512632	nsd/45999.png
2955.158203125	0.0	image/617	617	1513041	nsd/45632.png
2955.943359375	0.0	image/675	675	1513443	nsd/49152.png
2956.7265625	0.0	image/684	684	1513844	nsd/49955.png
2957.52734375	0.0	image/679	679	1514254	nsd/49480.png
2958.361328125	0.0	image/684	684	1514681	nsd/49955.png
2959.189453125	0.0	image/648	648	1515105	nsd/47200.png
2959.994140625	0.0	image/642	642	1515517	nsd/46806.png
2960.8046875	0.0	image/680	680	1515932	nsd/49622.png
2961.595703125	0.0	image/657	657	1516337	nsd/47687.png
2962.412109375	0.0	image/629	629	1516755	nsd/46136.png
2964.01171875	0.0	image/687	687	1517574	nsd/49979.png
2964.830078125	0.0	image/624	624	1517993	nsd/45982.png
2965.625	0.0	image/632	632	1518400	nsd/46274.png
2966.421875	0.0	image/717	717	1518808	nsd/52375.png
2967.197265625	0.0	image/618	618	1519205	nsd/45746.png
2968.0234375	0.0	image/668	668	1519628	nsd/48622.png
2968.814453125	0.0	image/601	601	1520033	nsd/44184.png
2969.59765625	0.0	image/605	605	1520434	nsd/44412.png
2970.380859375	0.0	image/669	669	1520835	nsd/48679.png
2971.16015625	0.0	image/606	606	1521234	nsd/44705.png
2971.92578125	0.0	image/603	603	1521626	nsd/44339.png
2973.515625	0.0	image/613	613	1522440	nsd/45129.png
2974.310546875	0.0	image/602	602	1522847	nsd/44324.png
2975.1328125	0.0	image/663	663	1523268	nsd/48422.png
2975.9609375	0.0	image/652	652	1523692	nsd/47408.png
2977.599609375	0.0	image/718	718	1524531	nsd/52394.png
2978.3828125	0.0	image/605	605	1524932	nsd/44412.png
2979.216796875	0.0	image/641	641	1525359	nsd/46661.png
2980.017578125	0.0	image/678	678	1525769	nsd/49466.png
2980.8515625	0.0	image/619	619	1526196	nsd/45750.png
2981.68359375	0.0	image/607	607	1526622	nsd/44720.png
2982.46875	0.0	image/672	672	1527024	nsd/48832.png
2983.26171875	0.0	image/714	714	1527430	nsd/52216.png
2984.0859375	0.0	image/638	638	1527852	nsd/46480.png
2984.912109375	0.0	image/620	620	1528275	nsd/45837.png
2985.701171875	0.0	image/635	635	1528679	nsd/46380.png
2987.3359375	0.0	image/645	645	1529516	nsd/47033.png
2988.88671875	0.0	image/712	712	1530310	nsd/51988.png
2989.6875	0.0	image/709	709	1530720	nsd/51928.png
2990.50390625	0.0	image/665	665	1531138	nsd/48530.png
2991.287109375	0.0	image/698	698	1531539	nsd/51052.png
2992.08203125	0.0	image/610	610	1531946	nsd/44844.png
2992.8984375	0.0	image/640	640	1532364	nsd/46642.png
2993.720703125	0.0	image/607	607	1532785	nsd/44720.png
2994.515625	0.0	image/643	643	1533192	nsd/46835.png
2995.337890625	0.0	image/651	651	1533613	nsd/47321.png
2996.15625	0.0	image/693	693	1534032	nsd/50734.png
2996.955078125	0.0	image/606	606	1534441	nsd/44705.png
2997.75	0.0	image/688	688	1534848	nsd/50026.png
2998.572265625	0.0	image/689	689	1535269	nsd/50114.png
2999.373046875	0.0	image/619	619	1535679	nsd/45750.png
3000.15625	0.0	image/637	637	1536080	nsd/46462.png
3000.97265625	0.0	image/677	677	1536498	nsd/49234.png
3001.806640625	0.0	image/662	662	1536925	nsd/48393.png
3002.603515625	0.0	image/623	623	1537333	nsd/45981.png
3003.41796875	0.0	image/677	677	1537750	nsd/49234.png
3004.224609375	0.0	image/695	695	1538163	nsd/50811.png
3005.05859375	0.0	image/601	601	1538590	nsd/44184.png
3006.642578125	0.0	image/656	656	1539401	nsd/47656.png
3007.44140625	0.0	image/651	651	1539810	nsd/47321.png
3008.25390625	0.0	image/666	666	1540226	nsd/48617.png
3009.076171875	0.0	image/691	691	1540647	nsd/50500.png
3009.859375	0.0	image/711	711	1541048	nsd/51983.png
3011.52734375	0.0	image/614	614	1541902	nsd/45213.png
3012.359375	0.0	image/719	719	1542328	nsd/52527.png
3013.138671875	0.0	image/681	681	1542727	nsd/49731.png
3014.76171875	0.0	image/688	688	1543558	nsd/50026.png
3015.595703125	0.0	image/618	618	1543985	nsd/45746.png
3016.412109375	0.0	image/648	648	1544403	nsd/47200.png
3017.240234375	0.0	image/716	716	1544827	nsd/52328.png
3018.01171875	0.0	image/638	638	1545222	nsd/46480.png
3018.83984375	0.0	image/698	698	1545646	nsd/51052.png
3019.61328125	0.0	image/718	718	1546042	nsd/52394.png
3020.423828125	0.0	image/676	676	1546457	nsd/49156.png
3021.240234375	0.0	image/716	716	1546875	nsd/52328.png
3022.04296875	0.0	image/668	668	1547286	nsd/48622.png
3022.8125	0.0	image/709	709	1547680	nsd/51928.png
3023.625	0.0	image/615	615	1548096	nsd/45356.png
3024.4296875	0.0	image/604	604	1548508	nsd/44369.png
3025.21484375	0.0	image/695	695	1548910	nsd/50811.png
3026.83203125	0.0	image/687	687	1549738	nsd/49979.png
3027.658203125	0.0	image/692	692	1550161	nsd/50653.png
3028.443359375	0.0	image/631	631	1550563	nsd/46160.png
3029.208984375	0.0	image/705	705	1550955	nsd/51745.png
3030.783203125	0.0	image/664	664	1551761	nsd/48508.png
3031.59375	0.0	image/650	650	1552176	nsd/47293.png
3032.400390625	0.0	image/610	610	1552589	nsd/44844.png
3033.19921875	0.0	image/679	679	1552998	nsd/49480.png
3033.98046875	0.0	image/682	682	1553398	nsd/49923.png
3034.80078125	0.0	image/665	665	1553818	nsd/48530.png
3035.611328125	0.0	image/639	639	1554233	nsd/46523.png
3036.37890625	0.0	image/711	711	1554626	nsd/51983.png
3037.15234375	0.0	image/715	715	1555022	nsd/52302.png
3037.935546875	0.0	image/612	612	1555423	nsd/44980.png
3038.728515625	0.0	image/653	653	1555829	nsd/47598.png
3039.49609375	0.0	image/667	667	1556222	nsd/48618.png
3040.263671875	0.0	image/673	673	1556615	nsd/48839.png
3041.068359375	0.0	image/693	693	1557027	nsd/50734.png
3041.896484375	0.0	image/626	626	1557451	nsd/46002.png
3042.703125	0.0	image/661	661	1557864	nsd/48379.png
3043.49609375	0.0	image/621	621	1558270	nsd/45843.png
3044.302734375	0.0	image/702	702	1558683	nsd/51171.png
3045.119140625	0.0	image/703	703	1559101	nsd/51185.png
3045.931640625	0.0	image/658	658	1559517	nsd/48157.png
3046.734375	0.0	image/659	659	1559928	nsd/48260.png
3047.546875	0.0	image/671	671	1560344	nsd/48802.png
3055.69140625	0.0	image/796	796	1564514	nsd/57542.png
3056.525390625	0.0	image/772	772	1564941	nsd/56126.png
3057.341796875	0.0	image/774	774	1565359	nsd/56269.png
3058.142578125	0.0	image/776	776	1565769	nsd/56314.png
3058.953125	0.0	image/783	783	1566184	nsd/56723.png
3059.73828125	0.0	image/739	739	1566586	nsd/53773.png
3060.5234375	0.0	image/802	802	1566988	nsd/57838.png
3061.337890625	0.0	image/746	746	1567405	nsd/54361.png
3062.123046875	0.0	image/795	795	1567807	nsd/57478.png
3063.744140625	0.0	image/763	763	1568637	nsd/55669.png
3064.521484375	0.0	image/780	780	1569035	nsd/56670.png
3065.328125	0.0	image/749	749	1569448	nsd/54683.png
3066.962890625	0.0	image/774	774	1570285	nsd/56269.png
3067.74609375	0.0	image/798	798	1570686	nsd/57648.png
3068.544921875	0.0	image/758	758	1571095	nsd/55163.png
3069.32421875	0.0	image/788	788	1571494	nsd/56867.png
3070.08984375	0.0	image/797	797	1571886	nsd/57553.png
3070.908203125	0.0	image/827	827	1572305	nsd/60119.png
3071.69140625	0.0	image/817	817	1572706	nsd/59284.png
3073.314453125	0.0	image/826	826	1573537	nsd/60094.png
3074.09765625	0.0	image/763	763	1573938	nsd/55669.png
3074.91015625	0.0	image/819	819	1574354	nsd/59420.png
3075.724609375	0.0	image/752	752	1574771	nsd/54812.png
3076.515625	0.0	image/787	787	1575176	nsd/56850.png
3078.1484375	0.0	image/784	784	1576012	nsd/56751.png
3078.931640625	0.0	image/762	762	1576413	nsd/55649.png
3079.732421875	0.0	image/834	834	1576823	nsd/60553.png
3080.54296875	0.0	image/737	737	1577238	nsd/53727.png
3082.1171875	0.0	image/825	825	1578044	nsd/59994.png
3082.93359375	0.0	image/765	765	1578462	nsd/55680.png
3083.734375	0.0	image/724	724	1578872	nsd/52892.png
3084.533203125	0.0	image/810	810	1579281	nsd/58681.png
3085.330078125	0.0	image/780	780	1579689	nsd/56670.png
3086.1171875	0.0	image/777	777	1580092	nsd/56418.png
3086.91796875	0.0	image/726	726	1580502	nsd/52990.png
3087.701171875	0.0	image/757	757	1580903	nsd/55107.png
3088.53515625	0.0	image/736	736	1581330	nsd/53570.png
3089.34765625	0.0	image/805	805	1581746	nsd/58144.png
3090.169921875	0.0	image/766	766	1582167	nsd/55857.png
3090.998046875	0.0	image/840	840	1582591	nsd/61122.png
3091.8203125	0.0	image/824	824	1583012	nsd/59817.png
3092.59765625	0.0	image/838	838	1583410	nsd/60867.png
3093.3984375	0.0	image/765	765	1583820	nsd/55680.png
3095.00390625	0.0	image/792	792	1584642	nsd/57060.png
3095.8046875	0.0	image/747	747	1585052	nsd/54389.png
3096.63671875	0.0	image/757	757	1585478	nsd/55107.png
3097.431640625	0.0	image/779	779	1585885	nsd/56471.png
3098.25390625	0.0	image/754	754	1586306	nsd/54913.png
3099.072265625	0.0	image/735	735	1586725	nsd/53511.png
3100.671875	0.0	image/730	730	1587544	nsd/53155.png
3101.501953125	0.0	image/748	748	1587969	nsd/54643.png
3102.2890625	0.0	image/759	759	1588372	nsd/55405.png
3103.119140625	0.0	image/836	836	1588797	nsd/60834.png
3103.939453125	0.0	image/737	737	1589217	nsd/53727.png
3104.755859375	0.0	image/816	816	1589635	nsd/59194.png
3106.33984375	0.0	image/799	799	1590446	nsd/57650.png
3107.140625	0.0	image/772	772	1590856	nsd/56126.png
3107.935546875	0.0	image/781	781	1591263	nsd/56681.png
3108.748046875	0.0	image/801	801	1591679	nsd/57822.png
3109.541015625	0.0	image/811	811	1592085	nsd/59023.png
3110.375	0.0	image/745	745	1592512	nsd/54257.png
3111.203125	0.0	image/830	830	1592936	nsd/60305.png
3112.009765625	0.0	image/822	822	1593349	nsd/59631.png
3112.837890625	0.0	image/806	806	1593773	nsd/58164.png
3113.642578125	0.0	image/795	795	1594185	nsd/57478.png
3114.4375	0.0	image/801	801	1594592	nsd/57822.png
3115.23828125	0.0	image/770	770	1595002	nsd/56042.png
3116.005859375	0.0	image/825	825	1595395	nsd/59994.png
3116.810546875	0.0	image/746	746	1595807	nsd/54361.png
3117.638671875	0.0	image/815	815	1596231	nsd/59091.png
3118.443359375	0.0	image/836	836	1596643	nsd/60834.png
3119.244140625	0.0	image/721	721	1597053	nsd/52596.png
3120.0390625	0.0	image/800	800	1597460	nsd/57681.png
3121.677734375	0.0	image/747	747	1598299	nsd/54389.png
3122.49609375	0.0	image/744	744	1598718	nsd/54147.png
3123.322265625	0.0	image/767	767	1599141	nsd/55933.png
3124.091796875	0.0	image/760	760	1599535	nsd/55408.png
3124.896484375	0.0	image/740	740	1599947	nsd/53858.png
3125.689453125	0.0	image/728	728	1600353	nsd/53070.png
3126.49609375	0.0	image/788	788	1600766	nsd/56867.png
3127.296875	0.0	image/826	826	1601176	nsd/60094.png
3128.12890625	0.0	image/777	777	1601602	nsd/56418.png
3128.9140625	0.0	image/723	723	1602004	nsd/52652.png
3129.7421875	0.0	image/784	784	1602428	nsd/56751.png
3130.541015625	0.0	image/766	766	1602837	nsd/55857.png
3131.34765625	0.0	image/749	749	1603250	nsd/54683.png
3132.130859375	0.0	image/822	822	1603651	nsd/59631.png
3132.912109375	0.0	image/785	785	1604051	nsd/56782.png
3133.681640625	0.0	image/756	756	1604445	nsd/55005.png
3134.46484375	0.0	image/813	813	1604846	nsd/59046.png
3135.25	0.0	image/833	833	1605248	nsd/60519.png
3136.08203125	0.0	image/743	743	1605674	nsd/54078.png
3136.900390625	0.0	image/828	828	1606093	nsd/60186.png
3137.68359375	0.0	image/724	724	1606494	nsd/52892.png
3138.484375	0.0	image/729	729	1606904	nsd/53152.png
3140.068359375	0.0	image/839	839	1607715	nsd/60978.png
3140.884765625	0.0	image/818	818	1608133	nsd/59419.png
3141.66796875	0.0	image/798	798	1608534	nsd/57648.png
3142.478515625	0.0	image/807	807	1608949	nsd/58187.png
3143.30078125	0.0	image/803	803	1609370	nsd/57906.png
3144.130859375	0.0	image/785	785	1609795	nsd/56782.png
3145.77734375	0.0	image/742	742	1610638	nsd/53891.png
3146.5859375	0.0	image/814	814	1611052	nsd/59079.png
3147.380859375	0.0	image/771	771	1611459	nsd/56066.png
3148.1640625	0.0	image/731	731	1611860	nsd/53157.png
3148.953125	0.0	image/759	759	1612264	nsd/55405.png
3149.75390625	0.0	image/793	793	1612674	nsd/57435.png
3150.548828125	0.0	image/828	828	1613081	nsd/60186.png
3151.318359375	0.0	image/736	736	1613475	nsd/53570.png
3152.1484375	0.0	image/726	726	1613900	nsd/52990.png
3152.921875	0.0	image/734	734	1614296	nsd/53489.png
3153.701171875	0.0	image/725	725	1614695	nsd/52931.png
3154.48828125	0.0	image/744	744	1615098	nsd/54147.png
3155.3046875	0.0	image/753	753	1615516	nsd/54824.png
3156.138671875	0.0	image/809	809	1615943	nsd/58668.png
3156.921875	0.0	image/830	830	1616344	nsd/60305.png
3157.732421875	0.0	image/769	769	1616759	nsd/55969.png
3158.517578125	0.0	image/758	758	1617161	nsd/55163.png
3159.322265625	0.0	image/768	768	1617573	nsd/55968.png
3160.138671875	0.0	image/753	753	1617991	nsd/54824.png
3161.7578125	0.0	image/812	812	1618820	nsd/59039.png
3162.55078125	0.0	image/791	791	1619226	nsd/57046.png
3163.341796875	0.0	image/782	782	1619631	nsd/56695.png
3164.9921875	0.0	image/762	762	1620476	nsd/55649.png
3165.80859375	0.0	image/776	776	1620894	nsd/56314.png
3166.591796875	0.0	image/778	778	1621295	nsd/56454.png
3167.42578125	0.0	image/738	738	1621722	nsd/53728.png
3168.259765625	0.0	image/790	790	1622149	nsd/56948.png
3169.0703125	0.0	image/794	794	1622564	nsd/57443.png
3169.87109375	0.0	image/768	768	1622974	nsd/55968.png
3170.67578125	0.0	image/837	837	1623386	nsd/60845.png
3171.494140625	0.0	image/755	755	1623805	nsd/54959.png
3172.310546875	0.0	image/773	773	1624223	nsd/56154.png
3173.89453125	0.0	image/799	799	1625034	nsd/57650.png
3174.7109375	0.0	image/732	732	1625452	nsd/53270.png
3175.521484375	0.0	image/791	791	1625867	nsd/57046.png
3176.345703125	0.0	image/808	808	1626289	nsd/58404.png
3177.177734375	0.0	image/831	831	1626715	nsd/60456.png
3177.962890625	0.0	image/837	837	1627117	nsd/60845.png
3178.755859375	0.0	image/794	794	1627523	nsd/57443.png
3179.5625	0.0	image/775	775	1627936	nsd/56290.png
3181.162109375	0.0	image/722	722	1628755	nsd/52598.png
3181.94140625	0.0	image/786	786	1629154	nsd/56784.png
3182.7421875	0.0	image/750	750	1629564	nsd/54698.png
3183.564453125	0.0	image/808	808	1629985	nsd/58404.png
3184.37890625	0.0	image/810	810	1630402	nsd/58681.png
3185.197265625	0.0	image/760	760	1630821	nsd/55408.png
3185.9921875	0.0	image/732	732	1631228	nsd/53270.png
3186.76171875	0.0	image/806	806	1631622	nsd/58164.png
3187.560546875	0.0	image/792	792	1632031	nsd/57060.png
3188.326171875	0.0	image/832	832	1632423	nsd/60505.png
3189.126953125	0.0	image/813	813	1632833	nsd/59046.png
3189.892578125	0.0	image/733	733	1633225	nsd/53370.png
3190.69921875	0.0	image/729	729	1633638	nsd/53152.png
3192.298828125	0.0	image/761	761	1634457	nsd/55526.png
3193.083984375	0.0	image/789	789	1634859	nsd/56911.png
3193.89453125	0.0	image/820	820	1635274	nsd/59585.png
3194.716796875	0.0	image/818	818	1635695	nsd/59419.png
3195.52734375	0.0	image/804	804	1636110	nsd/58096.png
3196.3125	0.0	image/742	742	1636512	nsd/53891.png
3197.96875	0.0	image/723	723	1637360	nsd/52652.png
3198.767578125	0.0	image/833	833	1637769	nsd/60519.png
3199.580078125	0.0	image/811	811	1638185	nsd/59023.png
3200.369140625	0.0	image/741	741	1638589	nsd/53881.png
3201.203125	0.0	image/809	809	1639016	nsd/58668.png
3202.802734375	0.0	image/804	804	1639835	nsd/58096.png
3203.603515625	0.0	image/767	767	1640245	nsd/55933.png
3204.40234375	0.0	image/769	769	1640654	nsd/55969.png
3205.18359375	0.0	image/756	756	1641054	nsd/55005.png
3205.970703125	0.0	image/821	821	1641457	nsd/59595.png
3206.75390625	0.0	image/796	796	1641858	nsd/57542.png
3207.548828125	0.0	image/802	802	1642265	nsd/57838.png
3208.37109375	0.0	image/805	805	1642686	nsd/58144.png
3209.1484375	0.0	image/831	831	1643084	nsd/60456.png
3209.93359375	0.0	image/832	832	1643486	nsd/60505.png
3210.72265625	0.0	image/761	761	1643890	nsd/55526.png
3211.505859375	0.0	image/824	824	1644291	nsd/59817.png
3212.283203125	0.0	image/725	725	1644689	nsd/52931.png
3213.068359375	0.0	image/750	750	1645091	nsd/54698.png
3213.888671875	0.0	image/800	800	1645511	nsd/57681.png
3214.701171875	0.0	image/727	727	1645927	nsd/53052.png
3215.5078125	0.0	image/819	819	1646340	nsd/59420.png
3216.318359375	0.0	image/738	738	1646755	nsd/53728.png
3217.119140625	0.0	image/823	823	1647165	nsd/59699.png
3217.923828125	0.0	image/727	727	1647577	nsd/53052.png
3218.70703125	0.0	image/755	755	1647978	nsd/54959.png
3219.501953125	0.0	image/781	781	1648385	nsd/56681.png
3220.298828125	0.0	image/728	728	1648793	nsd/53070.png
3221.0859375	0.0	image/739	739	1649196	nsd/53773.png
3221.8515625	0.0	image/779	779	1649588	nsd/56471.png
3222.65234375	0.0	image/840	840	1649998	nsd/61122.png
3223.419921875	0.0	image/816	816	1650391	nsd/59194.png
3224.208984375	0.0	image/743	743	1650795	nsd/54078.png
3225.01953125	0.0	image/838	838	1651210	nsd/60867.png
3225.7890625	0.0	image/817	817	1651604	nsd/59284.png
3226.609375	0.0	image/773	773	1652024	nsd/56154.png
3227.39453125	0.0	image/721	721	1652426	nsd/52596.png
3228.994140625	0.0	image/748	748	1653245	nsd/54643.png
3229.806640625	0.0	image/751	751	1653661	nsd/54743.png
3230.611328125	0.0	image/812	812	1654073	nsd/59039.png
3231.419921875	0.0	image/815	815	1654487	nsd/59091.png
3232.22265625	0.0	image/793	793	1654898	nsd/57435.png
3233.8125	0.0	image/839	839	1655712	nsd/60978.png
3234.611328125	0.0	image/835	835	1656121	nsd/60725.png
3236.1953125	0.0	image/789	789	1656932	nsd/56911.png
3236.98046875	0.0	image/764	764	1657334	nsd/55678.png
3237.7734375	0.0	image/829	829	1657740	nsd/60251.png
3238.541015625	0.0	image/783	783	1658133	nsd/56723.png
3239.36328125	0.0	image/787	787	1658554	nsd/56850.png
3240.1796875	0.0	image/754	754	1658972	nsd/54913.png
3240.96484375	0.0	image/770	770	1659374	nsd/56042.png
3241.775390625	0.0	image/764	764	1659789	nsd/55678.png
3242.58203125	0.0	image/751	751	1660202	nsd/54743.png
3243.365234375	0.0	image/782	782	1660603	nsd/56695.png
3244.181640625	0.0	image/741	741	1661021	nsd/53881.png
3244.96484375	0.0	image/823	823	1661422	nsd/59699.png
3245.765625	0.0	image/734	734	1661832	nsd/53489.png
3246.578125	0.0	image/730	730	1662248	nsd/53155.png
3247.400390625	0.0	image/735	735	1662669	nsd/53511.png
3248.177734375	0.0	image/835	835	1663067	nsd/60725.png
3248.94921875	0.0	image/731	731	1663462	nsd/53157.png
3249.767578125	0.0	image/834	834	1663881	nsd/60553.png
3250.56640625	0.0	image/803	803	1664290	nsd/57906.png
3251.400390625	0.0	image/807	807	1664717	nsd/58187.png
3252.228515625	0.0	image/797	797	1665141	nsd/57553.png
3253.01171875	0.0	image/827	827	1665542	nsd/60119.png
3253.833984375	0.0	image/829	829	1665963	nsd/60251.png
3254.62890625	0.0	image/740	740	1666370	nsd/53858.png
3255.4296875	0.0	image/814	814	1666780	nsd/59079.png
3257.052734375	0.0	image/778	778	1667611	nsd/56454.png
3258.63671875	0.0	image/771	771	1668422	nsd/56066.png
3259.4453125	0.0	image/820	820	1668836	nsd/59585.png
3260.26953125	0.0	image/821	821	1669258	nsd/59595.png
3261.119140625	0.0	image/733	733	1669693	nsd/53370.png
3261.904296875	0.0	image/775	775	1670095	nsd/56290.png
3262.697265625	0.0	image/790	790	1670501	nsd/56948.png
3263.466796875	0.0	image/722	722	1670895	nsd/52598.png
3264.287109375	0.0	image/786	786	1671315	nsd/56784.png
3265.072265625	0.0	image/745	745	1671717	nsd/54257.png
3265.8671875	0.0	image/752	752	1672124	nsd/54812.png
3273.501953125	0.0	image/941	941	1676033	nsd/68339.png
3274.330078125	0.0	image/863	863	1676457	nsd/62544.png
3275.146484375	0.0	image/846	846	1676875	nsd/61677.png
3275.935546875	0.0	image/858	858	1677279	nsd/62228.png
3276.71875	0.0	image/914	914	1677680	nsd/66330.png
3277.53125	0.0	image/896	896	1678096	nsd/65253.png
3278.3359375	0.0	image/948	948	1678508	nsd/68897.png
3279.9375	0.0	image/927	927	1679328	nsd/67113.png
3280.765625	0.0	image/903	903	1679752	nsd/65686.png
3281.5703125	0.0	image/908	908	1680164	nsd/65920.png
3282.37109375	0.0	image/876	876	1680574	nsd/63931.png
3283.171875	0.0	image/908	908	1680984	nsd/65920.png
3283.98828125	0.0	image/855	855	1681402	nsd/62006.png
3284.798828125	0.0	image/930	930	1681817	nsd/67237.png
3285.60546875	0.0	image/935	935	1682230	nsd/67802.png
3286.43359375	0.0	image/884	884	1682654	nsd/64621.png
3287.23828125	0.0	image/915	915	1683066	nsd/66342.png
3288.056640625	0.0	image/888	888	1683485	nsd/64880.png
3288.873046875	0.0	image/929	929	1683903	nsd/67204.png
3289.65625	0.0	image/924	924	1684304	nsd/66946.png
3290.466796875	0.0	image/860	860	1684719	nsd/62302.png
3291.26953125	0.0	image/945	945	1685130	nsd/68814.png
3292.0859375	0.0	image/899	899	1685548	nsd/65414.png
3292.869140625	0.0	image/909	909	1685949	nsd/65943.png
3293.65234375	0.0	image/912	912	1686350	nsd/66216.png
3294.44140625	0.0	image/894	894	1686754	nsd/65187.png
3295.236328125	0.0	image/877	877	1687161	nsd/63944.png
3296.0078125	0.0	image/931	931	1687556	nsd/67252.png
3296.826171875	0.0	image/883	883	1687975	nsd/64615.png
3297.642578125	0.0	image/920	920	1688393	nsd/66580.png
3299.259765625	0.0	image/957	957	1689221	nsd/69614.png
3300.037109375	0.0	image/906	906	1689619	nsd/65821.png
3300.83984375	0.0	image/882	882	1690030	nsd/64498.png
3302.427734375	0.0	image/897	897	1690843	nsd/65267.png
3304.060546875	0.0	image/914	914	1691679	nsd/66330.png
3304.87109375	0.0	image/960	960	1692094	nsd/69813.png
3305.677734375	0.0	image/857	857	1692507	nsd/62209.png
3306.51171875	0.0	image/878	878	1692934	nsd/64004.png
3307.345703125	0.0	image/950	950	1693361	nsd/69025.png
3308.158203125	0.0	image/944	944	1693777	nsd/68741.png
3308.962890625	0.0	image/923	923	1694189	nsd/66836.png
3309.796875	0.0	image/864	864	1694616	nsd/62561.png
3310.61328125	0.0	image/953	953	1695034	nsd/69214.png
3312.263671875	0.0	image/891	891	1695879	nsd/65010.png
3313.830078125	0.0	image/933	933	1696681	nsd/67363.png
3314.607421875	0.0	image/863	863	1697079	nsd/62544.png
3315.4140625	0.0	image/867	867	1697492	nsd/62960.png
3316.197265625	0.0	image/853	853	1697893	nsd/61873.png
3316.978515625	0.0	image/910	910	1698293	nsd/66004.png
3318.580078125	0.0	image/849	849	1699113	nsd/61752.png
3319.365234375	0.0	image/950	950	1699515	nsd/69025.png
3320.19921875	0.0	image/874	874	1699942	nsd/63825.png
3321.8046875	0.0	image/894	894	1700764	nsd/65187.png
3322.61328125	0.0	image/907	907	1701178	nsd/65872.png
3323.41015625	0.0	image/890	890	1701586	nsd/64979.png
3324.1796875	0.0	image/934	934	1701980	nsd/67742.png
3324.966796875	0.0	image/845	845	1702383	nsd/61513.png
3325.77734375	0.0	image/859	859	1702798	nsd/62275.png
3326.5625	0.0	image/911	911	1703200	nsd/66214.png
3328.1015625	0.0	image/948	948	1703988	nsd/68897.png
3328.896484375	0.0	image/886	886	1704395	nsd/64771.png
3330.490234375	0.0	image/889	889	1705211	nsd/64893.png
3331.302734375	0.0	image/951	951	1705627	nsd/69030.png
3332.080078125	0.0	image/937	937	1706025	nsd/68023.png
3332.853515625	0.0	image/917	917	1706421	nsd/66464.png
3333.65234375	0.0	image/886	886	1706830	nsd/64771.png
3334.447265625	0.0	image/887	887	1707237	nsd/64867.png
3336.0546875	0.0	image/943	943	1708060	nsd/68471.png
3336.83203125	0.0	image/890	890	1708458	nsd/64979.png
3337.62109375	0.0	image/939	939	1708862	nsd/68278.png
3338.3984375	0.0	image/940	940	1709260	nsd/68311.png
3340.005859375	0.0	image/959	959	1710083	nsd/69785.png
3340.837890625	0.0	image/934	934	1710509	nsd/67742.png
3341.66796875	0.0	image/956	956	1710934	nsd/69502.png
3342.48828125	0.0	image/909	909	1711354	nsd/65943.png
3343.318359375	0.0	image/868	868	1711779	nsd/63081.png
3344.138671875	0.0	image/849	849	1712199	nsd/61752.png
3344.939453125	0.0	image/867	867	1712609	nsd/62960.png
3345.71875	0.0	image/941	941	1713008	nsd/68339.png
3346.53515625	0.0	image/929	929	1713426	nsd/67204.png
3347.3359375	0.0	image/887	887	1713836	nsd/64867.png
3348.923828125	0.0	image/933	933	1714649	nsd/67363.png
3349.71875	0.0	image/848	848	1715056	nsd/61748.png
3350.541015625	0.0	image/904	904	1715477	nsd/65769.png
3351.33984375	0.0	image/872	872	1715886	nsd/63746.png
3352.119140625	0.0	image/923	923	1716285	nsd/66836.png
3352.919921875	0.0	image/842	842	1716695	nsd/61177.png
3353.7265625	0.0	image/873	873	1717108	nsd/63781.png
3354.51953125	0.0	image/917	917	1717514	nsd/66464.png
3355.310546875	0.0	image/900	900	1717919	nsd/65445.png
3356.13671875	0.0	image/911	911	1718342	nsd/66214.png
3356.9375	0.0	image/900	900	1718752	nsd/65445.png
3357.744140625	0.0	image/899	899	1719165	nsd/65414.png
3358.521484375	0.0	image/877	877	1719563	nsd/63944.png
3359.3046875	0.0	image/851	851	1719964	nsd/61801.png
3360.111328125	0.0	image/897	897	1720377	nsd/65267.png
3360.90625	0.0	image/905	905	1720784	nsd/65799.png
3361.7265625	0.0	image/957	957	1721204	nsd/69614.png
3362.556640625	0.0	image/940	940	1721629	nsd/68311.png
3364.111328125	0.0	image/936	936	1722425	nsd/67829.png
3364.912109375	0.0	image/931	931	1722835	nsd/67252.png
3365.69140625	0.0	image/880	880	1723234	nsd/64295.png
3366.474609375	0.0	image/898	898	1723635	nsd/65376.png
3367.240234375	0.0	image/907	907	1724027	nsd/65872.png
3368.01171875	0.0	image/928	928	1724422	nsd/67168.png
3368.814453125	0.0	image/954	954	1724833	nsd/69240.png
3369.58984375	0.0	image/942	942	1725230	nsd/68418.png
3370.392578125	0.0	image/918	918	1725641	nsd/66479.png
3371.197265625	0.0	image/885	885	1726053	nsd/64687.png
3371.974609375	0.0	image/868	868	1726451	nsd/63081.png
3372.775390625	0.0	image/850	850	1726861	nsd/61797.png
3373.58203125	0.0	image/922	922	1727274	nsd/66773.png
3374.392578125	0.0	image/912	912	1727689	nsd/66216.png
3375.19921875	0.0	image/880	880	1728102	nsd/64295.png
3376.02734375	0.0	image/864	864	1728526	nsd/62561.png
3376.810546875	0.0	image/938	938	1728927	nsd/68168.png
3377.6328125	0.0	image/925	925	1729348	nsd/66976.png
3378.427734375	0.0	image/853	853	1729755	nsd/61873.png
3379.228515625	0.0	image/903	903	1730165	nsd/65686.png
3380.017578125	0.0	image/955	955	1730569	nsd/69442.png
3380.810546875	0.0	image/842	842	1730975	nsd/61177.png
3381.615234375	0.0	image/866	866	1731387	nsd/62748.png
3383.251953125	0.0	image/852	852	1732225	nsd/61809.png
3384.05078125	0.0	image/919	919	1732634	nsd/66489.png
3384.86328125	0.0	image/861	861	1733050	nsd/62365.png
3385.6640625	0.0	image/850	850	1733460	nsd/61797.png
3386.453125	0.0	image/938	938	1733864	nsd/68168.png
3387.263671875	0.0	image/932	932	1734279	nsd/67295.png
3388.029296875	0.0	image/844	844	1734671	nsd/61510.png
3388.798828125	0.0	image/951	951	1735065	nsd/69030.png
3389.615234375	0.0	image/947	947	1735483	nsd/68858.png
3390.38671875	0.0	image/937	937	1735878	nsd/68023.png
3392.00390625	0.0	image/882	882	1736706	nsd/64498.png
3392.787109375	0.0	image/892	892	1737107	nsd/65069.png
3393.5859375	0.0	image/919	919	1737516	nsd/66489.png
3394.404296875	0.0	image/879	879	1737935	nsd/64096.png
3395.220703125	0.0	image/958	958	1738353	nsd/69616.png
3396.0546875	0.0	image/945	945	1738780	nsd/68814.png
3396.849609375	0.0	image/906	906	1739187	nsd/65821.png
3397.638671875	0.0	image/946	946	1739591	nsd/68842.png
3398.47265625	0.0	image/884	884	1740018	nsd/64621.png
3399.306640625	0.0	image/845	845	1740445	nsd/61513.png
3400.939453125	0.0	image/889	889	1741281	nsd/64893.png
3401.72265625	0.0	image/859	859	1741682	nsd/62275.png
3402.541015625	0.0	image/926	926	1742101	nsd/67045.png
3403.373046875	0.0	image/885	885	1742527	nsd/64687.png
3404.16796875	0.0	image/947	947	1742934	nsd/68858.png
3404.95703125	0.0	image/847	847	1743338	nsd/61738.png
3405.791015625	0.0	image/952	952	1743765	nsd/69130.png
3406.587890625	0.0	image/858	858	1744173	nsd/62228.png
3407.408203125	0.0	image/875	875	1744593	nsd/63922.png
3408.23828125	0.0	image/841	841	1745018	nsd/61133.png
3409.025390625	0.0	image/918	918	1745421	nsd/66479.png
3409.853515625	0.0	image/910	910	1745845	nsd/66004.png
3410.62109375	0.0	image/913	913	1746238	nsd/66278.png
3412.2109375	0.0	image/857	857	1747052	nsd/62209.png
3413.009765625	0.0	image/901	901	1747461	nsd/65639.png
3413.84375	0.0	image/926	926	1747888	nsd/67045.png
3414.67578125	0.0	image/841	841	1748314	nsd/61133.png
3415.494140625	0.0	image/881	881	1748733	nsd/64483.png
3416.27734375	0.0	image/870	870	1749134	nsd/63345.png
3417.05859375	0.0	image/925	925	1749534	nsd/66976.png
3417.87890625	0.0	image/844	844	1749954	nsd/61510.png
3419.462890625	0.0	image/924	924	1750765	nsd/66946.png
3420.2734375	0.0	image/893	893	1751180	nsd/65148.png
3421.056640625	0.0	image/869	869	1751581	nsd/63182.png
3421.857421875	0.0	image/902	902	1751991	nsd/65654.png
3422.662109375	0.0	image/952	952	1752403	nsd/69130.png
3423.447265625	0.0	image/873	873	1752805	nsd/63781.png
3424.240234375	0.0	image/904	904	1753211	nsd/65769.png
3425.064453125	0.0	image/939	939	1753633	nsd/68278.png
3425.896484375	0.0	image/851	851	1754059	nsd/61801.png
3426.681640625	0.0	image/872	872	1754461	nsd/63746.png
3427.46484375	0.0	image/895	895	1754862	nsd/65232.png
3428.2421875	0.0	image/843	843	1755260	nsd/61216.png
3429.015625	0.0	image/946	946	1755656	nsd/68842.png
3429.83203125	0.0	image/921	921	1756074	nsd/66643.png
3430.6328125	0.0	image/930	930	1756484	nsd/67237.png
3431.44921875	0.0	image/888	888	1756902	nsd/64880.png
3432.232421875	0.0	image/866	866	1757303	nsd/62748.png
3433.01171875	0.0	image/891	891	1757702	nsd/65010.png
3433.810546875	0.0	image/876	876	1758111	nsd/63931.png
3434.6328125	0.0	image/920	920	1758532	nsd/66580.png
3435.466796875	0.0	image/902	902	1758959	nsd/65654.png
3436.294921875	0.0	image/954	954	1759383	nsd/69240.png
3437.060546875	0.0	image/949	949	1759775	nsd/69007.png
3437.8515625	0.0	image/953	953	1760180	nsd/69214.png
3438.650390625	0.0	image/881	881	1760589	nsd/64483.png
3439.478515625	0.0	image/870	870	1761013	nsd/63345.png
3440.30078125	0.0	image/895	895	1761434	nsd/65232.png
3441.11328125	0.0	image/956	956	1761850	nsd/69502.png
3441.8984375	0.0	image/927	927	1762252	nsd/67113.png
3442.669921875	0.0	image/959	959	1762647	nsd/69785.png
3443.46875	0.0	image/860	860	1763056	nsd/62302.png
3444.28515625	0.0	image/869	869	1763474	nsd/63182.png
3445.853515625	0.0	image/854	854	1764277	nsd/61972.png
3447.453125	0.0	image/847	847	1765096	nsd/61738.png
3448.265625	0.0	image/921	921	1765512	nsd/66643.png
3449.0546875	0.0	image/852	852	1765916	nsd/61809.png
3449.837890625	0.0	image/944	944	1766317	nsd/68741.png
3450.666015625	0.0	image/892	892	1766741	nsd/65069.png
3451.466796875	0.0	image/865	865	1767151	nsd/62683.png
3452.271484375	0.0	image/846	846	1767563	nsd/61677.png
3453.083984375	0.0	image/879	879	1767979	nsd/64096.png
3453.90625	0.0	image/861	861	1768400	nsd/62365.png
3455.490234375	0.0	image/878	878	1769211	nsd/64004.png
3456.306640625	0.0	image/960	960	1769629	nsd/69813.png
3457.1171875	0.0	image/855	855	1770044	nsd/62006.png
3457.91796875	0.0	image/916	916	1770454	nsd/66421.png
3458.734375	0.0	image/922	922	1770872	nsd/66773.png
3459.5234375	0.0	image/915	915	1771276	nsd/66342.png
3460.341796875	0.0	image/871	871	1771695	nsd/63449.png
3461.16796875	0.0	image/843	843	1772118	nsd/61216.png
3462.775390625	0.0	image/901	901	1772941	nsd/65639.png
3463.609375	0.0	image/875	875	1773368	nsd/63922.png
3464.392578125	0.0	image/949	949	1773769	nsd/69007.png
3465.171875	0.0	image/848	848	1774168	nsd/61748.png
3466.79296875	0.0	image/856	856	1774998	nsd/62015.png
3467.587890625	0.0	image/854	854	1775405	nsd/61972.png
3468.376953125	0.0	image/913	913	1775809	nsd/66278.png
3469.16015625	0.0	image/862	862	1776210	nsd/62479.png
3469.943359375	0.0	image/928	928	1776611	nsd/67168.png
3470.744140625	0.0	image/883	883	1777021	nsd/64615.png
3471.52734375	0.0	image/916	916	1777422	nsd/66421.png
3472.310546875	0.0	image/932	932	1777823	nsd/67295.png
3473.14453125	0.0	image/943	943	1778250	nsd/68471.png
3473.927734375	0.0	image/871	871	1778651	nsd/63449.png
3474.712890625	0.0	image/955	955	1779053	nsd/69442.png
3475.49609375	0.0	image/905	905	1779454	nsd/65799.png
3476.330078125	0.0	image/862	862	1779881	nsd/62479.png
3477.12890625	0.0	image/893	893	1780290	nsd/65148.png
3477.90625	0.0	image/874	874	1780688	nsd/63825.png
3478.6953125	0.0	image/865	865	1781092	nsd/62683.png
3479.49609375	0.0	image/958	958	1781502	nsd/69616.png
3480.310546875	0.0	image/936	936	1781919	nsd/67829.png
3481.095703125	0.0	image/896	896	1782321	nsd/65253.png
3481.880859375	0.0	image/935	935	1782723	nsd/67802.png
3482.6640625	0.0	image/942	942	1783124	nsd/68418.png
3483.447265625	0.0	image/898	898	1783525	nsd/65376.png
3484.25	0.0	image/856	856	1783936	nsd/62015.png
