onset	duration	trial_type	value	sample	stim_file
1.7265625	0.0	image/25	25	884	train2017/000000527618.jpg
2.51953125	0.0	image/7	7	1290	train2017/000000000605.jpg
4.087890625	0.0	image/9	9	2093	train2017/000000000650.jpg
4.88671875	0.0	image/38	38	2502	train2017/000000312536.jpg
5.66015625	0.0	image/45	45	2898	train2017/000000531392.jpg
6.494140625	0.0	image/56	56	3325	train2017/000000008998.jpg
7.287109375	0.0	image/54	54	3731	train2017/000000532753.jpg
8.89453125	0.0	image/119	119	4554	train2017/000000545950.jpg
9.7109375	0.0	image/40	40	4972	train2017/000000268114.jpg
10.490234375	0.0	image/33	33	5371	train2017/000000267338.jpg
11.259765625	0.0	image/36	36	5765	train2017/000000267699.jpg
12.044921875	0.0	image/24	24	6167	train2017/000000265453.jpg
12.828125	0.0	image/21	21	6568	train2017/000000274108.jpg
13.60546875	0.0	image/55	55	6966	train2017/000000533231.jpg
14.373046875	0.0	image/15	15	7359	train2017/000000264396.jpg
15.162109375	0.0	image/74	74	7763	train2017/000000275663.jpg
16.796875	0.0	image/48	48	8600	train2017/000000011299.jpg
18.4140625	0.0	image/97	97	9428	train2017/000000279197.jpg
19.23046875	0.0	image/82	82	9846	train2017/000000539395.jpg
20.025390625	0.0	image/10	10	10253	train2017/000000001308.jpg
20.830078125	0.0	image/2	2	10665	train2017/000000262239.jpg
21.615234375	0.0	image/98	98	11067	train2017/000000541472.jpg
22.408203125	0.0	image/76	76	11473	train2017/000000275902.jpg
23.19140625	0.0	image/19	19	11874	train2017/000000526968.jpg
23.9609375	0.0	image/6	6	12268	train2017/000000000584.jpg
24.748046875	0.0	image/52	52	12671	train2017/000000008053.jpg
25.58203125	0.0	image/8	8	13098	train2017/000000000625.jpg
26.361328125	0.0	image/96	96	13497	train2017/000000541258.jpg
27.166015625	0.0	image/70	70	13909	train2017/000000536786.jpg
27.994140625	0.0	image/12	12	14333	train2017/000000525790.jpg
28.80078125	0.0	image/27	27	14746	train2017/000000265745.jpg
29.595703125	0.0	image/39	39	15153	train2017/000000268008.jpg
30.39453125	0.0	image/116	116	15562	train2017/000000283426.jpg
32.017578125	0.0	image/111	111	16393	train2017/000000020517.jpg
32.833984375	0.0	image/11	11	16811	train2017/000000263599.jpg
34.435546875	0.0	image/66	66	17631	train2017/000000273250.jpg
36.01953125	0.0	image/102	102	18442	train2017/000000018078.jpg
36.796875	0.0	image/100	100	18840	train2017/000000541856.jpg
37.619140625	0.0	image/47	47	19261	train2017/000000531828.jpg
39.21875	0.0	image/64	64	20080	train2017/000000273138.jpg
40.853515625	0.0	image/36	36	20917	train2017/000000267699.jpg
41.6875	0.0	image/107	107	21344	train2017/000000543254.jpg
42.50390625	0.0	image/26	26	21762	train2017/000000003521.jpg
44.103515625	0.0	image/57	57	22581	train2017/000000001625.jpg
44.919921875	0.0	image/94	94	22999	train2017/000000278962.jpg
45.748046875	0.0	image/8	8	23423	train2017/000000000625.jpg
46.55078125	0.0	image/107	107	23834	train2017/000000543254.jpg
47.35546875	0.0	image/5	5	24246	train2017/000000262690.jpg
48.1328125	0.0	image/58	58	24644	train2017/000000534259.jpg
48.91796875	0.0	image/32	32	25046	train2017/000000005028.jpg
49.72265625	0.0	image/53	53	25458	train2017/000000270278.jpg
50.505859375	0.0	image/23	23	25859	train2017/000000265150.jpg
51.31640625	0.0	image/115	115	26274	train2017/000000021095.jpg
52.140625	0.0	image/58	58	26696	train2017/000000534259.jpg
52.93359375	0.0	image/37	37	27102	train2017/000000005684.jpg
53.71875	0.0	image/65	65	27504	train2017/000000273147.jpg
54.5234375	0.0	image/42	42	27916	train2017/000000268659.jpg
56.140625	0.0	image/78	78	28744	train2017/000000013969.jpg
56.94140625	0.0	image/104	104	29154	train2017/000000018367.jpg
57.751953125	0.0	image/33	33	29569	train2017/000000267338.jpg
58.54296875	0.0	image/71	71	29974	train2017/000000536884.jpg
59.326171875	0.0	image/99	99	30375	train2017/000000271183.jpg
60.91015625	0.0	image/73	73	31186	train2017/000000537393.jpg
61.736328125	0.0	image/86	86	31609	train2017/000000539879.jpg
62.521484375	0.0	image/1	1	32011	train2017/000000262145.jpg
63.34375	0.0	image/114	114	32432	train2017/000000571485.jpg
64.171875	0.0	image/93	93	32856	train2017/000000541077.jpg
64.970703125	0.0	image/69	69	33265	train2017/000000011856.jpg
65.77734375	0.0	image/21	21	33678	train2017/000000274108.jpg
67.4453125	0.0	image/3	3	34532	train2017/000000262414.jpg
68.244140625	0.0	image/110	110	34941	train2017/000000019863.jpg
69.078125	0.0	image/105	105	35368	train2017/000000280764.jpg
69.873046875	0.0	image/10	10	35775	train2017/000000001308.jpg
70.6953125	0.0	image/99	99	36196	train2017/000000271183.jpg
72.263671875	0.0	image/108	108	36999	train2017/000000281330.jpg
73.041015625	0.0	image/109	109	37397	train2017/000000544060.jpg
73.845703125	0.0	image/82	82	37809	train2017/000000539395.jpg
74.625	0.0	image/48	48	38208	train2017/000000011299.jpg
75.408203125	0.0	image/92	92	38609	train2017/000000278714.jpg
77.03125	0.0	image/23	23	39440	train2017/000000265150.jpg
77.83203125	0.0	image/69	69	39850	train2017/000000011856.jpg
78.6484375	0.0	image/46	46	40268	train2017/000000531515.jpg
79.4765625	0.0	image/80	80	40692	train2017/000000538822.jpg
80.28125	0.0	image/35	35	41104	train2017/000000267647.jpg
81.111328125	0.0	image/106	106	41529	train2017/000000280808.jpg
81.8984375	0.0	image/19	19	41932	train2017/000000526968.jpg
82.7109375	0.0	image/88	88	42348	train2017/000000540538.jpg
83.4765625	0.0	image/18	18	42740	train2017/000000264735.jpg
84.30078125	0.0	image/47	47	43162	train2017/000000531828.jpg
85.09375	0.0	image/32	32	43568	train2017/000000005028.jpg
85.876953125	0.0	image/77	77	43969	train2017/000000275938.jpg
86.66796875	0.0	image/115	115	44374	train2017/000000021095.jpg
87.44921875	0.0	image/38	38	44774	train2017/000000312536.jpg
88.28125	0.0	image/62	62	45200	train2017/000000010903.jpg
89.068359375	0.0	image/100	100	45603	train2017/000000541856.jpg
89.896484375	0.0	image/90	90	46027	train2017/000000278555.jpg
90.703125	0.0	image/103	103	46440	train2017/000000280484.jpg
91.486328125	0.0	image/91	91	46841	train2017/000000540735.jpg
92.3125	0.0	image/40	40	47264	train2017/000000268114.jpg
93.1015625	0.0	image/80	80	47668	train2017/000000538822.jpg
93.88671875	0.0	image/74	74	48070	train2017/000000275663.jpg
94.669921875	0.0	image/87	87	48471	train2017/000000300383.jpg
95.46875	0.0	image/75	75	48880	train2017/000000399878.jpg
96.25390625	0.0	image/89	89	49282	train2017/000000016314.jpg
97.087890625	0.0	image/27	27	49709	train2017/000000265745.jpg
97.919921875	0.0	image/11	11	50135	train2017/000000263599.jpg
98.697265625	0.0	image/77	77	50533	train2017/000000275938.jpg
99.470703125	0.0	image/120	120	50929	train2017/000000021718.jpg
100.287109375	0.0	image/15	15	51347	train2017/000000264396.jpg
101.099609375	0.0	image/35	35	51763	train2017/000000267647.jpg
101.8671875	0.0	image/31	31	52156	train2017/000000266622.jpg
102.66796875	0.0	image/72	72	52566	train2017/000000274978.jpg
103.455078125	0.0	image/118	118	52969	train2017/000000283678.jpg
104.25	0.0	image/1	1	53376	train2017/000000262145.jpg
105.05078125	0.0	image/30	30	53786	train2017/000000004442.jpg
105.8671875	0.0	image/55	55	54204	train2017/000000533231.jpg
106.673828125	0.0	image/108	108	54617	train2017/000000281330.jpg
107.47265625	0.0	image/39	39	55026	train2017/000000268008.jpg
108.306640625	0.0	image/17	17	55453	train2017/000000002372.jpg
109.123046875	0.0	image/7	7	55871	train2017/000000000605.jpg
109.951171875	0.0	image/113	113	56295	train2017/000000545160.jpg
110.7578125	0.0	image/61	61	56708	train2017/000000272901.jpg
111.576171875	0.0	image/37	37	57127	train2017/000000005684.jpg
112.3515625	0.0	image/117	117	57524	train2017/000000396793.jpg
113.158203125	0.0	image/73	73	57937	train2017/000000537393.jpg
113.953125	0.0	image/81	81	58344	train2017/000000539340.jpg
114.7421875	0.0	image/85	85	58748	train2017/000000539705.jpg
115.55859375	0.0	image/22	22	59166	train2017/000000265023.jpg
116.37109375	0.0	image/20	20	59582	train2017/000000526980.jpg
117.17578125	0.0	image/72	72	59994	train2017/000000274978.jpg
118.7890625	0.0	image/109	109	60820	train2017/000000544060.jpg
119.60546875	0.0	image/14	14	61238	train2017/000000264244.jpg
120.40234375	0.0	image/87	87	61646	train2017/000000300383.jpg
121.154296875	0.0	image/68	68	62031	train2017/000000535871.jpg
121.94140625	0.0	image/94	94	62434	train2017/000000278962.jpg
123.556640625	0.0	image/18	18	63261	train2017/000000264735.jpg
124.37890625	0.0	image/68	68	63682	train2017/000000535871.jpg
125.173828125	0.0	image/106	106	64089	train2017/000000280808.jpg
125.955078125	0.0	image/30	30	64489	train2017/000000004442.jpg
126.74609375	0.0	image/41	41	64894	train2017/000000268418.jpg
127.546875	0.0	image/84	84	65304	train2017/000000570543.jpg
128.373046875	0.0	image/44	44	65727	train2017/000000007048.jpg
129.197265625	0.0	image/75	75	66149	train2017/000000399878.jpg
130.03125	0.0	image/34	34	66576	train2017/000000005277.jpg
130.830078125	0.0	image/66	66	66985	train2017/000000273250.jpg
131.640625	0.0	image/51	51	67400	train2017/000000008027.jpg
132.431640625	0.0	image/85	85	67805	train2017/000000539705.jpg
133.21484375	0.0	image/61	61	68206	train2017/000000272901.jpg
134.015625	0.0	image/31	31	68616	train2017/000000266622.jpg
134.79296875	0.0	image/60	60	69014	train2017/000000010710.jpg
135.599609375	0.0	image/112	112	69427	train2017/000000544926.jpg
136.416015625	0.0	image/22	22	69845	train2017/000000265023.jpg
137.25	0.0	image/98	98	70272	train2017/000000541472.jpg
138.076171875	0.0	image/51	51	70695	train2017/000000008027.jpg
138.900390625	0.0	image/93	93	71117	train2017/000000541077.jpg
139.7109375	0.0	image/120	120	71532	train2017/000000021718.jpg
140.484375	0.0	image/28	28	71928	train2017/000000558788.jpg
141.30078125	0.0	image/12	12	72346	train2017/000000525790.jpg
142.1015625	0.0	image/57	57	72756	train2017/000000001625.jpg
143.728515625	0.0	image/14	14	73589	train2017/000000264244.jpg
144.529296875	0.0	image/63	63	73999	train2017/000000273120.jpg
145.333984375	0.0	image/24	24	74411	train2017/000000265453.jpg
146.11328125	0.0	image/76	76	74810	train2017/000000275902.jpg
146.87890625	0.0	image/4	4	75202	train2017/000000524646.jpg
147.703125	0.0	image/20	20	75624	train2017/000000526980.jpg
148.49609375	0.0	image/70	70	76030	train2017/000000536786.jpg
149.279296875	0.0	image/88	88	76431	train2017/000000540538.jpg
150.046875	0.0	image/3	3	76824	train2017/000000262414.jpg
150.853515625	0.0	image/111	111	77237	train2017/000000020517.jpg
151.646484375	0.0	image/6	6	77643	train2017/000000000584.jpg
152.46875	0.0	image/46	46	78064	train2017/000000531515.jpg
153.298828125	0.0	image/79	79	78489	train2017/000000276664.jpg
154.12109375	0.0	image/110	110	78910	train2017/000000019863.jpg
155.732421875	0.0	image/59	59	79735	train2017/000000010046.jpg
156.498046875	0.0	image/91	91	80127	train2017/000000540735.jpg
157.2890625	0.0	image/83	83	80532	train2017/000000277524.jpg
158.099609375	0.0	image/65	65	80947	train2017/000000273147.jpg
158.873046875	0.0	image/64	64	81343	train2017/000000273138.jpg
159.650390625	0.0	image/117	117	81741	train2017/000000396793.jpg
160.466796875	0.0	image/92	92	82159	train2017/000000278714.jpg
161.2890625	0.0	image/17	17	82580	train2017/000000002372.jpg
162.1171875	0.0	image/16	16	83004	train2017/000000002270.jpg
162.939453125	0.0	image/103	103	83425	train2017/000000280484.jpg
163.724609375	0.0	image/104	104	83827	train2017/000000018367.jpg
164.53515625	0.0	image/113	113	84242	train2017/000000545160.jpg
165.341796875	0.0	image/44	44	84655	train2017/000000007048.jpg
166.125	0.0	image/54	54	85056	train2017/000000532753.jpg
166.91796875	0.0	image/53	53	85462	train2017/000000270278.jpg
167.7421875	0.0	image/56	56	85884	train2017/000000008998.jpg
168.525390625	0.0	image/67	67	86285	train2017/000000011358.jpg
169.3203125	0.0	image/50	50	86692	train2017/000000007932.jpg
170.125	0.0	image/5	5	87104	train2017/000000262690.jpg
170.9375	0.0	image/13	13	87520	train2017/000000525932.jpg
172.509765625	0.0	image/102	102	88325	train2017/000000018078.jpg
173.29296875	0.0	image/79	79	88726	train2017/000000276664.jpg
174.09375	0.0	image/49	49	89136	train2017/000000219750.jpg
174.91015625	0.0	image/81	81	89554	train2017/000000539340.jpg
175.7265625	0.0	image/114	114	89972	train2017/000000571485.jpg
177.310546875	0.0	image/45	45	90783	train2017/000000531392.jpg
178.08984375	0.0	image/101	101	91182	train2017/000000017967.jpg
179.712890625	0.0	image/119	119	92013	train2017/000000545950.jpg
180.521484375	0.0	image/34	34	92427	train2017/000000005277.jpg
181.3125	0.0	image/49	49	92832	train2017/000000219750.jpg
182.146484375	0.0	image/63	63	93259	train2017/000000273120.jpg
182.98046875	0.0	image/9	9	93686	train2017/000000000650.jpg
183.763671875	0.0	image/78	78	94087	train2017/000000013969.jpg
184.57421875	0.0	image/50	50	94502	train2017/000000007932.jpg
185.396484375	0.0	image/28	28	94923	train2017/000000558788.jpg
186.20703125	0.0	image/60	60	95338	train2017/000000010710.jpg
186.974609375	0.0	image/4	4	95731	train2017/000000524646.jpg
187.78125	0.0	image/84	84	96144	train2017/000000570543.jpg
188.564453125	0.0	image/43	43	96545	train2017/000000006765.jpg
189.341796875	0.0	image/118	118	96943	train2017/000000283678.jpg
190.130859375	0.0	image/62	62	97347	train2017/000000010903.jpg
190.94921875	0.0	image/95	95	97766	train2017/000000016898.jpg
191.7265625	0.0	image/90	90	98164	train2017/000000278555.jpg
192.498046875	0.0	image/67	67	98559	train2017/000000011358.jpg
193.31640625	0.0	image/71	71	98978	train2017/000000536884.jpg
194.150390625	0.0	image/29	29	99405	train2017/000000393907.jpg
194.927734375	0.0	image/41	41	99803	train2017/000000268418.jpg
195.732421875	0.0	image/86	86	100215	train2017/000000539879.jpg
196.544921875	0.0	image/52	52	100631	train2017/000000008053.jpg
197.349609375	0.0	image/29	29	101043	train2017/000000393907.jpg
198.177734375	0.0	image/89	89	101467	train2017/000000016314.jpg
198.99609375	0.0	image/95	95	101886	train2017/000000016898.jpg
199.8125	0.0	image/26	26	102304	train2017/000000003521.jpg
200.595703125	0.0	image/101	101	102705	train2017/000000017967.jpg
201.40234375	0.0	image/116	116	103118	train2017/000000283426.jpg
202.228515625	0.0	image/2	2	103541	train2017/000000262239.jpg
202.99609375	0.0	image/13	13	103934	train2017/000000525932.jpg
203.802734375	0.0	image/83	83	104347	train2017/000000277524.jpg
204.5859375	0.0	image/59	59	104748	train2017/000000010046.jpg
205.365234375	0.0	image/42	42	105147	train2017/000000268659.jpg
206.1875	0.0	image/43	43	105568	train2017/000000006765.jpg
206.986328125	0.0	image/105	105	105977	train2017/000000280764.jpg
208.587890625	0.0	image/96	96	106797	train2017/000000541258.jpg
209.37109375	0.0	image/16	16	107198	train2017/000000002270.jpg
210.1484375	0.0	image/25	25	107596	train2017/000000527618.jpg
210.9375	0.0	image/112	112	108000	train2017/000000544926.jpg
212.505859375	0.0	image/97	97	108803	train2017/000000279197.jpg
220.2265625	0.0	image/230	230	112756	train2017/000000573337.jpg
221.009765625	0.0	image/178	178	113157	train2017/000000355458.jpg
221.826171875	0.0	image/203	203	113575	train2017/000000566261.jpg
222.62109375	0.0	image/202	202	113982	train2017/000000566201.jpg
223.41015625	0.0	image/233	233	114386	train2017/000000532520.jpg
224.220703125	0.0	image/226	226	114801	train2017/000000571499.jpg
224.98828125	0.0	image/238	238	115194	train2017/000000050624.jpg
225.7890625	0.0	image/193	193	115604	train2017/000000564465.jpg
226.59375	0.0	image/231	231	116016	train2017/000000270325.jpg
227.40625	0.0	image/233	233	116432	train2017/000000532520.jpg
228.189453125	0.0	image/232	232	116833	train2017/000000311232.jpg
228.99609375	0.0	image/236	236	117246	train2017/000000574760.jpg
229.794921875	0.0	image/131	131	117655	train2017/000000549301.jpg
230.580078125	0.0	image/229	229	118057	train2017/000000310870.jpg
231.396484375	0.0	image/235	235	118475	train2017/000000050256.jpg
232.228515625	0.0	image/217	217	118901	train2017/000000306988.jpg
233.013671875	0.0	image/125	125	119303	train2017/000000022964.jpg
233.837890625	0.0	image/147	147	119725	train2017/000000289791.jpg
234.609375	0.0	image/141	141	120120	train2017/000000026981.jpg
235.396484375	0.0	image/201	201	120523	train2017/000000041606.jpg
236.23046875	0.0	image/209	209	120950	train2017/000000043176.jpg
237.03125	0.0	image/149	149	121360	train2017/000000290192.jpg
237.826171875	0.0	image/126	126	121767	train2017/000000547367.jpg
238.591796875	0.0	image/145	145	122159	train2017/000000027298.jpg
239.392578125	0.0	image/154	154	122569	train2017/000000291560.jpg
241.0	0.0	image/234	234	123392	train2017/000000312003.jpg
241.83203125	0.0	image/230	230	123818	train2017/000000573337.jpg
242.650390625	0.0	image/124	124	124237	train2017/000000122964.jpg
243.4609375	0.0	image/168	168	124652	train2017/000000557848.jpg
244.27734375	0.0	image/135	135	125070	train2017/000000288372.jpg
245.080078125	0.0	image/214	214	125481	train2017/000000306031.jpg
245.8828125	0.0	image/225	225	125892	train2017/000000047172.jpg
246.66796875	0.0	image/159	159	126294	train2017/000000292845.jpg
247.4609375	0.0	image/150	150	126700	train2017/000000552589.jpg
248.26953125	0.0	image/163	163	127114	train2017/000000032134.jpg
249.095703125	0.0	image/167	167	127537	train2017/000000032809.jpg
250.701171875	0.0	image/211	211	128359	train2017/000000567837.jpg
251.517578125	0.0	image/175	175	128777	train2017/000000559225.jpg
252.302734375	0.0	image/206	206	129179	train2017/000000263276.jpg
253.11328125	0.0	image/237	237	129594	train2017/000000095809.jpg
253.896484375	0.0	image/169	169	129995	train2017/000000557886.jpg
255.453125	0.0	image/190	190	130792	train2017/000000038801.jpg
257.103515625	0.0	image/132	132	131637	train2017/000000549830.jpg
257.916015625	0.0	image/145	145	132053	train2017/000000027298.jpg
258.720703125	0.0	image/162	162	132465	train2017/000000293372.jpg
259.515625	0.0	image/173	173	132872	train2017/000000559816.jpg
260.298828125	0.0	image/169	169	133273	train2017/000000557886.jpg
261.1015625	0.0	image/172	172	133684	train2017/000000558822.jpg
261.888671875	0.0	image/186	186	134087	train2017/000000037358.jpg
262.71875	0.0	image/170	170	134512	train2017/000000033727.jpg
263.5390625	0.0	image/143	143	134932	train2017/000000027030.jpg
264.349609375	0.0	image/146	146	135347	train2017/000000289460.jpg
265.15625	0.0	image/138	138	135760	train2017/000000288751.jpg
265.939453125	0.0	image/151	151	136161	train2017/000000553150.jpg
267.541015625	0.0	image/153	153	136981	train2017/000000553586.jpg
268.32421875	0.0	image/125	125	137382	train2017/000000022964.jpg
269.134765625	0.0	image/139	139	137797	train2017/000000026702.jpg
269.91796875	0.0	image/207	207	138198	train2017/000000042578.jpg
270.70703125	0.0	image/163	163	138602	train2017/000000032134.jpg
271.501953125	0.0	image/199	199	139009	train2017/000000565652.jpg
273.05859375	0.0	image/122	122	139806	train2017/000000546147.jpg
273.875	0.0	image/236	236	140224	train2017/000000574760.jpg
274.658203125	0.0	image/187	187	140625	train2017/000000037779.jpg
275.44140625	0.0	image/122	122	141026	train2017/000000546147.jpg
276.2265625	0.0	image/221	221	141428	train2017/000000575701.jpg
277.0546875	0.0	image/196	196	141852	train2017/000000574784.jpg
277.83984375	0.0	image/162	162	142254	train2017/000000293372.jpg
278.65625	0.0	image/138	138	142672	train2017/000000288751.jpg
279.470703125	0.0	image/134	134	143089	train2017/000000550396.jpg
280.244140625	0.0	image/146	146	143485	train2017/000000289460.jpg
281.060546875	0.0	image/159	159	143903	train2017/000000292845.jpg
281.83984375	0.0	image/134	134	144302	train2017/000000550396.jpg
282.623046875	0.0	image/191	191	144703	train2017/000000039196.jpg
283.427734375	0.0	image/142	142	145115	train2017/000000027002.jpg
284.99609375	0.0	image/121	121	145918	train2017/000000546140.jpg
285.830078125	0.0	image/124	124	146345	train2017/000000122964.jpg
286.607421875	0.0	image/168	168	146743	train2017/000000557848.jpg
287.390625	0.0	image/188	188	147144	train2017/000000037823.jpg
289.025390625	0.0	image/219	219	147981	train2017/000000219735.jpg
289.84765625	0.0	image/177	177	148402	train2017/000000573830.jpg
290.625	0.0	image/222	222	148800	train2017/000000308950.jpg
291.431640625	0.0	image/206	206	149213	train2017/000000263276.jpg
292.23046875	0.0	image/139	139	149622	train2017/000000026702.jpg
293.015625	0.0	image/211	211	150024	train2017/000000567837.jpg
294.6484375	0.0	image/219	219	150860	train2017/000000219735.jpg
295.458984375	0.0	image/181	181	151275	train2017/000000035927.jpg
296.248046875	0.0	image/132	132	151679	train2017/000000549830.jpg
297.033203125	0.0	image/166	166	152081	train2017/000000556748.jpg
297.84375	0.0	image/217	217	152496	train2017/000000306988.jpg
298.666015625	0.0	image/161	161	152917	train2017/000000293368.jpg
299.4765625	0.0	image/171	171	153332	train2017/000000033764.jpg
300.279296875	0.0	image/166	166	153743	train2017/000000556748.jpg
301.05078125	0.0	image/192	192	154138	train2017/000000225054.jpg
301.876953125	0.0	image/208	208	154561	train2017/000000043150.jpg
302.677734375	0.0	image/238	238	154971	train2017/000000050624.jpg
303.494140625	0.0	image/141	141	155389	train2017/000000026981.jpg
304.3125	0.0	image/195	195	155808	train2017/000000040685.jpg
305.91796875	0.0	image/190	190	156630	train2017/000000038801.jpg
306.736328125	0.0	image/129	129	157049	train2017/000000023392.jpg
307.564453125	0.0	image/127	127	157473	train2017/000000285450.jpg
309.15234375	0.0	image/196	196	158286	train2017/000000574784.jpg
309.9296875	0.0	image/212	212	158684	train2017/000000043776.jpg
310.71484375	0.0	image/186	186	159086	train2017/000000037358.jpg
311.498046875	0.0	image/222	222	159487	train2017/000000308950.jpg
312.314453125	0.0	image/148	148	159905	train2017/000000027665.jpg
313.115234375	0.0	image/240	240	160315	train2017/000000575971.jpg
313.9375	0.0	image/210	210	160736	train2017/000000305685.jpg
314.748046875	0.0	image/136	136	161151	train2017/000000026388.jpg
315.515625	0.0	image/147	147	161544	train2017/000000289791.jpg
316.322265625	0.0	image/131	131	161957	train2017/000000549301.jpg
317.10546875	0.0	image/212	212	162358	train2017/000000043776.jpg
317.8828125	0.0	image/158	158	162756	train2017/000000030148.jpg
318.66015625	0.0	image/156	156	163154	train2017/000000029732.jpg
319.48828125	0.0	image/203	203	163578	train2017/000000566261.jpg
320.283203125	0.0	image/165	165	163985	train2017/000000032275.jpg
321.10546875	0.0	image/151	151	164406	train2017/000000553150.jpg
322.72265625	0.0	image/202	202	165234	train2017/000000566201.jpg
323.53515625	0.0	image/149	149	165650	train2017/000000290192.jpg
324.318359375	0.0	image/228	228	166051	train2017/000000572215.jpg
325.94140625	0.0	image/157	157	166882	train2017/000000030109.jpg
326.775390625	0.0	image/173	173	167309	train2017/000000559816.jpg
327.55859375	0.0	image/235	235	167710	train2017/000000050256.jpg
328.388671875	0.0	image/215	215	168135	train2017/000000306249.jpg
329.208984375	0.0	image/191	191	168555	train2017/000000039196.jpg
330.025390625	0.0	image/194	194	168973	train2017/000000302588.jpg
330.826171875	0.0	image/183	183	169383	train2017/000000298395.jpg
331.66015625	0.0	image/200	200	169810	train2017/000000565834.jpg
332.43359375	0.0	image/133	133	170206	train2017/000000026029.jpg
333.244140625	0.0	image/195	195	170621	train2017/000000040685.jpg
334.02734375	0.0	image/158	158	171022	train2017/000000030148.jpg
334.8203125	0.0	image/121	121	171428	train2017/000000546140.jpg
335.58984375	0.0	image/130	130	171822	train2017/000000548593.jpg
336.39453125	0.0	image/137	137	172234	train2017/000000026443.jpg
337.22265625	0.0	image/227	227	172658	train2017/000000047638.jpg
338.02734375	0.0	image/177	177	173070	train2017/000000573830.jpg
339.62890625	0.0	image/140	140	173890	train2017/000000551164.jpg
340.4296875	0.0	image/176	176	174300	train2017/000000297154.jpg
341.2578125	0.0	image/189	189	174724	train2017/000000300881.jpg
342.044921875	0.0	image/192	192	175127	train2017/000000225054.jpg
342.86328125	0.0	image/180	180	175546	train2017/000000297844.jpg
343.697265625	0.0	image/182	182	175973	train2017/000000298170.jpg
344.490234375	0.0	image/154	154	176379	train2017/000000291560.jpg
345.2578125	0.0	image/214	214	176772	train2017/000000306031.jpg
346.041015625	0.0	image/136	136	177173	train2017/000000026388.jpg
346.810546875	0.0	image/224	224	177567	train2017/000000309192.jpg
347.611328125	0.0	image/216	216	177977	train2017/000000225829.jpg
348.392578125	0.0	image/205	205	178377	train2017/000000566341.jpg
349.998046875	0.0	image/179	179	179199	train2017/000000559958.jpg
350.83203125	0.0	image/240	240	179626	train2017/000000575971.jpg
351.6484375	0.0	image/208	208	180044	train2017/000000043150.jpg
352.443359375	0.0	image/140	140	180451	train2017/000000551164.jpg
353.265625	0.0	image/205	205	180872	train2017/000000566341.jpg
354.900390625	0.0	image/210	210	181709	train2017/000000305685.jpg
355.693359375	0.0	image/157	157	182115	train2017/000000030109.jpg
356.478515625	0.0	image/185	185	182517	train2017/000000036589.jpg
357.26171875	0.0	image/170	170	182918	train2017/000000033727.jpg
358.900390625	0.0	image/187	187	183757	train2017/000000037779.jpg
359.71875	0.0	image/204	204	184176	train2017/000000304187.jpg
360.49609375	0.0	image/152	152	184574	train2017/000000553166.jpg
362.0859375	0.0	image/144	144	185388	train2017/000000354070.jpg
362.896484375	0.0	image/215	215	185803	train2017/000000306249.jpg
364.46875	0.0	image/227	227	186608	train2017/000000047638.jpg
365.263671875	0.0	image/229	229	187015	train2017/000000310870.jpg
366.03125	0.0	image/237	237	187408	train2017/000000095809.jpg
366.8203125	0.0	image/135	135	187812	train2017/000000288372.jpg
367.63671875	0.0	image/182	182	188230	train2017/000000298170.jpg
368.447265625	0.0	image/188	188	188645	train2017/000000037823.jpg
369.236328125	0.0	image/165	165	189049	train2017/000000032275.jpg
370.021484375	0.0	image/224	224	189451	train2017/000000309192.jpg
371.654296875	0.0	image/183	183	190287	train2017/000000298395.jpg
372.482421875	0.0	image/184	184	190711	train2017/000000006053.jpg
373.2890625	0.0	image/198	198	191124	train2017/000000303436.jpg
374.08984375	0.0	image/223	223	191534	train2017/000000309135.jpg
374.884765625	0.0	image/228	228	191941	train2017/000000572215.jpg
375.70703125	0.0	image/171	171	192362	train2017/000000033764.jpg
376.5	0.0	image/201	201	192768	train2017/000000041606.jpg
377.306640625	0.0	image/209	209	193181	train2017/000000043176.jpg
378.123046875	0.0	image/137	137	193599	train2017/000000026443.jpg
378.935546875	0.0	image/150	150	194015	train2017/000000552589.jpg
379.71875	0.0	image/160	160	194416	train2017/000000293130.jpg
380.53515625	0.0	image/220	220	194834	train2017/000000569645.jpg
381.337890625	0.0	image/127	127	195245	train2017/000000285450.jpg
382.107421875	0.0	image/197	197	195639	train2017/000000303392.jpg
382.908203125	0.0	image/216	216	196049	train2017/000000225829.jpg
383.703125	0.0	image/193	193	196456	train2017/000000564465.jpg
384.5078125	0.0	image/152	152	196868	train2017/000000553166.jpg
385.29296875	0.0	image/174	174	197270	train2017/000000559145.jpg
386.087890625	0.0	image/239	239	197677	train2017/000000313480.jpg
386.91015625	0.0	image/218	218	198098	train2017/000000569196.jpg
387.736328125	0.0	image/184	184	198521	train2017/000000006053.jpg
388.521484375	0.0	image/180	180	198923	train2017/000000297844.jpg
389.287109375	0.0	image/179	179	199315	train2017/000000559958.jpg
390.09375	0.0	image/123	123	199728	train2017/000000022256.jpg
390.904296875	0.0	image/220	220	200143	train2017/000000569645.jpg
391.7109375	0.0	image/155	155	200556	train2017/000000029730.jpg
392.505859375	0.0	image/175	175	200963	train2017/000000559225.jpg
393.2890625	0.0	image/142	142	201364	train2017/000000027002.jpg
394.111328125	0.0	image/239	239	201785	train2017/000000313480.jpg
395.6953125	0.0	image/226	226	202596	train2017/000000571499.jpg
396.51171875	0.0	image/207	207	203014	train2017/000000042578.jpg
397.2890625	0.0	image/153	153	203412	train2017/000000553586.jpg
398.080078125	0.0	image/123	123	203817	train2017/000000022256.jpg
398.912109375	0.0	image/223	223	204243	train2017/000000309135.jpg
399.724609375	0.0	image/194	194	204659	train2017/000000302588.jpg
400.529296875	0.0	image/164	164	205071	train2017/000000556542.jpg
401.330078125	0.0	image/199	199	205481	train2017/000000565652.jpg
402.140625	0.0	image/133	133	205896	train2017/000000026029.jpg
402.908203125	0.0	image/155	155	206289	train2017/000000029730.jpg
403.724609375	0.0	image/213	213	206707	train2017/000000043815.jpg
404.52734375	0.0	image/156	156	207118	train2017/000000029732.jpg
405.34765625	0.0	image/126	126	207538	train2017/000000547367.jpg
406.1484375	0.0	image/221	221	207948	train2017/000000575701.jpg
406.927734375	0.0	image/178	178	208347	train2017/000000355458.jpg
407.71484375	0.0	image/144	144	208750	train2017/000000354070.jpg
408.52734375	0.0	image/225	225	209166	train2017/000000047172.jpg
409.310546875	0.0	image/129	129	209567	train2017/000000023392.jpg
410.1171875	0.0	image/198	198	209980	train2017/000000303436.jpg
410.93359375	0.0	image/160	160	210398	train2017/000000293130.jpg
411.7265625	0.0	image/130	130	210804	train2017/000000548593.jpg
412.544921875	0.0	image/189	189	211223	train2017/000000300881.jpg
413.3671875	0.0	image/200	200	211644	train2017/000000565834.jpg
414.146484375	0.0	image/164	164	212043	train2017/000000556542.jpg
414.9453125	0.0	image/176	176	212452	train2017/000000297154.jpg
415.748046875	0.0	image/218	218	212863	train2017/000000569196.jpg
416.53515625	0.0	image/204	204	213266	train2017/000000304187.jpg
417.3515625	0.0	image/172	172	213684	train2017/000000558822.jpg
418.185546875	0.0	image/197	197	214111	train2017/000000303392.jpg
418.962890625	0.0	image/185	185	214509	train2017/000000036589.jpg
419.78125	0.0	image/167	167	214928	train2017/000000032809.jpg
420.564453125	0.0	image/128	128	215329	train2017/000000547644.jpg
422.181640625	0.0	image/232	232	216157	train2017/000000311232.jpg
422.986328125	0.0	image/213	213	216569	train2017/000000043815.jpg
423.81640625	0.0	image/174	174	216994	train2017/000000559145.jpg
425.38671875	0.0	image/143	143	217798	train2017/000000027030.jpg
426.970703125	0.0	image/128	128	218609	train2017/000000547644.jpg
427.7890625	0.0	image/234	234	219028	train2017/000000312003.jpg
428.56640625	0.0	image/181	181	219426	train2017/000000035927.jpg
429.369140625	0.0	image/148	148	219837	train2017/000000027665.jpg
430.171875	0.0	image/161	161	220248	train2017/000000293368.jpg
430.966796875	0.0	image/231	231	220655	train2017/000000270325.jpg
437.48046875	0.0	image/345	345	223990	train2017/000000281567.jpg
438.2578125	0.0	image/327	327	224388	train2017/000000333152.jpg
439.0625	0.0	image/280	280	224800	train2017/000000322255.jpg
439.84765625	0.0	image/278	278	225202	train2017/000000009987.jpg
440.6640625	0.0	image/277	277	225620	train2017/000000009983.jpg
441.4921875	0.0	image/243	243	226044	train2017/000000560396.jpg
442.2578125	0.0	image/275	275	226436	train2017/000000403184.jpg
443.025390625	0.0	image/244	244	226829	train2017/000000314379.jpg
443.814453125	0.0	image/317	317	227233	train2017/000000069625.jpg
444.626953125	0.0	image/339	339	227649	train2017/000000072715.jpg
445.443359375	0.0	image/328	328	228067	train2017/000000071429.jpg
446.248046875	0.0	image/276	276	228479	train2017/000000322008.jpg
447.033203125	0.0	image/308	308	228881	train2017/000000067623.jpg
448.650390625	0.0	image/350	350	229709	train2017/000000074828.jpg
449.443359375	0.0	image/243	243	230115	train2017/000000560396.jpg
450.267578125	0.0	image/246	246	230537	train2017/000000576749.jpg
451.083984375	0.0	image/333	333	230955	train2017/000000334011.jpg
451.91796875	0.0	image/282	282	231382	train2017/000000053842.jpg
452.6953125	0.0	image/301	301	231780	train2017/000000066253.jpg
454.267578125	0.0	image/255	255	232585	train2017/000000055184.jpg
455.046875	0.0	image/349	349	232984	train2017/000000074714.jpg
455.8125	0.0	image/267	267	233376	train2017/000000057631.jpg
456.61328125	0.0	image/340	340	233786	train2017/000000335063.jpg
457.419921875	0.0	image/294	294	234199	train2017/000000325710.jpg
458.203125	0.0	image/275	275	234600	train2017/000000403184.jpg
458.98046875	0.0	image/324	324	234998	train2017/000000332692.jpg
459.763671875	0.0	image/265	265	235399	train2017/000000580813.jpg
460.5703125	0.0	image/315	315	235812	train2017/000000068623.jpg
461.3984375	0.0	image/332	332	236236	train2017/000000579906.jpg
462.986328125	0.0	image/273	273	237049	train2017/000000059321.jpg
464.587890625	0.0	image/357	357	237869	train2017/000000338987.jpg
465.37109375	0.0	image/242	242	238270	train2017/000000051774.jpg
466.19921875	0.0	image/343	343	238694	train2017/000000335824.jpg
466.96875	0.0	image/270	270	239088	train2017/000000058407.jpg
467.755859375	0.0	image/310	310	239491	train2017/000000330086.jpg
468.58984375	0.0	image/241	241	239918	train2017/000000576011.jpg
469.421875	0.0	image/305	305	240344	train2017/000000067347.jpg
470.234375	0.0	image/255	255	240760	train2017/000000055184.jpg
471.0390625	0.0	image/309	309	241172	train2017/000000330084.jpg
471.8515625	0.0	image/331	331	241588	train2017/000000333654.jpg
472.6171875	0.0	image/338	338	241980	train2017/000000334772.jpg
473.384765625	0.0	image/303	303	242373	train2017/000000328628.jpg
474.20703125	0.0	image/262	262	242794	train2017/000000318381.jpg
475.03515625	0.0	image/294	294	243218	train2017/000000325710.jpg
475.857421875	0.0	image/247	247	243639	train2017/000000576789.jpg
476.66796875	0.0	image/289	289	244054	train2017/000000061559.jpg
477.46875	0.0	image/333	333	244464	train2017/000000334011.jpg
478.2421875	0.0	image/299	299	244860	train2017/000000327191.jpg
479.01953125	0.0	image/254	254	245258	train2017/000000317061.jpg
479.802734375	0.0	image/286	286	245659	train2017/000000323397.jpg
480.609375	0.0	image/298	298	246072	train2017/000000065029.jpg
481.4375	0.0	image/288	288	246496	train2017/000000061288.jpg
482.203125	0.0	image/347	347	246888	train2017/000000074390.jpg
483.837890625	0.0	image/287	287	247725	train2017/000000061266.jpg
484.64453125	0.0	image/344	344	248138	train2017/000000073997.jpg
485.458984375	0.0	image/324	324	248555	train2017/000000332692.jpg
487.078125	0.0	image/315	315	249384	train2017/000000068623.jpg
487.888671875	0.0	image/347	347	249799	train2017/000000074390.jpg
488.6953125	0.0	image/271	271	250212	train2017/000000058465.jpg
489.51171875	0.0	image/336	336	250630	train2017/000000334208.jpg
490.345703125	0.0	image/257	257	251057	train2017/000000055206.jpg
491.15625	0.0	image/353	353	251472	train2017/000000338169.jpg
491.95703125	0.0	image/320	320	251882	train2017/000000332448.jpg
492.763671875	0.0	image/256	256	252295	train2017/000000009199.jpg
493.541015625	0.0	image/281	281	252693	train2017/000000323010.jpg
494.32421875	0.0	image/356	356	253094	train2017/000000012795.jpg
495.130859375	0.0	image/306	306	253507	train2017/000000281575.jpg
495.9140625	0.0	image/283	283	253908	train2017/000000359687.jpg
496.724609375	0.0	image/246	246	254323	train2017/000000576749.jpg
497.513671875	0.0	image/281	281	254727	train2017/000000323010.jpg
498.314453125	0.0	image/307	307	255137	train2017/000000329641.jpg
499.1484375	0.0	image/280	280	255564	train2017/000000322255.jpg
499.931640625	0.0	image/348	348	255965	train2017/000000074461.jpg
500.732421875	0.0	image/254	254	256375	train2017/000000317061.jpg
501.52734375	0.0	image/319	319	256782	train2017/000000332261.jpg
502.34375	0.0	image/323	323	257200	train2017/000000332574.jpg
503.142578125	0.0	image/277	277	257609	train2017/000000009983.jpg
503.966796875	0.0	image/355	355	258031	train2017/000000338670.jpg
504.783203125	0.0	image/290	290	258449	train2017/000000534553.jpg
505.578125	0.0	image/311	311	258856	train2017/000000067961.jpg
506.3828125	0.0	image/297	297	259268	train2017/000000065012.jpg
507.162109375	0.0	image/245	245	259667	train2017/000000052348.jpg
507.966796875	0.0	image/260	260	260079	train2017/000000055514.jpg
509.548828125	0.0	image/304	304	260889	train2017/000000066696.jpg
510.34765625	0.0	image/259	259	261298	train2017/000000055402.jpg
511.15234375	0.0	image/316	316	261710	train2017/000000246728.jpg
511.978515625	0.0	image/334	334	262133	train2017/000000334048.jpg
512.748046875	0.0	image/250	250	262527	train2017/000000577964.jpg
513.546875	0.0	image/283	283	262936	train2017/000000359687.jpg
514.3203125	0.0	image/295	295	263332	train2017/000000010743.jpg
515.09765625	0.0	image/332	332	263730	train2017/000000579906.jpg
515.88671875	0.0	image/335	335	264134	train2017/000000071927.jpg
516.703125	0.0	image/302	302	264552	train2017/000000328454.jpg
517.482421875	0.0	image/264	264	264951	train2017/000000001877.jpg
518.248046875	0.0	image/316	316	265343	train2017/000000246728.jpg
519.0703125	0.0	image/289	289	265764	train2017/000000061559.jpg
519.84765625	0.0	image/301	301	266162	train2017/000000066253.jpg
520.615234375	0.0	image/341	341	266555	train2017/000000492851.jpg
521.3828125	0.0	image/287	287	266948	train2017/000000061266.jpg
522.16796875	0.0	image/312	312	267350	train2017/000000068238.jpg
522.939453125	0.0	image/351	351	267745	train2017/000000337479.jpg
523.75	0.0	image/241	241	268160	train2017/000000576011.jpg
524.56640625	0.0	image/320	320	268578	train2017/000000332448.jpg
525.373046875	0.0	image/274	274	268991	train2017/000000321902.jpg
526.18359375	0.0	image/359	359	269406	train2017/000000078000.jpg
526.97265625	0.0	image/322	322	269810	train2017/000000070421.jpg
527.76953125	0.0	image/330	330	270218	train2017/000000333629.jpg
528.568359375	0.0	image/326	326	270627	train2017/000000332875.jpg
529.35546875	0.0	image/343	343	271030	train2017/000000335824.jpg
530.150390625	0.0	image/274	274	271437	train2017/000000321902.jpg
530.935546875	0.0	image/291	291	271839	train2017/000000490875.jpg
531.71875	0.0	image/242	242	272240	train2017/000000051774.jpg
533.30859375	0.0	image/248	248	273054	train2017/000000455691.jpg
534.92578125	0.0	image/306	306	273882	train2017/000000281575.jpg
535.720703125	0.0	image/321	321	274289	train2017/000000332498.jpg
536.51953125	0.0	image/339	339	274698	train2017/000000072715.jpg
537.29296875	0.0	image/352	352	275094	train2017/000000274776.jpg
538.09375	0.0	image/327	327	275504	train2017/000000333152.jpg
539.701171875	0.0	image/342	342	276327	train2017/000000335688.jpg
540.517578125	0.0	image/308	308	276745	train2017/000000067623.jpg
541.306640625	0.0	image/267	267	277149	train2017/000000057631.jpg
542.078125	0.0	image/300	300	277544	train2017/000000065400.jpg
542.912109375	0.0	image/244	244	277971	train2017/000000314379.jpg
543.728515625	0.0	image/358	358	278389	train2017/000000077870.jpg
544.556640625	0.0	image/282	282	278813	train2017/000000053842.jpg
545.357421875	0.0	image/340	340	279223	train2017/000000335063.jpg
546.12890625	0.0	image/269	269	279618	train2017/000000320533.jpg
546.95703125	0.0	image/345	345	280042	train2017/000000281567.jpg
547.779296875	0.0	image/331	331	280463	train2017/000000333654.jpg
548.607421875	0.0	image/251	251	280887	train2017/000000053778.jpg
549.373046875	0.0	image/285	285	281279	train2017/000000061174.jpg
551.013671875	0.0	image/285	285	282119	train2017/000000061174.jpg
552.6484375	0.0	image/338	338	282956	train2017/000000334772.jpg
553.48046875	0.0	image/304	304	283382	train2017/000000066696.jpg
555.078125	0.0	image/263	263	284200	train2017/000000318444.jpg
555.865234375	0.0	image/260	260	284603	train2017/000000055514.jpg
556.693359375	0.0	image/296	296	285027	train2017/000000064534.jpg
557.494140625	0.0	image/312	312	285437	train2017/000000068238.jpg
558.283203125	0.0	image/276	276	285841	train2017/000000322008.jpg
559.060546875	0.0	image/321	321	286239	train2017/000000332498.jpg
559.8828125	0.0	image/300	300	286660	train2017/000000065400.jpg
560.693359375	0.0	image/351	351	287075	train2017/000000337479.jpg
561.494140625	0.0	image/348	348	287485	train2017/000000074461.jpg
562.265625	0.0	image/341	341	287880	train2017/000000492851.jpg
563.078125	0.0	image/291	291	288296	train2017/000000490875.jpg
563.861328125	0.0	image/252	252	288697	train2017/000000578169.jpg
564.66796875	0.0	image/302	302	289110	train2017/000000328454.jpg
565.451171875	0.0	image/293	293	289511	train2017/000000062547.jpg
566.24609375	0.0	image/360	360	289918	train2017/000000078042.jpg
567.048828125	0.0	image/335	335	290329	train2017/000000071927.jpg
568.69921875	0.0	image/337	337	291174	train2017/000000072095.jpg
569.513671875	0.0	image/334	334	291591	train2017/000000334048.jpg
570.287109375	0.0	image/279	279	291987	train2017/000000322246.jpg
571.0859375	0.0	image/352	352	292396	train2017/000000274776.jpg
571.869140625	0.0	image/358	358	292797	train2017/000000077870.jpg
572.6875	0.0	image/259	259	293216	train2017/000000055402.jpg
573.466796875	0.0	image/314	314	293615	train2017/000000055090.jpg
574.25390625	0.0	image/250	250	294018	train2017/000000577964.jpg
575.064453125	0.0	image/303	303	294433	train2017/000000328628.jpg
575.8671875	0.0	image/354	354	294844	train2017/000000076476.jpg
576.671875	0.0	image/310	310	295256	train2017/000000330086.jpg
577.44921875	0.0	image/248	248	295654	train2017/000000455691.jpg
578.248046875	0.0	image/278	278	296063	train2017/000000009987.jpg
579.021484375	0.0	image/326	326	296459	train2017/000000332875.jpg
579.833984375	0.0	image/353	353	296875	train2017/000000338169.jpg
580.60546875	0.0	image/265	265	297270	train2017/000000580813.jpg
581.421875	0.0	image/284	284	297688	train2017/000000323182.jpg
582.22265625	0.0	image/272	272	298098	train2017/000000359337.jpg
583.017578125	0.0	image/313	313	298505	train2017/000000011373.jpg
583.787109375	0.0	image/356	356	298899	train2017/000000012795.jpg
584.6171875	0.0	image/266	266	299324	train2017/000000056837.jpg
585.41796875	0.0	image/317	317	299734	train2017/000000069625.jpg
586.224609375	0.0	image/346	346	300147	train2017/000000336374.jpg
587.017578125	0.0	image/329	329	300553	train2017/000000333615.jpg
587.8359375	0.0	image/261	261	300972	train2017/000000317781.jpg
588.654296875	0.0	image/290	290	301391	train2017/000000534553.jpg
589.453125	0.0	image/344	344	301800	train2017/000000073997.jpg
590.259765625	0.0	image/261	261	302213	train2017/000000317781.jpg
591.04296875	0.0	image/323	323	302614	train2017/000000332574.jpg
591.875	0.0	image/355	355	303040	train2017/000000338670.jpg
592.693359375	0.0	image/253	253	303459	train2017/000000054001.jpg
593.470703125	0.0	image/296	296	303857	train2017/000000064534.jpg
594.255859375	0.0	image/318	318	304259	train2017/000000069705.jpg
595.076171875	0.0	image/247	247	304679	train2017/000000576789.jpg
595.853515625	0.0	image/286	286	305077	train2017/000000323397.jpg
596.65625	0.0	image/314	314	305488	train2017/000000055090.jpg
597.4453125	0.0	image/268	268	305892	train2017/000000057796.jpg
598.255859375	0.0	image/337	337	306307	train2017/000000072095.jpg
599.078125	0.0	image/354	354	306728	train2017/000000076476.jpg
600.640625	0.0	image/322	322	307528	train2017/000000070421.jpg
601.462890625	0.0	image/311	311	307949	train2017/000000067961.jpg
602.2734375	0.0	image/292	292	308364	train2017/000000323970.jpg
603.86328125	0.0	image/263	263	309178	train2017/000000318444.jpg
604.673828125	0.0	image/325	325	309593	train2017/000000002349.jpg
605.49609375	0.0	image/309	309	310014	train2017/000000330084.jpg
606.291015625	0.0	image/256	256	310421	train2017/000000009199.jpg
607.84765625	0.0	image/329	329	311218	train2017/000000333615.jpg
608.626953125	0.0	image/257	257	311617	train2017/000000055206.jpg
609.4140625	0.0	image/318	318	312020	train2017/000000069705.jpg
610.96484375	0.0	image/292	292	312814	train2017/000000323970.jpg
611.77734375	0.0	image/269	269	313230	train2017/000000320533.jpg
612.56640625	0.0	image/319	319	313634	train2017/000000332261.jpg
613.359375	0.0	image/359	359	314040	train2017/000000078000.jpg
614.126953125	0.0	image/245	245	314433	train2017/000000052348.jpg
614.916015625	0.0	image/307	307	314837	train2017/000000329641.jpg
615.69921875	0.0	image/360	360	315238	train2017/000000078042.jpg
616.52734375	0.0	image/299	299	315662	train2017/000000327191.jpg
617.333984375	0.0	image/258	258	316075	train2017/000000055294.jpg
618.162109375	0.0	image/328	328	316499	train2017/000000071429.jpg
619.80078125	0.0	image/272	272	317338	train2017/000000359337.jpg
620.6171875	0.0	image/350	350	317756	train2017/000000074828.jpg
621.40234375	0.0	image/313	313	318158	train2017/000000011373.jpg
622.185546875	0.0	image/330	330	318559	train2017/000000333629.jpg
622.978515625	0.0	image/252	252	318965	train2017/000000578169.jpg
623.802734375	0.0	image/258	258	319387	train2017/000000055294.jpg
625.40234375	0.0	image/268	268	320206	train2017/000000057796.jpg
627.01953125	0.0	image/357	357	321034	train2017/000000338987.jpg
627.84765625	0.0	image/266	266	321458	train2017/000000056837.jpg
628.615234375	0.0	image/325	325	321851	train2017/000000002349.jpg
629.380859375	0.0	image/249	249	322243	train2017/000000577817.jpg
630.1640625	0.0	image/295	295	322644	train2017/000000010743.jpg
630.970703125	0.0	image/251	251	323057	train2017/000000053778.jpg
631.798828125	0.0	image/253	253	323481	train2017/000000054001.jpg
632.56640625	0.0	image/249	249	323874	train2017/000000577817.jpg
633.35546875	0.0	image/264	264	324278	train2017/000000001877.jpg
634.138671875	0.0	image/270	270	324679	train2017/000000058407.jpg
634.955078125	0.0	image/273	273	325097	train2017/000000059321.jpg
636.556640625	0.0	image/346	346	325917	train2017/000000336374.jpg
637.3359375	0.0	image/298	298	326316	train2017/000000065029.jpg
638.15625	0.0	image/279	279	326736	train2017/000000322246.jpg
639.7578125	0.0	image/297	297	327556	train2017/000000065012.jpg
641.357421875	0.0	image/293	293	328375	train2017/000000062547.jpg
642.158203125	0.0	image/288	288	328785	train2017/000000061288.jpg
642.951171875	0.0	image/262	262	329191	train2017/000000318381.jpg
643.751953125	0.0	image/305	305	329601	train2017/000000067347.jpg
644.57421875	0.0	image/342	342	330022	train2017/000000335688.jpg
645.408203125	0.0	image/284	284	330449	train2017/000000323182.jpg
646.224609375	0.0	image/349	349	330867	train2017/000000074714.jpg
647.01953125	0.0	image/336	336	331274	train2017/000000334208.jpg
647.826171875	0.0	image/271	271	331687	train2017/000000058465.jpg
655.06640625	0.0	image/401	401	335394	train2017/000000088414.jpg
655.8828125	0.0	image/450	450	335812	train2017/000000570785.jpg
656.662109375	0.0	image/419	419	336211	train2017/000000092288.jpg
657.484375	0.0	image/416	416	336632	train2017/000000354095.jpg
658.27734375	0.0	image/452	452	337038	train2017/000000365218.jpg
659.080078125	0.0	image/445	445	337449	train2017/000000362677.jpg
659.884765625	0.0	image/462	462	337861	train2017/000000368852.jpg
660.6640625	0.0	image/440	440	338260	train2017/000000361197.jpg
661.478515625	0.0	image/380	380	338677	train2017/000000082650.jpg
662.302734375	0.0	image/371	371	339099	train2017/000000081365.jpg
663.0859375	0.0	image/403	403	339500	train2017/000000089908.jpg
663.90234375	0.0	image/367	367	339918	train2017/000000080619.jpg
664.73046875	0.0	image/381	381	340342	train2017/000000082770.jpg
665.537109375	0.0	image/426	426	340755	train2017/000000357074.jpg
666.34765625	0.0	image/425	425	341170	train2017/000000356771.jpg
667.115234375	0.0	image/393	393	341563	train2017/000000086811.jpg
667.916015625	0.0	image/402	402	341973	train2017/000000088835.jpg
668.732421875	0.0	image/475	475	342391	train2017/000000373970.jpg
669.53125	0.0	image/469	469	342800	train2017/000000370369.jpg
670.35546875	0.0	image/440	440	343222	train2017/000000361197.jpg
671.1484375	0.0	image/463	463	343628	train2017/000000369171.jpg
671.931640625	0.0	image/399	399	344029	train2017/000000320508.jpg
672.755859375	0.0	image/468	468	344451	train2017/000000542304.jpg
673.56640625	0.0	image/387	387	344866	train2017/000000083738.jpg
675.189453125	0.0	image/466	466	345697	train2017/000000107204.jpg
675.966796875	0.0	image/397	397	346095	train2017/000000087334.jpg
676.736328125	0.0	image/361	361	346489	train2017/000000340317.jpg
678.33984375	0.0	image/420	420	347310	train2017/000000092353.jpg
679.1171875	0.0	image/471	471	347708	train2017/000000372775.jpg
679.884765625	0.0	image/472	472	348101	train2017/000000110780.jpg
680.69140625	0.0	image/464	464	348514	train2017/000000369230.jpg
681.501953125	0.0	image/449	449	348929	train2017/000000101952.jpg
682.2734375	0.0	image/431	431	349324	train2017/000000095828.jpg
683.07421875	0.0	image/394	394	349734	train2017/000000087126.jpg
683.904296875	0.0	image/439	439	350159	train2017/000000361193.jpg
684.67578125	0.0	image/366	366	350554	train2017/000000080275.jpg
685.4921875	0.0	image/379	379	350972	train2017/000000569678.jpg
686.326171875	0.0	image/386	386	351399	train2017/000000083632.jpg
687.154296875	0.0	image/428	428	351823	train2017/000000095176.jpg
687.919921875	0.0	image/406	406	352215	train2017/000000352236.jpg
688.6875	0.0	image/419	419	352608	train2017/000000092288.jpg
689.509765625	0.0	image/391	391	353029	train2017/000000346795.jpg
690.3203125	0.0	image/473	473	353444	train2017/000000372959.jpg
691.9609375	0.0	image/444	444	354284	train2017/000000100396.jpg
692.77734375	0.0	image/394	394	354702	train2017/000000087126.jpg
693.572265625	0.0	image/466	466	355109	train2017/000000107204.jpg
694.373046875	0.0	image/474	474	355519	train2017/000000373679.jpg
695.14453125	0.0	image/413	413	355914	train2017/000000364806.jpg
695.9296875	0.0	image/455	455	356316	train2017/000000104044.jpg
696.74609375	0.0	image/417	417	356734	train2017/000000092001.jpg
697.546875	0.0	image/456	456	357144	train2017/000000104081.jpg
698.357421875	0.0	image/451	451	357559	train2017/000000365003.jpg
699.123046875	0.0	image/376	376	357951	train2017/000000081995.jpg
699.947265625	0.0	image/480	480	358373	train2017/000000376407.jpg
701.546875	0.0	image/389	389	359192	train2017/000000346583.jpg
702.380859375	0.0	image/385	385	359619	train2017/000000345751.jpg
703.158203125	0.0	image/403	403	360017	train2017/000000089908.jpg
703.96484375	0.0	image/415	415	360430	train2017/000000354045.jpg
704.765625	0.0	image/463	463	360840	train2017/000000369171.jpg
705.54296875	0.0	image/461	461	361238	train2017/000000106107.jpg
706.341796875	0.0	image/450	450	361647	train2017/000000570785.jpg
707.1484375	0.0	image/480	480	362060	train2017/000000376407.jpg
707.943359375	0.0	image/459	459	362467	train2017/000000366802.jpg
708.74609375	0.0	image/430	430	362878	train2017/000000357865.jpg
709.515625	0.0	image/437	437	363272	train2017/000000060117.jpg
711.150390625	0.0	image/422	422	364109	train2017/000000059194.jpg
711.984375	0.0	image/373	373	364536	train2017/000000081841.jpg
712.77734375	0.0	image/384	384	364942	train2017/000000345725.jpg
713.583984375	0.0	image/422	422	365355	train2017/000000059194.jpg
714.376953125	0.0	image/395	395	365761	train2017/000000087146.jpg
715.1640625	0.0	image/465	465	366164	train2017/000000369253.jpg
715.951171875	0.0	image/435	435	366567	train2017/000000097218.jpg
716.76171875	0.0	image/477	477	366982	train2017/000000113593.jpg
717.529296875	0.0	image/386	386	367375	train2017/000000083632.jpg
718.3515625	0.0	image/388	388	367796	train2017/000000084174.jpg
719.9140625	0.0	image/443	443	368596	train2017/000000099580.jpg
720.681640625	0.0	image/410	410	368989	train2017/000000090994.jpg
721.48046875	0.0	image/457	457	369398	train2017/000000366396.jpg
722.283203125	0.0	image/401	401	369809	train2017/000000088414.jpg
723.09765625	0.0	image/452	452	370226	train2017/000000365218.jpg
723.919921875	0.0	image/365	365	370647	train2017/000000080084.jpg
724.732421875	0.0	image/434	434	371063	train2017/000000097201.jpg
725.521484375	0.0	image/446	446	371467	train2017/000000100599.jpg
726.33203125	0.0	image/406	406	371882	train2017/000000352236.jpg
727.115234375	0.0	image/414	414	372283	train2017/000000091784.jpg
728.689453125	0.0	image/397	397	373089	train2017/000000087334.jpg
729.482421875	0.0	image/455	455	373495	train2017/000000104044.jpg
730.28515625	0.0	image/390	390	373906	train2017/000000346754.jpg
731.072265625	0.0	image/405	405	374309	train2017/000000189765.jpg
731.869140625	0.0	image/374	374	374717	train2017/000000046372.jpg
733.474609375	0.0	image/409	409	375539	train2017/000000090827.jpg
735.107421875	0.0	image/412	412	376375	train2017/000000408492.jpg
735.892578125	0.0	image/424	424	376777	train2017/000000277778.jpg
736.685546875	0.0	image/467	467	377183	train2017/000000017935.jpg
737.455078125	0.0	image/387	387	377577	train2017/000000083738.jpg
738.26953125	0.0	image/382	382	377994	train2017/000000345149.jpg
739.068359375	0.0	image/378	378	378403	train2017/000000319517.jpg
739.892578125	0.0	image/371	371	378825	train2017/000000081365.jpg
740.669921875	0.0	image/426	426	379223	train2017/000000357074.jpg
741.470703125	0.0	image/377	377	379633	train2017/000000450584.jpg
742.234375	0.0	image/474	474	380024	train2017/000000373679.jpg
743.8203125	0.0	image/460	460	380836	train2017/000000367552.jpg
744.587890625	0.0	image/447	447	381229	train2017/000000100863.jpg
745.361328125	0.0	image/404	404	381625	train2017/000000352129.jpg
746.16015625	0.0	image/380	380	382034	train2017/000000082650.jpg
746.943359375	0.0	image/395	395	382435	train2017/000000087146.jpg
747.7734375	0.0	image/418	418	382860	train2017/000000092221.jpg
748.587890625	0.0	image/399	399	383277	train2017/000000320508.jpg
749.412109375	0.0	image/374	374	383699	train2017/000000046372.jpg
750.2109375	0.0	image/439	439	384108	train2017/000000361193.jpg
751.01171875	0.0	image/400	400	384518	train2017/000000350299.jpg
751.7890625	0.0	image/407	407	384916	train2017/000000352724.jpg
753.412109375	0.0	image/404	404	385747	train2017/000000352129.jpg
754.208984375	0.0	image/431	431	386155	train2017/000000095828.jpg
755.029296875	0.0	image/442	442	386575	train2017/000000361648.jpg
755.82421875	0.0	image/372	372	386982	train2017/000000081474.jpg
756.625	0.0	image/441	441	387392	train2017/000000099363.jpg
757.44140625	0.0	image/384	384	387810	train2017/000000345725.jpg
758.224609375	0.0	image/414	414	388211	train2017/000000091784.jpg
759.865234375	0.0	image/448	448	389051	train2017/000000101069.jpg
760.642578125	0.0	image/421	421	389449	train2017/000000354761.jpg
762.248046875	0.0	image/470	470	390271	train2017/000000110611.jpg
763.02734375	0.0	image/427	427	390670	train2017/000000357228.jpg
764.626953125	0.0	image/368	368	391489	train2017/000000008471.jpg
765.41015625	0.0	image/425	425	391890	train2017/000000356771.jpg
766.234375	0.0	image/411	411	392312	train2017/000000091005.jpg
767.02734375	0.0	image/368	368	392718	train2017/000000008471.jpg
767.849609375	0.0	image/443	443	393139	train2017/000000099580.jpg
768.634765625	0.0	image/470	470	393541	train2017/000000110611.jpg
769.462890625	0.0	image/454	454	393965	train2017/000000366146.jpg
770.251953125	0.0	image/396	396	394369	train2017/000000349363.jpg
771.05078125	0.0	image/364	364	394778	train2017/000000275335.jpg
772.685546875	0.0	image/409	409	395615	train2017/000000090827.jpg
774.28515625	0.0	image/469	469	396434	train2017/000000370369.jpg
775.11328125	0.0	image/408	408	396858	train2017/000000352861.jpg
775.916015625	0.0	image/373	373	397269	train2017/000000081841.jpg
776.685546875	0.0	image/456	456	397663	train2017/000000104081.jpg
777.498046875	0.0	image/459	459	398079	train2017/000000366802.jpg
778.263671875	0.0	image/462	462	398471	train2017/000000368852.jpg
779.033203125	0.0	image/415	415	398865	train2017/000000354045.jpg
779.802734375	0.0	image/458	458	399259	train2017/000000104502.jpg
780.59765625	0.0	image/457	457	399666	train2017/000000366396.jpg
781.3984375	0.0	image/391	391	400076	train2017/000000346795.jpg
782.205078125	0.0	image/432	432	400489	train2017/000000096161.jpg
783.033203125	0.0	image/410	410	400913	train2017/000000090994.jpg
783.833984375	0.0	image/427	427	401323	train2017/000000357228.jpg
784.634765625	0.0	image/479	479	401733	train2017/000000114077.jpg
785.439453125	0.0	image/429	429	402145	train2017/000000095337.jpg
786.255859375	0.0	image/420	420	402563	train2017/000000092353.jpg
787.06640625	0.0	image/390	390	402978	train2017/000000346754.jpg
787.8671875	0.0	image/367	367	403388	train2017/000000080619.jpg
788.673828125	0.0	image/453	453	403801	train2017/000000103366.jpg
789.451171875	0.0	image/375	375	404199	train2017/000000081961.jpg
790.2578125	0.0	image/477	477	404612	train2017/000000113593.jpg
791.07421875	0.0	image/446	446	405030	train2017/000000100599.jpg
791.884765625	0.0	image/473	473	405445	train2017/000000372959.jpg
792.69140625	0.0	image/475	475	405858	train2017/000000373970.jpg
793.515625	0.0	image/421	421	406280	train2017/000000354761.jpg
794.32421875	0.0	image/369	369	406694	train2017/000000080987.jpg
795.109375	0.0	image/405	405	407096	train2017/000000189765.jpg
795.904296875	0.0	image/423	423	407503	train2017/000000355622.jpg
796.703125	0.0	image/441	441	407912	train2017/000000099363.jpg
797.509765625	0.0	image/377	377	408325	train2017/000000450584.jpg
798.34375	0.0	image/437	437	408752	train2017/000000060117.jpg
799.126953125	0.0	image/370	370	409153	train2017/000000081105.jpg
800.744140625	0.0	image/385	385	409981	train2017/000000345751.jpg
801.52734375	0.0	image/429	429	410382	train2017/000000095337.jpg
802.302734375	0.0	image/375	375	410779	train2017/000000081961.jpg
803.072265625	0.0	image/378	378	411173	train2017/000000319517.jpg
803.87109375	0.0	image/464	464	411582	train2017/000000369230.jpg
804.6953125	0.0	image/389	389	412004	train2017/000000346583.jpg
805.505859375	0.0	image/435	435	412419	train2017/000000097218.jpg
806.328125	0.0	image/408	408	412840	train2017/000000352861.jpg
807.10546875	0.0	image/449	449	413238	train2017/000000101952.jpg
807.890625	0.0	image/434	434	413640	train2017/000000097201.jpg
808.6953125	0.0	image/448	448	414052	train2017/000000101069.jpg
809.490234375	0.0	image/366	366	414459	train2017/000000080275.jpg
810.2578125	0.0	image/411	411	414852	train2017/000000091005.jpg
811.82421875	0.0	image/451	451	415654	train2017/000000365003.jpg
812.640625	0.0	image/382	382	416072	train2017/000000345149.jpg
813.423828125	0.0	image/430	430	416473	train2017/000000357865.jpg
814.2265625	0.0	image/461	461	416884	train2017/000000106107.jpg
815.84765625	0.0	image/396	396	417714	train2017/000000349363.jpg
816.6484375	0.0	image/388	388	418124	train2017/000000084174.jpg
817.443359375	0.0	image/364	364	418531	train2017/000000275335.jpg
818.24609375	0.0	image/363	363	418942	train2017/000000079111.jpg
819.033203125	0.0	image/381	381	419345	train2017/000000082770.jpg
819.826171875	0.0	image/432	432	419751	train2017/000000096161.jpg
820.609375	0.0	image/433	433	420152	train2017/000000359085.jpg
821.412109375	0.0	image/402	402	420563	train2017/000000088835.jpg
822.2109375	0.0	image/407	407	420972	train2017/000000352724.jpg
822.978515625	0.0	image/438	438	421365	train2017/000000147547.jpg
824.6015625	0.0	image/362	362	422196	train2017/000000340734.jpg
826.201171875	0.0	image/418	418	423015	train2017/000000092221.jpg
826.984375	0.0	image/365	365	423416	train2017/000000080084.jpg
827.794921875	0.0	image/383	383	423831	train2017/000000083393.jpg
828.564453125	0.0	image/445	445	424225	train2017/000000362677.jpg
829.3515625	0.0	image/436	436	424628	train2017/000000098480.jpg
830.1640625	0.0	image/460	460	425044	train2017/000000367552.jpg
830.986328125	0.0	image/467	467	425465	train2017/000000017935.jpg
831.814453125	0.0	image/476	476	425889	train2017/000000112734.jpg
832.63671875	0.0	image/416	416	426310	train2017/000000354095.jpg
833.419921875	0.0	image/417	417	426711	train2017/000000092001.jpg
834.232421875	0.0	image/476	476	427127	train2017/000000112734.jpg
835.021484375	0.0	image/423	423	427531	train2017/000000355622.jpg
835.8203125	0.0	image/383	383	427940	train2017/000000083393.jpg
836.638671875	0.0	image/465	465	428359	train2017/000000369253.jpg
837.455078125	0.0	image/398	398	428777	train2017/000000087871.jpg
838.232421875	0.0	image/361	361	429175	train2017/000000340317.jpg
839.03515625	0.0	image/454	454	429586	train2017/000000366146.jpg
839.85546875	0.0	image/447	447	430006	train2017/000000100863.jpg
840.689453125	0.0	image/370	370	430433	train2017/000000081105.jpg
841.515625	0.0	image/398	398	430856	train2017/000000087871.jpg
842.30078125	0.0	image/372	372	431258	train2017/000000081474.jpg
843.083984375	0.0	image/363	363	431659	train2017/000000079111.jpg
843.890625	0.0	image/369	369	432072	train2017/000000080987.jpg
844.68359375	0.0	image/436	436	432478	train2017/000000098480.jpg
846.2578125	0.0	image/479	479	433284	train2017/000000114077.jpg
847.841796875	0.0	image/478	478	434095	train2017/000000114035.jpg
848.658203125	0.0	image/453	453	434513	train2017/000000103366.jpg
849.435546875	0.0	image/412	412	434911	train2017/000000408492.jpg
850.236328125	0.0	image/379	379	435321	train2017/000000569678.jpg
851.025390625	0.0	image/478	478	435725	train2017/000000114035.jpg
851.8203125	0.0	image/438	438	436132	train2017/000000147547.jpg
852.619140625	0.0	image/444	444	436541	train2017/000000100396.jpg
853.41015625	0.0	image/428	428	436946	train2017/000000095176.jpg
854.208984375	0.0	image/376	376	437355	train2017/000000081995.jpg
854.986328125	0.0	image/468	468	437753	train2017/000000542304.jpg
855.791015625	0.0	image/442	442	438165	train2017/000000361648.jpg
856.603515625	0.0	image/472	472	438581	train2017/000000110780.jpg
857.404296875	0.0	image/433	433	438991	train2017/000000359085.jpg
858.2265625	0.0	image/400	400	439412	train2017/000000350299.jpg
859.0546875	0.0	image/393	393	439836	train2017/000000086811.jpg
859.861328125	0.0	image/392	392	440249	train2017/000000348204.jpg
860.671875	0.0	image/413	413	440664	train2017/000000364806.jpg
862.22265625	0.0	image/471	471	441458	train2017/000000372775.jpg
863.0390625	0.0	image/362	362	441876	train2017/000000340734.jpg
863.822265625	0.0	image/424	424	442277	train2017/000000277778.jpg
864.587890625	0.0	image/458	458	442669	train2017/000000104502.jpg
865.396484375	0.0	image/392	392	443083	train2017/000000348204.jpg
872.400390625	0.0	image/572	572	446669	train2017/000000138785.jpg
873.201171875	0.0	image/558	558	447079	train2017/000000398083.jpg
874.029296875	0.0	image/539	539	447503	train2017/000000131011.jpg
875.619140625	0.0	image/596	596	448317	train2017/000000405215.jpg
876.435546875	0.0	image/571	571	448735	train2017/000000229233.jpg
877.236328125	0.0	image/553	553	449145	train2017/000000134562.jpg
878.068359375	0.0	image/566	566	449571	train2017/000000399835.jpg
878.845703125	0.0	image/511	511	449969	train2017/000000122776.jpg
879.6484375	0.0	image/500	500	450380	train2017/000000381961.jpg
880.462890625	0.0	image/530	530	450797	train2017/000000391678.jpg
881.287109375	0.0	image/565	565	451219	train2017/000000197656.jpg
882.88671875	0.0	image/570	570	452038	train2017/000000400581.jpg
883.720703125	0.0	image/545	545	452465	train2017/000000131967.jpg
884.552734375	0.0	image/526	526	452891	train2017/000000389582.jpg
885.337890625	0.0	image/598	598	453293	train2017/000000405437.jpg
886.904296875	0.0	image/574	574	454095	train2017/000000139344.jpg
887.68359375	0.0	image/561	561	454494	train2017/000000136142.jpg
888.5	0.0	image/513	513	454912	train2017/000000282631.jpg
889.265625	0.0	image/567	567	455304	train2017/000000137706.jpg
890.83984375	0.0	image/521	521	456110	train2017/000000387318.jpg
891.65625	0.0	image/519	519	456528	train2017/000000124747.jpg
893.255859375	0.0	image/542	542	457347	train2017/000000284089.jpg
894.07421875	0.0	image/549	549	457766	train2017/000000197068.jpg
894.890625	0.0	image/572	572	458184	train2017/000000138785.jpg
895.70703125	0.0	image/594	594	458602	train2017/000000404823.jpg
896.525390625	0.0	image/512	512	459021	train2017/000000122811.jpg
897.3515625	0.0	image/524	524	459444	train2017/000000125725.jpg
898.119140625	0.0	image/589	589	459837	train2017/000000403789.jpg
898.88671875	0.0	image/485	485	460230	train2017/000000377576.jpg
899.69140625	0.0	image/508	508	460642	train2017/000000413472.jpg
900.486328125	0.0	image/576	576	461049	train2017/000000401699.jpg
902.109375	0.0	image/555	555	461880	train2017/000000397192.jpg
902.88671875	0.0	image/577	577	462278	train2017/000000139561.jpg
903.669921875	0.0	image/559	559	462679	train2017/000000135965.jpg
904.494140625	0.0	image/528	528	463101	train2017/000000239828.jpg
905.294921875	0.0	image/583	583	463511	train2017/000000198195.jpg
906.111328125	0.0	image/581	581	463929	train2017/000000402199.jpg
906.904296875	0.0	image/533	533	464335	train2017/000000392556.jpg
907.689453125	0.0	image/515	515	464737	train2017/000000123692.jpg
908.51171875	0.0	image/550	550	465158	train2017/000000066014.jpg
909.322265625	0.0	image/542	542	465573	train2017/000000284089.jpg
910.123046875	0.0	image/492	492	465983	train2017/000000150636.jpg
910.939453125	0.0	image/565	565	466401	train2017/000000197656.jpg
911.740234375	0.0	image/584	584	466811	train2017/000000285588.jpg
912.5234375	0.0	image/531	531	467212	train2017/000000391754.jpg
913.330078125	0.0	image/551	551	467625	train2017/000000134169.jpg
914.107421875	0.0	image/546	546	468023	train2017/000000133281.jpg
914.912109375	0.0	image/493	493	468435	train2017/000000379713.jpg
915.705078125	0.0	image/578	578	468841	train2017/000000401720.jpg
916.490234375	0.0	image/497	497	469243	train2017/000000282032.jpg
917.275390625	0.0	image/520	520	469645	train2017/000000125042.jpg
918.080078125	0.0	image/484	484	470057	train2017/000000114822.jpg
918.8984375	0.0	image/544	544	470476	train2017/000000394008.jpg
919.697265625	0.0	image/491	491	470885	train2017/000000116603.jpg
920.53125	0.0	image/547	547	471312	train2017/000000395758.jpg
921.365234375	0.0	image/523	523	471739	train2017/000000125703.jpg
922.1484375	0.0	image/487	487	472140	train2017/000000115637.jpg
922.958984375	0.0	image/558	558	472555	train2017/000000398083.jpg
923.73046875	0.0	image/518	518	472950	train2017/000000124711.jpg
924.515625	0.0	image/513	513	473352	train2017/000000282631.jpg
925.298828125	0.0	image/562	562	473753	train2017/000000022696.jpg
926.083984375	0.0	image/527	527	474155	train2017/000000390120.jpg
927.677734375	0.0	image/490	490	474971	train2017/000000116588.jpg
928.494140625	0.0	image/560	560	475389	train2017/000000136111.jpg
929.30078125	0.0	image/510	510	475802	train2017/000000544738.jpg
930.083984375	0.0	image/508	508	476203	train2017/000000413472.jpg
930.89453125	0.0	image/592	592	476618	train2017/000000504289.jpg
931.701171875	0.0	image/519	519	477031	train2017/000000124747.jpg
932.51171875	0.0	image/527	527	477446	train2017/000000390120.jpg
933.279296875	0.0	image/537	537	477839	train2017/000000371353.jpg
934.9140625	0.0	image/574	574	478676	train2017/000000139344.jpg
935.71875	0.0	image/578	578	479088	train2017/000000401720.jpg
936.51953125	0.0	image/539	539	479498	train2017/000000131011.jpg
937.322265625	0.0	image/486	486	479909	train2017/000000377703.jpg
938.12109375	0.0	image/491	491	480318	train2017/000000116603.jpg
939.73828125	0.0	image/595	595	481146	train2017/000000142803.jpg
940.5546875	0.0	image/590	590	481564	train2017/000000404007.jpg
941.35546875	0.0	image/492	492	481974	train2017/000000150636.jpg
942.171875	0.0	image/506	506	482392	train2017/000000383641.jpg
943.771484375	0.0	image/556	556	483211	train2017/000000135316.jpg
945.33984375	0.0	image/509	509	484014	train2017/000000384235.jpg
946.1171875	0.0	image/581	581	484412	train2017/000000402199.jpg
946.921875	0.0	image/583	583	484824	train2017/000000198195.jpg
947.70703125	0.0	image/506	506	485226	train2017/000000383641.jpg
948.490234375	0.0	image/488	488	485627	train2017/000000115649.jpg
949.28515625	0.0	image/503	503	486034	train2017/000000382890.jpg
950.08984375	0.0	image/521	521	486446	train2017/000000387318.jpg
950.91796875	0.0	image/498	498	486870	train2017/000000119669.jpg
951.724609375	0.0	image/553	553	487283	train2017/000000134562.jpg
952.5078125	0.0	image/497	497	487684	train2017/000000282032.jpg
953.3359375	0.0	image/481	481	488108	train2017/000000114274.jpg
954.142578125	0.0	image/510	510	488521	train2017/000000544738.jpg
954.953125	0.0	image/484	484	488936	train2017/000000114822.jpg
955.71875	0.0	image/499	499	489328	train2017/000000575164.jpg
956.486328125	0.0	image/548	548	489721	train2017/000000395775.jpg
957.29296875	0.0	image/540	540	490134	train2017/000000021826.jpg
958.103515625	0.0	image/529	529	490549	train2017/000000129060.jpg
958.892578125	0.0	image/589	589	490953	train2017/000000403789.jpg
959.7109375	0.0	image/559	559	491372	train2017/000000135965.jpg
960.5234375	0.0	image/536	536	491788	train2017/000000196584.jpg
961.34375	0.0	image/517	517	492208	train2017/000000123891.jpg
962.173828125	0.0	image/549	549	492633	train2017/000000197068.jpg
962.9609375	0.0	image/573	573	493036	train2017/000000138904.jpg
963.7890625	0.0	image/563	563	493460	train2017/000000398540.jpg
965.361328125	0.0	image/579	579	494265	train2017/000000139815.jpg
966.171875	0.0	image/562	562	494680	train2017/000000022696.jpg
966.94140625	0.0	image/483	483	495074	train2017/000000376858.jpg
967.70703125	0.0	image/556	556	495466	train2017/000000135316.jpg
968.49609375	0.0	image/575	575	495870	train2017/000000139551.jpg
969.279296875	0.0	image/586	586	496271	train2017/000000154556.jpg
970.095703125	0.0	image/529	529	496689	train2017/000000129060.jpg
970.9140625	0.0	image/531	531	497108	train2017/000000391754.jpg
971.69140625	0.0	image/580	580	497506	train2017/000000402057.jpg
972.46484375	0.0	image/599	599	497902	train2017/000000388853.jpg
974.064453125	0.0	image/534	534	498721	train2017/000000130681.jpg
974.859375	0.0	image/593	593	499128	train2017/000000196777.jpg
975.666015625	0.0	image/515	515	499541	train2017/000000123692.jpg
976.458984375	0.0	image/552	552	499947	train2017/000000396550.jpg
977.2421875	0.0	image/573	573	500348	train2017/000000138904.jpg
978.048828125	0.0	image/502	502	500761	train2017/000000120655.jpg
978.876953125	0.0	image/575	575	501185	train2017/000000139551.jpg
979.681640625	0.0	image/528	528	501597	train2017/000000239828.jpg
980.466796875	0.0	image/554	554	501999	train2017/000000135032.jpg
981.27734375	0.0	image/597	597	502414	train2017/000000143245.jpg
982.8828125	0.0	image/557	557	503236	train2017/000000022627.jpg
983.712890625	0.0	image/514	514	503661	train2017/000000282707.jpg
984.52734375	0.0	image/597	597	504078	train2017/000000143245.jpg
985.3125	0.0	image/543	543	504480	train2017/000000131763.jpg
986.134765625	0.0	image/591	591	504901	train2017/000000404282.jpg
986.91796875	0.0	image/517	517	505302	train2017/000000123891.jpg
988.552734375	0.0	image/520	520	506139	train2017/000000125042.jpg
989.3359375	0.0	image/566	566	506540	train2017/000000399835.jpg
990.169921875	0.0	image/538	538	506967	train2017/000000130973.jpg
990.98046875	0.0	image/524	524	507382	train2017/000000125725.jpg
991.802734375	0.0	image/541	541	507803	train2017/000000131524.jpg
992.5859375	0.0	image/594	594	508204	train2017/000000404823.jpg
993.37109375	0.0	image/512	512	508606	train2017/000000122811.jpg
994.18359375	0.0	image/543	543	509022	train2017/000000131763.jpg
994.98828125	0.0	image/582	582	509434	train2017/000000140590.jpg
995.771484375	0.0	image/595	595	509835	train2017/000000142803.jpg
996.603515625	0.0	image/514	514	510261	train2017/000000282707.jpg
997.388671875	0.0	image/532	532	510663	train2017/000000130181.jpg
998.181640625	0.0	image/568	568	511069	train2017/000000399984.jpg
998.98828125	0.0	image/537	537	511482	train2017/000000371353.jpg
999.771484375	0.0	image/481	481	511883	train2017/000000114274.jpg
1000.583984375	0.0	image/563	563	512299	train2017/000000398540.jpg
1001.388671875	0.0	image/494	494	512711	train2017/000000380227.jpg
1002.20703125	0.0	image/545	545	513130	train2017/000000131967.jpg
1003.001953125	0.0	image/548	548	513537	train2017/000000395775.jpg
1003.7734375	0.0	image/490	490	513932	train2017/000000116588.jpg
1004.556640625	0.0	image/500	500	514333	train2017/000000381961.jpg
1005.333984375	0.0	image/590	590	514731	train2017/000000404007.jpg
1006.923828125	0.0	image/501	501	515545	train2017/000000353175.jpg
1007.70703125	0.0	image/487	487	515946	train2017/000000115637.jpg
1008.4921875	0.0	image/588	588	516348	train2017/000000403739.jpg
1009.28515625	0.0	image/579	579	516754	train2017/000000139815.jpg
1010.052734375	0.0	image/585	585	517147	train2017/000000140724.jpg
1010.869140625	0.0	image/509	509	517565	train2017/000000384235.jpg
1011.642578125	0.0	image/483	483	517961	train2017/000000376858.jpg
1012.458984375	0.0	image/599	599	518379	train2017/000000388853.jpg
1013.259765625	0.0	image/584	584	518789	train2017/000000285588.jpg
1014.09375	0.0	image/555	555	519216	train2017/000000397192.jpg
1014.91015625	0.0	image/564	564	519634	train2017/000000399162.jpg
1015.744140625	0.0	image/482	482	520061	train2017/000000376643.jpg
1016.537109375	0.0	image/507	507	520467	train2017/000000383652.jpg
1017.337890625	0.0	image/586	586	520877	train2017/000000154556.jpg
1018.14453125	0.0	image/587	587	521290	train2017/000000403535.jpg
1018.939453125	0.0	image/552	552	521697	train2017/000000396550.jpg
1020.529296875	0.0	image/489	489	522511	train2017/000000115967.jpg
1021.361328125	0.0	image/503	503	522937	train2017/000000382890.jpg
1022.1953125	0.0	image/499	499	523364	train2017/000000575164.jpg
1022.978515625	0.0	image/498	498	523765	train2017/000000119669.jpg
1023.76171875	0.0	image/546	546	524166	train2017/000000133281.jpg
1024.591796875	0.0	image/522	522	524591	train2017/000000125586.jpg
1025.390625	0.0	image/569	569	525000	train2017/000000138153.jpg
1026.158203125	0.0	image/544	544	525393	train2017/000000394008.jpg
1026.962890625	0.0	image/526	526	525805	train2017/000000389582.jpg
1027.791015625	0.0	image/507	507	526229	train2017/000000383652.jpg
1028.55859375	0.0	image/482	482	526622	train2017/000000376643.jpg
1029.365234375	0.0	image/547	547	527035	train2017/000000395758.jpg
1030.1484375	0.0	image/530	530	527436	train2017/000000391678.jpg
1030.958984375	0.0	image/488	488	527851	train2017/000000115649.jpg
1031.765625	0.0	image/598	598	528264	train2017/000000405437.jpg
1033.361328125	0.0	image/593	593	529081	train2017/000000196777.jpg
1034.130859375	0.0	image/486	486	529475	train2017/000000377703.jpg
1034.916015625	0.0	image/535	535	529877	train2017/000000392851.jpg
1035.69921875	0.0	image/587	587	530278	train2017/000000403535.jpg
1036.51171875	0.0	image/561	561	530694	train2017/000000136142.jpg
1037.31640625	0.0	image/525	525	531106	train2017/000000388980.jpg
1038.1328125	0.0	image/501	501	531524	train2017/000000353175.jpg
1038.966796875	0.0	image/536	536	531951	train2017/000000196584.jpg
1039.744140625	0.0	image/540	540	532349	train2017/000000021826.jpg
1040.544921875	0.0	image/523	523	532759	train2017/000000125703.jpg
1041.345703125	0.0	image/557	557	533169	train2017/000000022627.jpg
1042.96875	0.0	image/585	585	534000	train2017/000000140724.jpg
1043.796875	0.0	image/591	591	534424	train2017/000000404282.jpg
1044.6015625	0.0	image/495	495	534836	train2017/000000380729.jpg
1046.236328125	0.0	image/600	600	535673	train2017/000000143420.jpg
1047.046875	0.0	image/576	576	536088	train2017/000000401699.jpg
1047.853515625	0.0	image/596	596	536501	train2017/000000405215.jpg
1049.4375	0.0	image/588	588	537312	train2017/000000403739.jpg
1050.21484375	0.0	image/570	570	537710	train2017/000000400581.jpg
1051.03125	0.0	image/505	505	538128	train2017/000000120987.jpg
1051.84765625	0.0	image/560	560	538546	train2017/000000136111.jpg
1052.654296875	0.0	image/489	489	538959	train2017/000000115967.jpg
1053.4375	0.0	image/493	493	539360	train2017/000000379713.jpg
1054.25	0.0	image/564	564	539776	train2017/000000399162.jpg
1055.048828125	0.0	image/535	535	540185	train2017/000000392851.jpg
1055.85546875	0.0	image/516	516	540598	train2017/000000385864.jpg
1056.68359375	0.0	image/569	569	541022	train2017/000000138153.jpg
1057.490234375	0.0	image/516	516	541435	train2017/000000385864.jpg
1059.123046875	0.0	image/534	534	542271	train2017/000000130681.jpg
1059.908203125	0.0	image/577	577	542673	train2017/000000139561.jpg
1060.740234375	0.0	image/567	567	543099	train2017/000000137706.jpg
1061.541015625	0.0	image/505	505	543509	train2017/000000120987.jpg
1062.3671875	0.0	image/533	533	543932	train2017/000000392556.jpg
1063.173828125	0.0	image/504	504	544345	train2017/000000382951.jpg
1063.95703125	0.0	image/551	551	544746	train2017/000000134169.jpg
1064.751953125	0.0	image/525	525	545153	train2017/000000388980.jpg
1065.55859375	0.0	image/522	522	545566	train2017/000000125586.jpg
1066.359375	0.0	image/518	518	545976	train2017/000000124711.jpg
1067.13671875	0.0	image/504	504	546374	train2017/000000382951.jpg
1067.921875	0.0	image/485	485	546776	train2017/000000377576.jpg
1069.4765625	0.0	image/496	496	547572	train2017/000000380989.jpg
1070.287109375	0.0	image/511	511	547987	train2017/000000122776.jpg
1071.072265625	0.0	image/532	532	548389	train2017/000000130181.jpg
1071.861328125	0.0	image/571	571	548793	train2017/000000229233.jpg
1072.64453125	0.0	image/496	496	549194	train2017/000000380989.jpg
1073.421875	0.0	image/568	568	549592	train2017/000000399984.jpg
1074.205078125	0.0	image/582	582	549993	train2017/000000140590.jpg
1075.01171875	0.0	image/541	541	550406	train2017/000000131524.jpg
1075.837890625	0.0	image/600	600	550829	train2017/000000143420.jpg
1076.662109375	0.0	image/494	494	551251	train2017/000000380227.jpg
1078.26171875	0.0	image/538	538	552070	train2017/000000130973.jpg
1079.08984375	0.0	image/554	554	552494	train2017/000000135032.jpg
1079.892578125	0.0	image/495	495	552905	train2017/000000380729.jpg
1080.6796875	0.0	image/580	580	553308	train2017/000000402057.jpg
1081.505859375	0.0	image/502	502	553731	train2017/000000120655.jpg
1082.330078125	0.0	image/592	592	554153	train2017/000000504289.jpg
1083.15625	0.0	image/550	550	554576	train2017/000000066014.jpg
1090.416015625	0.0	image/602	602	558293	train2017/000000406292.jpg
1091.1953125	0.0	image/633	633	558692	train2017/000000414176.jpg
1092.017578125	0.0	image/677	677	559113	train2017/000000425712.jpg
1093.61328125	0.0	image/604	604	559930	train2017/000000406445.jpg
1094.400390625	0.0	image/700	700	560333	train2017/000000170968.jpg
1095.201171875	0.0	image/671	671	560743	train2017/000000161836.jpg
1096.01171875	0.0	image/601	601	561158	train2017/000000143594.jpg
1096.833984375	0.0	image/692	692	561579	train2017/000000169262.jpg
1098.435546875	0.0	image/660	660	562399	train2017/000000422268.jpg
1100.052734375	0.0	image/623	623	563227	train2017/000000412855.jpg
1101.65234375	0.0	image/652	652	564046	train2017/000000113449.jpg
1102.447265625	0.0	image/706	706	564453	train2017/000000435902.jpg
1103.236328125	0.0	image/684	684	564857	train2017/000000166489.jpg
1104.0546875	0.0	image/647	647	565276	train2017/000000417264.jpg
1104.853515625	0.0	image/619	619	565685	train2017/000000149810.jpg
1105.6875	0.0	image/621	621	566112	train2017/000000150196.jpg
1107.271484375	0.0	image/627	627	566923	train2017/000000150931.jpg
1108.087890625	0.0	image/660	660	567341	train2017/000000422268.jpg
1108.888671875	0.0	image/610	610	567751	train2017/000000146256.jpg
1109.689453125	0.0	image/688	688	568161	train2017/000000166764.jpg
1110.48828125	0.0	image/718	718	568570	train2017/000000176085.jpg
1111.283203125	0.0	image/692	692	568977	train2017/000000169262.jpg
1112.072265625	0.0	image/709	709	569381	train2017/000000174303.jpg
1112.900390625	0.0	image/711	711	569805	train2017/000000174504.jpg
1113.673828125	0.0	image/624	624	570201	train2017/000000412857.jpg
1114.5078125	0.0	image/625	625	570628	train2017/000000369367.jpg
1115.3203125	0.0	image/603	603	571044	train2017/000000144193.jpg
1116.140625	0.0	image/618	618	571464	train2017/000000149791.jpg
1117.7578125	0.0	image/659	659	572292	train2017/000000159680.jpg
1118.568359375	0.0	image/647	647	572707	train2017/000000417264.jpg
1119.3515625	0.0	image/704	704	573108	train2017/000000420713.jpg
1120.17578125	0.0	image/685	685	573530	train2017/000000166504.jpg
1120.96875	0.0	image/698	698	573936	train2017/000000433021.jpg
1121.736328125	0.0	image/689	689	574329	train2017/000000508456.jpg
1122.54296875	0.0	image/678	678	574742	train2017/000000164502.jpg
1123.34375	0.0	image/635	635	575152	train2017/000000152328.jpg
1124.171875	0.0	image/694	694	575576	train2017/000000431825.jpg
1124.986328125	0.0	image/686	686	575993	train2017/000000428691.jpg
1125.79296875	0.0	image/650	650	576406	train2017/000000419212.jpg
1126.5703125	0.0	image/707	707	576804	train2017/000000173987.jpg
1127.361328125	0.0	image/644	644	577209	train2017/000000154207.jpg
1128.19140625	0.0	image/612	612	577634	train2017/000000408965.jpg
1129.02734375	0.0	image/666	666	578062	train2017/000000161062.jpg
1129.822265625	0.0	image/650	650	578469	train2017/000000419212.jpg
1130.611328125	0.0	image/658	658	578873	train2017/000000563961.jpg
1131.421875	0.0	image/654	654	579288	train2017/000000157125.jpg
1132.20703125	0.0	image/712	712	579690	train2017/000000174522.jpg
1132.97265625	0.0	image/610	610	580082	train2017/000000146256.jpg
1133.740234375	0.0	image/657	657	580475	train2017/000000419586.jpg
1134.556640625	0.0	image/695	695	580893	train2017/000000284987.jpg
1135.375	0.0	image/625	625	581312	train2017/000000369367.jpg
1136.1796875	0.0	image/719	719	581724	train2017/000000438751.jpg
1136.98046875	0.0	image/643	643	582134	train2017/000000416279.jpg
1137.779296875	0.0	image/685	685	582543	train2017/000000166504.jpg
1138.580078125	0.0	image/626	626	582953	train2017/000000412922.jpg
1139.380859375	0.0	image/603	603	583363	train2017/000000144193.jpg
1140.21484375	0.0	image/680	680	583790	train2017/000000485595.jpg
1141.04296875	0.0	image/696	696	584214	train2017/000000028367.jpg
1141.810546875	0.0	image/613	613	584607	train2017/000000147331.jpg
1142.58203125	0.0	image/720	720	585002	train2017/000000176728.jpg
1143.376953125	0.0	image/628	628	585409	train2017/000000151163.jpg
1144.17578125	0.0	image/655	655	585818	train2017/000000157181.jpg
1144.9609375	0.0	image/716	716	586220	train2017/000000437967.jpg
1145.732421875	0.0	image/637	637	586615	train2017/000000506039.jpg
1146.515625	0.0	image/679	679	587016	train2017/000000164564.jpg
1147.294921875	0.0	image/632	632	587415	train2017/000000068996.jpg
1148.099609375	0.0	image/648	648	587827	train2017/000000417700.jpg
1148.91796875	0.0	image/713	713	588246	train2017/000000291280.jpg
1149.6953125	0.0	image/661	661	588644	train2017/000000160142.jpg
1150.5	0.0	image/713	713	589056	train2017/000000291280.jpg
1151.28515625	0.0	image/669	669	589458	train2017/000000161328.jpg
1152.068359375	0.0	image/701	701	589859	train2017/000000079701.jpg
1153.66796875	0.0	image/695	695	590678	train2017/000000284987.jpg
1154.46875	0.0	image/697	697	591088	train2017/000000433019.jpg
1155.263671875	0.0	image/681	681	591495	train2017/000000427729.jpg
1156.029296875	0.0	image/674	674	591887	train2017/000000425135.jpg
1156.8359375	0.0	image/665	665	592300	train2017/000000160735.jpg
1157.65234375	0.0	image/704	704	592718	train2017/000000420713.jpg
1158.453125	0.0	image/637	637	593128	train2017/000000506039.jpg
1159.263671875	0.0	image/694	694	593543	train2017/000000431825.jpg
1160.044921875	0.0	image/717	717	593943	train2017/000000438154.jpg
1160.8203125	0.0	image/645	645	594340	train2017/000000416972.jpg
1161.599609375	0.0	image/607	607	594739	train2017/000000461187.jpg
1162.3984375	0.0	image/663	663	595148	train2017/000000463620.jpg
1163.181640625	0.0	image/693	693	595549	train2017/000000431764.jpg
1163.98828125	0.0	image/710	710	595962	train2017/000000436578.jpg
1164.80078125	0.0	image/642	642	596378	train2017/000000154011.jpg
1165.58203125	0.0	image/668	668	596778	train2017/000000423222.jpg
1166.373046875	0.0	image/707	707	597183	train2017/000000173987.jpg
1167.166015625	0.0	image/630	630	597589	train2017/000000462134.jpg
1167.951171875	0.0	image/666	666	597991	train2017/000000161062.jpg
1168.751953125	0.0	image/616	616	598401	train2017/000000149221.jpg
1169.5234375	0.0	image/629	629	598796	train2017/000000151307.jpg
1170.306640625	0.0	image/691	691	599197	train2017/000000168690.jpg
1171.1015625	0.0	image/612	612	599604	train2017/000000408965.jpg
1172.70703125	0.0	image/636	636	600426	train2017/000000549729.jpg
1174.32421875	0.0	image/663	663	601254	train2017/000000463620.jpg
1175.158203125	0.0	image/622	622	601681	train2017/000000150559.jpg
1175.94140625	0.0	image/615	615	602082	train2017/000000148263.jpg
1176.775390625	0.0	image/604	604	602509	train2017/000000406445.jpg
1177.603515625	0.0	image/673	673	602933	train2017/000000424138.jpg
1178.38671875	0.0	image/682	682	603334	train2017/000000014269.jpg
1179.169921875	0.0	image/712	712	603735	train2017/000000174522.jpg
1179.9765625	0.0	image/661	661	604148	train2017/000000160142.jpg
1180.787109375	0.0	image/639	639	604563	train2017/000000415026.jpg
1181.5703125	0.0	image/629	629	604964	train2017/000000151307.jpg
1182.376953125	0.0	image/626	626	605377	train2017/000000412922.jpg
1183.16015625	0.0	image/686	686	605778	train2017/000000428691.jpg
1183.990234375	0.0	image/703	703	606203	train2017/000000171374.jpg
1184.8046875	0.0	image/697	697	606620	train2017/000000433019.jpg
1186.39453125	0.0	image/652	652	607434	train2017/000000113449.jpg
1187.205078125	0.0	image/670	670	607849	train2017/000000423488.jpg
1187.990234375	0.0	image/631	631	608251	train2017/000000151414.jpg
1188.791015625	0.0	image/658	658	608661	train2017/000000563961.jpg
1189.5625	0.0	image/671	671	609056	train2017/000000161836.jpg
1190.345703125	0.0	image/664	664	609457	train2017/000000551063.jpg
1191.146484375	0.0	image/653	653	609867	train2017/000000157119.jpg
1192.74609375	0.0	image/649	649	610686	train2017/000000418115.jpg
1194.34765625	0.0	image/664	664	611506	train2017/000000551063.jpg
1195.173828125	0.0	image/648	648	611929	train2017/000000417700.jpg
1195.98046875	0.0	image/698	698	612342	train2017/000000433021.jpg
1196.80859375	0.0	image/618	618	612766	train2017/000000149791.jpg
1197.611328125	0.0	image/717	717	613177	train2017/000000438154.jpg
1198.416015625	0.0	image/705	705	613589	train2017/000000028930.jpg
1199.2265625	0.0	image/643	643	614004	train2017/000000416279.jpg
1200.048828125	0.0	image/641	641	614425	train2017/000000415608.jpg
1200.828125	0.0	image/614	614	614824	train2017/000000147694.jpg
1201.64453125	0.0	image/602	602	615242	train2017/000000406292.jpg
1202.43359375	0.0	image/670	670	615646	train2017/000000423488.jpg
1203.2109375	0.0	image/693	693	616044	train2017/000000431764.jpg
1204.02734375	0.0	image/624	624	616462	train2017/000000412857.jpg
1205.66796875	0.0	image/646	646	617302	train2017/000000417141.jpg
1206.466796875	0.0	image/719	719	617711	train2017/000000438751.jpg
1207.24609375	0.0	image/651	651	618110	train2017/000000156084.jpg
1208.046875	0.0	image/711	711	618520	train2017/000000174504.jpg
1208.869140625	0.0	image/656	656	618941	train2017/000000157342.jpg
1210.453125	0.0	image/649	649	619752	train2017/000000418115.jpg
1211.26953125	0.0	image/677	677	620170	train2017/000000425712.jpg
1212.0625	0.0	image/690	690	620576	train2017/000000043829.jpg
1212.84375	0.0	image/609	609	620976	train2017/000000504888.jpg
1213.669921875	0.0	image/632	632	621399	train2017/000000068996.jpg
1215.3203125	0.0	image/617	617	622244	train2017/000000411475.jpg
1216.150390625	0.0	image/669	669	622669	train2017/000000161328.jpg
1216.970703125	0.0	image/687	687	623089	train2017/000000428726.jpg
1217.771484375	0.0	image/675	675	623499	train2017/000000163250.jpg
1218.60546875	0.0	image/620	620	623926	train2017/000000153394.jpg
1219.416015625	0.0	image/606	606	624341	train2017/000000407778.jpg
1220.197265625	0.0	image/680	680	624741	train2017/000000485595.jpg
1220.98828125	0.0	image/631	631	625146	train2017/000000151414.jpg
1221.7890625	0.0	image/691	691	625556	train2017/000000168690.jpg
1222.583984375	0.0	image/687	687	625963	train2017/000000428726.jpg
1223.35546875	0.0	image/684	684	626358	train2017/000000166489.jpg
1224.16796875	0.0	image/633	633	626774	train2017/000000414176.jpg
1224.939453125	0.0	image/640	640	627169	train2017/000000162230.jpg
1225.71875	0.0	image/667	667	627568	train2017/000000423209.jpg
1226.5078125	0.0	image/668	668	627972	train2017/000000423222.jpg
1227.333984375	0.0	image/655	655	628395	train2017/000000157181.jpg
1228.1015625	0.0	image/644	644	628788	train2017/000000154207.jpg
1228.87109375	0.0	image/608	608	629182	train2017/000000024287.jpg
1229.673828125	0.0	image/699	699	629593	train2017/000000170917.jpg
1230.486328125	0.0	image/665	665	630009	train2017/000000160735.jpg
1231.291015625	0.0	image/673	673	630421	train2017/000000424138.jpg
1232.90234375	0.0	image/613	613	631246	train2017/000000147331.jpg
1233.67578125	0.0	image/619	619	631642	train2017/000000149810.jpg
1234.486328125	0.0	image/639	639	632057	train2017/000000415026.jpg
1235.2890625	0.0	image/634	634	632468	train2017/000000152273.jpg
1236.076171875	0.0	image/630	630	632871	train2017/000000462134.jpg
1236.904296875	0.0	image/706	706	633295	train2017/000000435902.jpg
1237.677734375	0.0	image/638	638	633691	train2017/000000414853.jpg
1238.4765625	0.0	image/653	653	634100	train2017/000000157119.jpg
1240.126953125	0.0	image/674	674	634945	train2017/000000425135.jpg
1240.939453125	0.0	image/622	622	635361	train2017/000000150559.jpg
1241.740234375	0.0	image/636	636	635771	train2017/000000549729.jpg
1242.556640625	0.0	image/634	634	636189	train2017/000000152273.jpg
1243.373046875	0.0	image/715	715	636607	train2017/000000175715.jpg
1244.1953125	0.0	image/705	705	637028	train2017/000000028930.jpg
1244.97265625	0.0	image/614	614	637426	train2017/000000147694.jpg
1245.779296875	0.0	image/627	627	637839	train2017/000000150931.jpg
1246.564453125	0.0	image/720	720	638241	train2017/000000176728.jpg
1247.357421875	0.0	image/672	672	638647	train2017/000000424110.jpg
1248.158203125	0.0	image/701	701	639057	train2017/000000079701.jpg
1248.962890625	0.0	image/688	688	639469	train2017/000000166764.jpg
1249.7578125	0.0	image/696	696	639876	train2017/000000028367.jpg
1250.560546875	0.0	image/605	605	640287	train2017/000000406595.jpg
1251.380859375	0.0	image/676	676	640707	train2017/000000163263.jpg
1252.21484375	0.0	image/642	642	641134	train2017/000000154011.jpg
1252.998046875	0.0	image/676	676	641535	train2017/000000163263.jpg
1253.78125	0.0	image/646	646	641936	train2017/000000417141.jpg
1254.576171875	0.0	image/678	678	642343	train2017/000000164502.jpg
1255.3828125	0.0	image/708	708	642756	train2017/000000174213.jpg
1256.982421875	0.0	image/609	609	643575	train2017/000000504888.jpg
1257.798828125	0.0	image/654	654	643993	train2017/000000157125.jpg
1258.611328125	0.0	image/662	662	644409	train2017/000000160181.jpg
1259.416015625	0.0	image/616	616	644821	train2017/000000149221.jpg
1260.216796875	0.0	image/662	662	645231	train2017/000000160181.jpg
1261.01171875	0.0	image/675	675	645638	train2017/000000163250.jpg
1261.78125	0.0	image/621	621	646032	train2017/000000150196.jpg
1262.55078125	0.0	image/702	702	646426	train2017/000000171328.jpg
1264.134765625	0.0	image/709	709	647237	train2017/000000174303.jpg
1265.751953125	0.0	image/689	689	648065	train2017/000000508456.jpg
1266.53125	0.0	image/611	611	648464	train2017/000000408922.jpg
1267.369140625	0.0	image/645	645	648893	train2017/000000416972.jpg
1268.1796875	0.0	image/699	699	649308	train2017/000000170917.jpg
1269.00390625	0.0	image/617	617	649730	train2017/000000411475.jpg
1269.8203125	0.0	image/714	714	650148	train2017/000000437516.jpg
1270.654296875	0.0	image/708	708	650575	train2017/000000174213.jpg
1271.4296875	0.0	image/640	640	650972	train2017/000000162230.jpg
1273.021484375	0.0	image/716	716	651787	train2017/000000437967.jpg
1273.8203125	0.0	image/703	703	652196	train2017/000000171374.jpg
1274.599609375	0.0	image/682	682	652595	train2017/000000014269.jpg
1275.404296875	0.0	image/635	635	653007	train2017/000000152328.jpg
1276.212890625	0.0	image/620	620	653421	train2017/000000153394.jpg
1277.037109375	0.0	image/601	601	653843	train2017/000000143594.jpg
1277.822265625	0.0	image/641	641	654245	train2017/000000415608.jpg
1278.638671875	0.0	image/605	605	654663	train2017/000000406595.jpg
1279.416015625	0.0	image/702	702	655061	train2017/000000171328.jpg
1280.240234375	0.0	image/638	638	655483	train2017/000000414853.jpg
1281.017578125	0.0	image/608	608	655881	train2017/000000024287.jpg
1281.8203125	0.0	image/672	672	656292	train2017/000000424110.jpg
1282.58984375	0.0	image/710	710	656686	train2017/000000436578.jpg
1283.375	0.0	image/656	656	657088	train2017/000000157342.jpg
1284.9921875	0.0	image/606	606	657916	train2017/000000407778.jpg
1285.78515625	0.0	image/628	628	658322	train2017/000000151163.jpg
1287.408203125	0.0	image/615	615	659153	train2017/000000148263.jpg
1288.21875	0.0	image/690	690	659568	train2017/000000043829.jpg
1289.009765625	0.0	image/659	659	659973	train2017/000000159680.jpg
1289.80859375	0.0	image/718	718	660382	train2017/000000176085.jpg
1290.642578125	0.0	image/700	700	660809	train2017/000000170968.jpg
1291.4765625	0.0	image/679	679	661236	train2017/000000164564.jpg
1293.109375	0.0	image/683	683	662072	train2017/000000428605.jpg
1293.921875	0.0	image/667	667	662488	train2017/000000423209.jpg
1294.728515625	0.0	image/623	623	662901	train2017/000000412855.jpg
1295.505859375	0.0	image/611	611	663299	train2017/000000408922.jpg
1296.34375	0.0	image/715	715	663728	train2017/000000175715.jpg
1297.12890625	0.0	image/651	651	664130	train2017/000000156084.jpg
1297.90625	0.0	image/714	714	664528	train2017/000000437516.jpg
1298.7265625	0.0	image/657	657	664948	train2017/000000419586.jpg
1299.51171875	0.0	image/607	607	665350	train2017/000000461187.jpg
1300.294921875	0.0	image/681	681	665751	train2017/000000427729.jpg
1301.08984375	0.0	image/683	683	666158	train2017/000000428605.jpg
1308.900390625	0.0	image/805	805	670157	train2017/000000460408.jpg
1309.728515625	0.0	image/830	830	670581	train2017/000000468825.jpg
1310.544921875	0.0	image/789	789	670999	train2017/000000455657.jpg
1311.318359375	0.0	image/764	764	671395	train2017/000000450903.jpg
1312.134765625	0.0	image/801	801	671813	train2017/000000459190.jpg
1312.9453125	0.0	image/747	747	672228	train2017/000000183719.jpg
1313.73046875	0.0	image/728	728	672630	train2017/000000395740.jpg
1314.546875	0.0	image/777	777	673048	train2017/000000453682.jpg
1315.353515625	0.0	image/837	837	673461	train2017/000000208805.jpg
1316.185546875	0.0	image/784	784	673887	train2017/000000455020.jpg
1317.802734375	0.0	image/794	794	674715	train2017/000000195650.jpg
1319.353515625	0.0	image/783	783	675509	train2017/000000454915.jpg
1320.1640625	0.0	image/784	784	675924	train2017/000000455020.jpg
1320.98828125	0.0	image/825	825	676346	train2017/000000467646.jpg
1321.822265625	0.0	image/785	785	676773	train2017/000000119550.jpg
1322.599609375	0.0	image/725	725	677171	train2017/000000440334.jpg
1324.166015625	0.0	image/781	781	677973	train2017/000000192631.jpg
1325.72265625	0.0	image/754	754	678770	train2017/000000185888.jpg
1326.5234375	0.0	image/768	768	679180	train2017/000000189888.jpg
1327.333984375	0.0	image/728	728	679595	train2017/000000395740.jpg
1328.119140625	0.0	image/723	723	679997	train2017/000000439241.jpg
1328.923828125	0.0	image/744	744	680409	train2017/000000182799.jpg
1329.70703125	0.0	image/803	803	680810	train2017/000000197401.jpg
1330.484375	0.0	image/756	756	681208	train2017/000000448401.jpg
1331.306640625	0.0	image/789	789	681629	train2017/000000455657.jpg
1332.119140625	0.0	image/726	726	682045	train2017/000000178423.jpg
1332.931640625	0.0	image/836	836	682461	train2017/000000470907.jpg
1333.708984375	0.0	image/828	828	682859	train2017/000000468394.jpg
1335.326171875	0.0	image/731	731	683687	train2017/000000179034.jpg
1336.15234375	0.0	image/792	792	684110	train2017/000000194108.jpg
1336.958984375	0.0	image/831	831	684523	train2017/000000469445.jpg
1337.759765625	0.0	image/809	809	684933	train2017/000000462505.jpg
1338.5703125	0.0	image/810	810	685348	train2017/000000200391.jpg
1339.359375	0.0	image/797	797	685752	train2017/000000458178.jpg
1340.142578125	0.0	image/814	814	686153	train2017/000000201969.jpg
1340.919921875	0.0	image/769	769	686551	train2017/000000189893.jpg
1341.6875	0.0	image/721	721	686944	train2017/000000176873.jpg
1342.470703125	0.0	image/753	753	687345	train2017/000000006178.jpg
1344.09375	0.0	image/796	796	688176	train2017/000000338501.jpg
1344.89453125	0.0	image/773	773	688586	train2017/000000303133.jpg
1345.72265625	0.0	image/774	774	689010	train2017/000000191005.jpg
1346.52734375	0.0	image/836	836	689422	train2017/000000470907.jpg
1347.345703125	0.0	image/761	761	689841	train2017/000000188225.jpg
1348.123046875	0.0	image/791	791	690239	train2017/000000194054.jpg
1348.9453125	0.0	image/773	773	690660	train2017/000000303133.jpg
1350.529296875	0.0	image/726	726	691471	train2017/000000178423.jpg
1351.36328125	0.0	image/798	798	691898	train2017/000000196365.jpg
1352.140625	0.0	image/839	839	692296	train2017/000000209229.jpg
1352.923828125	0.0	image/779	779	692697	train2017/000000191740.jpg
1353.708984375	0.0	image/763	763	693099	train2017/000000450864.jpg
1354.513671875	0.0	image/740	740	693511	train2017/000000161354.jpg
1355.298828125	0.0	image/837	837	693913	train2017/000000208805.jpg
1356.130859375	0.0	image/813	813	694339	train2017/000000557920.jpg
1356.916015625	0.0	image/723	723	694741	train2017/000000439241.jpg
1357.69921875	0.0	image/767	767	695142	train2017/000000189794.jpg
1358.515625	0.0	image/822	822	695560	train2017/000000466265.jpg
1359.326171875	0.0	image/727	727	695975	train2017/000000440792.jpg
1360.12890625	0.0	image/810	810	696386	train2017/000000200391.jpg
1360.94921875	0.0	image/800	800	696806	train2017/000000458616.jpg
1361.76171875	0.0	image/772	772	697222	train2017/000000190487.jpg
1362.529296875	0.0	image/831	831	697615	train2017/000000469445.jpg
1364.12890625	0.0	image/754	754	698434	train2017/000000185888.jpg
1364.912109375	0.0	image/751	751	698835	train2017/000000185225.jpg
1365.71875	0.0	image/761	761	699248	train2017/000000188225.jpg
1366.544921875	0.0	image/742	742	699671	train2017/000000181837.jpg
1367.333984375	0.0	image/771	771	700075	train2017/000000190271.jpg
1368.16796875	0.0	image/757	757	700502	train2017/000000442666.jpg
1368.962890625	0.0	image/819	819	700909	train2017/000000298139.jpg
1369.751953125	0.0	image/755	755	701313	train2017/000000055764.jpg
1370.580078125	0.0	image/781	781	701737	train2017/000000192631.jpg
1372.185546875	0.0	image/786	786	702559	train2017/000000193023.jpg
1373.01953125	0.0	image/788	788	702986	train2017/000000193373.jpg
1373.814453125	0.0	image/769	769	703393	train2017/000000189893.jpg
1374.62109375	0.0	image/770	770	703806	train2017/000000452341.jpg
1375.4375	0.0	image/732	732	704224	train2017/000000179480.jpg
1376.25390625	0.0	image/774	774	704642	train2017/000000191005.jpg
1377.033203125	0.0	image/839	839	705041	train2017/000000209229.jpg
1377.837890625	0.0	image/801	801	705453	train2017/000000459190.jpg
1378.671875	0.0	image/730	730	705880	train2017/000000441172.jpg
1379.48828125	0.0	image/733	733	706298	train2017/000000179914.jpg
1380.3046875	0.0	image/778	778	706716	train2017/000000191686.jpg
1381.90625	0.0	image/738	738	707536	train2017/000000204969.jpg
1382.71875	0.0	image/832	832	707952	train2017/000000203615.jpg
1383.533203125	0.0	image/821	821	708369	train2017/000000077686.jpg
1384.31640625	0.0	image/809	809	708770	train2017/000000462505.jpg
1385.1015625	0.0	image/722	722	709172	train2017/000000073172.jpg
1385.90625	0.0	image/724	724	709584	train2017/000000178031.jpg
1386.685546875	0.0	image/787	787	709983	train2017/000000193318.jpg
1387.5078125	0.0	image/730	730	710404	train2017/000000441172.jpg
1388.30859375	0.0	image/804	804	710814	train2017/000000460236.jpg
1389.958984375	0.0	image/750	750	711659	train2017/000000447182.jpg
1390.7890625	0.0	image/737	737	712084	train2017/000000443377.jpg
1391.587890625	0.0	image/746	746	712493	train2017/000000445726.jpg
1392.41015625	0.0	image/822	822	712914	train2017/000000466265.jpg
1393.208984375	0.0	image/749	749	713323	train2017/000000447130.jpg
1394.00390625	0.0	image/818	818	713730	train2017/000000465412.jpg
1394.771484375	0.0	image/782	782	714123	train2017/000000454830.jpg
1395.5546875	0.0	image/804	804	714524	train2017/000000460236.jpg
1396.3203125	0.0	image/812	812	714916	train2017/000000201758.jpg
1397.126953125	0.0	image/827	827	715329	train2017/000000296474.jpg
1397.927734375	0.0	image/738	738	715739	train2017/000000204969.jpg
1398.744140625	0.0	image/766	766	716157	train2017/000000451680.jpg
1399.52734375	0.0	image/732	732	716558	train2017/000000179480.jpg
1400.3125	0.0	image/748	748	716960	train2017/000000184822.jpg
1401.111328125	0.0	image/806	806	717369	train2017/000000198319.jpg
1401.927734375	0.0	image/811	811	717787	train2017/000000201722.jpg
1402.7578125	0.0	image/776	776	718212	train2017/000000468771.jpg
1403.578125	0.0	image/741	741	718632	train2017/000000443940.jpg
1404.357421875	0.0	image/796	796	719031	train2017/000000338501.jpg
1405.16015625	0.0	image/756	756	719442	train2017/000000448401.jpg
1405.962890625	0.0	image/765	765	719853	train2017/000000450914.jpg
1406.7578125	0.0	image/760	760	720260	train2017/000000276853.jpg
1407.55859375	0.0	image/792	792	720670	train2017/000000194108.jpg
1408.330078125	0.0	image/744	744	721065	train2017/000000182799.jpg
1409.11328125	0.0	image/794	794	721466	train2017/000000195650.jpg
1409.892578125	0.0	image/783	783	721865	train2017/000000454915.jpg
1410.71484375	0.0	image/808	808	722286	train2017/000000461428.jpg
1411.498046875	0.0	image/727	727	722687	train2017/000000440792.jpg
1412.30859375	0.0	image/743	743	723102	train2017/000000189388.jpg
1413.115234375	0.0	image/840	840	723515	train2017/000000471871.jpg
1413.927734375	0.0	image/759	759	723931	train2017/000000449914.jpg
1415.515625	0.0	image/811	811	724744	train2017/000000201722.jpg
1416.298828125	0.0	image/790	790	725145	train2017/000000455799.jpg
1417.078125	0.0	image/742	742	725544	train2017/000000181837.jpg
1417.87890625	0.0	image/755	755	725954	train2017/000000055764.jpg
1418.68359375	0.0	image/747	747	726366	train2017/000000183719.jpg
1419.51171875	0.0	image/808	808	726790	train2017/000000461428.jpg
1420.318359375	0.0	image/778	778	727203	train2017/000000191686.jpg
1421.14453125	0.0	image/787	787	727626	train2017/000000193318.jpg
1421.935546875	0.0	image/735	735	728031	train2017/000000180410.jpg
1422.767578125	0.0	image/840	840	728457	train2017/000000471871.jpg
1423.5625	0.0	image/753	753	728864	train2017/000000006178.jpg
1424.369140625	0.0	image/814	814	729277	train2017/000000201969.jpg
1425.1796875	0.0	image/760	760	729692	train2017/000000276853.jpg
1425.96875	0.0	image/736	736	730096	train2017/000000180609.jpg
1426.751953125	0.0	image/830	830	730497	train2017/000000468825.jpg
1427.580078125	0.0	image/782	782	730921	train2017/000000454830.jpg
1428.38671875	0.0	image/819	819	731334	train2017/000000298139.jpg
1429.197265625	0.0	image/793	793	731749	train2017/000000338439.jpg
1430.021484375	0.0	image/737	737	732171	train2017/000000443377.jpg
1430.8046875	0.0	image/793	793	732572	train2017/000000338439.jpg
1431.615234375	0.0	image/758	758	732987	train2017/000000186828.jpg
1432.3828125	0.0	image/751	751	733380	train2017/000000185225.jpg
1433.1875	0.0	image/785	785	733792	train2017/000000119550.jpg
1434.787109375	0.0	image/750	750	734611	train2017/000000447182.jpg
1435.599609375	0.0	image/775	775	735027	train2017/000000453221.jpg
1436.3828125	0.0	image/824	824	735428	train2017/000000204806.jpg
1437.16796875	0.0	image/826	826	735830	train2017/000000205875.jpg
1438.7734375	0.0	image/805	805	736652	train2017/000000460408.jpg
1439.607421875	0.0	image/828	828	737079	train2017/000000468394.jpg
1440.43359375	0.0	image/745	745	737502	train2017/000000445351.jpg
1441.216796875	0.0	image/780	780	737903	train2017/000000192576.jpg
1442.80859375	0.0	image/733	733	738718	train2017/000000179914.jpg
1444.423828125	0.0	image/833	833	739545	train2017/000000207549.jpg
1445.201171875	0.0	image/739	739	739943	train2017/000000443575.jpg
1445.96875	0.0	image/780	780	740336	train2017/000000192576.jpg
1446.775390625	0.0	image/815	815	740749	train2017/000000202050.jpg
1447.591796875	0.0	image/807	807	741167	train2017/000000397815.jpg
1449.2265625	0.0	image/765	765	742004	train2017/000000450914.jpg
1450.810546875	0.0	image/734	734	742815	train2017/000000442489.jpg
1451.63671875	0.0	image/724	724	743238	train2017/000000178031.jpg
1452.4609375	0.0	image/775	775	743660	train2017/000000453221.jpg
1454.021484375	0.0	image/748	748	744459	train2017/000000184822.jpg
1454.8046875	0.0	image/764	764	744860	train2017/000000450903.jpg
1455.62890625	0.0	image/752	752	745282	train2017/000000036151.jpg
1456.412109375	0.0	image/820	820	745683	train2017/000000203937.jpg
1457.228515625	0.0	image/834	834	746101	train2017/000000469816.jpg
1458.794921875	0.0	image/759	759	746903	train2017/000000449914.jpg
1459.57421875	0.0	image/813	813	747302	train2017/000000557920.jpg
1460.396484375	0.0	image/740	740	747723	train2017/000000161354.jpg
1461.189453125	0.0	image/791	791	748129	train2017/000000194054.jpg
1461.98046875	0.0	image/825	825	748534	train2017/000000467646.jpg
1462.814453125	0.0	image/835	835	748961	train2017/000000129143.jpg
1463.630859375	0.0	image/736	736	749379	train2017/000000180609.jpg
1464.46484375	0.0	image/829	829	749806	train2017/000000206467.jpg
1465.27734375	0.0	image/729	729	750222	train2017/000000179019.jpg
1466.046875	0.0	image/735	735	750616	train2017/000000180410.jpg
1466.84765625	0.0	image/790	790	751026	train2017/000000455799.jpg
1467.66015625	0.0	image/816	816	751442	train2017/000000464616.jpg
1468.46484375	0.0	image/741	741	751854	train2017/000000443940.jpg
1469.2421875	0.0	image/823	823	752252	train2017/000000204422.jpg
1470.033203125	0.0	image/827	827	752657	train2017/000000296474.jpg
1470.865234375	0.0	image/821	821	753083	train2017/000000077686.jpg
1471.650390625	0.0	image/820	820	753485	train2017/000000203937.jpg
1472.427734375	0.0	image/806	806	753883	train2017/000000198319.jpg
1473.25	0.0	image/815	815	754304	train2017/000000202050.jpg
1474.078125	0.0	image/826	826	754728	train2017/000000205875.jpg
1474.884765625	0.0	image/777	777	755141	train2017/000000453682.jpg
1475.6953125	0.0	image/788	788	755556	train2017/000000193373.jpg
1476.494140625	0.0	image/721	721	755965	train2017/000000176873.jpg
1477.30078125	0.0	image/835	835	756378	train2017/000000129143.jpg
1478.095703125	0.0	image/779	779	756785	train2017/000000191740.jpg
1478.91796875	0.0	image/734	734	757206	train2017/000000442489.jpg
1479.74609375	0.0	image/817	817	757630	train2017/000000202805.jpg
1480.546875	0.0	image/729	729	758040	train2017/000000179019.jpg
1481.318359375	0.0	image/767	767	758435	train2017/000000189794.jpg
1482.103515625	0.0	image/833	833	758837	train2017/000000207549.jpg
1482.896484375	0.0	image/752	752	759243	train2017/000000036151.jpg
1483.69921875	0.0	image/743	743	759654	train2017/000000189388.jpg
1484.50390625	0.0	image/798	798	760066	train2017/000000196365.jpg
1485.3359375	0.0	image/818	818	760492	train2017/000000465412.jpg
1486.1640625	0.0	image/772	772	760916	train2017/000000190487.jpg
1486.98828125	0.0	image/766	766	761338	train2017/000000451680.jpg
1488.63671875	0.0	image/739	739	762182	train2017/000000443575.jpg
1489.421875	0.0	image/816	816	762584	train2017/000000464616.jpg
1490.232421875	0.0	image/786	786	762999	train2017/000000193023.jpg
1491.0390625	0.0	image/795	795	763412	train2017/000000195768.jpg
1492.60546875	0.0	image/803	803	764214	train2017/000000197401.jpg
1493.388671875	0.0	image/770	770	764615	train2017/000000452341.jpg
1494.22265625	0.0	image/838	838	765042	train2017/000000208849.jpg
1495.005859375	0.0	image/812	812	765443	train2017/000000201758.jpg
1495.818359375	0.0	image/823	823	765859	train2017/000000204422.jpg
1496.623046875	0.0	image/746	746	766271	train2017/000000445726.jpg
1497.40234375	0.0	image/762	762	766670	train2017/000000188660.jpg
1498.1875	0.0	image/749	749	767072	train2017/000000447130.jpg
1499.0078125	0.0	image/829	829	767492	train2017/000000206467.jpg
1499.802734375	0.0	image/799	799	767899	train2017/000000196368.jpg
1500.625	0.0	image/795	795	768320	train2017/000000195768.jpg
1501.4375	0.0	image/817	817	768736	train2017/000000202805.jpg
1502.203125	0.0	image/838	838	769128	train2017/000000208849.jpg
1503.009765625	0.0	image/800	800	769541	train2017/000000458616.jpg
1503.8359375	0.0	image/762	762	769964	train2017/000000188660.jpg
1504.603515625	0.0	image/802	802	770357	train2017/000000197118.jpg
1505.38671875	0.0	image/832	832	770758	train2017/000000203615.jpg
1507.02734375	0.0	image/745	745	771598	train2017/000000445351.jpg
1507.810546875	0.0	image/776	776	771999	train2017/000000468771.jpg
1508.638671875	0.0	image/824	824	772423	train2017/000000204806.jpg
1509.41015625	0.0	image/807	807	772818	train2017/000000397815.jpg
1510.244140625	0.0	image/722	722	773245	train2017/000000073172.jpg
1511.056640625	0.0	image/802	802	773661	train2017/000000197118.jpg
1511.861328125	0.0	image/799	799	774073	train2017/000000196368.jpg
1512.673828125	0.0	image/834	834	774489	train2017/000000469816.jpg
1513.486328125	0.0	image/731	731	774905	train2017/000000179034.jpg
1514.306640625	0.0	image/771	771	775325	train2017/000000190271.jpg
1515.109375	0.0	image/757	757	775736	train2017/000000442666.jpg
1515.912109375	0.0	image/768	768	776147	train2017/000000189888.jpg
1517.564453125	0.0	image/758	758	776993	train2017/000000186828.jpg
1518.376953125	0.0	image/797	797	777409	train2017/000000458178.jpg
1519.1796875	0.0	image/763	763	777820	train2017/000000450864.jpg
1519.958984375	0.0	image/725	725	778219	train2017/000000440334.jpg
1526.953125	0.0	image/845	845	781800	train2017/000000211198.jpg
1527.76953125	0.0	image/886	886	782218	train2017/000000386856.jpg
1529.330078125	0.0	image/901	901	783017	train2017/000000007567.jpg
1530.154296875	0.0	image/866	866	783439	train2017/000000216029.jpg
1530.96484375	0.0	image/948	948	783854	train2017/000000502058.jpg
1531.787109375	0.0	image/844	844	784275	train2017/000000341033.jpg
1532.58203125	0.0	image/956	956	784682	train2017/000000242133.jpg
1533.34765625	0.0	image/921	921	785074	train2017/000000231102.jpg
1534.138671875	0.0	image/853	853	785479	train2017/000000474827.jpg
1534.921875	0.0	image/921	921	785880	train2017/000000231102.jpg
1535.69921875	0.0	image/894	894	786278	train2017/000000225533.jpg
1536.5	0.0	image/865	865	786688	train2017/000000035972.jpg
1537.322265625	0.0	image/942	942	787109	train2017/000000238001.jpg
1538.939453125	0.0	image/877	877	787937	train2017/000000342639.jpg
1539.72265625	0.0	image/856	856	788338	train2017/000000213288.jpg
1540.53515625	0.0	image/943	943	788754	train2017/000000238201.jpg
1541.30078125	0.0	image/954	954	789146	train2017/000000040187.jpg
1542.107421875	0.0	image/941	941	789559	train2017/000000237697.jpg
1542.908203125	0.0	image/857	857	789969	train2017/000000213988.jpg
1543.724609375	0.0	image/887	887	790387	train2017/000000561677.jpg
1544.5234375	0.0	image/898	898	790796	train2017/000000488406.jpg
1545.357421875	0.0	image/855	855	791223	train2017/000000122923.jpg
1546.169921875	0.0	image/905	905	791639	train2017/000000227843.jpg
1546.953125	0.0	image/848	848	792040	train2017/000000474353.jpg
1547.736328125	0.0	image/841	841	792441	train2017/000000034961.jpg
1549.326171875	0.0	image/852	852	793255	train2017/000000212440.jpg
1550.12109375	0.0	image/871	871	793662	train2017/000000480990.jpg
1550.91015625	0.0	image/893	893	794066	train2017/000000225383.jpg
1551.720703125	0.0	image/944	944	794481	train2017/000000239337.jpg
1552.48828125	0.0	image/854	854	794874	train2017/000000475236.jpg
1553.275390625	0.0	image/849	849	795277	train2017/000000212229.jpg
1554.078125	0.0	image/847	847	795688	train2017/000000207833.jpg
1554.888671875	0.0	image/929	929	796103	train2017/000000495387.jpg
1555.7109375	0.0	image/922	922	796524	train2017/000000235479.jpg
1556.48828125	0.0	image/914	914	796922	train2017/000000492037.jpg
1557.30859375	0.0	image/843	843	797342	train2017/000000210065.jpg
1558.12890625	0.0	image/931	931	797762	train2017/000000495568.jpg
1558.90625	0.0	image/911	911	798160	train2017/000000229456.jpg
1559.728515625	0.0	image/864	864	798581	train2017/000000385417.jpg
1560.51171875	0.0	image/922	922	798982	train2017/000000235479.jpg
1562.095703125	0.0	image/866	866	799793	train2017/000000216029.jpg
1562.923828125	0.0	image/859	859	800217	train2017/000000476380.jpg
1563.72265625	0.0	image/890	890	800626	train2017/000000224759.jpg
1564.49609375	0.0	image/879	879	801022	train2017/000000221441.jpg
1565.28125	0.0	image/874	874	801424	train2017/000000561006.jpg
1566.05859375	0.0	image/895	895	801822	train2017/000000487825.jpg
1566.880859375	0.0	image/957	957	802243	train2017/000000242631.jpg
1567.69140625	0.0	image/950	950	802658	train2017/000000502470.jpg
1568.474609375	0.0	image/940	940	803059	train2017/000000499730.jpg
1569.244140625	0.0	image/864	864	803453	train2017/000000385417.jpg
1570.048828125	0.0	image/880	880	803865	train2017/000000484300.jpg
1570.83203125	0.0	image/861	861	804266	train2017/000000560054.jpg
1571.626953125	0.0	image/935	935	804673	train2017/000000082945.jpg
1572.44921875	0.0	image/936	936	805094	train2017/000000497797.jpg
1573.2265625	0.0	image/955	955	805492	train2017/000000112805.jpg
1574.046875	0.0	image/915	915	805912	train2017/000000229947.jpg
1574.833984375	0.0	image/871	871	806315	train2017/000000480990.jpg
1575.6171875	0.0	image/846	846	806716	train2017/000000474024.jpg
1577.234375	0.0	image/918	918	807544	train2017/000000230422.jpg
1578.044921875	0.0	image/851	851	807959	train2017/000000474545.jpg
1578.8125	0.0	image/891	891	808352	train2017/000000224869.jpg
1579.59765625	0.0	image/951	951	808754	train2017/000000214821.jpg
1580.369140625	0.0	image/949	949	809149	train2017/000000240278.jpg
1581.15234375	0.0	image/896	896	809550	train2017/000000225750.jpg
1581.931640625	0.0	image/960	960	809949	train2017/000000505592.jpg
1582.751953125	0.0	image/920	920	810369	train2017/000000300622.jpg
1583.564453125	0.0	image/927	927	810785	train2017/000000495040.jpg
1584.34765625	0.0	image/862	862	811186	train2017/000000215023.jpg
1585.15234375	0.0	image/861	861	811598	train2017/000000560054.jpg
1585.96484375	0.0	image/937	937	812014	train2017/000000498615.jpg
1587.5546875	0.0	image/868	868	812828	train2017/000000444880.jpg
1589.1484375	0.0	image/885	885	813644	train2017/000000223718.jpg
1589.955078125	0.0	image/953	953	814057	train2017/000000241026.jpg
1590.765625	0.0	image/950	950	814472	train2017/000000502470.jpg
1591.533203125	0.0	image/938	938	814865	train2017/000000237093.jpg
1592.31640625	0.0	image/910	910	815266	train2017/000000228565.jpg
1593.08984375	0.0	image/956	956	815662	train2017/000000242133.jpg
1593.8671875	0.0	image/904	904	816060	train2017/000000227733.jpg
1594.6328125	0.0	image/917	917	816452	train2017/000000354185.jpg
1595.416015625	0.0	image/844	844	816853	train2017/000000341033.jpg
1596.185546875	0.0	image/853	853	817247	train2017/000000474827.jpg
1596.97265625	0.0	image/841	841	817650	train2017/000000034961.jpg
1597.78515625	0.0	image/873	873	818066	train2017/000000429902.jpg
1598.552734375	0.0	image/913	913	818459	train2017/000000356810.jpg
1599.375	0.0	image/842	842	818880	train2017/000000209919.jpg
1600.16796875	0.0	image/933	933	819286	train2017/000000233873.jpg
1600.96875	0.0	image/938	938	819696	train2017/000000237093.jpg
1601.783203125	0.0	image/924	924	820113	train2017/000000232277.jpg
1602.5859375	0.0	image/945	945	820524	train2017/000000501739.jpg
1603.369140625	0.0	image/856	856	820925	train2017/000000213288.jpg
1604.142578125	0.0	image/927	927	821321	train2017/000000495040.jpg
1604.953125	0.0	image/908	908	821736	train2017/000000228316.jpg
1605.775390625	0.0	image/932	932	822157	train2017/000000233580.jpg
1606.55859375	0.0	image/845	845	822558	train2017/000000211198.jpg
1607.37109375	0.0	image/875	875	822974	train2017/000000482858.jpg
1608.16015625	0.0	image/898	898	823378	train2017/000000488406.jpg
1608.970703125	0.0	image/903	903	823793	train2017/000000227451.jpg
1609.75390625	0.0	image/843	843	824194	train2017/000000210065.jpg
1610.556640625	0.0	image/878	878	824605	train2017/000000167908.jpg
1611.3515625	0.0	image/886	886	825012	train2017/000000386856.jpg
1612.111328125	0.0	image/946	946	825401	train2017/000000501867.jpg
1612.89453125	0.0	image/942	942	825802	train2017/000000238001.jpg
1613.705078125	0.0	image/873	873	826217	train2017/000000429902.jpg
1614.478515625	0.0	image/872	872	826613	train2017/000000429887.jpg
1615.2734375	0.0	image/897	897	827020	train2017/000000430850.jpg
1616.056640625	0.0	image/857	857	827421	train2017/000000213988.jpg
1616.86328125	0.0	image/860	860	827834	train2017/000000476481.jpg
1618.48046875	0.0	image/914	914	828662	train2017/000000492037.jpg
1619.296875	0.0	image/888	888	829080	train2017/000000486503.jpg
1620.07421875	0.0	image/939	939	829478	train2017/000000499627.jpg
1621.708984375	0.0	image/849	849	830315	train2017/000000212229.jpg
1622.5078125	0.0	image/876	876	830724	train2017/000000482912.jpg
1624.08984375	0.0	image/867	867	831534	train2017/000000479035.jpg
1625.6484375	0.0	image/934	934	832332	train2017/000000497464.jpg
1626.431640625	0.0	image/915	915	832733	train2017/000000229947.jpg
1627.25	0.0	image/912	912	833152	train2017/000000491611.jpg
1628.08203125	0.0	image/881	881	833578	train2017/000000222921.jpg
1628.89453125	0.0	image/944	944	833994	train2017/000000239337.jpg
1629.716796875	0.0	image/949	949	834415	train2017/000000240278.jpg
1630.5	0.0	image/870	870	834816	train2017/000000480601.jpg
1631.294921875	0.0	image/924	924	835223	train2017/000000232277.jpg
1632.900390625	0.0	image/867	867	836045	train2017/000000479035.jpg
1633.68359375	0.0	image/850	850	836446	train2017/000000212380.jpg
1634.478515625	0.0	image/897	897	836853	train2017/000000430850.jpg
1635.28515625	0.0	image/913	913	837266	train2017/000000356810.jpg
1636.095703125	0.0	image/930	930	837681	train2017/000000344729.jpg
1636.86328125	0.0	image/883	883	838074	train2017/000000223447.jpg
1637.685546875	0.0	image/874	874	838495	train2017/000000561006.jpg
1639.263671875	0.0	image/925	925	839303	train2017/000000494552.jpg
1640.853515625	0.0	image/850	850	840117	train2017/000000212380.jpg
1641.681640625	0.0	image/905	905	840541	train2017/000000227843.jpg
1642.48046875	0.0	image/920	920	840950	train2017/000000300622.jpg
1644.103515625	0.0	image/888	888	841781	train2017/000000486503.jpg
1644.916015625	0.0	image/894	894	842197	train2017/000000225533.jpg
1645.73828125	0.0	image/879	879	842618	train2017/000000221441.jpg
1646.55078125	0.0	image/880	880	843034	train2017/000000484300.jpg
1647.37109375	0.0	image/926	926	843454	train2017/000000232648.jpg
1648.19921875	0.0	image/955	955	843878	train2017/000000112805.jpg
1649.01953125	0.0	image/940	940	844298	train2017/000000499730.jpg
1649.7890625	0.0	image/872	872	844692	train2017/000000429887.jpg
1650.6015625	0.0	image/958	958	845108	train2017/000000433657.jpg
1651.40625	0.0	image/945	945	845520	train2017/000000501739.jpg
1652.189453125	0.0	image/917	917	845921	train2017/000000354185.jpg
1652.96875	0.0	image/868	868	846320	train2017/000000444880.jpg
1653.767578125	0.0	image/852	852	846729	train2017/000000212440.jpg
1654.55859375	0.0	image/959	959	847134	train2017/000000505486.jpg
1655.341796875	0.0	image/869	869	847535	train2017/000000294744.jpg
1656.134765625	0.0	image/895	895	847941	train2017/000000487825.jpg
1656.958984375	0.0	image/902	902	848363	train2017/000000227307.jpg
1657.791015625	0.0	image/892	892	848789	train2017/000000225113.jpg
1658.5859375	0.0	image/881	881	849196	train2017/000000222921.jpg
1659.375	0.0	image/931	931	849600	train2017/000000495568.jpg
1660.203125	0.0	image/854	854	850024	train2017/000000475236.jpg
1661.009765625	0.0	image/890	890	850437	train2017/000000224759.jpg
1661.79296875	0.0	image/916	916	850838	train2017/000000038370.jpg
1662.572265625	0.0	image/939	939	851237	train2017/000000499627.jpg
1663.392578125	0.0	image/876	876	851657	train2017/000000482912.jpg
1664.177734375	0.0	image/855	855	852059	train2017/000000122923.jpg
1664.98828125	0.0	image/902	902	852474	train2017/000000227307.jpg
1666.62109375	0.0	image/900	900	853310	train2017/000000488658.jpg
1668.244140625	0.0	image/911	911	854141	train2017/000000229456.jpg
1669.046875	0.0	image/884	884	854552	train2017/000000485605.jpg
1669.845703125	0.0	image/957	957	854961	train2017/000000242631.jpg
1670.673828125	0.0	image/951	951	855385	train2017/000000214821.jpg
1671.49609375	0.0	image/916	916	855806	train2017/000000038370.jpg
1672.2734375	0.0	image/946	946	856204	train2017/000000501867.jpg
1673.08203125	0.0	image/885	885	856618	train2017/000000223718.jpg
1673.87890625	0.0	image/952	952	857026	train2017/000000502860.jpg
1674.673828125	0.0	image/909	909	857433	train2017/000000228380.jpg
1675.474609375	0.0	image/943	943	857843	train2017/000000238201.jpg
1676.291015625	0.0	image/863	863	858261	train2017/000000215291.jpg
1677.07421875	0.0	image/851	851	858662	train2017/000000474545.jpg
1677.857421875	0.0	image/906	906	859063	train2017/000000227928.jpg
1679.482421875	0.0	image/925	925	859895	train2017/000000494552.jpg
1680.298828125	0.0	image/918	918	860313	train2017/000000230422.jpg
1681.08203125	0.0	image/919	919	860714	train2017/000000492627.jpg
1681.876953125	0.0	image/959	959	861121	train2017/000000505486.jpg
1682.681640625	0.0	image/859	859	861533	train2017/000000476380.jpg
1683.51171875	0.0	image/934	934	861958	train2017/000000497464.jpg
1684.30859375	0.0	image/930	930	862366	train2017/000000344729.jpg
1685.8828125	0.0	image/929	929	863172	train2017/000000495387.jpg
1686.716796875	0.0	image/907	907	863599	train2017/000000228133.jpg
1687.5	0.0	image/893	893	864000	train2017/000000225383.jpg
1688.279296875	0.0	image/865	865	864399	train2017/000000035972.jpg
1689.044921875	0.0	image/908	908	864791	train2017/000000228316.jpg
1689.8671875	0.0	image/860	860	865212	train2017/000000476481.jpg
1690.65234375	0.0	image/847	847	865614	train2017/000000207833.jpg
1691.4453125	0.0	image/906	906	866020	train2017/000000227928.jpg
1692.234375	0.0	image/842	842	866424	train2017/000000209919.jpg
1693.01953125	0.0	image/923	923	866826	train2017/000000231851.jpg
1693.845703125	0.0	image/884	884	867249	train2017/000000485605.jpg
1694.65234375	0.0	image/889	889	867662	train2017/000000224396.jpg
1695.462890625	0.0	image/953	953	868077	train2017/000000241026.jpg
1696.287109375	0.0	image/887	887	868499	train2017/000000561677.jpg
1697.0703125	0.0	image/903	903	868900	train2017/000000227451.jpg
1697.87109375	0.0	image/936	936	869310	train2017/000000497797.jpg
1698.666015625	0.0	image/947	947	869717	train2017/000000501926.jpg
1699.455078125	0.0	image/954	954	870121	train2017/000000040187.jpg
1700.25	0.0	image/878	878	870528	train2017/000000167908.jpg
1701.033203125	0.0	image/923	923	870929	train2017/000000231851.jpg
1701.837890625	0.0	image/882	882	871341	train2017/000000485113.jpg
1702.62109375	0.0	image/899	899	871742	train2017/000000168803.jpg
1703.453125	0.0	image/875	875	872168	train2017/000000482858.jpg
1704.271484375	0.0	image/947	947	872587	train2017/000000501926.jpg
1705.05078125	0.0	image/948	948	872986	train2017/000000502058.jpg
1705.85546875	0.0	image/960	960	873398	train2017/000000505592.jpg
1706.640625	0.0	image/909	909	873800	train2017/000000228380.jpg
1707.466796875	0.0	image/937	937	874223	train2017/000000498615.jpg
1708.255859375	0.0	image/877	877	874627	train2017/000000342639.jpg
1709.056640625	0.0	image/862	862	875037	train2017/000000215023.jpg
1709.8515625	0.0	image/907	907	875444	train2017/000000228133.jpg
1710.658203125	0.0	image/926	926	875857	train2017/000000232648.jpg
1712.291015625	0.0	image/910	910	876693	train2017/000000228565.jpg
1713.1015625	0.0	image/928	928	877108	train2017/000000233104.jpg
1713.923828125	0.0	image/932	932	877529	train2017/000000233580.jpg
1714.708984375	0.0	image/883	883	877931	train2017/000000223447.jpg
1715.4921875	0.0	image/933	933	878332	train2017/000000233873.jpg
1716.271484375	0.0	image/958	958	878731	train2017/000000433657.jpg
1717.056640625	0.0	image/901	901	879133	train2017/000000007567.jpg
1717.876953125	0.0	image/858	858	879553	train2017/000000214059.jpg
1718.705078125	0.0	image/952	952	879977	train2017/000000502860.jpg
1720.326171875	0.0	image/919	919	880807	train2017/000000492627.jpg
1721.14453125	0.0	image/899	899	881226	train2017/000000168803.jpg
1721.9375	0.0	image/889	889	881632	train2017/000000224396.jpg
1722.705078125	0.0	image/928	928	882025	train2017/000000233104.jpg
1723.48828125	0.0	image/896	896	882426	train2017/000000225750.jpg
1724.294921875	0.0	image/941	941	882839	train2017/000000237697.jpg
1725.10546875	0.0	image/900	900	883254	train2017/000000488658.jpg
1725.90625	0.0	image/858	858	883664	train2017/000000214059.jpg
1727.51171875	0.0	image/863	863	884486	train2017/000000215291.jpg
1729.080078125	0.0	image/935	935	885289	train2017/000000082945.jpg
1729.873046875	0.0	image/904	904	885695	train2017/000000227733.jpg
1730.646484375	0.0	image/846	846	886091	train2017/000000474024.jpg
1731.462890625	0.0	image/892	892	886509	train2017/000000225113.jpg
1732.2421875	0.0	image/870	870	886908	train2017/000000480601.jpg
1733.025390625	0.0	image/869	869	887309	train2017/000000294744.jpg
1733.82421875	0.0	image/912	912	887718	train2017/000000491611.jpg
1734.630859375	0.0	image/848	848	888131	train2017/000000474353.jpg
1735.41015625	0.0	image/891	891	888530	train2017/000000224869.jpg
1736.998046875	0.0	image/882	882	889343	train2017/000000485113.jpg
1743.45703125	0.0	image/109	109	892650	train2017/000000544060.jpg
1744.251953125	0.0	image/68	68	893057	train2017/000000535871.jpg
1745.03515625	0.0	image/29	29	893458	train2017/000000393907.jpg
1745.802734375	0.0	image/20	20	893851	train2017/000000526980.jpg
1746.5859375	0.0	image/105	105	894252	train2017/000000280764.jpg
1747.375	0.0	image/18	18	894656	train2017/000000264735.jpg
1748.185546875	0.0	image/46	46	895071	train2017/000000531515.jpg
1748.9921875	0.0	image/98	98	895484	train2017/000000541472.jpg
1749.822265625	0.0	image/119	119	895909	train2017/000000545950.jpg
1750.642578125	0.0	image/14	14	896329	train2017/000000264244.jpg
1751.453125	0.0	image/104	104	896744	train2017/000000018367.jpg
1752.220703125	0.0	image/5	5	897137	train2017/000000262690.jpg
1753.84375	0.0	image/44	44	897968	train2017/000000007048.jpg
1754.66015625	0.0	image/117	117	898386	train2017/000000396793.jpg
1755.494140625	0.0	image/49	49	898813	train2017/000000219750.jpg
1756.294921875	0.0	image/45	45	899223	train2017/000000531392.jpg
1757.095703125	0.0	image/33	33	899633	train2017/000000267338.jpg
1757.90625	0.0	image/62	62	900048	train2017/000000010903.jpg
1759.462890625	0.0	image/49	49	900845	train2017/000000219750.jpg
1760.2734375	0.0	image/7	7	901260	train2017/000000000605.jpg
1761.076171875	0.0	image/97	97	901671	train2017/000000279197.jpg
1762.646484375	0.0	image/100	100	902475	train2017/000000541856.jpg
1763.44140625	0.0	image/79	79	902882	train2017/000000276664.jpg
1764.2265625	0.0	image/95	95	903284	train2017/000000016898.jpg
1765.03125	0.0	image/112	112	903696	train2017/000000544926.jpg
1765.86328125	0.0	image/118	118	904122	train2017/000000283678.jpg
1766.69140625	0.0	image/15	15	904546	train2017/000000264396.jpg
1768.265625	0.0	image/46	46	905352	train2017/000000531515.jpg
1769.08203125	0.0	image/85	85	905770	train2017/000000539705.jpg
1769.892578125	0.0	image/103	103	906185	train2017/000000280484.jpg
1770.666015625	0.0	image/63	63	906581	train2017/000000273120.jpg
1771.44921875	0.0	image/48	48	906982	train2017/000000011299.jpg
1773.048828125	0.0	image/89	89	907801	train2017/000000016314.jpg
1773.833984375	0.0	image/11	11	908203	train2017/000000263599.jpg
1775.412109375	0.0	image/2	2	909011	train2017/000000262239.jpg
1776.201171875	0.0	image/81	81	909415	train2017/000000539340.jpg
1777.01171875	0.0	image/42	42	909830	train2017/000000268659.jpg
1778.568359375	0.0	image/56	56	910627	train2017/000000008998.jpg
1779.40234375	0.0	image/107	107	911054	train2017/000000543254.jpg
1780.1796875	0.0	image/31	31	911452	train2017/000000266622.jpg
1781.001953125	0.0	image/55	55	911873	train2017/000000533231.jpg
1781.810546875	0.0	image/107	107	912287	train2017/000000543254.jpg
1782.63671875	0.0	image/28	28	912710	train2017/000000558788.jpg
1783.447265625	0.0	image/45	45	913125	train2017/000000531392.jpg
1784.236328125	0.0	image/61	61	913529	train2017/000000272901.jpg
1785.83203125	0.0	image/21	21	914346	train2017/000000274108.jpg
1786.63671875	0.0	image/4	4	914758	train2017/000000524646.jpg
1787.455078125	0.0	image/110	110	915177	train2017/000000019863.jpg
1788.25	0.0	image/44	44	915584	train2017/000000007048.jpg
1789.0703125	0.0	image/73	73	916004	train2017/000000537393.jpg
1789.8828125	0.0	image/88	88	916420	train2017/000000540538.jpg
1790.650390625	0.0	image/70	70	916813	train2017/000000536786.jpg
1791.455078125	0.0	image/38	38	917225	train2017/000000312536.jpg
1792.267578125	0.0	image/40	40	917641	train2017/000000268114.jpg
1793.033203125	0.0	image/74	74	918033	train2017/000000275663.jpg
1793.8359375	0.0	image/1	1	918444	train2017/000000262145.jpg
1794.60546875	0.0	image/93	93	918838	train2017/000000541077.jpg
1795.390625	0.0	image/64	64	919240	train2017/000000273138.jpg
1796.201171875	0.0	image/53	53	919655	train2017/000000270278.jpg
1796.97265625	0.0	image/116	116	920050	train2017/000000283426.jpg
1797.7734375	0.0	image/102	102	920460	train2017/000000018078.jpg
1798.55078125	0.0	image/27	27	920858	train2017/000000265745.jpg
1799.353515625	0.0	image/59	59	921269	train2017/000000010046.jpg
1800.173828125	0.0	image/43	43	921689	train2017/000000006765.jpg
1801.00390625	0.0	image/34	34	922114	train2017/000000005277.jpg
1801.791015625	0.0	image/96	96	922517	train2017/000000541258.jpg
1802.603515625	0.0	image/8	8	922933	train2017/000000000625.jpg
1803.38671875	0.0	image/86	86	923334	train2017/000000539879.jpg
1804.154296875	0.0	image/112	112	923727	train2017/000000544926.jpg
1804.986328125	0.0	image/58	58	924153	train2017/000000534259.jpg
1805.771484375	0.0	image/118	118	924555	train2017/000000283678.jpg
1806.576171875	0.0	image/76	76	924967	train2017/000000275902.jpg
1807.359375	0.0	image/30	30	925368	train2017/000000004442.jpg
1808.94140625	0.0	image/66	66	926178	train2017/000000273250.jpg
1809.771484375	0.0	image/101	101	926603	train2017/000000017967.jpg
1810.59375	0.0	image/93	93	927024	train2017/000000541077.jpg
1811.39453125	0.0	image/22	22	927434	train2017/000000265023.jpg
1812.2109375	0.0	image/21	21	927852	train2017/000000274108.jpg
1813.02734375	0.0	image/52	52	928270	train2017/000000008053.jpg
1814.611328125	0.0	image/120	120	929081	train2017/000000021718.jpg
1815.412109375	0.0	image/26	26	929491	train2017/000000003521.jpg
1816.224609375	0.0	image/20	20	929907	train2017/000000526980.jpg
1817.046875	0.0	image/104	104	930328	train2017/000000018367.jpg
1817.83984375	0.0	image/105	105	930734	train2017/000000280764.jpg
1818.625	0.0	image/53	53	931136	train2017/000000270278.jpg
1819.408203125	0.0	image/110	110	931537	train2017/000000019863.jpg
1820.21484375	0.0	image/55	55	931950	train2017/000000533231.jpg
1821.025390625	0.0	image/67	67	932365	train2017/000000011358.jpg
1821.830078125	0.0	image/6	6	932777	train2017/000000000584.jpg
1822.66015625	0.0	image/116	116	933202	train2017/000000283426.jpg
1823.46484375	0.0	image/80	80	933614	train2017/000000538822.jpg
1824.248046875	0.0	image/84	84	934015	train2017/000000570543.jpg
1825.02734375	0.0	image/31	31	934414	train2017/000000266622.jpg
1825.810546875	0.0	image/52	52	934815	train2017/000000008053.jpg
1826.576171875	0.0	image/29	29	935207	train2017/000000393907.jpg
1828.193359375	0.0	image/100	100	936035	train2017/000000541856.jpg
1829.783203125	0.0	image/6	6	936849	train2017/000000000584.jpg
1830.59375	0.0	image/58	58	937264	train2017/000000534259.jpg
1831.41796875	0.0	image/60	60	937686	train2017/000000010710.jpg
1832.228515625	0.0	image/99	99	938101	train2017/000000271183.jpg
1833.033203125	0.0	image/114	114	938513	train2017/000000571485.jpg
1833.8515625	0.0	image/61	61	938932	train2017/000000272901.jpg
1834.646484375	0.0	image/83	83	939339	train2017/000000277524.jpg
1835.451171875	0.0	image/79	79	939751	train2017/000000276664.jpg
1836.251953125	0.0	image/9	9	940161	train2017/000000000650.jpg
1837.064453125	0.0	image/72	72	940577	train2017/000000274978.jpg
1837.88671875	0.0	image/22	22	940998	train2017/000000265023.jpg
1838.681640625	0.0	image/78	78	941405	train2017/000000013969.jpg
1839.50390625	0.0	image/47	47	941826	train2017/000000531828.jpg
1840.296875	0.0	image/1	1	942232	train2017/000000262145.jpg
1841.08203125	0.0	image/113	113	942634	train2017/000000545160.jpg
1841.873046875	0.0	image/30	30	943039	train2017/000000004442.jpg
1842.669921875	0.0	image/91	91	943447	train2017/000000540735.jpg
1844.287109375	0.0	image/12	12	944275	train2017/000000525790.jpg
1845.072265625	0.0	image/18	18	944677	train2017/000000264735.jpg
1845.849609375	0.0	image/24	24	945075	train2017/000000265453.jpg
1846.638671875	0.0	image/54	54	945479	train2017/000000532753.jpg
1847.421875	0.0	image/28	28	945880	train2017/000000558788.jpg
1848.25	0.0	image/106	106	946304	train2017/000000280808.jpg
1849.015625	0.0	image/70	70	946696	train2017/000000536786.jpg
1850.60546875	0.0	image/34	34	947510	train2017/000000005277.jpg
1851.41796875	0.0	image/56	56	947926	train2017/000000008998.jpg
1852.22265625	0.0	image/102	102	948338	train2017/000000018078.jpg
1853.03515625	0.0	image/35	35	948754	train2017/000000267647.jpg
1853.822265625	0.0	image/3	3	949157	train2017/000000262414.jpg
1854.650390625	0.0	image/4	4	949581	train2017/000000524646.jpg
1855.453125	0.0	image/32	32	949992	train2017/000000005028.jpg
1856.224609375	0.0	image/69	69	950387	train2017/000000011856.jpg
1857.041015625	0.0	image/85	85	950805	train2017/000000539705.jpg
1857.875	0.0	image/94	94	951232	train2017/000000278962.jpg
1859.4921875	0.0	image/82	82	952060	train2017/000000539395.jpg
1860.275390625	0.0	image/115	115	952461	train2017/000000021095.jpg
1861.109375	0.0	image/17	17	952888	train2017/000000002372.jpg
1861.904296875	0.0	image/120	120	953295	train2017/000000021718.jpg
1862.67578125	0.0	image/19	19	953690	train2017/000000526968.jpg
1863.470703125	0.0	image/47	47	954097	train2017/000000531828.jpg
1864.25390625	0.0	image/94	94	954498	train2017/000000278962.jpg
1865.060546875	0.0	image/92	92	954911	train2017/000000278714.jpg
1865.87109375	0.0	image/35	35	955326	train2017/000000267647.jpg
1866.673828125	0.0	image/119	119	955737	train2017/000000545950.jpg
1867.494140625	0.0	image/51	51	956157	train2017/000000008027.jpg
1868.271484375	0.0	image/115	115	956555	train2017/000000021095.jpg
1869.041015625	0.0	image/75	75	956949	train2017/000000399878.jpg
1869.845703125	0.0	image/3	3	957361	train2017/000000262414.jpg
1870.640625	0.0	image/84	84	957768	train2017/000000570543.jpg
1871.423828125	0.0	image/19	19	958169	train2017/000000526968.jpg
1872.20703125	0.0	image/63	63	958570	train2017/000000273120.jpg
1872.99609375	0.0	image/90	90	958974	train2017/000000278555.jpg
1873.779296875	0.0	image/72	72	959375	train2017/000000274978.jpg
1874.591796875	0.0	image/89	89	959791	train2017/000000016314.jpg
1875.380859375	0.0	image/57	57	960195	train2017/000000001625.jpg
1877.013671875	0.0	image/64	64	961031	train2017/000000273138.jpg
1877.841796875	0.0	image/41	41	961455	train2017/000000268418.jpg
1878.609375	0.0	image/51	51	961848	train2017/000000008027.jpg
1879.416015625	0.0	image/11	11	962261	train2017/000000263599.jpg
1880.2421875	0.0	image/25	25	962684	train2017/000000527618.jpg
1881.06640625	0.0	image/59	59	963106	train2017/000000010046.jpg
1881.849609375	0.0	image/13	13	963507	train2017/000000525932.jpg
1882.6484375	0.0	image/98	98	963916	train2017/000000541472.jpg
1883.466796875	0.0	image/88	88	964335	train2017/000000540538.jpg
1884.259765625	0.0	image/101	101	964741	train2017/000000017967.jpg
1885.033203125	0.0	image/7	7	965137	train2017/000000000605.jpg
1885.8125	0.0	image/60	60	965536	train2017/000000010710.jpg
1886.630859375	0.0	image/8	8	965955	train2017/000000000625.jpg
1887.41796875	0.0	image/108	108	966358	train2017/000000281330.jpg
1888.251953125	0.0	image/81	81	966785	train2017/000000539340.jpg
1889.03515625	0.0	image/25	25	967186	train2017/000000527618.jpg
1889.8125	0.0	image/103	103	967584	train2017/000000280484.jpg
1890.615234375	0.0	image/23	23	967995	train2017/000000265150.jpg
1891.40234375	0.0	image/74	74	968398	train2017/000000275663.jpg
1892.23046875	0.0	image/83	83	968822	train2017/000000277524.jpg
1892.99609375	0.0	image/42	42	969214	train2017/000000268659.jpg
1893.818359375	0.0	image/92	92	969635	train2017/000000278714.jpg
1894.59765625	0.0	image/86	86	970034	train2017/000000539879.jpg
1895.416015625	0.0	image/68	68	970453	train2017/000000535871.jpg
1896.236328125	0.0	image/5	5	970873	train2017/000000262690.jpg
1897.037109375	0.0	image/39	39	971283	train2017/000000268008.jpg
1897.8203125	0.0	image/17	17	971684	train2017/000000002372.jpg
1899.400390625	0.0	image/16	16	972493	train2017/000000002270.jpg
1900.220703125	0.0	image/71	71	972913	train2017/000000536884.jpg
1901.021484375	0.0	image/50	50	973323	train2017/000000007932.jpg
1902.654296875	0.0	image/114	114	974159	train2017/000000571485.jpg
1903.43359375	0.0	image/62	62	974558	train2017/000000010903.jpg
1904.232421875	0.0	image/9	9	974967	train2017/000000000650.jpg
1905.05078125	0.0	image/16	16	975386	train2017/000000002270.jpg
1905.8515625	0.0	image/2	2	975796	train2017/000000262239.jpg
1906.640625	0.0	image/41	41	976200	train2017/000000268418.jpg
1907.46875	0.0	image/76	76	976624	train2017/000000275902.jpg
1908.2734375	0.0	image/111	111	977036	train2017/000000020517.jpg
1909.07421875	0.0	image/67	67	977446	train2017/000000011358.jpg
1909.869140625	0.0	image/40	40	977853	train2017/000000268114.jpg
1910.69140625	0.0	image/87	87	978274	train2017/000000300383.jpg
1911.46875	0.0	image/10	10	978672	train2017/000000001308.jpg
1912.251953125	0.0	image/99	99	979073	train2017/000000271183.jpg
1913.05078125	0.0	image/15	15	979482	train2017/000000264396.jpg
1913.859375	0.0	image/27	27	979896	train2017/000000265745.jpg
1914.685546875	0.0	image/12	12	980319	train2017/000000525790.jpg
1915.4765625	0.0	image/111	111	980724	train2017/000000020517.jpg
1916.287109375	0.0	image/65	65	981139	train2017/000000273147.jpg
1917.052734375	0.0	image/69	69	981531	train2017/000000011856.jpg
1918.626953125	0.0	image/90	90	982337	train2017/000000278555.jpg
1919.443359375	0.0	image/75	75	982755	train2017/000000399878.jpg
1920.27734375	0.0	image/77	77	983182	train2017/000000275938.jpg
1921.072265625	0.0	image/96	96	983589	train2017/000000541258.jpg
1921.873046875	0.0	image/106	106	983999	train2017/000000280808.jpg
1922.689453125	0.0	image/54	54	984417	train2017/000000532753.jpg
1923.505859375	0.0	image/78	78	984835	train2017/000000013969.jpg
1924.275390625	0.0	image/26	26	985229	train2017/000000003521.jpg
1925.078125	0.0	image/73	73	985640	train2017/000000537393.jpg
1925.873046875	0.0	image/36	36	986047	train2017/000000267699.jpg
1926.673828125	0.0	image/71	71	986457	train2017/000000536884.jpg
1927.462890625	0.0	image/24	24	986861	train2017/000000265453.jpg
1928.263671875	0.0	image/91	91	987271	train2017/000000540735.jpg
1929.095703125	0.0	image/48	48	987697	train2017/000000011299.jpg
1929.908203125	0.0	image/82	82	988113	train2017/000000539395.jpg
1931.541015625	0.0	image/113	113	988949	train2017/000000545160.jpg
1932.34765625	0.0	image/117	117	989362	train2017/000000396793.jpg
1933.158203125	0.0	image/33	33	989777	train2017/000000267338.jpg
1933.974609375	0.0	image/80	80	990195	train2017/000000538822.jpg
1934.765625	0.0	image/109	109	990600	train2017/000000544060.jpg
1936.396484375	0.0	image/87	87	991435	train2017/000000300383.jpg
1937.19921875	0.0	image/57	57	991846	train2017/000000001625.jpg
1937.9921875	0.0	image/39	39	992252	train2017/000000268008.jpg
1938.794921875	0.0	image/38	38	992663	train2017/000000312536.jpg
1939.59375	0.0	image/37	37	993072	train2017/000000005684.jpg
1941.162109375	0.0	image/37	37	993875	train2017/000000005684.jpg
1941.984375	0.0	image/66	66	994296	train2017/000000273250.jpg
1942.783203125	0.0	image/77	77	994705	train2017/000000275938.jpg
1943.59765625	0.0	image/65	65	995122	train2017/000000273147.jpg
1945.146484375	0.0	image/50	50	995915	train2017/000000007932.jpg
1945.9453125	0.0	image/23	23	996324	train2017/000000265150.jpg
1946.751953125	0.0	image/14	14	996737	train2017/000000264244.jpg
1947.546875	0.0	image/108	108	997144	train2017/000000281330.jpg
1948.330078125	0.0	image/43	43	997545	train2017/000000006765.jpg
1949.13671875	0.0	image/32	32	997958	train2017/000000005028.jpg
1949.947265625	0.0	image/36	36	998373	train2017/000000267699.jpg
1950.736328125	0.0	image/10	10	998777	train2017/000000001308.jpg
1951.5703125	0.0	image/13	13	999204	train2017/000000525932.jpg
1952.36328125	0.0	image/97	97	999610	train2017/000000279197.jpg
1954.00390625	0.0	image/95	95	1000450	train2017/000000016898.jpg
1961.162109375	0.0	image/209	209	1004115	train2017/000000043176.jpg
1961.962890625	0.0	image/149	149	1004525	train2017/000000290192.jpg
1962.7578125	0.0	image/131	131	1004932	train2017/000000549301.jpg
1963.57421875	0.0	image/145	145	1005350	train2017/000000027298.jpg
1965.1640625	0.0	image/196	196	1006164	train2017/000000574784.jpg
1965.998046875	0.0	image/150	150	1006591	train2017/000000552589.jpg
1967.58203125	0.0	image/179	179	1007402	train2017/000000559958.jpg
1968.408203125	0.0	image/185	185	1007825	train2017/000000036589.jpg
1969.19140625	0.0	image/230	230	1008226	train2017/000000573337.jpg
1969.958984375	0.0	image/198	198	1008619	train2017/000000303436.jpg
1970.78125	0.0	image/135	135	1009040	train2017/000000288372.jpg
1971.55859375	0.0	image/139	139	1009438	train2017/000000026702.jpg
1972.33203125	0.0	image/239	239	1009834	train2017/000000313480.jpg
1973.1484375	0.0	image/227	227	1010252	train2017/000000047638.jpg
1973.94921875	0.0	image/162	162	1010662	train2017/000000293372.jpg
1974.765625	0.0	image/208	208	1011080	train2017/000000043150.jpg
1975.56640625	0.0	image/237	237	1011490	train2017/000000095809.jpg
1976.345703125	0.0	image/223	223	1011889	train2017/000000309135.jpg
1977.12890625	0.0	image/163	163	1012290	train2017/000000032134.jpg
1977.951171875	0.0	image/140	140	1012711	train2017/000000551164.jpg
1978.76171875	0.0	image/143	143	1013126	train2017/000000027030.jpg
1979.580078125	0.0	image/222	222	1013545	train2017/000000308950.jpg
1980.3671875	0.0	image/124	124	1013948	train2017/000000122964.jpg
1981.146484375	0.0	image/231	231	1014347	train2017/000000270325.jpg
1981.9296875	0.0	image/156	156	1014748	train2017/000000029732.jpg
1982.6953125	0.0	image/225	225	1015140	train2017/000000047172.jpg
1983.46875	0.0	image/229	229	1015536	train2017/000000310870.jpg
1984.279296875	0.0	image/144	144	1015951	train2017/000000354070.jpg
1985.08203125	0.0	image/181	181	1016362	train2017/000000035927.jpg
1986.703125	0.0	image/210	210	1017192	train2017/000000305685.jpg
1987.482421875	0.0	image/191	191	1017591	train2017/000000039196.jpg
1988.271484375	0.0	image/171	171	1017995	train2017/000000033764.jpg
1989.08203125	0.0	image/207	207	1018410	train2017/000000042578.jpg
1989.8828125	0.0	image/135	135	1018820	train2017/000000288372.jpg
1990.654296875	0.0	image/177	177	1019215	train2017/000000573830.jpg
1991.44921875	0.0	image/166	166	1019622	train2017/000000556748.jpg
1992.25	0.0	image/209	209	1020032	train2017/000000043176.jpg
1993.072265625	0.0	image/232	232	1020453	train2017/000000311232.jpg
1993.8671875	0.0	image/141	141	1020860	train2017/000000026981.jpg
1994.671875	0.0	image/127	127	1021272	train2017/000000285450.jpg
1995.5	0.0	image/163	163	1021696	train2017/000000032134.jpg
1996.302734375	0.0	image/150	150	1022107	train2017/000000552589.jpg
1997.0859375	0.0	image/226	226	1022508	train2017/000000571499.jpg
1997.900390625	0.0	image/126	126	1022925	train2017/000000547367.jpg
1998.66796875	0.0	image/203	203	1023318	train2017/000000566261.jpg
1999.490234375	0.0	image/204	204	1023739	train2017/000000304187.jpg
2000.287109375	0.0	image/196	196	1024147	train2017/000000574784.jpg
2001.068359375	0.0	image/237	237	1024547	train2017/000000095809.jpg
2001.875	0.0	image/231	231	1024960	train2017/000000270325.jpg
2002.658203125	0.0	image/147	147	1025361	train2017/000000289791.jpg
2003.486328125	0.0	image/236	236	1025785	train2017/000000574760.jpg
2004.291015625	0.0	image/228	228	1026197	train2017/000000572215.jpg
2005.091796875	0.0	image/153	153	1026607	train2017/000000553586.jpg
2005.890625	0.0	image/182	182	1027016	train2017/000000298170.jpg
2006.703125	0.0	image/174	174	1027432	train2017/000000559145.jpg
2007.50390625	0.0	image/133	133	1027842	train2017/000000026029.jpg
2008.326171875	0.0	image/199	199	1028263	train2017/000000565652.jpg
2009.138671875	0.0	image/212	212	1028679	train2017/000000043776.jpg
2009.904296875	0.0	image/233	233	1029071	train2017/000000532520.jpg
2010.7109375	0.0	image/210	210	1029484	train2017/000000305685.jpg
2011.51171875	0.0	image/227	227	1029894	train2017/000000047638.jpg
2012.34375	0.0	image/235	235	1030320	train2017/000000050256.jpg
2013.12109375	0.0	image/183	183	1030718	train2017/000000298395.jpg
2013.927734375	0.0	image/176	176	1031131	train2017/000000297154.jpg
2015.544921875	0.0	image/238	238	1031959	train2017/000000050624.jpg
2016.361328125	0.0	image/228	228	1032377	train2017/000000572215.jpg
2017.18359375	0.0	image/188	188	1032798	train2017/000000037823.jpg
2018.01171875	0.0	image/164	164	1033222	train2017/000000556542.jpg
2019.580078125	0.0	image/195	195	1034025	train2017/000000040685.jpg
2020.4140625	0.0	image/221	221	1034452	train2017/000000575701.jpg
2021.197265625	0.0	image/138	138	1034853	train2017/000000288751.jpg
2021.9921875	0.0	image/134	134	1035260	train2017/000000550396.jpg
2022.775390625	0.0	image/174	174	1035661	train2017/000000559145.jpg
2023.580078125	0.0	image/186	186	1036073	train2017/000000037358.jpg
2024.376953125	0.0	image/125	125	1036481	train2017/000000022964.jpg
2025.142578125	0.0	image/167	167	1036873	train2017/000000032809.jpg
2025.94921875	0.0	image/226	226	1037286	train2017/000000571499.jpg
2026.77734375	0.0	image/130	130	1037710	train2017/000000548593.jpg
2027.59375	0.0	image/182	182	1038128	train2017/000000298170.jpg
2028.365234375	0.0	image/123	123	1038523	train2017/000000022256.jpg
2029.1484375	0.0	image/195	195	1038924	train2017/000000040685.jpg
2029.962890625	0.0	image/201	201	1039341	train2017/000000041606.jpg
2030.783203125	0.0	image/217	217	1039761	train2017/000000306988.jpg
2031.56640625	0.0	image/189	189	1040162	train2017/000000300881.jpg
2033.18359375	0.0	image/183	183	1040990	train2017/000000298395.jpg
2033.978515625	0.0	image/145	145	1041397	train2017/000000027298.jpg
2034.78515625	0.0	image/158	158	1041810	train2017/000000030148.jpg
2035.578125	0.0	image/212	212	1042216	train2017/000000043776.jpg
2036.3515625	0.0	image/160	160	1042612	train2017/000000293130.jpg
2037.98046875	0.0	image/171	171	1043446	train2017/000000033764.jpg
2039.59765625	0.0	image/211	211	1044274	train2017/000000567837.jpg
2040.384765625	0.0	image/215	215	1044677	train2017/000000306249.jpg
2041.197265625	0.0	image/218	218	1045093	train2017/000000569196.jpg
2042.798828125	0.0	image/224	224	1045913	train2017/000000309192.jpg
2043.62109375	0.0	image/222	222	1046334	train2017/000000308950.jpg
2044.419921875	0.0	image/121	121	1046743	train2017/000000546140.jpg
2045.201171875	0.0	image/193	193	1047143	train2017/000000564465.jpg
2045.98828125	0.0	image/130	130	1047546	train2017/000000548593.jpg
2047.62109375	0.0	image/121	121	1048382	train2017/000000546140.jpg
2048.439453125	0.0	image/221	221	1048801	train2017/000000575701.jpg
2049.216796875	0.0	image/122	122	1049199	train2017/000000546147.jpg
2050.0390625	0.0	image/128	128	1049620	train2017/000000547644.jpg
2051.638671875	0.0	image/143	143	1050439	train2017/000000027030.jpg
2052.423828125	0.0	image/156	156	1050841	train2017/000000029732.jpg
2053.20703125	0.0	image/151	151	1051242	train2017/000000553150.jpg
2054.751953125	0.0	image/131	131	1052033	train2017/000000549301.jpg
2055.57421875	0.0	image/132	132	1052454	train2017/000000549830.jpg
2056.369140625	0.0	image/134	134	1052861	train2017/000000550396.jpg
2057.185546875	0.0	image/129	129	1053279	train2017/000000023392.jpg
2057.9921875	0.0	image/220	220	1053692	train2017/000000569645.jpg
2058.787109375	0.0	image/167	167	1054099	train2017/000000032809.jpg
2059.552734375	0.0	image/132	132	1054491	train2017/000000549830.jpg
2060.341796875	0.0	image/187	187	1054895	train2017/000000037779.jpg
2061.169921875	0.0	image/193	193	1055319	train2017/000000564465.jpg
2061.951171875	0.0	image/178	178	1055719	train2017/000000355458.jpg
2062.720703125	0.0	image/172	172	1056113	train2017/000000558822.jpg
2063.4921875	0.0	image/154	154	1056508	train2017/000000291560.jpg
2064.3203125	0.0	image/169	169	1056932	train2017/000000557886.jpg
2065.123046875	0.0	image/240	240	1057343	train2017/000000575971.jpg
2065.927734375	0.0	image/211	211	1057755	train2017/000000567837.jpg
2066.705078125	0.0	image/206	206	1058153	train2017/000000263276.jpg
2067.490234375	0.0	image/161	161	1058555	train2017/000000293368.jpg
2068.310546875	0.0	image/219	219	1058975	train2017/000000219735.jpg
2069.10546875	0.0	image/224	224	1059382	train2017/000000309192.jpg
2070.6953125	0.0	image/213	213	1060196	train2017/000000043815.jpg
2071.51171875	0.0	image/203	203	1060614	train2017/000000566261.jpg
2072.345703125	0.0	image/180	180	1061041	train2017/000000297844.jpg
2073.140625	0.0	image/220	220	1061448	train2017/000000569645.jpg
2073.923828125	0.0	image/165	165	1061849	train2017/000000032275.jpg
2074.712890625	0.0	image/206	206	1062253	train2017/000000263276.jpg
2075.5078125	0.0	image/178	178	1062660	train2017/000000355458.jpg
2076.30859375	0.0	image/191	191	1063070	train2017/000000039196.jpg
2077.11328125	0.0	image/201	201	1063482	train2017/000000041606.jpg
2077.896484375	0.0	image/136	136	1063883	train2017/000000026388.jpg
2078.7265625	0.0	image/218	218	1064308	train2017/000000569196.jpg
2080.33203125	0.0	image/232	232	1065130	train2017/000000311232.jpg
2081.1484375	0.0	image/175	175	1065548	train2017/000000559225.jpg
2081.94921875	0.0	image/122	122	1065958	train2017/000000546147.jpg
2082.7421875	0.0	image/126	126	1066364	train2017/000000547367.jpg
2083.53125	0.0	image/137	137	1066768	train2017/000000026443.jpg
2084.349609375	0.0	image/142	142	1067187	train2017/000000027002.jpg
2085.94921875	0.0	image/168	168	1068006	train2017/000000557848.jpg
2086.7265625	0.0	image/125	125	1068404	train2017/000000022964.jpg
2087.51171875	0.0	image/176	176	1068806	train2017/000000297154.jpg
2088.310546875	0.0	image/170	170	1069215	train2017/000000033727.jpg
2089.1171875	0.0	image/181	181	1069628	train2017/000000035927.jpg
2089.912109375	0.0	image/152	152	1070035	train2017/000000553166.jpg
2090.6953125	0.0	image/175	175	1070436	train2017/000000559225.jpg
2091.484375	0.0	image/225	225	1070840	train2017/000000047172.jpg
2092.267578125	0.0	image/214	214	1071241	train2017/000000306031.jpg
2093.1015625	0.0	image/164	164	1071668	train2017/000000556542.jpg
2093.90234375	0.0	image/216	216	1072078	train2017/000000225829.jpg
2094.685546875	0.0	image/146	146	1072479	train2017/000000289460.jpg
2095.462890625	0.0	image/223	223	1072877	train2017/000000309135.jpg
2096.26953125	0.0	image/165	165	1073290	train2017/000000032275.jpg
2097.09765625	0.0	image/190	190	1073714	train2017/000000038801.jpg
2097.919921875	0.0	image/213	213	1074135	train2017/000000043815.jpg
2098.73046875	0.0	image/166	166	1074550	train2017/000000556748.jpg
2099.5546875	0.0	image/161	161	1074972	train2017/000000293368.jpg
2100.38671875	0.0	image/148	148	1075398	train2017/000000027665.jpg
2101.205078125	0.0	image/162	162	1075817	train2017/000000293372.jpg
2102.021484375	0.0	image/123	123	1076235	train2017/000000022256.jpg
2102.837890625	0.0	image/144	144	1076653	train2017/000000354070.jpg
2103.638671875	0.0	image/233	233	1077063	train2017/000000532520.jpg
2104.431640625	0.0	image/148	148	1077469	train2017/000000027665.jpg
2105.220703125	0.0	image/179	179	1077873	train2017/000000559958.jpg
2106.0390625	0.0	image/137	137	1078292	train2017/000000026443.jpg
2106.873046875	0.0	image/136	136	1078719	train2017/000000026388.jpg
2107.701171875	0.0	image/127	127	1079143	train2017/000000285450.jpg
2108.501953125	0.0	image/153	153	1079553	train2017/000000553586.jpg
2110.08984375	0.0	image/142	142	1080366	train2017/000000027002.jpg
2110.869140625	0.0	image/146	146	1080765	train2017/000000289460.jpg
2111.658203125	0.0	image/234	234	1081169	train2017/000000312003.jpg
2112.474609375	0.0	image/197	197	1081587	train2017/000000303392.jpg
2113.26953125	0.0	image/159	159	1081994	train2017/000000292845.jpg
2114.0390625	0.0	image/216	216	1082388	train2017/000000225829.jpg
2114.841796875	0.0	image/197	197	1082799	train2017/000000303392.jpg
2115.619140625	0.0	image/152	152	1083197	train2017/000000553166.jpg
2116.419921875	0.0	image/190	190	1083607	train2017/000000038801.jpg
2117.23828125	0.0	image/149	149	1084026	train2017/000000290192.jpg
2118.037109375	0.0	image/172	172	1084435	train2017/000000558822.jpg
2118.859375	0.0	image/205	205	1084856	train2017/000000566341.jpg
2119.6875	0.0	image/158	158	1085280	train2017/000000030148.jpg
2120.455078125	0.0	image/192	192	1085673	train2017/000000225054.jpg
2121.220703125	0.0	image/180	180	1086065	train2017/000000297844.jpg
2122.02734375	0.0	image/217	217	1086478	train2017/000000306988.jpg
2123.64453125	0.0	image/202	202	1087306	train2017/000000566201.jpg
2124.427734375	0.0	image/194	194	1087707	train2017/000000302588.jpg
2125.240234375	0.0	image/202	202	1088123	train2017/000000566201.jpg
2126.005859375	0.0	image/177	177	1088515	train2017/000000573830.jpg
2127.595703125	0.0	image/184	184	1089329	train2017/000000006053.jpg
2129.1796875	0.0	image/187	187	1090140	train2017/000000037779.jpg
2129.98046875	0.0	image/229	229	1090550	train2017/000000310870.jpg
2130.7734375	0.0	image/140	140	1090956	train2017/000000551164.jpg
2132.380859375	0.0	image/139	139	1091779	train2017/000000026702.jpg
2133.158203125	0.0	image/185	185	1092177	train2017/000000036589.jpg
2134.73046875	0.0	image/170	170	1092982	train2017/000000033727.jpg
2135.5078125	0.0	image/151	151	1093380	train2017/000000553150.jpg
2136.27734375	0.0	image/240	240	1093774	train2017/000000575971.jpg
2137.08984375	0.0	image/234	234	1094190	train2017/000000312003.jpg
2137.908203125	0.0	image/186	186	1094609	train2017/000000037358.jpg
2138.732421875	0.0	image/173	173	1095031	train2017/000000559816.jpg
2139.515625	0.0	image/200	200	1095432	train2017/000000565834.jpg
2140.294921875	0.0	image/169	169	1095831	train2017/000000557886.jpg
2141.060546875	0.0	image/168	168	1096223	train2017/000000557848.jpg
2141.84375	0.0	image/208	208	1096624	train2017/000000043150.jpg
2142.650390625	0.0	image/155	155	1097037	train2017/000000029730.jpg
2143.4609375	0.0	image/184	184	1097452	train2017/000000006053.jpg
2144.244140625	0.0	image/192	192	1097853	train2017/000000225054.jpg
2145.01171875	0.0	image/157	157	1098246	train2017/000000030109.jpg
2145.818359375	0.0	image/207	207	1098659	train2017/000000042578.jpg
2146.634765625	0.0	image/160	160	1099077	train2017/000000293130.jpg
2147.451171875	0.0	image/239	239	1099495	train2017/000000313480.jpg
2148.24609375	0.0	image/159	159	1099902	train2017/000000292845.jpg
2149.013671875	0.0	image/138	138	1100295	train2017/000000288751.jpg
2149.78125	0.0	image/157	157	1100688	train2017/000000030109.jpg
2150.595703125	0.0	image/236	236	1101105	train2017/000000574760.jpg
2151.3984375	0.0	image/230	230	1101516	train2017/000000573337.jpg
2152.185546875	0.0	image/235	235	1101919	train2017/000000050256.jpg
2152.998046875	0.0	image/219	219	1102335	train2017/000000219735.jpg
2153.765625	0.0	image/188	188	1102728	train2017/000000037823.jpg
2154.53125	0.0	image/155	155	1103120	train2017/000000029730.jpg
2155.30078125	0.0	image/128	128	1103514	train2017/000000547644.jpg
2156.103515625	0.0	image/199	199	1103925	train2017/000000565652.jpg
2157.6953125	0.0	image/124	124	1104740	train2017/000000122964.jpg
2158.48828125	0.0	image/215	215	1105146	train2017/000000306249.jpg
2159.298828125	0.0	image/147	147	1105561	train2017/000000289791.jpg
2160.072265625	0.0	image/189	189	1105957	train2017/000000300881.jpg
2160.873046875	0.0	image/194	194	1106367	train2017/000000302588.jpg
2161.69921875	0.0	image/204	204	1106790	train2017/000000304187.jpg
2162.5234375	0.0	image/198	198	1107212	train2017/000000303436.jpg
2163.349609375	0.0	image/129	129	1107635	train2017/000000023392.jpg
2164.150390625	0.0	image/173	173	1108045	train2017/000000559816.jpg
2164.95703125	0.0	image/238	238	1108458	train2017/000000050624.jpg
2165.78515625	0.0	image/133	133	1108882	train2017/000000026029.jpg
2166.583984375	0.0	image/154	154	1109291	train2017/000000291560.jpg
2168.119140625	0.0	image/200	200	1110077	train2017/000000565834.jpg
2168.94140625	0.0	image/205	205	1110498	train2017/000000566341.jpg
2169.724609375	0.0	image/214	214	1110899	train2017/000000306031.jpg
2170.51953125	0.0	image/141	141	1111306	train2017/000000026981.jpg
2178.884765625	0.0	image/329	329	1115589	train2017/000000333615.jpg
2179.677734375	0.0	image/306	306	1115995	train2017/000000281575.jpg
2180.48046875	0.0	image/348	348	1116406	train2017/000000074461.jpg
2181.28515625	0.0	image/293	293	1116818	train2017/000000062547.jpg
2182.11328125	0.0	image/346	346	1117242	train2017/000000336374.jpg
2183.712890625	0.0	image/304	304	1118061	train2017/000000066696.jpg
2184.51953125	0.0	image/328	328	1118474	train2017/000000071429.jpg
2186.09765625	0.0	image/308	308	1119282	train2017/000000067623.jpg
2186.91796875	0.0	image/285	285	1119702	train2017/000000061174.jpg
2187.736328125	0.0	image/280	280	1120121	train2017/000000322255.jpg
2188.515625	0.0	image/243	243	1120520	train2017/000000560396.jpg
2189.318359375	0.0	image/342	342	1120931	train2017/000000335688.jpg
2190.103515625	0.0	image/290	290	1121333	train2017/000000534553.jpg
2190.8984375	0.0	image/275	275	1121740	train2017/000000403184.jpg
2191.701171875	0.0	image/257	257	1122151	train2017/000000055206.jpg
2192.470703125	0.0	image/289	289	1122545	train2017/000000061559.jpg
2193.298828125	0.0	image/298	298	1122969	train2017/000000065029.jpg
2194.10546875	0.0	image/354	354	1123382	train2017/000000076476.jpg
2194.90625	0.0	image/294	294	1123792	train2017/000000325710.jpg
2195.68359375	0.0	image/351	351	1124190	train2017/000000337479.jpg
2196.505859375	0.0	image/326	326	1124611	train2017/000000332875.jpg
2197.31640625	0.0	image/284	284	1125026	train2017/000000323182.jpg
2198.119140625	0.0	image/311	311	1125437	train2017/000000067961.jpg
2198.939453125	0.0	image/337	337	1125857	train2017/000000072095.jpg
2199.76953125	0.0	image/241	241	1126282	train2017/000000576011.jpg
2200.57421875	0.0	image/309	309	1126694	train2017/000000330084.jpg
2201.3515625	0.0	image/351	351	1127092	train2017/000000337479.jpg
2202.119140625	0.0	image/338	338	1127485	train2017/000000334772.jpg
2202.923828125	0.0	image/259	259	1127897	train2017/000000055402.jpg
2203.708984375	0.0	image/343	343	1128299	train2017/000000335824.jpg
2204.5078125	0.0	image/322	322	1128708	train2017/000000070421.jpg
2205.287109375	0.0	image/333	333	1129107	train2017/000000334011.jpg
2206.0703125	0.0	image/325	325	1129508	train2017/000000002349.jpg
2206.859375	0.0	image/348	348	1129912	train2017/000000074461.jpg
2207.669921875	0.0	image/272	272	1130327	train2017/000000359337.jpg
2208.4921875	0.0	image/271	271	1130748	train2017/000000058465.jpg
2209.3203125	0.0	image/265	265	1131172	train2017/000000580813.jpg
2210.109375	0.0	image/301	301	1131576	train2017/000000066253.jpg
2210.89453125	0.0	image/316	316	1131978	train2017/000000246728.jpg
2211.705078125	0.0	image/343	343	1132393	train2017/000000335824.jpg
2212.48828125	0.0	image/299	299	1132794	train2017/000000327191.jpg
2213.310546875	0.0	image/318	318	1133215	train2017/000000069705.jpg
2214.9453125	0.0	image/283	283	1134052	train2017/000000359687.jpg
2215.771484375	0.0	image/258	258	1134475	train2017/000000055294.jpg
2216.58984375	0.0	image/300	300	1134894	train2017/000000065400.jpg
2217.40625	0.0	image/258	258	1135312	train2017/000000055294.jpg
2218.228515625	0.0	image/266	266	1135733	train2017/000000056837.jpg
2219.029296875	0.0	image/324	324	1136143	train2017/000000332692.jpg
2219.80859375	0.0	image/282	282	1136542	train2017/000000053842.jpg
2220.607421875	0.0	image/305	305	1136951	train2017/000000067347.jpg
2221.408203125	0.0	image/307	307	1137361	train2017/000000329641.jpg
2222.23046875	0.0	image/252	252	1137782	train2017/000000578169.jpg
2223.029296875	0.0	image/276	276	1138191	train2017/000000322008.jpg
2223.826171875	0.0	image/290	290	1138599	train2017/000000534553.jpg
2224.630859375	0.0	image/330	330	1139011	train2017/000000333629.jpg
2225.458984375	0.0	image/302	302	1139435	train2017/000000328454.jpg
2226.28125	0.0	image/306	306	1139856	train2017/000000281575.jpg
2227.076171875	0.0	image/314	314	1140263	train2017/000000055090.jpg
2227.859375	0.0	image/339	339	1140664	train2017/000000072715.jpg
2228.66015625	0.0	image/352	352	1141074	train2017/000000274776.jpg
2229.44921875	0.0	image/294	294	1141478	train2017/000000325710.jpg
2230.2265625	0.0	image/273	273	1141876	train2017/000000059321.jpg
2231.02734375	0.0	image/270	270	1142286	train2017/000000058407.jpg
2231.833984375	0.0	image/273	273	1142699	train2017/000000059321.jpg
2232.626953125	0.0	image/284	284	1143105	train2017/000000323182.jpg
2233.44921875	0.0	image/356	356	1143526	train2017/000000012795.jpg
2234.267578125	0.0	image/342	342	1143945	train2017/000000335688.jpg
2235.060546875	0.0	image/360	360	1144351	train2017/000000078042.jpg
2235.884765625	0.0	image/322	322	1144773	train2017/000000070421.jpg
2236.712890625	0.0	image/331	331	1145197	train2017/000000333654.jpg
2237.501953125	0.0	image/324	324	1145601	train2017/000000332692.jpg
2238.28515625	0.0	image/292	292	1146002	train2017/000000323970.jpg
2239.0625	0.0	image/282	282	1146400	train2017/000000053842.jpg
2239.86328125	0.0	image/319	319	1146810	train2017/000000332261.jpg
2240.669921875	0.0	image/263	263	1147223	train2017/000000318444.jpg
2241.462890625	0.0	image/320	320	1147629	train2017/000000332448.jpg
2242.267578125	0.0	image/327	327	1148041	train2017/000000333152.jpg
2243.09765625	0.0	image/310	310	1148466	train2017/000000330086.jpg
2243.880859375	0.0	image/277	277	1148867	train2017/000000009983.jpg
2244.6875	0.0	image/267	267	1149280	train2017/000000057631.jpg
2245.50390625	0.0	image/275	275	1149698	train2017/000000403184.jpg
2246.3203125	0.0	image/305	305	1150116	train2017/000000067347.jpg
2247.1484375	0.0	image/326	326	1150540	train2017/000000332875.jpg
2247.9375	0.0	image/350	350	1150944	train2017/000000074828.jpg
2249.5546875	0.0	image/288	288	1151772	train2017/000000061288.jpg
2251.138671875	0.0	image/272	272	1152583	train2017/000000359337.jpg
2251.94921875	0.0	image/254	254	1152998	train2017/000000317061.jpg
2252.7734375	0.0	image/323	323	1153420	train2017/000000332574.jpg
2253.56640625	0.0	image/285	285	1153826	train2017/000000061174.jpg
2254.369140625	0.0	image/329	329	1154237	train2017/000000333615.jpg
2255.140625	0.0	image/345	345	1154632	train2017/000000281567.jpg
2255.95703125	0.0	image/287	287	1155050	train2017/000000061266.jpg
2256.736328125	0.0	image/299	299	1155449	train2017/000000327191.jpg
2257.541015625	0.0	image/242	242	1155861	train2017/000000051774.jpg
2258.32421875	0.0	image/355	355	1156262	train2017/000000338670.jpg
2259.107421875	0.0	image/350	350	1156663	train2017/000000074828.jpg
2259.90234375	0.0	image/317	317	1157070	train2017/000000069625.jpg
2260.708984375	0.0	image/245	245	1157483	train2017/000000052348.jpg
2261.521484375	0.0	image/256	256	1157899	train2017/000000009199.jpg
2262.302734375	0.0	image/325	325	1158299	train2017/000000002349.jpg
2263.91015625	0.0	image/340	340	1159122	train2017/000000335063.jpg
2264.7421875	0.0	image/335	335	1159548	train2017/000000071927.jpg
2265.5703125	0.0	image/313	313	1159972	train2017/000000011373.jpg
2266.392578125	0.0	image/279	279	1160393	train2017/000000322246.jpg
2267.220703125	0.0	image/250	250	1160817	train2017/000000577964.jpg
2268.02734375	0.0	image/309	309	1161230	train2017/000000330084.jpg
2268.810546875	0.0	image/289	289	1161631	train2017/000000061559.jpg
2269.623046875	0.0	image/263	263	1162047	train2017/000000318444.jpg
2270.427734375	0.0	image/335	335	1162459	train2017/000000071927.jpg
2271.205078125	0.0	image/303	303	1162857	train2017/000000328628.jpg
2272.755859375	0.0	image/336	336	1163651	train2017/000000334208.jpg
2273.52734375	0.0	image/287	287	1164046	train2017/000000061266.jpg
2274.345703125	0.0	image/274	274	1164465	train2017/000000321902.jpg
2275.158203125	0.0	image/310	310	1164881	train2017/000000330086.jpg
2275.947265625	0.0	image/358	358	1165285	train2017/000000077870.jpg
2276.763671875	0.0	image/307	307	1165703	train2017/000000329641.jpg
2277.57421875	0.0	image/252	252	1166118	train2017/000000578169.jpg
2278.375	0.0	image/344	344	1166528	train2017/000000073997.jpg
2279.17578125	0.0	image/266	266	1166938	train2017/000000056837.jpg
2279.96484375	0.0	image/295	295	1167342	train2017/000000010743.jpg
2281.591796875	0.0	image/302	302	1168175	train2017/000000328454.jpg
2282.4140625	0.0	image/262	262	1168596	train2017/000000318381.jpg
2283.208984375	0.0	image/344	344	1169003	train2017/000000073997.jpg
2284.03125	0.0	image/246	246	1169424	train2017/000000576749.jpg
2284.859375	0.0	image/317	317	1169848	train2017/000000069625.jpg
2285.6328125	0.0	image/330	330	1170244	train2017/000000333629.jpg
2286.45703125	0.0	image/336	336	1170666	train2017/000000334208.jpg
2288.05078125	0.0	image/281	281	1171482	train2017/000000323010.jpg
2288.833984375	0.0	image/255	255	1171883	train2017/000000055184.jpg
2290.419921875	0.0	image/357	357	1172695	train2017/000000338987.jpg
2291.234375	0.0	image/291	291	1173112	train2017/000000490875.jpg
2292.794921875	0.0	image/337	337	1173911	train2017/000000072095.jpg
2293.6015625	0.0	image/355	355	1174324	train2017/000000338670.jpg
2294.384765625	0.0	image/303	303	1174725	train2017/000000328628.jpg
2295.94921875	0.0	image/254	254	1175526	train2017/000000317061.jpg
2296.73046875	0.0	image/314	314	1175926	train2017/000000055090.jpg
2298.330078125	0.0	image/259	259	1176745	train2017/000000055402.jpg
2299.099609375	0.0	image/269	269	1177139	train2017/000000320533.jpg
2300.720703125	0.0	image/338	338	1177969	train2017/000000334772.jpg
2301.537109375	0.0	image/354	354	1178387	train2017/000000076476.jpg
2302.365234375	0.0	image/249	249	1178811	train2017/000000577817.jpg
2303.1875	0.0	image/270	270	1179232	train2017/000000058407.jpg
2303.98828125	0.0	image/264	264	1179642	train2017/000000001877.jpg
2304.8046875	0.0	image/312	312	1180060	train2017/000000068238.jpg
2305.62109375	0.0	image/316	316	1180478	train2017/000000246728.jpg
2307.23828125	0.0	image/277	277	1181306	train2017/000000009983.jpg
2308.068359375	0.0	image/274	274	1181731	train2017/000000321902.jpg
2308.85546875	0.0	image/331	331	1182134	train2017/000000333654.jpg
2309.66796875	0.0	image/334	334	1182550	train2017/000000334048.jpg
2310.451171875	0.0	image/267	267	1182951	train2017/000000057631.jpg
2311.240234375	0.0	image/339	339	1183355	train2017/000000072715.jpg
2312.05078125	0.0	image/286	286	1183770	train2017/000000323397.jpg
2313.640625	0.0	image/333	333	1184584	train2017/000000334011.jpg
2314.453125	0.0	image/286	286	1185000	train2017/000000323397.jpg
2315.251953125	0.0	image/260	260	1185409	train2017/000000055514.jpg
2316.04296875	0.0	image/265	265	1185814	train2017/000000580813.jpg
2316.869140625	0.0	image/269	269	1186237	train2017/000000320533.jpg
2317.658203125	0.0	image/315	315	1186641	train2017/000000068623.jpg
2318.443359375	0.0	image/318	318	1187043	train2017/000000069705.jpg
2319.26953125	0.0	image/346	346	1187466	train2017/000000336374.jpg
2320.076171875	0.0	image/313	313	1187879	train2017/000000011373.jpg
2320.88671875	0.0	image/268	268	1188294	train2017/000000057796.jpg
2321.7109375	0.0	image/308	308	1188716	train2017/000000067623.jpg
2322.537109375	0.0	image/293	293	1189139	train2017/000000062547.jpg
2323.3046875	0.0	image/327	327	1189532	train2017/000000333152.jpg
2324.08984375	0.0	image/300	300	1189934	train2017/000000065400.jpg
2324.91015625	0.0	image/353	353	1190354	train2017/000000338169.jpg
2326.544921875	0.0	image/278	278	1191191	train2017/000000009987.jpg
2327.33984375	0.0	image/261	261	1191598	train2017/000000317781.jpg
2328.14453125	0.0	image/264	264	1192010	train2017/000000001877.jpg
2328.9296875	0.0	image/341	341	1192412	train2017/000000492851.jpg
2329.7578125	0.0	image/291	291	1192836	train2017/000000490875.jpg
2330.58984375	0.0	image/352	352	1193262	train2017/000000274776.jpg
2331.376953125	0.0	image/359	359	1193665	train2017/000000078000.jpg
2332.16015625	0.0	image/320	320	1194066	train2017/000000332448.jpg
2332.9296875	0.0	image/341	341	1194460	train2017/000000492851.jpg
2333.7578125	0.0	image/321	321	1194884	train2017/000000332498.jpg
2334.556640625	0.0	image/297	297	1195293	train2017/000000065012.jpg
2335.36328125	0.0	image/281	281	1195706	train2017/000000323010.jpg
2336.19140625	0.0	image/347	347	1196130	train2017/000000074390.jpg
2336.98046875	0.0	image/358	358	1196534	train2017/000000077870.jpg
2338.58203125	0.0	image/246	246	1197354	train2017/000000576749.jpg
2339.3828125	0.0	image/360	360	1197764	train2017/000000078042.jpg
2340.166015625	0.0	image/242	242	1198165	train2017/000000051774.jpg
2340.998046875	0.0	image/271	271	1198591	train2017/000000058465.jpg
2341.828125	0.0	image/359	359	1199016	train2017/000000078000.jpg
2342.6328125	0.0	image/347	347	1199428	train2017/000000074390.jpg
2343.4609375	0.0	image/244	244	1199852	train2017/000000314379.jpg
2344.26171875	0.0	image/283	283	1200262	train2017/000000359687.jpg
2345.029296875	0.0	image/323	323	1200655	train2017/000000332574.jpg
2345.80078125	0.0	image/247	247	1201050	train2017/000000576789.jpg
2346.583984375	0.0	image/292	292	1201451	train2017/000000323970.jpg
2347.37890625	0.0	image/304	304	1201858	train2017/000000066696.jpg
2348.185546875	0.0	image/334	334	1202271	train2017/000000334048.jpg
2348.99609375	0.0	image/356	356	1202686	train2017/000000012795.jpg
2349.767578125	0.0	image/260	260	1203081	train2017/000000055514.jpg
2350.580078125	0.0	image/241	241	1203497	train2017/000000576011.jpg
2351.369140625	0.0	image/345	345	1203901	train2017/000000281567.jpg
2352.15234375	0.0	image/315	315	1204302	train2017/000000068623.jpg
2352.96875	0.0	image/276	276	1204720	train2017/000000322008.jpg
2353.78125	0.0	image/353	353	1205136	train2017/000000338169.jpg
2354.580078125	0.0	image/301	301	1205545	train2017/000000066253.jpg
2355.38671875	0.0	image/311	311	1205958	train2017/000000067961.jpg
2356.197265625	0.0	image/248	248	1206373	train2017/000000455691.jpg
2356.984375	0.0	image/295	295	1206776	train2017/000000010743.jpg
2357.748046875	0.0	image/261	261	1207167	train2017/000000317781.jpg
2358.521484375	0.0	image/257	257	1207563	train2017/000000055206.jpg
2359.3046875	0.0	image/279	279	1207964	train2017/000000322246.jpg
2360.08203125	0.0	image/251	251	1208362	train2017/000000053778.jpg
2361.671875	0.0	image/319	319	1209176	train2017/000000332261.jpg
2362.5	0.0	image/255	255	1209600	train2017/000000055184.jpg
2363.267578125	0.0	image/298	298	1209993	train2017/000000065029.jpg
2364.072265625	0.0	image/357	357	1210405	train2017/000000338987.jpg
2364.8515625	0.0	image/340	340	1210804	train2017/000000335063.jpg
2366.423828125	0.0	image/278	278	1211609	train2017/000000009987.jpg
2367.20703125	0.0	image/253	253	1212010	train2017/000000054001.jpg
2368.001953125	0.0	image/268	268	1212417	train2017/000000057796.jpg
2368.78515625	0.0	image/244	244	1212818	train2017/000000314379.jpg
2370.375	0.0	image/312	312	1213632	train2017/000000068238.jpg
2371.158203125	0.0	image/349	349	1214033	train2017/000000074714.jpg
2371.9375	0.0	image/297	297	1214432	train2017/000000065012.jpg
2372.70703125	0.0	image/245	245	1214826	train2017/000000052348.jpg
2373.537109375	0.0	image/248	248	1215251	train2017/000000455691.jpg
2374.30859375	0.0	image/332	332	1215646	train2017/000000579906.jpg
2375.91015625	0.0	image/250	250	1216466	train2017/000000577964.jpg
2376.6875	0.0	image/256	256	1216864	train2017/000000009199.jpg
2377.509765625	0.0	image/332	332	1217285	train2017/000000579906.jpg
2378.310546875	0.0	image/247	247	1217695	train2017/000000576789.jpg
2379.955078125	0.0	image/296	296	1218537	train2017/000000064534.jpg
2380.771484375	0.0	image/251	251	1218955	train2017/000000053778.jpg
2381.544921875	0.0	image/296	296	1219351	train2017/000000064534.jpg
2382.328125	0.0	image/328	328	1219752	train2017/000000071429.jpg
2383.90625	0.0	image/243	243	1220560	train2017/000000560396.jpg
2384.712890625	0.0	image/288	288	1220973	train2017/000000061288.jpg
2385.541015625	0.0	image/249	249	1221397	train2017/000000577817.jpg
2386.30859375	0.0	image/262	262	1221790	train2017/000000318381.jpg
2387.095703125	0.0	image/280	280	1222193	train2017/000000322255.jpg
2387.875	0.0	image/349	349	1222592	train2017/000000074714.jpg
2388.69140625	0.0	image/253	253	1223010	train2017/000000054001.jpg
2389.498046875	0.0	image/321	321	1223423	train2017/000000332498.jpg
2396.869140625	0.0	image/405	405	1227197	train2017/000000189765.jpg
2397.669921875	0.0	image/372	372	1227607	train2017/000000081474.jpg
2398.48046875	0.0	image/363	363	1228022	train2017/000000079111.jpg
2399.263671875	0.0	image/366	366	1228423	train2017/000000080275.jpg
2400.0859375	0.0	image/443	443	1228844	train2017/000000099580.jpg
2400.912109375	0.0	image/406	406	1229267	train2017/000000352236.jpg
2401.720703125	0.0	image/445	445	1229681	train2017/000000362677.jpg
2402.50390625	0.0	image/421	421	1230082	train2017/000000354761.jpg
2403.298828125	0.0	image/376	376	1230489	train2017/000000081995.jpg
2404.080078125	0.0	image/381	381	1230889	train2017/000000082770.jpg
2404.896484375	0.0	image/367	367	1231307	train2017/000000080619.jpg
2405.6640625	0.0	image/420	420	1231700	train2017/000000092353.jpg
2406.451171875	0.0	image/441	441	1232103	train2017/000000099363.jpg
2407.23828125	0.0	image/361	361	1232506	train2017/000000340317.jpg
2408.85546875	0.0	image/387	387	1233334	train2017/000000083738.jpg
2409.66796875	0.0	image/372	372	1233750	train2017/000000081474.jpg
2410.466796875	0.0	image/446	446	1234159	train2017/000000100599.jpg
2411.240234375	0.0	image/468	468	1234555	train2017/000000542304.jpg
2412.041015625	0.0	image/371	371	1234965	train2017/000000081365.jpg
2412.82421875	0.0	image/384	384	1235366	train2017/000000345725.jpg
2413.65234375	0.0	image/441	441	1235790	train2017/000000099363.jpg
2415.275390625	0.0	image/424	424	1236621	train2017/000000277778.jpg
2416.091796875	0.0	image/409	409	1237039	train2017/000000090827.jpg
2416.90234375	0.0	image/442	442	1237454	train2017/000000361648.jpg
2417.669921875	0.0	image/362	362	1237847	train2017/000000340734.jpg
2418.474609375	0.0	image/463	463	1238259	train2017/000000369171.jpg
2419.271484375	0.0	image/458	458	1238667	train2017/000000104502.jpg
2420.0546875	0.0	image/461	461	1239068	train2017/000000106107.jpg
2421.708984375	0.0	image/424	424	1239915	train2017/000000277778.jpg
2422.494140625	0.0	image/399	399	1240317	train2017/000000320508.jpg
2423.3046875	0.0	image/439	439	1240732	train2017/000000361193.jpg
2424.125	0.0	image/389	389	1241152	train2017/000000346583.jpg
2424.943359375	0.0	image/452	452	1241571	train2017/000000365218.jpg
2425.72265625	0.0	image/383	383	1241970	train2017/000000083393.jpg
2426.544921875	0.0	image/365	365	1242391	train2017/000000080084.jpg
2427.345703125	0.0	image/381	381	1242801	train2017/000000082770.jpg
2428.138671875	0.0	image/434	434	1243207	train2017/000000097201.jpg
2428.9453125	0.0	image/401	401	1243620	train2017/000000088414.jpg
2429.7734375	0.0	image/448	448	1244044	train2017/000000101069.jpg
2430.541015625	0.0	image/380	380	1244437	train2017/000000082650.jpg
2431.30859375	0.0	image/407	407	1244830	train2017/000000352724.jpg
2432.123046875	0.0	image/405	405	1245247	train2017/000000189765.jpg
2432.90625	0.0	image/377	377	1245648	train2017/000000450584.jpg
2433.69140625	0.0	image/368	368	1246050	train2017/000000008471.jpg
2434.513671875	0.0	image/377	377	1246471	train2017/000000450584.jpg
2435.30859375	0.0	image/476	476	1246878	train2017/000000112734.jpg
2436.111328125	0.0	image/431	431	1247289	train2017/000000095828.jpg
2436.92578125	0.0	image/379	379	1247706	train2017/000000569678.jpg
2437.7265625	0.0	image/374	374	1248116	train2017/000000046372.jpg
2438.53125	0.0	image/366	366	1248528	train2017/000000080275.jpg
2439.326171875	0.0	image/438	438	1248935	train2017/000000147547.jpg
2440.962890625	0.0	image/380	380	1249773	train2017/000000082650.jpg
2442.56640625	0.0	image/395	395	1250594	train2017/000000087146.jpg
2443.34375	0.0	image/396	396	1250992	train2017/000000349363.jpg
2444.111328125	0.0	image/431	431	1251385	train2017/000000095828.jpg
2444.91015625	0.0	image/394	394	1251794	train2017/000000087126.jpg
2445.701171875	0.0	image/465	465	1252199	train2017/000000369253.jpg
2446.484375	0.0	image/368	368	1252600	train2017/000000008471.jpg
2447.30078125	0.0	image/399	399	1253018	train2017/000000320508.jpg
2448.111328125	0.0	image/434	434	1253433	train2017/000000097201.jpg
2448.912109375	0.0	image/479	479	1253843	train2017/000000114077.jpg
2450.501953125	0.0	image/459	459	1254657	train2017/000000366802.jpg
2451.3125	0.0	image/426	426	1255072	train2017/000000357074.jpg
2452.134765625	0.0	image/429	429	1255493	train2017/000000095337.jpg
2452.912109375	0.0	image/408	408	1255891	train2017/000000352861.jpg
2453.71484375	0.0	image/414	414	1256302	train2017/000000091784.jpg
2454.498046875	0.0	image/467	467	1256703	train2017/000000017935.jpg
2455.314453125	0.0	image/392	392	1257121	train2017/000000348204.jpg
2456.09765625	0.0	image/376	376	1257522	train2017/000000081995.jpg
2456.904296875	0.0	image/404	404	1257935	train2017/000000352129.jpg
2457.71484375	0.0	image/371	371	1258350	train2017/000000081365.jpg
2458.482421875	0.0	image/430	430	1258743	train2017/000000357865.jpg
2459.3046875	0.0	image/427	427	1259164	train2017/000000357228.jpg
2460.115234375	0.0	image/392	392	1259579	train2017/000000348204.jpg
2460.91796875	0.0	image/450	450	1259990	train2017/000000570785.jpg
2461.732421875	0.0	image/475	475	1260407	train2017/000000373970.jpg
2462.515625	0.0	image/471	471	1260808	train2017/000000372775.jpg
2463.2890625	0.0	image/454	454	1261204	train2017/000000366146.jpg
2464.068359375	0.0	image/393	393	1261603	train2017/000000086811.jpg
2464.8828125	0.0	image/416	416	1262020	train2017/000000354095.jpg
2465.66796875	0.0	image/387	387	1262422	train2017/000000083738.jpg
2466.46875	0.0	image/462	462	1262832	train2017/000000368852.jpg
2467.255859375	0.0	image/473	473	1263235	train2017/000000372959.jpg
2468.068359375	0.0	image/398	398	1263651	train2017/000000087871.jpg
2468.8671875	0.0	image/477	477	1264060	train2017/000000113593.jpg
2469.673828125	0.0	image/458	458	1264473	train2017/000000104502.jpg
2470.453125	0.0	image/468	468	1264872	train2017/000000542304.jpg
2471.2578125	0.0	image/403	403	1265284	train2017/000000089908.jpg
2472.041015625	0.0	image/394	394	1265685	train2017/000000087126.jpg
2472.8359375	0.0	image/460	460	1266092	train2017/000000367552.jpg
2473.638671875	0.0	image/385	385	1266503	train2017/000000345751.jpg
2474.408203125	0.0	image/460	460	1266897	train2017/000000367552.jpg
2475.193359375	0.0	image/446	446	1267299	train2017/000000100599.jpg
2476.01953125	0.0	image/451	451	1267722	train2017/000000365003.jpg
2477.576171875	0.0	image/467	467	1268519	train2017/000000017935.jpg
2478.40625	0.0	image/435	435	1268944	train2017/000000097218.jpg
2480.060546875	0.0	image/418	418	1269791	train2017/000000092221.jpg
2480.888671875	0.0	image/437	437	1270215	train2017/000000060117.jpg
2481.654296875	0.0	image/464	464	1270607	train2017/000000369230.jpg
2482.4609375	0.0	image/382	382	1271020	train2017/000000345149.jpg
2483.27734375	0.0	image/397	397	1271438	train2017/000000087334.jpg
2484.107421875	0.0	image/425	425	1271863	train2017/000000356771.jpg
2484.87890625	0.0	image/418	418	1272258	train2017/000000092221.jpg
2485.662109375	0.0	image/416	416	1272659	train2017/000000354095.jpg
2486.474609375	0.0	image/471	471	1273075	train2017/000000372775.jpg
2487.279296875	0.0	image/423	423	1273487	train2017/000000355622.jpg
2488.0625	0.0	image/362	362	1273888	train2017/000000340734.jpg
2488.875	0.0	image/420	420	1274304	train2017/000000092353.jpg
2489.6796875	0.0	image/364	364	1274716	train2017/000000275335.jpg
2490.49609375	0.0	image/425	425	1275134	train2017/000000356771.jpg
2491.27734375	0.0	image/417	417	1275534	train2017/000000092001.jpg
2492.046875	0.0	image/462	462	1275928	train2017/000000368852.jpg
2492.84765625	0.0	image/415	415	1276338	train2017/000000354045.jpg
2493.625	0.0	image/429	429	1276736	train2017/000000095337.jpg
2494.42578125	0.0	image/443	443	1277146	train2017/000000099580.jpg
2495.232421875	0.0	image/365	365	1277559	train2017/000000080084.jpg
2496.849609375	0.0	image/470	470	1278387	train2017/000000110611.jpg
2497.6328125	0.0	image/390	390	1278788	train2017/000000346754.jpg
2498.427734375	0.0	image/472	472	1279195	train2017/000000110780.jpg
2499.19921875	0.0	image/478	478	1279590	train2017/000000114035.jpg
2499.9765625	0.0	image/401	401	1279988	train2017/000000088414.jpg
2501.533203125	0.0	image/453	453	1280785	train2017/000000103366.jpg
2502.328125	0.0	image/430	430	1281192	train2017/000000357865.jpg
2503.134765625	0.0	image/455	455	1281605	train2017/000000104044.jpg
2503.962890625	0.0	image/406	406	1282029	train2017/000000352236.jpg
2504.74609375	0.0	image/453	453	1282430	train2017/000000103366.jpg
2505.53515625	0.0	image/479	479	1282834	train2017/000000114077.jpg
2507.0859375	0.0	image/417	417	1283628	train2017/000000092001.jpg
2507.91796875	0.0	image/435	435	1284054	train2017/000000097218.jpg
2508.74609375	0.0	image/466	466	1284478	train2017/000000107204.jpg
2509.552734375	0.0	image/455	455	1284891	train2017/000000104044.jpg
2510.380859375	0.0	image/396	396	1285315	train2017/000000349363.jpg
2511.185546875	0.0	image/407	407	1285727	train2017/000000352724.jpg
2511.970703125	0.0	image/410	410	1286129	train2017/000000090994.jpg
2512.796875	0.0	image/414	414	1286552	train2017/000000091784.jpg
2513.564453125	0.0	image/461	461	1286945	train2017/000000106107.jpg
2514.353515625	0.0	image/436	436	1287349	train2017/000000098480.jpg
2515.1484375	0.0	image/480	480	1287756	train2017/000000376407.jpg
2515.93359375	0.0	image/439	439	1288158	train2017/000000361193.jpg
2516.755859375	0.0	image/413	413	1288579	train2017/000000364806.jpg
2517.583984375	0.0	image/464	464	1289003	train2017/000000369230.jpg
2518.40625	0.0	image/444	444	1289424	train2017/000000100396.jpg
2519.18359375	0.0	image/423	423	1289822	train2017/000000355622.jpg
2519.984375	0.0	image/391	391	1290232	train2017/000000346795.jpg
2520.767578125	0.0	image/404	404	1290633	train2017/000000352129.jpg
2521.572265625	0.0	image/440	440	1291045	train2017/000000361197.jpg
2522.357421875	0.0	image/409	409	1291447	train2017/000000090827.jpg
2523.173828125	0.0	image/410	410	1291865	train2017/000000090994.jpg
2523.984375	0.0	image/437	437	1292280	train2017/000000060117.jpg
2524.787109375	0.0	image/457	457	1292691	train2017/000000366396.jpg
2526.390625	0.0	image/454	454	1293512	train2017/000000366146.jpg
2527.1875	0.0	image/432	432	1293920	train2017/000000096161.jpg
2527.974609375	0.0	image/469	469	1294323	train2017/000000370369.jpg
2528.802734375	0.0	image/375	375	1294747	train2017/000000081961.jpg
2529.609375	0.0	image/438	438	1295160	train2017/000000147547.jpg
2530.392578125	0.0	image/432	432	1295561	train2017/000000096161.jpg
2531.224609375	0.0	image/476	476	1295987	train2017/000000112734.jpg
2532.052734375	0.0	image/375	375	1296411	train2017/000000081961.jpg
2533.642578125	0.0	image/415	415	1297225	train2017/000000354045.jpg
2535.27734375	0.0	image/449	449	1298062	train2017/000000101952.jpg
2536.060546875	0.0	image/385	385	1298463	train2017/000000345751.jpg
2536.888671875	0.0	image/413	413	1298887	train2017/000000364806.jpg
2537.65625	0.0	image/412	412	1299280	train2017/000000408492.jpg
2538.4609375	0.0	image/402	402	1299692	train2017/000000088835.jpg
2540.095703125	0.0	image/422	422	1300529	train2017/000000059194.jpg
2540.873046875	0.0	image/419	419	1300927	train2017/000000092288.jpg
2541.693359375	0.0	image/445	445	1301347	train2017/000000362677.jpg
2542.478515625	0.0	image/395	395	1301749	train2017/000000087146.jpg
2543.263671875	0.0	image/422	422	1302151	train2017/000000059194.jpg
2544.076171875	0.0	image/475	475	1302567	train2017/000000373970.jpg
2544.880859375	0.0	image/447	447	1302979	train2017/000000100863.jpg
2545.673828125	0.0	image/459	459	1303385	train2017/000000366802.jpg
2546.49609375	0.0	image/361	361	1303806	train2017/000000340317.jpg
2548.064453125	0.0	image/428	428	1304609	train2017/000000095176.jpg
2549.681640625	0.0	image/370	370	1305437	train2017/000000081105.jpg
2550.458984375	0.0	image/480	480	1305835	train2017/000000376407.jpg
2551.2265625	0.0	image/398	398	1306228	train2017/000000087871.jpg
2552.02734375	0.0	image/412	412	1306638	train2017/000000408492.jpg
2553.650390625	0.0	image/440	440	1307469	train2017/000000361197.jpg
2554.44921875	0.0	image/450	450	1307878	train2017/000000570785.jpg
2556.05078125	0.0	image/427	427	1308698	train2017/000000357228.jpg
2556.8671875	0.0	image/472	472	1309116	train2017/000000110780.jpg
2557.6953125	0.0	image/433	433	1309540	train2017/000000359085.jpg
2558.517578125	0.0	image/444	444	1309961	train2017/000000100396.jpg
2559.294921875	0.0	image/408	408	1310359	train2017/000000352861.jpg
2560.0625	0.0	image/386	386	1310752	train2017/000000083632.jpg
2560.869140625	0.0	image/477	477	1311165	train2017/000000113593.jpg
2562.46875	0.0	image/421	421	1311984	train2017/000000354761.jpg
2563.251953125	0.0	image/369	369	1312385	train2017/000000080987.jpg
2564.03515625	0.0	image/456	456	1312786	train2017/000000104081.jpg
2564.8359375	0.0	image/474	474	1313196	train2017/000000373679.jpg
2565.615234375	0.0	image/373	373	1313595	train2017/000000081841.jpg
2566.384765625	0.0	image/369	369	1313989	train2017/000000080987.jpg
2567.216796875	0.0	image/451	451	1314415	train2017/000000365003.jpg
2568.037109375	0.0	image/463	463	1314835	train2017/000000369171.jpg
2568.8203125	0.0	image/465	465	1315236	train2017/000000369253.jpg
2569.615234375	0.0	image/374	374	1315643	train2017/000000046372.jpg
2570.41796875	0.0	image/388	388	1316054	train2017/000000084174.jpg
2571.220703125	0.0	image/452	452	1316465	train2017/000000365218.jpg
2572.033203125	0.0	image/370	370	1316881	train2017/000000081105.jpg
2572.837890625	0.0	image/383	383	1317293	train2017/000000083393.jpg
2573.666015625	0.0	image/364	364	1317717	train2017/000000275335.jpg
2574.453125	0.0	image/449	449	1318120	train2017/000000101952.jpg
2575.23828125	0.0	image/402	402	1318522	train2017/000000088835.jpg
2576.033203125	0.0	image/400	400	1318929	train2017/000000350299.jpg
2576.85546875	0.0	image/397	397	1319350	train2017/000000087334.jpg
2577.65625	0.0	image/384	384	1319760	train2017/000000345725.jpg
2578.43359375	0.0	image/442	442	1320158	train2017/000000361648.jpg
2579.216796875	0.0	image/428	428	1320559	train2017/000000095176.jpg
2580.0078125	0.0	image/470	470	1320964	train2017/000000110611.jpg
2581.56640625	0.0	image/378	378	1321762	train2017/000000319517.jpg
2583.13671875	0.0	image/400	400	1322566	train2017/000000350299.jpg
2583.953125	0.0	image/469	469	1322984	train2017/000000370369.jpg
2584.736328125	0.0	image/411	411	1323385	train2017/000000091005.jpg
2585.50390625	0.0	image/478	478	1323778	train2017/000000114035.jpg
2586.326171875	0.0	image/426	426	1324199	train2017/000000357074.jpg
2587.12109375	0.0	image/389	389	1324606	train2017/000000346583.jpg
2587.904296875	0.0	image/382	382	1325007	train2017/000000345149.jpg
2588.708984375	0.0	image/391	391	1325419	train2017/000000346795.jpg
2590.3046875	0.0	image/474	474	1326236	train2017/000000373679.jpg
2591.126953125	0.0	image/419	419	1326657	train2017/000000092288.jpg
2591.9375	0.0	image/457	457	1327072	train2017/000000366396.jpg
2592.76171875	0.0	image/373	373	1327494	train2017/000000081841.jpg
2593.5546875	0.0	image/447	447	1327900	train2017/000000100863.jpg
2594.322265625	0.0	image/367	367	1328293	train2017/000000080619.jpg
2595.12890625	0.0	image/403	403	1328706	train2017/000000089908.jpg
2595.912109375	0.0	image/466	466	1329107	train2017/000000107204.jpg
2596.724609375	0.0	image/393	393	1329523	train2017/000000086811.jpg
2597.529296875	0.0	image/448	448	1329935	train2017/000000101069.jpg
2598.3125	0.0	image/411	411	1330336	train2017/000000091005.jpg
2599.091796875	0.0	image/433	433	1330735	train2017/000000359085.jpg
2599.896484375	0.0	image/379	379	1331147	train2017/000000569678.jpg
2600.6796875	0.0	image/473	473	1331548	train2017/000000372959.jpg
2601.458984375	0.0	image/390	390	1331947	train2017/000000346754.jpg
2602.27734375	0.0	image/436	436	1332366	train2017/000000098480.jpg
2603.107421875	0.0	image/386	386	1332791	train2017/000000083632.jpg
2603.892578125	0.0	image/363	363	1333193	train2017/000000079111.jpg
2604.71484375	0.0	image/456	456	1333614	train2017/000000104081.jpg
2605.509765625	0.0	image/378	378	1334021	train2017/000000319517.jpg
2606.33203125	0.0	image/388	388	1334442	train2017/000000084174.jpg
2613.787109375	0.0	image/505	505	1338259	train2017/000000120987.jpg
2614.5546875	0.0	image/582	582	1338652	train2017/000000140590.jpg
2615.369140625	0.0	image/578	578	1339069	train2017/000000401720.jpg
2616.169921875	0.0	image/510	510	1339479	train2017/000000544738.jpg
2616.970703125	0.0	image/581	581	1339889	train2017/000000402199.jpg
2617.78515625	0.0	image/483	483	1340306	train2017/000000376858.jpg
2618.5546875	0.0	image/598	598	1340700	train2017/000000405437.jpg
2619.33984375	0.0	image/588	588	1341102	train2017/000000403739.jpg
2620.1015625	0.0	image/529	529	1341492	train2017/000000129060.jpg
2620.888671875	0.0	image/522	522	1341895	train2017/000000125586.jpg
2621.65625	0.0	image/562	562	1342288	train2017/000000022696.jpg
2622.4375	0.0	image/592	592	1342688	train2017/000000504289.jpg
2623.203125	0.0	image/599	599	1343080	train2017/000000388853.jpg
2623.986328125	0.0	image/519	519	1343481	train2017/000000124747.jpg
2624.76953125	0.0	image/544	544	1343882	train2017/000000394008.jpg
2625.5703125	0.0	image/559	559	1344292	train2017/000000135965.jpg
2626.353515625	0.0	image/589	589	1344693	train2017/000000403789.jpg
2627.158203125	0.0	image/571	571	1345105	train2017/000000229233.jpg
2627.955078125	0.0	image/526	526	1345513	train2017/000000389582.jpg
2628.73828125	0.0	image/554	554	1345914	train2017/000000135032.jpg
2629.5546875	0.0	image/495	495	1346332	train2017/000000380729.jpg
2630.37109375	0.0	image/588	588	1346750	train2017/000000403739.jpg
2631.123046875	0.0	image/533	533	1347135	train2017/000000392556.jpg
2631.921875	0.0	image/534	534	1347544	train2017/000000130681.jpg
2632.671875	0.0	image/494	494	1347928	train2017/000000380227.jpg
2633.439453125	0.0	image/513	513	1348321	train2017/000000282631.jpg
2634.22265625	0.0	image/554	554	1348722	train2017/000000135032.jpg
2634.97265625	0.0	image/549	549	1349106	train2017/000000197068.jpg
2635.7734375	0.0	image/491	491	1349516	train2017/000000116603.jpg
2636.58984375	0.0	image/497	497	1349934	train2017/000000282032.jpg
2638.123046875	0.0	image/536	536	1350719	train2017/000000196584.jpg
2638.923828125	0.0	image/526	526	1351129	train2017/000000389582.jpg
2639.740234375	0.0	image/550	550	1351547	train2017/000000066014.jpg
2640.5078125	0.0	image/593	593	1351940	train2017/000000196777.jpg
2641.275390625	0.0	image/497	497	1352333	train2017/000000282032.jpg
2642.041015625	0.0	image/490	490	1352725	train2017/000000116588.jpg
2642.80859375	0.0	image/523	523	1353118	train2017/000000125703.jpg
2643.55859375	0.0	image/539	539	1353502	train2017/000000131011.jpg
2645.076171875	0.0	image/558	558	1354279	train2017/000000398083.jpg
2645.876953125	0.0	image/581	581	1354689	train2017/000000402199.jpg
2646.66015625	0.0	image/566	566	1355090	train2017/000000399835.jpg
2647.42578125	0.0	image/555	555	1355482	train2017/000000397192.jpg
2648.193359375	0.0	image/516	516	1355875	train2017/000000385864.jpg
2649.794921875	0.0	image/481	481	1356695	train2017/000000114274.jpg
2650.578125	0.0	image/576	576	1357096	train2017/000000401699.jpg
2651.396484375	0.0	image/544	544	1357515	train2017/000000394008.jpg
2652.162109375	0.0	image/537	537	1357907	train2017/000000371353.jpg
2652.912109375	0.0	image/597	597	1358291	train2017/000000143245.jpg
2653.728515625	0.0	image/506	506	1358709	train2017/000000383641.jpg
2654.533203125	0.0	image/600	600	1359121	train2017/000000143420.jpg
2655.296875	0.0	image/574	574	1359512	train2017/000000139344.jpg
2656.080078125	0.0	image/563	563	1359913	train2017/000000398540.jpg
2656.86328125	0.0	image/596	596	1360314	train2017/000000405215.jpg
2657.630859375	0.0	image/532	532	1360707	train2017/000000130181.jpg
2658.447265625	0.0	image/542	542	1361125	train2017/000000284089.jpg
2659.24609375	0.0	image/564	564	1361534	train2017/000000399162.jpg
2660.046875	0.0	image/520	520	1361944	train2017/000000125042.jpg
2660.84765625	0.0	image/596	596	1362354	train2017/000000405215.jpg
2661.59765625	0.0	image/547	547	1362738	train2017/000000395758.jpg
2662.3984375	0.0	image/572	572	1363148	train2017/000000138785.jpg
2663.998046875	0.0	image/481	481	1363967	train2017/000000114274.jpg
2664.78125	0.0	image/560	560	1364368	train2017/000000136111.jpg
2665.548828125	0.0	image/587	587	1364761	train2017/000000403535.jpg
2666.302734375	0.0	image/568	568	1365147	train2017/000000399984.jpg
2667.06640625	0.0	image/511	511	1365538	train2017/000000122776.jpg
2667.849609375	0.0	image/599	599	1365939	train2017/000000388853.jpg
2668.599609375	0.0	image/493	493	1366323	train2017/000000379713.jpg
2669.41796875	0.0	image/524	524	1366742	train2017/000000125725.jpg
2670.234375	0.0	image/489	489	1367160	train2017/000000115967.jpg
2671.0	0.0	image/569	569	1367552	train2017/000000138153.jpg
2671.80078125	0.0	image/542	542	1367962	train2017/000000284089.jpg
2672.603515625	0.0	image/515	515	1368373	train2017/000000123692.jpg
2673.41796875	0.0	image/505	505	1368790	train2017/000000120987.jpg
2675.01953125	0.0	image/535	535	1369610	train2017/000000392851.jpg
2675.8359375	0.0	image/568	568	1370028	train2017/000000399984.jpg
2676.619140625	0.0	image/504	504	1370429	train2017/000000382951.jpg
2677.423828125	0.0	image/565	565	1370841	train2017/000000197656.jpg
2678.185546875	0.0	image/590	590	1371231	train2017/000000404007.jpg
2678.990234375	0.0	image/575	575	1371643	train2017/000000139551.jpg
2679.787109375	0.0	image/504	504	1372051	train2017/000000382951.jpg
2680.5625	0.0	image/510	510	1372448	train2017/000000544738.jpg
2682.19140625	0.0	image/498	498	1373282	train2017/000000119669.jpg
2682.970703125	0.0	image/512	512	1373681	train2017/000000122811.jpg
2683.720703125	0.0	image/540	540	1374065	train2017/000000021826.jpg
2684.4921875	0.0	image/527	527	1374460	train2017/000000390120.jpg
2685.255859375	0.0	image/503	503	1374851	train2017/000000382890.jpg
2686.021484375	0.0	image/528	528	1375243	train2017/000000239828.jpg
2686.7890625	0.0	image/552	552	1375636	train2017/000000396550.jpg
2687.61328125	0.0	image/496	496	1376058	train2017/000000380989.jpg
2688.40625	0.0	image/532	532	1376464	train2017/000000130181.jpg
2689.205078125	0.0	image/487	487	1376873	train2017/000000115637.jpg
2689.97265625	0.0	image/486	486	1377266	train2017/000000377703.jpg
2690.7734375	0.0	image/593	593	1377676	train2017/000000196777.jpg
2692.32421875	0.0	image/537	537	1378470	train2017/000000371353.jpg
2693.091796875	0.0	image/585	585	1378863	train2017/000000140724.jpg
2694.64453125	0.0	image/557	557	1379658	train2017/000000022627.jpg
2695.423828125	0.0	image/520	520	1380057	train2017/000000125042.jpg
2696.208984375	0.0	image/546	546	1380459	train2017/000000133281.jpg
2697.0078125	0.0	image/512	512	1380868	train2017/000000122811.jpg
2697.7578125	0.0	image/540	540	1381252	train2017/000000021826.jpg
2699.29296875	0.0	image/499	499	1382038	train2017/000000575164.jpg
2700.091796875	0.0	image/538	538	1382447	train2017/000000130973.jpg
2700.86328125	0.0	image/511	511	1382842	train2017/000000122776.jpg
2701.66015625	0.0	image/586	586	1383250	train2017/000000154556.jpg
2702.451171875	0.0	image/527	527	1383655	train2017/000000390120.jpg
2703.228515625	0.0	image/553	553	1384053	train2017/000000134562.jpg
2703.994140625	0.0	image/484	484	1384445	train2017/000000114822.jpg
2704.759765625	0.0	image/500	500	1384837	train2017/000000381961.jpg
2705.560546875	0.0	image/502	502	1385247	train2017/000000120655.jpg
2706.361328125	0.0	image/508	508	1385657	train2017/000000413472.jpg
2707.14453125	0.0	image/502	502	1386058	train2017/000000120655.jpg
2707.927734375	0.0	image/492	492	1386459	train2017/000000150636.jpg
2708.728515625	0.0	image/533	533	1386869	train2017/000000392556.jpg
2709.49609375	0.0	image/517	517	1387262	train2017/000000123891.jpg
2710.294921875	0.0	image/573	573	1387671	train2017/000000138904.jpg
2711.095703125	0.0	image/516	516	1388081	train2017/000000385864.jpg
2711.86328125	0.0	image/501	501	1388474	train2017/000000353175.jpg
2712.662109375	0.0	image/538	538	1388883	train2017/000000130973.jpg
2713.4296875	0.0	image/584	584	1389276	train2017/000000285588.jpg
2714.212890625	0.0	image/574	574	1389677	train2017/000000139344.jpg
2714.98046875	0.0	image/551	551	1390070	train2017/000000134169.jpg
2715.78125	0.0	image/525	525	1390480	train2017/000000388980.jpg
2716.599609375	0.0	image/499	499	1390899	train2017/000000575164.jpg
2717.380859375	0.0	image/594	594	1391299	train2017/000000404823.jpg
2718.150390625	0.0	image/501	501	1391693	train2017/000000353175.jpg
2719.69921875	0.0	image/572	572	1392486	train2017/000000138785.jpg
2720.515625	0.0	image/503	503	1392904	train2017/000000382890.jpg
2721.283203125	0.0	image/589	589	1393297	train2017/000000403789.jpg
2722.083984375	0.0	image/592	592	1393707	train2017/000000504289.jpg
2722.900390625	0.0	image/587	587	1394125	train2017/000000403535.jpg
2723.716796875	0.0	image/550	550	1394543	train2017/000000066014.jpg
2724.517578125	0.0	image/482	482	1394953	train2017/000000376643.jpg
2725.3046875	0.0	image/509	509	1395356	train2017/000000384235.jpg
2726.1171875	0.0	image/489	489	1395772	train2017/000000115967.jpg
2726.91796875	0.0	image/561	561	1396182	train2017/000000136142.jpg
2728.451171875	0.0	image/569	569	1396967	train2017/000000138153.jpg
2729.21875	0.0	image/513	513	1397360	train2017/000000282631.jpg
2729.984375	0.0	image/539	539	1397752	train2017/000000131011.jpg
2730.78515625	0.0	image/598	598	1398162	train2017/000000405437.jpg
2731.6015625	0.0	image/531	531	1398580	train2017/000000391754.jpg
2733.169921875	0.0	image/591	591	1399383	train2017/000000404282.jpg
2733.986328125	0.0	image/485	485	1399801	train2017/000000377576.jpg
2734.75390625	0.0	image/584	584	1400194	train2017/000000285588.jpg
2735.537109375	0.0	image/551	551	1400595	train2017/000000134169.jpg
2736.302734375	0.0	image/507	507	1400987	train2017/000000383652.jpg
2737.087890625	0.0	image/545	545	1401389	train2017/000000131967.jpg
2737.904296875	0.0	image/494	494	1401807	train2017/000000380227.jpg
2738.705078125	0.0	image/575	575	1402217	train2017/000000139551.jpg
2739.48828125	0.0	image/552	552	1402618	train2017/000000396550.jpg
2740.3046875	0.0	image/600	600	1403036	train2017/000000143420.jpg
2741.12109375	0.0	image/556	556	1403454	train2017/000000135316.jpg
2741.888671875	0.0	image/558	558	1403847	train2017/000000398083.jpg
2742.65625	0.0	image/523	523	1404240	train2017/000000125703.jpg
2743.421875	0.0	image/525	525	1404632	train2017/000000388980.jpg
2744.189453125	0.0	image/492	492	1405025	train2017/000000150636.jpg
2744.990234375	0.0	image/545	545	1405435	train2017/000000131967.jpg
2746.58984375	0.0	image/576	576	1406254	train2017/000000401699.jpg
2748.15625	0.0	image/487	487	1407056	train2017/000000115637.jpg
2748.95703125	0.0	image/560	560	1407466	train2017/000000136111.jpg
2749.7578125	0.0	image/536	536	1407876	train2017/000000196584.jpg
2750.525390625	0.0	image/524	524	1408269	train2017/000000125725.jpg
2751.32421875	0.0	image/495	495	1408678	train2017/000000380729.jpg
2752.859375	0.0	image/529	529	1409464	train2017/000000129060.jpg
2753.66015625	0.0	image/557	557	1409874	train2017/000000022627.jpg
2754.42578125	0.0	image/485	485	1410266	train2017/000000377576.jpg
2755.17578125	0.0	image/579	579	1410650	train2017/000000139815.jpg
2755.962890625	0.0	image/571	571	1411053	train2017/000000229233.jpg
2756.763671875	0.0	image/514	514	1411463	train2017/000000282707.jpg
2757.560546875	0.0	image/543	543	1411871	train2017/000000131763.jpg
2758.376953125	0.0	image/555	555	1412289	train2017/000000397192.jpg
2759.126953125	0.0	image/577	577	1412673	train2017/000000139561.jpg
2759.91015625	0.0	image/519	519	1413074	train2017/000000124747.jpg
2760.693359375	0.0	image/556	556	1413475	train2017/000000135316.jpg
2761.51171875	0.0	image/508	508	1413894	train2017/000000413472.jpg
2762.27734375	0.0	image/534	534	1414286	train2017/000000130681.jpg
2763.095703125	0.0	image/591	591	1414705	train2017/000000404282.jpg
2763.861328125	0.0	image/580	580	1415097	train2017/000000402057.jpg
2764.6640625	0.0	image/549	549	1415508	train2017/000000197068.jpg
2765.462890625	0.0	image/583	583	1415917	train2017/000000198195.jpg
2766.279296875	0.0	image/498	498	1416335	train2017/000000119669.jpg
2767.052734375	0.0	image/488	488	1416731	train2017/000000115649.jpg
2767.830078125	0.0	image/565	565	1417129	train2017/000000197656.jpg
2768.595703125	0.0	image/518	518	1417521	train2017/000000124711.jpg
2770.197265625	0.0	image/506	506	1418341	train2017/000000383641.jpg
2770.986328125	0.0	image/563	563	1418745	train2017/000000398540.jpg
2772.55078125	0.0	image/521	521	1419546	train2017/000000387318.jpg
2774.1484375	0.0	image/488	488	1420364	train2017/000000115649.jpg
2774.91796875	0.0	image/548	548	1420758	train2017/000000395775.jpg
2775.705078125	0.0	image/594	594	1421161	train2017/000000404823.jpg
2776.482421875	0.0	image/586	586	1421559	train2017/000000154556.jpg
2778.048828125	0.0	image/486	486	1422361	train2017/000000377703.jpg
2778.849609375	0.0	image/482	482	1422771	train2017/000000376643.jpg
2779.634765625	0.0	image/483	483	1423173	train2017/000000376858.jpg
2780.41796875	0.0	image/543	543	1423574	train2017/000000131763.jpg
2781.18359375	0.0	image/561	561	1423966	train2017/000000136142.jpg
2781.984375	0.0	image/515	515	1424376	train2017/000000123692.jpg
2782.767578125	0.0	image/580	580	1424777	train2017/000000402057.jpg
2783.51953125	0.0	image/530	530	1425162	train2017/000000391678.jpg
2784.3203125	0.0	image/564	564	1425572	train2017/000000399162.jpg
2785.134765625	0.0	image/582	582	1425989	train2017/000000140590.jpg
2785.935546875	0.0	image/597	597	1426399	train2017/000000143245.jpg
2786.71875	0.0	image/595	595	1426800	train2017/000000142803.jpg
2787.46875	0.0	image/535	535	1427184	train2017/000000392851.jpg
2788.236328125	0.0	image/573	573	1427577	train2017/000000138904.jpg
2789.01171875	0.0	image/528	528	1427974	train2017/000000239828.jpg
2789.822265625	0.0	image/491	491	1428389	train2017/000000116603.jpg
2790.62890625	0.0	image/583	583	1428802	train2017/000000198195.jpg
2791.439453125	0.0	image/490	490	1429217	train2017/000000116588.jpg
2792.20703125	0.0	image/541	541	1429610	train2017/000000131524.jpg
2793.013671875	0.0	image/522	522	1430023	train2017/000000125586.jpg
2794.595703125	0.0	image/509	509	1430833	train2017/000000384235.jpg
2795.392578125	0.0	image/567	567	1431241	train2017/000000137706.jpg
2796.197265625	0.0	image/541	541	1431653	train2017/000000131524.jpg
2797.0078125	0.0	image/521	521	1432068	train2017/000000387318.jpg
2797.830078125	0.0	image/567	567	1432489	train2017/000000137706.jpg
2798.658203125	0.0	image/553	553	1432913	train2017/000000134562.jpg
2799.46484375	0.0	image/493	493	1433326	train2017/000000379713.jpg
2800.2578125	0.0	image/578	578	1433732	train2017/000000401720.jpg
2801.060546875	0.0	image/570	570	1434143	train2017/000000400581.jpg
2801.880859375	0.0	image/531	531	1434563	train2017/000000391754.jpg
2802.677734375	0.0	image/500	500	1434971	train2017/000000381961.jpg
2803.498046875	0.0	image/579	579	1435391	train2017/000000139815.jpg
2805.06640625	0.0	image/585	585	1436194	train2017/000000140724.jpg
2805.84375	0.0	image/577	577	1436592	train2017/000000139561.jpg
2807.44921875	0.0	image/547	547	1437414	train2017/000000395758.jpg
2808.228515625	0.0	image/562	562	1437813	train2017/000000022696.jpg
2808.994140625	0.0	image/559	559	1438205	train2017/000000135965.jpg
2809.80078125	0.0	image/517	517	1438618	train2017/000000123891.jpg
2810.6171875	0.0	image/590	590	1439036	train2017/000000404007.jpg
2811.400390625	0.0	image/514	514	1439437	train2017/000000282707.jpg
2812.185546875	0.0	image/530	530	1439839	train2017/000000391678.jpg
2812.99609375	0.0	image/546	546	1440254	train2017/000000133281.jpg
2813.818359375	0.0	image/548	548	1440675	train2017/000000395775.jpg
2814.646484375	0.0	image/570	570	1441099	train2017/000000400581.jpg
2815.4140625	0.0	image/484	484	1441492	train2017/000000114822.jpg
2816.181640625	0.0	image/496	496	1441885	train2017/000000380989.jpg
2816.986328125	0.0	image/595	595	1442297	train2017/000000142803.jpg
2817.763671875	0.0	image/518	518	1442695	train2017/000000124711.jpg
2819.3203125	0.0	image/507	507	1443492	train2017/000000383652.jpg
2820.9375	0.0	image/566	566	1444320	train2017/000000399835.jpg
2827.876953125	0.0	image/664	664	1447873	train2017/000000551063.jpg
2828.7109375	0.0	image/619	619	1448300	train2017/000000149810.jpg
2829.546875	0.0	image/654	654	1448728	train2017/000000157125.jpg
2830.361328125	0.0	image/658	658	1449145	train2017/000000563961.jpg
2831.171875	0.0	image/637	637	1449560	train2017/000000506039.jpg
2831.978515625	0.0	image/717	717	1449973	train2017/000000438154.jpg
2832.7890625	0.0	image/673	673	1450388	train2017/000000424138.jpg
2834.412109375	0.0	image/604	604	1451219	train2017/000000406445.jpg
2835.1953125	0.0	image/697	697	1451620	train2017/000000433019.jpg
2836.013671875	0.0	image/684	684	1452039	train2017/000000166489.jpg
2836.806640625	0.0	image/645	645	1452445	train2017/000000416972.jpg
2837.58984375	0.0	image/646	646	1452846	train2017/000000417141.jpg
2838.4140625	0.0	image/655	655	1453268	train2017/000000157181.jpg
2839.197265625	0.0	image/720	720	1453669	train2017/000000176728.jpg
2839.974609375	0.0	image/665	665	1454067	train2017/000000160735.jpg
2840.779296875	0.0	image/639	639	1454479	train2017/000000415026.jpg
2841.564453125	0.0	image/611	611	1454881	train2017/000000408922.jpg
2842.392578125	0.0	image/613	613	1455305	train2017/000000147331.jpg
2843.19921875	0.0	image/677	677	1455718	train2017/000000425712.jpg
2844.02734375	0.0	image/619	619	1456142	train2017/000000149810.jpg
2844.849609375	0.0	image/601	601	1456563	train2017/000000143594.jpg
2845.66015625	0.0	image/605	605	1456978	train2017/000000406595.jpg
2846.443359375	0.0	image/640	640	1457379	train2017/000000162230.jpg
2847.265625	0.0	image/676	676	1457800	train2017/000000163263.jpg
2848.060546875	0.0	image/682	682	1458207	train2017/000000014269.jpg
2848.849609375	0.0	image/713	713	1458611	train2017/000000291280.jpg
2849.65234375	0.0	image/623	623	1459022	train2017/000000412855.jpg
2850.484375	0.0	image/659	659	1459448	train2017/000000159680.jpg
2851.267578125	0.0	image/621	621	1459849	train2017/000000150196.jpg
2852.078125	0.0	image/608	608	1460264	train2017/000000024287.jpg
2852.845703125	0.0	image/711	711	1460657	train2017/000000174504.jpg
2853.650390625	0.0	image/614	614	1461069	train2017/000000147694.jpg
2854.46875	0.0	image/699	699	1461488	train2017/000000170917.jpg
2855.28515625	0.0	image/661	661	1461906	train2017/000000160142.jpg
2856.11328125	0.0	image/602	602	1462330	train2017/000000406292.jpg
2856.8984375	0.0	image/613	613	1462732	train2017/000000147331.jpg
2857.71875	0.0	image/685	685	1463152	train2017/000000166504.jpg
2859.3203125	0.0	image/695	695	1463972	train2017/000000284987.jpg
2860.13671875	0.0	image/627	627	1464390	train2017/000000150931.jpg
2860.96484375	0.0	image/694	694	1464814	train2017/000000431825.jpg
2861.75390625	0.0	image/689	689	1465218	train2017/000000508456.jpg
2862.56640625	0.0	image/683	683	1465634	train2017/000000428605.jpg
2863.369140625	0.0	image/674	674	1466045	train2017/000000425135.jpg
2864.171875	0.0	image/670	670	1466456	train2017/000000423488.jpg
2864.966796875	0.0	image/631	631	1466863	train2017/000000151414.jpg
2865.7890625	0.0	image/632	632	1467284	train2017/000000068996.jpg
2867.40625	0.0	image/673	673	1468112	train2017/000000424138.jpg
2868.189453125	0.0	image/659	659	1468513	train2017/000000159680.jpg
2868.966796875	0.0	image/666	666	1468911	train2017/000000161062.jpg
2869.76171875	0.0	image/669	669	1469318	train2017/000000161328.jpg
2870.57421875	0.0	image/695	695	1469734	train2017/000000284987.jpg
2871.390625	0.0	image/664	664	1470152	train2017/000000551063.jpg
2872.20703125	0.0	image/661	661	1470570	train2017/000000160142.jpg
2873.017578125	0.0	image/624	624	1470985	train2017/000000412857.jpg
2874.607421875	0.0	image/696	696	1471799	train2017/000000028367.jpg
2875.390625	0.0	image/662	662	1472200	train2017/000000160181.jpg
2876.1875	0.0	image/718	718	1472608	train2017/000000176085.jpg
2877.0078125	0.0	image/717	717	1473028	train2017/000000438154.jpg
2877.802734375	0.0	image/606	606	1473435	train2017/000000407778.jpg
2878.5703125	0.0	image/697	697	1473828	train2017/000000433019.jpg
2880.1875	0.0	image/625	625	1474656	train2017/000000369367.jpg
2880.955078125	0.0	image/633	633	1475049	train2017/000000414176.jpg
2881.7734375	0.0	image/691	691	1475468	train2017/000000168690.jpg
2882.587890625	0.0	image/620	620	1475885	train2017/000000153394.jpg
2883.390625	0.0	image/667	667	1476296	train2017/000000423209.jpg
2884.2109375	0.0	image/720	720	1476716	train2017/000000176728.jpg
2884.98828125	0.0	image/709	709	1477114	train2017/000000174303.jpg
2886.611328125	0.0	image/704	704	1477945	train2017/000000420713.jpg
2887.388671875	0.0	image/701	701	1478343	train2017/000000079701.jpg
2888.19140625	0.0	image/638	638	1478754	train2017/000000414853.jpg
2888.962890625	0.0	image/668	668	1479149	train2017/000000423222.jpg
2889.755859375	0.0	image/650	650	1479555	train2017/000000419212.jpg
2890.546875	0.0	image/609	609	1479960	train2017/000000504888.jpg
2891.36328125	0.0	image/615	615	1480378	train2017/000000148263.jpg
2892.15625	0.0	image/715	715	1480784	train2017/000000175715.jpg
2892.958984375	0.0	image/708	708	1481195	train2017/000000174213.jpg
2893.779296875	0.0	image/612	612	1481615	train2017/000000408965.jpg
2894.591796875	0.0	image/641	641	1482031	train2017/000000415608.jpg
2895.396484375	0.0	image/696	696	1482443	train2017/000000028367.jpg
2896.197265625	0.0	image/710	710	1482853	train2017/000000436578.jpg
2897.03125	0.0	image/633	633	1483280	train2017/000000414176.jpg
2898.6484375	0.0	image/713	713	1484108	train2017/000000291280.jpg
2899.478515625	0.0	image/635	635	1484533	train2017/000000152328.jpg
2900.310546875	0.0	image/718	718	1484959	train2017/000000176085.jpg
2901.115234375	0.0	image/687	687	1485371	train2017/000000428726.jpg
2901.91015625	0.0	image/618	618	1485778	train2017/000000149791.jpg
2902.732421875	0.0	image/677	677	1486199	train2017/000000425712.jpg
2903.515625	0.0	image/603	603	1486600	train2017/000000144193.jpg
2904.349609375	0.0	image/632	632	1487027	train2017/000000068996.jpg
2905.177734375	0.0	image/642	642	1487451	train2017/000000154011.jpg
2905.9609375	0.0	image/643	643	1487852	train2017/000000416279.jpg
2906.75	0.0	image/702	702	1488256	train2017/000000171328.jpg
2907.583984375	0.0	image/671	671	1488683	train2017/000000161836.jpg
2908.41796875	0.0	image/698	698	1489110	train2017/000000433021.jpg
2909.24609375	0.0	image/631	631	1489534	train2017/000000151414.jpg
2910.068359375	0.0	image/639	639	1489955	train2017/000000415026.jpg
2910.86328125	0.0	image/646	646	1490362	train2017/000000417141.jpg
2911.662109375	0.0	image/680	680	1490771	train2017/000000485595.jpg
2912.4296875	0.0	image/610	610	1491164	train2017/000000146256.jpg
2913.236328125	0.0	image/716	716	1491577	train2017/000000437967.jpg
2914.03125	0.0	image/626	626	1491984	train2017/000000412922.jpg
2914.830078125	0.0	image/719	719	1492393	train2017/000000438751.jpg
2915.63671875	0.0	image/685	685	1492806	train2017/000000166504.jpg
2916.44921875	0.0	image/688	688	1493222	train2017/000000166764.jpg
2917.236328125	0.0	image/712	712	1493625	train2017/000000174522.jpg
2918.048828125	0.0	image/686	686	1494041	train2017/000000428691.jpg
2918.849609375	0.0	image/641	641	1494451	train2017/000000415608.jpg
2919.638671875	0.0	image/624	624	1494855	train2017/000000412857.jpg
2920.466796875	0.0	image/657	657	1495279	train2017/000000419586.jpg
2921.232421875	0.0	image/687	687	1495671	train2017/000000428726.jpg
2922.0546875	0.0	image/629	629	1496092	train2017/000000151307.jpg
2922.873046875	0.0	image/628	628	1496511	train2017/000000151163.jpg
2923.689453125	0.0	image/675	675	1496929	train2017/000000163250.jpg
2924.5	0.0	image/649	649	1497344	train2017/000000418115.jpg
2925.30078125	0.0	image/621	621	1497754	train2017/000000150196.jpg
2926.1171875	0.0	image/651	651	1498172	train2017/000000156084.jpg
2926.939453125	0.0	image/658	658	1498593	train2017/000000563961.jpg
2927.740234375	0.0	image/688	688	1499003	train2017/000000166764.jpg
2928.541015625	0.0	image/692	692	1499413	train2017/000000169262.jpg
2929.375	0.0	image/627	627	1499840	train2017/000000150931.jpg
2930.201171875	0.0	image/652	652	1500263	train2017/000000113449.jpg
2930.970703125	0.0	image/648	648	1500657	train2017/000000417700.jpg
2931.78515625	0.0	image/689	689	1501074	train2017/000000508456.jpg
2932.5859375	0.0	image/636	636	1501484	train2017/000000549729.jpg
2933.392578125	0.0	image/637	637	1501897	train2017/000000506039.jpg
2934.2265625	0.0	image/709	709	1502324	train2017/000000174303.jpg
2935.00390625	0.0	image/616	616	1502722	train2017/000000149221.jpg
2936.576171875	0.0	image/635	635	1503527	train2017/000000152328.jpg
2937.359375	0.0	image/628	628	1503928	train2017/000000151163.jpg
2938.9765625	0.0	image/705	705	1504756	train2017/000000028930.jpg
2939.755859375	0.0	image/630	630	1505155	train2017/000000462134.jpg
2940.53515625	0.0	image/603	603	1505554	train2017/000000144193.jpg
2942.111328125	0.0	image/703	703	1506361	train2017/000000171374.jpg
2942.888671875	0.0	image/643	643	1506759	train2017/000000416279.jpg
2943.65625	0.0	image/710	710	1507152	train2017/000000436578.jpg
2944.478515625	0.0	image/645	645	1507573	train2017/000000416972.jpg
2945.2890625	0.0	image/657	657	1507988	train2017/000000419586.jpg
2946.11328125	0.0	image/656	656	1508410	train2017/000000157342.jpg
2946.939453125	0.0	image/686	686	1508833	train2017/000000428691.jpg
2947.74609375	0.0	image/611	611	1509246	train2017/000000408922.jpg
2948.53125	0.0	image/681	681	1509648	train2017/000000427729.jpg
2949.359375	0.0	image/670	670	1510072	train2017/000000423488.jpg
2951.013671875	0.0	image/651	651	1510919	train2017/000000156084.jpg
2951.796875	0.0	image/636	636	1511320	train2017/000000549729.jpg
2953.365234375	0.0	image/707	707	1512123	train2017/000000173987.jpg
2954.181640625	0.0	image/602	602	1512541	train2017/000000406292.jpg
2954.96484375	0.0	image/614	614	1512942	train2017/000000147694.jpg
2955.79296875	0.0	image/610	610	1513366	train2017/000000146256.jpg
2956.599609375	0.0	image/663	663	1513779	train2017/000000463620.jpg
2957.41015625	0.0	image/629	629	1514194	train2017/000000151307.jpg
2958.177734375	0.0	image/620	620	1514587	train2017/000000153394.jpg
2959.810546875	0.0	image/626	626	1515423	train2017/000000412922.jpg
2961.41796875	0.0	image/618	618	1516246	train2017/000000149791.jpg
2962.25	0.0	image/607	607	1516672	train2017/000000461187.jpg
2963.083984375	0.0	image/690	690	1517099	train2017/000000043829.jpg
2963.900390625	0.0	image/691	691	1517517	train2017/000000168690.jpg
2964.6953125	0.0	image/656	656	1517924	train2017/000000157342.jpg
2965.462890625	0.0	image/674	674	1518317	train2017/000000425135.jpg
2966.251953125	0.0	image/634	634	1518721	train2017/000000152273.jpg
2967.052734375	0.0	image/699	699	1519131	train2017/000000170917.jpg
2967.87890625	0.0	image/654	654	1519554	train2017/000000157125.jpg
2968.703125	0.0	image/711	711	1519976	train2017/000000174504.jpg
2969.533203125	0.0	image/652	652	1520401	train2017/000000113449.jpg
2970.353515625	0.0	image/676	676	1520821	train2017/000000163263.jpg
2971.146484375	0.0	image/665	665	1521227	train2017/000000160735.jpg
2971.9140625	0.0	image/679	679	1521620	train2017/000000164564.jpg
2972.736328125	0.0	image/612	612	1522041	train2017/000000408965.jpg
2973.537109375	0.0	image/668	668	1522451	train2017/000000423222.jpg
2974.37109375	0.0	image/698	698	1522878	train2017/000000433021.jpg
2975.181640625	0.0	image/625	625	1523293	train2017/000000369367.jpg
2975.966796875	0.0	image/684	684	1523695	train2017/000000166489.jpg
2976.7890625	0.0	image/714	714	1524116	train2017/000000437516.jpg
2977.583984375	0.0	image/647	647	1524523	train2017/000000417264.jpg
2978.40234375	0.0	image/690	690	1524942	train2017/000000043829.jpg
2979.189453125	0.0	image/702	702	1525345	train2017/000000171328.jpg
2980.7890625	0.0	image/692	692	1526164	train2017/000000169262.jpg
2981.583984375	0.0	image/700	700	1526571	train2017/000000170968.jpg
2982.3671875	0.0	image/601	601	1526972	train2017/000000143594.jpg
2983.95703125	0.0	image/704	704	1527786	train2017/000000420713.jpg
2984.767578125	0.0	image/606	606	1528201	train2017/000000407778.jpg
2985.568359375	0.0	image/678	678	1528611	train2017/000000164502.jpg
2986.357421875	0.0	image/667	667	1529015	train2017/000000423209.jpg
2987.16796875	0.0	image/708	708	1529430	train2017/000000174213.jpg
2987.970703125	0.0	image/662	662	1529841	train2017/000000160181.jpg
2988.78515625	0.0	image/640	640	1530258	train2017/000000162230.jpg
2989.587890625	0.0	image/634	634	1530669	train2017/000000152273.jpg
2990.392578125	0.0	image/675	675	1531081	train2017/000000163250.jpg
2991.970703125	0.0	image/714	714	1531889	train2017/000000437516.jpg
2993.544921875	0.0	image/638	638	1532695	train2017/000000414853.jpg
2994.37109375	0.0	image/679	679	1533118	train2017/000000164564.jpg
2995.177734375	0.0	image/707	707	1533531	train2017/000000173987.jpg
2995.98828125	0.0	image/653	653	1533946	train2017/000000157119.jpg
2996.810546875	0.0	image/617	617	1534367	train2017/000000411475.jpg
2997.60546875	0.0	image/682	682	1534774	train2017/000000014269.jpg
2999.19140625	0.0	image/671	671	1535586	train2017/000000161836.jpg
3000.005859375	0.0	image/672	672	1536003	train2017/000000424110.jpg
3000.822265625	0.0	image/700	700	1536421	train2017/000000170968.jpg
3001.58984375	0.0	image/693	693	1536814	train2017/000000431764.jpg
3002.396484375	0.0	image/712	712	1537227	train2017/000000174522.jpg
3003.173828125	0.0	image/649	649	1537625	train2017/000000418115.jpg
3003.958984375	0.0	image/666	666	1538027	train2017/000000161062.jpg
3004.728515625	0.0	image/642	642	1538421	train2017/000000154011.jpg
3005.546875	0.0	image/644	644	1538840	train2017/000000154207.jpg
3007.1640625	0.0	image/719	719	1539668	train2017/000000438751.jpg
3007.9765625	0.0	image/644	644	1540084	train2017/000000154207.jpg
3009.59375	0.0	image/616	616	1540912	train2017/000000149221.jpg
3010.359375	0.0	image/605	605	1541304	train2017/000000406595.jpg
3011.181640625	0.0	image/683	683	1541725	train2017/000000428605.jpg
3012.009765625	0.0	image/608	608	1542149	train2017/000000024287.jpg
3012.798828125	0.0	image/609	609	1542553	train2017/000000504888.jpg
3013.615234375	0.0	image/622	622	1542971	train2017/000000150559.jpg
3014.400390625	0.0	image/681	681	1543373	train2017/000000427729.jpg
3015.232421875	0.0	image/650	650	1543799	train2017/000000419212.jpg
3016.80078125	0.0	image/663	663	1544602	train2017/000000463620.jpg
3017.634765625	0.0	image/622	622	1545029	train2017/000000150559.jpg
3018.4609375	0.0	image/660	660	1545452	train2017/000000422268.jpg
3019.28515625	0.0	image/706	706	1545874	train2017/000000435902.jpg
3020.0625	0.0	image/623	623	1546272	train2017/000000412855.jpg
3020.87890625	0.0	image/678	678	1546690	train2017/000000164502.jpg
3021.66796875	0.0	image/705	705	1547094	train2017/000000028930.jpg
3022.451171875	0.0	image/693	693	1547495	train2017/000000431764.jpg
3024.03515625	0.0	image/660	660	1548306	train2017/000000422268.jpg
3024.84765625	0.0	image/715	715	1548722	train2017/000000175715.jpg
3025.630859375	0.0	image/680	680	1549123	train2017/000000485595.jpg
3026.4375	0.0	image/706	706	1549536	train2017/000000435902.jpg
3027.248046875	0.0	image/701	701	1549951	train2017/000000079701.jpg
3028.03125	0.0	image/617	617	1550352	train2017/000000411475.jpg
3028.837890625	0.0	image/669	669	1550765	train2017/000000161328.jpg
3029.6484375	0.0	image/630	630	1551180	train2017/000000462134.jpg
3030.44921875	0.0	image/647	647	1551590	train2017/000000417264.jpg
3031.23828125	0.0	image/672	672	1551994	train2017/000000424110.jpg
3032.06640625	0.0	image/703	703	1552418	train2017/000000171374.jpg
3032.849609375	0.0	image/648	648	1552819	train2017/000000417700.jpg
3033.638671875	0.0	image/607	607	1553223	train2017/000000461187.jpg
3034.44921875	0.0	image/694	694	1553638	train2017/000000431825.jpg
3035.255859375	0.0	image/716	716	1554051	train2017/000000437967.jpg
3036.06640625	0.0	image/604	604	1554466	train2017/000000406445.jpg
3036.8671875	0.0	image/615	615	1554876	train2017/000000148263.jpg
3037.65625	0.0	image/655	655	1555280	train2017/000000157181.jpg
3039.306640625	0.0	image/653	653	1556125	train2017/000000157119.jpg
3046.849609375	0.0	image/753	753	1559987	train2017/000000006178.jpg
3047.6328125	0.0	image/795	795	1560388	train2017/000000195768.jpg
3048.44921875	0.0	image/728	728	1560806	train2017/000000395740.jpg
3049.228515625	0.0	image/735	735	1561205	train2017/000000180410.jpg
3050.05078125	0.0	image/768	768	1561626	train2017/000000189888.jpg
3050.845703125	0.0	image/732	732	1562033	train2017/000000179480.jpg
3051.650390625	0.0	image/804	804	1562445	train2017/000000460236.jpg
3053.212890625	0.0	image/800	800	1563245	train2017/000000458616.jpg
3054.03125	0.0	image/770	770	1563664	train2017/000000452341.jpg
3054.80078125	0.0	image/724	724	1564058	train2017/000000178031.jpg
3055.634765625	0.0	image/785	785	1564485	train2017/000000119550.jpg
3057.251953125	0.0	image/780	780	1565313	train2017/000000192576.jpg
3058.080078125	0.0	image/740	740	1565737	train2017/000000161354.jpg
3058.869140625	0.0	image/797	797	1566141	train2017/000000458178.jpg
3059.6640625	0.0	image/772	772	1566548	train2017/000000190487.jpg
3060.4296875	0.0	image/837	837	1566940	train2017/000000208805.jpg
3061.19921875	0.0	image/750	750	1567334	train2017/000000447182.jpg
3062.00390625	0.0	image/823	823	1567746	train2017/000000204422.jpg
3062.78125	0.0	image/764	764	1568144	train2017/000000450903.jpg
3063.548828125	0.0	image/818	818	1568537	train2017/000000465412.jpg
3064.34765625	0.0	image/736	736	1568946	train2017/000000180609.jpg
3065.138671875	0.0	image/796	796	1569351	train2017/000000338501.jpg
3065.9140625	0.0	image/755	755	1569748	train2017/000000055764.jpg
3066.732421875	0.0	image/839	839	1570167	train2017/000000209229.jpg
3067.521484375	0.0	image/757	757	1570571	train2017/000000442666.jpg
3068.31640625	0.0	image/833	833	1570978	train2017/000000207549.jpg
3069.099609375	0.0	image/742	742	1571379	train2017/000000181837.jpg
3069.888671875	0.0	image/789	789	1571783	train2017/000000455657.jpg
3070.689453125	0.0	image/744	744	1572193	train2017/000000182799.jpg
3071.466796875	0.0	image/833	833	1572591	train2017/000000207549.jpg
3072.291015625	0.0	image/820	820	1573013	train2017/000000203937.jpg
3073.1171875	0.0	image/771	771	1573436	train2017/000000190271.jpg
3073.884765625	0.0	image/815	815	1573829	train2017/000000202050.jpg
3074.70703125	0.0	image/767	767	1574250	train2017/000000189794.jpg
3075.490234375	0.0	image/813	813	1574651	train2017/000000557920.jpg
3076.28515625	0.0	image/752	752	1575058	train2017/000000036151.jpg
3077.052734375	0.0	image/734	734	1575451	train2017/000000442489.jpg
3077.859375	0.0	image/784	784	1575864	train2017/000000455020.jpg
3078.658203125	0.0	image/786	786	1576273	train2017/000000193023.jpg
3079.4765625	0.0	image/747	747	1576692	train2017/000000183719.jpg
3080.30859375	0.0	image/746	746	1577118	train2017/000000445726.jpg
3081.109375	0.0	image/807	807	1577528	train2017/000000397815.jpg
3081.892578125	0.0	image/758	758	1577929	train2017/000000186828.jpg
3082.67578125	0.0	image/727	727	1578330	train2017/000000440792.jpg
3083.470703125	0.0	image/730	730	1578737	train2017/000000441172.jpg
3084.259765625	0.0	image/835	835	1579141	train2017/000000129143.jpg
3085.04296875	0.0	image/763	763	1579542	train2017/000000450864.jpg
3085.87109375	0.0	image/723	723	1579966	train2017/000000439241.jpg
3086.66015625	0.0	image/837	837	1580370	train2017/000000208805.jpg
3087.478515625	0.0	image/829	829	1580789	train2017/000000206467.jpg
3088.271484375	0.0	image/726	726	1581195	train2017/000000178423.jpg
3089.078125	0.0	image/816	816	1581608	train2017/000000464616.jpg
3089.890625	0.0	image/738	738	1582024	train2017/000000204969.jpg
3091.49609375	0.0	image/759	759	1582846	train2017/000000449914.jpg
3092.306640625	0.0	image/760	760	1583261	train2017/000000276853.jpg
3093.095703125	0.0	image/744	744	1583665	train2017/000000182799.jpg
3093.92578125	0.0	image/823	823	1584090	train2017/000000204422.jpg
3094.73046875	0.0	image/729	729	1584502	train2017/000000179019.jpg
3095.556640625	0.0	image/732	732	1584925	train2017/000000179480.jpg
3096.36328125	0.0	image/743	743	1585338	train2017/000000189388.jpg
3097.181640625	0.0	image/779	779	1585757	train2017/000000191740.jpg
3097.9765625	0.0	image/762	762	1586164	train2017/000000188660.jpg
3098.74609375	0.0	image/838	838	1586558	train2017/000000208849.jpg
3099.576171875	0.0	image/828	828	1586983	train2017/000000468394.jpg
3100.34375	0.0	image/794	794	1587376	train2017/000000195650.jpg
3101.166015625	0.0	image/756	756	1587797	train2017/000000448401.jpg
3102.759765625	0.0	image/805	805	1588613	train2017/000000460408.jpg
3103.548828125	0.0	image/772	772	1589017	train2017/000000190487.jpg
3104.34375	0.0	image/721	721	1589424	train2017/000000176873.jpg
3105.14453125	0.0	image/781	781	1589834	train2017/000000192631.jpg
3105.9296875	0.0	image/721	721	1590236	train2017/000000176873.jpg
3106.744140625	0.0	image/809	809	1590653	train2017/000000462505.jpg
3107.544921875	0.0	image/734	734	1591063	train2017/000000442489.jpg
3108.3671875	0.0	image/726	726	1591484	train2017/000000178423.jpg
3109.14453125	0.0	image/793	793	1591882	train2017/000000338439.jpg
3109.9140625	0.0	image/779	779	1592276	train2017/000000191740.jpg
3110.734375	0.0	image/743	743	1592696	train2017/000000189388.jpg
3111.53515625	0.0	image/792	792	1593106	train2017/000000194108.jpg
3112.318359375	0.0	image/797	797	1593507	train2017/000000458178.jpg
3113.134765625	0.0	image/812	812	1593925	train2017/000000201758.jpg
3113.947265625	0.0	image/801	801	1594341	train2017/000000459190.jpg
3114.712890625	0.0	image/806	806	1594733	train2017/000000198319.jpg
3115.541015625	0.0	image/773	773	1595157	train2017/000000303133.jpg
3116.33203125	0.0	image/810	810	1595562	train2017/000000200391.jpg
3117.115234375	0.0	image/834	834	1595963	train2017/000000469816.jpg
3117.919921875	0.0	image/769	769	1596375	train2017/000000189893.jpg
3119.5390625	0.0	image/778	778	1597204	train2017/000000191686.jpg
3120.337890625	0.0	image/786	786	1597613	train2017/000000193023.jpg
3121.1328125	0.0	image/794	794	1598020	train2017/000000195650.jpg
3121.951171875	0.0	image/784	784	1598439	train2017/000000455020.jpg
3122.765625	0.0	image/819	819	1598856	train2017/000000298139.jpg
3123.533203125	0.0	image/757	757	1599249	train2017/000000442666.jpg
3124.337890625	0.0	image/785	785	1599661	train2017/000000119550.jpg
3125.166015625	0.0	image/793	793	1600085	train2017/000000338439.jpg
3125.990234375	0.0	image/825	825	1600507	train2017/000000467646.jpg
3126.818359375	0.0	image/840	840	1600931	train2017/000000471871.jpg
3127.619140625	0.0	image/822	822	1601341	train2017/000000466265.jpg
3128.390625	0.0	image/735	735	1601736	train2017/000000180410.jpg
3129.224609375	0.0	image/822	822	1602163	train2017/000000466265.jpg
3130.00390625	0.0	image/783	783	1602562	train2017/000000454915.jpg
3130.806640625	0.0	image/788	788	1602973	train2017/000000193373.jpg
3131.63671875	0.0	image/808	808	1603398	train2017/000000461428.jpg
3132.44140625	0.0	image/813	813	1603810	train2017/000000557920.jpg
3133.21875	0.0	image/733	733	1604208	train2017/000000179914.jpg
3134.01953125	0.0	image/817	817	1604618	train2017/000000202805.jpg
3134.826171875	0.0	image/751	751	1605031	train2017/000000185225.jpg
3135.609375	0.0	image/777	777	1605432	train2017/000000453682.jpg
3136.38671875	0.0	image/831	831	1605830	train2017/000000469445.jpg
3137.154296875	0.0	image/741	741	1606223	train2017/000000443940.jpg
3137.9765625	0.0	image/775	775	1606644	train2017/000000453221.jpg
3138.787109375	0.0	image/722	722	1607059	train2017/000000073172.jpg
3139.609375	0.0	image/769	769	1607480	train2017/000000189893.jpg
3140.427734375	0.0	image/787	787	1607899	train2017/000000193318.jpg
3141.205078125	0.0	image/764	764	1608297	train2017/000000450903.jpg
3142.01171875	0.0	image/809	809	1608710	train2017/000000462505.jpg
3143.64453125	0.0	image/811	811	1609546	train2017/000000201722.jpg
3144.455078125	0.0	image/803	803	1609961	train2017/000000197401.jpg
3145.255859375	0.0	image/774	774	1610371	train2017/000000191005.jpg
3146.044921875	0.0	image/814	814	1610775	train2017/000000201969.jpg
3146.845703125	0.0	image/792	792	1611185	train2017/000000194108.jpg
3147.640625	0.0	image/755	755	1611592	train2017/000000055764.jpg
3148.4296875	0.0	image/777	777	1611996	train2017/000000453682.jpg
3149.2578125	0.0	image/756	756	1612420	train2017/000000448401.jpg
3150.05859375	0.0	image/761	761	1612830	train2017/000000188225.jpg
3150.86328125	0.0	image/736	736	1613242	train2017/000000180609.jpg
3151.640625	0.0	image/725	725	1613640	train2017/000000440334.jpg
3152.4296875	0.0	image/781	781	1614044	train2017/000000192631.jpg
3153.98046875	0.0	image/765	765	1614838	train2017/000000450914.jpg
3154.814453125	0.0	image/798	798	1615265	train2017/000000196365.jpg
3155.630859375	0.0	image/751	751	1615683	train2017/000000185225.jpg
3156.416015625	0.0	image/808	808	1616085	train2017/000000461428.jpg
3158.060546875	0.0	image/825	825	1616927	train2017/000000467646.jpg
3158.865234375	0.0	image/733	733	1617339	train2017/000000179914.jpg
3159.6484375	0.0	image/770	770	1617740	train2017/000000452341.jpg
3160.43359375	0.0	image/776	776	1618142	train2017/000000468771.jpg
3161.2265625	0.0	image/760	760	1618548	train2017/000000276853.jpg
3161.994140625	0.0	image/747	747	1618941	train2017/000000183719.jpg
3162.77734375	0.0	image/819	819	1619342	train2017/000000298139.jpg
3164.3671875	0.0	image/758	758	1620156	train2017/000000186828.jpg
3165.197265625	0.0	image/820	820	1620581	train2017/000000203937.jpg
3165.984375	0.0	image/811	811	1620984	train2017/000000201722.jpg
3166.779296875	0.0	image/737	737	1621391	train2017/000000443377.jpg
3167.580078125	0.0	image/766	766	1621801	train2017/000000451680.jpg
3168.396484375	0.0	image/790	790	1622219	train2017/000000455799.jpg
3169.19921875	0.0	image/759	759	1622630	train2017/000000449914.jpg
3169.986328125	0.0	image/800	800	1623033	train2017/000000458616.jpg
3171.5859375	0.0	image/799	799	1623852	train2017/000000196368.jpg
3172.37109375	0.0	image/753	753	1624254	train2017/000000006178.jpg
3173.154296875	0.0	image/767	767	1624655	train2017/000000189794.jpg
3173.931640625	0.0	image/802	802	1625053	train2017/000000197118.jpg
3174.697265625	0.0	image/838	838	1625445	train2017/000000208849.jpg
3176.3203125	0.0	image/832	832	1626276	train2017/000000203615.jpg
3177.154296875	0.0	image/748	748	1626703	train2017/000000184822.jpg
3177.955078125	0.0	image/814	814	1627113	train2017/000000201969.jpg
3178.75	0.0	image/761	761	1627520	train2017/000000188225.jpg
3179.517578125	0.0	image/749	749	1627913	train2017/000000447130.jpg
3180.33984375	0.0	image/737	737	1628334	train2017/000000443377.jpg
3181.150390625	0.0	image/774	774	1628749	train2017/000000191005.jpg
3181.95703125	0.0	image/725	725	1629162	train2017/000000440334.jpg
3182.78515625	0.0	image/749	749	1629586	train2017/000000447130.jpg
3183.58984375	0.0	image/778	778	1629998	train2017/000000191686.jpg
3185.20703125	0.0	image/787	787	1630826	train2017/000000193318.jpg
3186.0234375	0.0	image/724	724	1631244	train2017/000000178031.jpg
3186.857421875	0.0	image/789	789	1631671	train2017/000000455657.jpg
3187.640625	0.0	image/791	791	1632072	train2017/000000194054.jpg
3188.423828125	0.0	image/750	750	1632473	train2017/000000447182.jpg
3189.236328125	0.0	image/802	802	1632889	train2017/000000197118.jpg
3190.0078125	0.0	image/824	824	1633284	train2017/000000204806.jpg
3190.802734375	0.0	image/742	742	1633691	train2017/000000181837.jpg
3191.5859375	0.0	image/795	795	1634092	train2017/000000195768.jpg
3192.392578125	0.0	image/739	739	1634505	train2017/000000443575.jpg
3193.193359375	0.0	image/827	827	1634915	train2017/000000296474.jpg
3193.9765625	0.0	image/776	776	1635316	train2017/000000468771.jpg
3194.78515625	0.0	image/746	746	1635730	train2017/000000445726.jpg
3195.587890625	0.0	image/806	806	1636141	train2017/000000198319.jpg
3197.17578125	0.0	image/731	731	1636954	train2017/000000179034.jpg
3198.7890625	0.0	image/796	796	1637780	train2017/000000338501.jpg
3200.40625	0.0	image/826	826	1638608	train2017/000000205875.jpg
3201.228515625	0.0	image/804	804	1639029	train2017/000000460236.jpg
3202.056640625	0.0	image/824	824	1639453	train2017/000000204806.jpg
3202.83984375	0.0	image/810	810	1639854	train2017/000000200391.jpg
3204.412109375	0.0	image/799	799	1640659	train2017/000000196368.jpg
3205.205078125	0.0	image/754	754	1641065	train2017/000000185888.jpg
3206.796875	0.0	image/727	727	1641880	train2017/000000440792.jpg
3208.4140625	0.0	image/783	783	1642708	train2017/000000454915.jpg
3209.23046875	0.0	image/738	738	1643126	train2017/000000204969.jpg
3210.064453125	0.0	image/840	840	1643553	train2017/000000471871.jpg
3211.681640625	0.0	image/807	807	1644381	train2017/000000397815.jpg
3212.498046875	0.0	image/827	827	1644799	train2017/000000296474.jpg
3213.33203125	0.0	image/741	741	1645226	train2017/000000443940.jpg
3214.1328125	0.0	image/834	834	1645636	train2017/000000469816.jpg
3214.916015625	0.0	image/818	818	1646037	train2017/000000465412.jpg
3215.7265625	0.0	image/798	798	1646452	train2017/000000196365.jpg
3216.533203125	0.0	image/745	745	1646865	train2017/000000445351.jpg
3217.3125	0.0	image/801	801	1647264	train2017/000000459190.jpg
3218.078125	0.0	image/782	782	1647656	train2017/000000454830.jpg
3218.845703125	0.0	image/830	830	1648049	train2017/000000468825.jpg
3219.6171875	0.0	image/729	729	1648444	train2017/000000179019.jpg
3220.4375	0.0	image/832	832	1648864	train2017/000000203615.jpg
3221.228515625	0.0	image/816	816	1649269	train2017/000000464616.jpg
3222.05078125	0.0	image/821	821	1649690	train2017/000000077686.jpg
3222.87890625	0.0	image/731	731	1650114	train2017/000000179034.jpg
3223.685546875	0.0	image/839	839	1650527	train2017/000000209229.jpg
3224.48046875	0.0	image/728	728	1650934	train2017/000000395740.jpg
3225.279296875	0.0	image/836	836	1651343	train2017/000000470907.jpg
3226.0859375	0.0	image/812	812	1651756	train2017/000000201758.jpg
3227.736328125	0.0	image/821	821	1652601	train2017/000000077686.jpg
3228.5703125	0.0	image/768	768	1653028	train2017/000000189888.jpg
3229.353515625	0.0	image/828	828	1653429	train2017/000000468394.jpg
3230.1328125	0.0	image/754	754	1653828	train2017/000000185888.jpg
3230.904296875	0.0	image/762	762	1654223	train2017/000000188660.jpg
3232.48828125	0.0	image/745	745	1655034	train2017/000000445351.jpg
3234.12109375	0.0	image/775	775	1655870	train2017/000000453221.jpg
3234.90625	0.0	image/782	782	1656272	train2017/000000454830.jpg
3235.701171875	0.0	image/780	780	1656679	train2017/000000192576.jpg
3236.51953125	0.0	image/791	791	1657098	train2017/000000194054.jpg
3237.333984375	0.0	image/790	790	1657515	train2017/000000455799.jpg
3238.150390625	0.0	image/722	722	1657933	train2017/000000073172.jpg
3238.97265625	0.0	image/771	771	1658354	train2017/000000190271.jpg
3239.751953125	0.0	image/752	752	1658753	train2017/000000036151.jpg
3240.55078125	0.0	image/763	763	1659162	train2017/000000450864.jpg
3241.357421875	0.0	image/739	739	1659575	train2017/000000443575.jpg
3242.15234375	0.0	image/730	730	1659982	train2017/000000441172.jpg
3242.974609375	0.0	image/723	723	1660403	train2017/000000439241.jpg
3243.791015625	0.0	image/835	835	1660821	train2017/000000129143.jpg
3244.568359375	0.0	image/803	803	1661219	train2017/000000197401.jpg
3245.375	0.0	image/815	815	1661632	train2017/000000202050.jpg
3246.185546875	0.0	image/829	829	1662047	train2017/000000206467.jpg
3246.96875	0.0	image/805	805	1662448	train2017/000000460408.jpg
3247.759765625	0.0	image/830	830	1662853	train2017/000000468825.jpg
3249.376953125	0.0	image/788	788	1663681	train2017/000000193373.jpg
3250.203125	0.0	image/836	836	1664104	train2017/000000470907.jpg
3250.98828125	0.0	image/773	773	1664506	train2017/000000303133.jpg
3251.810546875	0.0	image/831	831	1664927	train2017/000000469445.jpg
3252.638671875	0.0	image/748	748	1665351	train2017/000000184822.jpg
3253.427734375	0.0	image/826	826	1665755	train2017/000000205875.jpg
3254.255859375	0.0	image/817	817	1666179	train2017/000000202805.jpg
3255.0390625	0.0	image/740	740	1666580	train2017/000000161354.jpg
3255.828125	0.0	image/766	766	1666984	train2017/000000451680.jpg
3257.39453125	0.0	image/765	765	1667786	train2017/000000450914.jpg
3264.716796875	0.0	image/846	846	1671535	train2017/000000474024.jpg
3265.55078125	0.0	image/851	851	1671962	train2017/000000474545.jpg
3266.376953125	0.0	image/852	852	1672385	train2017/000000212440.jpg
3267.962890625	0.0	image/915	915	1673197	train2017/000000229947.jpg
3268.734375	0.0	image/848	848	1673592	train2017/000000474353.jpg
3269.517578125	0.0	image/942	942	1673993	train2017/000000238001.jpg
3270.333984375	0.0	image/936	936	1674411	train2017/000000497797.jpg
3271.146484375	0.0	image/921	921	1674827	train2017/000000231102.jpg
3271.93359375	0.0	image/900	900	1675230	train2017/000000488658.jpg
3273.501953125	0.0	image/957	957	1676033	train2017/000000242631.jpg
3274.28515625	0.0	image/909	909	1676434	train2017/000000228380.jpg
3275.064453125	0.0	image/922	922	1676833	train2017/000000235479.jpg
3276.669921875	0.0	image/858	858	1677655	train2017/000000214059.jpg
3277.50390625	0.0	image/876	876	1678082	train2017/000000482912.jpg
3278.337890625	0.0	image/905	905	1678509	train2017/000000227843.jpg
3279.1171875	0.0	image/885	885	1678908	train2017/000000223718.jpg
3279.921875	0.0	image/864	864	1679320	train2017/000000385417.jpg
3280.748046875	0.0	image/855	855	1679743	train2017/000000122923.jpg
3281.5546875	0.0	image/939	939	1680156	train2017/000000499627.jpg
3282.365234375	0.0	image/855	855	1680571	train2017/000000122923.jpg
3283.171875	0.0	image/904	904	1680984	train2017/000000227733.jpg
3283.98828125	0.0	image/841	841	1681402	train2017/000000034961.jpg
3284.7890625	0.0	image/898	898	1681812	train2017/000000488406.jpg
3285.572265625	0.0	image/876	876	1682213	train2017/000000482912.jpg
3286.3671875	0.0	image/920	920	1682620	train2017/000000300622.jpg
3287.95703125	0.0	image/925	925	1683434	train2017/000000494552.jpg
3288.7578125	0.0	image/875	875	1683844	train2017/000000482858.jpg
3289.5859375	0.0	image/862	862	1684268	train2017/000000215023.jpg
3290.357421875	0.0	image/894	894	1684663	train2017/000000225533.jpg
3291.185546875	0.0	image/893	893	1685087	train2017/000000225383.jpg
3292.7421875	0.0	image/915	915	1685884	train2017/000000229947.jpg
3294.359375	0.0	image/950	950	1686712	train2017/000000502470.jpg
3295.17578125	0.0	image/844	844	1687130	train2017/000000341033.jpg
3295.98828125	0.0	image/901	901	1687546	train2017/000000007567.jpg
3296.79296875	0.0	image/880	880	1687958	train2017/000000484300.jpg
3298.41015625	0.0	image/889	889	1688786	train2017/000000224396.jpg
3299.193359375	0.0	image/862	862	1689187	train2017/000000215023.jpg
3299.98828125	0.0	image/907	907	1689594	train2017/000000228133.jpg
3300.751953125	0.0	image/933	933	1689985	train2017/000000233873.jpg
3301.521484375	0.0	image/948	948	1690379	train2017/000000502058.jpg
3302.328125	0.0	image/868	868	1690792	train2017/000000444880.jpg
3303.12109375	0.0	image/939	939	1691198	train2017/000000499627.jpg
3303.90625	0.0	image/892	892	1691600	train2017/000000225113.jpg
3304.7109375	0.0	image/920	920	1692012	train2017/000000300622.jpg
3305.541015625	0.0	image/919	919	1692437	train2017/000000492627.jpg
3306.361328125	0.0	image/854	854	1692857	train2017/000000475236.jpg
3307.15625	0.0	image/911	911	1693264	train2017/000000229456.jpg
3307.95703125	0.0	image/874	874	1693674	train2017/000000561006.jpg
3308.763671875	0.0	image/943	943	1694087	train2017/000000238201.jpg
3309.595703125	0.0	image/907	907	1694513	train2017/000000228133.jpg
3310.396484375	0.0	image/860	860	1694923	train2017/000000476481.jpg
3311.224609375	0.0	image/933	933	1695347	train2017/000000233873.jpg
3312.046875	0.0	image/928	928	1695768	train2017/000000233104.jpg
3312.822265625	0.0	image/871	871	1696165	train2017/000000480990.jpg
3313.591796875	0.0	image/931	931	1696559	train2017/000000495568.jpg
3314.392578125	0.0	image/911	911	1696969	train2017/000000229456.jpg
3315.197265625	0.0	image/934	934	1697381	train2017/000000497464.jpg
3316.009765625	0.0	image/842	842	1697797	train2017/000000209919.jpg
3316.79296875	0.0	image/914	914	1698198	train2017/000000492037.jpg
3317.615234375	0.0	image/864	864	1698619	train2017/000000385417.jpg
3318.392578125	0.0	image/899	899	1699017	train2017/000000168803.jpg
3319.19921875	0.0	image/891	891	1699430	train2017/000000224869.jpg
3320.02734375	0.0	image/898	898	1699854	train2017/000000488406.jpg
3320.796875	0.0	image/873	873	1700248	train2017/000000429902.jpg
3321.56640625	0.0	image/850	850	1700642	train2017/000000212380.jpg
3322.34375	0.0	image/956	956	1701040	train2017/000000242133.jpg
3323.150390625	0.0	image/922	922	1701453	train2017/000000235479.jpg
3323.927734375	0.0	image/943	943	1701851	train2017/000000238201.jpg
3324.6953125	0.0	image/959	959	1702244	train2017/000000505486.jpg
3325.517578125	0.0	image/873	873	1702665	train2017/000000429902.jpg
3326.330078125	0.0	image/868	868	1703081	train2017/000000444880.jpg
3327.11328125	0.0	image/875	875	1703482	train2017/000000482858.jpg
3327.91796875	0.0	image/938	938	1703894	train2017/000000237093.jpg
3328.6953125	0.0	image/917	917	1704292	train2017/000000354185.jpg
3329.48046875	0.0	image/845	845	1704694	train2017/000000211198.jpg
3331.052734375	0.0	image/847	847	1705499	train2017/000000207833.jpg
3332.6484375	0.0	image/887	887	1706316	train2017/000000561677.jpg
3333.453125	0.0	image/886	886	1706728	train2017/000000386856.jpg
3334.271484375	0.0	image/946	946	1707147	train2017/000000501867.jpg
3335.837890625	0.0	image/861	861	1707949	train2017/000000560054.jpg
3336.6328125	0.0	image/902	902	1708356	train2017/000000227307.jpg
3337.43359375	0.0	image/912	912	1708766	train2017/000000491611.jpg
3338.23828125	0.0	image/924	924	1709178	train2017/000000232277.jpg
3339.021484375	0.0	image/928	928	1709579	train2017/000000233104.jpg
3339.8359375	0.0	image/951	951	1709996	train2017/000000214821.jpg
3340.638671875	0.0	image/952	952	1710407	train2017/000000502860.jpg
3341.435546875	0.0	image/883	883	1710815	train2017/000000223447.jpg
3342.20703125	0.0	image/938	938	1711210	train2017/000000237093.jpg
3342.986328125	0.0	image/846	846	1711609	train2017/000000474024.jpg
3343.80078125	0.0	image/902	902	1712026	train2017/000000227307.jpg
3344.583984375	0.0	image/900	900	1712427	train2017/000000488658.jpg
3345.3671875	0.0	image/948	948	1712828	train2017/000000502058.jpg
3346.134765625	0.0	image/946	946	1713221	train2017/000000501867.jpg
3346.94921875	0.0	image/859	859	1713638	train2017/000000476380.jpg
3347.716796875	0.0	image/930	930	1714031	train2017/000000344729.jpg
3348.5234375	0.0	image/879	879	1714444	train2017/000000221441.jpg
3350.12109375	0.0	image/894	894	1715262	train2017/000000225533.jpg
3350.88671875	0.0	image/950	950	1715654	train2017/000000502470.jpg
3352.4765625	0.0	image/908	908	1716468	train2017/000000228316.jpg
3353.25390625	0.0	image/960	960	1716866	train2017/000000505592.jpg
3354.037109375	0.0	image/941	941	1717267	train2017/000000237697.jpg
3354.859375	0.0	image/903	903	1717688	train2017/000000227451.jpg
3355.671875	0.0	image/932	932	1718104	train2017/000000233580.jpg
3356.4765625	0.0	image/890	890	1718516	train2017/000000224759.jpg
3357.3046875	0.0	image/888	888	1718940	train2017/000000486503.jpg
3358.111328125	0.0	image/870	870	1719353	train2017/000000480601.jpg
3358.912109375	0.0	image/949	949	1719763	train2017/000000240278.jpg
3359.705078125	0.0	image/908	908	1720169	train2017/000000228316.jpg
3360.51171875	0.0	image/959	959	1720582	train2017/000000505486.jpg
3361.3125	0.0	image/853	853	1720992	train2017/000000474827.jpg
3362.125	0.0	image/906	906	1721408	train2017/000000227928.jpg
3362.896484375	0.0	image/913	913	1721803	train2017/000000356810.jpg
3363.712890625	0.0	image/897	897	1722221	train2017/000000430850.jpg
3364.5078125	0.0	image/924	924	1722628	train2017/000000232277.jpg
3365.3125	0.0	image/921	921	1723040	train2017/000000231102.jpg
3366.08984375	0.0	image/851	851	1723438	train2017/000000474545.jpg
3366.896484375	0.0	image/854	854	1723851	train2017/000000475236.jpg
3367.73046875	0.0	image/870	870	1724278	train2017/000000480601.jpg
3368.53125	0.0	image/929	929	1724688	train2017/000000495387.jpg
3369.365234375	0.0	image/940	940	1725115	train2017/000000499730.jpg
3370.142578125	0.0	image/850	850	1725513	train2017/000000212380.jpg
3370.96484375	0.0	image/878	878	1725934	train2017/000000167908.jpg
3371.748046875	0.0	image/912	912	1726335	train2017/000000491611.jpg
3372.53125	0.0	image/937	937	1726736	train2017/000000498615.jpg
3373.310546875	0.0	image/935	935	1727135	train2017/000000082945.jpg
3374.091796875	0.0	image/859	859	1727535	train2017/000000476380.jpg
3374.8828125	0.0	image/867	867	1727940	train2017/000000479035.jpg
3375.7109375	0.0	image/916	916	1728364	train2017/000000038370.jpg
3376.4765625	0.0	image/952	952	1728756	train2017/000000502860.jpg
3377.30078125	0.0	image/929	929	1729178	train2017/000000495387.jpg
3378.111328125	0.0	image/858	858	1729593	train2017/000000214059.jpg
3378.87890625	0.0	image/904	904	1729986	train2017/000000227733.jpg
3379.64453125	0.0	image/941	941	1730378	train2017/000000237697.jpg
3380.4609375	0.0	image/953	953	1730796	train2017/000000241026.jpg
3381.283203125	0.0	image/896	896	1731217	train2017/000000225750.jpg
3382.068359375	0.0	image/958	958	1731619	train2017/000000433657.jpg
3382.86328125	0.0	image/871	871	1732026	train2017/000000480990.jpg
3384.435546875	0.0	image/883	883	1732831	train2017/000000223447.jpg
3385.21875	0.0	image/931	931	1733232	train2017/000000495568.jpg
3386.046875	0.0	image/888	888	1733656	train2017/000000486503.jpg
3386.853515625	0.0	image/890	890	1734069	train2017/000000224759.jpg
3388.419921875	0.0	image/901	901	1734871	train2017/000000007567.jpg
3389.19921875	0.0	image/845	845	1735270	train2017/000000211198.jpg
3390.00390625	0.0	image/897	897	1735682	train2017/000000430850.jpg
3391.62109375	0.0	image/872	872	1736510	train2017/000000429887.jpg
3392.404296875	0.0	image/910	910	1736911	train2017/000000228565.jpg
3393.232421875	0.0	image/842	842	1737335	train2017/000000209919.jpg
3394.0546875	0.0	image/944	944	1737756	train2017/000000239337.jpg
3394.884765625	0.0	image/936	936	1738181	train2017/000000497797.jpg
3395.671875	0.0	image/867	867	1738584	train2017/000000479035.jpg
3396.501953125	0.0	image/934	934	1739009	train2017/000000497464.jpg
3397.322265625	0.0	image/893	893	1739429	train2017/000000225383.jpg
3398.107421875	0.0	image/958	958	1739831	train2017/000000433657.jpg
3398.91796875	0.0	image/843	843	1740246	train2017/000000210065.jpg
3400.5234375	0.0	image/944	944	1741068	train2017/000000239337.jpg
3401.322265625	0.0	image/878	878	1741477	train2017/000000167908.jpg
3402.107421875	0.0	image/866	866	1741879	train2017/000000216029.jpg
3402.90234375	0.0	image/914	914	1742286	train2017/000000492037.jpg
3403.72265625	0.0	image/874	874	1742706	train2017/000000561006.jpg
3404.552734375	0.0	image/849	849	1743131	train2017/000000212229.jpg
3405.35546875	0.0	image/949	949	1743542	train2017/000000240278.jpg
3406.17578125	0.0	image/865	865	1743962	train2017/000000035972.jpg
3406.970703125	0.0	image/881	881	1744369	train2017/000000222921.jpg
3407.79296875	0.0	image/857	857	1744790	train2017/000000213988.jpg
3408.5703125	0.0	image/882	882	1745188	train2017/000000485113.jpg
3409.37109375	0.0	image/926	926	1745598	train2017/000000232648.jpg
3410.15625	0.0	image/940	940	1746000	train2017/000000499730.jpg
3411.744140625	0.0	image/882	882	1746813	train2017/000000485113.jpg
3412.5390625	0.0	image/926	926	1747220	train2017/000000232648.jpg
3413.34375	0.0	image/861	861	1747632	train2017/000000560054.jpg
3414.162109375	0.0	image/925	925	1748051	train2017/000000494552.jpg
3414.978515625	0.0	image/849	849	1748469	train2017/000000212229.jpg
3415.771484375	0.0	image/857	857	1748875	train2017/000000213988.jpg
3416.578125	0.0	image/947	947	1749288	train2017/000000501926.jpg
3417.37890625	0.0	image/869	869	1749698	train2017/000000294744.jpg
3418.15625	0.0	image/856	856	1750096	train2017/000000213288.jpg
3418.974609375	0.0	image/923	923	1750515	train2017/000000231851.jpg
3419.796875	0.0	image/843	843	1750936	train2017/000000210065.jpg
3420.630859375	0.0	image/863	863	1751363	train2017/000000215291.jpg
3421.4296875	0.0	image/892	892	1751772	train2017/000000225113.jpg
3422.208984375	0.0	image/860	860	1752171	train2017/000000476481.jpg
3423.01171875	0.0	image/863	863	1752582	train2017/000000215291.jpg
3423.796875	0.0	image/930	930	1752984	train2017/000000344729.jpg
3424.57421875	0.0	image/869	869	1753382	train2017/000000294744.jpg
3425.39453125	0.0	image/856	856	1753802	train2017/000000213288.jpg
3426.19921875	0.0	image/951	951	1754214	train2017/000000214821.jpg
3426.982421875	0.0	image/899	899	1754615	train2017/000000168803.jpg
3427.794921875	0.0	image/895	895	1755031	train2017/000000487825.jpg
3428.56640625	0.0	image/889	889	1755426	train2017/000000224396.jpg
3429.39453125	0.0	image/927	927	1755850	train2017/000000495040.jpg
3430.193359375	0.0	image/886	886	1756259	train2017/000000386856.jpg
3431.0	0.0	image/919	919	1756672	train2017/000000492627.jpg
3432.583984375	0.0	image/865	865	1757483	train2017/000000035972.jpg
3433.3671875	0.0	image/880	880	1757884	train2017/000000484300.jpg
3434.150390625	0.0	image/887	887	1758285	train2017/000000561677.jpg
3434.9453125	0.0	image/852	852	1758692	train2017/000000212440.jpg
3435.71484375	0.0	image/872	872	1759086	train2017/000000429887.jpg
3436.53515625	0.0	image/847	847	1759506	train2017/000000207833.jpg
3437.36328125	0.0	image/955	955	1759930	train2017/000000112805.jpg
3438.185546875	0.0	image/918	918	1760351	train2017/000000230422.jpg
3439.76953125	0.0	image/885	885	1761162	train2017/000000223718.jpg
3440.580078125	0.0	image/954	954	1761577	train2017/000000040187.jpg
3441.34765625	0.0	image/906	906	1761970	train2017/000000227928.jpg
3442.1640625	0.0	image/877	877	1762388	train2017/000000342639.jpg
3443.75390625	0.0	image/927	927	1763202	train2017/000000495040.jpg
3445.353515625	0.0	image/844	844	1764021	train2017/000000341033.jpg
3446.1484375	0.0	image/895	895	1764428	train2017/000000487825.jpg
3446.93359375	0.0	image/960	960	1764830	train2017/000000505592.jpg
3447.720703125	0.0	image/932	932	1765233	train2017/000000233580.jpg
3448.53125	0.0	image/953	953	1765648	train2017/000000241026.jpg
3449.34765625	0.0	image/879	879	1766066	train2017/000000221441.jpg
3450.12109375	0.0	image/913	913	1766462	train2017/000000356810.jpg
3450.93359375	0.0	image/918	918	1766878	train2017/000000230422.jpg
3451.716796875	0.0	image/917	917	1767279	train2017/000000354185.jpg
3452.5234375	0.0	image/884	884	1767692	train2017/000000485605.jpg
3454.140625	0.0	image/910	910	1768520	train2017/000000228565.jpg
3454.96875	0.0	image/923	923	1768944	train2017/000000231851.jpg
3455.734375	0.0	image/909	909	1769336	train2017/000000228380.jpg
3456.517578125	0.0	image/848	848	1769737	train2017/000000474353.jpg
3457.291015625	0.0	image/891	891	1770133	train2017/000000224869.jpg
3458.1015625	0.0	image/881	881	1770548	train2017/000000222921.jpg
3458.904296875	0.0	image/935	935	1770959	train2017/000000082945.jpg
3459.708984375	0.0	image/903	903	1771371	train2017/000000227451.jpg
3460.486328125	0.0	image/905	905	1771769	train2017/000000227843.jpg
3461.28515625	0.0	image/957	957	1772178	train2017/000000242631.jpg
3462.076171875	0.0	image/956	956	1772583	train2017/000000242133.jpg
3463.671875	0.0	image/955	955	1773400	train2017/000000112805.jpg
3464.4921875	0.0	image/942	942	1773820	train2017/000000238001.jpg
3465.287109375	0.0	image/853	853	1774227	train2017/000000474827.jpg
3466.109375	0.0	image/841	841	1774648	train2017/000000034961.jpg
3466.927734375	0.0	image/947	947	1775067	train2017/000000501926.jpg
3468.544921875	0.0	image/866	866	1775895	train2017/000000216029.jpg
3469.33984375	0.0	image/937	937	1776302	train2017/000000498615.jpg
3470.162109375	0.0	image/945	945	1776723	train2017/000000501739.jpg
3470.97265625	0.0	image/877	877	1777138	train2017/000000342639.jpg
3471.7734375	0.0	image/896	896	1777548	train2017/000000225750.jpg
3472.544921875	0.0	image/916	916	1777943	train2017/000000038370.jpg
3473.328125	0.0	image/954	954	1778344	train2017/000000040187.jpg
3474.15625	0.0	image/884	884	1778768	train2017/000000485605.jpg
