onset	duration	trial_type	value	sample	stim_file
1.85546875	0.0	image/120	120	950	nsd/10064.png
2.650390625	0.0	image/7	7	1357	nsd/3164.png
4.234375	0.0	image/58	58	2168	nsd/6199.png
5.001953125	0.0	image/78	78	2561	nsd/7480.png
5.80078125	0.0	image/15	15	2970	nsd/3682.png
6.60546875	0.0	image/44	44	3382	nsd/5285.png
7.369140625	0.0	image/52	52	3773	nsd/5583.png
8.119140625	0.0	image/41	41	4157	nsd/5034.png
8.92578125	0.0	image/57	57	4570	nsd/6132.png
9.71875	0.0	image/25	25	4976	nsd/4058.png
10.501953125	0.0	image/18	18	5377	nsd/3809.png
11.28515625	0.0	image/12	12	5778	nsd/3449.png
12.052734375	0.0	image/80	80	6171	nsd/7659.png
12.8203125	0.0	image/49	49	6564	nsd/5502.png
13.619140625	0.0	image/100	100	6973	nsd/8646.png
14.4375	0.0	image/104	104	7392	nsd/8933.png
15.98828125	0.0	image/47	47	8186	nsd/5427.png
17.521484375	0.0	image/34	34	8971	nsd/4690.png
18.271484375	0.0	image/81	81	9355	nsd/7840.png
19.0390625	0.0	image/67	67	9748	nsd/6640.png
19.822265625	0.0	image/108	108	10149	nsd/9230.png
20.623046875	0.0	image/7	7	10559	nsd/3164.png
21.40625	0.0	image/67	67	10960	nsd/6640.png
22.173828125	0.0	image/3	3	11353	nsd/3049.png
22.939453125	0.0	image/29	29	11745	nsd/4325.png
23.70703125	0.0	image/80	80	12138	nsd/7659.png
24.47265625	0.0	image/20	20	12530	nsd/3847.png
25.224609375	0.0	image/26	26	12915	nsd/4129.png
25.990234375	0.0	image/96	96	13307	nsd/8435.png
26.7734375	0.0	image/9	9	13708	nsd/3181.png
27.57421875	0.0	image/104	104	14118	nsd/8933.png
28.376953125	0.0	image/117	117	14529	nsd/9978.png
29.17578125	0.0	image/35	35	14938	nsd/4768.png
29.94140625	0.0	image/94	94	15330	nsd/8394.png
31.52734375	0.0	image/119	119	16142	nsd/10046.png
32.34375	0.0	image/103	103	16560	nsd/8925.png
33.126953125	0.0	image/16	16	16961	nsd/3687.png
33.943359375	0.0	image/116	116	17379	nsd/9917.png
34.7265625	0.0	image/46	46	17780	nsd/5338.png
35.52734375	0.0	image/16	16	18190	nsd/3687.png
36.310546875	0.0	image/49	49	18591	nsd/5502.png
37.126953125	0.0	image/1	1	19009	nsd/2950.png
37.943359375	0.0	image/3	3	19427	nsd/3049.png
38.76171875	0.0	image/96	96	19846	nsd/8435.png
39.544921875	0.0	image/4	4	20247	nsd/3077.png
40.34765625	0.0	image/13	13	20658	nsd/3489.png
41.912109375	0.0	image/64	64	21459	nsd/6521.png
43.544921875	0.0	image/120	120	22295	nsd/10064.png
44.314453125	0.0	image/88	88	22689	nsd/8204.png
45.080078125	0.0	image/83	83	23081	nsd/7944.png
45.865234375	0.0	image/4	4	23483	nsd/3077.png
46.646484375	0.0	image/113	113	23883	nsd/9804.png
47.4296875	0.0	image/60	60	24284	nsd/6431.png
48.21484375	0.0	image/21	21	24686	nsd/3856.png
49.03515625	0.0	image/27	27	25106	nsd/4156.png
49.83203125	0.0	image/54	54	25514	nsd/5714.png
50.59765625	0.0	image/63	63	25906	nsd/6514.png
51.4140625	0.0	image/78	78	26324	nsd/7480.png
52.234375	0.0	image/91	91	26744	nsd/8274.png
53.041015625	0.0	image/20	20	27157	nsd/3847.png
53.875	0.0	image/36	36	27584	nsd/4786.png
54.669921875	0.0	image/70	70	27991	nsd/7007.png
55.453125	0.0	image/97	97	28392	nsd/8465.png
56.25	0.0	image/74	74	28800	nsd/7336.png
57.017578125	0.0	image/107	107	29193	nsd/9147.png
57.783203125	0.0	image/17	17	29585	nsd/3729.png
58.5859375	0.0	image/109	109	29996	nsd/9434.png
59.400390625	0.0	image/97	97	30413	nsd/8465.png
60.185546875	0.0	image/44	44	30815	nsd/5285.png
60.951171875	0.0	image/73	73	31207	nsd/7207.png
61.71875	0.0	image/11	11	31600	nsd/3434.png
62.517578125	0.0	image/14	14	32009	nsd/3626.png
63.30078125	0.0	image/84	84	32410	nsd/7948.png
64.103515625	0.0	image/73	73	32821	nsd/7207.png
64.869140625	0.0	image/68	68	33213	nsd/6713.png
65.619140625	0.0	image/63	63	33597	nsd/6514.png
67.203125	0.0	image/51	51	34408	nsd/5574.png
67.96875	0.0	image/72	72	34800	nsd/7120.png
68.76953125	0.0	image/42	42	35210	nsd/5106.png
69.57421875	0.0	image/62	62	35622	nsd/6489.png
70.396484375	0.0	image/61	61	36043	nsd/6444.png
71.169921875	0.0	image/69	69	36439	nsd/6801.png
71.98828125	0.0	image/82	82	36858	nsd/7859.png
72.75390625	0.0	image/40	40	37250	nsd/4930.png
73.537109375	0.0	image/83	83	37651	nsd/7944.png
74.2890625	0.0	image/55	55	38036	nsd/5878.png
75.076171875	0.0	image/84	84	38439	nsd/7948.png
75.859375	0.0	image/65	65	38840	nsd/6524.png
76.658203125	0.0	image/13	13	39249	nsd/3489.png
77.47265625	0.0	image/6	6	39666	nsd/3157.png
78.2734375	0.0	image/115	115	40076	nsd/9865.png
79.80859375	0.0	image/59	59	40862	nsd/6222.png
80.58984375	0.0	image/29	29	41262	nsd/4325.png
81.357421875	0.0	image/76	76	41655	nsd/7409.png
82.94140625	0.0	image/10	10	42466	nsd/3386.png
83.7265625	0.0	image/112	112	42868	nsd/9722.png
84.494140625	0.0	image/77	77	43261	nsd/7418.png
85.296875	0.0	image/92	92	43672	nsd/8318.png
86.091796875	0.0	image/93	93	44079	nsd/8387.png
86.89453125	0.0	image/118	118	44490	nsd/10006.png
87.708984375	0.0	image/11	11	44907	nsd/3434.png
88.509765625	0.0	image/119	119	45317	nsd/10046.png
89.3359375	0.0	image/79	79	45740	nsd/7654.png
90.16015625	0.0	image/64	64	46162	nsd/6521.png
90.919921875	0.0	image/15	15	46551	nsd/3682.png
91.7109375	0.0	image/48	48	46956	nsd/5459.png
92.51171875	0.0	image/38	38	47366	nsd/4869.png
93.294921875	0.0	image/34	34	47767	nsd/4690.png
94.09375	0.0	image/86	86	48176	nsd/8006.png
94.865234375	0.0	image/87	87	48571	nsd/8109.png
95.662109375	0.0	image/65	65	48979	nsd/6524.png
96.4609375	0.0	image/107	107	49388	nsd/9147.png
97.24609375	0.0	image/60	60	49790	nsd/6431.png
98.0625	0.0	image/43	43	50208	nsd/5204.png
98.8125	0.0	image/26	26	50592	nsd/4129.png
99.5625	0.0	image/8	8	50976	nsd/3171.png
100.33203125	0.0	image/35	35	51370	nsd/4768.png
101.11328125	0.0	image/110	110	51770	nsd/9462.png
102.71484375	0.0	image/5	5	52590	nsd/3146.png
103.5	0.0	image/77	77	52992	nsd/7418.png
104.31640625	0.0	image/53	53	53410	nsd/5602.png
105.140625	0.0	image/103	103	53832	nsd/8925.png
106.681640625	0.0	image/19	19	54621	nsd/3842.png
107.447265625	0.0	image/8	8	55013	nsd/3171.png
109.03125	0.0	image/48	48	55824	nsd/5459.png
109.798828125	0.0	image/72	72	56217	nsd/7120.png
110.58203125	0.0	image/75	75	56618	nsd/7366.png
111.3828125	0.0	image/46	46	57028	nsd/5338.png
112.19921875	0.0	image/71	71	57446	nsd/7039.png
113.0	0.0	image/22	22	57856	nsd/3913.png
113.783203125	0.0	image/71	71	58257	nsd/7039.png
114.583984375	0.0	image/82	82	58667	nsd/7859.png
115.384765625	0.0	image/101	101	59077	nsd/8807.png
116.18359375	0.0	image/105	105	59486	nsd/9027.png
116.966796875	0.0	image/23	23	59887	nsd/3951.png
117.71875	0.0	image/30	30	60272	nsd/4423.png
118.46875	0.0	image/19	19	60656	nsd/3842.png
119.21875	0.0	image/2	2	61040	nsd/2990.png
120.03515625	0.0	image/55	55	61458	nsd/5878.png
120.8046875	0.0	image/90	90	61852	nsd/8262.png
121.576171875	0.0	image/79	79	62247	nsd/7654.png
122.353515625	0.0	image/50	50	62645	nsd/5542.png
123.15234375	0.0	image/36	36	63054	nsd/4786.png
123.9375	0.0	image/112	112	63456	nsd/9722.png
124.703125	0.0	image/113	113	63848	nsd/9804.png
125.509765625	0.0	image/95	95	64261	nsd/8415.png
127.072265625	0.0	image/41	41	65061	nsd/5034.png
127.85546875	0.0	image/12	12	65462	nsd/3449.png
129.42578125	0.0	image/89	89	66266	nsd/8225.png
130.19140625	0.0	image/88	88	66658	nsd/8204.png
131.73828125	0.0	image/111	111	67450	nsd/9680.png
132.541015625	0.0	image/42	42	67861	nsd/5106.png
133.322265625	0.0	image/105	105	68261	nsd/9027.png
134.1328125	0.0	image/56	56	68676	nsd/5890.png
134.962890625	0.0	image/5	5	69101	nsd/3146.png
135.78125	0.0	image/32	32	69520	nsd/4612.png
136.59375	0.0	image/70	70	69936	nsd/7007.png
138.20703125	0.0	image/110	110	70762	nsd/9462.png
139.0078125	0.0	image/95	95	71172	nsd/8415.png
139.80078125	0.0	image/25	25	71578	nsd/4058.png
140.626953125	0.0	image/9	9	72001	nsd/3181.png
141.42578125	0.0	image/30	30	72410	nsd/4423.png
142.2421875	0.0	image/31	31	72828	nsd/4436.png
143.013671875	0.0	image/109	109	73223	nsd/9434.png
143.828125	0.0	image/28	28	73640	nsd/4249.png
144.59375	0.0	image/81	81	74032	nsd/7840.png
145.376953125	0.0	image/118	118	74433	nsd/10006.png
146.177734375	0.0	image/102	102	74843	nsd/8843.png
146.9609375	0.0	image/39	39	75244	nsd/4892.png
147.759765625	0.0	image/56	56	75653	nsd/5890.png
148.560546875	0.0	image/116	116	76063	nsd/9917.png
149.365234375	0.0	image/74	74	76475	nsd/7336.png
150.978515625	0.0	image/52	52	77301	nsd/5583.png
151.744140625	0.0	image/99	99	77693	nsd/8631.png
152.529296875	0.0	image/14	14	78095	nsd/3626.png
153.328125	0.0	image/99	99	78504	nsd/8631.png
154.10546875	0.0	image/22	22	78902	nsd/3913.png
154.888671875	0.0	image/101	101	79303	nsd/8807.png
155.66796875	0.0	image/28	28	79702	nsd/4249.png
156.43359375	0.0	image/54	54	80094	nsd/5714.png
157.248046875	0.0	image/106	106	80511	nsd/9048.png
158.83203125	0.0	image/23	23	81322	nsd/3951.png
159.6328125	0.0	image/89	89	81732	nsd/8225.png
160.439453125	0.0	image/91	91	82145	nsd/8274.png
162.08984375	0.0	image/115	115	82990	nsd/9865.png
162.900390625	0.0	image/33	33	83405	nsd/4667.png
163.68359375	0.0	image/85	85	83806	nsd/7954.png
164.490234375	0.0	image/18	18	84219	nsd/3809.png
166.068359375	0.0	image/38	38	85027	nsd/4869.png
166.8359375	0.0	image/27	27	85420	nsd/4156.png
167.642578125	0.0	image/66	66	85833	nsd/6558.png
168.453125	0.0	image/50	50	86248	nsd/5542.png
169.29296875	0.0	image/69	69	86678	nsd/6801.png
170.0703125	0.0	image/32	32	87076	nsd/4612.png
170.869140625	0.0	image/58	58	87485	nsd/6199.png
171.693359375	0.0	image/66	66	87907	nsd/6558.png
172.52734375	0.0	image/43	43	88334	nsd/5204.png
174.12109375	0.0	image/40	40	89150	nsd/4930.png
174.943359375	0.0	image/31	31	89571	nsd/4436.png
175.7265625	0.0	image/1	1	89972	nsd/2950.png
176.50390625	0.0	image/94	94	90370	nsd/8394.png
177.2890625	0.0	image/37	37	90772	nsd/4835.png
178.095703125	0.0	image/117	117	91185	nsd/9978.png
178.87890625	0.0	image/98	98	91586	nsd/8509.png
179.70703125	0.0	image/93	93	92010	nsd/8387.png
180.47265625	0.0	image/114	114	92402	nsd/9847.png
181.24609375	0.0	image/59	59	92798	nsd/6222.png
182.0390625	0.0	image/37	37	93204	nsd/4835.png
182.82421875	0.0	image/106	106	93606	nsd/9048.png
183.62890625	0.0	image/21	21	94018	nsd/3856.png
184.4140625	0.0	image/114	114	94420	nsd/9847.png
185.224609375	0.0	image/61	61	94835	nsd/6444.png
186.03125	0.0	image/108	108	95248	nsd/9230.png
186.857421875	0.0	image/62	62	95671	nsd/6489.png
187.6640625	0.0	image/100	100	96084	nsd/8646.png
188.447265625	0.0	image/87	87	96485	nsd/8109.png
189.263671875	0.0	image/68	68	96903	nsd/6713.png
190.09765625	0.0	image/2	2	97330	nsd/2990.png
190.92578125	0.0	image/53	53	97754	nsd/5602.png
191.732421875	0.0	image/47	47	98167	nsd/5427.png
192.509765625	0.0	image/6	6	98565	nsd/3157.png
193.33203125	0.0	image/24	24	98986	nsd/4051.png
194.115234375	0.0	image/10	10	99387	nsd/3386.png
194.91015625	0.0	image/39	39	99794	nsd/4892.png
195.732421875	0.0	image/75	75	100215	nsd/7366.png
196.560546875	0.0	image/86	86	100639	nsd/8006.png
197.36328125	0.0	image/17	17	101050	nsd/3729.png
198.1953125	0.0	image/33	33	101476	nsd/4667.png
199.76171875	0.0	image/90	90	102278	nsd/8262.png
200.53515625	0.0	image/57	57	102674	nsd/6132.png
201.318359375	0.0	image/98	98	103075	nsd/8509.png
202.130859375	0.0	image/92	92	103491	nsd/8318.png
202.953125	0.0	image/111	111	103912	nsd/9680.png
203.78125	0.0	image/24	24	104336	nsd/4051.png
205.353515625	0.0	image/85	85	105141	nsd/7954.png
206.130859375	0.0	image/45	45	105539	nsd/5301.png
206.9375	0.0	image/102	102	105952	nsd/8843.png
207.736328125	0.0	image/76	76	106361	nsd/7409.png
209.337890625	0.0	image/45	45	107181	nsd/5301.png
210.13671875	0.0	image/51	51	107590	nsd/5574.png
217.953125	0.0	image/190	190	111592	nsd/15819.png
218.73046875	0.0	image/145	145	111990	nsd/11942.png
219.51953125	0.0	image/219	219	112394	nsd/17934.png
220.353515625	0.0	image/196	196	112821	nsd/16466.png
221.15234375	0.0	image/134	134	113230	nsd/11521.png
221.9453125	0.0	image/155	155	113636	nsd/12796.png
222.748046875	0.0	image/238	238	114047	nsd/19690.png
224.353515625	0.0	image/142	142	114869	nsd/11837.png
225.166015625	0.0	image/175	175	115285	nsd/14594.png
225.955078125	0.0	image/205	205	115689	nsd/16868.png
226.783203125	0.0	image/193	193	116113	nsd/16252.png
227.60546875	0.0	image/148	148	116534	nsd/12075.png
228.43359375	0.0	image/129	129	116958	nsd/10610.png
229.23828125	0.0	image/171	171	117370	nsd/14179.png
230.068359375	0.0	image/125	125	117795	nsd/10471.png
230.833984375	0.0	image/162	162	118187	nsd/13314.png
231.640625	0.0	image/177	177	118600	nsd/14644.png
233.240234375	0.0	image/208	208	119419	nsd/17230.png
234.041015625	0.0	image/126	126	119829	nsd/10507.png
234.833984375	0.0	image/212	212	120235	nsd/17450.png
235.619140625	0.0	image/239	239	120637	nsd/19933.png
236.44140625	0.0	image/240	240	121058	nsd/20054.png
237.236328125	0.0	image/179	179	121465	nsd/14808.png
238.05859375	0.0	image/171	171	121886	nsd/14179.png
238.841796875	0.0	image/229	229	122287	nsd/19074.png
240.458984375	0.0	image/121	121	123115	nsd/10105.png
241.26953125	0.0	image/172	172	123530	nsd/14443.png
242.087890625	0.0	image/233	233	123949	nsd/19292.png
242.892578125	0.0	image/184	184	124361	nsd/15025.png
243.6875	0.0	image/147	147	124768	nsd/12065.png
244.509765625	0.0	image/187	187	125189	nsd/15492.png
245.322265625	0.0	image/168	168	125605	nsd/14110.png
246.12109375	0.0	image/227	227	126014	nsd/18690.png
246.939453125	0.0	image/184	184	126433	nsd/15025.png
247.72265625	0.0	image/141	141	126834	nsd/11827.png
249.328125	0.0	image/232	232	127656	nsd/19200.png
250.16015625	0.0	image/214	214	128082	nsd/17485.png
250.962890625	0.0	image/230	230	128493	nsd/19181.png
251.7578125	0.0	image/225	225	128900	nsd/18535.png
252.5234375	0.0	image/211	211	129292	nsd/17374.png
253.29296875	0.0	image/188	188	129686	nsd/15506.png
254.12109375	0.0	image/149	149	130110	nsd/12214.png
254.908203125	0.0	image/223	223	130513	nsd/18483.png
256.48046875	0.0	image/180	180	131318	nsd/14820.png
257.275390625	0.0	image/211	211	131725	nsd/17374.png
258.05859375	0.0	image/217	217	132126	nsd/17776.png
258.880859375	0.0	image/163	163	132547	nsd/13613.png
259.658203125	0.0	image/160	160	132945	nsd/13230.png
260.48046875	0.0	image/215	215	133366	nsd/17549.png
262.083984375	0.0	image/188	188	134187	nsd/15506.png
262.8984375	0.0	image/164	164	134604	nsd/13653.png
263.716796875	0.0	image/151	151	135023	nsd/12487.png
264.51171875	0.0	image/147	147	135430	nsd/12065.png
265.349609375	0.0	image/222	222	135859	nsd/18434.png
266.126953125	0.0	image/157	157	136257	nsd/12922.png
266.93359375	0.0	image/190	190	136670	nsd/15819.png
267.75	0.0	image/183	183	137088	nsd/15003.png
268.5625	0.0	image/122	122	137504	nsd/10107.png
270.134765625	0.0	image/124	124	138309	nsd/10393.png
270.9296875	0.0	image/165	165	138716	nsd/13662.png
271.734375	0.0	image/210	210	139128	nsd/17369.png
272.51953125	0.0	image/193	193	139530	nsd/16252.png
273.3125	0.0	image/207	207	139936	nsd/17048.png
274.11328125	0.0	image/237	237	140346	nsd/19672.png
274.90234375	0.0	image/127	127	140750	nsd/10586.png
275.71484375	0.0	image/194	194	141166	nsd/16344.png
277.287109375	0.0	image/186	186	141971	nsd/15364.png
278.0703125	0.0	image/138	138	142372	nsd/11689.png
278.849609375	0.0	image/213	213	142771	nsd/17463.png
279.638671875	0.0	image/208	208	143175	nsd/17230.png
280.4375	0.0	image/216	216	143584	nsd/17595.png
281.21484375	0.0	image/189	189	143982	nsd/15793.png
282.001953125	0.0	image/161	161	144385	nsd/13312.png
282.822265625	0.0	image/140	140	144805	nsd/11796.png
283.623046875	0.0	image/152	152	145215	nsd/12495.png
285.205078125	0.0	image/209	209	146025	nsd/17238.png
285.990234375	0.0	image/217	217	146427	nsd/17776.png
286.802734375	0.0	image/194	194	146843	nsd/16344.png
287.623046875	0.0	image/123	123	147263	nsd/10244.png
288.400390625	0.0	image/228	228	147661	nsd/18796.png
289.18359375	0.0	image/139	139	148062	nsd/11725.png
289.974609375	0.0	image/218	218	148467	nsd/17794.png
290.78515625	0.0	image/201	201	148882	nsd/16723.png
291.552734375	0.0	image/148	148	149275	nsd/12075.png
292.32421875	0.0	image/215	215	149670	nsd/17549.png
293.142578125	0.0	image/195	195	150089	nsd/16421.png
293.953125	0.0	image/226	226	150504	nsd/18543.png
294.759765625	0.0	image/146	146	150917	nsd/11952.png
295.5703125	0.0	image/235	235	151332	nsd/19573.png
296.373046875	0.0	image/181	181	151743	nsd/14898.png
297.17578125	0.0	image/234	234	152154	nsd/19436.png
298.810546875	0.0	image/137	137	152991	nsd/11635.png
299.619140625	0.0	image/189	189	153405	nsd/15793.png
300.421875	0.0	image/122	122	153816	nsd/10107.png
301.1953125	0.0	image/150	150	154212	nsd/12308.png
302.005859375	0.0	image/136	136	154627	nsd/11617.png
302.771484375	0.0	image/221	221	155019	nsd/18268.png
303.5390625	0.0	image/207	207	155412	nsd/17048.png
304.345703125	0.0	image/176	176	155825	nsd/14610.png
305.138671875	0.0	image/124	124	156231	nsd/10393.png
305.939453125	0.0	image/158	158	156641	nsd/12937.png
306.76171875	0.0	image/141	141	157062	nsd/11827.png
307.541015625	0.0	image/200	200	157461	nsd/16702.png
309.11328125	0.0	image/231	231	158266	nsd/19199.png
309.94140625	0.0	image/153	153	158690	nsd/12634.png
310.744140625	0.0	image/186	186	159101	nsd/15364.png
311.55859375	0.0	image/225	225	159518	nsd/18535.png
312.32421875	0.0	image/192	192	159910	nsd/16063.png
313.109375	0.0	image/200	200	160312	nsd/16702.png
313.9140625	0.0	image/173	173	160724	nsd/14528.png
315.482421875	0.0	image/143	143	161527	nsd/11844.png
316.298828125	0.0	image/178	178	161945	nsd/14793.png
317.08203125	0.0	image/162	162	162346	nsd/13314.png
317.859375	0.0	image/144	144	162744	nsd/11932.png
318.66015625	0.0	image/239	239	163154	nsd/19933.png
319.4765625	0.0	image/236	236	163572	nsd/19642.png
320.27734375	0.0	image/213	213	163982	nsd/17463.png
321.083984375	0.0	image/220	220	164395	nsd/17942.png
321.89453125	0.0	image/128	128	164810	nsd/10600.png
322.658203125	0.0	image/137	137	165201	nsd/11635.png
323.4296875	0.0	image/170	170	165596	nsd/14165.png
324.234375	0.0	image/163	163	166008	nsd/13613.png
325.017578125	0.0	image/223	223	166409	nsd/18483.png
325.8515625	0.0	image/157	157	166836	nsd/12922.png
327.501953125	0.0	image/216	216	167681	nsd/17595.png
328.318359375	0.0	image/152	152	168099	nsd/12495.png
329.1328125	0.0	image/153	153	168516	nsd/12634.png
329.953125	0.0	image/178	178	168936	nsd/14793.png
330.75390625	0.0	image/192	192	169346	nsd/16063.png
332.38671875	0.0	image/155	155	170182	nsd/12796.png
333.1875	0.0	image/164	164	170592	nsd/13653.png
333.986328125	0.0	image/172	172	171001	nsd/14443.png
334.771484375	0.0	image/233	233	171403	nsd/19292.png
335.587890625	0.0	image/191	191	171821	nsd/15939.png
336.37109375	0.0	image/144	144	172222	nsd/11932.png
337.181640625	0.0	image/224	224	172637	nsd/18505.png
337.970703125	0.0	image/210	210	173041	nsd/17369.png
338.7890625	0.0	image/205	205	173460	nsd/16868.png
340.388671875	0.0	image/133	133	174279	nsd/11487.png
341.173828125	0.0	image/219	219	174681	nsd/17934.png
341.97265625	0.0	image/126	126	175090	nsd/10507.png
342.787109375	0.0	image/159	159	175507	nsd/13138.png
343.6015625	0.0	image/167	167	175924	nsd/13846.png
344.423828125	0.0	image/166	166	176345	nsd/13720.png
345.234375	0.0	image/176	176	176760	nsd/14610.png
346.841796875	0.0	image/143	143	177583	nsd/11844.png
347.673828125	0.0	image/235	235	178009	nsd/19573.png
348.4921875	0.0	image/129	129	178428	nsd/10610.png
349.28515625	0.0	image/166	166	178834	nsd/13720.png
350.0859375	0.0	image/237	237	179244	nsd/19672.png
350.876953125	0.0	image/132	132	179649	nsd/11333.png
351.669921875	0.0	image/203	203	180055	nsd/16841.png
352.453125	0.0	image/169	169	180456	nsd/14121.png
353.2421875	0.0	image/167	167	180860	nsd/13846.png
354.060546875	0.0	image/234	234	181279	nsd/19436.png
354.87109375	0.0	image/145	145	181694	nsd/11942.png
355.677734375	0.0	image/159	159	182107	nsd/13138.png
356.48828125	0.0	image/170	170	182522	nsd/14165.png
357.255859375	0.0	image/138	138	182915	nsd/11689.png
358.861328125	0.0	image/202	202	183737	nsd/16823.png
359.677734375	0.0	image/131	131	184155	nsd/11159.png
361.3125	0.0	image/214	214	184992	nsd/17485.png
362.095703125	0.0	image/197	197	185393	nsd/16616.png
362.890625	0.0	image/206	206	185800	nsd/16917.png
363.689453125	0.0	image/173	173	186209	nsd/14528.png
364.474609375	0.0	image/174	174	186611	nsd/14567.png
365.2734375	0.0	image/140	140	187020	nsd/11796.png
366.05859375	0.0	image/161	161	187422	nsd/13312.png
367.681640625	0.0	image/238	238	188253	nsd/19690.png
368.474609375	0.0	image/175	175	188659	nsd/14594.png
369.28125	0.0	image/154	154	189072	nsd/12685.png
370.111328125	0.0	image/185	185	189497	nsd/15128.png
370.880859375	0.0	image/229	229	189891	nsd/19074.png
371.7109375	0.0	image/201	201	190316	nsd/16723.png
372.51171875	0.0	image/160	160	190726	nsd/13230.png
374.166015625	0.0	image/220	220	191573	nsd/17942.png
374.966796875	0.0	image/130	130	191983	nsd/10907.png
375.744140625	0.0	image/177	177	192381	nsd/14644.png
376.52734375	0.0	image/212	212	192782	nsd/17450.png
377.310546875	0.0	image/133	133	193183	nsd/11487.png
378.1171875	0.0	image/121	121	193596	nsd/10105.png
378.900390625	0.0	image/136	136	193997	nsd/11617.png
380.501953125	0.0	image/132	132	194817	nsd/11333.png
381.33203125	0.0	image/224	224	195242	nsd/18505.png
382.91796875	0.0	image/156	156	196054	nsd/12798.png
383.6953125	0.0	image/135	135	196452	nsd/11566.png
384.501953125	0.0	image/218	218	196865	nsd/17794.png
385.296875	0.0	image/125	125	197272	nsd/10471.png
386.099609375	0.0	image/222	222	197683	nsd/18434.png
386.880859375	0.0	image/209	209	198083	nsd/17238.png
387.654296875	0.0	image/149	149	198479	nsd/12214.png
388.4375	0.0	image/168	168	198880	nsd/14110.png
390.00390625	0.0	image/232	232	199682	nsd/19200.png
390.8203125	0.0	image/240	240	200100	nsd/20054.png
391.6328125	0.0	image/226	226	200516	nsd/18543.png
392.455078125	0.0	image/231	231	200937	nsd/19199.png
393.263671875	0.0	image/197	197	201351	nsd/16616.png
394.072265625	0.0	image/142	142	201765	nsd/11837.png
394.8828125	0.0	image/151	151	202180	nsd/12487.png
395.65625	0.0	image/150	150	202576	nsd/12308.png
396.453125	0.0	image/206	206	202984	nsd/16917.png
397.267578125	0.0	image/199	199	203401	nsd/16655.png
398.033203125	0.0	image/130	130	203793	nsd/10907.png
398.8515625	0.0	image/187	187	204212	nsd/15492.png
399.642578125	0.0	image/165	165	204617	nsd/13662.png
400.423828125	0.0	image/182	182	205017	nsd/14931.png
401.2578125	0.0	image/181	181	205444	nsd/14898.png
402.068359375	0.0	image/228	228	205859	nsd/18796.png
402.8359375	0.0	image/146	146	206252	nsd/11952.png
403.658203125	0.0	image/227	227	206673	nsd/18690.png
404.46875	0.0	image/131	131	207088	nsd/11159.png
405.236328125	0.0	image/203	203	207481	nsd/16841.png
406.021484375	0.0	image/139	139	207883	nsd/11725.png
406.79296875	0.0	image/135	135	208278	nsd/11566.png
407.609375	0.0	image/128	128	208696	nsd/10600.png
408.421875	0.0	image/180	180	209112	nsd/14820.png
409.236328125	0.0	image/204	204	209529	nsd/16865.png
410.00390625	0.0	image/134	134	209922	nsd/11521.png
410.8203125	0.0	image/199	199	210340	nsd/16655.png
411.611328125	0.0	image/202	202	210745	nsd/16823.png
412.4375	0.0	image/158	158	211168	nsd/12937.png
413.244140625	0.0	image/204	204	211581	nsd/16865.png
414.861328125	0.0	image/179	179	212409	nsd/14808.png
415.64453125	0.0	image/183	183	212810	nsd/15003.png
416.439453125	0.0	image/156	156	213217	nsd/12798.png
417.26171875	0.0	image/230	230	213638	nsd/19181.png
418.080078125	0.0	image/191	191	214057	nsd/15939.png
418.912109375	0.0	image/182	182	214483	nsd/14931.png
419.697265625	0.0	image/169	169	214885	nsd/14121.png
420.490234375	0.0	image/198	198	215291	nsd/16635.png
421.291015625	0.0	image/195	195	215701	nsd/16421.png
422.080078125	0.0	image/198	198	216105	nsd/16635.png
422.875	0.0	image/127	127	216512	nsd/10586.png
423.640625	0.0	image/185	185	216904	nsd/15128.png
424.46484375	0.0	image/221	221	217326	nsd/18268.png
425.29296875	0.0	image/236	236	217750	nsd/19642.png
426.08203125	0.0	image/154	154	218154	nsd/12685.png
426.865234375	0.0	image/196	196	218555	nsd/16466.png
427.681640625	0.0	image/123	123	218973	nsd/10244.png
428.4609375	0.0	image/174	174	219372	nsd/14567.png
435.37109375	0.0	image/357	357	222910	nsd/26990.png
436.181640625	0.0	image/325	325	223325	nsd/25319.png
437.822265625	0.0	image/335	335	224165	nsd/25711.png
439.404296875	0.0	image/246	246	224975	nsd/20307.png
441.005859375	0.0	image/331	331	225795	nsd/25588.png
441.833984375	0.0	image/336	336	226219	nsd/25741.png
442.6171875	0.0	image/357	357	226620	nsd/26990.png
443.3828125	0.0	image/264	264	227012	nsd/21553.png
444.18359375	0.0	image/292	292	227422	nsd/23036.png
444.966796875	0.0	image/299	299	227823	nsd/23883.png
445.78515625	0.0	image/358	358	228242	nsd/27242.png
446.57421875	0.0	image/272	272	228646	nsd/22263.png
447.40234375	0.0	image/285	285	229070	nsd/22845.png
449.025390625	0.0	image/278	278	229901	nsd/22530.png
449.841796875	0.0	image/300	300	230319	nsd/23993.png
450.625	0.0	image/274	274	230720	nsd/22495.png
452.2421875	0.0	image/259	259	231548	nsd/21253.png
453.0703125	0.0	image/277	277	231972	nsd/22523.png
453.873046875	0.0	image/340	340	232383	nsd/25959.png
454.6875	0.0	image/288	288	232800	nsd/22886.png
455.486328125	0.0	image/322	322	233209	nsd/25284.png
456.29296875	0.0	image/360	360	233622	nsd/27287.png
457.103515625	0.0	image/339	339	234037	nsd/25906.png
457.927734375	0.0	image/286	286	234459	nsd/22873.png
458.7265625	0.0	image/245	245	234868	nsd/20265.png
459.505859375	0.0	image/267	267	235267	nsd/21950.png
460.291015625	0.0	image/360	360	235669	nsd/27287.png
461.111328125	0.0	image/317	317	236089	nsd/25091.png
461.94140625	0.0	image/335	335	236514	nsd/25711.png
462.712890625	0.0	image/263	263	236909	nsd/21526.png
463.541015625	0.0	image/315	315	237333	nsd/24846.png
464.36328125	0.0	image/254	254	237754	nsd/21108.png
465.142578125	0.0	image/302	302	238153	nsd/24214.png
465.939453125	0.0	image/281	281	238561	nsd/22772.png
466.74609375	0.0	image/266	266	238974	nsd/21703.png
467.556640625	0.0	image/278	278	239389	nsd/22530.png
468.359375	0.0	image/280	280	239800	nsd/22587.png
469.125	0.0	image/257	257	240192	nsd/21197.png
469.947265625	0.0	image/294	294	240613	nsd/23492.png
470.7421875	0.0	image/319	319	241020	nsd/25205.png
471.548828125	0.0	image/271	271	241433	nsd/22155.png
472.359375	0.0	image/349	349	241848	nsd/26435.png
473.125	0.0	image/318	318	242240	nsd/25111.png
473.931640625	0.0	image/350	350	242653	nsd/26458.png
474.732421875	0.0	image/321	321	243063	nsd/25268.png
475.515625	0.0	image/255	255	243464	nsd/21192.png
476.30859375	0.0	image/301	301	243870	nsd/24202.png
477.083984375	0.0	image/285	285	244267	nsd/22845.png
477.8671875	0.0	image/249	249	244668	nsd/20650.png
478.650390625	0.0	image/241	241	245069	nsd/20064.png
480.25	0.0	image/277	277	245888	nsd/22523.png
481.046875	0.0	image/290	290	246296	nsd/22967.png
481.8671875	0.0	image/282	282	246716	nsd/22782.png
483.484375	0.0	image/293	293	247544	nsd/23241.png
484.267578125	0.0	image/337	337	247945	nsd/25746.png
485.869140625	0.0	image/341	341	248765	nsd/26119.png
486.697265625	0.0	image/326	326	249189	nsd/25371.png
487.462890625	0.0	image/338	338	249581	nsd/25881.png
488.267578125	0.0	image/356	356	249993	nsd/26971.png
489.052734375	0.0	image/318	318	250395	nsd/25111.png
489.880859375	0.0	image/294	294	250819	nsd/23492.png
490.6484375	0.0	image/310	310	251212	nsd/24640.png
491.453125	0.0	image/328	328	251624	nsd/25570.png
492.265625	0.0	image/320	320	252040	nsd/25250.png
493.048828125	0.0	image/323	323	252441	nsd/25287.png
493.85546875	0.0	image/348	348	252854	nsd/26372.png
494.638671875	0.0	image/273	273	253255	nsd/22387.png
495.47265625	0.0	image/245	245	253682	nsd/20265.png
496.265625	0.0	image/250	250	254088	nsd/20702.png
497.833984375	0.0	image/268	268	254891	nsd/21989.png
499.439453125	0.0	image/354	354	255713	nsd/26895.png
500.25	0.0	image/292	292	256128	nsd/23036.png
501.068359375	0.0	image/333	333	256547	nsd/25693.png
501.888671875	0.0	image/258	258	256967	nsd/21218.png
503.541015625	0.0	image/298	298	257813	nsd/23876.png
504.32421875	0.0	image/274	274	258214	nsd/22495.png
505.1015625	0.0	image/354	354	258612	nsd/26895.png
505.90234375	0.0	image/340	340	259022	nsd/25959.png
506.708984375	0.0	image/243	243	259435	nsd/20206.png
507.486328125	0.0	image/288	288	259833	nsd/22886.png
509.076171875	0.0	image/319	319	260647	nsd/25205.png
509.892578125	0.0	image/309	309	261065	nsd/24638.png
510.703125	0.0	image/263	263	261480	nsd/21526.png
511.52734375	0.0	image/295	295	261902	nsd/23715.png
512.359375	0.0	image/286	286	262328	nsd/22873.png
513.177734375	0.0	image/323	323	262747	nsd/25287.png
513.955078125	0.0	image/264	264	263145	nsd/21553.png
515.544921875	0.0	image/333	333	263959	nsd/25693.png
516.357421875	0.0	image/305	305	264375	nsd/24480.png
517.177734375	0.0	image/256	256	264795	nsd/21194.png
518.005859375	0.0	image/349	349	265219	nsd/26435.png
518.828125	0.0	image/269	269	265640	nsd/22138.png
519.640625	0.0	image/313	313	266056	nsd/24740.png
520.423828125	0.0	image/304	304	266457	nsd/24317.png
521.23046875	0.0	image/306	306	266870	nsd/24517.png
522.0234375	0.0	image/296	296	267276	nsd/23729.png
522.791015625	0.0	image/359	359	267669	nsd/27275.png
524.4140625	0.0	image/359	359	268500	nsd/27275.png
525.23046875	0.0	image/259	259	268918	nsd/21253.png
526.013671875	0.0	image/270	270	269319	nsd/22143.png
526.826171875	0.0	image/325	325	269735	nsd/25319.png
527.630859375	0.0	image/297	297	270147	nsd/23871.png
528.44140625	0.0	image/343	343	270562	nsd/26163.png
530.048828125	0.0	image/348	348	271385	nsd/26372.png
530.83203125	0.0	image/310	310	271786	nsd/24640.png
531.609375	0.0	image/314	314	272184	nsd/24787.png
532.376953125	0.0	image/307	307	272577	nsd/24530.png
533.18359375	0.0	image/265	265	272990	nsd/21601.png
534.01171875	0.0	image/330	330	273414	nsd/25581.png
534.80078125	0.0	image/244	244	273818	nsd/20223.png
535.583984375	0.0	image/350	350	274219	nsd/26458.png
536.392578125	0.0	image/275	275	274633	nsd/22505.png
537.201171875	0.0	image/329	329	275047	nsd/25578.png
538.029296875	0.0	image/344	344	275471	nsd/26243.png
538.8515625	0.0	image/275	275	275892	nsd/22505.png
539.662109375	0.0	image/316	316	276307	nsd/25059.png
540.4296875	0.0	image/312	312	276700	nsd/24739.png
541.212890625	0.0	image/342	342	277101	nsd/26127.png
542.03515625	0.0	image/289	289	277522	nsd/22957.png
542.830078125	0.0	image/334	334	277929	nsd/25702.png
544.470703125	0.0	image/247	247	278769	nsd/20442.png
545.287109375	0.0	image/324	324	279187	nsd/25318.png
546.09765625	0.0	image/302	302	279602	nsd/24214.png
546.865234375	0.0	image/353	353	279995	nsd/26780.png
547.650390625	0.0	image/338	338	280397	nsd/25881.png
548.470703125	0.0	image/303	303	280817	nsd/24264.png
549.248046875	0.0	image/300	300	281215	nsd/23993.png
550.05078125	0.0	image/258	258	281626	nsd/21218.png
551.623046875	0.0	image/268	268	282431	nsd/21989.png
552.43359375	0.0	image/320	320	282846	nsd/25250.png
553.255859375	0.0	image/260	260	283267	nsd/21279.png
554.05078125	0.0	image/290	290	283674	nsd/22967.png
554.85546875	0.0	image/257	257	284086	nsd/21197.png
555.66796875	0.0	image/273	273	284502	nsd/22387.png
556.466796875	0.0	image/256	256	284911	nsd/21194.png
557.2734375	0.0	image/306	306	285324	nsd/24517.png
558.107421875	0.0	image/332	332	285751	nsd/25602.png
558.94140625	0.0	image/266	266	286178	nsd/21703.png
559.7578125	0.0	image/347	347	286596	nsd/26351.png
560.541015625	0.0	image/279	279	286997	nsd/22585.png
561.3515625	0.0	image/246	246	287412	nsd/20307.png
562.17578125	0.0	image/280	280	287834	nsd/22587.png
562.958984375	0.0	image/355	355	288235	nsd/26909.png
563.736328125	0.0	image/345	345	288633	nsd/26292.png
564.50390625	0.0	image/358	358	289026	nsd/27242.png
565.326171875	0.0	image/267	267	289447	nsd/21950.png
566.142578125	0.0	image/248	248	289865	nsd/20633.png
566.9375	0.0	image/249	249	290272	nsd/20650.png
567.744140625	0.0	image/312	312	290685	nsd/24739.png
568.52734375	0.0	image/260	260	291086	nsd/21279.png
569.361328125	0.0	image/337	337	291513	nsd/25746.png
570.177734375	0.0	image/311	311	291931	nsd/24649.png
570.990234375	0.0	image/261	261	292347	nsd/21318.png
571.794921875	0.0	image/334	334	292759	nsd/25702.png
572.572265625	0.0	image/328	328	293157	nsd/25570.png
573.35546875	0.0	image/252	252	293558	nsd/20777.png
574.162109375	0.0	image/331	331	293971	nsd/25588.png
574.9453125	0.0	image/287	287	294372	nsd/22879.png
575.76171875	0.0	image/351	351	294790	nsd/26598.png
577.357421875	0.0	image/293	293	295607	nsd/23241.png
578.1640625	0.0	image/321	321	296020	nsd/25268.png
579.759765625	0.0	image/346	346	296837	nsd/26307.png
580.53125	0.0	image/353	353	297232	nsd/26780.png
581.34765625	0.0	image/305	305	297650	nsd/24480.png
582.158203125	0.0	image/326	326	298065	nsd/25371.png
583.748046875	0.0	image/342	342	298879	nsd/26127.png
584.54296875	0.0	image/336	336	299286	nsd/25741.png
585.34375	0.0	image/316	316	299696	nsd/25059.png
586.1484375	0.0	image/308	308	300108	nsd/24560.png
586.9609375	0.0	image/303	303	300524	nsd/24264.png
587.748046875	0.0	image/346	346	300927	nsd/26307.png
588.533203125	0.0	image/247	247	301329	nsd/20442.png
589.361328125	0.0	image/243	243	301753	nsd/20206.png
590.150390625	0.0	image/279	279	302157	nsd/22585.png
590.9453125	0.0	image/295	295	302564	nsd/23715.png
591.728515625	0.0	image/251	251	302965	nsd/20738.png
592.55078125	0.0	image/332	332	303386	nsd/25602.png
594.14453125	0.0	image/322	322	304202	nsd/25284.png
594.951171875	0.0	image/276	276	304615	nsd/22515.png
595.74609375	0.0	image/287	287	305022	nsd/22879.png
596.52734375	0.0	image/248	248	305422	nsd/20633.png
597.3515625	0.0	image/253	253	305844	nsd/20820.png
598.12890625	0.0	image/347	347	306242	nsd/26351.png
598.896484375	0.0	image/341	341	306635	nsd/26119.png
599.6875	0.0	image/281	281	307040	nsd/22772.png
600.46875	0.0	image/262	262	307440	nsd/21508.png
601.25390625	0.0	image/269	269	307842	nsd/22138.png
602.87109375	0.0	image/253	253	308670	nsd/20820.png
603.654296875	0.0	image/345	345	309071	nsd/26292.png
604.44921875	0.0	image/343	343	309478	nsd/26163.png
605.248046875	0.0	image/329	329	309887	nsd/25578.png
606.021484375	0.0	image/299	299	310283	nsd/23883.png
606.85546875	0.0	image/307	307	310710	nsd/24530.png
607.65625	0.0	image/356	356	311120	nsd/26971.png
608.455078125	0.0	image/304	304	311529	nsd/24317.png
609.267578125	0.0	image/298	298	311945	nsd/23876.png
610.072265625	0.0	image/309	309	312357	nsd/24638.png
610.8671875	0.0	image/330	330	312764	nsd/25581.png
611.634765625	0.0	image/315	315	313157	nsd/24846.png
612.419921875	0.0	image/276	276	313559	nsd/22515.png
613.19140625	0.0	image/327	327	313954	nsd/25454.png
613.974609375	0.0	image/283	283	314355	nsd/22794.png
614.76953125	0.0	image/352	352	314762	nsd/26720.png
615.568359375	0.0	image/284	284	315171	nsd/22809.png
616.375	0.0	image/242	242	315584	nsd/20080.png
617.158203125	0.0	image/314	314	315985	nsd/24787.png
617.94140625	0.0	image/355	355	316386	nsd/26909.png
618.71875	0.0	image/313	313	316784	nsd/24740.png
619.509765625	0.0	image/301	301	317189	nsd/24202.png
620.3203125	0.0	image/308	308	317604	nsd/24560.png
621.142578125	0.0	image/289	289	318025	nsd/22957.png
621.92578125	0.0	image/255	255	318426	nsd/21192.png
622.703125	0.0	image/283	283	318824	nsd/22794.png
623.470703125	0.0	image/317	317	319217	nsd/25091.png
624.29296875	0.0	image/282	282	319638	nsd/22782.png
625.087890625	0.0	image/311	311	320045	nsd/24649.png
625.890625	0.0	image/344	344	320456	nsd/26243.png
626.705078125	0.0	image/351	351	320873	nsd/26598.png
627.521484375	0.0	image/324	324	321291	nsd/25318.png
628.294921875	0.0	image/244	244	321687	nsd/20223.png
629.10546875	0.0	image/271	271	322102	nsd/22155.png
629.896484375	0.0	image/284	284	322507	nsd/22809.png
630.6953125	0.0	image/251	251	322916	nsd/20738.png
631.478515625	0.0	image/242	242	323317	nsd/20080.png
632.291015625	0.0	image/296	296	323733	nsd/23729.png
633.896484375	0.0	image/265	265	324555	nsd/21601.png
634.708984375	0.0	image/241	241	324971	nsd/20064.png
636.314453125	0.0	image/250	250	325793	nsd/20702.png
637.115234375	0.0	image/297	297	326203	nsd/23871.png
637.8984375	0.0	image/327	327	326604	nsd/25454.png
638.708984375	0.0	image/254	254	327019	nsd/21108.png
639.548828125	0.0	image/272	272	327449	nsd/22263.png
640.341796875	0.0	image/261	261	327855	nsd/21318.png
641.166015625	0.0	image/352	352	328277	nsd/26720.png
641.96484375	0.0	image/291	291	328686	nsd/22993.png
642.744140625	0.0	image/339	339	329085	nsd/25906.png
643.548828125	0.0	image/291	291	329497	nsd/22993.png
644.333984375	0.0	image/252	252	329899	nsd/20777.png
645.109375	0.0	image/270	270	330296	nsd/22143.png
645.91015625	0.0	image/262	262	330706	nsd/21508.png
652.64453125	0.0	image/434	434	334154	nsd/32303.png
653.4609375	0.0	image/402	402	334572	nsd/30081.png
654.244140625	0.0	image/444	444	334973	nsd/33131.png
655.0625	0.0	image/442	442	335392	nsd/32891.png
655.845703125	0.0	image/468	468	335793	nsd/35094.png
656.638671875	0.0	image/422	422	336199	nsd/31233.png
657.40625	0.0	image/469	469	336592	nsd/35129.png
658.19140625	0.0	image/452	452	336994	nsd/33813.png
658.99609375	0.0	image/460	460	337406	nsd/34418.png
659.82421875	0.0	image/463	463	337830	nsd/34829.png
660.646484375	0.0	image/430	430	338251	nsd/31936.png
661.447265625	0.0	image/476	476	338661	nsd/36258.png
662.2421875	0.0	image/439	439	339068	nsd/32771.png
663.025390625	0.0	image/428	428	339469	nsd/31801.png
663.796875	0.0	image/470	470	339864	nsd/35743.png
664.609375	0.0	image/377	377	340280	nsd/28341.png
665.396484375	0.0	image/464	464	340683	nsd/34845.png
666.21484375	0.0	image/414	414	341102	nsd/30887.png
667.009765625	0.0	image/405	405	341509	nsd/30407.png
667.83203125	0.0	image/435	435	341930	nsd/32307.png
668.615234375	0.0	image/429	429	342331	nsd/31837.png
670.232421875	0.0	image/408	408	343159	nsd/30601.png
671.060546875	0.0	image/377	377	343583	nsd/28341.png
671.8671875	0.0	image/411	411	343996	nsd/30674.png
672.701171875	0.0	image/424	424	344423	nsd/31446.png
673.533203125	0.0	image/363	363	344849	nsd/27568.png
674.310546875	0.0	image/443	443	345247	nsd/32910.png
675.095703125	0.0	image/456	456	345649	nsd/34089.png
675.90234375	0.0	image/437	437	346062	nsd/32643.png
676.6796875	0.0	image/465	465	346460	nsd/34850.png
677.4453125	0.0	image/433	433	346852	nsd/32232.png
678.2109375	0.0	image/376	376	347244	nsd/28325.png
678.98046875	0.0	image/401	401	347638	nsd/29980.png
679.767578125	0.0	image/373	373	348041	nsd/28286.png
680.552734375	0.0	image/371	371	348443	nsd/28159.png
681.34765625	0.0	image/453	453	348850	nsd/33906.png
682.169921875	0.0	image/464	464	349271	nsd/34845.png
682.96484375	0.0	image/426	426	349678	nsd/31747.png
683.763671875	0.0	image/472	472	350087	nsd/35790.png
684.5703125	0.0	image/379	379	350500	nsd/28418.png
686.138671875	0.0	image/477	477	351303	nsd/36476.png
686.935546875	0.0	image/396	396	351711	nsd/29680.png
687.732421875	0.0	image/429	429	352119	nsd/31837.png
688.517578125	0.0	image/409	409	352521	nsd/30632.png
689.337890625	0.0	image/388	388	352941	nsd/28898.png
690.1484375	0.0	image/423	423	353356	nsd/31349.png
690.93359375	0.0	image/393	393	353758	nsd/29568.png
691.69921875	0.0	image/445	445	354150	nsd/33171.png
692.490234375	0.0	image/473	473	354555	nsd/35798.png
693.2734375	0.0	image/410	410	354956	nsd/30672.png
694.107421875	0.0	image/364	364	355383	nsd/27580.png
694.890625	0.0	image/394	394	355784	nsd/29660.png
695.66796875	0.0	image/387	387	356182	nsd/28788.png
696.435546875	0.0	image/383	383	356575	nsd/28689.png
697.23828125	0.0	image/403	403	356986	nsd/30373.png
698.025390625	0.0	image/408	408	357389	nsd/30601.png
698.8359375	0.0	image/412	412	357804	nsd/30847.png
700.42578125	0.0	image/446	446	358618	nsd/33189.png
701.208984375	0.0	image/371	371	359019	nsd/28159.png
702.00390625	0.0	image/479	479	359426	nsd/36576.png
702.826171875	0.0	image/418	418	359847	nsd/31028.png
703.619140625	0.0	image/397	397	360253	nsd/29711.png
704.404296875	0.0	image/385	385	360655	nsd/28751.png
705.2265625	0.0	image/420	420	361076	nsd/31064.png
706.876953125	0.0	image/436	436	361921	nsd/32625.png
707.654296875	0.0	image/398	398	362319	nsd/29837.png
708.4375	0.0	image/425	425	362720	nsd/31659.png
709.20703125	0.0	image/361	361	363114	nsd/27326.png
709.994140625	0.0	image/475	475	363517	nsd/36067.png
710.822265625	0.0	image/450	450	363941	nsd/33543.png
711.60546875	0.0	image/368	368	364342	nsd/28024.png
713.228515625	0.0	image/428	428	365173	nsd/31801.png
714.009765625	0.0	image/401	401	365573	nsd/29980.png
714.82421875	0.0	image/374	374	365990	nsd/28303.png
715.623046875	0.0	image/362	362	366399	nsd/27435.png
716.4296875	0.0	image/373	373	366812	nsd/28286.png
717.240234375	0.0	image/431	431	367227	nsd/31964.png
718.0078125	0.0	image/387	387	367620	nsd/28788.png
719.6484375	0.0	image/432	432	368460	nsd/32053.png
720.46484375	0.0	image/467	467	368878	nsd/34975.png
721.248046875	0.0	image/418	418	369279	nsd/31028.png
722.076171875	0.0	image/366	366	369703	nsd/27878.png
723.69921875	0.0	image/370	370	370534	nsd/28096.png
724.533203125	0.0	image/376	376	370961	nsd/28325.png
725.34375	0.0	image/388	388	371376	nsd/28898.png
726.166015625	0.0	image/448	448	371797	nsd/33289.png
726.943359375	0.0	image/381	381	372195	nsd/28524.png
727.7109375	0.0	image/477	477	372588	nsd/36476.png
728.51171875	0.0	image/372	372	372998	nsd/28189.png
729.318359375	0.0	image/406	406	373411	nsd/30430.png
730.12890625	0.0	image/446	446	373826	nsd/33189.png
730.93359375	0.0	image/463	463	374238	nsd/34829.png
731.734375	0.0	image/390	390	374648	nsd/29010.png
732.517578125	0.0	image/382	382	375049	nsd/28595.png
734.1015625	0.0	image/426	426	375860	nsd/31747.png
734.9296875	0.0	image/454	454	376284	nsd/34068.png
735.73046875	0.0	image/403	403	376694	nsd/30373.png
736.529296875	0.0	image/424	424	377103	nsd/31446.png
737.296875	0.0	image/478	478	377496	nsd/36569.png
738.099609375	0.0	image/365	365	377907	nsd/27830.png
739.720703125	0.0	image/374	374	378737	nsd/28303.png
740.5546875	0.0	image/419	419	379164	nsd/31049.png
741.33203125	0.0	image/472	472	379562	nsd/35790.png
742.099609375	0.0	image/405	405	379955	nsd/30407.png
742.904296875	0.0	image/398	398	380367	nsd/29837.png
743.705078125	0.0	image/378	378	380777	nsd/28349.png
744.5	0.0	image/480	480	381184	nsd/36623.png
745.3046875	0.0	image/452	452	381596	nsd/33813.png
746.1171875	0.0	image/474	474	382012	nsd/35986.png
746.91796875	0.0	image/450	450	382422	nsd/33543.png
747.72265625	0.0	image/417	417	382834	nsd/30954.png
748.498046875	0.0	image/365	365	383231	nsd/27830.png
749.2734375	0.0	image/381	381	383628	nsd/28524.png
750.0546875	0.0	image/367	367	384028	nsd/27972.png
750.873046875	0.0	image/399	399	384447	nsd/29886.png
751.65234375	0.0	image/455	455	384846	nsd/34080.png
752.41796875	0.0	image/406	406	385238	nsd/30430.png
753.20703125	0.0	image/459	459	385642	nsd/34238.png
754.03515625	0.0	image/471	471	386066	nsd/35752.png
754.802734375	0.0	image/404	404	386459	nsd/30395.png
755.587890625	0.0	image/425	425	386861	nsd/31659.png
757.208984375	0.0	image/361	361	387691	nsd/27326.png
758.810546875	0.0	image/383	383	388511	nsd/28689.png
760.37109375	0.0	image/438	438	389310	nsd/32716.png
761.91015625	0.0	image/362	362	390098	nsd/27435.png
762.689453125	0.0	image/469	469	390497	nsd/35129.png
763.505859375	0.0	image/443	443	390915	nsd/32910.png
764.294921875	0.0	image/415	415	391319	nsd/30922.png
765.123046875	0.0	image/438	438	391743	nsd/32716.png
765.927734375	0.0	image/437	437	392155	nsd/32643.png
766.7109375	0.0	image/471	471	392556	nsd/35752.png
767.48828125	0.0	image/369	369	392954	nsd/28068.png
768.30859375	0.0	image/434	434	393374	nsd/32303.png
769.9453125	0.0	image/441	441	394212	nsd/32857.png
770.763671875	0.0	image/444	444	394631	nsd/33131.png
771.541015625	0.0	image/402	402	395029	nsd/30081.png
772.32421875	0.0	image/385	385	395430	nsd/28751.png
773.130859375	0.0	image/384	384	395843	nsd/28745.png
773.923828125	0.0	image/415	415	396249	nsd/30922.png
774.708984375	0.0	image/422	422	396651	nsd/31233.png
775.474609375	0.0	image/439	439	397043	nsd/32771.png
776.298828125	0.0	image/456	456	397465	nsd/34089.png
777.091796875	0.0	image/386	386	397871	nsd/28755.png
777.916015625	0.0	image/366	366	398293	nsd/27878.png
778.744140625	0.0	image/449	449	398717	nsd/33521.png
779.548828125	0.0	image/420	420	399129	nsd/31064.png
780.376953125	0.0	image/378	378	399553	nsd/28349.png
781.14453125	0.0	image/447	447	399946	nsd/33245.png
781.94921875	0.0	image/461	461	400358	nsd/34603.png
782.77734375	0.0	image/476	476	400782	nsd/36258.png
783.583984375	0.0	image/451	451	401195	nsd/33752.png
785.234375	0.0	image/413	413	402040	nsd/30856.png
786.05078125	0.0	image/396	396	402458	nsd/29680.png
786.884765625	0.0	image/391	391	402885	nsd/29021.png
787.6953125	0.0	image/479	479	403300	nsd/36576.png
788.478515625	0.0	image/400	400	403701	nsd/29919.png
789.28515625	0.0	image/449	449	404114	nsd/33521.png
790.080078125	0.0	image/455	455	404521	nsd/34080.png
790.87890625	0.0	image/436	436	404930	nsd/32625.png
791.669921875	0.0	image/468	468	405335	nsd/35094.png
792.453125	0.0	image/395	395	405736	nsd/29663.png
793.23046875	0.0	image/462	462	406134	nsd/34751.png
793.998046875	0.0	image/478	478	406527	nsd/36569.png
794.8203125	0.0	image/368	368	406948	nsd/28024.png
795.603515625	0.0	image/480	480	407349	nsd/36623.png
796.4375	0.0	image/430	430	407776	nsd/31936.png
797.23828125	0.0	image/473	473	408186	nsd/35798.png
798.015625	0.0	image/370	370	408584	nsd/28096.png
798.798828125	0.0	image/435	435	408985	nsd/32307.png
799.587890625	0.0	image/413	413	409389	nsd/30856.png
800.37109375	0.0	image/397	397	409790	nsd/29711.png
801.185546875	0.0	image/427	427	410207	nsd/31782.png
802.7734375	0.0	image/465	465	411020	nsd/34850.png
803.56640625	0.0	image/445	445	411426	nsd/33171.png
804.369140625	0.0	image/416	416	411837	nsd/30935.png
805.140625	0.0	image/466	466	412232	nsd/34874.png
805.966796875	0.0	image/380	380	412655	nsd/28487.png
806.734375	0.0	image/459	459	413048	nsd/34238.png
807.505859375	0.0	image/432	432	413443	nsd/32053.png
808.32421875	0.0	image/379	379	413862	nsd/28418.png
809.134765625	0.0	image/448	448	414277	nsd/33289.png
809.927734375	0.0	image/440	440	414683	nsd/32772.png
810.708984375	0.0	image/411	411	415083	nsd/30674.png
811.51953125	0.0	image/423	423	415498	nsd/31349.png
812.341796875	0.0	image/410	410	415919	nsd/30672.png
813.119140625	0.0	image/363	363	416317	nsd/27568.png
813.88671875	0.0	image/470	470	416710	nsd/35743.png
814.669921875	0.0	image/386	386	417111	nsd/28755.png
815.4375	0.0	image/364	364	417504	nsd/27580.png
816.25390625	0.0	image/399	399	417922	nsd/29886.png
817.037109375	0.0	image/404	404	418323	nsd/30395.png
818.658203125	0.0	image/421	421	419153	nsd/31123.png
819.4765625	0.0	image/392	392	419572	nsd/29381.png
820.294921875	0.0	image/393	393	419991	nsd/29568.png
821.107421875	0.0	image/451	451	420407	nsd/33752.png
822.74609375	0.0	image/369	369	421246	nsd/28068.png
823.5625	0.0	image/454	454	421664	nsd/34068.png
824.345703125	0.0	image/419	419	422065	nsd/31049.png
825.140625	0.0	image/431	431	422472	nsd/31964.png
826.740234375	0.0	image/467	467	423291	nsd/34975.png
827.5078125	0.0	image/409	409	423684	nsd/30632.png
828.330078125	0.0	image/462	462	424105	nsd/34751.png
829.158203125	0.0	image/412	412	424529	nsd/30847.png
829.947265625	0.0	image/475	475	424933	nsd/36067.png
830.73046875	0.0	image/372	372	425334	nsd/28189.png
831.515625	0.0	image/414	414	425736	nsd/30887.png
832.29296875	0.0	image/389	389	426134	nsd/28963.png
833.05859375	0.0	image/367	367	426526	nsd/27972.png
833.828125	0.0	image/416	416	426920	nsd/30935.png
834.6328125	0.0	image/382	382	427332	nsd/28595.png
836.19921875	0.0	image/400	400	428134	nsd/29919.png
837.033203125	0.0	image/389	389	428561	nsd/28963.png
837.84375	0.0	image/458	458	428976	nsd/34186.png
839.451171875	0.0	image/407	407	429799	nsd/30563.png
840.265625	0.0	image/391	391	430216	nsd/29021.png
841.05078125	0.0	image/457	457	430618	nsd/34126.png
841.833984375	0.0	image/440	440	431019	nsd/32772.png
842.6484375	0.0	image/466	466	431436	nsd/34874.png
843.462890625	0.0	image/427	427	431853	nsd/31782.png
844.26171875	0.0	image/433	433	432262	nsd/32232.png
845.068359375	0.0	image/453	453	432675	nsd/33906.png
845.86328125	0.0	image/407	407	433082	nsd/30563.png
847.501953125	0.0	image/417	417	433921	nsd/30954.png
848.314453125	0.0	image/375	375	434337	nsd/28319.png
849.12109375	0.0	image/394	394	434750	nsd/29660.png
849.9375	0.0	image/441	441	435168	nsd/32857.png
850.71484375	0.0	image/392	392	435566	nsd/29381.png
851.486328125	0.0	image/474	474	435961	nsd/35986.png
852.287109375	0.0	image/447	447	436371	nsd/33245.png
853.09765625	0.0	image/442	442	436786	nsd/32891.png
853.8671875	0.0	image/380	380	437180	nsd/28487.png
854.681640625	0.0	image/460	460	437597	nsd/34418.png
855.5	0.0	image/395	395	438016	nsd/29663.png
856.322265625	0.0	image/457	457	438437	nsd/34126.png
857.150390625	0.0	image/461	461	438861	nsd/34603.png
857.916015625	0.0	image/384	384	439253	nsd/28745.png
858.70703125	0.0	image/375	375	439658	nsd/28319.png
860.283203125	0.0	image/390	390	440465	nsd/29010.png
861.08984375	0.0	image/421	421	440878	nsd/31123.png
861.923828125	0.0	image/458	458	441305	nsd/34186.png
870.08984375	0.0	image/482	482	445486	nsd/36682.png
870.892578125	0.0	image/481	481	445897	nsd/36629.png
871.71484375	0.0	image/485	485	446318	nsd/36910.png
873.326171875	0.0	image/570	570	447143	nsd/42851.png
874.8984375	0.0	image/597	597	447948	nsd/44097.png
875.728515625	0.0	image/557	557	448373	nsd/42126.png
876.533203125	0.0	image/518	518	448785	nsd/39289.png
877.310546875	0.0	image/569	569	449183	nsd/42781.png
878.119140625	0.0	image/515	515	449597	nsd/39047.png
878.9453125	0.0	image/556	556	450020	nsd/42007.png
879.744140625	0.0	image/571	571	450429	nsd/42912.png
880.55078125	0.0	image/561	561	450842	nsd/42224.png
881.361328125	0.0	image/596	596	451257	nsd/44052.png
882.185546875	0.0	image/558	558	451679	nsd/42166.png
883.779296875	0.0	image/552	552	452495	nsd/41778.png
884.5859375	0.0	image/592	592	452908	nsd/43820.png
885.396484375	0.0	image/485	485	453323	nsd/36910.png
886.1796875	0.0	image/555	555	453724	nsd/41934.png
886.96875	0.0	image/507	507	454128	nsd/38486.png
887.75390625	0.0	image/574	574	454530	nsd/43107.png
888.537109375	0.0	image/570	570	454931	nsd/42851.png
889.353515625	0.0	image/517	517	455349	nsd/39095.png
890.154296875	0.0	image/566	566	455759	nsd/42642.png
890.931640625	0.0	image/500	500	456157	nsd/38060.png
891.705078125	0.0	image/532	532	456553	nsd/40721.png
892.50390625	0.0	image/490	490	456962	nsd/37221.png
893.287109375	0.0	image/593	593	457363	nsd/43852.png
894.099609375	0.0	image/572	572	457779	nsd/42946.png
894.888671875	0.0	image/492	492	458183	nsd/37436.png
895.671875	0.0	image/599	599	458584	nsd/44138.png
896.44921875	0.0	image/502	502	458982	nsd/38278.png
898.0390625	0.0	image/495	495	459796	nsd/37736.png
898.833984375	0.0	image/600	600	460203	nsd/44144.png
899.63671875	0.0	image/508	508	460614	nsd/38494.png
900.45703125	0.0	image/492	492	461034	nsd/37436.png
901.28515625	0.0	image/481	481	461458	nsd/36629.png
902.107421875	0.0	image/513	513	461879	nsd/38853.png
903.6875	0.0	image/522	522	462688	nsd/39509.png
904.474609375	0.0	image/506	506	463091	nsd/38483.png
905.302734375	0.0	image/512	512	463515	nsd/38829.png
906.125	0.0	image/525	525	463936	nsd/39841.png
906.935546875	0.0	image/581	581	464351	nsd/43288.png
907.759765625	0.0	image/554	554	464773	nsd/41927.png
908.54296875	0.0	image/484	484	465174	nsd/36759.png
909.326171875	0.0	image/580	580	465575	nsd/43250.png
910.13671875	0.0	image/582	582	465990	nsd/43428.png
911.744140625	0.0	image/520	520	466813	nsd/39369.png
912.541015625	0.0	image/521	521	467221	nsd/39402.png
913.318359375	0.0	image/562	562	467619	nsd/42238.png
914.140625	0.0	image/486	486	468040	nsd/36945.png
914.927734375	0.0	image/500	500	468443	nsd/38060.png
915.7109375	0.0	image/567	567	468844	nsd/42648.png
916.505859375	0.0	image/577	577	469251	nsd/43159.png
917.345703125	0.0	image/515	515	469681	nsd/39047.png
918.138671875	0.0	image/572	572	470087	nsd/42946.png
918.962890625	0.0	image/596	596	470509	nsd/44052.png
919.7734375	0.0	image/551	551	470924	nsd/41710.png
920.57421875	0.0	image/557	557	471334	nsd/42126.png
921.345703125	0.0	image/578	578	471729	nsd/43164.png
922.130859375	0.0	image/547	547	472131	nsd/41566.png
922.9140625	0.0	image/511	511	472532	nsd/38817.png
923.69140625	0.0	image/537	537	472930	nsd/40920.png
924.498046875	0.0	image/578	578	473343	nsd/43164.png
925.30859375	0.0	image/529	529	473758	nsd/40423.png
926.126953125	0.0	image/507	507	474177	nsd/38486.png
926.931640625	0.0	image/595	595	474589	nsd/43984.png
927.7421875	0.0	image/528	528	475004	nsd/40235.png
928.548828125	0.0	image/518	518	475417	nsd/39289.png
929.365234375	0.0	image/598	598	475835	nsd/44107.png
930.181640625	0.0	image/597	597	476253	nsd/44097.png
931.015625	0.0	image/536	536	476680	nsd/40909.png
931.83203125	0.0	image/487	487	477098	nsd/36974.png
932.64453125	0.0	image/589	589	477514	nsd/43689.png
933.443359375	0.0	image/599	599	477923	nsd/44138.png
934.216796875	0.0	image/565	565	478319	nsd/42563.png
935.017578125	0.0	image/525	525	478729	nsd/39841.png
935.84765625	0.0	image/516	516	479154	nsd/39058.png
936.662109375	0.0	image/523	523	479571	nsd/39547.png
937.462890625	0.0	image/488	488	479981	nsd/36978.png
938.28515625	0.0	image/514	514	480402	nsd/38978.png
939.0859375	0.0	image/511	511	480812	nsd/38817.png
939.91796875	0.0	image/575	575	481238	nsd/43156.png
940.74609375	0.0	image/503	503	481662	nsd/38297.png
941.513671875	0.0	image/535	535	482055	nsd/40846.png
942.3359375	0.0	image/542	542	482476	nsd/41097.png
943.146484375	0.0	image/571	571	482891	nsd/42912.png
943.953125	0.0	image/594	594	483304	nsd/43950.png
945.603515625	0.0	image/526	526	484149	nsd/39997.png
946.431640625	0.0	image/568	568	484573	nsd/42697.png
947.19921875	0.0	image/497	497	484966	nsd/37927.png
947.966796875	0.0	image/512	512	485359	nsd/38829.png
949.587890625	0.0	image/580	580	486189	nsd/43250.png
950.404296875	0.0	image/585	585	486607	nsd/43465.png
951.216796875	0.0	image/530	530	487023	nsd/40548.png
952.0390625	0.0	image/541	541	487444	nsd/41056.png
952.849609375	0.0	image/483	483	487859	nsd/36731.png
953.654296875	0.0	image/534	534	488271	nsd/40840.png
954.484375	0.0	image/493	493	488696	nsd/37494.png
955.306640625	0.0	image/504	504	489117	nsd/38310.png
956.123046875	0.0	image/542	542	489535	nsd/41097.png
956.935546875	0.0	image/524	524	489951	nsd/39553.png
958.525390625	0.0	image/519	519	490765	nsd/39298.png
959.357421875	0.0	image/537	537	491191	nsd/40920.png
960.958984375	0.0	image/546	546	492011	nsd/41482.png
961.775390625	0.0	image/583	583	492429	nsd/43429.png
962.603515625	0.0	image/503	503	492853	nsd/38297.png
963.408203125	0.0	image/553	553	493265	nsd/41814.png
964.185546875	0.0	image/521	521	493663	nsd/39402.png
964.970703125	0.0	image/559	559	494065	nsd/42171.png
965.736328125	0.0	image/594	594	494457	nsd/43950.png
966.560546875	0.0	image/508	508	494879	nsd/38494.png
968.193359375	0.0	image/560	560	495715	nsd/42214.png
969.021484375	0.0	image/576	576	496139	nsd/43157.png
969.828125	0.0	image/510	510	496552	nsd/38794.png
970.611328125	0.0	image/504	504	496953	nsd/38310.png
971.388671875	0.0	image/550	550	497351	nsd/41653.png
972.173828125	0.0	image/558	558	497753	nsd/42166.png
972.9609375	0.0	image/496	496	498156	nsd/37801.png
973.79296875	0.0	image/544	544	498582	nsd/41137.png
974.58984375	0.0	image/579	579	498990	nsd/43224.png
975.37890625	0.0	image/538	538	499394	nsd/40924.png
976.189453125	0.0	image/567	567	499809	nsd/42648.png
976.9765625	0.0	image/555	555	500212	nsd/41934.png
977.796875	0.0	image/560	560	500632	nsd/42214.png
979.4296875	0.0	image/501	501	501468	nsd/38246.png
981.064453125	0.0	image/575	575	502305	nsd/43156.png
981.892578125	0.0	image/505	505	502729	nsd/38358.png
982.71484375	0.0	image/550	550	503150	nsd/41653.png
983.515625	0.0	image/522	522	503560	nsd/39509.png
984.349609375	0.0	image/499	499	503987	nsd/38025.png
985.142578125	0.0	image/543	543	504393	nsd/41116.png
985.92578125	0.0	image/548	548	504794	nsd/41574.png
986.732421875	0.0	image/533	533	505207	nsd/40770.png
987.560546875	0.0	image/552	552	505631	nsd/41778.png
988.3671875	0.0	image/498	498	506044	nsd/38022.png
989.166015625	0.0	image/556	556	506453	nsd/42007.png
989.947265625	0.0	image/509	509	506853	nsd/38641.png
990.728515625	0.0	image/534	534	507253	nsd/40840.png
991.533203125	0.0	image/592	592	507665	nsd/43820.png
992.345703125	0.0	image/591	591	508081	nsd/43818.png
993.16796875	0.0	image/588	588	508502	nsd/43675.png
993.962890625	0.0	image/595	595	508909	nsd/43984.png
994.76171875	0.0	image/590	590	509318	nsd/43746.png
995.5859375	0.0	image/591	591	509740	nsd/43818.png
996.36328125	0.0	image/527	527	510138	nsd/40153.png
997.18359375	0.0	image/561	561	510558	nsd/42224.png
997.96875	0.0	image/517	517	510960	nsd/39095.png
998.796875	0.0	image/545	545	511384	nsd/41162.png
999.56640625	0.0	image/583	583	511778	nsd/43429.png
1000.380859375	0.0	image/498	498	512195	nsd/38022.png
1001.169921875	0.0	image/582	582	512599	nsd/43428.png
1001.947265625	0.0	image/535	535	512997	nsd/40846.png
1002.771484375	0.0	image/497	497	513419	nsd/37927.png
1003.548828125	0.0	image/585	585	513817	nsd/43465.png
1004.333984375	0.0	image/586	586	514219	nsd/43500.png
1005.1171875	0.0	image/590	590	514620	nsd/43746.png
1005.888671875	0.0	image/488	488	515015	nsd/36978.png
1006.716796875	0.0	image/566	566	515439	nsd/42642.png
1007.521484375	0.0	image/543	543	515851	nsd/41116.png
1008.306640625	0.0	image/528	528	516253	nsd/40235.png
1009.111328125	0.0	image/587	587	516665	nsd/43619.png
1009.939453125	0.0	image/576	576	517089	nsd/43157.png
1010.7734375	0.0	image/544	544	517516	nsd/41137.png
1011.556640625	0.0	image/538	538	517917	nsd/40924.png
1012.3515625	0.0	image/564	564	518324	nsd/42473.png
1013.123046875	0.0	image/482	482	518719	nsd/36682.png
1013.935546875	0.0	image/526	526	519135	nsd/39997.png
1014.740234375	0.0	image/499	499	519547	nsd/38025.png
1015.5703125	0.0	image/509	509	519972	nsd/38641.png
1016.375	0.0	image/489	489	520384	nsd/37059.png
1017.158203125	0.0	image/486	486	520785	nsd/36945.png
1017.9921875	0.0	image/529	529	521212	nsd/40423.png
1018.802734375	0.0	image/579	579	521627	nsd/43224.png
1019.5859375	0.0	image/489	489	522028	nsd/37059.png
1020.375	0.0	image/548	548	522432	nsd/41574.png
1021.16015625	0.0	image/545	545	522834	nsd/41162.png
1021.943359375	0.0	image/586	586	523235	nsd/43500.png
1022.73828125	0.0	image/527	527	523642	nsd/40153.png
1024.328125	0.0	image/484	484	524456	nsd/36759.png
1025.16015625	0.0	image/573	573	524882	nsd/42980.png
1025.9453125	0.0	image/491	491	525284	nsd/37224.png
1026.755859375	0.0	image/568	568	525699	nsd/42697.png
1027.560546875	0.0	image/493	493	526111	nsd/37494.png
1028.361328125	0.0	image/531	531	526521	nsd/40575.png
1029.193359375	0.0	image/523	523	526947	nsd/39547.png
1029.978515625	0.0	image/490	490	527349	nsd/37221.png
1030.7734375	0.0	image/563	563	527756	nsd/42299.png
1031.556640625	0.0	image/506	506	528157	nsd/38483.png
1033.1640625	0.0	image/549	549	528980	nsd/41623.png
1033.95703125	0.0	image/569	569	529386	nsd/42781.png
1034.724609375	0.0	image/495	495	529779	nsd/37736.png
1035.498046875	0.0	image/546	546	530175	nsd/41482.png
1036.28125	0.0	image/587	587	530576	nsd/43619.png
1037.05859375	0.0	image/574	574	530974	nsd/43107.png
1037.859375	0.0	image/540	540	531384	nsd/40979.png
1038.6640625	0.0	image/483	483	531796	nsd/36731.png
1039.46484375	0.0	image/547	547	532206	nsd/41566.png
1041.115234375	0.0	image/562	562	533051	nsd/42238.png
1041.931640625	0.0	image/553	553	533469	nsd/41814.png
1042.765625	0.0	image/577	577	533896	nsd/43159.png
1043.56640625	0.0	image/531	531	534306	nsd/40575.png
1044.361328125	0.0	image/581	581	534713	nsd/43288.png
1045.984375	0.0	image/598	598	535544	nsd/44107.png
1046.794921875	0.0	image/513	513	535959	nsd/38853.png
1047.578125	0.0	image/540	540	536360	nsd/40979.png
1049.21875	0.0	image/564	564	537200	nsd/42473.png
1050.05078125	0.0	image/487	487	537626	nsd/36974.png
1050.86328125	0.0	image/505	505	538042	nsd/38358.png
1051.65234375	0.0	image/516	516	538446	nsd/39058.png
1052.462890625	0.0	image/600	600	538861	nsd/44144.png
1053.28515625	0.0	image/565	565	539282	nsd/42563.png
1054.080078125	0.0	image/532	532	539689	nsd/40721.png
1054.853515625	0.0	image/524	524	540085	nsd/39553.png
1055.654296875	0.0	image/554	554	540495	nsd/41927.png
1056.4375	0.0	image/549	549	540896	nsd/41623.png
1057.23046875	0.0	image/593	593	541302	nsd/43852.png
1058.021484375	0.0	image/584	584	541707	nsd/43445.png
1058.814453125	0.0	image/589	589	542113	nsd/43689.png
1059.587890625	0.0	image/514	514	542509	nsd/38978.png
1060.416015625	0.0	image/536	536	542933	nsd/40909.png
1061.216796875	0.0	image/501	501	543343	nsd/38246.png
1062.771484375	0.0	image/541	541	544139	nsd/41056.png
1064.40625	0.0	image/491	491	544976	nsd/37224.png
1065.185546875	0.0	image/502	502	545375	nsd/38278.png
1065.984375	0.0	image/551	551	545784	nsd/41710.png
1066.80078125	0.0	image/559	559	546202	nsd/42171.png
1067.6171875	0.0	image/533	533	546620	nsd/40770.png
1068.423828125	0.0	image/519	519	547033	nsd/39298.png
1070.05859375	0.0	image/530	530	547870	nsd/40548.png
1070.8515625	0.0	image/588	588	548276	nsd/43675.png
1071.65234375	0.0	image/539	539	548686	nsd/40935.png
1072.458984375	0.0	image/494	494	549099	nsd/37608.png
1073.251953125	0.0	image/563	563	549505	nsd/42299.png
1074.07421875	0.0	image/494	494	549926	nsd/37608.png
1074.859375	0.0	image/496	496	550328	nsd/37801.png
1076.4921875	0.0	image/584	584	551164	nsd/43445.png
1077.3046875	0.0	image/520	520	551580	nsd/39369.png
1078.86328125	0.0	image/510	510	552378	nsd/38794.png
1079.64453125	0.0	image/539	539	552778	nsd/40935.png
1081.193359375	0.0	image/573	573	553571	nsd/42980.png
1088.8203125	0.0	image/713	713	557476	nsd/52070.png
1089.603515625	0.0	image/618	618	557877	nsd/45746.png
1090.388671875	0.0	image/616	616	558279	nsd/45595.png
1091.18359375	0.0	image/656	656	558686	nsd/47656.png
1091.982421875	0.0	image/668	668	559095	nsd/48622.png
1092.7890625	0.0	image/659	659	559508	nsd/48260.png
1093.6171875	0.0	image/661	661	559932	nsd/48379.png
1094.40625	0.0	image/658	658	560336	nsd/48157.png
1095.234375	0.0	image/667	667	560760	nsd/48618.png
1096.03515625	0.0	image/709	709	561170	nsd/51928.png
1096.806640625	0.0	image/698	698	561565	nsd/51052.png
1097.6015625	0.0	image/690	690	561972	nsd/50170.png
1098.41796875	0.0	image/712	712	562390	nsd/51988.png
1099.240234375	0.0	image/655	655	562811	nsd/47614.png
1100.0234375	0.0	image/693	693	563212	nsd/50734.png
1100.82421875	0.0	image/699	699	563622	nsd/51062.png
1101.625	0.0	image/666	666	564032	nsd/48617.png
1102.435546875	0.0	image/706	706	564447	nsd/51788.png
1103.2421875	0.0	image/630	630	564860	nsd/46150.png
1104.052734375	0.0	image/652	652	565275	nsd/47408.png
1104.85546875	0.0	image/711	711	565686	nsd/51983.png
1105.669921875	0.0	image/657	657	566103	nsd/47687.png
1106.470703125	0.0	image/715	715	566513	nsd/52302.png
1107.27734375	0.0	image/681	681	566926	nsd/49731.png
1108.0859375	0.0	image/703	703	567340	nsd/51185.png
1108.853515625	0.0	image/707	707	567733	nsd/51843.png
1109.677734375	0.0	image/711	711	568155	nsd/51983.png
1110.48828125	0.0	image/624	624	568570	nsd/45982.png
1111.271484375	0.0	image/627	627	568971	nsd/46036.png
1112.078125	0.0	image/678	678	569384	nsd/49466.png
1112.89453125	0.0	image/640	640	569802	nsd/46642.png
1113.728515625	0.0	image/700	700	570229	nsd/51077.png
1114.51171875	0.0	image/603	603	570630	nsd/44339.png
1115.306640625	0.0	image/628	628	571037	nsd/46101.png
1116.095703125	0.0	image/668	668	571441	nsd/48622.png
1117.7265625	0.0	image/611	611	572276	nsd/44971.png
1118.541015625	0.0	image/684	684	572693	nsd/49955.png
1119.326171875	0.0	image/621	621	573095	nsd/45843.png
1120.146484375	0.0	image/627	627	573515	nsd/46036.png
1120.95703125	0.0	image/606	606	573930	nsd/44705.png
1121.755859375	0.0	image/700	700	574339	nsd/51077.png
1122.51171875	0.0	image/704	704	574726	nsd/51521.png
1123.33203125	0.0	image/644	644	575146	nsd/46861.png
1124.107421875	0.0	image/683	683	575543	nsd/49944.png
1125.681640625	0.0	image/672	672	576349	nsd/48832.png
1126.482421875	0.0	image/648	648	576759	nsd/47200.png
1127.27734375	0.0	image/641	641	577166	nsd/46661.png
1128.06640625	0.0	image/650	650	577570	nsd/47293.png
1128.859375	0.0	image/612	612	577976	nsd/44980.png
1129.66015625	0.0	image/656	656	578386	nsd/47656.png
1130.466796875	0.0	image/625	625	578799	nsd/45999.png
1131.25	0.0	image/663	663	579200	nsd/48422.png
1132.033203125	0.0	image/655	655	579601	nsd/47614.png
1132.84375	0.0	image/608	608	580016	nsd/44729.png
1134.43359375	0.0	image/632	632	580830	nsd/46274.png
1135.212890625	0.0	image/646	646	581229	nsd/47070.png
1136.017578125	0.0	image/720	720	581641	nsd/52554.png
1136.802734375	0.0	image/664	664	582043	nsd/48508.png
1137.61328125	0.0	image/692	692	582458	nsd/50653.png
1138.4296875	0.0	image/705	705	582876	nsd/51745.png
1140.01953125	0.0	image/691	691	583690	nsd/50500.png
1140.8203125	0.0	image/624	624	584100	nsd/45982.png
1141.65234375	0.0	image/636	636	584526	nsd/46460.png
1142.4375	0.0	image/673	673	584928	nsd/48839.png
1143.220703125	0.0	image/688	688	585329	nsd/50026.png
1144.052734375	0.0	image/716	716	585755	nsd/52328.png
1144.853515625	0.0	image/676	676	586165	nsd/49156.png
1145.666015625	0.0	image/718	718	586581	nsd/52394.png
1146.470703125	0.0	image/605	605	586993	nsd/44412.png
1147.255859375	0.0	image/645	645	587395	nsd/47033.png
1148.048828125	0.0	image/651	651	587801	nsd/47321.png
1148.85546875	0.0	image/667	667	588214	nsd/48618.png
1149.638671875	0.0	image/604	604	588615	nsd/44369.png
1150.466796875	0.0	image/714	714	589039	nsd/52216.png
1151.2734375	0.0	image/621	621	589452	nsd/45843.png
1152.05078125	0.0	image/605	605	589850	nsd/44412.png
1152.8671875	0.0	image/710	710	590268	nsd/51965.png
1153.689453125	0.0	image/671	671	590689	nsd/48802.png
1154.5234375	0.0	image/623	623	591116	nsd/45981.png
1155.3515625	0.0	image/669	669	591540	nsd/48679.png
1156.134765625	0.0	image/671	671	591941	nsd/48802.png
1157.69140625	0.0	image/691	691	592738	nsd/50500.png
1158.517578125	0.0	image/676	676	593161	nsd/49156.png
1159.28515625	0.0	image/601	601	593554	nsd/44184.png
1160.091796875	0.0	image/607	607	593967	nsd/44720.png
1160.859375	0.0	image/687	687	594360	nsd/49979.png
1161.669921875	0.0	image/712	712	594775	nsd/51988.png
1162.453125	0.0	image/670	670	595176	nsd/48681.png
1163.26953125	0.0	image/713	713	595594	nsd/52070.png
1164.0703125	0.0	image/608	608	596004	nsd/44729.png
1164.861328125	0.0	image/688	688	596409	nsd/50026.png
1165.66015625	0.0	image/617	617	596818	nsd/45632.png
1166.470703125	0.0	image/702	702	597233	nsd/51171.png
1167.27734375	0.0	image/660	660	597646	nsd/48374.png
1168.10546875	0.0	image/698	698	598070	nsd/51052.png
1168.912109375	0.0	image/604	604	598483	nsd/44369.png
1169.744140625	0.0	image/602	602	598909	nsd/44324.png
1170.578125	0.0	image/703	703	599336	nsd/51185.png
1171.35546875	0.0	image/708	708	599734	nsd/51907.png
1172.123046875	0.0	image/704	704	600127	nsd/51521.png
1172.92578125	0.0	image/617	617	600538	nsd/45632.png
1173.73046875	0.0	image/634	634	600950	nsd/46372.png
1174.556640625	0.0	image/653	653	601373	nsd/47598.png
1175.330078125	0.0	image/619	619	601769	nsd/45750.png
1176.140625	0.0	image/657	657	602184	nsd/47687.png
1176.962890625	0.0	image/719	719	602605	nsd/52527.png
1177.748046875	0.0	image/674	674	603007	nsd/49076.png
1178.53125	0.0	image/710	710	603408	nsd/51965.png
1179.34375	0.0	image/610	610	603824	nsd/44844.png
1180.125	0.0	image/663	663	604224	nsd/48422.png
1181.681640625	0.0	image/620	620	605021	nsd/45837.png
1183.25	0.0	image/614	614	605824	nsd/45213.png
1184.033203125	0.0	image/622	622	606225	nsd/45945.png
1184.859375	0.0	image/685	685	606648	nsd/49957.png
1185.666015625	0.0	image/645	645	607061	nsd/47033.png
1187.26171875	0.0	image/705	705	607878	nsd/51745.png
1188.900390625	0.0	image/633	633	608717	nsd/46321.png
1189.68359375	0.0	image/702	702	609118	nsd/51171.png
1190.494140625	0.0	image/634	634	609533	nsd/46372.png
1191.279296875	0.0	image/680	680	609935	nsd/49622.png
1192.1015625	0.0	image/626	626	610356	nsd/46002.png
1192.9296875	0.0	image/690	690	610780	nsd/50170.png
1193.71484375	0.0	image/685	685	611182	nsd/49957.png
1194.53515625	0.0	image/609	609	611602	nsd/44736.png
1195.36328125	0.0	image/626	626	612026	nsd/46002.png
1196.970703125	0.0	image/628	628	612849	nsd/46101.png
1197.76953125	0.0	image/675	675	613258	nsd/49152.png
1198.552734375	0.0	image/681	681	613659	nsd/49731.png
1199.380859375	0.0	image/607	607	614083	nsd/44720.png
1200.154296875	0.0	image/679	679	614479	nsd/49480.png
1201.720703125	0.0	image/672	672	615281	nsd/48832.png
1202.505859375	0.0	image/642	642	615683	nsd/46806.png
1203.337890625	0.0	image/629	629	616109	nsd/46136.png
1204.115234375	0.0	image/623	623	616507	nsd/45981.png
1204.900390625	0.0	image/684	684	616909	nsd/49955.png
1205.705078125	0.0	image/619	619	617321	nsd/45750.png
1206.490234375	0.0	image/632	632	617723	nsd/46274.png
1207.31640625	0.0	image/706	706	618146	nsd/51788.png
1208.123046875	0.0	image/670	670	618559	nsd/48681.png
1209.740234375	0.0	image/682	682	619387	nsd/49923.png
1210.568359375	0.0	image/662	662	619811	nsd/48393.png
1211.357421875	0.0	image/603	603	620215	nsd/44339.png
1212.140625	0.0	image/612	612	620616	nsd/44980.png
1212.91796875	0.0	image/694	694	621014	nsd/50755.png
1213.685546875	0.0	image/707	707	621407	nsd/51843.png
1214.486328125	0.0	image/660	660	621817	nsd/48374.png
1215.29296875	0.0	image/601	601	622230	nsd/44184.png
1216.0703125	0.0	image/610	610	622628	nsd/44844.png
1216.859375	0.0	image/701	701	623032	nsd/51148.png
1217.654296875	0.0	image/636	636	623439	nsd/46460.png
1218.458984375	0.0	image/673	673	623851	nsd/48839.png
1219.244140625	0.0	image/689	689	624253	nsd/50114.png
1220.078125	0.0	image/620	620	624680	nsd/45837.png
1220.859375	0.0	image/701	701	625080	nsd/51148.png
1221.63671875	0.0	image/606	606	625478	nsd/44705.png
1222.4609375	0.0	image/697	697	625900	nsd/51051.png
1223.271484375	0.0	image/648	648	626315	nsd/47200.png
1224.095703125	0.0	image/658	658	626737	nsd/48157.png
1224.87890625	0.0	image/635	635	627138	nsd/46380.png
1225.689453125	0.0	image/631	631	627553	nsd/46160.png
1226.49609375	0.0	image/693	693	627966	nsd/50734.png
1228.080078125	0.0	image/718	718	628777	nsd/52394.png
1228.857421875	0.0	image/638	638	629175	nsd/46480.png
1229.662109375	0.0	image/613	613	629587	nsd/45129.png
1231.314453125	0.0	image/661	661	630433	nsd/48379.png
1232.091796875	0.0	image/651	651	630831	nsd/47321.png
1232.857421875	0.0	image/642	642	631223	nsd/46806.png
1233.6640625	0.0	image/639	639	631636	nsd/46523.png
1234.4921875	0.0	image/708	708	632060	nsd/51907.png
1235.29296875	0.0	image/696	696	632470	nsd/50882.png
1236.109375	0.0	image/665	665	632888	nsd/48530.png
1237.69921875	0.0	image/678	678	633702	nsd/49466.png
1238.498046875	0.0	image/674	674	634111	nsd/49076.png
1239.29296875	0.0	image/625	625	634518	nsd/45999.png
1240.095703125	0.0	image/633	633	634929	nsd/46321.png
1240.8828125	0.0	image/614	614	635332	nsd/45213.png
1241.693359375	0.0	image/638	638	635747	nsd/46480.png
1242.517578125	0.0	image/616	616	636169	nsd/45595.png
1243.310546875	0.0	image/649	649	636575	nsd/47290.png
1244.11328125	0.0	image/644	644	636986	nsd/46861.png
1244.900390625	0.0	image/640	640	637389	nsd/46642.png
1245.7109375	0.0	image/686	686	637804	nsd/49969.png
1246.53515625	0.0	image/677	677	638226	nsd/49234.png
1247.36328125	0.0	image/654	654	638650	nsd/47600.png
1248.1640625	0.0	image/664	664	639060	nsd/48508.png
1248.98046875	0.0	image/675	675	639478	nsd/49152.png
1249.77734375	0.0	image/665	665	639886	nsd/48530.png
1250.529296875	0.0	image/692	692	640271	nsd/50653.png
1252.130859375	0.0	image/646	646	641091	nsd/47070.png
1252.9296875	0.0	image/682	682	641500	nsd/49923.png
1254.5546875	0.0	image/639	639	642332	nsd/46523.png
1255.38671875	0.0	image/609	609	642758	nsd/44736.png
1256.98828125	0.0	image/719	719	643578	nsd/52527.png
1257.7890625	0.0	image/695	695	643988	nsd/50811.png
1258.572265625	0.0	image/687	687	644389	nsd/49979.png
1259.40625	0.0	image/695	695	644816	nsd/50811.png
1260.189453125	0.0	image/689	689	645217	nsd/50114.png
1260.982421875	0.0	image/662	662	645623	nsd/48393.png
1261.75	0.0	image/659	659	646016	nsd/48260.png
1262.572265625	0.0	image/643	643	646437	nsd/46835.png
1263.384765625	0.0	image/653	653	646853	nsd/47598.png
1264.15625	0.0	image/669	669	647248	nsd/48679.png
1264.974609375	0.0	image/647	647	647667	nsd/47099.png
1265.78515625	0.0	image/677	677	648082	nsd/49234.png
1266.552734375	0.0	image/629	629	648475	nsd/46136.png
1268.158203125	0.0	image/714	714	649297	nsd/52216.png
1268.935546875	0.0	image/716	716	649695	nsd/52328.png
1269.705078125	0.0	image/637	637	650089	nsd/46462.png
1270.525390625	0.0	image/679	679	650509	nsd/49480.png
1271.322265625	0.0	image/717	717	650917	nsd/52375.png
1272.142578125	0.0	image/720	720	651337	nsd/52554.png
1272.96875	0.0	image/613	613	651760	nsd/45129.png
1273.79296875	0.0	image/649	649	652182	nsd/47290.png
1274.587890625	0.0	image/652	652	652589	nsd/47408.png
1275.353515625	0.0	image/715	715	652981	nsd/52302.png
1276.9609375	0.0	image/680	680	653804	nsd/49622.png
1277.73828125	0.0	image/615	615	654202	nsd/45356.png
1279.341796875	0.0	image/696	696	655023	nsd/50882.png
1280.14453125	0.0	image/666	666	655434	nsd/48617.png
1280.921875	0.0	image/643	643	655832	nsd/46835.png
1282.5390625	0.0	image/694	694	656660	nsd/50755.png
1284.12890625	0.0	image/650	650	657474	nsd/47293.png
1284.912109375	0.0	image/602	602	657875	nsd/44324.png
1285.74609375	0.0	image/641	641	658302	nsd/46661.png
1286.580078125	0.0	image/654	654	658729	nsd/47600.png
1287.380859375	0.0	image/615	615	659139	nsd/45356.png
1288.20703125	0.0	image/647	647	659562	nsd/47099.png
1289.013671875	0.0	image/635	635	659975	nsd/46380.png
1289.796875	0.0	image/611	611	660376	nsd/44971.png
1290.591796875	0.0	image/686	686	660783	nsd/49969.png
1291.357421875	0.0	image/618	618	661175	nsd/45746.png
1292.181640625	0.0	image/683	683	661597	nsd/49944.png
1293.015625	0.0	image/699	699	662024	nsd/51062.png
1293.849609375	0.0	image/709	709	662451	nsd/51928.png
1294.625	0.0	image/631	631	662848	nsd/46160.png
1296.216796875	0.0	image/717	717	663663	nsd/52375.png
1297.0	0.0	image/697	697	664064	nsd/51051.png
1297.794921875	0.0	image/622	622	664471	nsd/45945.png
1298.599609375	0.0	image/630	630	664883	nsd/46150.png
1299.427734375	0.0	image/637	637	665307	nsd/46462.png
1306.4375	0.0	image/730	730	668896	nsd/53155.png
1307.216796875	0.0	image/778	778	669295	nsd/56454.png
1307.98828125	0.0	image/839	839	669690	nsd/60978.png
1308.7890625	0.0	image/740	740	670100	nsd/53858.png
1309.587890625	0.0	image/835	835	670509	nsd/60725.png
1310.40625	0.0	image/733	733	670928	nsd/53370.png
1311.189453125	0.0	image/832	832	671329	nsd/60505.png
1312.021484375	0.0	image/756	756	671755	nsd/55005.png
1312.857421875	0.0	image/826	826	672183	nsd/60094.png
1313.634765625	0.0	image/837	837	672581	nsd/60845.png
1314.439453125	0.0	image/798	798	672993	nsd/57648.png
1315.251953125	0.0	image/830	830	673409	nsd/60305.png
1316.07421875	0.0	image/758	758	673830	nsd/55163.png
1316.890625	0.0	image/763	763	674248	nsd/55669.png
1318.4921875	0.0	image/806	806	675068	nsd/58164.png
1320.158203125	0.0	image/771	771	675921	nsd/56066.png
1320.939453125	0.0	image/752	752	676321	nsd/54812.png
1321.736328125	0.0	image/775	775	676729	nsd/56290.png
1322.55859375	0.0	image/816	816	677150	nsd/59194.png
1323.37109375	0.0	image/797	797	677566	nsd/57553.png
1324.17578125	0.0	image/725	725	677978	nsd/52931.png
1324.953125	0.0	image/817	817	678376	nsd/59284.png
1325.720703125	0.0	image/777	777	678769	nsd/56418.png
1326.544921875	0.0	image/731	731	679191	nsd/53157.png
1327.337890625	0.0	image/779	779	679597	nsd/56471.png
1328.912109375	0.0	image/804	804	680403	nsd/58096.png
1329.728515625	0.0	image/780	780	680821	nsd/56670.png
1330.521484375	0.0	image/823	823	681227	nsd/59699.png
1331.287109375	0.0	image/733	733	681619	nsd/53370.png
1332.056640625	0.0	image/830	830	682013	nsd/60305.png
1332.87890625	0.0	image/834	834	682434	nsd/60553.png
1333.65625	0.0	image/731	731	682832	nsd/53157.png
1334.47265625	0.0	image/748	748	683250	nsd/54643.png
1335.279296875	0.0	image/778	778	683663	nsd/56454.png
1336.9296875	0.0	image/724	724	684508	nsd/52892.png
1337.73046875	0.0	image/787	787	684918	nsd/56850.png
1338.513671875	0.0	image/818	818	685319	nsd/59419.png
1340.130859375	0.0	image/803	803	686147	nsd/57906.png
1340.931640625	0.0	image/788	788	686557	nsd/56867.png
1341.732421875	0.0	image/766	766	686967	nsd/55857.png
1342.525390625	0.0	image/816	816	687373	nsd/59194.png
1343.298828125	0.0	image/761	761	687769	nsd/55526.png
1344.109375	0.0	image/821	821	688184	nsd/59595.png
1344.876953125	0.0	image/734	734	688577	nsd/53489.png
1345.64453125	0.0	image/814	814	688970	nsd/59079.png
1346.43359375	0.0	image/756	756	689374	nsd/55005.png
1347.26171875	0.0	image/752	752	689798	nsd/54812.png
1348.0625	0.0	image/767	767	690208	nsd/55933.png
1348.87890625	0.0	image/823	823	690626	nsd/59699.png
1349.68359375	0.0	image/739	739	691038	nsd/53773.png
1350.501953125	0.0	image/807	807	691457	nsd/58187.png
1351.3125	0.0	image/727	727	691872	nsd/53052.png
1352.095703125	0.0	image/824	824	692273	nsd/59817.png
1352.869140625	0.0	image/792	792	692669	nsd/57060.png
1353.6796875	0.0	image/829	829	693084	nsd/60251.png
1354.462890625	0.0	image/728	728	693485	nsd/53070.png
1355.251953125	0.0	image/821	821	693889	nsd/59595.png
1356.068359375	0.0	image/838	838	694307	nsd/60867.png
1356.853515625	0.0	image/779	779	694709	nsd/56471.png
1357.669921875	0.0	image/817	817	695127	nsd/59284.png
1358.498046875	0.0	image/799	799	695551	nsd/57650.png
1359.3046875	0.0	image/773	773	695964	nsd/56154.png
1360.12109375	0.0	image/732	732	696382	nsd/53270.png
1360.9140625	0.0	image/801	801	696788	nsd/57822.png
1361.73828125	0.0	image/786	786	697210	nsd/56784.png
1362.515625	0.0	image/799	799	697608	nsd/57650.png
1363.33203125	0.0	image/791	791	698026	nsd/57046.png
1364.09765625	0.0	image/785	785	698418	nsd/56782.png
1365.705078125	0.0	image/727	727	699241	nsd/53052.png
1366.5390625	0.0	image/820	820	699668	nsd/59585.png
1367.333984375	0.0	image/776	776	700075	nsd/56314.png
1368.138671875	0.0	image/773	773	700487	nsd/56154.png
1368.966796875	0.0	image/794	794	700911	nsd/57443.png
1369.7734375	0.0	image/736	736	701324	nsd/53570.png
1371.357421875	0.0	image/734	734	702135	nsd/53489.png
1372.158203125	0.0	image/755	755	702545	nsd/54959.png
1372.96875	0.0	image/801	801	702960	nsd/57822.png
1373.787109375	0.0	image/739	739	703379	nsd/53773.png
1374.57421875	0.0	image/766	766	703782	nsd/55857.png
1375.359375	0.0	image/754	754	704184	nsd/54913.png
1376.134765625	0.0	image/796	796	704581	nsd/57542.png
1376.90234375	0.0	image/831	831	704974	nsd/60456.png
1377.669921875	0.0	image/737	737	705367	nsd/53727.png
1378.458984375	0.0	image/735	735	705771	nsd/53511.png
1379.26953125	0.0	image/772	772	706186	nsd/56126.png
1380.072265625	0.0	image/829	829	706597	nsd/60251.png
1380.859375	0.0	image/737	737	707000	nsd/53727.png
1381.654296875	0.0	image/790	790	707407	nsd/56948.png
1382.455078125	0.0	image/750	750	707817	nsd/54698.png
1383.26171875	0.0	image/840	840	708230	nsd/61122.png
1384.828125	0.0	image/828	828	709032	nsd/60186.png
1386.478515625	0.0	image/813	813	709877	nsd/59046.png
1387.279296875	0.0	image/825	825	710287	nsd/59994.png
1388.10546875	0.0	image/730	730	710710	nsd/53155.png
1388.9296875	0.0	image/767	767	711132	nsd/55933.png
1389.740234375	0.0	image/797	797	711547	nsd/57553.png
1390.5234375	0.0	image/729	729	711948	nsd/53152.png
1392.11328125	0.0	image/838	838	712762	nsd/60867.png
1392.908203125	0.0	image/819	819	713169	nsd/59420.png
1393.69140625	0.0	image/762	762	713570	nsd/55649.png
1394.46484375	0.0	image/735	735	713966	nsd/53511.png
1395.2578125	0.0	image/826	826	714372	nsd/60094.png
1396.04296875	0.0	image/805	805	714774	nsd/58144.png
1396.865234375	0.0	image/783	783	715195	nsd/56723.png
1397.66015625	0.0	image/812	812	715602	nsd/59039.png
1398.42578125	0.0	image/746	746	715994	nsd/54361.png
1399.193359375	0.0	image/815	815	716387	nsd/59091.png
1400.015625	0.0	image/806	806	716808	nsd/58164.png
1400.798828125	0.0	image/802	802	717209	nsd/57838.png
1401.576171875	0.0	image/769	769	717607	nsd/55969.png
1402.34375	0.0	image/721	721	718000	nsd/52596.png
1403.93359375	0.0	image/772	772	718814	nsd/56126.png
1404.7265625	0.0	image/813	813	719220	nsd/59046.png
1405.51171875	0.0	image/750	750	719622	nsd/54698.png
1406.328125	0.0	image/729	729	720040	nsd/53152.png
1407.111328125	0.0	image/744	744	720441	nsd/54147.png
1407.927734375	0.0	image/836	836	720859	nsd/60834.png
1408.71875	0.0	image/789	789	721264	nsd/56911.png
1409.513671875	0.0	image/768	768	721671	nsd/55968.png
1410.318359375	0.0	image/819	819	722083	nsd/59420.png
1411.095703125	0.0	image/746	746	722481	nsd/54361.png
1411.9140625	0.0	image/728	728	722900	nsd/53070.png
1412.703125	0.0	image/793	793	723304	nsd/57435.png
1413.486328125	0.0	image/802	802	723705	nsd/57838.png
1414.314453125	0.0	image/825	825	724129	nsd/59994.png
1415.078125	0.0	image/745	745	724520	nsd/54257.png
1415.88671875	0.0	image/822	822	724934	nsd/59631.png
1416.669921875	0.0	image/769	769	725335	nsd/55969.png
1417.50390625	0.0	image/753	753	725762	nsd/54824.png
1418.33203125	0.0	image/784	784	726186	nsd/56751.png
1419.12109375	0.0	image/747	747	726590	nsd/54389.png
1419.904296875	0.0	image/793	793	726991	nsd/57435.png
1420.705078125	0.0	image/770	770	727401	nsd/56042.png
1422.2890625	0.0	image/796	796	728212	nsd/57542.png
1423.1171875	0.0	image/749	749	728636	nsd/54683.png
1423.923828125	0.0	image/824	824	729049	nsd/59817.png
1424.716796875	0.0	image/763	763	729455	nsd/55669.png
1425.5234375	0.0	image/749	749	729868	nsd/54683.png
1426.33984375	0.0	image/787	787	730286	nsd/56850.png
1427.173828125	0.0	image/812	812	730713	nsd/59039.png
1427.974609375	0.0	image/786	786	731123	nsd/56784.png
1428.78515625	0.0	image/800	800	731538	nsd/57681.png
1429.568359375	0.0	image/757	757	731939	nsd/55107.png
1430.33984375	0.0	image/810	810	732334	nsd/58681.png
1431.125	0.0	image/815	815	732736	nsd/59091.png
1431.919921875	0.0	image/811	811	733143	nsd/59023.png
1432.703125	0.0	image/765	765	733544	nsd/55680.png
1434.353515625	0.0	image/726	726	734389	nsd/52990.png
1435.16015625	0.0	image/764	764	734802	nsd/55678.png
1435.958984375	0.0	image/780	780	735211	nsd/56670.png
1437.626953125	0.0	image/758	758	736065	nsd/55163.png
1438.443359375	0.0	image/755	755	736483	nsd/54959.png
1439.25390625	0.0	image/828	828	736898	nsd/60186.png
1440.03515625	0.0	image/835	835	737298	nsd/60725.png
1440.810546875	0.0	image/744	744	737695	nsd/54147.png
1441.638671875	0.0	image/740	740	738119	nsd/53858.png
1443.24609375	0.0	image/762	762	738942	nsd/55649.png
1444.029296875	0.0	image/757	757	739343	nsd/55107.png
1444.841796875	0.0	image/805	805	739759	nsd/58144.png
1445.65625	0.0	image/738	738	740176	nsd/53728.png
1446.439453125	0.0	image/783	783	740577	nsd/56723.png
1447.224609375	0.0	image/724	724	740979	nsd/52892.png
1448.013671875	0.0	image/839	839	741383	nsd/60978.png
1448.84765625	0.0	image/768	768	741810	nsd/55968.png
1449.6640625	0.0	image/781	781	742228	nsd/56681.png
1450.48046875	0.0	image/721	721	742646	nsd/52596.png
1452.09765625	0.0	image/785	785	743474	nsd/56782.png
1452.92578125	0.0	image/741	741	743898	nsd/53881.png
1454.53125	0.0	image/840	840	744720	nsd/61122.png
1455.33203125	0.0	image/776	776	745130	nsd/56314.png
1456.16015625	0.0	image/837	837	745554	nsd/60845.png
1456.982421875	0.0	image/808	808	745975	nsd/58404.png
1457.77734375	0.0	image/742	742	746382	nsd/53891.png
1458.56640625	0.0	image/790	790	746786	nsd/56948.png
1459.400390625	0.0	image/827	827	747213	nsd/60119.png
1460.234375	0.0	image/833	833	747640	nsd/60519.png
1461.84375	0.0	image/723	723	748464	nsd/52652.png
1462.630859375	0.0	image/751	751	748867	nsd/54743.png
1463.435546875	0.0	image/808	808	749279	nsd/58404.png
1464.21875	0.0	image/818	818	749680	nsd/59419.png
1465.013671875	0.0	image/832	832	750087	nsd/60505.png
1465.818359375	0.0	image/775	775	750499	nsd/56290.png
1466.646484375	0.0	image/782	782	750923	nsd/56695.png
1467.453125	0.0	image/747	747	751336	nsd/54389.png
1468.28125	0.0	image/748	748	751760	nsd/54643.png
1469.0859375	0.0	image/774	774	752172	nsd/56269.png
1469.9140625	0.0	image/745	745	752596	nsd/54257.png
1470.68359375	0.0	image/795	795	752990	nsd/57478.png
1471.50390625	0.0	image/781	781	753410	nsd/56681.png
1472.287109375	0.0	image/771	771	753811	nsd/56066.png
1473.06640625	0.0	image/761	761	754210	nsd/55526.png
1474.6875	0.0	image/741	741	755040	nsd/53881.png
1475.46484375	0.0	image/777	777	755438	nsd/56418.png
1476.251953125	0.0	image/794	794	755841	nsd/57443.png
1477.072265625	0.0	image/814	814	756261	nsd/59079.png
1477.8828125	0.0	image/751	751	756676	nsd/54743.png
1479.423828125	0.0	image/836	836	757465	nsd/60834.png
1480.201171875	0.0	image/803	803	757863	nsd/57906.png
1480.984375	0.0	image/831	831	758264	nsd/60456.png
1481.751953125	0.0	image/743	743	758657	nsd/54078.png
1482.556640625	0.0	image/809	809	759069	nsd/58668.png
1483.375	0.0	image/736	736	759488	nsd/53570.png
1484.923828125	0.0	image/760	760	760281	nsd/55408.png
1486.53515625	0.0	image/726	726	761106	nsd/52990.png
1487.302734375	0.0	image/833	833	761499	nsd/60519.png
1488.109375	0.0	image/795	795	761912	nsd/57478.png
1488.919921875	0.0	image/809	809	762327	nsd/58668.png
1489.72265625	0.0	image/822	822	762738	nsd/59631.png
1490.4921875	0.0	image/810	810	763132	nsd/58681.png
1491.287109375	0.0	image/759	759	763539	nsd/55405.png
1492.072265625	0.0	image/774	774	763941	nsd/56269.png
1492.87109375	0.0	image/743	743	764350	nsd/54078.png
1494.427734375	0.0	image/782	782	765147	nsd/56695.png
1495.22265625	0.0	image/798	798	765554	nsd/57648.png
1496.02734375	0.0	image/732	732	765966	nsd/53270.png
1496.82421875	0.0	image/804	804	766374	nsd/58096.png
1497.62890625	0.0	image/760	760	766786	nsd/55408.png
1498.4453125	0.0	image/725	725	767204	nsd/52931.png
1499.2734375	0.0	image/764	764	767628	nsd/55678.png
1500.041015625	0.0	image/722	722	768021	nsd/52598.png
1501.646484375	0.0	image/723	723	768843	nsd/52652.png
1502.48046875	0.0	image/765	765	769270	nsd/55680.png
1503.291015625	0.0	image/791	791	769685	nsd/57046.png
1504.091796875	0.0	image/754	754	770095	nsd/54913.png
1504.896484375	0.0	image/722	722	770507	nsd/52598.png
1505.681640625	0.0	image/800	800	770909	nsd/57681.png
1506.48046875	0.0	image/834	834	771318	nsd/60553.png
1507.30859375	0.0	image/827	827	771742	nsd/60119.png
1508.130859375	0.0	image/789	789	772163	nsd/56911.png
1508.91015625	0.0	image/770	770	772562	nsd/56042.png
1509.693359375	0.0	image/784	784	772963	nsd/56751.png
1510.51171875	0.0	image/792	792	773382	nsd/57060.png
1511.31640625	0.0	image/738	738	773794	nsd/53728.png
1512.126953125	0.0	image/811	811	774209	nsd/59023.png
1512.91015625	0.0	image/753	753	774610	nsd/54824.png
1513.68359375	0.0	image/807	807	775006	nsd/58187.png
1514.466796875	0.0	image/788	788	775407	nsd/56867.png
1515.30078125	0.0	image/742	742	775834	nsd/53891.png
1516.083984375	0.0	image/820	820	776235	nsd/59585.png
1516.896484375	0.0	image/759	759	776651	nsd/55405.png
1523.689453125	0.0	image/927	927	780129	nsd/67113.png
1524.521484375	0.0	image/956	956	780555	nsd/69502.png
1525.322265625	0.0	image/842	842	780965	nsd/61177.png
1526.1171875	0.0	image/949	949	781372	nsd/69007.png
1526.90625	0.0	image/864	864	781776	nsd/62561.png
1527.689453125	0.0	image/862	862	782177	nsd/62479.png
1528.466796875	0.0	image/910	910	782575	nsd/66004.png
1529.267578125	0.0	image/936	936	782985	nsd/67829.png
1530.08984375	0.0	image/924	924	783406	nsd/66946.png
1530.884765625	0.0	image/861	861	783813	nsd/62365.png
1531.669921875	0.0	image/928	928	784215	nsd/67168.png
1532.474609375	0.0	image/901	901	784627	nsd/65639.png
1534.125	0.0	image/904	904	785472	nsd/65769.png
1535.67578125	0.0	image/844	844	786266	nsd/61510.png
1536.453125	0.0	image/901	901	786664	nsd/65639.png
1537.2421875	0.0	image/843	843	787068	nsd/61216.png
1538.037109375	0.0	image/926	926	787475	nsd/67045.png
1538.8046875	0.0	image/952	952	787868	nsd/69130.png
1539.5703125	0.0	image/930	930	788260	nsd/67237.png
1540.376953125	0.0	image/959	959	788673	nsd/69785.png
1541.177734375	0.0	image/870	870	789083	nsd/63345.png
1542.72265625	0.0	image/849	849	789874	nsd/61752.png
1543.494140625	0.0	image/869	869	790269	nsd/63182.png
1544.328125	0.0	image/951	951	790696	nsd/69030.png
1545.107421875	0.0	image/878	878	791095	nsd/64004.png
1545.912109375	0.0	image/925	925	791507	nsd/66976.png
1546.740234375	0.0	image/947	947	791931	nsd/68858.png
1547.5390625	0.0	image/908	908	792340	nsd/65920.png
1548.3125	0.0	image/952	952	792736	nsd/69130.png
1549.095703125	0.0	image/876	876	793137	nsd/63931.png
1549.875	0.0	image/935	935	793536	nsd/67802.png
1550.673828125	0.0	image/938	938	793945	nsd/68168.png
1551.48046875	0.0	image/937	937	794358	nsd/68023.png
1552.2578125	0.0	image/864	864	794756	nsd/62561.png
1553.84765625	0.0	image/917	917	795570	nsd/66464.png
1554.658203125	0.0	image/928	928	795985	nsd/67168.png
1555.44140625	0.0	image/854	854	796386	nsd/61972.png
1556.248046875	0.0	image/916	916	796799	nsd/66421.png
1557.060546875	0.0	image/863	863	797215	nsd/62544.png
1557.861328125	0.0	image/929	929	797625	nsd/67204.png
1558.6484375	0.0	image/865	865	798028	nsd/62683.png
1559.4765625	0.0	image/847	847	798452	nsd/61738.png
1561.06640625	0.0	image/861	861	799266	nsd/62365.png
1561.87890625	0.0	image/897	897	799682	nsd/65267.png
1562.68359375	0.0	image/907	907	800094	nsd/65872.png
1563.478515625	0.0	image/914	914	800501	nsd/66330.png
1564.24609375	0.0	image/940	940	800894	nsd/68311.png
1565.01171875	0.0	image/944	944	801286	nsd/68741.png
1565.818359375	0.0	image/852	852	801699	nsd/61809.png
1566.62890625	0.0	image/908	908	802114	nsd/65920.png
1567.396484375	0.0	image/955	955	802507	nsd/69442.png
1568.21875	0.0	image/931	931	802928	nsd/67252.png
1569.013671875	0.0	image/942	942	803335	nsd/68418.png
1569.814453125	0.0	image/857	857	803745	nsd/62209.png
1570.619140625	0.0	image/910	910	804157	nsd/66004.png
1571.40234375	0.0	image/897	897	804558	nsd/65267.png
1572.197265625	0.0	image/915	915	804965	nsd/66342.png
1573.00390625	0.0	image/934	934	805378	nsd/67742.png
1573.8203125	0.0	image/953	953	805796	nsd/69214.png
1574.619140625	0.0	image/931	931	806205	nsd/67252.png
1575.404296875	0.0	image/919	919	806607	nsd/66489.png
1576.19921875	0.0	image/957	957	807014	nsd/69614.png
1577.0	0.0	image/911	911	807424	nsd/66214.png
1577.8046875	0.0	image/863	863	807836	nsd/62544.png
1578.62109375	0.0	image/862	862	808254	nsd/62479.png
1579.421875	0.0	image/887	887	808664	nsd/64867.png
1580.205078125	0.0	image/900	900	809065	nsd/65445.png
1581.0	0.0	image/906	906	809472	nsd/65821.png
1581.767578125	0.0	image/877	877	809865	nsd/63944.png
1582.58984375	0.0	image/938	938	810286	nsd/68168.png
1583.41796875	0.0	image/913	913	810710	nsd/66278.png
1584.20703125	0.0	image/932	932	811114	nsd/67295.png
1585.017578125	0.0	image/859	859	811529	nsd/62275.png
1585.8203125	0.0	image/867	867	811940	nsd/62960.png
1586.658203125	0.0	image/893	893	812369	nsd/65148.png
1587.470703125	0.0	image/940	940	812785	nsd/68311.png
1588.275390625	0.0	image/936	936	813197	nsd/67829.png
1589.087890625	0.0	image/949	949	813613	nsd/69007.png
1589.87109375	0.0	image/869	869	814014	nsd/63182.png
1590.685546875	0.0	image/880	880	814431	nsd/64295.png
1591.453125	0.0	image/888	888	814824	nsd/64880.png
1592.23828125	0.0	image/950	950	815226	nsd/69025.png
1593.79296875	0.0	image/946	946	816022	nsd/68842.png
1594.62109375	0.0	image/895	895	816446	nsd/65232.png
1595.427734375	0.0	image/844	844	816859	nsd/61510.png
1596.23828125	0.0	image/850	850	817274	nsd/61797.png
1597.04296875	0.0	image/957	957	817686	nsd/69614.png
1598.611328125	0.0	image/891	891	818489	nsd/65010.png
1599.388671875	0.0	image/847	847	818887	nsd/61738.png
1600.189453125	0.0	image/953	953	819297	nsd/69214.png
1601.005859375	0.0	image/922	922	819715	nsd/66773.png
1601.7890625	0.0	image/882	882	820116	nsd/64498.png
1602.61328125	0.0	image/922	922	820538	nsd/66773.png
1603.423828125	0.0	image/954	954	820953	nsd/69240.png
1604.189453125	0.0	image/866	866	821345	nsd/62748.png
1604.974609375	0.0	image/902	902	821747	nsd/65654.png
1605.74609375	0.0	image/850	850	822142	nsd/61797.png
1606.57421875	0.0	image/881	881	822566	nsd/64483.png
1607.396484375	0.0	image/913	913	822987	nsd/66278.png
1608.224609375	0.0	image/905	905	823411	nsd/65799.png
1609.064453125	0.0	image/886	886	823841	nsd/64771.png
1609.876953125	0.0	image/860	860	824257	nsd/62302.png
1610.6640625	0.0	image/904	904	824660	nsd/65769.png
1611.4921875	0.0	image/896	896	825084	nsd/65253.png
1612.310546875	0.0	image/920	920	825503	nsd/66580.png
1613.099609375	0.0	image/919	919	825907	nsd/66489.png
1613.892578125	0.0	image/898	898	826313	nsd/65376.png
1614.677734375	0.0	image/855	855	826715	nsd/62006.png
1616.25	0.0	image/875	875	827520	nsd/63922.png
1617.80078125	0.0	image/902	902	828314	nsd/65654.png
1618.580078125	0.0	image/848	848	828713	nsd/61748.png
1619.349609375	0.0	image/851	851	829107	nsd/61801.png
1620.134765625	0.0	image/933	933	829509	nsd/67363.png
1620.9296875	0.0	image/896	896	829916	nsd/65253.png
1621.73046875	0.0	image/873	873	830326	nsd/63781.png
1622.544921875	0.0	image/907	907	830743	nsd/65872.png
1623.328125	0.0	image/866	866	831144	nsd/62748.png
1624.09765625	0.0	image/856	856	831538	nsd/62015.png
1624.91796875	0.0	image/852	852	831958	nsd/61809.png
1625.697265625	0.0	image/948	948	832357	nsd/68897.png
1626.48046875	0.0	image/854	854	832758	nsd/61972.png
1628.052734375	0.0	image/951	951	833563	nsd/69030.png
1628.865234375	0.0	image/945	945	833979	nsd/68814.png
1630.396484375	0.0	image/889	889	834763	nsd/64893.png
1631.1875	0.0	image/950	950	835168	nsd/69025.png
1631.998046875	0.0	image/906	906	835583	nsd/65821.png
1633.60546875	0.0	image/956	956	836406	nsd/69502.png
1634.416015625	0.0	image/958	958	836821	nsd/69616.png
1635.22265625	0.0	image/879	879	837234	nsd/64096.png
1636.052734375	0.0	image/857	857	837659	nsd/62209.png
1636.85546875	0.0	image/890	890	838070	nsd/64979.png
1637.673828125	0.0	image/858	858	838489	nsd/62228.png
1638.48828125	0.0	image/960	960	838906	nsd/69813.png
1639.2734375	0.0	image/918	918	839308	nsd/66479.png
1640.1015625	0.0	image/856	856	839732	nsd/62015.png
1640.90625	0.0	image/886	886	840144	nsd/64771.png
1641.71875	0.0	image/948	948	840560	nsd/68897.png
1642.51953125	0.0	image/887	887	840970	nsd/64867.png
1643.32421875	0.0	image/877	877	841382	nsd/63944.png
1644.13671875	0.0	image/891	891	841798	nsd/65010.png
1644.94140625	0.0	image/941	941	842210	nsd/68339.png
1645.724609375	0.0	image/880	880	842611	nsd/64295.png
1646.51953125	0.0	image/900	900	843018	nsd/65445.png
1647.326171875	0.0	image/924	924	843431	nsd/66946.png
1648.119140625	0.0	image/846	846	843837	nsd/61677.png
1648.88671875	0.0	image/932	932	844230	nsd/67295.png
1649.671875	0.0	image/895	895	844632	nsd/65232.png
1650.4375	0.0	image/911	911	845024	nsd/66214.png
1651.208984375	0.0	image/845	845	845419	nsd/61513.png
1651.994140625	0.0	image/846	846	845821	nsd/61677.png
1652.7734375	0.0	image/843	843	846220	nsd/61216.png
1653.556640625	0.0	image/903	903	846621	nsd/65686.png
1654.37890625	0.0	image/874	874	847042	nsd/63825.png
1656.0078125	0.0	image/883	883	847876	nsd/64615.png
1656.822265625	0.0	image/875	875	848293	nsd/63922.png
1657.611328125	0.0	image/960	960	848697	nsd/69813.png
1658.412109375	0.0	image/873	873	849107	nsd/63781.png
1659.974609375	0.0	image/954	954	849907	nsd/69240.png
1660.796875	0.0	image/885	885	850328	nsd/64687.png
1661.595703125	0.0	image/923	923	850737	nsd/66836.png
1662.375	0.0	image/855	855	851136	nsd/62006.png
1663.181640625	0.0	image/923	923	851549	nsd/66836.png
1663.9921875	0.0	image/903	903	851964	nsd/65686.png
1664.791015625	0.0	image/939	939	852373	nsd/68278.png
1665.59765625	0.0	image/853	853	852786	nsd/61873.png
1666.431640625	0.0	image/939	939	853213	nsd/68278.png
1667.265625	0.0	image/868	868	853640	nsd/63081.png
1668.04296875	0.0	image/892	892	854038	nsd/65069.png
1668.80859375	0.0	image/898	898	854430	nsd/65376.png
1670.466796875	0.0	image/929	929	855279	nsd/67204.png
1671.283203125	0.0	image/899	899	855697	nsd/65414.png
1672.84375	0.0	image/871	871	856496	nsd/63449.png
1673.611328125	0.0	image/849	849	856889	nsd/61752.png
1674.41796875	0.0	image/933	933	857302	nsd/67363.png
1675.24609375	0.0	image/947	947	857726	nsd/68858.png
1676.068359375	0.0	image/943	943	858147	nsd/68471.png
1676.845703125	0.0	image/890	890	858545	nsd/64979.png
1677.646484375	0.0	image/935	935	858955	nsd/67802.png
1678.412109375	0.0	image/874	874	859347	nsd/63825.png
1680.068359375	0.0	image/914	914	860195	nsd/66330.png
1680.8515625	0.0	image/858	858	860596	nsd/62228.png
1682.486328125	0.0	image/868	868	861433	nsd/63081.png
1683.302734375	0.0	image/842	842	861851	nsd/61177.png
1684.080078125	0.0	image/870	870	862249	nsd/63345.png
1684.88671875	0.0	image/872	872	862662	nsd/63746.png
1686.482421875	0.0	image/905	905	863479	nsd/65799.png
1687.25	0.0	image/942	942	863872	nsd/68418.png
1688.064453125	0.0	image/921	921	864289	nsd/66643.png
1688.83203125	0.0	image/859	859	864682	nsd/62275.png
1689.650390625	0.0	image/921	921	865101	nsd/66643.png
1690.455078125	0.0	image/888	888	865513	nsd/64880.png
1691.25	0.0	image/878	878	865920	nsd/64004.png
1692.048828125	0.0	image/841	841	866329	nsd/61133.png
1693.650390625	0.0	image/893	893	867149	nsd/65148.png
1694.47265625	0.0	image/925	925	867570	nsd/66976.png
1695.28515625	0.0	image/926	926	867986	nsd/67045.png
1696.107421875	0.0	image/944	944	868407	nsd/68741.png
1696.890625	0.0	image/958	958	868808	nsd/69616.png
1697.701171875	0.0	image/884	884	869223	nsd/64621.png
1699.30859375	0.0	image/918	918	870046	nsd/66479.png
1700.142578125	0.0	image/917	917	870473	nsd/66464.png
1700.970703125	0.0	image/889	889	870897	nsd/64893.png
1701.775390625	0.0	image/945	945	871309	nsd/68814.png
1702.5859375	0.0	image/879	879	871724	nsd/64096.png
1703.408203125	0.0	image/955	955	872145	nsd/69442.png
1704.2265625	0.0	image/881	881	872564	nsd/64483.png
1705.01953125	0.0	image/871	871	872970	nsd/63449.png
1705.80859375	0.0	image/909	909	873374	nsd/65943.png
1706.638671875	0.0	image/937	937	873799	nsd/68023.png
1707.421875	0.0	image/860	860	874200	nsd/62302.png
1708.228515625	0.0	image/865	865	874613	nsd/62683.png
1709.021484375	0.0	image/885	885	875019	nsd/64687.png
1710.64453125	0.0	image/930	930	875850	nsd/67237.png
1711.439453125	0.0	image/927	927	876257	nsd/67113.png
1712.24609375	0.0	image/894	894	876670	nsd/65187.png
1713.044921875	0.0	image/941	941	877079	nsd/68339.png
1713.876953125	0.0	image/884	884	877505	nsd/64621.png
1714.662109375	0.0	image/892	892	877907	nsd/65069.png
1715.45703125	0.0	image/934	934	878314	nsd/67742.png
1716.279296875	0.0	image/841	841	878735	nsd/61133.png
1717.09765625	0.0	image/845	845	879154	nsd/61513.png
1717.896484375	0.0	image/920	920	879563	nsd/66580.png
1718.724609375	0.0	image/915	915	879987	nsd/66342.png
1719.5078125	0.0	image/872	872	880388	nsd/63746.png
1720.314453125	0.0	image/882	882	880801	nsd/64498.png
1721.125	0.0	image/899	899	881216	nsd/65414.png
1721.912109375	0.0	image/943	943	881619	nsd/68471.png
1722.724609375	0.0	image/959	959	882035	nsd/69785.png
1723.509765625	0.0	image/848	848	882437	nsd/61748.png
1724.30859375	0.0	image/916	916	882846	nsd/66421.png
1725.916015625	0.0	image/909	909	883669	nsd/65943.png
1726.748046875	0.0	image/883	883	884095	nsd/64615.png
1727.576171875	0.0	image/946	946	884519	nsd/68842.png
1728.345703125	0.0	image/876	876	884913	nsd/63931.png
1729.966796875	0.0	image/853	853	885743	nsd/61873.png
1730.779296875	0.0	image/894	894	886159	nsd/65187.png
1731.568359375	0.0	image/912	912	886563	nsd/66216.png
1732.3828125	0.0	image/851	851	886980	nsd/61801.png
1733.162109375	0.0	image/867	867	887379	nsd/62960.png
1733.96875	0.0	image/912	912	887792	nsd/66216.png
1741.14453125	0.0	image/6	6	891466	nsd/3157.png
1741.923828125	0.0	image/70	70	891865	nsd/7007.png
1742.744140625	0.0	image/88	88	892285	nsd/8204.png
1743.544921875	0.0	image/15	15	892695	nsd/3682.png
1744.33984375	0.0	image/67	67	893102	nsd/6640.png
1745.9296875	0.0	image/74	74	893916	nsd/7336.png
1746.712890625	0.0	image/14	14	894317	nsd/3626.png
1747.546875	0.0	image/106	106	894744	nsd/9048.png
1748.37890625	0.0	image/35	35	895170	nsd/4768.png
1749.1796875	0.0	image/49	49	895580	nsd/5502.png
1749.974609375	0.0	image/48	48	895987	nsd/5459.png
1750.7734375	0.0	image/111	111	896396	nsd/9680.png
1751.580078125	0.0	image/73	73	896809	nsd/7207.png
1752.375	0.0	image/110	110	897216	nsd/9462.png
1753.17578125	0.0	image/11	11	897626	nsd/3434.png
1753.998046875	0.0	image/5	5	898047	nsd/3146.png
1754.828125	0.0	image/98	98	898472	nsd/8509.png
1755.6484375	0.0	image/88	88	898892	nsd/8204.png
1756.458984375	0.0	image/115	115	899307	nsd/9865.png
1757.228515625	0.0	image/12	12	899701	nsd/3449.png
1758.015625	0.0	image/48	48	900104	nsd/5459.png
1758.810546875	0.0	image/17	17	900511	nsd/3729.png
1759.615234375	0.0	image/36	36	900923	nsd/4786.png
1760.43359375	0.0	image/103	103	901342	nsd/8925.png
1761.228515625	0.0	image/37	37	901749	nsd/4835.png
1762.03515625	0.0	image/102	102	902162	nsd/8843.png
1762.81640625	0.0	image/15	15	902562	nsd/3682.png
1763.611328125	0.0	image/47	47	902969	nsd/5427.png
1764.416015625	0.0	image/24	24	903381	nsd/4051.png
1765.201171875	0.0	image/96	96	903783	nsd/8435.png
1766.013671875	0.0	image/76	76	904199	nsd/7409.png
1766.8359375	0.0	image/27	27	904620	nsd/4156.png
1767.62890625	0.0	image/31	31	905026	nsd/4436.png
1768.427734375	0.0	image/24	24	905435	nsd/4051.png
1769.236328125	0.0	image/8	8	905849	nsd/3171.png
1770.013671875	0.0	image/72	72	906247	nsd/7120.png
1770.81640625	0.0	image/34	34	906658	nsd/4690.png
1771.63671875	0.0	image/42	42	907078	nsd/5106.png
1772.4140625	0.0	image/85	85	907476	nsd/7954.png
1773.181640625	0.0	image/64	64	907869	nsd/6521.png
1773.986328125	0.0	image/111	111	908281	nsd/9680.png
1774.771484375	0.0	image/29	29	908683	nsd/4325.png
1775.5703125	0.0	image/47	47	909092	nsd/5427.png
1776.388671875	0.0	image/113	113	909511	nsd/9804.png
1777.19921875	0.0	image/21	21	909926	nsd/3856.png
1777.982421875	0.0	image/59	59	910327	nsd/6222.png
1779.572265625	0.0	image/51	51	911141	nsd/5574.png
1780.35546875	0.0	image/65	65	911542	nsd/6524.png
1781.990234375	0.0	image/2	2	912379	nsd/2990.png
1782.822265625	0.0	image/107	107	912805	nsd/9147.png
1783.634765625	0.0	image/87	87	913221	nsd/8109.png
1784.41796875	0.0	image/38	38	913622	nsd/4869.png
1785.185546875	0.0	image/19	19	914015	nsd/3842.png
1785.990234375	0.0	image/75	75	914427	nsd/7366.png
1786.802734375	0.0	image/63	63	914843	nsd/6514.png
1788.458984375	0.0	image/3	3	915691	nsd/3049.png
1789.2578125	0.0	image/83	83	916100	nsd/7944.png
1790.05859375	0.0	image/26	26	916510	nsd/4129.png
1790.8359375	0.0	image/99	99	916908	nsd/8631.png
1791.63671875	0.0	image/98	98	917318	nsd/8509.png
1792.443359375	0.0	image/5	5	917731	nsd/3146.png
1793.2265625	0.0	image/52	52	918132	nsd/5583.png
1794.046875	0.0	image/4	4	918552	nsd/3077.png
1794.84375	0.0	image/14	14	918960	nsd/3626.png
1796.443359375	0.0	image/56	56	919779	nsd/5890.png
1797.255859375	0.0	image/74	74	920195	nsd/7336.png
1798.0234375	0.0	image/96	96	920588	nsd/8435.png
1798.7890625	0.0	image/62	62	920980	nsd/6489.png
1799.556640625	0.0	image/20	20	921373	nsd/3847.png
1800.328125	0.0	image/80	80	921768	nsd/7659.png
1801.111328125	0.0	image/45	45	922169	nsd/5301.png
1801.939453125	0.0	image/95	95	922593	nsd/8415.png
1802.70703125	0.0	image/4	4	922986	nsd/3077.png
1804.3125	0.0	image/61	61	923808	nsd/6444.png
1805.107421875	0.0	image/69	69	924215	nsd/6801.png
1805.9140625	0.0	image/17	17	924628	nsd/3729.png
1806.74609375	0.0	image/66	66	925054	nsd/6558.png
1807.546875	0.0	image/29	29	925464	nsd/4325.png
1808.341796875	0.0	image/58	58	925871	nsd/6199.png
1809.142578125	0.0	image/90	90	926281	nsd/8262.png
1809.939453125	0.0	image/97	97	926689	nsd/8465.png
1810.759765625	0.0	image/35	35	927109	nsd/4768.png
1811.564453125	0.0	image/69	69	927521	nsd/6801.png
1812.359375	0.0	image/8	8	927928	nsd/3171.png
1813.16015625	0.0	image/79	79	928338	nsd/7654.png
1813.92578125	0.0	image/46	46	928730	nsd/5338.png
1814.744140625	0.0	image/22	22	929149	nsd/3913.png
1815.56640625	0.0	image/54	54	929570	nsd/5714.png
1816.392578125	0.0	image/115	115	929993	nsd/9865.png
1817.984375	0.0	image/25	25	930808	nsd/4058.png
1818.767578125	0.0	image/44	44	931209	nsd/5285.png
1819.6015625	0.0	image/46	46	931636	nsd/5338.png
1820.41796875	0.0	image/43	43	932054	nsd/5204.png
1821.1953125	0.0	image/104	104	932452	nsd/8933.png
1821.978515625	0.0	image/68	68	932853	nsd/6713.png
1822.78515625	0.0	image/18	18	933266	nsd/3809.png
1823.61328125	0.0	image/58	58	933690	nsd/6199.png
1824.37890625	0.0	image/39	39	934082	nsd/4892.png
1825.185546875	0.0	image/68	68	934495	nsd/6713.png
1825.99609375	0.0	image/27	27	934910	nsd/4156.png
1826.763671875	0.0	image/106	106	935303	nsd/9048.png
1827.5859375	0.0	image/18	18	935724	nsd/3809.png
1828.3828125	0.0	image/105	105	936132	nsd/9027.png
1830.00390625	0.0	image/64	64	936962	nsd/6521.png
1830.783203125	0.0	image/39	39	937361	nsd/4892.png
1831.568359375	0.0	image/117	117	937763	nsd/9978.png
1832.37109375	0.0	image/91	91	938174	nsd/8274.png
1833.154296875	0.0	image/86	86	938575	nsd/8006.png
1833.966796875	0.0	image/107	107	938991	nsd/9147.png
1834.73828125	0.0	image/41	41	939386	nsd/5034.png
1836.35546875	0.0	image/84	84	940214	nsd/7948.png
1837.138671875	0.0	image/109	109	940615	nsd/9434.png
1837.93359375	0.0	image/44	44	941022	nsd/5285.png
1838.740234375	0.0	image/102	102	941435	nsd/8843.png
1839.556640625	0.0	image/93	93	941853	nsd/8387.png
1840.3671875	0.0	image/23	23	942268	nsd/3951.png
1841.158203125	0.0	image/45	45	942673	nsd/5301.png
1841.95703125	0.0	image/109	109	943082	nsd/9434.png
1842.76953125	0.0	image/70	70	943498	nsd/7007.png
1843.56640625	0.0	image/1	1	943906	nsd/2950.png
1845.158203125	0.0	image/99	99	944721	nsd/8631.png
1845.9921875	0.0	image/19	19	945148	nsd/3842.png
1847.591796875	0.0	image/16	16	945967	nsd/3687.png
1848.404296875	0.0	image/100	100	946383	nsd/8646.png
1849.193359375	0.0	image/118	118	946787	nsd/10006.png
1850.009765625	0.0	image/119	119	947205	nsd/10046.png
1850.837890625	0.0	image/72	72	947629	nsd/7120.png
1851.64453125	0.0	image/20	20	948042	nsd/3847.png
1852.4609375	0.0	image/43	43	948460	nsd/5204.png
1853.23828125	0.0	image/9	9	948858	nsd/3181.png
1854.044921875	0.0	image/100	100	949271	nsd/8646.png
1854.828125	0.0	image/33	33	949672	nsd/4667.png
1855.611328125	0.0	image/40	40	950073	nsd/4930.png
1856.388671875	0.0	image/71	71	950471	nsd/7039.png
1858.01171875	0.0	image/60	60	951302	nsd/6431.png
1858.8125	0.0	image/53	53	951712	nsd/5602.png
1859.640625	0.0	image/104	104	952136	nsd/8933.png
1860.4453125	0.0	image/54	54	952548	nsd/5714.png
1861.263671875	0.0	image/113	113	952967	nsd/9804.png
1862.041015625	0.0	image/55	55	953365	nsd/5878.png
1862.86328125	0.0	image/120	120	953786	nsd/10064.png
1863.67578125	0.0	image/61	61	954202	nsd/6444.png
1864.458984375	0.0	image/78	78	954603	nsd/7480.png
1865.265625	0.0	image/110	110	955016	nsd/9462.png
1866.04296875	0.0	image/86	86	955414	nsd/8006.png
1866.826171875	0.0	image/81	81	955815	nsd/7840.png
1867.6484375	0.0	image/26	26	956236	nsd/4129.png
1868.431640625	0.0	image/79	79	956637	nsd/7654.png
1869.244140625	0.0	image/87	87	957053	nsd/8109.png
1870.048828125	0.0	image/2	2	957465	nsd/2990.png
1870.826171875	0.0	image/16	16	957863	nsd/3687.png
1871.611328125	0.0	image/1	1	958265	nsd/2950.png
1872.416015625	0.0	image/42	42	958677	nsd/5106.png
1873.228515625	0.0	image/40	40	959093	nsd/4930.png
1873.994140625	0.0	image/75	75	959485	nsd/7366.png
1874.779296875	0.0	image/81	81	959887	nsd/7840.png
1875.568359375	0.0	image/116	116	960291	nsd/9917.png
1876.39453125	0.0	image/67	67	960714	nsd/6640.png
1877.201171875	0.0	image/49	49	961127	nsd/5502.png
1878.029296875	0.0	image/41	41	961551	nsd/5034.png
1878.830078125	0.0	image/32	32	961961	nsd/4612.png
1879.619140625	0.0	image/89	89	962365	nsd/8225.png
1880.431640625	0.0	image/55	55	962781	nsd/5878.png
1881.251953125	0.0	image/32	32	963201	nsd/4612.png
1882.0703125	0.0	image/95	95	963620	nsd/8415.png
1882.884765625	0.0	image/71	71	964037	nsd/7039.png
1883.669921875	0.0	image/28	28	964439	nsd/4249.png
1885.236328125	0.0	image/65	65	965241	nsd/6524.png
1886.85546875	0.0	image/34	34	966070	nsd/4690.png
1887.66796875	0.0	image/78	78	966486	nsd/7480.png
1888.482421875	0.0	image/119	119	966903	nsd/10046.png
1889.298828125	0.0	image/56	56	967321	nsd/5890.png
1890.10546875	0.0	image/90	90	967734	nsd/8262.png
1891.72265625	0.0	image/11	11	968562	nsd/3434.png
1892.5234375	0.0	image/50	50	968972	nsd/5542.png
1893.31640625	0.0	image/105	105	969378	nsd/9027.png
1894.10546875	0.0	image/114	114	969782	nsd/9847.png
1894.890625	0.0	image/13	13	970184	nsd/3489.png
1895.685546875	0.0	image/51	51	970591	nsd/5574.png
1896.486328125	0.0	image/57	57	971001	nsd/6132.png
1897.291015625	0.0	image/92	92	971413	nsd/8318.png
1898.875	0.0	image/7	7	972224	nsd/3164.png
1899.658203125	0.0	image/117	117	972625	nsd/9978.png
1900.44140625	0.0	image/77	77	973026	nsd/7418.png
1901.25390625	0.0	image/108	108	973442	nsd/9230.png
1902.859375	0.0	image/94	94	974264	nsd/8394.png
1903.654296875	0.0	image/62	62	974671	nsd/6489.png
1905.2265625	0.0	image/66	66	975476	nsd/6558.png
1906.021484375	0.0	image/6	6	975883	nsd/3157.png
1906.828125	0.0	image/31	31	976296	nsd/4436.png
1907.654296875	0.0	image/112	112	976719	nsd/9722.png
1908.45703125	0.0	image/59	59	977130	nsd/6222.png
1909.2734375	0.0	image/38	38	977548	nsd/4869.png
1910.0546875	0.0	image/25	25	977948	nsd/4058.png
1910.85546875	0.0	image/116	116	978358	nsd/9917.png
1911.662109375	0.0	image/112	112	978771	nsd/9722.png
1912.439453125	0.0	image/50	50	979169	nsd/5542.png
1913.26171875	0.0	image/57	57	979590	nsd/6132.png
1914.0625	0.0	image/28	28	980000	nsd/4249.png
1914.841796875	0.0	image/21	21	980399	nsd/3856.png
1915.626953125	0.0	image/30	30	980801	nsd/4423.png
1917.263671875	0.0	image/76	76	981639	nsd/7409.png
1918.046875	0.0	image/84	84	982040	nsd/7948.png
1918.841796875	0.0	image/120	120	982447	nsd/10064.png
1919.662109375	0.0	image/73	73	982867	nsd/7207.png
1921.28125	0.0	image/60	60	983696	nsd/6431.png
1922.115234375	0.0	image/52	52	984123	nsd/5583.png
1922.92578125	0.0	image/82	82	984538	nsd/7859.png
1923.732421875	0.0	image/12	12	984951	nsd/3449.png
1924.56640625	0.0	image/63	63	985378	nsd/6514.png
1926.166015625	0.0	image/91	91	986197	nsd/8274.png
1926.994140625	0.0	image/13	13	986621	nsd/3489.png
1927.81640625	0.0	image/93	93	987042	nsd/8387.png
1928.59375	0.0	image/30	30	987440	nsd/4423.png
1929.384765625	0.0	image/82	82	987845	nsd/7859.png
1930.2109375	0.0	image/22	22	988268	nsd/3913.png
1931.001953125	0.0	image/36	36	988673	nsd/4786.png
1931.833984375	0.0	image/23	23	989099	nsd/3951.png
1932.62890625	0.0	image/103	103	989506	nsd/8925.png
1933.451171875	0.0	image/101	101	989927	nsd/8807.png
1934.251953125	0.0	image/97	97	990337	nsd/8465.png
1935.080078125	0.0	image/7	7	990761	nsd/3164.png
1936.71484375	0.0	image/92	92	991598	nsd/8318.png
1937.501953125	0.0	image/9	9	992001	nsd/3181.png
1938.314453125	0.0	image/53	53	992417	nsd/5602.png
1939.12109375	0.0	image/101	101	992830	nsd/8807.png
1939.904296875	0.0	image/114	114	993231	nsd/9847.png
1940.681640625	0.0	image/118	118	993629	nsd/10006.png
1941.470703125	0.0	image/10	10	994033	nsd/3386.png
1942.265625	0.0	image/108	108	994440	nsd/9230.png
1943.08203125	0.0	image/80	80	994858	nsd/7659.png
1943.849609375	0.0	image/33	33	995251	nsd/4667.png
1944.65234375	0.0	image/37	37	995662	nsd/4835.png
1945.482421875	0.0	image/10	10	996087	nsd/3386.png
1946.255859375	0.0	image/85	85	996483	nsd/7954.png
1947.0546875	0.0	image/83	83	996892	nsd/7944.png
1947.884765625	0.0	image/77	77	997317	nsd/7418.png
1949.435546875	0.0	image/89	89	998111	nsd/8225.png
1950.22265625	0.0	image/3	3	998514	nsd/3049.png
1951.806640625	0.0	image/94	94	999325	nsd/8394.png
1958.56640625	0.0	image/201	201	1002786	nsd/16723.png
1959.345703125	0.0	image/177	177	1003185	nsd/14644.png
1960.1171875	0.0	image/217	217	1003580	nsd/17776.png
1960.91015625	0.0	image/239	239	1003986	nsd/19933.png
1961.728515625	0.0	image/173	173	1004405	nsd/14528.png
1962.55078125	0.0	image/166	166	1004826	nsd/13720.png
1963.376953125	0.0	image/197	197	1005249	nsd/16616.png
1964.18359375	0.0	image/204	204	1005662	nsd/16865.png
1964.978515625	0.0	image/219	219	1006069	nsd/17934.png
1965.80078125	0.0	image/210	210	1006490	nsd/17369.png
1966.6015625	0.0	image/228	228	1006900	nsd/18796.png
1967.37890625	0.0	image/170	170	1007298	nsd/14165.png
1968.185546875	0.0	image/192	192	1007711	nsd/16063.png
1968.96875	0.0	image/166	166	1008112	nsd/13720.png
1969.74609375	0.0	image/152	152	1008510	nsd/12495.png
1970.51171875	0.0	image/131	131	1008902	nsd/11159.png
1971.314453125	0.0	image/209	209	1009313	nsd/17238.png
1972.103515625	0.0	image/207	207	1009717	nsd/17048.png
1972.880859375	0.0	image/126	126	1010115	nsd/10507.png
1973.6640625	0.0	image/197	197	1010516	nsd/16616.png
1974.486328125	0.0	image/234	234	1010937	nsd/19436.png
1975.28125	0.0	image/130	130	1011344	nsd/10907.png
1976.099609375	0.0	image/223	223	1011763	nsd/18483.png
1976.865234375	0.0	image/169	169	1012155	nsd/14121.png
1977.671875	0.0	image/127	127	1012568	nsd/10586.png
1979.22265625	0.0	image/215	215	1013362	nsd/17549.png
1980.0546875	0.0	image/192	192	1013788	nsd/16063.png
1980.849609375	0.0	image/122	122	1014195	nsd/10107.png
1981.623046875	0.0	image/212	212	1014591	nsd/17450.png
1982.423828125	0.0	image/226	226	1015001	nsd/18543.png
1983.234375	0.0	image/206	206	1015416	nsd/16917.png
1984.033203125	0.0	image/227	227	1015825	nsd/18690.png
1984.83984375	0.0	image/155	155	1016238	nsd/12796.png
1986.44140625	0.0	image/198	198	1017058	nsd/16635.png
1987.224609375	0.0	image/134	134	1017459	nsd/11521.png
1988.01953125	0.0	image/229	229	1017866	nsd/19074.png
1988.802734375	0.0	image/209	209	1018267	nsd/17238.png
1989.609375	0.0	image/229	229	1018680	nsd/19074.png
1990.392578125	0.0	image/131	131	1019081	nsd/11159.png
1991.171875	0.0	image/216	216	1019480	nsd/17595.png
1991.955078125	0.0	image/159	159	1019881	nsd/13138.png
1992.75	0.0	image/193	193	1020288	nsd/16252.png
1993.5703125	0.0	image/205	205	1020708	nsd/16868.png
1994.337890625	0.0	image/135	135	1021101	nsd/11566.png
1995.126953125	0.0	image/187	187	1021505	nsd/15492.png
1995.955078125	0.0	image/123	123	1021929	nsd/10244.png
1996.73828125	0.0	image/149	149	1022330	nsd/12214.png
1997.544921875	0.0	image/220	220	1022743	nsd/17942.png
1998.373046875	0.0	image/223	223	1023167	nsd/18483.png
1999.162109375	0.0	image/178	178	1023571	nsd/14793.png
1999.994140625	0.0	image/202	202	1023997	nsd/16823.png
2000.794921875	0.0	image/194	194	1024407	nsd/16344.png
2001.595703125	0.0	image/162	162	1024817	nsd/13314.png
2002.369140625	0.0	image/121	121	1025213	nsd/10105.png
2003.99609375	0.0	image/125	125	1026046	nsd/10471.png
2004.806640625	0.0	image/156	156	1026461	nsd/12798.png
2005.595703125	0.0	image/127	127	1026865	nsd/10586.png
2006.373046875	0.0	image/141	141	1027263	nsd/11827.png
2007.998046875	0.0	image/136	136	1028095	nsd/11617.png
2008.791015625	0.0	image/176	176	1028501	nsd/14610.png
2009.57421875	0.0	image/159	159	1028902	nsd/13138.png
2011.19921875	0.0	image/150	150	1029734	nsd/12308.png
2011.9765625	0.0	image/124	124	1030132	nsd/10393.png
2012.78125	0.0	image/163	163	1030544	nsd/13613.png
2013.56640625	0.0	image/165	165	1030946	nsd/13662.png
2015.166015625	0.0	image/235	235	1031765	nsd/19573.png
2015.9609375	0.0	image/174	174	1032172	nsd/14567.png
2016.76171875	0.0	image/188	188	1032582	nsd/15506.png
2017.52734375	0.0	image/216	216	1032974	nsd/17595.png
2018.318359375	0.0	image/195	195	1033379	nsd/16421.png
2019.1171875	0.0	image/149	149	1033788	nsd/12214.png
2019.912109375	0.0	image/184	184	1034195	nsd/15025.png
2020.68359375	0.0	image/215	215	1034590	nsd/17549.png
2021.46875	0.0	image/213	213	1034992	nsd/17463.png
2022.251953125	0.0	image/208	208	1035393	nsd/17230.png
2023.080078125	0.0	image/211	211	1035817	nsd/17374.png
2023.87890625	0.0	image/158	158	1036226	nsd/12937.png
2024.6953125	0.0	image/122	122	1036644	nsd/10107.png
2025.501953125	0.0	image/175	175	1037057	nsd/14594.png
2027.0703125	0.0	image/231	231	1037860	nsd/19199.png
2027.86328125	0.0	image/142	142	1038266	nsd/11837.png
2029.453125	0.0	image/183	183	1039080	nsd/15003.png
2030.232421875	0.0	image/224	224	1039479	nsd/18505.png
2031.0546875	0.0	image/181	181	1039900	nsd/14898.png
2031.87109375	0.0	image/164	164	1040318	nsd/13653.png
2032.705078125	0.0	image/134	134	1040745	nsd/11521.png
2033.5	0.0	image/167	167	1041152	nsd/13846.png
2034.322265625	0.0	image/179	179	1041573	nsd/14808.png
2035.939453125	0.0	image/212	212	1042401	nsd/17450.png
2036.755859375	0.0	image/190	190	1042819	nsd/15819.png
2037.583984375	0.0	image/132	132	1043243	nsd/11333.png
2039.22265625	0.0	image/128	128	1044082	nsd/10600.png
2040.041015625	0.0	image/126	126	1044501	nsd/10507.png
2040.818359375	0.0	image/161	161	1044899	nsd/13312.png
2041.619140625	0.0	image/200	200	1045309	nsd/16702.png
2042.44140625	0.0	image/210	210	1045730	nsd/17369.png
2044.07421875	0.0	image/213	213	1046566	nsd/17463.png
2044.892578125	0.0	image/234	234	1046985	nsd/19436.png
2045.67578125	0.0	image/230	230	1047386	nsd/19181.png
2046.458984375	0.0	image/145	145	1047787	nsd/11942.png
2048.091796875	0.0	image/188	188	1048623	nsd/15506.png
2048.921875	0.0	image/157	157	1049048	nsd/12922.png
2049.7265625	0.0	image/199	199	1049460	nsd/16655.png
2050.50390625	0.0	image/220	220	1049858	nsd/17942.png
2051.2890625	0.0	image/233	233	1050260	nsd/19292.png
2052.90234375	0.0	image/230	230	1051086	nsd/19181.png
2054.4609375	0.0	image/211	211	1051884	nsd/17374.png
2055.26171875	0.0	image/225	225	1052294	nsd/18535.png
2056.0390625	0.0	image/194	194	1052692	nsd/16344.png
2056.83984375	0.0	image/129	129	1053102	nsd/10610.png
2057.662109375	0.0	image/184	184	1053523	nsd/15025.png
2058.490234375	0.0	image/174	174	1053947	nsd/14567.png
2059.255859375	0.0	image/138	138	1054339	nsd/11689.png
2060.080078125	0.0	image/176	176	1054761	nsd/14610.png
2060.857421875	0.0	image/224	224	1055159	nsd/18505.png
2061.623046875	0.0	image/237	237	1055551	nsd/19672.png
2062.4296875	0.0	image/146	146	1055964	nsd/11952.png
2063.23046875	0.0	image/189	189	1056374	nsd/15793.png
2064.013671875	0.0	image/162	162	1056775	nsd/13314.png
2064.79296875	0.0	image/164	164	1057174	nsd/13653.png
2065.59765625	0.0	image/233	233	1057586	nsd/19292.png
2066.380859375	0.0	image/145	145	1057987	nsd/11942.png
2067.1640625	0.0	image/138	138	1058388	nsd/11689.png
2067.982421875	0.0	image/225	225	1058807	nsd/18535.png
2068.78125	0.0	image/157	157	1059216	nsd/12922.png
2069.615234375	0.0	image/152	152	1059643	nsd/12495.png
2070.3984375	0.0	image/222	222	1060044	nsd/18434.png
2071.2265625	0.0	image/208	208	1060468	nsd/17230.png
2072.80078125	0.0	image/172	172	1061274	nsd/14443.png
2073.578125	0.0	image/180	180	1061672	nsd/14820.png
2074.400390625	0.0	image/232	232	1062093	nsd/19200.png
2075.2109375	0.0	image/202	202	1062508	nsd/16823.png
2075.978515625	0.0	image/151	151	1062901	nsd/12487.png
2076.80078125	0.0	image/168	168	1063322	nsd/14110.png
2078.40234375	0.0	image/132	132	1064142	nsd/11333.png
2079.185546875	0.0	image/129	129	1064543	nsd/10610.png
2080.013671875	0.0	image/235	235	1064967	nsd/19573.png
2081.5859375	0.0	image/186	186	1065772	nsd/15364.png
2082.380859375	0.0	image/189	189	1066179	nsd/15793.png
2083.1640625	0.0	image/193	193	1066580	nsd/16252.png
2083.970703125	0.0	image/191	191	1066993	nsd/15939.png
2084.798828125	0.0	image/123	123	1067417	nsd/10244.png
2085.583984375	0.0	image/205	205	1067819	nsd/16868.png
2086.37109375	0.0	image/169	169	1068222	nsd/14121.png
2087.181640625	0.0	image/128	128	1068637	nsd/10600.png
2087.96484375	0.0	image/156	156	1069038	nsd/12798.png
2088.771484375	0.0	image/163	163	1069451	nsd/13613.png
2089.58203125	0.0	image/191	191	1069866	nsd/15939.png
2090.365234375	0.0	image/181	181	1070267	nsd/14898.png
2091.15625	0.0	image/195	195	1070672	nsd/16421.png
2091.939453125	0.0	image/186	186	1071073	nsd/15364.png
2092.716796875	0.0	image/231	231	1071471	nsd/19199.png
2093.517578125	0.0	image/153	153	1071881	nsd/12634.png
2095.15625	0.0	image/150	150	1072720	nsd/12308.png
2095.97265625	0.0	image/239	239	1073138	nsd/19933.png
2096.78515625	0.0	image/160	160	1073554	nsd/13230.png
2098.390625	0.0	image/196	196	1074376	nsd/16466.png
2099.169921875	0.0	image/228	228	1074775	nsd/18796.png
2099.9921875	0.0	image/221	221	1075196	nsd/18268.png
2100.76953125	0.0	image/219	219	1075594	nsd/17934.png
2101.5859375	0.0	image/217	217	1076012	nsd/17776.png
2102.392578125	0.0	image/236	236	1076425	nsd/19642.png
2103.220703125	0.0	image/130	130	1076849	nsd/10907.png
2104.025390625	0.0	image/148	148	1077261	nsd/12075.png
2104.8203125	0.0	image/238	238	1077668	nsd/19690.png
2105.60546875	0.0	image/214	214	1078070	nsd/17485.png
2106.392578125	0.0	image/187	187	1078473	nsd/15492.png
2107.220703125	0.0	image/226	226	1078897	nsd/18543.png
2108.00390625	0.0	image/178	178	1079298	nsd/14793.png
2108.771484375	0.0	image/185	185	1079691	nsd/15128.png
2109.54296875	0.0	image/203	203	1080086	nsd/16841.png
2111.177734375	0.0	image/140	140	1080923	nsd/11796.png
2111.9609375	0.0	image/133	133	1081324	nsd/11487.png
2112.76171875	0.0	image/165	165	1081734	nsd/13662.png
2113.556640625	0.0	image/135	135	1082141	nsd/11566.png
2114.345703125	0.0	image/236	236	1082545	nsd/19642.png
2115.12890625	0.0	image/153	153	1082946	nsd/12634.png
2115.923828125	0.0	image/147	147	1083353	nsd/12065.png
2116.74609375	0.0	image/142	142	1083774	nsd/11837.png
2117.529296875	0.0	image/183	183	1084175	nsd/15003.png
2118.36328125	0.0	image/206	206	1084602	nsd/16917.png
2119.1796875	0.0	image/182	182	1085020	nsd/14931.png
2119.994140625	0.0	image/144	144	1085437	nsd/11932.png
2120.814453125	0.0	image/190	190	1085857	nsd/15819.png
2121.591796875	0.0	image/171	171	1086255	nsd/14179.png
2122.359375	0.0	image/238	238	1086648	nsd/19690.png
2123.125	0.0	image/203	203	1087040	nsd/16841.png
2123.892578125	0.0	image/199	199	1087433	nsd/16655.png
2124.681640625	0.0	image/139	139	1087837	nsd/11725.png
2125.46484375	0.0	image/124	124	1088238	nsd/10393.png
2127.015625	0.0	image/237	237	1089032	nsd/19672.png
2127.849609375	0.0	image/177	177	1089459	nsd/14644.png
2128.62890625	0.0	image/143	143	1089858	nsd/11844.png
2130.25	0.0	image/180	180	1090688	nsd/14820.png
2131.044921875	0.0	image/140	140	1091095	nsd/11796.png
2131.818359375	0.0	image/144	144	1091491	nsd/11932.png
2132.62890625	0.0	image/179	179	1091906	nsd/14808.png
2133.4453125	0.0	image/154	154	1092324	nsd/12685.png
2134.251953125	0.0	image/214	214	1092737	nsd/17485.png
2135.080078125	0.0	image/218	218	1093161	nsd/17794.png
2135.845703125	0.0	image/200	200	1093553	nsd/16702.png
2136.65234375	0.0	image/222	222	1093966	nsd/18434.png
2137.462890625	0.0	image/196	196	1094381	nsd/16466.png
2138.287109375	0.0	image/125	125	1094803	nsd/10471.png
2139.0703125	0.0	image/240	240	1095204	nsd/20054.png
2139.84765625	0.0	image/172	172	1095602	nsd/14443.png
2140.669921875	0.0	image/146	146	1096023	nsd/11952.png
2142.283203125	0.0	image/240	240	1096849	nsd/20054.png
2143.115234375	0.0	image/170	170	1097275	nsd/14165.png
2143.8984375	0.0	image/137	137	1097676	nsd/11635.png
2144.666015625	0.0	image/207	207	1098069	nsd/17048.png
2145.455078125	0.0	image/141	141	1098473	nsd/11827.png
2146.265625	0.0	image/160	160	1098888	nsd/13230.png
2147.08203125	0.0	image/171	171	1099306	nsd/14179.png
2147.873046875	0.0	image/155	155	1099711	nsd/12796.png
2148.666015625	0.0	image/139	139	1100117	nsd/11725.png
2149.490234375	0.0	image/175	175	1100539	nsd/14594.png
2150.2890625	0.0	image/182	182	1100948	nsd/14931.png
2151.123046875	0.0	image/151	151	1101375	nsd/12487.png
2151.923828125	0.0	image/136	136	1101785	nsd/11617.png
2152.734375	0.0	image/173	173	1102200	nsd/14528.png
2153.556640625	0.0	image/167	167	1102621	nsd/13846.png
2154.369140625	0.0	image/168	168	1103037	nsd/14110.png
2155.154296875	0.0	image/137	137	1103439	nsd/11635.png
2155.958984375	0.0	image/218	218	1103851	nsd/17794.png
2156.7421875	0.0	image/198	198	1104252	nsd/16635.png
2157.53515625	0.0	image/232	232	1104658	nsd/19200.png
2159.13671875	0.0	image/221	221	1105478	nsd/18268.png
2159.904296875	0.0	image/161	161	1105871	nsd/13312.png
2160.708984375	0.0	image/133	133	1106283	nsd/11487.png
2161.537109375	0.0	image/121	121	1106707	nsd/10105.png
2162.3046875	0.0	image/148	148	1107100	nsd/12075.png
2163.072265625	0.0	image/154	154	1107493	nsd/12685.png
2163.89453125	0.0	image/147	147	1107914	nsd/12065.png
2164.689453125	0.0	image/204	204	1108321	nsd/16865.png
2165.494140625	0.0	image/201	201	1108733	nsd/16723.png
2166.2890625	0.0	image/185	185	1109140	nsd/15128.png
2167.10546875	0.0	image/158	158	1109558	nsd/12937.png
2167.87890625	0.0	image/227	227	1109954	nsd/18690.png
2168.662109375	0.0	image/143	143	1110355	nsd/11844.png
2175.400390625	0.0	image/285	285	1113805	nsd/22845.png
2176.228515625	0.0	image/249	249	1114229	nsd/20650.png
2177.05078125	0.0	image/272	272	1114650	nsd/22263.png
2177.861328125	0.0	image/246	246	1115065	nsd/20307.png
2178.650390625	0.0	image/333	333	1115469	nsd/25693.png
2179.435546875	0.0	image/284	284	1115871	nsd/22809.png
2180.26953125	0.0	image/267	267	1116298	nsd/21950.png
2181.05078125	0.0	image/339	339	1116698	nsd/25906.png
2181.8359375	0.0	image/344	344	1117100	nsd/26243.png
2182.669921875	0.0	image/294	294	1117527	nsd/23492.png
2183.501953125	0.0	image/345	345	1117953	nsd/26292.png
2184.314453125	0.0	image/348	348	1118369	nsd/26372.png
2185.08203125	0.0	image/327	327	1118762	nsd/25454.png
2185.88671875	0.0	image/311	311	1119174	nsd/24649.png
2186.681640625	0.0	image/276	276	1119581	nsd/22515.png
2187.50390625	0.0	image/313	313	1120002	nsd/24740.png
2188.3046875	0.0	image/329	329	1120412	nsd/25578.png
2189.134765625	0.0	image/300	300	1120837	nsd/23993.png
2189.94921875	0.0	image/254	254	1121254	nsd/21108.png
2191.572265625	0.0	image/246	246	1122085	nsd/20307.png
2193.15625	0.0	image/335	335	1122896	nsd/25711.png
2193.98828125	0.0	image/265	265	1123322	nsd/21601.png
2195.623046875	0.0	image/345	345	1124159	nsd/26292.png
2196.400390625	0.0	image/340	340	1124557	nsd/25959.png
2197.16796875	0.0	image/243	243	1124950	nsd/20206.png
2198.7734375	0.0	image/306	306	1125772	nsd/24517.png
2199.607421875	0.0	image/314	314	1126199	nsd/24787.png
2200.390625	0.0	image/289	289	1126600	nsd/22957.png
2201.21875	0.0	image/268	268	1127024	nsd/21989.png
2202.025390625	0.0	image/278	278	1127437	nsd/22530.png
2202.853515625	0.0	image/332	332	1127861	nsd/25602.png
2203.62109375	0.0	image/303	303	1128254	nsd/24264.png
2204.408203125	0.0	image/280	280	1128657	nsd/22587.png
2205.23828125	0.0	image/288	288	1129082	nsd/22886.png
2206.021484375	0.0	image/326	326	1129483	nsd/25371.png
2206.826171875	0.0	image/282	282	1129895	nsd/22782.png
2207.603515625	0.0	image/331	331	1130293	nsd/25588.png
2208.388671875	0.0	image/314	314	1130695	nsd/24787.png
2209.2109375	0.0	image/299	299	1131116	nsd/23883.png
2210.005859375	0.0	image/258	258	1131523	nsd/21218.png
2210.8046875	0.0	image/352	352	1131932	nsd/26720.png
2211.611328125	0.0	image/285	285	1132345	nsd/22845.png
2212.439453125	0.0	image/244	244	1132769	nsd/20223.png
2213.244140625	0.0	image/256	256	1133181	nsd/21194.png
2214.029296875	0.0	image/343	343	1133583	nsd/26163.png
2214.841796875	0.0	image/354	354	1133999	nsd/26895.png
2215.662109375	0.0	image/304	304	1134419	nsd/24317.png
2216.439453125	0.0	image/323	323	1134817	nsd/25287.png
2217.22265625	0.0	image/261	261	1135218	nsd/21318.png
2218.01171875	0.0	image/298	298	1135622	nsd/23876.png
2218.814453125	0.0	image/319	319	1136033	nsd/25205.png
2220.4296875	0.0	image/341	341	1136860	nsd/26119.png
2221.224609375	0.0	image/326	326	1137267	nsd/25371.png
2222.009765625	0.0	image/301	301	1137669	nsd/24202.png
2222.814453125	0.0	image/308	308	1138081	nsd/24560.png
2223.623046875	0.0	image/356	356	1138495	nsd/26971.png
2224.376953125	0.0	image/267	267	1138881	nsd/21950.png
2225.19921875	0.0	image/245	245	1139302	nsd/20265.png
2225.982421875	0.0	image/261	261	1139703	nsd/21318.png
2226.759765625	0.0	image/358	358	1140101	nsd/27242.png
2227.560546875	0.0	image/329	329	1140511	nsd/25578.png
2228.349609375	0.0	image/293	293	1140915	nsd/23241.png
2229.166015625	0.0	image/269	269	1141333	nsd/22138.png
2229.966796875	0.0	image/315	315	1141743	nsd/24846.png
2230.77734375	0.0	image/355	355	1142158	nsd/26909.png
2231.599609375	0.0	image/274	274	1142579	nsd/22495.png
2232.41796875	0.0	image/281	281	1142998	nsd/22772.png
2234.01171875	0.0	image/266	266	1143814	nsd/21703.png
2234.818359375	0.0	image/259	259	1144227	nsd/21253.png
2235.595703125	0.0	image/349	349	1144625	nsd/26435.png
2236.36328125	0.0	image/255	255	1145018	nsd/21192.png
2237.1328125	0.0	image/298	298	1145412	nsd/23876.png
2237.935546875	0.0	image/320	320	1145823	nsd/25250.png
2238.76953125	0.0	image/312	312	1146250	nsd/24739.png
2239.5703125	0.0	image/303	303	1146660	nsd/24264.png
2240.380859375	0.0	image/299	299	1147075	nsd/23883.png
2241.1640625	0.0	image/245	245	1147476	nsd/20265.png
2241.970703125	0.0	image/275	275	1147889	nsd/22505.png
2242.78125	0.0	image/350	350	1148304	nsd/26458.png
2243.583984375	0.0	image/256	256	1148715	nsd/21194.png
2244.3984375	0.0	image/310	310	1149132	nsd/24640.png
2245.98828125	0.0	image/248	248	1149946	nsd/20633.png
2246.771484375	0.0	image/251	251	1150347	nsd/20738.png
2247.58203125	0.0	image/287	287	1150762	nsd/22879.png
2248.388671875	0.0	image/347	347	1151175	nsd/26351.png
2249.171875	0.0	image/307	307	1151576	nsd/24530.png
2250.0	0.0	image/253	253	1152000	nsd/20820.png
2250.806640625	0.0	image/357	357	1152413	nsd/26990.png
2251.599609375	0.0	image/337	337	1152819	nsd/25746.png
2252.423828125	0.0	image/250	250	1153241	nsd/20702.png
2253.216796875	0.0	image/255	255	1153647	nsd/21192.png
2254.001953125	0.0	image/311	311	1154049	nsd/24649.png
2254.76953125	0.0	image/291	291	1154442	nsd/22993.png
2255.591796875	0.0	image/342	342	1154863	nsd/26127.png
2256.419921875	0.0	image/324	324	1155287	nsd/25318.png
2257.185546875	0.0	image/262	262	1155679	nsd/21508.png
2257.974609375	0.0	image/283	283	1156083	nsd/22794.png
2259.591796875	0.0	image/308	308	1156911	nsd/24560.png
2260.408203125	0.0	image/281	281	1157329	nsd/22772.png
2261.9921875	0.0	image/353	353	1158140	nsd/26780.png
2262.8046875	0.0	image/257	257	1158556	nsd/21197.png
2263.587890625	0.0	image/304	304	1158957	nsd/24317.png
2264.41015625	0.0	image/243	243	1159378	nsd/20206.png
2265.205078125	0.0	image/346	346	1159785	nsd/26307.png
2266.021484375	0.0	image/273	273	1160203	nsd/22387.png
2266.828125	0.0	image/262	262	1160616	nsd/21508.png
2267.60546875	0.0	image/280	280	1161014	nsd/22587.png
2268.388671875	0.0	image/310	310	1161415	nsd/24640.png
2269.162109375	0.0	image/343	343	1161811	nsd/26163.png
2269.990234375	0.0	image/346	346	1162235	nsd/26307.png
2270.791015625	0.0	image/349	349	1162645	nsd/26435.png
2271.595703125	0.0	image/316	316	1163057	nsd/25059.png
2272.37890625	0.0	image/247	247	1163458	nsd/20442.png
2273.962890625	0.0	image/290	290	1164269	nsd/22967.png
2274.763671875	0.0	image/325	325	1164679	nsd/25319.png
2276.36328125	0.0	image/327	327	1165498	nsd/25454.png
2277.1484375	0.0	image/315	315	1165900	nsd/24846.png
2277.92578125	0.0	image/269	269	1166298	nsd/22138.png
2279.515625	0.0	image/338	338	1167112	nsd/25881.png
2280.33203125	0.0	image/297	297	1167530	nsd/23871.png
2281.130859375	0.0	image/322	322	1167939	nsd/25284.png
2281.931640625	0.0	image/253	253	1168349	nsd/20820.png
2282.7265625	0.0	image/249	249	1168756	nsd/20650.png
2283.548828125	0.0	image/258	258	1169177	nsd/21218.png
2284.333984375	0.0	image/325	325	1169579	nsd/25319.png
2285.150390625	0.0	image/268	268	1169997	nsd/21989.png
2285.966796875	0.0	image/259	259	1170415	nsd/21253.png
2286.767578125	0.0	image/324	324	1170825	nsd/25318.png
2287.560546875	0.0	image/251	251	1171231	nsd/20738.png
2288.3671875	0.0	image/288	288	1171644	nsd/22886.png
2290.017578125	0.0	image/316	316	1172489	nsd/25059.png
2290.80078125	0.0	image/307	307	1172890	nsd/24530.png
2291.634765625	0.0	image/296	296	1173317	nsd/23729.png
2292.4140625	0.0	image/309	309	1173716	nsd/24638.png
2293.197265625	0.0	image/321	321	1174117	nsd/25268.png
2293.982421875	0.0	image/318	318	1174519	nsd/25111.png
2294.76953125	0.0	image/319	319	1174922	nsd/25205.png
2295.580078125	0.0	image/347	347	1175337	nsd/26351.png
2296.404296875	0.0	image/331	331	1175759	nsd/25588.png
2297.21484375	0.0	image/350	350	1176174	nsd/26458.png
2298.015625	0.0	image/360	360	1176584	nsd/27287.png
2298.787109375	0.0	image/305	305	1176979	nsd/24480.png
2299.587890625	0.0	image/312	312	1177389	nsd/24739.png
2300.380859375	0.0	image/271	271	1177795	nsd/22155.png
2301.1875	0.0	image/270	270	1178208	nsd/22143.png
2301.970703125	0.0	image/320	320	1178609	nsd/25250.png
2302.80078125	0.0	image/296	296	1179034	nsd/23729.png
2303.5703125	0.0	image/333	333	1179428	nsd/25693.png
2305.169921875	0.0	image/292	292	1180247	nsd/23036.png
2305.97265625	0.0	image/290	290	1180658	nsd/22967.png
2306.7734375	0.0	image/278	278	1181068	nsd/22530.png
2307.57421875	0.0	image/302	302	1181478	nsd/24214.png
2308.373046875	0.0	image/335	335	1181887	nsd/25711.png
2309.185546875	0.0	image/321	321	1182303	nsd/25268.png
2309.990234375	0.0	image/359	359	1182715	nsd/27275.png
2310.7734375	0.0	image/322	322	1183116	nsd/25284.png
2311.57421875	0.0	image/356	356	1183526	nsd/26971.png
2312.408203125	0.0	image/306	306	1183953	nsd/24517.png
2313.2421875	0.0	image/250	250	1184380	nsd/20702.png
2314.05859375	0.0	image/330	330	1184798	nsd/25581.png
2314.88671875	0.0	image/271	271	1185222	nsd/22155.png
2315.708984375	0.0	image/247	247	1185643	nsd/20442.png
2317.275390625	0.0	image/270	270	1186445	nsd/22143.png
2318.859375	0.0	image/276	276	1187256	nsd/22515.png
2319.63671875	0.0	image/241	241	1187654	nsd/20064.png
2320.421875	0.0	image/284	284	1188056	nsd/22809.png
2322.044921875	0.0	image/241	241	1188887	nsd/20064.png
2322.83984375	0.0	image/272	272	1189294	nsd/22263.png
2323.60546875	0.0	image/263	263	1189686	nsd/21526.png
2324.39453125	0.0	image/330	330	1190090	nsd/25581.png
2325.212890625	0.0	image/242	242	1190509	nsd/20080.png
2326.029296875	0.0	image/279	279	1190927	nsd/22585.png
2326.828125	0.0	image/244	244	1191336	nsd/20223.png
2327.607421875	0.0	image/277	277	1191735	nsd/22523.png
2328.412109375	0.0	image/334	334	1192147	nsd/25702.png
2329.224609375	0.0	image/358	358	1192563	nsd/27242.png
2330.0078125	0.0	image/279	279	1192964	nsd/22585.png
2330.796875	0.0	image/340	340	1193368	nsd/25959.png
2331.59765625	0.0	image/266	266	1193778	nsd/21703.png
2332.423828125	0.0	image/338	338	1194201	nsd/25881.png
2333.23046875	0.0	image/275	275	1194614	nsd/22505.png
2334.0078125	0.0	image/263	263	1195012	nsd/21526.png
2334.810546875	0.0	image/336	336	1195423	nsd/25741.png
2335.615234375	0.0	image/294	294	1195835	nsd/23492.png
2336.3984375	0.0	image/265	265	1196236	nsd/21601.png
2337.193359375	0.0	image/344	344	1196643	nsd/26243.png
2338.0	0.0	image/286	286	1197056	nsd/22873.png
2338.828125	0.0	image/305	305	1197480	nsd/24480.png
2339.6328125	0.0	image/282	282	1197892	nsd/22782.png
2340.427734375	0.0	image/293	293	1198299	nsd/23241.png
2341.1953125	0.0	image/252	252	1198692	nsd/20777.png
2341.9609375	0.0	image/323	323	1199084	nsd/25287.png
2342.728515625	0.0	image/360	360	1199477	nsd/27287.png
2343.533203125	0.0	image/339	339	1199889	nsd/25906.png
2344.3125	0.0	image/342	342	1200288	nsd/26127.png
2345.1015625	0.0	image/260	260	1200692	nsd/21279.png
2345.87890625	0.0	image/302	302	1201090	nsd/24214.png
2346.701171875	0.0	image/295	295	1201511	nsd/23715.png
2347.51171875	0.0	image/248	248	1201926	nsd/20633.png
2349.119140625	0.0	image/287	287	1202749	nsd/22879.png
2349.953125	0.0	image/277	277	1203176	nsd/22523.png
2350.779296875	0.0	image/260	260	1203599	nsd/21279.png
2351.5859375	0.0	image/354	354	1204012	nsd/26895.png
2352.396484375	0.0	image/289	289	1204427	nsd/22957.png
2353.181640625	0.0	image/317	317	1204829	nsd/25091.png
2353.986328125	0.0	image/337	337	1205241	nsd/25746.png
2354.787109375	0.0	image/309	309	1205651	nsd/24638.png
2355.58203125	0.0	image/317	317	1206058	nsd/25091.png
2356.388671875	0.0	image/348	348	1206471	nsd/26372.png
2357.1953125	0.0	image/292	292	1206884	nsd/23036.png
2357.947265625	0.0	image/291	291	1207269	nsd/22993.png
2358.732421875	0.0	image/357	357	1207671	nsd/26990.png
2359.501953125	0.0	image/301	301	1208065	nsd/24202.png
2361.123046875	0.0	image/334	334	1208895	nsd/25702.png
2361.8984375	0.0	image/252	252	1209292	nsd/20777.png
2362.72265625	0.0	image/274	274	1209714	nsd/22495.png
2363.517578125	0.0	image/351	351	1210121	nsd/26598.png
2364.32421875	0.0	image/328	328	1210534	nsd/25570.png
2365.138671875	0.0	image/313	313	1210951	nsd/24740.png
2365.974609375	0.0	image/352	352	1211379	nsd/26720.png
2366.7734375	0.0	image/254	254	1211788	nsd/21108.png
2368.390625	0.0	image/355	355	1212616	nsd/26909.png
2369.17578125	0.0	image/297	297	1213018	nsd/23871.png
2369.953125	0.0	image/286	286	1213416	nsd/22873.png
2370.775390625	0.0	image/257	257	1213837	nsd/21197.png
2371.55859375	0.0	image/242	242	1214238	nsd/20080.png
2372.37109375	0.0	image/328	328	1214654	nsd/25570.png
2373.958984375	0.0	image/353	353	1215467	nsd/26780.png
2374.75390625	0.0	image/359	359	1215874	nsd/27275.png
2376.39453125	0.0	image/264	264	1216714	nsd/21553.png
2377.2109375	0.0	image/318	318	1217132	nsd/25111.png
2378.021484375	0.0	image/336	336	1217547	nsd/25741.png
2378.791015625	0.0	image/332	332	1217941	nsd/25602.png
2379.578125	0.0	image/300	300	1218344	nsd/23993.png
2381.162109375	0.0	image/264	264	1219155	nsd/21553.png
2382.74609375	0.0	image/351	351	1219966	nsd/26598.png
2383.529296875	0.0	image/273	273	1220367	nsd/22387.png
2384.30859375	0.0	image/295	295	1220766	nsd/23715.png
2385.130859375	0.0	image/283	283	1221187	nsd/22794.png
2385.908203125	0.0	image/341	341	1221585	nsd/26119.png
2392.771484375	0.0	image/456	456	1225099	nsd/34089.png
2393.5546875	0.0	image/474	474	1225500	nsd/35986.png
2394.3828125	0.0	image/414	414	1225924	nsd/30887.png
2395.1875	0.0	image/364	364	1226336	nsd/27580.png
2395.98828125	0.0	image/380	380	1226746	nsd/28487.png
2396.80078125	0.0	image/373	373	1227162	nsd/28286.png
2397.615234375	0.0	image/476	476	1227579	nsd/36258.png
2399.240234375	0.0	image/434	434	1228411	nsd/32303.png
2400.056640625	0.0	image/441	441	1228829	nsd/32857.png
2400.833984375	0.0	image/370	370	1229227	nsd/28096.png
2401.607421875	0.0	image/462	462	1229623	nsd/34751.png
2402.390625	0.0	image/385	385	1230024	nsd/28751.png
2403.21875	0.0	image/392	392	1230448	nsd/29381.png
2404.0078125	0.0	image/397	397	1230852	nsd/29711.png
2404.8359375	0.0	image/473	473	1231276	nsd/35798.png
2405.640625	0.0	image/375	375	1231688	nsd/28319.png
2406.423828125	0.0	image/361	361	1232089	nsd/27326.png
2407.251953125	0.0	image/430	430	1232513	nsd/31936.png
2408.05859375	0.0	image/463	463	1232926	nsd/34829.png
2408.88671875	0.0	image/390	390	1233350	nsd/29010.png
2409.69140625	0.0	image/467	467	1233762	nsd/34975.png
2410.50390625	0.0	image/418	418	1234178	nsd/31028.png
2411.3203125	0.0	image/361	361	1234596	nsd/27326.png
2412.09375	0.0	image/413	413	1234992	nsd/30856.png
2412.876953125	0.0	image/397	397	1235393	nsd/29711.png
2413.66015625	0.0	image/367	367	1235794	nsd/27972.png
2414.458984375	0.0	image/414	414	1236203	nsd/30887.png
2415.27734375	0.0	image/446	446	1236622	nsd/33189.png
2416.08984375	0.0	image/435	435	1237038	nsd/32307.png
2416.89453125	0.0	image/439	439	1237450	nsd/32771.png
2417.705078125	0.0	image/416	416	1237865	nsd/30935.png
2418.490234375	0.0	image/409	409	1238267	nsd/30632.png
2419.3125	0.0	image/377	377	1238688	nsd/28341.png
2420.08984375	0.0	image/424	424	1239086	nsd/31446.png
2420.896484375	0.0	image/394	394	1239499	nsd/29660.png
2421.70703125	0.0	image/372	372	1239914	nsd/28189.png
2422.490234375	0.0	image/447	447	1240315	nsd/33245.png
2423.3125	0.0	image/448	448	1240736	nsd/33289.png
2424.896484375	0.0	image/425	425	1241547	nsd/31659.png
2425.697265625	0.0	image/464	464	1241957	nsd/34845.png
2426.525390625	0.0	image/405	405	1242381	nsd/30407.png
2427.310546875	0.0	image/380	380	1242783	nsd/28487.png
2428.931640625	0.0	image/374	374	1243613	nsd/28303.png
2429.765625	0.0	image/377	377	1244040	nsd/28341.png
2431.3984375	0.0	image/390	390	1244876	nsd/29010.png
2432.193359375	0.0	image/440	440	1245283	nsd/32772.png
2432.9765625	0.0	image/401	401	1245684	nsd/29980.png
2433.744140625	0.0	image/427	427	1246077	nsd/31782.png
2434.56640625	0.0	image/459	459	1246498	nsd/34238.png
2435.361328125	0.0	image/362	362	1246905	nsd/27435.png
2436.18359375	0.0	image/432	432	1247326	nsd/32053.png
2436.966796875	0.0	image/419	419	1247727	nsd/31049.png
2437.74609375	0.0	image/386	386	1248126	nsd/28755.png
2439.3515625	0.0	image/399	399	1248948	nsd/29886.png
2440.1796875	0.0	image/420	420	1249372	nsd/31064.png
2441.818359375	0.0	image/477	477	1250211	nsd/36476.png
2442.634765625	0.0	image/466	466	1250629	nsd/34874.png
2443.46484375	0.0	image/407	407	1251054	nsd/30563.png
2444.26953125	0.0	image/403	403	1251466	nsd/30373.png
2445.046875	0.0	image/480	480	1251864	nsd/36623.png
2445.830078125	0.0	image/401	401	1252265	nsd/29980.png
2446.63671875	0.0	image/426	426	1252678	nsd/31747.png
2447.419921875	0.0	image/427	427	1253079	nsd/31782.png
2448.197265625	0.0	image/363	363	1253477	nsd/27568.png
2449.0	0.0	image/454	454	1253888	nsd/34068.png
2449.8203125	0.0	image/393	393	1254308	nsd/29568.png
2450.654296875	0.0	image/376	376	1254735	nsd/28325.png
2451.46484375	0.0	image/437	437	1255150	nsd/32643.png
2452.25	0.0	image/470	470	1255552	nsd/35743.png
2453.05078125	0.0	image/423	423	1255962	nsd/31349.png
2453.85546875	0.0	image/453	453	1256374	nsd/33906.png
2454.66796875	0.0	image/375	375	1256790	nsd/28319.png
2455.43359375	0.0	image/460	460	1257182	nsd/34418.png
2456.255859375	0.0	image/407	407	1257603	nsd/30563.png
2457.056640625	0.0	image/451	451	1258013	nsd/33752.png
2457.837890625	0.0	image/436	436	1258413	nsd/32625.png
2458.623046875	0.0	image/449	449	1258815	nsd/33521.png
2459.404296875	0.0	image/470	470	1259215	nsd/35743.png
2460.220703125	0.0	image/443	443	1259633	nsd/32910.png
2461.0234375	0.0	image/434	434	1260044	nsd/32303.png
2461.8515625	0.0	image/447	447	1260468	nsd/33245.png
2462.640625	0.0	image/428	428	1260872	nsd/31801.png
2463.435546875	0.0	image/400	400	1261279	nsd/29919.png
2464.220703125	0.0	image/458	458	1261681	nsd/34186.png
2465.00390625	0.0	image/372	372	1262082	nsd/28189.png
2465.79296875	0.0	image/433	433	1262486	nsd/32232.png
2466.603515625	0.0	image/402	402	1262901	nsd/30081.png
2467.419921875	0.0	image/392	392	1263319	nsd/29381.png
2468.193359375	0.0	image/475	475	1263715	nsd/36067.png
2469.02734375	0.0	image/440	440	1264142	nsd/32772.png
2469.861328125	0.0	image/471	471	1264569	nsd/35752.png
2471.427734375	0.0	image/448	448	1265371	nsd/33289.png
2472.2109375	0.0	image/395	395	1265772	nsd/29663.png
2473.822265625	0.0	image/418	418	1266597	nsd/31028.png
2474.64453125	0.0	image/376	376	1267018	nsd/28325.png
2476.228515625	0.0	image/417	417	1267829	nsd/30954.png
2477.0625	0.0	image/396	396	1268256	nsd/29680.png
2477.896484375	0.0	image/468	468	1268683	nsd/35094.png
2478.724609375	0.0	image/378	378	1269107	nsd/28349.png
2479.5078125	0.0	image/422	422	1269508	nsd/31233.png
2480.279296875	0.0	image/442	442	1269903	nsd/32891.png
2481.064453125	0.0	image/463	463	1270305	nsd/34829.png
2481.880859375	0.0	image/438	438	1270723	nsd/32716.png
2482.697265625	0.0	image/398	398	1271141	nsd/29837.png
2483.5078125	0.0	image/428	428	1271556	nsd/31801.png
2484.33203125	0.0	image/437	437	1271978	nsd/32643.png
2485.130859375	0.0	image/405	405	1272387	nsd/30407.png
2485.916015625	0.0	image/411	411	1272789	nsd/30674.png
2486.708984375	0.0	image/408	408	1273195	nsd/30601.png
2487.515625	0.0	image/479	479	1273608	nsd/36576.png
2488.29296875	0.0	image/421	421	1274006	nsd/31123.png
2489.060546875	0.0	image/408	408	1274399	nsd/30601.png
2489.8828125	0.0	image/374	374	1274820	nsd/28303.png
2490.7109375	0.0	image/387	387	1275244	nsd/28788.png
2491.517578125	0.0	image/433	433	1275657	nsd/32232.png
2492.328125	0.0	image/465	465	1276072	nsd/34850.png
2493.130859375	0.0	image/478	478	1276483	nsd/36569.png
2493.951171875	0.0	image/388	388	1276903	nsd/28898.png
2494.734375	0.0	image/424	424	1277304	nsd/31446.png
2495.53125	0.0	image/383	383	1277712	nsd/28689.png
2496.345703125	0.0	image/394	394	1278129	nsd/29660.png
2497.12890625	0.0	image/432	432	1278530	nsd/32053.png
2497.896484375	0.0	image/435	435	1278923	nsd/32307.png
2498.6796875	0.0	image/475	475	1279324	nsd/36067.png
2500.28515625	0.0	image/384	384	1280146	nsd/28745.png
2501.88671875	0.0	image/393	393	1280966	nsd/29568.png
2502.681640625	0.0	image/371	371	1281373	nsd/28159.png
2503.486328125	0.0	image/400	400	1281785	nsd/29919.png
2504.287109375	0.0	image/461	461	1282195	nsd/34603.png
2505.099609375	0.0	image/477	477	1282611	nsd/36476.png
2506.654296875	0.0	image/365	365	1283407	nsd/27830.png
2508.23828125	0.0	image/431	431	1284218	nsd/31964.png
2509.06640625	0.0	image/423	423	1284642	nsd/31349.png
2509.8828125	0.0	image/478	478	1285060	nsd/36569.png
2510.65234375	0.0	image/446	446	1285454	nsd/33189.png
2511.455078125	0.0	image/425	425	1285865	nsd/31659.png
2512.26953125	0.0	image/403	403	1286282	nsd/30373.png
2513.08984375	0.0	image/417	417	1286702	nsd/30954.png
2513.8671875	0.0	image/468	468	1287100	nsd/35094.png
2514.65234375	0.0	image/368	368	1287502	nsd/28024.png
2515.45703125	0.0	image/469	469	1287914	nsd/35129.png
2516.267578125	0.0	image/441	441	1288329	nsd/32857.png
2517.0859375	0.0	image/460	460	1288748	nsd/34418.png
2517.884765625	0.0	image/399	399	1289157	nsd/29886.png
2518.703125	0.0	image/378	378	1289576	nsd/28349.png
2519.470703125	0.0	image/451	451	1289969	nsd/33752.png
2520.302734375	0.0	image/365	365	1290395	nsd/27830.png
2521.12109375	0.0	image/462	462	1290814	nsd/34751.png
2521.9375	0.0	image/439	439	1291232	nsd/32771.png
2522.705078125	0.0	image/472	472	1291625	nsd/35790.png
2523.525390625	0.0	image/452	452	1292045	nsd/33813.png
2524.337890625	0.0	image/455	455	1292461	nsd/34080.png
2525.16015625	0.0	image/472	472	1292882	nsd/35790.png
2525.9609375	0.0	image/396	396	1293292	nsd/29680.png
2526.73828125	0.0	image/369	369	1293690	nsd/28068.png
2527.541015625	0.0	image/459	459	1294101	nsd/34238.png
2528.328125	0.0	image/389	389	1294504	nsd/28963.png
2529.123046875	0.0	image/370	370	1294911	nsd/28096.png
2529.890625	0.0	image/412	412	1295304	nsd/30847.png
2530.689453125	0.0	image/388	388	1295713	nsd/28898.png
2531.49609375	0.0	image/411	411	1296126	nsd/30674.png
2532.2890625	0.0	image/381	381	1296532	nsd/28524.png
2533.05859375	0.0	image/421	421	1296926	nsd/31123.png
2533.845703125	0.0	image/415	415	1297329	nsd/30922.png
2534.65625	0.0	image/431	431	1297744	nsd/31964.png
2535.458984375	0.0	image/373	373	1298155	nsd/28286.png
2536.279296875	0.0	image/415	415	1298575	nsd/30922.png
2537.11328125	0.0	image/467	467	1299002	nsd/34975.png
2537.931640625	0.0	image/368	368	1299421	nsd/28024.png
2538.7265625	0.0	image/465	465	1299828	nsd/34850.png
2539.4921875	0.0	image/410	410	1300220	nsd/30672.png
2540.298828125	0.0	image/444	444	1300633	nsd/33131.png
2541.880859375	0.0	image/479	479	1301443	nsd/36576.png
2542.69921875	0.0	image/469	469	1301862	nsd/35129.png
2543.509765625	0.0	image/436	436	1302277	nsd/32625.png
2545.048828125	0.0	image/438	438	1303065	nsd/32716.png
2545.833984375	0.0	image/453	453	1303467	nsd/33906.png
2546.626953125	0.0	image/387	387	1303873	nsd/28788.png
2547.427734375	0.0	image/456	456	1304283	nsd/34089.png
2549.046875	0.0	image/476	476	1305112	nsd/36258.png
2549.8671875	0.0	image/458	458	1305532	nsd/34186.png
2550.66796875	0.0	image/422	422	1305942	nsd/31233.png
2551.462890625	0.0	image/367	367	1306349	nsd/27972.png
2552.267578125	0.0	image/452	452	1306761	nsd/33813.png
2553.080078125	0.0	image/369	369	1307177	nsd/28068.png
2553.90234375	0.0	image/385	385	1307598	nsd/28751.png
2554.685546875	0.0	image/445	445	1307999	nsd/33171.png
2555.517578125	0.0	image/419	419	1308425	nsd/31049.png
2556.302734375	0.0	image/410	410	1308827	nsd/30672.png
2557.09765625	0.0	image/416	416	1309234	nsd/30935.png
2557.900390625	0.0	image/379	379	1309645	nsd/28418.png
2558.669921875	0.0	image/364	364	1310039	nsd/27580.png
2559.498046875	0.0	image/461	461	1310463	nsd/34603.png
2560.3203125	0.0	image/430	430	1310884	nsd/31936.png
2561.888671875	0.0	image/398	398	1311687	nsd/29837.png
2562.68359375	0.0	image/464	464	1312094	nsd/34845.png
2563.482421875	0.0	image/443	443	1312503	nsd/32910.png
2564.283203125	0.0	image/381	381	1312913	nsd/28524.png
2565.099609375	0.0	image/406	406	1313331	nsd/30430.png
2565.90625	0.0	image/391	391	1313744	nsd/29021.png
2566.69921875	0.0	image/366	366	1314150	nsd/27878.png
2567.5234375	0.0	image/406	406	1314572	nsd/30430.png
2568.322265625	0.0	image/412	412	1314981	nsd/30847.png
2569.119140625	0.0	image/426	426	1315389	nsd/31747.png
2569.90625	0.0	image/402	402	1315792	nsd/30081.png
2570.71875	0.0	image/474	474	1316208	nsd/35986.png
2571.51953125	0.0	image/386	386	1316618	nsd/28755.png
2572.3359375	0.0	image/404	404	1317036	nsd/30395.png
2573.119140625	0.0	image/445	445	1317437	nsd/33171.png
2573.921875	0.0	image/429	429	1317848	nsd/31837.png
2574.724609375	0.0	image/420	420	1318259	nsd/31064.png
2575.552734375	0.0	image/389	389	1318683	nsd/28963.png
2576.326171875	0.0	image/366	366	1319079	nsd/27878.png
2577.13671875	0.0	image/382	382	1319494	nsd/28595.png
2577.958984375	0.0	image/471	471	1319915	nsd/35752.png
2578.787109375	0.0	image/404	404	1320339	nsd/30395.png
2580.376953125	0.0	image/362	362	1321153	nsd/27435.png
2582.009765625	0.0	image/454	454	1321989	nsd/34068.png
2582.828125	0.0	image/444	444	1322408	nsd/33131.png
2584.4453125	0.0	image/384	384	1323236	nsd/28745.png
2586.095703125	0.0	image/363	363	1324081	nsd/27568.png
2586.912109375	0.0	image/429	429	1324499	nsd/31837.png
2587.728515625	0.0	image/413	413	1324917	nsd/30856.png
2588.5390625	0.0	image/449	449	1325332	nsd/33521.png
2589.36328125	0.0	image/450	450	1325754	nsd/33543.png
2590.142578125	0.0	image/457	457	1326153	nsd/34126.png
2590.923828125	0.0	image/379	379	1326553	nsd/28418.png
2591.74609375	0.0	image/450	450	1326974	nsd/33543.png
2592.55859375	0.0	image/371	371	1327390	nsd/28159.png
2594.09765625	0.0	image/409	409	1328178	nsd/30632.png
2594.92578125	0.0	image/382	382	1328602	nsd/28595.png
2595.7265625	0.0	image/442	442	1329012	nsd/32891.png
2596.548828125	0.0	image/457	457	1329433	nsd/34126.png
2597.376953125	0.0	image/383	383	1329857	nsd/28689.png
2598.181640625	0.0	image/480	480	1330269	nsd/36623.png
2599.75	0.0	image/391	391	1331072	nsd/29021.png
2600.52734375	0.0	image/395	395	1331470	nsd/29663.png
2601.33203125	0.0	image/455	455	1331882	nsd/34080.png
2602.125	0.0	image/466	466	1332288	nsd/34874.png
2603.783203125	0.0	image/473	473	1333137	nsd/35798.png
2610.857421875	0.0	image/541	541	1336759	nsd/41056.png
2611.65234375	0.0	image/560	560	1337166	nsd/42214.png
2612.453125	0.0	image/571	571	1337576	nsd/42912.png
2614.025390625	0.0	image/508	508	1338381	nsd/38494.png
2614.802734375	0.0	image/485	485	1338779	nsd/36910.png
2615.568359375	0.0	image/556	556	1339171	nsd/42007.png
2616.375	0.0	image/519	519	1339584	nsd/39298.png
2617.17578125	0.0	image/560	560	1339994	nsd/42214.png
2617.953125	0.0	image/517	517	1340392	nsd/39095.png
2619.525390625	0.0	image/531	531	1341197	nsd/40575.png
2620.337890625	0.0	image/593	593	1341613	nsd/43852.png
2621.10546875	0.0	image/566	566	1342006	nsd/42642.png
2621.890625	0.0	image/505	505	1342408	nsd/38358.png
2622.66015625	0.0	image/529	529	1342802	nsd/40423.png
2623.443359375	0.0	image/501	501	1343203	nsd/38246.png
2624.23828125	0.0	image/518	518	1343610	nsd/39289.png
2625.005859375	0.0	image/584	584	1344003	nsd/43445.png
2625.828125	0.0	image/566	566	1344424	nsd/42642.png
2626.64453125	0.0	image/593	593	1344842	nsd/43852.png
2627.462890625	0.0	image/539	539	1345261	nsd/40935.png
2628.240234375	0.0	image/583	583	1345659	nsd/43429.png
2629.0234375	0.0	image/535	535	1346060	nsd/40846.png
2629.8125	0.0	image/571	571	1346464	nsd/42912.png
2630.595703125	0.0	image/488	488	1346865	nsd/36978.png
2631.390625	0.0	image/483	483	1347272	nsd/36731.png
2632.17578125	0.0	image/589	589	1347674	nsd/43689.png
2632.94140625	0.0	image/487	487	1348066	nsd/36974.png
2633.748046875	0.0	image/530	530	1348479	nsd/40548.png
2634.546875	0.0	image/502	502	1348888	nsd/38278.png
2636.130859375	0.0	image/517	517	1349699	nsd/39095.png
2636.92578125	0.0	image/551	551	1350106	nsd/41710.png
2637.693359375	0.0	image/524	524	1350499	nsd/39553.png
2638.46484375	0.0	image/569	569	1350894	nsd/42781.png
2639.265625	0.0	image/538	538	1351304	nsd/40924.png
2640.076171875	0.0	image/501	501	1351719	nsd/38246.png
2640.900390625	0.0	image/597	597	1352141	nsd/44097.png
2641.7265625	0.0	image/510	510	1352564	nsd/38794.png
2642.55078125	0.0	image/562	562	1352986	nsd/42238.png
2643.361328125	0.0	image/573	573	1353401	nsd/42980.png
2644.18359375	0.0	image/487	487	1353822	nsd/36974.png
2644.984375	0.0	image/556	556	1354232	nsd/42007.png
2645.76171875	0.0	image/499	499	1354630	nsd/38025.png
2646.580078125	0.0	image/512	512	1355049	nsd/38829.png
2647.39453125	0.0	image/579	579	1355466	nsd/43224.png
2648.185546875	0.0	image/534	534	1355871	nsd/40840.png
2649.01953125	0.0	image/505	505	1356298	nsd/38358.png
2649.830078125	0.0	image/481	481	1356713	nsd/36629.png
2651.435546875	0.0	image/506	506	1357535	nsd/38483.png
2652.251953125	0.0	image/526	526	1357953	nsd/39997.png
2653.080078125	0.0	image/599	599	1358377	nsd/44138.png
2653.880859375	0.0	image/534	534	1358787	nsd/40840.png
2654.703125	0.0	image/545	545	1359208	nsd/41162.png
2655.53125	0.0	image/484	484	1359632	nsd/36759.png
2656.337890625	0.0	image/515	515	1360045	nsd/39047.png
2657.115234375	0.0	image/586	586	1360443	nsd/43500.png
2658.671875	0.0	image/568	568	1361240	nsd/42697.png
2659.47265625	0.0	image/502	502	1361650	nsd/38278.png
2660.255859375	0.0	image/492	492	1362051	nsd/37436.png
2661.033203125	0.0	image/497	497	1362449	nsd/37927.png
2661.85546875	0.0	image/542	542	1362870	nsd/41097.png
2662.650390625	0.0	image/513	513	1363277	nsd/38853.png
2663.41796875	0.0	image/537	537	1363670	nsd/40920.png
2664.201171875	0.0	image/581	581	1364071	nsd/43288.png
2665.806640625	0.0	image/499	499	1364893	nsd/38025.png
2666.5859375	0.0	image/491	491	1365292	nsd/37224.png
2667.3515625	0.0	image/526	526	1365684	nsd/39997.png
2668.158203125	0.0	image/559	559	1366097	nsd/42171.png
2668.96875	0.0	image/549	549	1366512	nsd/41623.png
2669.791015625	0.0	image/595	595	1366933	nsd/43984.png
2670.57421875	0.0	image/592	592	1367334	nsd/43820.png
2671.375	0.0	image/562	562	1367744	nsd/42238.png
2672.158203125	0.0	image/533	533	1368145	nsd/40770.png
2672.990234375	0.0	image/530	530	1368571	nsd/40548.png
2673.767578125	0.0	image/581	581	1368969	nsd/43288.png
2674.5390625	0.0	image/491	491	1369364	nsd/37224.png
2676.16015625	0.0	image/543	543	1370194	nsd/41116.png
2676.9375	0.0	image/557	557	1370592	nsd/42126.png
2677.744140625	0.0	image/599	599	1371005	nsd/44138.png
2678.572265625	0.0	image/494	494	1371429	nsd/37608.png
2679.376953125	0.0	image/587	587	1371841	nsd/43619.png
2680.189453125	0.0	image/518	518	1372257	nsd/39289.png
2680.98828125	0.0	image/514	514	1372666	nsd/38978.png
2681.779296875	0.0	image/564	564	1373071	nsd/42473.png
2682.58984375	0.0	image/580	580	1373486	nsd/43250.png
2683.39453125	0.0	image/568	568	1373898	nsd/42697.png
2684.1796875	0.0	image/545	545	1374300	nsd/41162.png
2684.990234375	0.0	image/519	519	1374715	nsd/39298.png
2685.796875	0.0	image/516	516	1375128	nsd/39058.png
2686.595703125	0.0	image/578	578	1375537	nsd/43164.png
2687.4296875	0.0	image/509	509	1375964	nsd/38641.png
2688.2578125	0.0	image/569	569	1376388	nsd/42781.png
2689.076171875	0.0	image/554	554	1376807	nsd/41927.png
2690.681640625	0.0	image/522	522	1377629	nsd/39509.png
2691.513671875	0.0	image/490	490	1378055	nsd/37221.png
2692.29296875	0.0	image/563	563	1378454	nsd/42299.png
2693.115234375	0.0	image/561	561	1378875	nsd/42224.png
2693.8984375	0.0	image/496	496	1379276	nsd/37801.png
2694.677734375	0.0	image/596	596	1379675	nsd/44052.png
2695.478515625	0.0	image/563	563	1380085	nsd/42299.png
2696.283203125	0.0	image/523	523	1380497	nsd/39547.png
2697.060546875	0.0	image/485	485	1380895	nsd/36910.png
2697.861328125	0.0	image/521	521	1381305	nsd/39402.png
2698.68359375	0.0	image/548	548	1381726	nsd/41574.png
2699.4609375	0.0	image/489	489	1382124	nsd/37059.png
2700.26171875	0.0	image/582	582	1382534	nsd/43428.png
2701.068359375	0.0	image/575	575	1382947	nsd/43156.png
2701.845703125	0.0	image/567	567	1383345	nsd/42648.png
2703.41796875	0.0	image/493	493	1384150	nsd/37494.png
2705.001953125	0.0	image/493	493	1384961	nsd/37494.png
2705.802734375	0.0	image/486	486	1385371	nsd/36945.png
2706.62890625	0.0	image/508	508	1385794	nsd/38494.png
2707.4140625	0.0	image/544	544	1386196	nsd/41137.png
2708.1796875	0.0	image/591	591	1386588	nsd/43818.png
2708.986328125	0.0	image/544	544	1387001	nsd/41137.png
2709.796875	0.0	image/555	555	1387416	nsd/41934.png
2710.62109375	0.0	image/546	546	1387838	nsd/41482.png
2711.39453125	0.0	image/521	521	1388234	nsd/39402.png
2712.171875	0.0	image/525	525	1388632	nsd/39841.png
2712.96484375	0.0	image/523	523	1389038	nsd/39547.png
2713.736328125	0.0	image/520	520	1389433	nsd/39369.png
2714.521484375	0.0	image/577	577	1389835	nsd/43159.png
2715.349609375	0.0	image/586	586	1390259	nsd/43500.png
2716.154296875	0.0	image/595	595	1390671	nsd/43984.png
2716.966796875	0.0	image/510	510	1391087	nsd/38794.png
2717.765625	0.0	image/500	500	1391496	nsd/38060.png
2718.556640625	0.0	image/514	514	1391901	nsd/38978.png
2719.333984375	0.0	image/536	536	1392299	nsd/40909.png
2720.123046875	0.0	image/590	590	1392703	nsd/43746.png
2721.7578125	0.0	image/547	547	1393540	nsd/41566.png
2722.57421875	0.0	image/498	498	1393958	nsd/38022.png
2723.384765625	0.0	image/548	548	1394373	nsd/41574.png
2724.20703125	0.0	image/543	543	1394794	nsd/41116.png
2725.03515625	0.0	image/584	584	1395218	nsd/43445.png
2725.8203125	0.0	image/567	567	1395620	nsd/42648.png
2726.642578125	0.0	image/574	574	1396041	nsd/43107.png
2728.21875	0.0	image/574	574	1396848	nsd/43107.png
2729.025390625	0.0	image/553	553	1397261	nsd/41814.png
2729.8203125	0.0	image/570	570	1397668	nsd/42851.png
2730.642578125	0.0	image/596	596	1398089	nsd/44052.png
2731.453125	0.0	image/592	592	1398504	nsd/43820.png
2732.23828125	0.0	image/492	492	1398906	nsd/37436.png
2733.8359375	0.0	image/483	483	1399724	nsd/36731.png
2734.638671875	0.0	image/594	594	1400135	nsd/43950.png
2735.42578125	0.0	image/597	597	1400538	nsd/44097.png
2737.044921875	0.0	image/532	532	1401367	nsd/40721.png
2737.828125	0.0	image/500	500	1401768	nsd/38060.png
2738.611328125	0.0	image/541	541	1402169	nsd/41056.png
2739.388671875	0.0	image/512	512	1402567	nsd/38829.png
2740.189453125	0.0	image/498	498	1402977	nsd/38022.png
2740.962890625	0.0	image/576	576	1403373	nsd/43157.png
2741.763671875	0.0	image/551	551	1403783	nsd/41710.png
2742.546875	0.0	image/528	528	1404184	nsd/40235.png
2744.197265625	0.0	image/570	570	1405029	nsd/42851.png
2744.9765625	0.0	image/552	552	1405428	nsd/41778.png
2745.763671875	0.0	image/524	524	1405831	nsd/39553.png
2746.57421875	0.0	image/489	489	1406246	nsd/37059.png
2747.359375	0.0	image/550	550	1406648	nsd/41653.png
2748.1484375	0.0	image/539	539	1407052	nsd/40935.png
2748.94921875	0.0	image/486	486	1407462	nsd/36945.png
2749.748046875	0.0	image/504	504	1407871	nsd/38310.png
2750.529296875	0.0	image/552	552	1408271	nsd/41778.png
2751.34375	0.0	image/497	497	1408688	nsd/37927.png
2752.150390625	0.0	image/588	588	1409101	nsd/43675.png
2752.966796875	0.0	image/537	537	1409519	nsd/40920.png
2753.80078125	0.0	image/490	490	1409946	nsd/37221.png
2754.583984375	0.0	image/553	553	1410347	nsd/41814.png
2755.3671875	0.0	image/550	550	1410748	nsd/41653.png
2756.1953125	0.0	image/540	540	1411172	nsd/40979.png
2756.966796875	0.0	image/549	549	1411567	nsd/41623.png
2757.767578125	0.0	image/529	529	1411977	nsd/40423.png
2758.578125	0.0	image/484	484	1412392	nsd/36759.png
2759.384765625	0.0	image/533	533	1412805	nsd/40770.png
2760.16796875	0.0	image/590	590	1413206	nsd/43746.png
2760.962890625	0.0	image/511	511	1413613	nsd/38817.png
2761.76953125	0.0	image/558	558	1414026	nsd/42166.png
2763.3359375	0.0	image/535	535	1414828	nsd/40846.png
2764.169921875	0.0	image/554	554	1415255	nsd/41927.png
2764.98046875	0.0	image/558	558	1415670	nsd/42166.png
2765.78125	0.0	image/522	522	1416080	nsd/39509.png
2766.5859375	0.0	image/589	589	1416492	nsd/43689.png
2767.380859375	0.0	image/600	600	1416899	nsd/44144.png
2768.185546875	0.0	image/528	528	1417311	nsd/40235.png
2769.015625	0.0	image/511	511	1417736	nsd/38817.png
2769.818359375	0.0	image/546	546	1418147	nsd/41482.png
2770.60546875	0.0	image/576	576	1418550	nsd/43157.png
2771.388671875	0.0	image/525	525	1418951	nsd/39841.png
2772.19921875	0.0	image/585	585	1419366	nsd/43465.png
2773.005859375	0.0	image/583	583	1419779	nsd/43429.png
2773.81640625	0.0	image/504	504	1420194	nsd/38310.png
2774.623046875	0.0	image/536	536	1420607	nsd/40909.png
2775.43359375	0.0	image/598	598	1421022	nsd/44107.png
2776.25	0.0	image/561	561	1421440	nsd/42224.png
2777.041015625	0.0	image/527	527	1421845	nsd/40153.png
2777.833984375	0.0	image/538	538	1422251	nsd/40924.png
2778.65625	0.0	image/542	542	1422672	nsd/41097.png
2780.2578125	0.0	image/594	594	1423492	nsd/43950.png
2781.857421875	0.0	image/532	532	1424311	nsd/40721.png
2782.65234375	0.0	image/520	520	1424718	nsd/39369.png
2783.419921875	0.0	image/582	582	1425111	nsd/43428.png
2784.9921875	0.0	image/579	579	1425916	nsd/43224.png
2785.802734375	0.0	image/495	495	1426331	nsd/37736.png
2786.587890625	0.0	image/531	531	1426733	nsd/40575.png
2788.16015625	0.0	image/481	481	1427538	nsd/36629.png
2788.994140625	0.0	image/559	559	1427965	nsd/42171.png
2789.8046875	0.0	image/527	527	1428380	nsd/40153.png
2790.626953125	0.0	image/580	580	1428801	nsd/43250.png
2791.427734375	0.0	image/578	578	1429211	nsd/43164.png
2792.2578125	0.0	image/600	600	1429636	nsd/44144.png
2793.0625	0.0	image/516	516	1430048	nsd/39058.png
2793.845703125	0.0	image/587	587	1430449	nsd/43619.png
2794.65625	0.0	image/555	555	1430864	nsd/41934.png
2795.4453125	0.0	image/547	547	1431268	nsd/41566.png
2796.240234375	0.0	image/564	564	1431675	nsd/42473.png
2797.0234375	0.0	image/513	513	1432076	nsd/38853.png
2797.80859375	0.0	image/573	573	1432478	nsd/42980.png
2798.623046875	0.0	image/557	557	1432895	nsd/42126.png
2799.4453125	0.0	image/503	503	1433316	nsd/38297.png
2800.2578125	0.0	image/565	565	1433732	nsd/42563.png
2801.05859375	0.0	image/515	515	1434142	nsd/39047.png
2801.880859375	0.0	image/503	503	1434563	nsd/38297.png
2802.693359375	0.0	image/482	482	1434979	nsd/36682.png
2804.298828125	0.0	image/507	507	1435801	nsd/38486.png
2805.931640625	0.0	image/488	488	1436637	nsd/36978.png
2806.759765625	0.0	image/482	482	1437061	nsd/36682.png
2807.548828125	0.0	image/507	507	1437465	nsd/38486.png
2809.216796875	0.0	image/575	575	1438319	nsd/43156.png
2809.994140625	0.0	image/572	572	1438717	nsd/42946.png
2810.76171875	0.0	image/495	495	1439110	nsd/37736.png
2811.544921875	0.0	image/494	494	1439511	nsd/37608.png
2812.3515625	0.0	image/577	577	1439924	nsd/43159.png
2813.177734375	0.0	image/591	591	1440347	nsd/43818.png
2814.78515625	0.0	image/598	598	1441170	nsd/44107.png
2815.619140625	0.0	image/588	588	1441597	nsd/43675.png
2816.40234375	0.0	image/540	540	1441998	nsd/40979.png
2817.1953125	0.0	image/585	585	1442404	nsd/43465.png
2817.99609375	0.0	image/565	565	1442814	nsd/42563.png
2818.76953125	0.0	image/509	509	1443210	nsd/38641.png
2819.580078125	0.0	image/572	572	1443625	nsd/42946.png
2820.384765625	0.0	image/506	506	1444037	nsd/38483.png
2821.203125	0.0	image/496	496	1444456	nsd/37801.png
2828.6953125	0.0	image/610	610	1448292	nsd/44844.png
2829.521484375	0.0	image/675	675	1448715	nsd/49152.png
2830.33984375	0.0	image/620	620	1449134	nsd/45837.png
2831.146484375	0.0	image/659	659	1449547	nsd/48260.png
2832.740234375	0.0	image/693	693	1450363	nsd/50734.png
2833.505859375	0.0	image/716	716	1450755	nsd/52328.png
2834.296875	0.0	image/672	672	1451160	nsd/48832.png
2835.107421875	0.0	image/709	709	1451575	nsd/51928.png
2835.912109375	0.0	image/688	688	1451987	nsd/50026.png
2836.728515625	0.0	image/671	671	1452405	nsd/48802.png
2837.564453125	0.0	image/669	669	1452833	nsd/48679.png
2838.392578125	0.0	image/627	627	1453257	nsd/46036.png
2839.197265625	0.0	image/687	687	1453669	nsd/49979.png
2840.0078125	0.0	image/681	681	1454084	nsd/49731.png
2840.775390625	0.0	image/680	680	1454477	nsd/49622.png
2841.578125	0.0	image/667	667	1454888	nsd/48618.png
2842.380859375	0.0	image/629	629	1455299	nsd/46136.png
2843.193359375	0.0	image/634	634	1455715	nsd/46372.png
2844.015625	0.0	image/700	700	1456136	nsd/51077.png
2844.810546875	0.0	image/674	674	1456543	nsd/49076.png
2845.625	0.0	image/654	654	1456960	nsd/47600.png
2846.400390625	0.0	image/614	614	1457357	nsd/45213.png
2847.18359375	0.0	image/612	612	1457758	nsd/44980.png
2847.9609375	0.0	image/707	707	1458156	nsd/51843.png
2848.728515625	0.0	image/715	715	1458549	nsd/52302.png
2850.30078125	0.0	image/666	666	1459354	nsd/48617.png
2851.11328125	0.0	image/639	639	1459770	nsd/46523.png
2851.935546875	0.0	image/611	611	1460191	nsd/44971.png
2852.74609375	0.0	image/617	617	1460606	nsd/45632.png
2853.568359375	0.0	image/652	652	1461027	nsd/47408.png
2854.3515625	0.0	image/708	708	1461428	nsd/51907.png
2855.134765625	0.0	image/638	638	1461829	nsd/46480.png
2855.935546875	0.0	image/704	704	1462239	nsd/51521.png
2856.71875	0.0	image/662	662	1462640	nsd/48393.png
2857.546875	0.0	image/684	684	1463064	nsd/49955.png
2858.369140625	0.0	image/689	689	1463485	nsd/50114.png
2859.197265625	0.0	image/656	656	1463909	nsd/47656.png
2860.01953125	0.0	image/653	653	1464330	nsd/47598.png
2861.603515625	0.0	image/696	696	1465141	nsd/50882.png
2862.388671875	0.0	image/695	695	1465543	nsd/50811.png
2863.19921875	0.0	image/694	694	1465958	nsd/50755.png
2864.021484375	0.0	image/660	660	1466379	nsd/48374.png
2864.8046875	0.0	image/698	698	1466780	nsd/51052.png
2866.388671875	0.0	image/613	613	1467591	nsd/45129.png
2867.189453125	0.0	image/680	680	1468001	nsd/49622.png
2867.984375	0.0	image/649	649	1468408	nsd/47290.png
2868.751953125	0.0	image/661	661	1468801	nsd/48379.png
2869.57421875	0.0	image/712	712	1469222	nsd/51988.png
2870.357421875	0.0	image/611	611	1469623	nsd/44971.png
2871.15625	0.0	image/635	635	1470032	nsd/46380.png
2871.95703125	0.0	image/612	612	1470442	nsd/44980.png
2872.740234375	0.0	image/703	703	1470843	nsd/51185.png
2873.51953125	0.0	image/662	662	1471242	nsd/48393.png
2874.28515625	0.0	image/639	639	1471634	nsd/46523.png
2875.068359375	0.0	image/621	621	1472035	nsd/45843.png
2875.8359375	0.0	image/685	685	1472428	nsd/49957.png
2876.65234375	0.0	image/658	658	1472846	nsd/48157.png
2878.2421875	0.0	image/672	672	1473660	nsd/48832.png
2879.0703125	0.0	image/713	713	1474084	nsd/52070.png
2879.85546875	0.0	image/720	720	1474486	nsd/52554.png
2881.46875	0.0	image/664	664	1475312	nsd/48508.png
2882.27734375	0.0	image/688	688	1475726	nsd/50026.png
2883.060546875	0.0	image/712	712	1476127	nsd/51988.png
2883.83984375	0.0	image/641	641	1476526	nsd/46661.png
2884.60546875	0.0	image/683	683	1476918	nsd/49944.png
2885.427734375	0.0	image/618	618	1477339	nsd/45746.png
2886.240234375	0.0	image/668	668	1477755	nsd/48622.png
2887.0234375	0.0	image/667	667	1478156	nsd/48618.png
2887.7890625	0.0	image/604	604	1478548	nsd/44369.png
2888.580078125	0.0	image/702	702	1478953	nsd/51171.png
2889.373046875	0.0	image/616	616	1479359	nsd/45595.png
2890.146484375	0.0	image/691	691	1479755	nsd/50500.png
2890.923828125	0.0	image/622	622	1480153	nsd/45945.png
2891.74609375	0.0	image/642	642	1480574	nsd/46806.png
2892.580078125	0.0	image/706	706	1481001	nsd/51788.png
2894.181640625	0.0	image/691	691	1481821	nsd/50500.png
2894.9765625	0.0	image/632	632	1482228	nsd/46274.png
2895.78125	0.0	image/604	604	1482640	nsd/44369.png
2896.572265625	0.0	image/683	683	1483045	nsd/49944.png
2897.359375	0.0	image/648	648	1483448	nsd/47200.png
2898.166015625	0.0	image/689	689	1483861	nsd/50114.png
2898.994140625	0.0	image/650	650	1484285	nsd/47293.png
2899.81640625	0.0	image/702	702	1484706	nsd/51171.png
2900.611328125	0.0	image/677	677	1485113	nsd/49234.png
2901.39453125	0.0	image/669	669	1485514	nsd/48679.png
2902.982421875	0.0	image/650	650	1486327	nsd/47293.png
2903.76171875	0.0	image/659	659	1486726	nsd/48260.png
2904.56640625	0.0	image/644	644	1487138	nsd/46861.png
2905.349609375	0.0	image/692	692	1487539	nsd/50653.png
2906.16796875	0.0	image/632	632	1487958	nsd/46274.png
2906.951171875	0.0	image/633	633	1488359	nsd/46321.png
2907.736328125	0.0	image/635	635	1488761	nsd/46380.png
2908.509765625	0.0	image/671	671	1489157	nsd/48802.png
2909.275390625	0.0	image/605	605	1489549	nsd/44412.png
2910.90234375	0.0	image/714	714	1490382	nsd/52216.png
2911.697265625	0.0	image/682	682	1490789	nsd/49923.png
2912.501953125	0.0	image/719	719	1491201	nsd/52527.png
2913.287109375	0.0	image/646	646	1491603	nsd/47070.png
2914.08203125	0.0	image/670	670	1492010	nsd/48681.png
2914.88671875	0.0	image/643	643	1492422	nsd/46835.png
2915.669921875	0.0	image/716	716	1492823	nsd/52328.png
2916.447265625	0.0	image/656	656	1493221	nsd/47656.png
2917.248046875	0.0	image/685	685	1493631	nsd/49957.png
2918.017578125	0.0	image/679	679	1494025	nsd/49480.png
2919.572265625	0.0	image/624	624	1494821	nsd/45982.png
2920.3828125	0.0	image/637	637	1495236	nsd/46462.png
2921.205078125	0.0	image/705	705	1495657	nsd/51745.png
2922.7734375	0.0	image/616	616	1496460	nsd/45595.png
2924.3828125	0.0	image/673	673	1497284	nsd/48839.png
2925.16796875	0.0	image/665	665	1497686	nsd/48530.png
2925.966796875	0.0	image/701	701	1498095	nsd/51148.png
2926.78515625	0.0	image/711	711	1498514	nsd/51983.png
2927.552734375	0.0	image/640	640	1498907	nsd/46642.png
2928.318359375	0.0	image/666	666	1499299	nsd/48617.png
2929.125	0.0	image/610	610	1499712	nsd/44844.png
2929.919921875	0.0	image/603	603	1500119	nsd/44339.png
2930.71875	0.0	image/605	605	1500528	nsd/44412.png
2931.525390625	0.0	image/674	674	1500941	nsd/49076.png
2932.3203125	0.0	image/619	619	1501348	nsd/45750.png
2933.125	0.0	image/645	645	1501760	nsd/47033.png
2933.953125	0.0	image/720	720	1502184	nsd/52554.png
2935.576171875	0.0	image/648	648	1503015	nsd/47200.png
2936.38671875	0.0	image/622	622	1503430	nsd/45945.png
2937.193359375	0.0	image/676	676	1503843	nsd/49156.png
2938.0234375	0.0	image/705	705	1504268	nsd/51745.png
2938.84375	0.0	image/624	624	1504688	nsd/45982.png
2939.65625	0.0	image/601	601	1505104	nsd/44184.png
2940.478515625	0.0	image/647	647	1505525	nsd/47099.png
2941.2890625	0.0	image/719	719	1505940	nsd/52527.png
2942.072265625	0.0	image/697	697	1506341	nsd/51051.png
2942.87890625	0.0	image/626	626	1506754	nsd/46002.png
2943.673828125	0.0	image/690	690	1507161	nsd/50170.png
2944.474609375	0.0	image/631	631	1507571	nsd/46160.png
2945.279296875	0.0	image/714	714	1507983	nsd/52216.png
2946.064453125	0.0	image/692	692	1508385	nsd/50653.png
2946.896484375	0.0	image/695	695	1508811	nsd/50811.png
2947.724609375	0.0	image/626	626	1509235	nsd/46002.png
2948.546875	0.0	image/601	601	1509656	nsd/44184.png
2949.357421875	0.0	image/706	706	1510071	nsd/51788.png
2950.173828125	0.0	image/646	646	1510489	nsd/47070.png
2950.947265625	0.0	image/623	623	1510885	nsd/45981.png
2951.73046875	0.0	image/710	710	1511286	nsd/51965.png
2952.515625	0.0	image/696	696	1511688	nsd/50882.png
2953.310546875	0.0	image/615	615	1512095	nsd/45356.png
2954.1328125	0.0	image/661	661	1512516	nsd/48379.png
2954.927734375	0.0	image/658	658	1512923	nsd/48157.png
2955.732421875	0.0	image/643	643	1513335	nsd/46835.png
2956.54296875	0.0	image/623	623	1513750	nsd/45981.png
2957.345703125	0.0	image/647	647	1514161	nsd/47099.png
2958.1328125	0.0	image/621	621	1514564	nsd/45843.png
2958.927734375	0.0	image/613	613	1514971	nsd/45129.png
2959.74609375	0.0	image/690	690	1515390	nsd/50170.png
2960.533203125	0.0	image/699	699	1515793	nsd/51062.png
2962.693359375	0.0	image/759	759	1516899	nsd/55405.png
2963.470703125	0.0	image/810	810	1517297	nsd/58681.png
2964.25390625	0.0	image/821	821	1517698	nsd/59595.png
2965.0234375	0.0	image/739	739	1518092	nsd/53773.png
2965.84375	0.0	image/750	750	1518512	nsd/54698.png
2966.64453125	0.0	image/802	802	1518922	nsd/57838.png
2967.423828125	0.0	image/727	727	1519321	nsd/53052.png
2968.244140625	0.0	image/819	819	1519741	nsd/59420.png
2969.056640625	0.0	image/752	752	1520157	nsd/54812.png
2969.82421875	0.0	image/811	811	1520550	nsd/59023.png
2970.611328125	0.0	image/763	763	1520953	nsd/55669.png
2971.388671875	0.0	image/781	781	1521351	nsd/56681.png
2972.189453125	0.0	image/766	766	1521761	nsd/55857.png
2973.01171875	0.0	image/814	814	1522182	nsd/59079.png
2973.806640625	0.0	image/801	801	1522589	nsd/57822.png
2974.611328125	0.0	image/775	775	1523001	nsd/56290.png
2975.396484375	0.0	image/760	760	1523403	nsd/55408.png
2976.208984375	0.0	image/769	769	1523819	nsd/55969.png
2977.03125	0.0	image/828	828	1524240	nsd/60186.png
2977.82421875	0.0	image/808	808	1524646	nsd/58404.png
2978.609375	0.0	image/831	831	1525048	nsd/60456.png
2979.375	0.0	image/791	791	1525440	nsd/57046.png
2980.181640625	0.0	image/790	790	1525853	nsd/56948.png
2980.958984375	0.0	image/771	771	1526251	nsd/56066.png
2982.4921875	0.0	image/823	823	1527036	nsd/59699.png
2983.27734375	0.0	image/746	746	1527438	nsd/54361.png
2984.08203125	0.0	image/827	827	1527850	nsd/60119.png
2984.859375	0.0	image/735	735	1528248	nsd/53511.png
2985.662109375	0.0	image/757	757	1528659	nsd/55107.png
2986.5	0.0	image/764	764	1529088	nsd/55678.png
2987.294921875	0.0	image/806	806	1529495	nsd/58164.png
2988.8671875	0.0	image/789	789	1530300	nsd/56911.png
2990.451171875	0.0	image/725	725	1531111	nsd/52931.png
2992.05078125	0.0	image/736	736	1531930	nsd/53570.png
2992.86328125	0.0	image/801	801	1532346	nsd/57822.png
2993.66796875	0.0	image/764	764	1532758	nsd/55678.png
2994.447265625	0.0	image/807	807	1533157	nsd/58187.png
2995.23046875	0.0	image/765	765	1533558	nsd/55680.png
2996.052734375	0.0	image/759	759	1533979	nsd/55405.png
2996.84765625	0.0	image/761	761	1534386	nsd/55526.png
2997.65234375	0.0	image/750	750	1534798	nsd/54698.png
2998.453125	0.0	image/778	778	1535208	nsd/56454.png
2999.263671875	0.0	image/835	835	1535623	nsd/60725.png
3000.087890625	0.0	image/813	813	1536045	nsd/59046.png
3000.87109375	0.0	image/726	726	1536446	nsd/52990.png
3002.501953125	0.0	image/800	800	1537281	nsd/57681.png
3003.298828125	0.0	image/743	743	1537689	nsd/54078.png
3004.10546875	0.0	image/822	822	1538102	nsd/59631.png
3004.916015625	0.0	image/827	827	1538517	nsd/60119.png
3005.705078125	0.0	image/734	734	1538921	nsd/53489.png
3006.486328125	0.0	image/815	815	1539321	nsd/59091.png
3007.255859375	0.0	image/733	733	1539715	nsd/53370.png
3008.05078125	0.0	image/788	788	1540122	nsd/56867.png
3009.673828125	0.0	image/804	804	1540953	nsd/58096.png
3010.486328125	0.0	image/815	815	1541369	nsd/59091.png
3011.2734375	0.0	image/805	805	1541772	nsd/58144.png
3012.07421875	0.0	image/729	729	1542182	nsd/53152.png
3013.708984375	0.0	image/820	820	1543019	nsd/59585.png
3014.53515625	0.0	image/784	784	1543442	nsd/56751.png
3015.341796875	0.0	image/833	833	1543855	nsd/60519.png
3016.908203125	0.0	image/840	840	1544657	nsd/61122.png
3018.4765625	0.0	image/754	754	1545460	nsd/54913.png
3019.259765625	0.0	image/725	725	1545861	nsd/52931.png
3020.0390625	0.0	image/785	785	1546260	nsd/56782.png
3020.8046875	0.0	image/793	793	1546652	nsd/57435.png
3021.57421875	0.0	image/790	790	1547046	nsd/56948.png
3022.376953125	0.0	image/724	724	1547457	nsd/52892.png
3023.205078125	0.0	image/777	777	1547881	nsd/56418.png
3023.978515625	0.0	image/800	800	1548277	nsd/57681.png
3024.77734375	0.0	image/797	797	1548686	nsd/57553.png
3025.60546875	0.0	image/802	802	1549110	nsd/57838.png
3026.412109375	0.0	image/761	761	1549523	nsd/55526.png
3027.189453125	0.0	image/767	767	1549921	nsd/55933.png
3027.95703125	0.0	image/731	731	1550314	nsd/53157.png
3028.7734375	0.0	image/839	839	1550732	nsd/60978.png
3029.5625	0.0	image/809	809	1551136	nsd/58668.png
3030.33984375	0.0	image/834	834	1551534	nsd/60553.png
3031.146484375	0.0	image/753	753	1551947	nsd/54824.png
3031.947265625	0.0	image/755	755	1552357	nsd/54959.png
3032.7421875	0.0	image/737	737	1552764	nsd/53727.png
3033.546875	0.0	image/731	731	1553176	nsd/53157.png
3034.34765625	0.0	image/747	747	1553586	nsd/54389.png
3035.125	0.0	image/742	742	1553984	nsd/53891.png
3035.91015625	0.0	image/804	804	1554386	nsd/58096.png
3036.693359375	0.0	image/752	752	1554787	nsd/54812.png
3037.46484375	0.0	image/805	805	1555182	nsd/58144.png
3038.265625	0.0	image/786	786	1555592	nsd/56784.png
3039.060546875	0.0	image/813	813	1555999	nsd/59046.png
3039.8671875	0.0	image/732	732	1556412	nsd/53270.png
3040.693359375	0.0	image/817	817	1556835	nsd/59284.png
3041.482421875	0.0	image/763	763	1557239	nsd/55669.png
3042.267578125	0.0	image/838	838	1557641	nsd/60867.png
3043.078125	0.0	image/830	830	1558056	nsd/60305.png
3043.84375	0.0	image/723	723	1558448	nsd/52652.png
3044.634765625	0.0	image/749	749	1558853	nsd/54683.png
3045.41796875	0.0	image/741	741	1559254	nsd/53881.png
3046.212890625	0.0	image/748	748	1559661	nsd/54643.png
3047.01171875	0.0	image/803	803	1560070	nsd/57906.png
3047.802734375	0.0	image/748	748	1560475	nsd/54643.png
3048.580078125	0.0	image/819	819	1560873	nsd/59420.png
3049.36328125	0.0	image/787	787	1561274	nsd/56850.png
3050.130859375	0.0	image/779	779	1561667	nsd/56471.png
3050.953125	0.0	image/823	823	1562088	nsd/59699.png
3052.51953125	0.0	image/762	762	1562890	nsd/55649.png
3053.3203125	0.0	image/780	780	1563300	nsd/56670.png
3054.09765625	0.0	image/807	807	1563698	nsd/58187.png
3054.916015625	0.0	image/830	830	1564117	nsd/60305.png
3055.703125	0.0	image/786	786	1564520	nsd/56784.png
3056.515625	0.0	image/727	727	1564936	nsd/53052.png
3057.296875	0.0	image/768	768	1565336	nsd/55968.png
3058.12109375	0.0	image/734	734	1565758	nsd/53489.png
3058.94921875	0.0	image/799	799	1566182	nsd/57650.png
3059.734375	0.0	image/741	741	1566584	nsd/53881.png
3060.548828125	0.0	image/839	839	1567001	nsd/60978.png
3061.31640625	0.0	image/826	826	1567394	nsd/60094.png
3062.140625	0.0	image/835	835	1567816	nsd/60725.png
3063.72265625	0.0	image/783	783	1568626	nsd/56723.png
3064.521484375	0.0	image/758	758	1569035	nsd/55163.png
3065.306640625	0.0	image/749	749	1569437	nsd/54683.png
3066.08984375	0.0	image/818	818	1569838	nsd/59419.png
3066.923828125	0.0	image/795	795	1570265	nsd/57478.png
3067.724609375	0.0	image/770	770	1570675	nsd/56042.png
3068.51953125	0.0	image/756	756	1571082	nsd/55005.png
3069.28515625	0.0	image/836	836	1571474	nsd/60834.png
3070.0703125	0.0	image/833	833	1571876	nsd/60519.png
3070.859375	0.0	image/808	808	1572280	nsd/58404.png
3071.642578125	0.0	image/836	836	1572681	nsd/60834.png
3072.458984375	0.0	image/826	826	1573099	nsd/60094.png
3073.26953125	0.0	image/773	773	1573514	nsd/56154.png
3074.0546875	0.0	image/809	809	1573916	nsd/58668.png
3074.822265625	0.0	image/744	744	1574309	nsd/54147.png
3075.642578125	0.0	image/722	722	1574729	nsd/52598.png
3076.4375	0.0	image/766	766	1575136	nsd/55857.png
3077.205078125	0.0	image/746	746	1575529	nsd/54361.png
3077.97265625	0.0	image/818	818	1575922	nsd/59419.png
3078.744140625	0.0	image/795	795	1576317	nsd/57478.png
3079.5390625	0.0	image/822	822	1576724	nsd/59631.png
3080.306640625	0.0	image/806	806	1577117	nsd/58164.png
3081.123046875	0.0	image/724	724	1577535	nsd/52892.png
3081.912109375	0.0	image/829	829	1577939	nsd/60251.png
3082.689453125	0.0	image/758	758	1578337	nsd/55163.png
3083.47265625	0.0	image/838	838	1578738	nsd/60867.png
3084.279296875	0.0	image/787	787	1579151	nsd/56850.png
3085.08984375	0.0	image/721	721	1579566	nsd/52596.png
3085.873046875	0.0	image/784	784	1579967	nsd/56751.png
3086.642578125	0.0	image/782	782	1580361	nsd/56695.png
3087.45703125	0.0	image/756	756	1580778	nsd/55005.png
3088.2421875	0.0	image/768	768	1581180	nsd/55968.png
3089.04296875	0.0	image/730	730	1581590	nsd/53155.png
3089.84375	0.0	image/751	751	1582000	nsd/54743.png
3090.609375	0.0	image/726	726	1582392	nsd/52990.png
3091.4140625	0.0	image/776	776	1582804	nsd/56314.png
3092.21484375	0.0	image/794	794	1583214	nsd/57443.png
3092.998046875	0.0	image/751	751	1583615	nsd/54743.png
3093.810546875	0.0	image/803	803	1584031	nsd/57906.png
3094.615234375	0.0	image/797	797	1584443	nsd/57553.png
3095.3984375	0.0	image/829	829	1584844	nsd/60251.png
3097.05078125	0.0	image/783	783	1585690	nsd/56723.png
3097.8828125	0.0	image/814	814	1586116	nsd/59079.png
3098.677734375	0.0	image/794	794	1586523	nsd/57443.png
3099.478515625	0.0	image/742	742	1586933	nsd/53891.png
3100.263671875	0.0	image/796	796	1587335	nsd/57542.png
3101.068359375	0.0	image/828	828	1587747	nsd/60186.png
3101.845703125	0.0	image/792	792	1588145	nsd/57060.png
3103.435546875	0.0	image/721	721	1588959	nsd/52596.png
3104.236328125	0.0	image/747	747	1589369	nsd/54389.png
3105.013671875	0.0	image/745	745	1589767	nsd/54257.png
3105.78125	0.0	image/798	798	1590160	nsd/57648.png
3106.5625	0.0	image/755	755	1590560	nsd/54959.png
3107.369140625	0.0	image/745	745	1590973	nsd/54257.png
3108.15234375	0.0	image/816	816	1591374	nsd/59194.png
3108.986328125	0.0	image/817	817	1591801	nsd/59284.png
3109.763671875	0.0	image/773	773	1592199	nsd/56154.png
3110.564453125	0.0	image/776	776	1592609	nsd/56314.png
3111.349609375	0.0	image/825	825	1593011	nsd/59994.png
3112.1640625	0.0	image/753	753	1593428	nsd/54824.png
3113.7890625	0.0	image/743	743	1594260	nsd/54078.png
3114.6171875	0.0	image/788	788	1594684	nsd/56867.png
3115.421875	0.0	image/757	757	1595096	nsd/55107.png
3116.232421875	0.0	image/738	738	1595511	nsd/53728.png
3117.021484375	0.0	image/772	772	1595915	nsd/56126.png
3118.58984375	0.0	image/782	782	1596718	nsd/56695.png
3119.3671875	0.0	image/812	812	1597116	nsd/59039.png
3120.15234375	0.0	image/825	825	1597518	nsd/59994.png
3120.974609375	0.0	image/789	789	1597939	nsd/56911.png
3121.802734375	0.0	image/824	824	1598363	nsd/59817.png
3122.607421875	0.0	image/739	739	1598775	nsd/53773.png
3123.3984375	0.0	image/772	772	1599180	nsd/56126.png
3124.201171875	0.0	image/792	792	1599591	nsd/57060.png
3125.0078125	0.0	image/785	785	1600004	nsd/56782.png
3125.83984375	0.0	image/730	730	1600430	nsd/53155.png
3126.625	0.0	image/778	778	1600832	nsd/56454.png
3127.408203125	0.0	image/735	735	1601233	nsd/53511.png
3128.203125	0.0	image/771	771	1601640	nsd/56066.png
3129.009765625	0.0	image/774	774	1602053	nsd/56269.png
3129.810546875	0.0	image/777	777	1602463	nsd/56418.png
3131.41015625	0.0	image/796	796	1603282	nsd/57542.png
3132.220703125	0.0	image/769	769	1603697	nsd/55969.png
3132.98828125	0.0	image/824	824	1604090	nsd/59817.png
3133.763671875	0.0	image/832	832	1604487	nsd/60505.png
3134.578125	0.0	image/780	780	1604904	nsd/56670.png
3135.388671875	0.0	image/840	840	1605319	nsd/61122.png
3136.2109375	0.0	image/728	728	1605740	nsd/53070.png
3137.0078125	0.0	image/779	779	1606148	nsd/56471.png
3137.828125	0.0	image/770	770	1606568	nsd/56042.png
3139.44140625	0.0	image/834	834	1607394	nsd/60553.png
3140.263671875	0.0	image/729	729	1607815	nsd/53152.png
3141.041015625	0.0	image/740	740	1608213	nsd/53858.png
3141.82421875	0.0	image/765	765	1608614	nsd/55680.png
3142.591796875	0.0	image/722	722	1609007	nsd/52598.png
3144.181640625	0.0	image/837	837	1609821	nsd/60845.png
3145.013671875	0.0	image/820	820	1610247	nsd/59585.png
3145.841796875	0.0	image/774	774	1610671	nsd/56269.png
3146.625	0.0	image/767	767	1611072	nsd/55933.png
3147.4140625	0.0	image/736	736	1611476	nsd/53570.png
3149.03125	0.0	image/810	810	1612304	nsd/58681.png
3149.859375	0.0	image/816	816	1612728	nsd/59194.png
3150.66015625	0.0	image/737	737	1613138	nsd/53727.png
3151.427734375	0.0	image/798	798	1613531	nsd/57648.png
3152.216796875	0.0	image/793	793	1613935	nsd/57435.png
3153.009765625	0.0	image/760	760	1614341	nsd/55408.png
3153.8125	0.0	image/728	728	1614752	nsd/53070.png
3154.6171875	0.0	image/732	732	1615164	nsd/53270.png
3155.412109375	0.0	image/832	832	1615571	nsd/60505.png
3156.1953125	0.0	image/791	791	1615972	nsd/57046.png
3156.984375	0.0	image/740	740	1616376	nsd/53858.png
3157.8125	0.0	image/812	812	1616800	nsd/59039.png
3158.634765625	0.0	image/738	738	1617221	nsd/53728.png
3159.462890625	0.0	image/762	762	1617645	nsd/55649.png
3160.26953125	0.0	image/723	723	1618058	nsd/52652.png
3161.90234375	0.0	image/811	811	1618894	nsd/59023.png
3162.73046875	0.0	image/781	781	1619318	nsd/56681.png
3163.533203125	0.0	image/799	799	1619729	nsd/57650.png
3165.13671875	0.0	image/837	837	1620550	nsd/60845.png
3166.787109375	0.0	image/775	775	1621395	nsd/56290.png
3167.583984375	0.0	image/821	821	1621803	nsd/59595.png
3169.171875	0.0	image/754	754	1622616	nsd/54913.png
3170.7890625	0.0	image/831	831	1623444	nsd/60456.png
3171.56640625	0.0	image/744	744	1623842	nsd/54147.png
3172.349609375	0.0	image/733	733	1624243	nsd/53370.png
3179.4765625	0.0	image/869	869	1627892	nsd/63182.png
3180.271484375	0.0	image/958	958	1628299	nsd/69616.png
3181.087890625	0.0	image/950	950	1628717	nsd/69025.png
3181.87109375	0.0	image/855	855	1629118	nsd/62006.png
3182.7109375	0.0	image/848	848	1629548	nsd/61748.png
3183.5234375	0.0	image/914	914	1629964	nsd/66330.png
3184.361328125	0.0	image/906	906	1630393	nsd/65821.png
3185.15625	0.0	image/952	952	1630800	nsd/69130.png
3185.9609375	0.0	image/906	906	1631212	nsd/65821.png
3186.76171875	0.0	image/857	857	1631622	nsd/62209.png
3187.556640625	0.0	image/882	882	1632029	nsd/64498.png
3188.361328125	0.0	image/951	951	1632441	nsd/69030.png
3189.146484375	0.0	image/924	924	1632843	nsd/66946.png
3189.923828125	0.0	image/861	861	1633241	nsd/62365.png
3190.740234375	0.0	image/860	860	1633659	nsd/62302.png
3191.546875	0.0	image/903	903	1634072	nsd/65686.png
3192.375	0.0	image/934	934	1634496	nsd/67742.png
3193.146484375	0.0	image/926	926	1634891	nsd/67045.png
3193.974609375	0.0	image/919	919	1635315	nsd/66489.png
3194.7421875	0.0	image/908	908	1635708	nsd/65920.png
3195.548828125	0.0	image/913	913	1636121	nsd/66278.png
3196.33203125	0.0	image/866	866	1636522	nsd/62748.png
3197.166015625	0.0	image/864	864	1636949	nsd/62561.png
3197.96484375	0.0	image/894	894	1637358	nsd/65187.png
3198.77734375	0.0	image/897	897	1637774	nsd/65267.png
3200.365234375	0.0	image/960	960	1638587	nsd/69813.png
3201.16015625	0.0	image/912	912	1638994	nsd/66216.png
3201.943359375	0.0	image/938	938	1639395	nsd/68168.png
3202.716796875	0.0	image/891	891	1639791	nsd/65010.png
3204.333984375	0.0	image/945	945	1640619	nsd/68814.png
3205.951171875	0.0	image/931	931	1641447	nsd/67252.png
3206.74609375	0.0	image/883	883	1641854	nsd/64615.png
3207.517578125	0.0	image/901	901	1642249	nsd/65639.png
3208.30078125	0.0	image/899	899	1642650	nsd/65414.png
3209.134765625	0.0	image/938	938	1643077	nsd/68168.png
3209.91796875	0.0	image/886	886	1643478	nsd/64771.png
3210.73046875	0.0	image/841	841	1643894	nsd/61133.png
3211.53125	0.0	image/885	885	1644304	nsd/64687.png
3212.3203125	0.0	image/899	899	1644708	nsd/65414.png
3213.115234375	0.0	image/900	900	1645115	nsd/65445.png
3213.90234375	0.0	image/876	876	1645518	nsd/63931.png
3214.681640625	0.0	image/907	907	1645917	nsd/65872.png
3215.486328125	0.0	image/941	941	1646329	nsd/68339.png
3216.314453125	0.0	image/875	875	1646753	nsd/63922.png
3217.12109375	0.0	image/954	954	1647166	nsd/69240.png
3217.931640625	0.0	image/872	872	1647581	nsd/63746.png
3218.73828125	0.0	image/893	893	1647994	nsd/65148.png
3219.521484375	0.0	image/937	937	1648395	nsd/68023.png
3220.298828125	0.0	image/925	925	1648793	nsd/66976.png
3221.06640625	0.0	image/932	932	1649186	nsd/67295.png
3221.873046875	0.0	image/871	871	1649599	nsd/63449.png
3223.47265625	0.0	image/935	935	1650418	nsd/67802.png
3224.251953125	0.0	image/845	845	1650817	nsd/61513.png
3225.072265625	0.0	image/852	852	1651237	nsd/61809.png
3225.900390625	0.0	image/858	858	1651661	nsd/62228.png
3226.673828125	0.0	image/920	920	1652057	nsd/66580.png
3227.490234375	0.0	image/933	933	1652475	nsd/67363.png
3228.2890625	0.0	image/924	924	1652884	nsd/66946.png
3229.1015625	0.0	image/888	888	1653300	nsd/64880.png
3229.890625	0.0	image/869	869	1653704	nsd/63182.png
3230.724609375	0.0	image/874	874	1654131	nsd/63825.png
3231.517578125	0.0	image/879	879	1654537	nsd/64096.png
3232.322265625	0.0	image/940	940	1654949	nsd/68311.png
3233.958984375	0.0	image/856	856	1655787	nsd/62015.png
3234.775390625	0.0	image/930	930	1656205	nsd/67237.png
3235.609375	0.0	image/933	933	1656632	nsd/67363.png
3236.42578125	0.0	image/857	857	1657050	nsd/62209.png
3237.220703125	0.0	image/957	957	1657457	nsd/69614.png
3238.04296875	0.0	image/875	875	1657878	nsd/63922.png
3238.828125	0.0	image/864	864	1658280	nsd/62561.png
3239.66015625	0.0	image/846	846	1658706	nsd/61677.png
3240.4453125	0.0	image/959	959	1659108	nsd/69785.png
3241.228515625	0.0	image/915	915	1659509	nsd/66342.png
3242.8125	0.0	image/950	950	1660320	nsd/69025.png
3243.595703125	0.0	image/879	879	1660721	nsd/64096.png
3244.375	0.0	image/881	881	1661120	nsd/64483.png
3245.19140625	0.0	image/896	896	1661538	nsd/65253.png
3246.8125	0.0	image/843	843	1662368	nsd/61216.png
3248.4296875	0.0	image/854	854	1663196	nsd/61972.png
3249.228515625	0.0	image/918	918	1663605	nsd/66479.png
3250.013671875	0.0	image/882	882	1664007	nsd/64498.png
3250.826171875	0.0	image/921	921	1664423	nsd/66643.png
3252.4140625	0.0	image/905	905	1665236	nsd/65799.png
3253.19921875	0.0	image/876	876	1665638	nsd/63931.png
3254.798828125	0.0	image/895	895	1666457	nsd/65232.png
3255.626953125	0.0	image/930	930	1666881	nsd/67237.png
3256.44921875	0.0	image/863	863	1667302	nsd/62544.png
3257.25	0.0	image/959	959	1667712	nsd/69785.png
3258.02734375	0.0	image/955	955	1668110	nsd/69442.png
3258.849609375	0.0	image/928	928	1668531	nsd/67168.png
3259.66015625	0.0	image/868	868	1668946	nsd/63081.png
3261.216796875	0.0	image/905	905	1669743	nsd/65799.png
3262.029296875	0.0	image/842	842	1670159	nsd/61177.png
3263.5859375	0.0	image/844	844	1670956	nsd/61510.png
3264.40234375	0.0	image/880	880	1671374	nsd/64295.png
3265.197265625	0.0	image/903	903	1671781	nsd/65686.png
3266.001953125	0.0	image/947	947	1672193	nsd/68858.png
3266.802734375	0.0	image/931	931	1672603	nsd/67252.png
3267.63671875	0.0	image/913	913	1673030	nsd/66278.png
3268.419921875	0.0	image/871	871	1673431	nsd/63449.png
3269.248046875	0.0	image/893	893	1673855	nsd/65148.png
3270.03125	0.0	image/844	844	1674256	nsd/61510.png
3270.8203125	0.0	image/863	863	1674660	nsd/62544.png
3271.630859375	0.0	image/861	861	1675075	nsd/62365.png
3272.412109375	0.0	image/911	911	1675475	nsd/66214.png
3273.220703125	0.0	image/942	942	1675889	nsd/68418.png
3274.03125	0.0	image/949	949	1676304	nsd/69007.png
3274.85546875	0.0	image/952	952	1676726	nsd/69130.png
3275.638671875	0.0	image/914	914	1677127	nsd/66330.png
3276.451171875	0.0	image/850	850	1677543	nsd/61797.png
3277.271484375	0.0	image/859	859	1677963	nsd/62275.png
3278.921875	0.0	image/851	851	1678808	nsd/61801.png
3279.701171875	0.0	image/956	956	1679207	nsd/69502.png
3281.255859375	0.0	image/885	885	1680003	nsd/64687.png
3282.068359375	0.0	image/948	948	1680419	nsd/68897.png
3282.8359375	0.0	image/922	922	1680812	nsd/66773.png
3283.640625	0.0	image/942	942	1681224	nsd/68418.png
3284.423828125	0.0	image/873	873	1681625	nsd/63781.png
3285.21875	0.0	image/917	917	1682032	nsd/66464.png
3286.001953125	0.0	image/868	868	1682433	nsd/63081.png
3286.80859375	0.0	image/927	927	1682846	nsd/67113.png
3287.5859375	0.0	image/923	923	1683244	nsd/66836.png
3288.353515625	0.0	image/865	865	1683637	nsd/62683.png
3289.142578125	0.0	image/860	860	1684041	nsd/62302.png
3289.943359375	0.0	image/929	929	1684451	nsd/67204.png
3290.7265625	0.0	image/945	945	1684852	nsd/68814.png
3291.5546875	0.0	image/932	932	1685276	nsd/67295.png
3292.359375	0.0	image/849	849	1685688	nsd/61752.png
3293.15625	0.0	image/901	901	1686096	nsd/65639.png
3293.939453125	0.0	image/889	889	1686497	nsd/64893.png
3294.744140625	0.0	image/902	902	1686909	nsd/65654.png
3295.556640625	0.0	image/939	939	1687325	nsd/68278.png
3296.361328125	0.0	image/946	946	1687737	nsd/68842.png
3297.14453125	0.0	image/923	923	1688138	nsd/66836.png
3297.9375	0.0	image/884	884	1688544	nsd/64621.png
3298.70703125	0.0	image/897	897	1688938	nsd/65267.png
3299.4921875	0.0	image/946	946	1689340	nsd/68842.png
3301.080078125	0.0	image/920	920	1690153	nsd/66580.png
3301.857421875	0.0	image/881	881	1690551	nsd/64483.png
3302.6796875	0.0	image/853	853	1690972	nsd/61873.png
3303.490234375	0.0	image/907	907	1691387	nsd/65872.png
3304.28125	0.0	image/842	842	1691792	nsd/61177.png
3305.091796875	0.0	image/926	926	1692207	nsd/67045.png
3305.875	0.0	image/848	848	1692608	nsd/61748.png
3306.642578125	0.0	image/958	958	1693001	nsd/69616.png
3307.41015625	0.0	image/877	877	1693394	nsd/63944.png
3308.197265625	0.0	image/867	867	1693797	nsd/62960.png
3308.990234375	0.0	image/954	954	1694203	nsd/69240.png
3309.77734375	0.0	image/862	862	1694606	nsd/62479.png
3310.58203125	0.0	image/916	916	1695018	nsd/66421.png
3311.365234375	0.0	image/927	927	1695419	nsd/67113.png
3312.94921875	0.0	image/948	948	1696230	nsd/68897.png
3313.734375	0.0	image/874	874	1696632	nsd/63825.png
3314.52734375	0.0	image/904	904	1697038	nsd/65769.png
3315.333984375	0.0	image/900	900	1697451	nsd/65445.png
3316.134765625	0.0	image/886	886	1697861	nsd/64771.png
3316.91796875	0.0	image/865	865	1698262	nsd/62683.png
3317.7109375	0.0	image/870	870	1698668	nsd/63345.png
3318.53515625	0.0	image/943	943	1699090	nsd/68471.png
3319.361328125	0.0	image/854	854	1699513	nsd/61972.png
3320.15234375	0.0	image/939	939	1699918	nsd/68278.png
3320.978515625	0.0	image/859	859	1700341	nsd/62275.png
3321.779296875	0.0	image/925	925	1700751	nsd/66976.png
3322.552734375	0.0	image/849	849	1701147	nsd/61752.png
3323.3359375	0.0	image/909	909	1701548	nsd/65943.png
3324.130859375	0.0	image/890	890	1701955	nsd/64979.png
3325.76953125	0.0	image/892	892	1702794	nsd/65069.png
3326.55078125	0.0	image/845	845	1703194	nsd/61513.png
3328.12109375	0.0	image/944	944	1703998	nsd/68741.png
3328.916015625	0.0	image/898	898	1704405	nsd/65376.png
3329.73828125	0.0	image/912	912	1704826	nsd/66216.png
3330.533203125	0.0	image/878	878	1705233	nsd/64004.png
3331.322265625	0.0	image/955	955	1705637	nsd/69442.png
3332.12109375	0.0	image/936	936	1706046	nsd/67829.png
3332.939453125	0.0	image/852	852	1706465	nsd/61809.png
3334.556640625	0.0	image/841	841	1707293	nsd/61133.png
3335.333984375	0.0	image/870	870	1707691	nsd/63345.png
3336.134765625	0.0	image/867	867	1708101	nsd/62960.png
3336.95703125	0.0	image/853	853	1708522	nsd/61873.png
3337.734375	0.0	image/909	909	1708920	nsd/65943.png
3338.51953125	0.0	image/922	922	1709322	nsd/66773.png
3339.306640625	0.0	image/902	902	1709725	nsd/65654.png
3340.119140625	0.0	image/911	911	1710141	nsd/66214.png
3340.88671875	0.0	image/953	953	1710534	nsd/69214.png
3341.69140625	0.0	image/850	850	1710946	nsd/61797.png
3342.474609375	0.0	image/929	929	1711347	nsd/67204.png
3343.26953125	0.0	image/883	883	1711754	nsd/64615.png
3344.80859375	0.0	image/919	919	1712542	nsd/66489.png
3345.59375	0.0	image/953	953	1712944	nsd/69214.png
3346.376953125	0.0	image/851	851	1713345	nsd/61801.png
3347.171875	0.0	image/887	887	1713752	nsd/64867.png
3347.994140625	0.0	image/846	846	1714173	nsd/61677.png
3348.8203125	0.0	image/957	957	1714596	nsd/69614.png
3349.64453125	0.0	image/862	862	1715018	nsd/62479.png
3350.455078125	0.0	image/891	891	1715433	nsd/65010.png
3352.02734375	0.0	image/910	910	1716238	nsd/66004.png
3352.857421875	0.0	image/873	873	1716663	nsd/63781.png
3353.677734375	0.0	image/872	872	1717083	nsd/63746.png
3354.505859375	0.0	image/895	895	1717507	nsd/65232.png
3355.291015625	0.0	image/858	858	1717909	nsd/62228.png
3356.095703125	0.0	image/896	896	1718321	nsd/65253.png
3356.908203125	0.0	image/890	890	1718737	nsd/64979.png
3357.73046875	0.0	image/940	940	1719158	nsd/68311.png
3358.51171875	0.0	image/894	894	1719558	nsd/65187.png
3359.310546875	0.0	image/866	866	1719967	nsd/62748.png
3360.130859375	0.0	image/943	943	1720387	nsd/68471.png
3360.94140625	0.0	image/944	944	1720802	nsd/68741.png
3361.73046875	0.0	image/880	880	1721206	nsd/64295.png
3362.513671875	0.0	image/949	949	1721607	nsd/69007.png
3363.33203125	0.0	image/921	921	1722026	nsd/66643.png
3364.1640625	0.0	image/847	847	1722452	nsd/61738.png
3364.943359375	0.0	image/898	898	1722851	nsd/65376.png
3366.533203125	0.0	image/884	884	1723665	nsd/64621.png
3367.359375	0.0	image/910	910	1724088	nsd/66004.png
3368.18359375	0.0	image/934	934	1724510	nsd/67742.png
3369.013671875	0.0	image/904	904	1724935	nsd/65769.png
3369.798828125	0.0	image/947	947	1725337	nsd/68858.png
3370.626953125	0.0	image/918	918	1725761	nsd/66479.png
3371.412109375	0.0	image/935	935	1726163	nsd/67802.png
3372.216796875	0.0	image/908	908	1726575	nsd/65920.png
3373.02734375	0.0	image/936	936	1726990	nsd/67829.png
3373.8125	0.0	image/928	928	1727392	nsd/67168.png
3375.384765625	0.0	image/941	941	1728197	nsd/68339.png
3376.162109375	0.0	image/855	855	1728595	nsd/62006.png
3376.9453125	0.0	image/888	888	1728996	nsd/64880.png
3377.73046875	0.0	image/856	856	1729398	nsd/62015.png
3378.546875	0.0	image/892	892	1729816	nsd/65069.png
3379.3359375	0.0	image/889	889	1730220	nsd/64893.png
3381.00390625	0.0	image/916	916	1731074	nsd/66421.png
3381.787109375	0.0	image/878	878	1731475	nsd/64004.png
3382.59765625	0.0	image/843	843	1731890	nsd/61216.png
3383.400390625	0.0	image/951	951	1732301	nsd/69030.png
3384.1875	0.0	image/960	960	1732704	nsd/69813.png
3384.998046875	0.0	image/937	937	1733119	nsd/68023.png
3385.765625	0.0	image/917	917	1733512	nsd/66464.png
3386.587890625	0.0	image/877	877	1733933	nsd/63944.png
3387.3984375	0.0	image/847	847	1734348	nsd/61738.png
3388.201171875	0.0	image/887	887	1734759	nsd/64867.png
3389.005859375	0.0	image/915	915	1735171	nsd/66342.png
