onset	duration	trial_type	value	sample	stim_file
1.93359375	0.0	image/117	117	990	train2017/000000396793.jpg
2.720703125	0.0	image/111	111	1393	train2017/000000020517.jpg
3.51953125	0.0	image/68	68	1802	train2017/000000535871.jpg
4.30078125	0.0	image/76	76	2202	train2017/000000275902.jpg
5.1171875	0.0	image/52	52	2620	train2017/000000008053.jpg
5.884765625	0.0	image/119	119	3013	train2017/000000545950.jpg
6.68359375	0.0	image/34	34	3422	train2017/000000005277.jpg
7.46875	0.0	image/2	2	3824	train2017/000000262239.jpg
8.251953125	0.0	image/26	26	4225	train2017/000000003521.jpg
9.03515625	0.0	image/45	45	4626	train2017/000000531392.jpg
9.8203125	0.0	image/44	44	5028	train2017/000000007048.jpg
10.6015625	0.0	image/113	113	5428	train2017/000000545160.jpg
11.388671875	0.0	image/69	69	5831	train2017/000000011856.jpg
12.15234375	0.0	image/92	92	6222	train2017/000000278714.jpg
12.953125	0.0	image/33	33	6632	train2017/000000267338.jpg
13.75390625	0.0	image/8	8	7042	train2017/000000000625.jpg
14.541015625	0.0	image/97	97	7445	train2017/000000279197.jpg
15.3203125	0.0	image/54	54	7844	train2017/000000532753.jpg
16.138671875	0.0	image/74	74	8263	train2017/000000275663.jpg
16.9375	0.0	image/109	109	8672	train2017/000000544060.jpg
18.521484375	0.0	image/24	24	9483	train2017/000000265453.jpg
19.32421875	0.0	image/55	55	9894	train2017/000000533231.jpg
20.08984375	0.0	image/22	22	10286	train2017/000000265023.jpg
21.705078125	0.0	image/100	100	11113	train2017/000000541856.jpg
22.48828125	0.0	image/59	59	11514	train2017/000000010046.jpg
23.2734375	0.0	image/50	50	11916	train2017/000000007932.jpg
24.072265625	0.0	image/87	87	12325	train2017/000000300383.jpg
24.83984375	0.0	image/112	112	12718	train2017/000000544926.jpg
25.640625	0.0	image/84	84	13128	train2017/000000570543.jpg
26.40625	0.0	image/120	120	13520	train2017/000000021718.jpg
27.95703125	0.0	image/55	55	14314	train2017/000000533231.jpg
28.724609375	0.0	image/32	32	14707	train2017/000000005028.jpg
29.490234375	0.0	image/117	117	15099	train2017/000000396793.jpg
30.275390625	0.0	image/86	86	15501	train2017/000000539879.jpg
31.875	0.0	image/40	40	16320	train2017/000000268114.jpg
32.642578125	0.0	image/6	6	16713	train2017/000000000584.jpg
33.458984375	0.0	image/28	28	17131	train2017/000000558788.jpg
34.259765625	0.0	image/31	31	17541	train2017/000000266622.jpg
35.013671875	0.0	image/29	29	17927	train2017/000000393907.jpg
35.798828125	0.0	image/72	72	18329	train2017/000000274978.jpg
36.595703125	0.0	image/7	7	18737	train2017/000000000605.jpg
37.392578125	0.0	image/18	18	19145	train2017/000000264735.jpg
38.177734375	0.0	image/29	29	19547	train2017/000000393907.jpg
38.98046875	0.0	image/107	107	19958	train2017/000000543254.jpg
39.787109375	0.0	image/62	62	20371	train2017/000000010903.jpg
41.396484375	0.0	image/61	61	21195	train2017/000000272901.jpg
42.1796875	0.0	image/110	110	21596	train2017/000000019863.jpg
42.962890625	0.0	image/7	7	21997	train2017/000000000605.jpg
43.76171875	0.0	image/88	88	22406	train2017/000000540538.jpg
44.572265625	0.0	image/95	95	22821	train2017/000000016898.jpg
45.345703125	0.0	image/89	89	23217	train2017/000000016314.jpg
46.154296875	0.0	image/20	20	23631	train2017/000000526980.jpg
46.98046875	0.0	image/112	112	24054	train2017/000000544926.jpg
47.771484375	0.0	image/90	90	24459	train2017/000000278555.jpg
48.568359375	0.0	image/10	10	24867	train2017/000000001308.jpg
49.388671875	0.0	image/56	56	25287	train2017/000000008998.jpg
50.205078125	0.0	image/43	43	25705	train2017/000000006765.jpg
51.005859375	0.0	image/16	16	26115	train2017/000000002270.jpg
51.837890625	0.0	image/74	74	26541	train2017/000000275663.jpg
52.623046875	0.0	image/12	12	26943	train2017/000000525790.jpg
53.419921875	0.0	image/85	85	27351	train2017/000000539705.jpg
54.21875	0.0	image/56	56	27760	train2017/000000008998.jpg
54.986328125	0.0	image/3	3	28153	train2017/000000262414.jpg
56.609375	0.0	image/4	4	28984	train2017/000000524646.jpg
58.224609375	0.0	image/12	12	29811	train2017/000000525790.jpg
59.037109375	0.0	image/43	43	30227	train2017/000000006765.jpg
60.591796875	0.0	image/38	38	31023	train2017/000000312536.jpg
61.38671875	0.0	image/33	33	31430	train2017/000000267338.jpg
62.193359375	0.0	image/59	59	31843	train2017/000000010046.jpg
62.98828125	0.0	image/51	51	32250	train2017/000000008027.jpg
63.771484375	0.0	image/93	93	32651	train2017/000000541077.jpg
64.576171875	0.0	image/91	91	33063	train2017/000000540735.jpg
66.189453125	0.0	image/25	25	33889	train2017/000000527618.jpg
67.77734375	0.0	image/13	13	34702	train2017/000000525932.jpg
68.572265625	0.0	image/72	72	35109	train2017/000000274978.jpg
69.37890625	0.0	image/104	104	35522	train2017/000000018367.jpg
71.029296875	0.0	image/81	81	36367	train2017/000000539340.jpg
71.8125	0.0	image/60	60	36768	train2017/000000010710.jpg
72.642578125	0.0	image/48	48	37193	train2017/000000011299.jpg
73.439453125	0.0	image/30	30	37601	train2017/000000004442.jpg
74.224609375	0.0	image/116	116	38003	train2017/000000283426.jpg
75.025390625	0.0	image/37	37	38413	train2017/000000005684.jpg
75.83984375	0.0	image/67	67	38830	train2017/000000011358.jpg
76.625	0.0	image/35	35	39232	train2017/000000267647.jpg
77.3984375	0.0	image/68	68	39628	train2017/000000535871.jpg
78.23046875	0.0	image/36	36	40054	train2017/000000267699.jpg
79.044921875	0.0	image/23	23	40471	train2017/000000265150.jpg
79.84765625	0.0	image/61	61	40882	train2017/000000272901.jpg
80.6328125	0.0	image/19	19	41284	train2017/000000526968.jpg
81.431640625	0.0	image/113	113	41693	train2017/000000545160.jpg
82.228515625	0.0	image/77	77	42101	train2017/000000275938.jpg
83.02734375	0.0	image/73	73	42510	train2017/000000537393.jpg
83.81640625	0.0	image/114	114	42914	train2017/000000571485.jpg
84.6328125	0.0	image/82	82	43332	train2017/000000539395.jpg
85.4609375	0.0	image/77	77	43756	train2017/000000275938.jpg
86.24609375	0.0	image/30	30	44158	train2017/000000004442.jpg
87.0625	0.0	image/65	65	44576	train2017/000000273147.jpg
87.87890625	0.0	image/95	95	44994	train2017/000000016898.jpg
88.68359375	0.0	image/11	11	45406	train2017/000000263599.jpg
89.4609375	0.0	image/44	44	45804	train2017/000000007048.jpg
90.263671875	0.0	image/22	22	46215	train2017/000000265023.jpg
91.083984375	0.0	image/98	98	46635	train2017/000000541472.jpg
91.86328125	0.0	image/37	37	47034	train2017/000000005684.jpg
92.62890625	0.0	image/91	91	47426	train2017/000000540735.jpg
93.435546875	0.0	image/70	70	47839	train2017/000000536786.jpg
94.21875	0.0	image/82	82	48240	train2017/000000539395.jpg
95.03125	0.0	image/83	83	48656	train2017/000000277524.jpg
95.8359375	0.0	image/49	49	49068	train2017/000000219750.jpg
96.62109375	0.0	image/57	57	49470	train2017/000000001625.jpg
97.419921875	0.0	image/36	36	49879	train2017/000000267699.jpg
98.25390625	0.0	image/1	1	50306	train2017/000000262145.jpg
99.087890625	0.0	image/84	84	50733	train2017/000000570543.jpg
99.8671875	0.0	image/41	41	51132	train2017/000000268418.jpg
100.671875	0.0	image/94	94	51544	train2017/000000278962.jpg
101.46484375	0.0	image/49	49	51950	train2017/000000219750.jpg
102.265625	0.0	image/16	16	52360	train2017/000000002270.jpg
103.0546875	0.0	image/97	97	52764	train2017/000000279197.jpg
103.8671875	0.0	image/42	42	53180	train2017/000000268659.jpg
104.638671875	0.0	image/102	102	53575	train2017/000000018078.jpg
105.466796875	0.0	image/24	24	53999	train2017/000000265453.jpg
106.25390625	0.0	image/41	41	54402	train2017/000000268418.jpg
107.068359375	0.0	image/11	11	54819	train2017/000000263599.jpg
107.865234375	0.0	image/17	17	55227	train2017/000000002372.jpg
108.673828125	0.0	image/88	88	55641	train2017/000000540538.jpg
109.474609375	0.0	image/92	92	56051	train2017/000000278714.jpg
110.267578125	0.0	image/106	106	56457	train2017/000000280808.jpg
111.087890625	0.0	image/47	47	56877	train2017/000000531828.jpg
111.875	0.0	image/53	53	57280	train2017/000000270278.jpg
112.65234375	0.0	image/76	76	57678	train2017/000000275902.jpg
114.2578125	0.0	image/93	93	58500	train2017/000000541077.jpg
115.091796875	0.0	image/75	75	58927	train2017/000000399878.jpg
116.689453125	0.0	image/53	53	59745	train2017/000000270278.jpg
117.486328125	0.0	image/46	46	60153	train2017/000000531515.jpg
119.09375	0.0	image/35	35	60976	train2017/000000267647.jpg
120.677734375	0.0	image/39	39	61787	train2017/000000268008.jpg
121.45703125	0.0	image/104	104	62186	train2017/000000018367.jpg
122.255859375	0.0	image/103	103	62595	train2017/000000280484.jpg
123.056640625	0.0	image/79	79	63005	train2017/000000276664.jpg
123.84375	0.0	image/63	63	63408	train2017/000000273120.jpg
124.662109375	0.0	image/67	67	63827	train2017/000000011358.jpg
125.458984375	0.0	image/116	116	64235	train2017/000000283426.jpg
126.24609375	0.0	image/98	98	64638	train2017/000000541472.jpg
127.830078125	0.0	image/14	14	65449	train2017/000000264244.jpg
128.640625	0.0	image/60	60	65864	train2017/000000010710.jpg
129.41015625	0.0	image/107	107	66258	train2017/000000543254.jpg
131.013671875	0.0	image/109	109	67079	train2017/000000544060.jpg
131.80859375	0.0	image/45	45	67486	train2017/000000531392.jpg
132.607421875	0.0	image/17	17	67895	train2017/000000002372.jpg
133.376953125	0.0	image/66	66	68289	train2017/000000273250.jpg
134.181640625	0.0	image/9	9	68701	train2017/000000000650.jpg
134.974609375	0.0	image/15	15	69107	train2017/000000264396.jpg
135.77734375	0.0	image/114	114	69518	train2017/000000571485.jpg
136.560546875	0.0	image/71	71	69919	train2017/000000536884.jpg
137.328125	0.0	image/99	99	70312	train2017/000000271183.jpg
138.126953125	0.0	image/51	51	70721	train2017/000000008027.jpg
138.89453125	0.0	image/120	120	71114	train2017/000000021718.jpg
139.666015625	0.0	image/8	8	71509	train2017/000000000625.jpg
140.482421875	0.0	image/54	54	71927	train2017/000000532753.jpg
141.294921875	0.0	image/63	63	72343	train2017/000000273120.jpg
142.89453125	0.0	image/32	32	73162	train2017/000000005028.jpg
143.716796875	0.0	image/78	78	73583	train2017/000000013969.jpg
144.513671875	0.0	image/42	42	73991	train2017/000000268659.jpg
145.27734375	0.0	image/83	83	74382	train2017/000000277524.jpg
146.068359375	0.0	image/62	62	74787	train2017/000000010903.jpg
146.900390625	0.0	image/94	94	75213	train2017/000000278962.jpg
147.71484375	0.0	image/108	108	75630	train2017/000000281330.jpg
148.486328125	0.0	image/48	48	76025	train2017/000000011299.jpg
149.3125	0.0	image/115	115	76448	train2017/000000021095.jpg
150.08203125	0.0	image/21	21	76842	train2017/000000274108.jpg
150.8671875	0.0	image/85	85	77244	train2017/000000539705.jpg
151.681640625	0.0	image/3	3	77661	train2017/000000262414.jpg
152.44921875	0.0	image/18	18	78054	train2017/000000264735.jpg
153.220703125	0.0	image/27	27	78449	train2017/000000265745.jpg
154.017578125	0.0	image/5	5	78857	train2017/000000262690.jpg
154.83203125	0.0	image/86	86	79274	train2017/000000539879.jpg
155.599609375	0.0	image/110	110	79667	train2017/000000019863.jpg
156.388671875	0.0	image/15	15	80071	train2017/000000264396.jpg
157.205078125	0.0	image/46	46	80489	train2017/000000531515.jpg
157.982421875	0.0	image/64	64	80887	train2017/000000273138.jpg
158.748046875	0.0	image/106	106	81279	train2017/000000280808.jpg
159.533203125	0.0	image/27	27	81681	train2017/000000265745.jpg
160.34765625	0.0	image/58	58	82098	train2017/000000534259.jpg
161.1328125	0.0	image/115	115	82500	train2017/000000021095.jpg
161.935546875	0.0	image/1	1	82911	train2017/000000262145.jpg
162.75	0.0	image/118	118	83328	train2017/000000283678.jpg
163.556640625	0.0	image/89	89	83741	train2017/000000016314.jpg
164.357421875	0.0	image/96	96	84151	train2017/000000541258.jpg
165.140625	0.0	image/23	23	84552	train2017/000000265150.jpg
165.97265625	0.0	image/70	70	84978	train2017/000000536786.jpg
166.7578125	0.0	image/111	111	85380	train2017/000000020517.jpg
167.541015625	0.0	image/99	99	85781	train2017/000000271183.jpg
168.3203125	0.0	image/103	103	86180	train2017/000000280484.jpg
169.142578125	0.0	image/119	119	86601	train2017/000000545950.jpg
169.9375	0.0	image/71	71	87008	train2017/000000536884.jpg
170.755859375	0.0	image/57	57	87427	train2017/000000001625.jpg
171.525390625	0.0	image/75	75	87821	train2017/000000399878.jpg
172.326171875	0.0	image/66	66	88231	train2017/000000273250.jpg
173.138671875	0.0	image/100	100	88647	train2017/000000541856.jpg
173.94140625	0.0	image/26	26	89058	train2017/000000003521.jpg
174.75390625	0.0	image/69	69	89474	train2017/000000011856.jpg
175.556640625	0.0	image/87	87	89885	train2017/000000300383.jpg
176.326171875	0.0	image/65	65	90279	train2017/000000273147.jpg
177.111328125	0.0	image/13	13	90681	train2017/000000525932.jpg
178.728515625	0.0	image/38	38	91509	train2017/000000312536.jpg
179.51171875	0.0	image/101	101	91910	train2017/000000017967.jpg
180.294921875	0.0	image/78	78	92311	train2017/000000013969.jpg
181.86328125	0.0	image/6	6	93114	train2017/000000000584.jpg
182.6796875	0.0	image/58	58	93532	train2017/000000534259.jpg
183.5078125	0.0	image/52	52	93956	train2017/000000008053.jpg
185.107421875	0.0	image/80	80	94775	train2017/000000538822.jpg
185.9140625	0.0	image/28	28	95188	train2017/000000558788.jpg
186.69140625	0.0	image/105	105	95586	train2017/000000280764.jpg
187.498046875	0.0	image/79	79	95999	train2017/000000276664.jpg
188.326171875	0.0	image/40	40	96423	train2017/000000268114.jpg
189.115234375	0.0	image/118	118	96827	train2017/000000283678.jpg
189.89453125	0.0	image/108	108	97226	train2017/000000281330.jpg
190.681640625	0.0	image/9	9	97629	train2017/000000000650.jpg
191.509765625	0.0	image/50	50	98053	train2017/000000007932.jpg
193.1328125	0.0	image/73	73	98884	train2017/000000537393.jpg
193.9453125	0.0	image/21	21	99300	train2017/000000274108.jpg
194.75	0.0	image/47	47	99712	train2017/000000531828.jpg
195.576171875	0.0	image/105	105	100135	train2017/000000280764.jpg
196.3828125	0.0	image/25	25	100548	train2017/000000527618.jpg
197.2109375	0.0	image/14	14	100972	train2017/000000264244.jpg
198.017578125	0.0	image/64	64	101385	train2017/000000273138.jpg
199.583984375	0.0	image/80	80	102187	train2017/000000538822.jpg
200.396484375	0.0	image/31	31	102603	train2017/000000266622.jpg
201.201171875	0.0	image/20	20	103015	train2017/000000526980.jpg
202.013671875	0.0	image/34	34	103431	train2017/000000005277.jpg
202.802734375	0.0	image/101	101	103835	train2017/000000017967.jpg
203.62890625	0.0	image/102	102	104258	train2017/000000018078.jpg
204.447265625	0.0	image/2	2	104677	train2017/000000262239.jpg
205.248046875	0.0	image/19	19	105087	train2017/000000526968.jpg
206.029296875	0.0	image/10	10	105487	train2017/000000001308.jpg
206.83203125	0.0	image/39	39	105898	train2017/000000268008.jpg
207.619140625	0.0	image/96	96	106301	train2017/000000541258.jpg
208.4140625	0.0	image/5	5	106708	train2017/000000262690.jpg
209.216796875	0.0	image/90	90	107119	train2017/000000278555.jpg
209.98828125	0.0	image/81	81	107514	train2017/000000539340.jpg
210.8046875	0.0	image/4	4	107932	train2017/000000524646.jpg
218.876953125	0.0	image/215	215	112065	train2017/000000306249.jpg
219.66015625	0.0	image/130	130	112466	train2017/000000548593.jpg
220.47265625	0.0	image/237	237	112882	train2017/000000095809.jpg
221.29296875	0.0	image/128	128	113302	train2017/000000547644.jpg
222.087890625	0.0	image/162	162	113709	train2017/000000293372.jpg
222.90625	0.0	image/223	223	114128	train2017/000000309135.jpg
223.720703125	0.0	image/145	145	114545	train2017/000000027298.jpg
225.26953125	0.0	image/133	133	115338	train2017/000000026029.jpg
226.060546875	0.0	image/197	197	115743	train2017/000000303392.jpg
226.859375	0.0	image/121	121	116152	train2017/000000546140.jpg
227.6640625	0.0	image/195	195	116564	train2017/000000040685.jpg
229.24609375	0.0	image/235	235	117374	train2017/000000050256.jpg
230.025390625	0.0	image/154	154	117773	train2017/000000291560.jpg
230.806640625	0.0	image/188	188	118173	train2017/000000037823.jpg
231.595703125	0.0	image/208	208	118577	train2017/000000043150.jpg
232.40625	0.0	image/189	189	118992	train2017/000000300881.jpg
233.2265625	0.0	image/186	186	119412	train2017/000000037358.jpg
234.046875	0.0	image/231	231	119832	train2017/000000270325.jpg
234.880859375	0.0	image/192	192	120259	train2017/000000225054.jpg
235.681640625	0.0	image/210	210	120669	train2017/000000305685.jpg
236.474609375	0.0	image/214	214	121075	train2017/000000306031.jpg
238.0625	0.0	image/239	239	121888	train2017/000000313480.jpg
238.83203125	0.0	image/230	230	122282	train2017/000000573337.jpg
239.626953125	0.0	image/209	209	122689	train2017/000000043176.jpg
240.431640625	0.0	image/132	132	123101	train2017/000000549830.jpg
241.26171875	0.0	image/226	226	123526	train2017/000000571499.jpg
242.044921875	0.0	image/136	136	123927	train2017/000000026388.jpg
242.833984375	0.0	image/196	196	124331	train2017/000000574784.jpg
243.626953125	0.0	image/213	213	124737	train2017/000000043815.jpg
244.39453125	0.0	image/166	166	125130	train2017/000000556748.jpg
245.201171875	0.0	image/228	228	125543	train2017/000000572215.jpg
246.0	0.0	image/210	210	125952	train2017/000000305685.jpg
246.78515625	0.0	image/131	131	126354	train2017/000000549301.jpg
247.59765625	0.0	image/176	176	126770	train2017/000000297154.jpg
248.40234375	0.0	image/240	240	127182	train2017/000000575971.jpg
249.21484375	0.0	image/205	205	127598	train2017/000000566341.jpg
250.033203125	0.0	image/183	183	128017	train2017/000000298395.jpg
250.86328125	0.0	image/204	204	128442	train2017/000000304187.jpg
251.634765625	0.0	image/217	217	128837	train2017/000000306988.jpg
252.462890625	0.0	image/155	155	129261	train2017/000000029730.jpg
253.263671875	0.0	image/168	168	129671	train2017/000000557848.jpg
254.880859375	0.0	image/201	201	130499	train2017/000000041606.jpg
255.6875	0.0	image/157	157	130912	train2017/000000030109.jpg
256.498046875	0.0	image/229	229	131327	train2017/000000310870.jpg
257.31640625	0.0	image/160	160	131746	train2017/000000293130.jpg
258.130859375	0.0	image/135	135	132163	train2017/000000288372.jpg
258.935546875	0.0	image/126	126	132575	train2017/000000547367.jpg
259.75	0.0	image/229	229	132992	train2017/000000310870.jpg
260.533203125	0.0	image/175	175	133393	train2017/000000559225.jpg
262.138671875	0.0	image/207	207	134215	train2017/000000042578.jpg
262.966796875	0.0	image/184	184	134639	train2017/000000006053.jpg
263.755859375	0.0	image/194	194	135043	train2017/000000302588.jpg
265.333984375	0.0	image/148	148	135851	train2017/000000027665.jpg
266.1171875	0.0	image/230	230	136252	train2017/000000573337.jpg
266.88671875	0.0	image/194	194	136646	train2017/000000302588.jpg
267.673828125	0.0	image/236	236	137049	train2017/000000574760.jpg
268.451171875	0.0	image/174	174	137447	train2017/000000559145.jpg
269.234375	0.0	image/142	142	137848	train2017/000000027002.jpg
270.05859375	0.0	image/238	238	138270	train2017/000000050624.jpg
270.869140625	0.0	image/156	156	138685	train2017/000000029732.jpg
271.654296875	0.0	image/163	163	139087	train2017/000000032134.jpg
272.44140625	0.0	image/169	169	139490	train2017/000000557886.jpg
273.251953125	0.0	image/123	123	139905	train2017/000000022256.jpg
274.04296875	0.0	image/143	143	140310	train2017/000000027030.jpg
274.859375	0.0	image/155	155	140728	train2017/000000029730.jpg
275.6875	0.0	image/220	220	141152	train2017/000000569645.jpg
276.458984375	0.0	image/130	130	141547	train2017/000000548593.jpg
277.271484375	0.0	image/195	195	141963	train2017/000000040685.jpg
278.072265625	0.0	image/174	174	142373	train2017/000000559145.jpg
278.876953125	0.0	image/222	222	142785	train2017/000000308950.jpg
279.705078125	0.0	image/138	138	143209	train2017/000000288751.jpg
280.48828125	0.0	image/197	197	143610	train2017/000000303392.jpg
281.306640625	0.0	image/212	212	144029	train2017/000000043776.jpg
282.111328125	0.0	image/154	154	144441	train2017/000000291560.jpg
283.712890625	0.0	image/221	221	145261	train2017/000000575701.jpg
284.505859375	0.0	image/176	176	145667	train2017/000000297154.jpg
285.330078125	0.0	image/134	134	146089	train2017/000000550396.jpg
286.123046875	0.0	image/184	184	146495	train2017/000000006053.jpg
286.9453125	0.0	image/144	144	146916	train2017/000000354070.jpg
287.73046875	0.0	image/181	181	147318	train2017/000000035927.jpg
288.529296875	0.0	image/128	128	147727	train2017/000000547644.jpg
289.34765625	0.0	image/232	232	148146	train2017/000000311232.jpg
290.130859375	0.0	image/203	203	148547	train2017/000000566261.jpg
291.748046875	0.0	image/150	150	149375	train2017/000000552589.jpg
292.560546875	0.0	image/140	140	149791	train2017/000000551164.jpg
293.341796875	0.0	image/125	125	150191	train2017/000000022964.jpg
294.16015625	0.0	image/165	165	150610	train2017/000000032275.jpg
294.94921875	0.0	image/159	159	151014	train2017/000000292845.jpg
295.744140625	0.0	image/191	191	151421	train2017/000000039196.jpg
296.548828125	0.0	image/160	160	151833	train2017/000000293130.jpg
297.33203125	0.0	image/123	123	152234	train2017/000000022256.jpg
298.146484375	0.0	image/200	200	152651	train2017/000000565834.jpg
298.916015625	0.0	image/198	198	153045	train2017/000000303436.jpg
300.583984375	0.0	image/142	142	153899	train2017/000000027002.jpg
301.416015625	0.0	image/236	236	154325	train2017/000000574760.jpg
302.212890625	0.0	image/178	178	154733	train2017/000000355458.jpg
303.001953125	0.0	image/179	179	155137	train2017/000000559958.jpg
303.794921875	0.0	image/146	146	155543	train2017/000000289460.jpg
304.6015625	0.0	image/196	196	155956	train2017/000000574784.jpg
305.3984375	0.0	image/133	133	156364	train2017/000000026029.jpg
306.185546875	0.0	image/157	157	156767	train2017/000000030109.jpg
307.001953125	0.0	image/189	189	157185	train2017/000000300881.jpg
307.78125	0.0	image/233	233	157584	train2017/000000532520.jpg
308.59765625	0.0	image/124	124	158002	train2017/000000122964.jpg
309.404296875	0.0	image/137	137	158415	train2017/000000026443.jpg
310.19921875	0.0	image/172	172	158822	train2017/000000558822.jpg
311.001953125	0.0	image/167	167	159233	train2017/000000032809.jpg
311.8046875	0.0	image/216	216	159644	train2017/000000225829.jpg
313.419921875	0.0	image/131	131	160471	train2017/000000549301.jpg
314.22265625	0.0	image/237	237	160882	train2017/000000095809.jpg
315.0546875	0.0	image/180	180	161308	train2017/000000297844.jpg
315.869140625	0.0	image/193	193	161725	train2017/000000564465.jpg
316.68359375	0.0	image/186	186	162142	train2017/000000037358.jpg
317.455078125	0.0	image/145	145	162537	train2017/000000027298.jpg
318.23828125	0.0	image/148	148	162938	train2017/000000027665.jpg
319.85546875	0.0	image/171	171	163766	train2017/000000033764.jpg
320.689453125	0.0	image/188	188	164193	train2017/000000037823.jpg
322.310546875	0.0	image/179	179	165023	train2017/000000559958.jpg
323.083984375	0.0	image/161	161	165419	train2017/000000293368.jpg
323.890625	0.0	image/213	213	165832	train2017/000000043815.jpg
324.701171875	0.0	image/149	149	166247	train2017/000000290192.jpg
325.525390625	0.0	image/180	180	166669	train2017/000000297844.jpg
326.318359375	0.0	image/233	233	167075	train2017/000000532520.jpg
327.12109375	0.0	image/162	162	167486	train2017/000000293372.jpg
327.92578125	0.0	image/227	227	167898	train2017/000000047638.jpg
328.73828125	0.0	image/121	121	168314	train2017/000000546140.jpg
329.50390625	0.0	image/217	217	168706	train2017/000000306988.jpg
330.3046875	0.0	image/238	238	169116	train2017/000000050624.jpg
331.076171875	0.0	image/139	139	169511	train2017/000000026702.jpg
331.904296875	0.0	image/132	132	169935	train2017/000000549830.jpg
332.70703125	0.0	image/141	141	170346	train2017/000000026981.jpg
334.3046875	0.0	image/125	125	171164	train2017/000000022964.jpg
335.111328125	0.0	image/185	185	171577	train2017/000000036589.jpg
336.76171875	0.0	image/170	170	172422	train2017/000000033727.jpg
337.5390625	0.0	image/190	190	172820	train2017/000000038801.jpg
338.306640625	0.0	image/126	126	173213	train2017/000000547367.jpg
339.107421875	0.0	image/127	127	173623	train2017/000000285450.jpg
339.9296875	0.0	image/140	140	174044	train2017/000000551164.jpg
340.712890625	0.0	image/225	225	174445	train2017/000000047172.jpg
341.546875	0.0	image/136	136	174872	train2017/000000026388.jpg
342.330078125	0.0	image/212	212	175273	train2017/000000043776.jpg
343.123046875	0.0	image/228	228	175679	train2017/000000572215.jpg
343.908203125	0.0	image/234	234	176081	train2017/000000312003.jpg
344.7109375	0.0	image/218	218	176492	train2017/000000569196.jpg
345.4921875	0.0	image/201	201	176892	train2017/000000041606.jpg
346.314453125	0.0	image/182	182	177313	train2017/000000298170.jpg
347.109375	0.0	image/202	202	177720	train2017/000000566201.jpg
347.892578125	0.0	image/191	191	178121	train2017/000000039196.jpg
349.53125	0.0	image/232	232	178960	train2017/000000311232.jpg
350.365234375	0.0	image/208	208	179387	train2017/000000043150.jpg
351.166015625	0.0	image/181	181	179797	train2017/000000035927.jpg
351.966796875	0.0	image/199	199	180207	train2017/000000565652.jpg
352.79296875	0.0	image/143	143	180630	train2017/000000027030.jpg
353.58203125	0.0	image/209	209	181034	train2017/000000043176.jpg
354.36328125	0.0	image/190	190	181434	train2017/000000038801.jpg
355.146484375	0.0	image/235	235	181835	train2017/000000050256.jpg
355.9453125	0.0	image/187	187	182244	train2017/000000037779.jpg
356.744140625	0.0	image/185	185	182653	train2017/000000036589.jpg
358.3671875	0.0	image/166	166	183484	train2017/000000556748.jpg
359.1640625	0.0	image/150	150	183892	train2017/000000552589.jpg
359.935546875	0.0	image/169	169	184287	train2017/000000557886.jpg
360.71875	0.0	image/173	173	184688	train2017/000000559816.jpg
362.314453125	0.0	image/187	187	185505	train2017/000000037779.jpg
363.0859375	0.0	image/122	122	185900	train2017/000000546147.jpg
363.869140625	0.0	image/239	239	186301	train2017/000000313480.jpg
364.6640625	0.0	image/161	161	186708	train2017/000000293368.jpg
365.470703125	0.0	image/177	177	187121	train2017/000000573830.jpg
366.26953125	0.0	image/192	192	187530	train2017/000000225054.jpg
367.087890625	0.0	image/159	159	187949	train2017/000000292845.jpg
367.904296875	0.0	image/231	231	188367	train2017/000000270325.jpg
368.703125	0.0	image/227	227	188776	train2017/000000047638.jpg
369.50390625	0.0	image/203	203	189186	train2017/000000566261.jpg
370.33203125	0.0	image/225	225	189610	train2017/000000047172.jpg
371.96875	0.0	image/163	163	190448	train2017/000000032134.jpg
372.78515625	0.0	image/193	193	190866	train2017/000000564465.jpg
373.58984375	0.0	image/124	124	191278	train2017/000000122964.jpg
375.189453125	0.0	image/152	152	192097	train2017/000000553166.jpg
376.787109375	0.0	image/170	170	192915	train2017/000000033727.jpg
377.55078125	0.0	image/223	223	193306	train2017/000000309135.jpg
378.33984375	0.0	image/156	156	193710	train2017/000000029732.jpg
379.140625	0.0	image/200	200	194120	train2017/000000565834.jpg
379.955078125	0.0	image/122	122	194537	train2017/000000546147.jpg
380.7578125	0.0	image/219	219	194948	train2017/000000219735.jpg
381.53515625	0.0	image/168	168	195346	train2017/000000557848.jpg
382.302734375	0.0	image/234	234	195739	train2017/000000312003.jpg
383.091796875	0.0	image/202	202	196143	train2017/000000566201.jpg
383.919921875	0.0	image/215	215	196567	train2017/000000306249.jpg
384.708984375	0.0	image/171	171	196971	train2017/000000033764.jpg
385.509765625	0.0	image/165	165	197381	train2017/000000032275.jpg
386.29296875	0.0	image/219	219	197782	train2017/000000219735.jpg
387.0703125	0.0	image/226	226	198180	train2017/000000571499.jpg
387.87109375	0.0	image/167	167	198590	train2017/000000032809.jpg
388.642578125	0.0	image/153	153	198985	train2017/000000553586.jpg
389.427734375	0.0	image/175	175	199387	train2017/000000559225.jpg
390.23828125	0.0	image/221	221	199802	train2017/000000575701.jpg
391.044921875	0.0	image/149	149	200215	train2017/000000290192.jpg
391.857421875	0.0	image/158	158	200631	train2017/000000030148.jpg
392.65625	0.0	image/214	214	201040	train2017/000000306031.jpg
394.24609375	0.0	image/127	127	201854	train2017/000000285450.jpg
395.056640625	0.0	image/178	178	202269	train2017/000000355458.jpg
395.830078125	0.0	image/216	216	202665	train2017/000000225829.jpg
396.62890625	0.0	image/164	164	203074	train2017/000000556542.jpg
397.4296875	0.0	image/211	211	203484	train2017/000000567837.jpg
398.212890625	0.0	image/173	173	203885	train2017/000000559816.jpg
398.99609375	0.0	image/144	144	204286	train2017/000000354070.jpg
399.775390625	0.0	image/222	222	204685	train2017/000000308950.jpg
400.580078125	0.0	image/183	183	205097	train2017/000000298395.jpg
401.3984375	0.0	image/153	153	205516	train2017/000000553586.jpg
402.197265625	0.0	image/147	147	205925	train2017/000000289791.jpg
403.03125	0.0	image/182	182	206352	train2017/000000298170.jpg
403.826171875	0.0	image/135	135	206759	train2017/000000288372.jpg
404.64453125	0.0	image/206	206	207178	train2017/000000263276.jpg
405.42578125	0.0	image/211	211	207578	train2017/000000567837.jpg
406.2109375	0.0	image/152	152	207980	train2017/000000553166.jpg
407.03125	0.0	image/134	134	208400	train2017/000000550396.jpg
407.794921875	0.0	image/198	198	208791	train2017/000000303436.jpg
408.58203125	0.0	image/207	207	209194	train2017/000000042578.jpg
409.39453125	0.0	image/220	220	209610	train2017/000000569645.jpg
410.93359375	0.0	image/205	205	210398	train2017/000000566341.jpg
411.716796875	0.0	image/206	206	210799	train2017/000000263276.jpg
412.544921875	0.0	image/141	141	211223	train2017/000000026981.jpg
414.166015625	0.0	image/147	147	212053	train2017/000000289791.jpg
415.001953125	0.0	image/137	137	212481	train2017/000000026443.jpg
415.779296875	0.0	image/240	240	212879	train2017/000000575971.jpg
416.564453125	0.0	image/151	151	213281	train2017/000000553150.jpg
417.34765625	0.0	image/158	158	213682	train2017/000000030148.jpg
418.15234375	0.0	image/146	146	214094	train2017/000000289460.jpg
418.947265625	0.0	image/151	151	214501	train2017/000000553150.jpg
419.75390625	0.0	image/218	218	214914	train2017/000000569196.jpg
420.552734375	0.0	image/129	129	215323	train2017/000000023392.jpg
421.369140625	0.0	image/177	177	215741	train2017/000000573830.jpg
422.169921875	0.0	image/164	164	216151	train2017/000000556542.jpg
422.947265625	0.0	image/139	139	216549	train2017/000000026702.jpg
423.732421875	0.0	image/224	224	216951	train2017/000000309192.jpg
425.322265625	0.0	image/224	224	217765	train2017/000000309192.jpg
426.10546875	0.0	image/129	129	218166	train2017/000000023392.jpg
426.93359375	0.0	image/204	204	218590	train2017/000000304187.jpg
427.75390625	0.0	image/172	172	219010	train2017/000000558822.jpg
428.533203125	0.0	image/199	199	219409	train2017/000000565652.jpg
429.35546875	0.0	image/138	138	219830	train2017/000000288751.jpg
437.212890625	0.0	image/277	277	223853	train2017/000000009983.jpg
438.01171875	0.0	image/327	327	224262	train2017/000000333152.jpg
438.8046875	0.0	image/291	291	224668	train2017/000000490875.jpg
439.5703125	0.0	image/315	315	225060	train2017/000000068623.jpg
440.32421875	0.0	image/273	273	225446	train2017/000000059321.jpg
441.892578125	0.0	image/340	340	226249	train2017/000000335063.jpg
442.70703125	0.0	image/298	298	226666	train2017/000000065029.jpg
443.525390625	0.0	image/358	358	227085	train2017/000000077870.jpg
444.330078125	0.0	image/333	333	227497	train2017/000000334011.jpg
445.140625	0.0	image/322	322	227912	train2017/000000070421.jpg
445.91015625	0.0	image/252	252	228306	train2017/000000578169.jpg
446.732421875	0.0	image/292	292	228727	train2017/000000323970.jpg
447.54296875	0.0	image/346	346	229142	train2017/000000336374.jpg
448.33203125	0.0	image/282	282	229546	train2017/000000053842.jpg
449.115234375	0.0	image/268	268	229947	train2017/000000057796.jpg
449.9140625	0.0	image/274	274	230356	train2017/000000321902.jpg
451.533203125	0.0	image/280	280	231185	train2017/000000322255.jpg
452.34375	0.0	image/250	250	231600	train2017/000000577964.jpg
453.150390625	0.0	image/296	296	232013	train2017/000000064534.jpg
453.927734375	0.0	image/324	324	232411	train2017/000000332692.jpg
454.6953125	0.0	image/309	309	232804	train2017/000000330084.jpg
455.48046875	0.0	image/298	298	233206	train2017/000000065029.jpg
456.28515625	0.0	image/272	272	233618	train2017/000000359337.jpg
457.068359375	0.0	image/271	271	234019	train2017/000000058465.jpg
457.880859375	0.0	image/244	244	234435	train2017/000000314379.jpg
458.701171875	0.0	image/303	303	234855	train2017/000000328628.jpg
459.513671875	0.0	image/316	316	235271	train2017/000000246728.jpg
461.119140625	0.0	image/302	302	236093	train2017/000000328454.jpg
461.896484375	0.0	image/311	311	236491	train2017/000000067961.jpg
462.720703125	0.0	image/319	319	236913	train2017/000000332261.jpg
463.515625	0.0	image/253	253	237320	train2017/000000054001.jpg
464.30078125	0.0	image/323	323	237722	train2017/000000332574.jpg
465.103515625	0.0	image/326	326	238133	train2017/000000332875.jpg
465.904296875	0.0	image/299	299	238543	train2017/000000327191.jpg
466.705078125	0.0	image/251	251	238953	train2017/000000053778.jpg
467.484375	0.0	image/241	241	239352	train2017/000000576011.jpg
468.265625	0.0	image/263	263	239752	train2017/000000318444.jpg
469.849609375	0.0	image/258	258	240563	train2017/000000055294.jpg
470.6328125	0.0	image/289	289	240964	train2017/000000061559.jpg
471.40625	0.0	image/358	358	241360	train2017/000000077870.jpg
472.232421875	0.0	image/327	327	241783	train2017/000000333152.jpg
473.021484375	0.0	image/329	329	242187	train2017/000000333615.jpg
473.8515625	0.0	image/296	296	242612	train2017/000000064534.jpg
474.623046875	0.0	image/294	294	243007	train2017/000000325710.jpg
476.236328125	0.0	image/286	286	243833	train2017/000000323397.jpg
477.01953125	0.0	image/317	317	244234	train2017/000000069625.jpg
477.82421875	0.0	image/329	329	244646	train2017/000000333615.jpg
478.640625	0.0	image/248	248	245064	train2017/000000455691.jpg
479.421875	0.0	image/357	357	245464	train2017/000000338987.jpg
480.224609375	0.0	image/311	311	245875	train2017/000000067961.jpg
481.0078125	0.0	image/345	345	246276	train2017/000000281567.jpg
481.7890625	0.0	image/355	355	246676	train2017/000000338670.jpg
482.591796875	0.0	image/254	254	247087	train2017/000000317061.jpg
483.376953125	0.0	image/289	289	247489	train2017/000000061559.jpg
484.169921875	0.0	image/253	253	247895	train2017/000000054001.jpg
484.97265625	0.0	image/252	252	248306	train2017/000000578169.jpg
485.810546875	0.0	image/272	272	248735	train2017/000000359337.jpg
486.603515625	0.0	image/287	287	249141	train2017/000000061266.jpg
487.39453125	0.0	image/310	310	249546	train2017/000000330086.jpg
488.177734375	0.0	image/318	318	249947	train2017/000000069705.jpg
488.955078125	0.0	image/260	260	250345	train2017/000000055514.jpg
489.744140625	0.0	image/348	348	250749	train2017/000000074461.jpg
490.5234375	0.0	image/359	359	251148	train2017/000000078000.jpg
491.32421875	0.0	image/292	292	251558	train2017/000000323970.jpg
492.14453125	0.0	image/284	284	251978	train2017/000000323182.jpg
492.962890625	0.0	image/314	314	252397	train2017/000000055090.jpg
493.794921875	0.0	image/328	328	252823	train2017/000000071429.jpg
494.591796875	0.0	image/357	357	253231	train2017/000000338987.jpg
495.36328125	0.0	image/321	321	253626	train2017/000000332498.jpg
496.962890625	0.0	image/356	356	254445	train2017/000000012795.jpg
497.748046875	0.0	image/332	332	254847	train2017/000000579906.jpg
498.541015625	0.0	image/315	315	255253	train2017/000000068623.jpg
499.32421875	0.0	image/351	351	255654	train2017/000000337479.jpg
500.115234375	0.0	image/344	344	256059	train2017/000000073997.jpg
501.748046875	0.0	image/332	332	256895	train2017/000000579906.jpg
502.564453125	0.0	image/270	270	257313	train2017/000000058407.jpg
503.380859375	0.0	image/347	347	257731	train2017/000000074390.jpg
504.1796875	0.0	image/281	281	258140	train2017/000000323010.jpg
504.958984375	0.0	image/308	308	258539	train2017/000000067623.jpg
505.75	0.0	image/260	260	258944	train2017/000000055514.jpg
506.533203125	0.0	image/286	286	259345	train2017/000000323397.jpg
507.361328125	0.0	image/330	330	259769	train2017/000000333629.jpg
508.162109375	0.0	image/270	270	260179	train2017/000000058407.jpg
508.9765625	0.0	image/273	273	260596	train2017/000000059321.jpg
509.779296875	0.0	image/339	339	261007	train2017/000000072715.jpg
510.583984375	0.0	image/333	333	261419	train2017/000000334011.jpg
511.40234375	0.0	image/242	242	261838	train2017/000000051774.jpg
512.1953125	0.0	image/300	300	262244	train2017/000000065400.jpg
512.984375	0.0	image/274	274	262648	train2017/000000321902.jpg
513.818359375	0.0	image/294	294	263075	train2017/000000325710.jpg
514.619140625	0.0	image/266	266	263485	train2017/000000056837.jpg
515.404296875	0.0	image/328	328	263887	train2017/000000071429.jpg
516.234375	0.0	image/347	347	264312	train2017/000000074390.jpg
517.0703125	0.0	image/305	305	264740	train2017/000000067347.jpg
517.84765625	0.0	image/266	266	265138	train2017/000000056837.jpg
518.61328125	0.0	image/290	290	265530	train2017/000000534553.jpg
519.421875	0.0	image/353	353	265944	train2017/000000338169.jpg
520.23828125	0.0	image/248	248	266362	train2017/000000455691.jpg
521.0703125	0.0	image/245	245	266788	train2017/000000052348.jpg
521.88671875	0.0	image/254	254	267206	train2017/000000317061.jpg
523.50390625	0.0	image/267	267	268034	train2017/000000057631.jpg
524.30078125	0.0	image/352	352	268442	train2017/000000274776.jpg
525.853515625	0.0	image/244	244	269237	train2017/000000314379.jpg
526.6171875	0.0	image/276	276	269628	train2017/000000322008.jpg
527.384765625	0.0	image/293	293	270021	train2017/000000062547.jpg
528.203125	0.0	image/287	287	270440	train2017/000000061266.jpg
528.990234375	0.0	image/300	300	270843	train2017/000000065400.jpg
529.783203125	0.0	image/356	356	271249	train2017/000000012795.jpg
530.57421875	0.0	image/312	312	271654	train2017/000000068238.jpg
531.3515625	0.0	image/243	243	272052	train2017/000000560396.jpg
532.173828125	0.0	image/325	325	272473	train2017/000000002349.jpg
533.00390625	0.0	image/321	321	272898	train2017/000000332498.jpg
533.818359375	0.0	image/339	339	273315	train2017/000000072715.jpg
534.63671875	0.0	image/308	308	273734	train2017/000000067623.jpg
535.435546875	0.0	image/353	353	274143	train2017/000000338169.jpg
537.041015625	0.0	image/241	241	274965	train2017/000000576011.jpg
537.822265625	0.0	image/293	293	275365	train2017/000000062547.jpg
538.603515625	0.0	image/319	319	275765	train2017/000000332261.jpg
539.41015625	0.0	image/340	340	276178	train2017/000000335063.jpg
540.208984375	0.0	image/343	343	276587	train2017/000000335824.jpg
541.021484375	0.0	image/345	345	277003	train2017/000000281567.jpg
541.8046875	0.0	image/334	334	277404	train2017/000000334048.jpg
542.626953125	0.0	image/265	265	277825	train2017/000000580813.jpg
543.439453125	0.0	image/243	243	278241	train2017/000000560396.jpg
544.244140625	0.0	image/257	257	278653	train2017/000000055206.jpg
545.0234375	0.0	image/297	297	279052	train2017/000000065012.jpg
545.8203125	0.0	image/278	278	279460	train2017/000000009987.jpg
546.64453125	0.0	image/334	334	279882	train2017/000000334048.jpg
547.419921875	0.0	image/338	338	280279	train2017/000000334772.jpg
548.189453125	0.0	image/342	342	280673	train2017/000000335688.jpg
548.95703125	0.0	image/307	307	281066	train2017/000000329641.jpg
549.76171875	0.0	image/335	335	281478	train2017/000000071927.jpg
550.580078125	0.0	image/355	355	281897	train2017/000000338670.jpg
551.392578125	0.0	image/269	269	282313	train2017/000000320533.jpg
552.1640625	0.0	image/354	354	282708	train2017/000000076476.jpg
552.947265625	0.0	image/257	257	283109	train2017/000000055206.jpg
553.740234375	0.0	image/283	283	283515	train2017/000000359687.jpg
554.564453125	0.0	image/325	325	283937	train2017/000000002349.jpg
555.365234375	0.0	image/247	247	284347	train2017/000000576789.jpg
556.16015625	0.0	image/279	279	284754	train2017/000000322246.jpg
557.73046875	0.0	image/303	303	285558	train2017/000000328628.jpg
558.515625	0.0	image/276	276	285960	train2017/000000322008.jpg
559.33203125	0.0	image/301	301	286378	train2017/000000066253.jpg
560.142578125	0.0	image/302	302	286793	train2017/000000328454.jpg
560.943359375	0.0	image/324	324	287203	train2017/000000332692.jpg
561.716796875	0.0	image/285	285	287599	train2017/000000061174.jpg
562.515625	0.0	image/307	307	288008	train2017/000000329641.jpg
563.328125	0.0	image/336	336	288424	train2017/000000334208.jpg
564.150390625	0.0	image/291	291	288845	train2017/000000490875.jpg
564.98046875	0.0	image/335	335	289270	train2017/000000071927.jpg
565.80078125	0.0	image/246	246	289690	train2017/000000576749.jpg
566.595703125	0.0	image/337	337	290097	train2017/000000072095.jpg
567.361328125	0.0	image/262	262	290489	train2017/000000318381.jpg
568.16796875	0.0	image/265	265	290902	train2017/000000580813.jpg
568.96484375	0.0	image/322	322	291310	train2017/000000070421.jpg
570.568359375	0.0	image/306	306	292131	train2017/000000281575.jpg
571.369140625	0.0	image/310	310	292541	train2017/000000330086.jpg
572.935546875	0.0	image/282	282	293343	train2017/000000053842.jpg
573.720703125	0.0	image/360	360	293745	train2017/000000078042.jpg
574.515625	0.0	image/249	249	294152	train2017/000000577817.jpg
575.337890625	0.0	image/258	258	294573	train2017/000000055294.jpg
576.13671875	0.0	image/263	263	294982	train2017/000000318444.jpg
576.970703125	0.0	image/323	323	295409	train2017/000000332574.jpg
577.8046875	0.0	image/275	275	295836	train2017/000000403184.jpg
578.58203125	0.0	image/320	320	296234	train2017/000000332448.jpg
579.3671875	0.0	image/242	242	296636	train2017/000000051774.jpg
580.166015625	0.0	image/278	278	297045	train2017/000000009987.jpg
581.751953125	0.0	image/267	267	297857	train2017/000000057631.jpg
583.35546875	0.0	image/343	343	298678	train2017/000000335824.jpg
584.15234375	0.0	image/320	320	299086	train2017/000000332448.jpg
584.923828125	0.0	image/338	338	299481	train2017/000000334772.jpg
585.70703125	0.0	image/354	354	299882	train2017/000000076476.jpg
586.490234375	0.0	image/295	295	300283	train2017/000000010743.jpg
587.302734375	0.0	image/255	255	300699	train2017/000000055184.jpg
588.107421875	0.0	image/306	306	301111	train2017/000000281575.jpg
589.724609375	0.0	image/284	284	301939	train2017/000000323182.jpg
590.55859375	0.0	image/256	256	302366	train2017/000000009199.jpg
591.375	0.0	image/259	259	302784	train2017/000000055402.jpg
592.208984375	0.0	image/301	301	303211	train2017/000000066253.jpg
593.841796875	0.0	image/317	317	304047	train2017/000000069625.jpg
594.626953125	0.0	image/262	262	304449	train2017/000000318381.jpg
595.4375	0.0	image/283	283	304864	train2017/000000359687.jpg
596.240234375	0.0	image/288	288	305275	train2017/000000061288.jpg
597.021484375	0.0	image/256	256	305675	train2017/000000009199.jpg
597.7890625	0.0	image/290	290	306068	train2017/000000534553.jpg
598.611328125	0.0	image/326	326	306489	train2017/000000332875.jpg
599.427734375	0.0	image/342	342	306907	train2017/000000335688.jpg
600.2109375	0.0	image/348	348	307308	train2017/000000074461.jpg
601.0390625	0.0	image/318	318	307732	train2017/000000069705.jpg
601.83203125	0.0	image/350	350	308138	train2017/000000074828.jpg
602.65625	0.0	image/304	304	308560	train2017/000000066696.jpg
603.4296875	0.0	image/271	271	308956	train2017/000000058465.jpg
604.2578125	0.0	image/277	277	309380	train2017/000000009983.jpg
605.029296875	0.0	image/261	261	309775	train2017/000000317781.jpg
605.806640625	0.0	image/360	360	310173	train2017/000000078042.jpg
607.408203125	0.0	image/337	337	310993	train2017/000000072095.jpg
608.224609375	0.0	image/336	336	311411	train2017/000000334208.jpg
609.013671875	0.0	image/259	259	311815	train2017/000000055402.jpg
609.814453125	0.0	image/299	299	312225	train2017/000000327191.jpg
610.609375	0.0	image/245	245	312632	train2017/000000052348.jpg
612.2421875	0.0	image/313	313	313468	train2017/000000011373.jpg
613.01171875	0.0	image/250	250	313862	train2017/000000577964.jpg
613.78125	0.0	image/288	288	314256	train2017/000000061288.jpg
614.58203125	0.0	image/279	279	314666	train2017/000000322246.jpg
615.416015625	0.0	image/314	314	315093	train2017/000000055090.jpg
616.1953125	0.0	image/341	341	315492	train2017/000000492851.jpg
617.015625	0.0	image/269	269	315912	train2017/000000320533.jpg
618.6796875	0.0	image/330	330	316764	train2017/000000333629.jpg
619.498046875	0.0	image/309	309	317183	train2017/000000330084.jpg
620.27734375	0.0	image/331	331	317582	train2017/000000333654.jpg
621.060546875	0.0	image/275	275	317983	train2017/000000403184.jpg
621.8671875	0.0	image/281	281	318396	train2017/000000323010.jpg
623.501953125	0.0	image/264	264	319233	train2017/000000001877.jpg
624.314453125	0.0	image/280	280	319649	train2017/000000322255.jpg
625.130859375	0.0	image/351	351	320067	train2017/000000337479.jpg
625.953125	0.0	image/313	313	320488	train2017/000000011373.jpg
626.763671875	0.0	image/297	297	320903	train2017/000000065012.jpg
627.529296875	0.0	image/346	346	321295	train2017/000000336374.jpg
628.3203125	0.0	image/359	359	321700	train2017/000000078000.jpg
629.130859375	0.0	image/350	350	322115	train2017/000000074828.jpg
629.896484375	0.0	image/331	331	322507	train2017/000000333654.jpg
630.703125	0.0	image/264	264	322920	train2017/000000001877.jpg
631.486328125	0.0	image/316	316	323321	train2017/000000246728.jpg
632.298828125	0.0	image/305	305	323737	train2017/000000067347.jpg
633.12109375	0.0	image/312	312	324158	train2017/000000068238.jpg
634.75390625	0.0	image/246	246	324994	train2017/000000576749.jpg
635.533203125	0.0	image/341	341	325393	train2017/000000492851.jpg
636.3515625	0.0	image/352	352	325812	train2017/000000274776.jpg
637.123046875	0.0	image/349	349	326207	train2017/000000074714.jpg
637.94921875	0.0	image/261	261	326630	train2017/000000317781.jpg
638.740234375	0.0	image/268	268	327035	train2017/000000057796.jpg
639.556640625	0.0	image/344	344	327453	train2017/000000073997.jpg
640.390625	0.0	image/349	349	327880	train2017/000000074714.jpg
641.203125	0.0	image/304	304	328296	train2017/000000066696.jpg
642.0078125	0.0	image/255	255	328708	train2017/000000055184.jpg
642.81640625	0.0	image/249	249	329122	train2017/000000577817.jpg
644.40234375	0.0	image/295	295	329934	train2017/000000010743.jpg
645.224609375	0.0	image/247	247	330355	train2017/000000576789.jpg
646.00390625	0.0	image/285	285	330754	train2017/000000061174.jpg
646.78515625	0.0	image/251	251	331154	train2017/000000053778.jpg
654.732421875	0.0	image/399	399	335223	train2017/000000320508.jpg
655.544921875	0.0	image/367	367	335639	train2017/000000080619.jpg
656.349609375	0.0	image/446	446	336051	train2017/000000100599.jpg
657.93359375	0.0	image/361	361	336862	train2017/000000340317.jpg
658.734375	0.0	image/443	443	337272	train2017/000000099580.jpg
660.296875	0.0	image/373	373	338072	train2017/000000081841.jpg
661.0625	0.0	image/384	384	338464	train2017/000000345725.jpg
661.880859375	0.0	image/388	388	338883	train2017/000000084174.jpg
662.6796875	0.0	image/434	434	339292	train2017/000000097201.jpg
663.453125	0.0	image/460	460	339688	train2017/000000367552.jpg
665.0859375	0.0	image/402	402	340524	train2017/000000088835.jpg
665.90234375	0.0	image/460	460	340942	train2017/000000367552.jpg
666.685546875	0.0	image/368	368	341343	train2017/000000008471.jpg
667.48046875	0.0	image/431	431	341750	train2017/000000095828.jpg
668.26953125	0.0	image/424	424	342154	train2017/000000277778.jpg
669.0703125	0.0	image/472	472	342564	train2017/000000110780.jpg
669.87109375	0.0	image/459	459	342974	train2017/000000366802.jpg
670.650390625	0.0	image/429	429	343373	train2017/000000095337.jpg
671.455078125	0.0	image/455	455	343785	train2017/000000104044.jpg
672.232421875	0.0	image/398	398	344183	train2017/000000087871.jpg
673.00390625	0.0	image/461	461	344578	train2017/000000106107.jpg
673.80078125	0.0	image/465	465	344986	train2017/000000369253.jpg
674.60546875	0.0	image/469	469	345398	train2017/000000370369.jpg
675.384765625	0.0	image/390	390	345797	train2017/000000346754.jpg
676.15625	0.0	image/386	386	346192	train2017/000000083632.jpg
676.93359375	0.0	image/387	387	346590	train2017/000000083738.jpg
677.755859375	0.0	image/377	377	347011	train2017/000000450584.jpg
678.55078125	0.0	image/475	475	347418	train2017/000000373970.jpg
679.373046875	0.0	image/443	443	347839	train2017/000000099580.jpg
680.16796875	0.0	image/396	396	348246	train2017/000000349363.jpg
680.990234375	0.0	image/476	476	348667	train2017/000000112734.jpg
681.802734375	0.0	image/400	400	349083	train2017/000000350299.jpg
682.583984375	0.0	image/362	362	349483	train2017/000000340734.jpg
683.408203125	0.0	image/378	378	349905	train2017/000000319517.jpg
684.1875	0.0	image/415	415	350304	train2017/000000354045.jpg
684.986328125	0.0	image/410	410	350713	train2017/000000090994.jpg
685.79296875	0.0	image/372	372	351126	train2017/000000081474.jpg
686.591796875	0.0	image/384	384	351535	train2017/000000345725.jpg
687.38671875	0.0	image/436	436	351942	train2017/000000098480.jpg
688.9921875	0.0	image/372	372	352764	train2017/000000081474.jpg
689.826171875	0.0	image/466	466	353191	train2017/000000107204.jpg
691.427734375	0.0	image/394	394	354011	train2017/000000087126.jpg
692.2109375	0.0	image/434	434	354412	train2017/000000097201.jpg
693.037109375	0.0	image/456	456	354835	train2017/000000104081.jpg
693.8359375	0.0	image/428	428	355244	train2017/000000095176.jpg
694.62890625	0.0	image/378	378	355650	train2017/000000319517.jpg
695.41015625	0.0	image/461	461	356050	train2017/000000106107.jpg
696.99609375	0.0	image/478	478	356862	train2017/000000114035.jpg
697.810546875	0.0	image/375	375	357279	train2017/000000081961.jpg
698.595703125	0.0	image/419	419	357681	train2017/000000092288.jpg
699.392578125	0.0	image/396	396	358089	train2017/000000349363.jpg
700.20703125	0.0	image/453	453	358506	train2017/000000103366.jpg
700.98046875	0.0	image/417	417	358902	train2017/000000092001.jpg
701.796875	0.0	image/389	389	359320	train2017/000000346583.jpg
702.580078125	0.0	image/435	435	359721	train2017/000000097218.jpg
704.158203125	0.0	image/406	406	360529	train2017/000000352236.jpg
704.947265625	0.0	image/478	478	360933	train2017/000000114035.jpg
705.7578125	0.0	image/431	431	361348	train2017/000000095828.jpg
707.365234375	0.0	image/427	427	362171	train2017/000000357228.jpg
708.1484375	0.0	image/367	367	362572	train2017/000000080619.jpg
708.94921875	0.0	image/409	409	362982	train2017/000000090827.jpg
709.732421875	0.0	image/437	437	363383	train2017/000000060117.jpg
710.548828125	0.0	image/428	428	363801	train2017/000000095176.jpg
712.166015625	0.0	image/468	468	364629	train2017/000000542304.jpg
713.75	0.0	image/466	466	365440	train2017/000000107204.jpg
714.55078125	0.0	image/379	379	365850	train2017/000000569678.jpg
715.34765625	0.0	image/429	429	366258	train2017/000000095337.jpg
716.111328125	0.0	image/386	386	366649	train2017/000000083632.jpg
716.896484375	0.0	image/363	363	367051	train2017/000000079111.jpg
717.685546875	0.0	image/452	452	367455	train2017/000000365218.jpg
718.46484375	0.0	image/451	451	367854	train2017/000000365003.jpg
719.228515625	0.0	image/426	426	368245	train2017/000000357074.jpg
720.03125	0.0	image/470	470	368656	train2017/000000110611.jpg
720.853515625	0.0	image/473	473	369077	train2017/000000372959.jpg
722.4140625	0.0	image/472	472	369876	train2017/000000110780.jpg
723.236328125	0.0	image/464	464	370297	train2017/000000369230.jpg
724.017578125	0.0	image/474	474	370697	train2017/000000373679.jpg
724.853515625	0.0	image/385	385	371125	train2017/000000345751.jpg
725.6328125	0.0	image/439	439	371524	train2017/000000361193.jpg
726.431640625	0.0	image/464	464	371933	train2017/000000369230.jpg
727.201171875	0.0	image/380	380	372327	train2017/000000082650.jpg
728.015625	0.0	image/397	397	372744	train2017/000000087334.jpg
729.62109375	0.0	image/446	446	373566	train2017/000000100599.jpg
731.19921875	0.0	image/401	401	374374	train2017/000000088414.jpg
731.990234375	0.0	image/458	458	374779	train2017/000000104502.jpg
732.81640625	0.0	image/444	444	375202	train2017/000000100396.jpg
733.619140625	0.0	image/414	414	375613	train2017/000000091784.jpg
734.40625	0.0	image/440	440	376016	train2017/000000361197.jpg
735.20703125	0.0	image/430	430	376426	train2017/000000357865.jpg
736.0	0.0	image/477	477	376832	train2017/000000113593.jpg
736.791015625	0.0	image/448	448	377237	train2017/000000101069.jpg
737.57421875	0.0	image/382	382	377638	train2017/000000345149.jpg
738.353515625	0.0	image/449	449	378037	train2017/000000101952.jpg
739.119140625	0.0	image/412	412	378429	train2017/000000408492.jpg
739.94140625	0.0	image/467	467	378850	train2017/000000017935.jpg
740.734375	0.0	image/395	395	379256	train2017/000000087146.jpg
741.525390625	0.0	image/425	425	379661	train2017/000000356771.jpg
742.353515625	0.0	image/391	391	380085	train2017/000000346795.jpg
743.123046875	0.0	image/457	457	380479	train2017/000000366396.jpg
743.919921875	0.0	image/409	409	380887	train2017/000000090827.jpg
745.572265625	0.0	image/395	395	381733	train2017/000000087146.jpg
746.39453125	0.0	image/447	447	382154	train2017/000000100863.jpg
747.220703125	0.0	image/470	470	382577	train2017/000000110611.jpg
748.009765625	0.0	image/471	471	382981	train2017/000000372775.jpg
748.837890625	0.0	image/416	416	383405	train2017/000000354095.jpg
749.62109375	0.0	image/366	366	383806	train2017/000000080275.jpg
750.439453125	0.0	image/463	463	384225	train2017/000000369171.jpg
751.26171875	0.0	image/368	368	384646	train2017/000000008471.jpg
752.095703125	0.0	image/452	452	385073	train2017/000000365218.jpg
752.873046875	0.0	image/392	392	385471	train2017/000000348204.jpg
753.66015625	0.0	image/413	413	385874	train2017/000000364806.jpg
754.44140625	0.0	image/430	430	386274	train2017/000000357865.jpg
755.255859375	0.0	image/371	371	386691	train2017/000000081365.jpg
756.0390625	0.0	image/388	388	387092	train2017/000000084174.jpg
756.830078125	0.0	image/447	447	387497	train2017/000000100863.jpg
758.4140625	0.0	image/453	453	388308	train2017/000000103366.jpg
759.2109375	0.0	image/459	459	388716	train2017/000000366802.jpg
760.025390625	0.0	image/419	419	389133	train2017/000000092288.jpg
760.841796875	0.0	image/404	404	389551	train2017/000000352129.jpg
761.6484375	0.0	image/463	463	389964	train2017/000000369171.jpg
762.427734375	0.0	image/456	456	390363	train2017/000000104081.jpg
763.2421875	0.0	image/393	393	390780	train2017/000000086811.jpg
764.01171875	0.0	image/385	385	391174	train2017/000000345751.jpg
764.8125	0.0	image/444	444	391584	train2017/000000100396.jpg
765.62890625	0.0	image/390	390	392002	train2017/000000346754.jpg
766.443359375	0.0	image/369	369	392419	train2017/000000080987.jpg
767.2265625	0.0	image/402	402	392820	train2017/000000088835.jpg
768.009765625	0.0	image/375	375	393221	train2017/000000081961.jpg
768.81640625	0.0	image/424	424	393634	train2017/000000277778.jpg
769.626953125	0.0	image/432	432	394049	train2017/000000096161.jpg
770.43359375	0.0	image/438	438	394462	train2017/000000147547.jpg
771.2421875	0.0	image/473	473	394876	train2017/000000372959.jpg
772.0625	0.0	image/445	445	395296	train2017/000000362677.jpg
773.65234375	0.0	image/387	387	396110	train2017/000000083738.jpg
774.44921875	0.0	image/437	437	396518	train2017/000000060117.jpg
775.232421875	0.0	image/376	376	396919	train2017/000000081995.jpg
776.01171875	0.0	image/441	441	397318	train2017/000000099363.jpg
776.81640625	0.0	image/462	462	397730	train2017/000000368852.jpg
777.63671875	0.0	image/451	451	398150	train2017/000000365003.jpg
778.462890625	0.0	image/366	366	398573	train2017/000000080275.jpg
779.287109375	0.0	image/432	432	398995	train2017/000000096161.jpg
780.083984375	0.0	image/418	418	399403	train2017/000000092221.jpg
780.8828125	0.0	image/427	427	399812	train2017/000000357228.jpg
781.705078125	0.0	image/458	458	400233	train2017/000000104502.jpg
782.498046875	0.0	image/364	364	400639	train2017/000000275335.jpg
783.287109375	0.0	image/454	454	401043	train2017/000000366146.jpg
784.087890625	0.0	image/394	394	401453	train2017/000000087126.jpg
784.91796875	0.0	image/445	445	401878	train2017/000000362677.jpg
785.701171875	0.0	image/435	435	402279	train2017/000000097218.jpg
786.515625	0.0	image/405	405	402696	train2017/000000189765.jpg
787.337890625	0.0	image/433	433	403117	train2017/000000359085.jpg
788.150390625	0.0	image/415	415	403533	train2017/000000354045.jpg
788.931640625	0.0	image/400	400	403933	train2017/000000350299.jpg
789.755859375	0.0	image/365	365	404355	train2017/000000080084.jpg
790.568359375	0.0	image/448	448	404771	train2017/000000101069.jpg
792.19140625	0.0	image/397	397	405602	train2017/000000087334.jpg
793.001953125	0.0	image/382	382	406017	train2017/000000345149.jpg
793.80859375	0.0	image/480	480	406430	train2017/000000376407.jpg
795.419921875	0.0	image/480	480	407255	train2017/000000376407.jpg
796.224609375	0.0	image/436	436	407667	train2017/000000098480.jpg
797.0390625	0.0	image/417	417	408084	train2017/000000092001.jpg
797.85546875	0.0	image/418	418	408502	train2017/000000092221.jpg
799.4765625	0.0	image/420	420	409332	train2017/000000092353.jpg
800.25390625	0.0	image/391	391	409730	train2017/000000346795.jpg
801.0703125	0.0	image/422	422	410148	train2017/000000059194.jpg
801.876953125	0.0	image/439	439	410561	train2017/000000361193.jpg
802.6875	0.0	image/410	410	410976	train2017/000000090994.jpg
803.48828125	0.0	image/479	479	411386	train2017/000000114077.jpg
804.3046875	0.0	image/399	399	411804	train2017/000000320508.jpg
805.111328125	0.0	image/423	423	412217	train2017/000000355622.jpg
805.9453125	0.0	image/408	408	412644	train2017/000000352861.jpg
806.77734375	0.0	image/380	380	413070	train2017/000000082650.jpg
807.578125	0.0	image/422	422	413480	train2017/000000059194.jpg
808.35546875	0.0	image/457	457	413878	train2017/000000366396.jpg
809.138671875	0.0	image/407	407	414279	train2017/000000352724.jpg
809.9453125	0.0	image/405	405	414692	train2017/000000189765.jpg
810.755859375	0.0	image/411	411	415107	train2017/000000091005.jpg
811.55859375	0.0	image/450	450	415518	train2017/000000570785.jpg
812.36328125	0.0	image/393	393	415930	train2017/000000086811.jpg
813.19140625	0.0	image/371	371	416354	train2017/000000081365.jpg
813.98046875	0.0	image/423	423	416758	train2017/000000355622.jpg
814.775390625	0.0	image/454	454	417165	train2017/000000366146.jpg
815.591796875	0.0	image/411	411	417583	train2017/000000091005.jpg
817.1640625	0.0	image/416	416	418388	train2017/000000354095.jpg
817.943359375	0.0	image/421	421	418787	train2017/000000354761.jpg
818.71484375	0.0	image/467	467	419182	train2017/000000017935.jpg
819.498046875	0.0	image/389	389	419583	train2017/000000346583.jpg
820.33203125	0.0	image/474	474	420010	train2017/000000373679.jpg
821.166015625	0.0	image/449	449	420437	train2017/000000101952.jpg
821.966796875	0.0	image/468	468	420847	train2017/000000542304.jpg
822.74609375	0.0	image/403	403	421246	train2017/000000089908.jpg
823.55078125	0.0	image/441	441	421658	train2017/000000099363.jpg
824.36328125	0.0	image/383	383	422074	train2017/000000083393.jpg
825.16015625	0.0	image/377	377	422482	train2017/000000450584.jpg
825.978515625	0.0	image/374	374	422901	train2017/000000046372.jpg
826.76171875	0.0	image/376	376	423302	train2017/000000081995.jpg
827.580078125	0.0	image/433	433	423721	train2017/000000359085.jpg
828.40234375	0.0	image/379	379	424142	train2017/000000569678.jpg
829.1796875	0.0	image/420	420	424540	train2017/000000092353.jpg
830.001953125	0.0	image/412	412	424961	train2017/000000408492.jpg
830.8125	0.0	image/370	370	425376	train2017/000000081105.jpg
831.578125	0.0	image/406	406	425768	train2017/000000352236.jpg
832.34765625	0.0	image/398	398	426162	train2017/000000087871.jpg
833.169921875	0.0	image/383	383	426583	train2017/000000083393.jpg
834.00390625	0.0	image/362	362	427010	train2017/000000340734.jpg
834.8203125	0.0	image/421	421	427428	train2017/000000354761.jpg
835.630859375	0.0	image/374	374	427843	train2017/000000046372.jpg
836.416015625	0.0	image/404	404	428245	train2017/000000352129.jpg
837.234375	0.0	image/364	364	428664	train2017/000000275335.jpg
838.048828125	0.0	image/426	426	429081	train2017/000000357074.jpg
838.865234375	0.0	image/442	442	429499	train2017/000000361648.jpg
839.6328125	0.0	image/365	365	429892	train2017/000000080084.jpg
840.3984375	0.0	image/401	401	430284	train2017/000000088414.jpg
841.205078125	0.0	image/408	408	430697	train2017/000000352861.jpg
842.033203125	0.0	image/440	440	431121	train2017/000000361197.jpg
842.80078125	0.0	image/475	475	431514	train2017/000000373970.jpg
843.58984375	0.0	image/425	425	431918	train2017/000000356771.jpg
844.3828125	0.0	image/469	469	432324	train2017/000000370369.jpg
845.201171875	0.0	image/465	465	432743	train2017/000000369253.jpg
846.025390625	0.0	image/477	477	433165	train2017/000000113593.jpg
846.806640625	0.0	image/450	450	433565	train2017/000000570785.jpg
847.5859375	0.0	image/442	442	433964	train2017/000000361648.jpg
848.408203125	0.0	image/373	373	434385	train2017/000000081841.jpg
849.224609375	0.0	image/438	438	434803	train2017/000000147547.jpg
850.001953125	0.0	image/413	413	435201	train2017/000000364806.jpg
850.7734375	0.0	image/392	392	435596	train2017/000000348204.jpg
851.556640625	0.0	image/414	414	435997	train2017/000000091784.jpg
852.38671875	0.0	image/479	479	436422	train2017/000000114077.jpg
853.208984375	0.0	image/381	381	436843	train2017/000000082770.jpg
853.986328125	0.0	image/363	363	437241	train2017/000000079111.jpg
855.609375	0.0	image/476	476	438072	train2017/000000112734.jpg
856.439453125	0.0	image/369	369	438497	train2017/000000080987.jpg
857.244140625	0.0	image/403	403	438909	train2017/000000089908.jpg
858.828125	0.0	image/407	407	439720	train2017/000000352724.jpg
859.626953125	0.0	image/471	471	440129	train2017/000000372775.jpg
860.423828125	0.0	image/381	381	440537	train2017/000000082770.jpg
861.98828125	0.0	image/462	462	441338	train2017/000000368852.jpg
862.794921875	0.0	image/361	361	441751	train2017/000000340317.jpg
864.412109375	0.0	image/455	455	442579	train2017/000000104044.jpg
865.212890625	0.0	image/370	370	442989	train2017/000000081105.jpg
872.400390625	0.0	image/489	489	446669	train2017/000000115967.jpg
873.2109375	0.0	image/591	591	447084	train2017/000000404282.jpg
874.833984375	0.0	image/510	510	447915	train2017/000000544738.jpg
875.611328125	0.0	image/496	496	448313	train2017/000000380989.jpg
876.4140625	0.0	image/569	569	448724	train2017/000000138153.jpg
877.228515625	0.0	image/514	514	449141	train2017/000000282707.jpg
877.998046875	0.0	image/550	550	449535	train2017/000000066014.jpg
878.767578125	0.0	image/494	494	449929	train2017/000000380227.jpg
879.595703125	0.0	image/490	490	450353	train2017/000000116588.jpg
881.185546875	0.0	image/504	504	451167	train2017/000000382951.jpg
882.76953125	0.0	image/522	522	451978	train2017/000000125586.jpg
883.580078125	0.0	image/495	495	452393	train2017/000000380729.jpg
884.3984375	0.0	image/493	493	452812	train2017/000000379713.jpg
885.220703125	0.0	image/485	485	453233	train2017/000000377576.jpg
886.00390625	0.0	image/600	600	453634	train2017/000000143420.jpg
886.8046875	0.0	image/491	491	454044	train2017/000000116603.jpg
887.62109375	0.0	image/574	574	454462	train2017/000000139344.jpg
888.404296875	0.0	image/511	511	454863	train2017/000000122776.jpg
889.18359375	0.0	image/578	578	455262	train2017/000000401720.jpg
889.96875	0.0	image/599	599	455664	train2017/000000388853.jpg
890.73828125	0.0	image/598	598	456058	train2017/000000405437.jpg
891.548828125	0.0	image/577	577	456473	train2017/000000139561.jpg
892.349609375	0.0	image/544	544	456883	train2017/000000394008.jpg
893.173828125	0.0	image/502	502	457305	train2017/000000120655.jpg
893.986328125	0.0	image/589	589	457721	train2017/000000403789.jpg
894.76953125	0.0	image/493	493	458122	train2017/000000379713.jpg
895.541015625	0.0	image/540	540	458517	train2017/000000021826.jpg
896.333984375	0.0	image/570	570	458923	train2017/000000400581.jpg
897.107421875	0.0	image/584	584	459319	train2017/000000285588.jpg
897.890625	0.0	image/527	527	459720	train2017/000000390120.jpg
898.69140625	0.0	image/529	529	460130	train2017/000000129060.jpg
899.4921875	0.0	image/557	557	460540	train2017/000000022627.jpg
900.287109375	0.0	image/542	542	460947	train2017/000000284089.jpg
901.076171875	0.0	image/492	492	461351	train2017/000000150636.jpg
901.88671875	0.0	image/549	549	461766	train2017/000000197068.jpg
902.6875	0.0	image/562	562	462176	train2017/000000022696.jpg
903.458984375	0.0	image/500	500	462571	train2017/000000381961.jpg
904.2421875	0.0	image/521	521	462972	train2017/000000387318.jpg
905.037109375	0.0	image/592	592	463379	train2017/000000504289.jpg
905.859375	0.0	image/506	506	463800	train2017/000000383641.jpg
907.427734375	0.0	image/588	588	464603	train2017/000000403739.jpg
908.26171875	0.0	image/564	564	465030	train2017/000000399162.jpg
909.861328125	0.0	image/496	496	465849	train2017/000000380989.jpg
910.677734375	0.0	image/492	492	466267	train2017/000000150636.jpg
911.490234375	0.0	image/542	542	466683	train2017/000000284089.jpg
912.3046875	0.0	image/517	517	467100	train2017/000000123891.jpg
913.072265625	0.0	image/510	510	467493	train2017/000000544738.jpg
913.873046875	0.0	image/547	547	467903	train2017/000000395758.jpg
914.6796875	0.0	image/482	482	468316	train2017/000000376643.jpg
915.5078125	0.0	image/502	502	468740	train2017/000000120655.jpg
916.30859375	0.0	image/537	537	469150	train2017/000000371353.jpg
917.896484375	0.0	image/539	539	469963	train2017/000000131011.jpg
918.708984375	0.0	image/487	487	470379	train2017/000000115637.jpg
920.34765625	0.0	image/482	482	471218	train2017/000000376643.jpg
921.1484375	0.0	image/531	531	471628	train2017/000000391754.jpg
921.9765625	0.0	image/563	563	472052	train2017/000000398540.jpg
922.798828125	0.0	image/488	488	472473	train2017/000000115649.jpg
923.62890625	0.0	image/567	567	472898	train2017/000000137706.jpg
924.392578125	0.0	image/568	568	473289	train2017/000000399984.jpg
925.193359375	0.0	image/481	481	473699	train2017/000000114274.jpg
926.80078125	0.0	image/527	527	474522	train2017/000000390120.jpg
927.626953125	0.0	image/529	529	474945	train2017/000000129060.jpg
928.396484375	0.0	image/521	521	475339	train2017/000000387318.jpg
929.216796875	0.0	image/587	587	475759	train2017/000000403535.jpg
930.009765625	0.0	image/575	575	476165	train2017/000000139551.jpg
930.80078125	0.0	image/531	531	476570	train2017/000000391754.jpg
931.6171875	0.0	image/520	520	476988	train2017/000000125042.jpg
932.41796875	0.0	image/563	563	477398	train2017/000000398540.jpg
933.234375	0.0	image/501	501	477816	train2017/000000353175.jpg
934.04296875	0.0	image/600	600	478230	train2017/000000143420.jpg
935.619140625	0.0	image/551	551	479037	train2017/000000134169.jpg
936.419921875	0.0	image/523	523	479447	train2017/000000125703.jpg
937.21875	0.0	image/528	528	479856	train2017/000000239828.jpg
938.03125	0.0	image/573	573	480272	train2017/000000138904.jpg
938.84765625	0.0	image/509	509	480690	train2017/000000384235.jpg
939.650390625	0.0	image/530	530	481101	train2017/000000391678.jpg
940.46484375	0.0	image/489	489	481518	train2017/000000115967.jpg
941.232421875	0.0	image/581	581	481911	train2017/000000402199.jpg
941.998046875	0.0	image/565	565	482303	train2017/000000197656.jpg
942.8046875	0.0	image/593	593	482716	train2017/000000196777.jpg
943.6015625	0.0	image/555	555	483124	train2017/000000397192.jpg
944.3984375	0.0	image/500	500	483532	train2017/000000381961.jpg
945.197265625	0.0	image/548	548	483941	train2017/000000395775.jpg
945.97265625	0.0	image/536	536	484338	train2017/000000196584.jpg
946.765625	0.0	image/515	515	484744	train2017/000000123692.jpg
948.416015625	0.0	image/526	526	485589	train2017/000000389582.jpg
949.20703125	0.0	image/567	567	485994	train2017/000000137706.jpg
950.802734375	0.0	image/532	532	486811	train2017/000000130181.jpg
951.5859375	0.0	image/507	507	487212	train2017/000000383652.jpg
953.20703125	0.0	image/576	576	488042	train2017/000000401699.jpg
953.986328125	0.0	image/534	534	488441	train2017/000000130681.jpg
954.791015625	0.0	image/516	516	488853	train2017/000000385864.jpg
955.587890625	0.0	image/582	582	489261	train2017/000000140590.jpg
956.404296875	0.0	image/576	576	489679	train2017/000000401699.jpg
957.208984375	0.0	image/571	571	490091	train2017/000000229233.jpg
958.0390625	0.0	image/545	545	490516	train2017/000000131967.jpg
958.826171875	0.0	image/515	515	490919	train2017/000000123692.jpg
959.63671875	0.0	image/544	544	491334	train2017/000000394008.jpg
960.419921875	0.0	image/560	560	491735	train2017/000000136111.jpg
961.2265625	0.0	image/546	546	492148	train2017/000000133281.jpg
962.00390625	0.0	image/572	572	492546	train2017/000000138785.jpg
962.787109375	0.0	image/526	526	492947	train2017/000000389582.jpg
963.578125	0.0	image/586	586	493352	train2017/000000154556.jpg
964.361328125	0.0	image/596	596	493753	train2017/000000405215.jpg
965.14453125	0.0	image/597	597	494154	train2017/000000143245.jpg
965.923828125	0.0	image/595	595	494553	train2017/000000142803.jpg
966.74609375	0.0	image/553	553	494974	train2017/000000134562.jpg
967.5234375	0.0	image/533	533	495372	train2017/000000392556.jpg
968.33984375	0.0	image/511	511	495790	train2017/000000122776.jpg
969.146484375	0.0	image/562	562	496203	train2017/000000022696.jpg
969.9296875	0.0	image/571	571	496604	train2017/000000229233.jpg
970.73046875	0.0	image/513	513	497014	train2017/000000282631.jpg
971.513671875	0.0	image/532	532	497415	train2017/000000130181.jpg
972.296875	0.0	image/483	483	497816	train2017/000000376858.jpg
973.107421875	0.0	image/497	497	498231	train2017/000000282032.jpg
973.896484375	0.0	image/508	508	498635	train2017/000000413472.jpg
975.548828125	0.0	image/587	587	499481	train2017/000000403535.jpg
976.326171875	0.0	image/564	564	499879	train2017/000000399162.jpg
977.109375	0.0	image/560	560	500280	train2017/000000136111.jpg
977.927734375	0.0	image/550	550	500699	train2017/000000066014.jpg
978.732421875	0.0	image/541	541	501111	train2017/000000131524.jpg
979.56640625	0.0	image/599	599	501538	train2017/000000388853.jpg
980.365234375	0.0	image/590	590	501947	train2017/000000404007.jpg
981.1953125	0.0	image/559	559	502372	train2017/000000135965.jpg
982.015625	0.0	image/578	578	502792	train2017/000000401720.jpg
982.79296875	0.0	image/508	508	503190	train2017/000000413472.jpg
983.578125	0.0	image/575	575	503592	train2017/000000139551.jpg
984.345703125	0.0	image/586	586	503985	train2017/000000154556.jpg
985.1171875	0.0	image/503	503	504380	train2017/000000382890.jpg
985.9453125	0.0	image/483	483	504804	train2017/000000376858.jpg
986.734375	0.0	image/597	597	505208	train2017/000000143245.jpg
987.517578125	0.0	image/538	538	505609	train2017/000000130973.jpg
988.30078125	0.0	image/494	494	506010	train2017/000000380227.jpg
989.080078125	0.0	image/501	501	506409	train2017/000000353175.jpg
989.896484375	0.0	image/547	547	506827	train2017/000000395758.jpg
990.703125	0.0	image/537	537	507240	train2017/000000371353.jpg
991.48046875	0.0	image/593	593	507638	train2017/000000196777.jpg
992.265625	0.0	image/519	519	508040	train2017/000000124747.jpg
993.88671875	0.0	image/568	568	508870	train2017/000000399984.jpg
994.685546875	0.0	image/566	566	509279	train2017/000000399835.jpg
995.5	0.0	image/549	549	509696	train2017/000000197068.jpg
996.3046875	0.0	image/535	535	510108	train2017/000000392851.jpg
997.93359375	0.0	image/486	486	510942	train2017/000000377703.jpg
998.73828125	0.0	image/498	498	511354	train2017/000000119669.jpg
999.55078125	0.0	image/561	561	511770	train2017/000000136142.jpg
1000.35546875	0.0	image/528	528	512182	train2017/000000239828.jpg
1001.138671875	0.0	image/548	548	512583	train2017/000000395775.jpg
1001.955078125	0.0	image/485	485	513001	train2017/000000377576.jpg
1002.73828125	0.0	image/579	579	513402	train2017/000000139815.jpg
1003.556640625	0.0	image/574	574	513821	train2017/000000139344.jpg
1005.17578125	0.0	image/569	569	514650	train2017/000000138153.jpg
1005.95703125	0.0	image/588	588	515050	train2017/000000403739.jpg
1006.7578125	0.0	image/594	594	515460	train2017/000000404823.jpg
1007.533203125	0.0	image/518	518	515857	train2017/000000124711.jpg
1008.341796875	0.0	image/591	591	516271	train2017/000000404282.jpg
1009.134765625	0.0	image/577	577	516677	train2017/000000139561.jpg
1009.91796875	0.0	image/533	533	517078	train2017/000000392556.jpg
1011.5390625	0.0	image/513	513	517908	train2017/000000282631.jpg
1012.359375	0.0	image/558	558	518328	train2017/000000398083.jpg
1013.15234375	0.0	image/581	581	518734	train2017/000000402199.jpg
1013.970703125	0.0	image/543	543	519153	train2017/000000131763.jpg
1014.775390625	0.0	image/551	551	519565	train2017/000000134169.jpg
1015.560546875	0.0	image/523	523	519967	train2017/000000125703.jpg
1016.3515625	0.0	image/488	488	520372	train2017/000000115649.jpg
1017.134765625	0.0	image/525	525	520773	train2017/000000388980.jpg
1017.888671875	0.0	image/565	565	521159	train2017/000000197656.jpg
1018.693359375	0.0	image/499	499	521571	train2017/000000575164.jpg
1019.47265625	0.0	image/538	538	521970	train2017/000000130973.jpg
1020.255859375	0.0	image/585	585	522371	train2017/000000140724.jpg
1021.044921875	0.0	image/555	555	522775	train2017/000000397192.jpg
1021.837890625	0.0	image/552	552	523181	train2017/000000396550.jpg
1023.423828125	0.0	image/514	514	523993	train2017/000000282707.jpg
1024.22265625	0.0	image/520	520	524402	train2017/000000125042.jpg
1025.01171875	0.0	image/495	495	524806	train2017/000000380729.jpg
1025.80859375	0.0	image/524	524	525214	train2017/000000125725.jpg
1026.626953125	0.0	image/541	541	525633	train2017/000000131524.jpg
1027.408203125	0.0	image/506	506	526033	train2017/000000383641.jpg
1028.1953125	0.0	image/512	512	526436	train2017/000000122811.jpg
1028.98046875	0.0	image/585	585	526838	train2017/000000140724.jpg
1029.759765625	0.0	image/554	554	527237	train2017/000000135032.jpg
1030.55859375	0.0	image/519	519	527646	train2017/000000124747.jpg
1031.34765625	0.0	image/543	543	528050	train2017/000000131763.jpg
1032.16015625	0.0	image/507	507	528466	train2017/000000383652.jpg
1032.92578125	0.0	image/557	557	528858	train2017/000000022627.jpg
1033.7265625	0.0	image/566	566	529268	train2017/000000399835.jpg
1035.365234375	0.0	image/554	554	530107	train2017/000000135032.jpg
1036.9765625	0.0	image/517	517	530932	train2017/000000123891.jpg
1037.783203125	0.0	image/582	582	531345	train2017/000000140590.jpg
1038.583984375	0.0	image/580	580	531755	train2017/000000402057.jpg
1040.16796875	0.0	image/592	592	532566	train2017/000000504289.jpg
1040.951171875	0.0	image/572	572	532967	train2017/000000138785.jpg
1041.77734375	0.0	image/487	487	533390	train2017/000000115637.jpg
1043.39453125	0.0	image/546	546	534218	train2017/000000133281.jpg
1044.162109375	0.0	image/505	505	534611	train2017/000000120987.jpg
1044.986328125	0.0	image/556	556	535033	train2017/000000135316.jpg
1045.8125	0.0	image/481	481	535456	train2017/000000114274.jpg
1046.619140625	0.0	image/499	499	535869	train2017/000000575164.jpg
1047.400390625	0.0	image/583	583	536269	train2017/000000198195.jpg
1048.21484375	0.0	image/530	530	536686	train2017/000000391678.jpg
1049.0	0.0	image/580	580	537088	train2017/000000402057.jpg
1049.8203125	0.0	image/556	556	537508	train2017/000000135316.jpg
1050.615234375	0.0	image/594	594	537915	train2017/000000404823.jpg
1051.435546875	0.0	image/484	484	538335	train2017/000000114822.jpg
1052.23046875	0.0	image/524	524	538742	train2017/000000125725.jpg
1052.998046875	0.0	image/509	509	539135	train2017/000000384235.jpg
1053.8046875	0.0	image/598	598	539548	train2017/000000405437.jpg
1054.583984375	0.0	image/559	559	539947	train2017/000000135965.jpg
1055.384765625	0.0	image/504	504	540357	train2017/000000382951.jpg
1056.16796875	0.0	image/490	490	540758	train2017/000000116588.jpg
1056.97265625	0.0	image/522	522	541170	train2017/000000125586.jpg
1057.751953125	0.0	image/558	558	541569	train2017/000000398083.jpg
1058.517578125	0.0	image/503	503	541961	train2017/000000382890.jpg
1059.318359375	0.0	image/505	505	542371	train2017/000000120987.jpg
1060.107421875	0.0	image/484	484	542775	train2017/000000114822.jpg
1060.90625	0.0	image/561	561	543184	train2017/000000136142.jpg
1061.70703125	0.0	image/584	584	543594	train2017/000000285588.jpg
1062.5078125	0.0	image/525	525	544004	train2017/000000388980.jpg
1063.28515625	0.0	image/497	497	544402	train2017/000000282032.jpg
1064.068359375	0.0	image/573	573	544803	train2017/000000138904.jpg
1064.8359375	0.0	image/590	590	545196	train2017/000000404007.jpg
1066.42578125	0.0	image/498	498	546010	train2017/000000119669.jpg
1067.2421875	0.0	image/512	512	546428	train2017/000000122811.jpg
1068.076171875	0.0	image/534	534	546855	train2017/000000130681.jpg
1068.853515625	0.0	image/552	552	547253	train2017/000000396550.jpg
1069.66015625	0.0	image/553	553	547666	train2017/000000134562.jpg
1070.458984375	0.0	image/518	518	548075	train2017/000000124711.jpg
1071.275390625	0.0	image/540	540	548493	train2017/000000021826.jpg
1072.060546875	0.0	image/583	583	548895	train2017/000000198195.jpg
1072.853515625	0.0	image/589	589	549301	train2017/000000403789.jpg
1073.623046875	0.0	image/579	579	549695	train2017/000000139815.jpg
1074.421875	0.0	image/536	536	550104	train2017/000000196584.jpg
1075.197265625	0.0	image/596	596	550501	train2017/000000405215.jpg
1075.97265625	0.0	image/545	545	550898	train2017/000000131967.jpg
1076.775390625	0.0	image/539	539	551309	train2017/000000131011.jpg
1077.55859375	0.0	image/486	486	551710	train2017/000000377703.jpg
1078.373046875	0.0	image/535	535	552127	train2017/000000392851.jpg
1079.9453125	0.0	image/570	570	552932	train2017/000000400581.jpg
1080.7734375	0.0	image/491	491	553356	train2017/000000116603.jpg
1081.576171875	0.0	image/516	516	553767	train2017/000000385864.jpg
1082.380859375	0.0	image/595	595	554179	train2017/000000142803.jpg
1089.40234375	0.0	image/712	712	557774	train2017/000000174522.jpg
1090.201171875	0.0	image/672	672	558183	train2017/000000424110.jpg
1090.99609375	0.0	image/678	678	558590	train2017/000000164502.jpg
1091.818359375	0.0	image/645	645	559011	train2017/000000416972.jpg
1092.619140625	0.0	image/628	628	559421	train2017/000000151163.jpg
1093.43359375	0.0	image/686	686	559838	train2017/000000428691.jpg
1094.267578125	0.0	image/663	663	560265	train2017/000000463620.jpg
1095.052734375	0.0	image/682	682	560667	train2017/000000014269.jpg
1096.63671875	0.0	image/622	622	561478	train2017/000000150559.jpg
1097.431640625	0.0	image/635	635	561885	train2017/000000152328.jpg
1098.23046875	0.0	image/696	696	562294	train2017/000000028367.jpg
1099.01953125	0.0	image/638	638	562698	train2017/000000414853.jpg
1099.84765625	0.0	image/606	606	563122	train2017/000000407778.jpg
1100.654296875	0.0	image/652	652	563535	train2017/000000113449.jpg
1101.470703125	0.0	image/712	712	563953	train2017/000000174522.jpg
1102.283203125	0.0	image/635	635	564369	train2017/000000152328.jpg
1103.05078125	0.0	image/699	699	564762	train2017/000000170917.jpg
1103.87109375	0.0	image/612	612	565182	train2017/000000408965.jpg
1104.69921875	0.0	image/637	637	565606	train2017/000000506039.jpg
1105.490234375	0.0	image/713	713	566011	train2017/000000291280.jpg
1106.2734375	0.0	image/669	669	566412	train2017/000000161328.jpg
1107.107421875	0.0	image/693	693	566839	train2017/000000431764.jpg
1107.939453125	0.0	image/709	709	567265	train2017/000000174303.jpg
1108.767578125	0.0	image/639	639	567689	train2017/000000415026.jpg
1109.53515625	0.0	image/672	672	568082	train2017/000000424110.jpg
1111.12109375	0.0	image/679	679	568894	train2017/000000164564.jpg
1111.904296875	0.0	image/695	695	569295	train2017/000000284987.jpg
1112.689453125	0.0	image/614	614	569697	train2017/000000147694.jpg
1113.470703125	0.0	image/652	652	570097	train2017/000000113449.jpg
1114.2421875	0.0	image/642	642	570492	train2017/000000154011.jpg
1115.04296875	0.0	image/684	684	570902	train2017/000000166489.jpg
1115.82421875	0.0	image/601	601	571302	train2017/000000143594.jpg
1116.654296875	0.0	image/664	664	571727	train2017/000000551063.jpg
1117.45703125	0.0	image/707	707	572138	train2017/000000173987.jpg
1118.26953125	0.0	image/612	612	572554	train2017/000000408965.jpg
1119.0546875	0.0	image/711	711	572956	train2017/000000174504.jpg
1119.876953125	0.0	image/659	659	573377	train2017/000000159680.jpg
1120.66015625	0.0	image/691	691	573778	train2017/000000168690.jpg
1122.26171875	0.0	image/663	663	574598	train2017/000000463620.jpg
1123.044921875	0.0	image/621	621	574999	train2017/000000150196.jpg
1124.6796875	0.0	image/648	648	575836	train2017/000000417700.jpg
1125.5078125	0.0	image/638	638	576260	train2017/000000414853.jpg
1126.3125	0.0	image/616	616	576672	train2017/000000149221.jpg
1127.111328125	0.0	image/649	649	577081	train2017/000000418115.jpg
1127.873046875	0.0	image/714	714	577471	train2017/000000437516.jpg
1128.6640625	0.0	image/679	679	577876	train2017/000000164564.jpg
1129.447265625	0.0	image/704	704	578277	train2017/000000420713.jpg
1130.2734375	0.0	image/634	634	578700	train2017/000000152273.jpg
1131.84765625	0.0	image/656	656	579506	train2017/000000157342.jpg
1132.67578125	0.0	image/601	601	579930	train2017/000000143594.jpg
1134.228515625	0.0	image/670	670	580725	train2017/000000423488.jpg
1134.998046875	0.0	image/623	623	581119	train2017/000000412855.jpg
1135.810546875	0.0	image/608	608	581535	train2017/000000024287.jpg
1136.578125	0.0	image/650	650	581928	train2017/000000419212.jpg
1137.376953125	0.0	image/609	609	582337	train2017/000000504888.jpg
1138.142578125	0.0	image/615	615	582729	train2017/000000148263.jpg
1138.916015625	0.0	image/667	667	583125	train2017/000000423209.jpg
1139.693359375	0.0	image/699	699	583523	train2017/000000170917.jpg
1140.517578125	0.0	image/627	627	583945	train2017/000000150931.jpg
1141.333984375	0.0	image/674	674	584363	train2017/000000425135.jpg
1142.146484375	0.0	image/622	622	584779	train2017/000000150559.jpg
1142.951171875	0.0	image/708	708	585191	train2017/000000174213.jpg
1143.728515625	0.0	image/720	720	585589	train2017/000000176728.jpg
1145.318359375	0.0	image/685	685	586403	train2017/000000166504.jpg
1146.984375	0.0	image/605	605	587256	train2017/000000406595.jpg
1147.763671875	0.0	image/639	639	587655	train2017/000000415026.jpg
1148.5859375	0.0	image/665	665	588076	train2017/000000160735.jpg
1149.365234375	0.0	image/694	694	588475	train2017/000000431825.jpg
1150.1484375	0.0	image/624	624	588876	train2017/000000412857.jpg
1150.953125	0.0	image/701	701	589288	train2017/000000079701.jpg
1151.78125	0.0	image/643	643	589712	train2017/000000416279.jpg
1152.5859375	0.0	image/618	618	590124	train2017/000000149791.jpg
1153.365234375	0.0	image/673	673	590523	train2017/000000424138.jpg
1154.181640625	0.0	image/680	680	590941	train2017/000000485595.jpg
1154.984375	0.0	image/684	684	591352	train2017/000000166489.jpg
1155.767578125	0.0	image/691	691	591753	train2017/000000168690.jpg
1157.35546875	0.0	image/608	608	592566	train2017/000000024287.jpg
1158.1875	0.0	image/695	695	592992	train2017/000000284987.jpg
1158.98828125	0.0	image/715	715	593402	train2017/000000175715.jpg
1159.822265625	0.0	image/633	633	593829	train2017/000000414176.jpg
1160.623046875	0.0	image/650	650	594239	train2017/000000419212.jpg
1161.40625	0.0	image/633	633	594640	train2017/000000414176.jpg
1162.240234375	0.0	image/667	667	595067	train2017/000000423209.jpg
1163.03515625	0.0	image/681	681	595474	train2017/000000427729.jpg
1163.857421875	0.0	image/651	651	595895	train2017/000000156084.jpg
1164.640625	0.0	image/703	703	596296	train2017/000000171374.jpg
1165.451171875	0.0	image/646	646	596711	train2017/000000417141.jpg
1166.275390625	0.0	image/632	632	597133	train2017/000000068996.jpg
1167.091796875	0.0	image/692	692	597551	train2017/000000169262.jpg
1167.92578125	0.0	image/656	656	597978	train2017/000000157342.jpg
1169.54296875	0.0	image/717	717	598806	train2017/000000438154.jpg
1171.16015625	0.0	image/707	707	599634	train2017/000000173987.jpg
1171.98828125	0.0	image/714	714	600058	train2017/000000437516.jpg
1172.755859375	0.0	image/630	630	600451	train2017/000000462134.jpg
1174.376953125	0.0	image/602	602	601281	train2017/000000406292.jpg
1175.205078125	0.0	image/603	603	601705	train2017/000000144193.jpg
1176.021484375	0.0	image/613	613	602123	train2017/000000147331.jpg
1176.794921875	0.0	image/634	634	602519	train2017/000000152273.jpg
1177.609375	0.0	image/697	697	602936	train2017/000000433019.jpg
1178.39453125	0.0	image/693	693	603338	train2017/000000431764.jpg
1179.173828125	0.0	image/631	631	603737	train2017/000000151414.jpg
1179.978515625	0.0	image/676	676	604149	train2017/000000163263.jpg
1180.806640625	0.0	image/630	630	604573	train2017/000000462134.jpg
1181.60546875	0.0	image/703	703	604982	train2017/000000171374.jpg
1182.375	0.0	image/649	649	605376	train2017/000000418115.jpg
1183.19140625	0.0	image/625	625	605794	train2017/000000369367.jpg
1183.962890625	0.0	image/719	719	606189	train2017/000000438751.jpg
1184.796875	0.0	image/690	690	606616	train2017/000000043829.jpg
1185.580078125	0.0	image/669	669	607017	train2017/000000161328.jpg
1187.173828125	0.0	image/704	704	607833	train2017/000000420713.jpg
1187.947265625	0.0	image/629	629	608229	train2017/000000151307.jpg
1189.5625	0.0	image/687	687	609056	train2017/000000428726.jpg
1190.34765625	0.0	image/676	676	609458	train2017/000000163263.jpg
1191.130859375	0.0	image/666	666	609859	train2017/000000161062.jpg
1191.912109375	0.0	image/641	641	610259	train2017/000000415608.jpg
1192.74609375	0.0	image/680	680	610686	train2017/000000485595.jpg
1193.54296875	0.0	image/687	687	611094	train2017/000000428726.jpg
1194.34375	0.0	image/696	696	611504	train2017/000000028367.jpg
1195.1328125	0.0	image/690	690	611908	train2017/000000043829.jpg
1195.943359375	0.0	image/623	623	612323	train2017/000000412855.jpg
1196.7265625	0.0	image/648	648	612724	train2017/000000417700.jpg
1197.533203125	0.0	image/607	607	613137	train2017/000000461187.jpg
1198.36328125	0.0	image/643	643	613562	train2017/000000416279.jpg
1199.984375	0.0	image/674	674	614392	train2017/000000425135.jpg
1200.783203125	0.0	image/686	686	614801	train2017/000000428691.jpg
1201.59765625	0.0	image/636	636	615218	train2017/000000549729.jpg
1202.36328125	0.0	image/710	710	615610	train2017/000000436578.jpg
1203.146484375	0.0	image/716	716	616011	train2017/000000437967.jpg
1203.953125	0.0	image/705	705	616424	train2017/000000028930.jpg
1204.763671875	0.0	image/692	692	616839	train2017/000000169262.jpg
1205.5859375	0.0	image/668	668	617260	train2017/000000423222.jpg
1206.396484375	0.0	image/647	647	617675	train2017/000000417264.jpg
1207.18359375	0.0	image/603	603	618078	train2017/000000144193.jpg
1207.966796875	0.0	image/613	613	618479	train2017/000000147331.jpg
1208.73828125	0.0	image/665	665	618874	train2017/000000160735.jpg
1209.515625	0.0	image/688	688	619272	train2017/000000166764.jpg
1210.3046875	0.0	image/640	640	619676	train2017/000000162230.jpg
1211.138671875	0.0	image/700	700	620103	train2017/000000170968.jpg
1211.916015625	0.0	image/716	716	620501	train2017/000000437967.jpg
1212.69921875	0.0	image/666	666	620902	train2017/000000161062.jpg
1213.484375	0.0	image/636	636	621304	train2017/000000549729.jpg
1214.271484375	0.0	image/641	641	621707	train2017/000000415608.jpg
1215.083984375	0.0	image/619	619	622123	train2017/000000149810.jpg
1215.884765625	0.0	image/675	675	622533	train2017/000000163250.jpg
1216.70703125	0.0	image/677	677	622954	train2017/000000425712.jpg
1217.505859375	0.0	image/706	706	623363	train2017/000000435902.jpg
1218.287109375	0.0	image/606	606	623763	train2017/000000407778.jpg
1219.07421875	0.0	image/647	647	624166	train2017/000000417264.jpg
1219.908203125	0.0	image/709	709	624593	train2017/000000174303.jpg
1220.724609375	0.0	image/711	711	625011	train2017/000000174504.jpg
1221.5078125	0.0	image/614	614	625412	train2017/000000147694.jpg
1222.341796875	0.0	image/720	720	625839	train2017/000000176728.jpg
1223.158203125	0.0	image/671	671	626257	train2017/000000161836.jpg
1223.9921875	0.0	image/681	681	626684	train2017/000000427729.jpg
1224.826171875	0.0	image/619	619	627111	train2017/000000149810.jpg
1225.658203125	0.0	image/628	628	627537	train2017/000000151163.jpg
1226.458984375	0.0	image/694	694	627947	train2017/000000431825.jpg
1227.255859375	0.0	image/653	653	628355	train2017/000000157119.jpg
1228.0703125	0.0	image/702	702	628772	train2017/000000171328.jpg
1228.84375	0.0	image/683	683	629168	train2017/000000428605.jpg
1230.404296875	0.0	image/718	718	629967	train2017/000000176085.jpg
1231.193359375	0.0	image/615	615	630371	train2017/000000148263.jpg
1231.990234375	0.0	image/620	620	630779	train2017/000000153394.jpg
1232.828125	0.0	image/719	719	631208	train2017/000000438751.jpg
1234.37890625	0.0	image/629	629	632002	train2017/000000151307.jpg
1235.15625	0.0	image/657	657	632400	train2017/000000419586.jpg
1235.962890625	0.0	image/620	620	632813	train2017/000000153394.jpg
1236.779296875	0.0	image/624	624	633231	train2017/000000412857.jpg
1237.576171875	0.0	image/689	689	633639	train2017/000000508456.jpg
1238.390625	0.0	image/678	678	634056	train2017/000000164502.jpg
1239.15625	0.0	image/627	627	634448	train2017/000000150931.jpg
1239.943359375	0.0	image/675	675	634851	train2017/000000163250.jpg
1240.763671875	0.0	image/710	710	635271	train2017/000000436578.jpg
1241.541015625	0.0	image/698	698	635669	train2017/000000433021.jpg
1242.3125	0.0	image/626	626	636064	train2017/000000412922.jpg
1243.09765625	0.0	image/685	685	636466	train2017/000000166504.jpg
1243.880859375	0.0	image/654	654	636867	train2017/000000157125.jpg
1244.6640625	0.0	image/644	644	637268	train2017/000000154207.jpg
1245.48046875	0.0	image/661	661	637686	train2017/000000160142.jpg
1247.08203125	0.0	image/717	717	638506	train2017/000000438154.jpg
1247.916015625	0.0	image/662	662	638933	train2017/000000160181.jpg
1248.708984375	0.0	image/651	651	639339	train2017/000000156084.jpg
1249.51171875	0.0	image/668	668	639750	train2017/000000423222.jpg
1250.294921875	0.0	image/644	644	640151	train2017/000000154207.jpg
1251.083984375	0.0	image/698	698	640555	train2017/000000433021.jpg
1252.64453125	0.0	image/605	605	641354	train2017/000000406595.jpg
1253.443359375	0.0	image/670	670	641763	train2017/000000423488.jpg
1254.26171875	0.0	image/713	713	642182	train2017/000000291280.jpg
1255.03125	0.0	image/673	673	642576	train2017/000000424138.jpg
1255.828125	0.0	image/683	683	642984	train2017/000000428605.jpg
1256.619140625	0.0	image/655	655	643389	train2017/000000157181.jpg
1257.435546875	0.0	image/653	653	643807	train2017/000000157119.jpg
1258.26953125	0.0	image/657	657	644234	train2017/000000419586.jpg
1259.095703125	0.0	image/662	662	644657	train2017/000000160181.jpg
1259.865234375	0.0	image/626	626	645051	train2017/000000412922.jpg
1260.669921875	0.0	image/604	604	645463	train2017/000000406445.jpg
1261.447265625	0.0	image/708	708	645861	train2017/000000174213.jpg
1262.24609375	0.0	image/604	604	646270	train2017/000000406445.jpg
1263.015625	0.0	image/700	700	646664	train2017/000000170968.jpg
1263.802734375	0.0	image/631	631	647067	train2017/000000151414.jpg
1265.3828125	0.0	image/718	718	647876	train2017/000000176085.jpg
1266.205078125	0.0	image/646	646	648297	train2017/000000417141.jpg
1266.98828125	0.0	image/617	617	648698	train2017/000000411475.jpg
1267.78515625	0.0	image/607	607	649106	train2017/000000461187.jpg
1268.572265625	0.0	image/645	645	649509	train2017/000000416972.jpg
1269.388671875	0.0	image/706	706	649927	train2017/000000435902.jpg
1270.185546875	0.0	image/618	618	650335	train2017/000000149791.jpg
1270.98828125	0.0	image/671	671	650746	train2017/000000161836.jpg
1271.76953125	0.0	image/602	602	651146	train2017/000000406292.jpg
1272.572265625	0.0	image/705	705	651557	train2017/000000028930.jpg
1273.357421875	0.0	image/617	617	651959	train2017/000000411475.jpg
1274.140625	0.0	image/610	610	652360	train2017/000000146256.jpg
1275.685546875	0.0	image/609	609	653151	train2017/000000504888.jpg
1276.46875	0.0	image/632	632	653552	train2017/000000068996.jpg
1277.2421875	0.0	image/689	689	653948	train2017/000000508456.jpg
1278.072265625	0.0	image/637	637	654373	train2017/000000506039.jpg
1278.908203125	0.0	image/660	660	654801	train2017/000000422268.jpg
1279.720703125	0.0	image/642	642	655217	train2017/000000154011.jpg
1280.525390625	0.0	image/697	697	655629	train2017/000000433019.jpg
1281.30859375	0.0	image/688	688	656030	train2017/000000166764.jpg
1282.087890625	0.0	image/621	621	656429	train2017/000000150196.jpg
1282.853515625	0.0	image/611	611	656821	train2017/000000408922.jpg
1283.66015625	0.0	image/659	659	657234	train2017/000000159680.jpg
1284.470703125	0.0	image/677	677	657649	train2017/000000425712.jpg
1285.287109375	0.0	image/611	611	658067	train2017/000000408922.jpg
1286.109375	0.0	image/702	702	658488	train2017/000000171328.jpg
1286.9375	0.0	image/654	654	658912	train2017/000000157125.jpg
1288.52734375	0.0	image/658	658	659726	train2017/000000563961.jpg
1289.328125	0.0	image/682	682	660136	train2017/000000014269.jpg
1290.978515625	0.0	image/701	701	660981	train2017/000000079701.jpg
1291.76171875	0.0	image/664	664	661382	train2017/000000551063.jpg
1292.5625	0.0	image/640	640	661792	train2017/000000162230.jpg
1293.341796875	0.0	image/661	661	662191	train2017/000000160142.jpg
1294.107421875	0.0	image/715	715	662583	train2017/000000175715.jpg
1294.9296875	0.0	image/616	616	663004	train2017/000000149221.jpg
1295.7578125	0.0	image/655	655	663428	train2017/000000157181.jpg
1296.546875	0.0	image/610	610	663832	train2017/000000146256.jpg
1297.326171875	0.0	image/625	625	664231	train2017/000000369367.jpg
1298.142578125	0.0	image/660	660	664649	train2017/000000422268.jpg
1298.947265625	0.0	image/658	658	665061	train2017/000000563961.jpg
1307.1875	0.0	image/799	799	669280	train2017/000000196368.jpg
1308.00390625	0.0	image/769	769	669698	train2017/000000189893.jpg
1308.814453125	0.0	image/818	818	670113	train2017/000000465412.jpg
1309.6328125	0.0	image/772	772	670532	train2017/000000190487.jpg
1310.404296875	0.0	image/736	736	670927	train2017/000000180609.jpg
1311.1875	0.0	image/747	747	671328	train2017/000000183719.jpg
1312.81640625	0.0	image/795	795	672162	train2017/000000195768.jpg
1313.6015625	0.0	image/781	781	672564	train2017/000000192631.jpg
1314.384765625	0.0	image/834	834	672965	train2017/000000469816.jpg
1315.171875	0.0	image/732	732	673368	train2017/000000179480.jpg
1315.982421875	0.0	image/739	739	673783	train2017/000000443575.jpg
1316.755859375	0.0	image/752	752	674179	train2017/000000036151.jpg
1317.5859375	0.0	image/783	783	674604	train2017/000000454915.jpg
1318.353515625	0.0	image/764	764	674997	train2017/000000450903.jpg
1319.171875	0.0	image/726	726	675416	train2017/000000178423.jpg
1319.990234375	0.0	image/758	758	675835	train2017/000000186828.jpg
1321.5546875	0.0	image/734	734	676636	train2017/000000442489.jpg
1322.357421875	0.0	image/829	829	677047	train2017/000000206467.jpg
1323.15234375	0.0	image/721	721	677454	train2017/000000176873.jpg
1323.974609375	0.0	image/724	724	677875	train2017/000000178031.jpg
1324.79296875	0.0	image/825	825	678294	train2017/000000467646.jpg
1325.572265625	0.0	image/752	752	678693	train2017/000000036151.jpg
1326.375	0.0	image/810	810	679104	train2017/000000200391.jpg
1327.193359375	0.0	image/820	820	679523	train2017/000000203937.jpg
1328.025390625	0.0	image/778	778	679949	train2017/000000191686.jpg
1328.853515625	0.0	image/809	809	680373	train2017/000000462505.jpg
1329.642578125	0.0	image/835	835	680777	train2017/000000129143.jpg
1331.29296875	0.0	image/775	775	681622	train2017/000000453221.jpg
1332.111328125	0.0	image/815	815	682041	train2017/000000202050.jpg
1332.943359375	0.0	image/757	757	682467	train2017/000000442666.jpg
1333.775390625	0.0	image/785	785	682893	train2017/000000119550.jpg
1334.5625	0.0	image/756	756	683296	train2017/000000448401.jpg
1335.345703125	0.0	image/828	828	683697	train2017/000000468394.jpg
1336.158203125	0.0	image/723	723	684113	train2017/000000439241.jpg
1336.923828125	0.0	image/802	802	684505	train2017/000000197118.jpg
1337.74609375	0.0	image/739	739	684926	train2017/000000443575.jpg
1338.55859375	0.0	image/785	785	685342	train2017/000000119550.jpg
1340.12890625	0.0	image/786	786	686146	train2017/000000193023.jpg
1340.947265625	0.0	image/813	813	686565	train2017/000000557920.jpg
1341.7421875	0.0	image/840	840	686972	train2017/000000471871.jpg
1342.5078125	0.0	image/808	808	687364	train2017/000000461428.jpg
1343.30859375	0.0	image/724	724	687774	train2017/000000178031.jpg
1344.08203125	0.0	image/801	801	688170	train2017/000000459190.jpg
1344.865234375	0.0	image/792	792	688571	train2017/000000194108.jpg
1345.697265625	0.0	image/738	738	688997	train2017/000000204969.jpg
1346.4765625	0.0	image/792	792	689396	train2017/000000194108.jpg
1347.275390625	0.0	image/746	746	689805	train2017/000000445726.jpg
1348.06640625	0.0	image/750	750	690210	train2017/000000447182.jpg
1348.849609375	0.0	image/794	794	690611	train2017/000000195650.jpg
1350.466796875	0.0	image/778	778	691439	train2017/000000191686.jpg
1351.25	0.0	image/769	769	691840	train2017/000000189893.jpg
1352.05078125	0.0	image/837	837	692250	train2017/000000208805.jpg
1352.84765625	0.0	image/762	762	692658	train2017/000000188660.jpg
1353.634765625	0.0	image/772	772	693061	train2017/000000190487.jpg
1354.427734375	0.0	image/787	787	693467	train2017/000000193318.jpg
1355.201171875	0.0	image/789	789	693863	train2017/000000455657.jpg
1356.029296875	0.0	image/800	800	694287	train2017/000000458616.jpg
1356.818359375	0.0	image/777	777	694691	train2017/000000453682.jpg
1357.65234375	0.0	image/748	748	695118	train2017/000000184822.jpg
1359.236328125	0.0	image/796	796	695929	train2017/000000338501.jpg
1360.037109375	0.0	image/725	725	696339	train2017/000000440334.jpg
1360.830078125	0.0	image/751	751	696745	train2017/000000185225.jpg
1362.431640625	0.0	image/764	764	697565	train2017/000000450903.jpg
1363.212890625	0.0	image/815	815	697965	train2017/000000202050.jpg
1363.98046875	0.0	image/807	807	698358	train2017/000000397815.jpg
1364.802734375	0.0	image/784	784	698779	train2017/000000455020.jpg
1365.59765625	0.0	image/729	729	699186	train2017/000000179019.jpg
1366.365234375	0.0	image/790	790	699579	train2017/000000455799.jpg
1367.1484375	0.0	image/819	819	699980	train2017/000000298139.jpg
1367.955078125	0.0	image/812	812	700393	train2017/000000201758.jpg
1368.783203125	0.0	image/735	735	700817	train2017/000000180410.jpg
1369.5859375	0.0	image/744	744	701228	train2017/000000182799.jpg
1370.373046875	0.0	image/840	840	701631	train2017/000000471871.jpg
1371.15625	0.0	image/832	832	702032	train2017/000000203615.jpg
1371.953125	0.0	image/830	830	702440	train2017/000000468825.jpg
1373.5234375	0.0	image/793	793	703244	train2017/000000338439.jpg
1374.30078125	0.0	image/786	786	703642	train2017/000000193023.jpg
1375.123046875	0.0	image/749	749	704063	train2017/000000447130.jpg
1375.93359375	0.0	image/809	809	704478	train2017/000000462505.jpg
1377.5078125	0.0	image/762	762	705284	train2017/000000188660.jpg
1379.1015625	0.0	image/730	730	706100	train2017/000000441172.jpg
1379.869140625	0.0	image/834	834	706493	train2017/000000469816.jpg
1380.67578125	0.0	image/810	810	706906	train2017/000000200391.jpg
1381.458984375	0.0	image/829	829	707307	train2017/000000206467.jpg
1382.259765625	0.0	image/839	839	707717	train2017/000000209229.jpg
1383.037109375	0.0	image/791	791	708115	train2017/000000194054.jpg
1383.84375	0.0	image/823	823	708528	train2017/000000204422.jpg
1384.62109375	0.0	image/828	828	708926	train2017/000000468394.jpg
1385.39453125	0.0	image/784	784	709322	train2017/000000455020.jpg
1386.2265625	0.0	image/782	782	709748	train2017/000000454830.jpg
1387.0078125	0.0	image/798	798	710148	train2017/000000196365.jpg
1387.787109375	0.0	image/836	836	710547	train2017/000000470907.jpg
1388.572265625	0.0	image/745	745	710949	train2017/000000445351.jpg
1389.361328125	0.0	image/735	735	711353	train2017/000000180410.jpg
1390.154296875	0.0	image/734	734	711759	train2017/000000442489.jpg
1390.9453125	0.0	image/781	781	712164	train2017/000000192631.jpg
1392.55859375	0.0	image/833	833	712990	train2017/000000207549.jpg
1393.341796875	0.0	image/728	728	713391	train2017/000000395740.jpg
1394.123046875	0.0	image/755	755	713791	train2017/000000055764.jpg
1394.9296875	0.0	image/759	759	714204	train2017/000000449914.jpg
1395.712890625	0.0	image/822	822	714605	train2017/000000466265.jpg
1396.53125	0.0	image/811	811	715024	train2017/000000201722.jpg
1397.341796875	0.0	image/779	779	715439	train2017/000000191740.jpg
1398.1640625	0.0	image/797	797	715860	train2017/000000458178.jpg
1398.974609375	0.0	image/728	728	716275	train2017/000000395740.jpg
1399.775390625	0.0	image/836	836	716685	train2017/000000470907.jpg
1400.564453125	0.0	image/805	805	717089	train2017/000000460408.jpg
1401.365234375	0.0	image/816	816	717499	train2017/000000464616.jpg
1402.166015625	0.0	image/765	765	717909	train2017/000000450914.jpg
1402.94921875	0.0	image/779	779	718310	train2017/000000191740.jpg
1404.580078125	0.0	image/742	742	719145	train2017/000000181837.jpg
1405.400390625	0.0	image/743	743	719565	train2017/000000189388.jpg
1406.177734375	0.0	image/756	756	719963	train2017/000000448401.jpg
1406.9921875	0.0	image/767	767	720380	train2017/000000189794.jpg
1407.767578125	0.0	image/763	763	720777	train2017/000000450864.jpg
1408.583984375	0.0	image/760	760	721195	train2017/000000276853.jpg
1409.400390625	0.0	image/746	746	721613	train2017/000000445726.jpg
1411.068359375	0.0	image/835	835	722467	train2017/000000129143.jpg
1411.896484375	0.0	image/722	722	722891	train2017/000000073172.jpg
1412.71875	0.0	image/811	811	723312	train2017/000000201722.jpg
1413.501953125	0.0	image/743	743	723713	train2017/000000189388.jpg
1414.3359375	0.0	image/767	767	724140	train2017/000000189794.jpg
1415.119140625	0.0	image/827	827	724541	train2017/000000296474.jpg
1415.931640625	0.0	image/732	732	724957	train2017/000000179480.jpg
1416.703125	0.0	image/777	777	725352	train2017/000000453682.jpg
1417.498046875	0.0	image/837	837	725759	train2017/000000208805.jpg
1419.13671875	0.0	image/773	773	726598	train2017/000000303133.jpg
1419.916015625	0.0	image/727	727	726997	train2017/000000440792.jpg
1420.697265625	0.0	image/776	776	727397	train2017/000000468771.jpg
1421.50390625	0.0	image/788	788	727810	train2017/000000193373.jpg
1422.287109375	0.0	image/776	776	728211	train2017/000000468771.jpg
1423.080078125	0.0	image/819	819	728617	train2017/000000298139.jpg
1423.904296875	0.0	image/748	748	729039	train2017/000000184822.jpg
1425.505859375	0.0	image/737	737	729859	train2017/000000443377.jpg
1426.28515625	0.0	image/816	816	730258	train2017/000000464616.jpg
1427.08984375	0.0	image/766	766	730670	train2017/000000451680.jpg
1427.865234375	0.0	image/817	817	731067	train2017/000000202805.jpg
1428.673828125	0.0	image/791	791	731481	train2017/000000194054.jpg
1429.501953125	0.0	image/744	744	731905	train2017/000000182799.jpg
1430.28515625	0.0	image/774	774	732306	train2017/000000191005.jpg
1431.91015625	0.0	image/733	733	733138	train2017/000000179914.jpg
1432.740234375	0.0	image/832	832	733563	train2017/000000203615.jpg
1433.537109375	0.0	image/750	750	733971	train2017/000000447182.jpg
1434.302734375	0.0	image/799	799	734363	train2017/000000196368.jpg
1435.103515625	0.0	image/813	813	734773	train2017/000000557920.jpg
1435.919921875	0.0	image/838	838	735191	train2017/000000208849.jpg
1436.736328125	0.0	image/768	768	735609	train2017/000000189888.jpg
1437.525390625	0.0	image/804	804	736013	train2017/000000460236.jpg
1438.3046875	0.0	image/787	787	736412	train2017/000000193318.jpg
1439.103515625	0.0	image/823	823	736821	train2017/000000204422.jpg
1439.892578125	0.0	image/749	749	737225	train2017/000000447130.jpg
1440.7265625	0.0	image/833	833	737652	train2017/000000207549.jpg
1441.521484375	0.0	image/722	722	738059	train2017/000000073172.jpg
1442.310546875	0.0	image/803	803	738463	train2017/000000197401.jpg
1443.9453125	0.0	image/826	826	739300	train2017/000000205875.jpg
1444.771484375	0.0	image/782	782	739723	train2017/000000454830.jpg
1445.560546875	0.0	image/725	725	740127	train2017/000000440334.jpg
1446.39453125	0.0	image/796	796	740554	train2017/000000338501.jpg
1447.2109375	0.0	image/738	738	740972	train2017/000000204969.jpg
1448.826171875	0.0	image/758	758	741799	train2017/000000186828.jpg
1449.591796875	0.0	image/761	761	742191	train2017/000000188225.jpg
1451.1640625	0.0	image/740	740	742996	train2017/000000161354.jpg
1451.974609375	0.0	image/826	826	743411	train2017/000000205875.jpg
1452.796875	0.0	image/733	733	743832	train2017/000000179914.jpg
1453.625	0.0	image/825	825	744256	train2017/000000467646.jpg
1454.431640625	0.0	image/780	780	744669	train2017/000000192576.jpg
1455.2421875	0.0	image/753	753	745084	train2017/000000006178.jpg
1456.02734375	0.0	image/771	771	745486	train2017/000000190271.jpg
1456.83203125	0.0	image/793	793	745898	train2017/000000338439.jpg
1457.615234375	0.0	image/814	814	746299	train2017/000000201969.jpg
1458.416015625	0.0	image/808	808	746709	train2017/000000461428.jpg
1459.248046875	0.0	image/731	731	747135	train2017/000000179034.jpg
1460.02734375	0.0	image/801	801	747534	train2017/000000459190.jpg
1460.8125	0.0	image/795	795	747936	train2017/000000195768.jpg
1461.599609375	0.0	image/814	814	748339	train2017/000000201969.jpg
1462.376953125	0.0	image/741	741	748737	train2017/000000443940.jpg
1463.177734375	0.0	image/740	740	749147	train2017/000000161354.jpg
1463.9453125	0.0	image/755	755	749540	train2017/000000055764.jpg
1464.734375	0.0	image/771	771	749944	train2017/000000190271.jpg
1466.3125	0.0	image/742	742	750752	train2017/000000181837.jpg
1467.078125	0.0	image/804	804	751144	train2017/000000460236.jpg
1467.865234375	0.0	image/745	745	751547	train2017/000000445351.jpg
1468.66796875	0.0	image/751	751	751958	train2017/000000185225.jpg
1469.49609375	0.0	image/822	822	752382	train2017/000000466265.jpg
1470.302734375	0.0	image/731	731	752795	train2017/000000179034.jpg
1471.130859375	0.0	image/759	759	753219	train2017/000000449914.jpg
1471.935546875	0.0	image/805	805	753631	train2017/000000460408.jpg
1472.720703125	0.0	image/794	794	754033	train2017/000000195650.jpg
1473.515625	0.0	image/770	770	754440	train2017/000000452341.jpg
1474.302734375	0.0	image/803	803	754843	train2017/000000197401.jpg
1475.087890625	0.0	image/839	839	755245	train2017/000000209229.jpg
1475.865234375	0.0	image/721	721	755643	train2017/000000176873.jpg
1476.68359375	0.0	image/763	763	756062	train2017/000000450864.jpg
1477.48828125	0.0	image/747	747	756474	train2017/000000183719.jpg
1478.30078125	0.0	image/723	723	756890	train2017/000000439241.jpg
1479.12109375	0.0	image/737	737	757310	train2017/000000443377.jpg
1479.90625	0.0	image/807	807	757712	train2017/000000397815.jpg
1480.68359375	0.0	image/727	727	758110	train2017/000000440792.jpg
1481.47265625	0.0	image/774	774	758514	train2017/000000191005.jpg
1482.30078125	0.0	image/736	736	758938	train2017/000000180609.jpg
1483.08984375	0.0	image/754	754	759342	train2017/000000185888.jpg
1483.90625	0.0	image/800	800	759760	train2017/000000458616.jpg
1484.689453125	0.0	image/838	838	760161	train2017/000000208849.jpg
1485.46875	0.0	image/775	775	760560	train2017/000000453221.jpg
1486.25390625	0.0	image/754	754	760962	train2017/000000185888.jpg
1487.041015625	0.0	image/802	802	761365	train2017/000000197118.jpg
1487.87109375	0.0	image/812	812	761790	train2017/000000201758.jpg
1489.46875	0.0	image/817	817	762608	train2017/000000202805.jpg
1490.26953125	0.0	image/768	768	763018	train2017/000000189888.jpg
1491.052734375	0.0	image/798	798	763419	train2017/000000196365.jpg
1491.875	0.0	image/773	773	763840	train2017/000000303133.jpg
1492.708984375	0.0	image/831	831	764267	train2017/000000469445.jpg
1493.50390625	0.0	image/780	780	764674	train2017/000000192576.jpg
1494.29296875	0.0	image/797	797	765078	train2017/000000458178.jpg
1495.09375	0.0	image/760	760	765488	train2017/000000276853.jpg
1495.921875	0.0	image/806	806	765912	train2017/000000198319.jpg
1496.740234375	0.0	image/757	757	766331	train2017/000000442666.jpg
1497.5546875	0.0	image/765	765	766748	train2017/000000450914.jpg
1499.14453125	0.0	image/730	730	767562	train2017/000000441172.jpg
1499.978515625	0.0	image/821	821	767989	train2017/000000077686.jpg
1501.62890625	0.0	image/820	820	768834	train2017/000000203937.jpg
1502.40625	0.0	image/761	761	769232	train2017/000000188225.jpg
1503.212890625	0.0	image/753	753	769645	train2017/000000006178.jpg
1504.005859375	0.0	image/726	726	770051	train2017/000000178423.jpg
1504.830078125	0.0	image/827	827	770473	train2017/000000296474.jpg
1505.607421875	0.0	image/770	770	770871	train2017/000000452341.jpg
1506.423828125	0.0	image/831	831	771289	train2017/000000469445.jpg
1508.046875	0.0	image/766	766	772120	train2017/000000451680.jpg
1508.84375	0.0	image/729	729	772528	train2017/000000179019.jpg
1509.658203125	0.0	image/824	824	772945	train2017/000000204806.jpg
1510.458984375	0.0	image/818	818	773355	train2017/000000465412.jpg
1511.263671875	0.0	image/789	789	773767	train2017/000000455657.jpg
1512.048828125	0.0	image/741	741	774169	train2017/000000443940.jpg
1512.83203125	0.0	image/830	830	774570	train2017/000000468825.jpg
1513.6640625	0.0	image/783	783	774996	train2017/000000454915.jpg
1514.431640625	0.0	image/788	788	775389	train2017/000000193373.jpg
1515.2265625	0.0	image/824	824	775796	train2017/000000204806.jpg
1516.033203125	0.0	image/821	821	776209	train2017/000000077686.jpg
1516.814453125	0.0	image/806	806	776609	train2017/000000198319.jpg
1517.626953125	0.0	image/790	790	777025	train2017/000000455799.jpg
1524.837890625	0.0	image/861	861	780717	train2017/000000560054.jpg
1525.666015625	0.0	image/952	952	781141	train2017/000000502860.jpg
1526.466796875	0.0	image/888	888	781551	train2017/000000486503.jpg
1527.2890625	0.0	image/874	874	781972	train2017/000000561006.jpg
1528.099609375	0.0	image/923	923	782387	train2017/000000231851.jpg
1528.8828125	0.0	image/845	845	782788	train2017/000000211198.jpg
1529.69140625	0.0	image/843	843	783202	train2017/000000210065.jpg
1530.51953125	0.0	image/934	934	783626	train2017/000000497464.jpg
1531.302734375	0.0	image/913	913	784027	train2017/000000356810.jpg
1532.107421875	0.0	image/902	902	784439	train2017/000000227307.jpg
1533.740234375	0.0	image/924	924	785275	train2017/000000232277.jpg
1534.537109375	0.0	image/957	957	785683	train2017/000000242631.jpg
1536.125	0.0	image/859	859	786496	train2017/000000476380.jpg
1536.919921875	0.0	image/958	958	786903	train2017/000000433657.jpg
1537.703125	0.0	image/893	893	787304	train2017/000000225383.jpg
1538.4765625	0.0	image/904	904	787700	train2017/000000227733.jpg
1539.275390625	0.0	image/922	922	788109	train2017/000000235479.jpg
1540.056640625	0.0	image/898	898	788509	train2017/000000488406.jpg
1540.853515625	0.0	image/854	854	788917	train2017/000000475236.jpg
1541.642578125	0.0	image/870	870	789321	train2017/000000480601.jpg
1542.447265625	0.0	image/911	911	789733	train2017/000000229456.jpg
1543.240234375	0.0	image/935	935	790139	train2017/000000082945.jpg
1544.794921875	0.0	image/900	900	790935	train2017/000000488658.jpg
1545.62109375	0.0	image/958	958	791358	train2017/000000433657.jpg
1546.423828125	0.0	image/914	914	791769	train2017/000000492037.jpg
1547.208984375	0.0	image/875	875	792171	train2017/000000482858.jpg
1547.990234375	0.0	image/852	852	792571	train2017/000000212440.jpg
1548.7734375	0.0	image/844	844	792972	train2017/000000341033.jpg
1549.578125	0.0	image/925	925	793384	train2017/000000494552.jpg
1550.412109375	0.0	image/948	948	793811	train2017/000000502058.jpg
1551.23046875	0.0	image/940	940	794230	train2017/000000499730.jpg
1552.0078125	0.0	image/862	862	794628	train2017/000000215023.jpg
1552.82421875	0.0	image/953	953	795046	train2017/000000241026.jpg
1553.630859375	0.0	image/878	878	795459	train2017/000000167908.jpg
1554.46484375	0.0	image/915	915	795886	train2017/000000229947.jpg
1555.248046875	0.0	image/905	905	796287	train2017/000000227843.jpg
1556.080078125	0.0	image/871	871	796713	train2017/000000480990.jpg
1556.880859375	0.0	image/872	872	797123	train2017/000000429887.jpg
1557.712890625	0.0	image/890	890	797549	train2017/000000224759.jpg
1558.53125	0.0	image/863	863	797968	train2017/000000215291.jpg
1560.115234375	0.0	image/882	882	798779	train2017/000000485113.jpg
1561.732421875	0.0	image/878	878	799607	train2017/000000167908.jpg
1562.509765625	0.0	image/871	871	800005	train2017/000000480990.jpg
1563.3125	0.0	image/911	911	800416	train2017/000000229456.jpg
1564.12890625	0.0	image/841	841	800834	train2017/000000034961.jpg
1564.91796875	0.0	image/896	896	801238	train2017/000000225750.jpg
1565.712890625	0.0	image/912	912	801645	train2017/000000491611.jpg
1566.478515625	0.0	image/897	897	802037	train2017/000000430850.jpg
1567.267578125	0.0	image/866	866	802441	train2017/000000216029.jpg
1568.048828125	0.0	image/933	933	802841	train2017/000000233873.jpg
1568.8515625	0.0	image/862	862	803252	train2017/000000215023.jpg
1569.662109375	0.0	image/868	868	803667	train2017/000000444880.jpg
1570.4296875	0.0	image/848	848	804060	train2017/000000474353.jpg
1571.251953125	0.0	image/858	858	804481	train2017/000000214059.jpg
1572.046875	0.0	image/894	894	804888	train2017/000000225533.jpg
1573.6328125	0.0	image/905	905	805700	train2017/000000227843.jpg
1574.4375	0.0	image/916	916	806112	train2017/000000038370.jpg
1575.23046875	0.0	image/950	950	806518	train2017/000000502470.jpg
1576.01953125	0.0	image/872	872	806922	train2017/000000429887.jpg
1576.798828125	0.0	image/887	887	807321	train2017/000000561677.jpg
1577.5625	0.0	image/877	877	807712	train2017/000000342639.jpg
1578.365234375	0.0	image/947	947	808123	train2017/000000501926.jpg
1579.1328125	0.0	image/922	922	808516	train2017/000000235479.jpg
1579.921875	0.0	image/927	927	808920	train2017/000000495040.jpg
1580.705078125	0.0	image/916	916	809321	train2017/000000038370.jpg
1581.48828125	0.0	image/886	886	809722	train2017/000000386856.jpg
1582.271484375	0.0	image/955	955	810123	train2017/000000112805.jpg
1583.072265625	0.0	image/931	931	810533	train2017/000000495568.jpg
1583.873046875	0.0	image/892	892	810943	train2017/000000225113.jpg
1584.685546875	0.0	image/918	918	811359	train2017/000000230422.jpg
1585.451171875	0.0	image/923	923	811751	train2017/000000231851.jpg
1586.22265625	0.0	image/873	873	812146	train2017/000000429902.jpg
1587.865234375	0.0	image/889	889	812987	train2017/000000224396.jpg
1588.654296875	0.0	image/944	944	813391	train2017/000000239337.jpg
1589.41796875	0.0	image/906	906	813782	train2017/000000227928.jpg
1590.224609375	0.0	image/851	851	814195	train2017/000000474545.jpg
1591.025390625	0.0	image/882	882	814605	train2017/000000485113.jpg
1591.82421875	0.0	image/917	917	815014	train2017/000000354185.jpg
1592.62109375	0.0	image/959	959	815422	train2017/000000505486.jpg
1593.44140625	0.0	image/935	935	815842	train2017/000000082945.jpg
1594.236328125	0.0	image/852	852	816249	train2017/000000212440.jpg
1595.04296875	0.0	image/954	954	816662	train2017/000000040187.jpg
1595.837890625	0.0	image/901	901	817069	train2017/000000007567.jpg
1596.626953125	0.0	image/941	941	817473	train2017/000000237697.jpg
1597.443359375	0.0	image/867	867	817891	train2017/000000479035.jpg
1598.271484375	0.0	image/932	932	818315	train2017/000000233580.jpg
1599.0390625	0.0	image/929	929	818708	train2017/000000495387.jpg
1599.84375	0.0	image/848	848	819120	train2017/000000474353.jpg
1600.625	0.0	image/912	912	819520	train2017/000000491611.jpg
1601.40625	0.0	image/847	847	819920	train2017/000000207833.jpg
1602.2109375	0.0	image/846	846	820332	train2017/000000474024.jpg
1603.0234375	0.0	image/847	847	820748	train2017/000000207833.jpg
1603.83984375	0.0	image/952	952	821166	train2017/000000502860.jpg
1605.462890625	0.0	image/930	930	821997	train2017/000000344729.jpg
1607.080078125	0.0	image/937	937	822825	train2017/000000498615.jpg
1607.873046875	0.0	image/938	938	823231	train2017/000000237093.jpg
1608.6640625	0.0	image/876	876	823636	train2017/000000482912.jpg
1609.498046875	0.0	image/946	946	824063	train2017/000000501867.jpg
1610.296875	0.0	image/864	864	824472	train2017/000000385417.jpg
1611.11328125	0.0	image/931	931	824890	train2017/000000495568.jpg
1611.91015625	0.0	image/946	946	825298	train2017/000000501867.jpg
1612.728515625	0.0	image/899	899	825717	train2017/000000168803.jpg
1613.54296875	0.0	image/918	918	826134	train2017/000000230422.jpg
1614.33203125	0.0	image/899	899	826538	train2017/000000168803.jpg
1615.126953125	0.0	image/870	870	826945	train2017/000000480601.jpg
1615.89453125	0.0	image/945	945	827338	train2017/000000501739.jpg
1617.5	0.0	image/863	863	828160	train2017/000000215291.jpg
1618.330078125	0.0	image/949	949	828585	train2017/000000240278.jpg
1619.09375	0.0	image/865	865	828976	train2017/000000035972.jpg
1619.900390625	0.0	image/909	909	829389	train2017/000000228380.jpg
1620.7109375	0.0	image/881	881	829804	train2017/000000222921.jpg
1621.533203125	0.0	image/855	855	830225	train2017/000000122923.jpg
1622.345703125	0.0	image/915	915	830641	train2017/000000229947.jpg
1623.111328125	0.0	image/942	942	831033	train2017/000000238001.jpg
1623.880859375	0.0	image/890	890	831427	train2017/000000224759.jpg
1624.65234375	0.0	image/885	885	831822	train2017/000000223718.jpg
1625.4296875	0.0	image/926	926	832220	train2017/000000232648.jpg
1626.21484375	0.0	image/959	959	832622	train2017/000000505486.jpg
1627.013671875	0.0	image/914	914	833031	train2017/000000492037.jpg
1627.81640625	0.0	image/867	867	833442	train2017/000000479035.jpg
1628.6484375	0.0	image/853	853	833868	train2017/000000474827.jpg
1630.302734375	0.0	image/910	910	834715	train2017/000000228565.jpg
1631.103515625	0.0	image/853	853	835125	train2017/000000474827.jpg
1631.8828125	0.0	image/920	920	835524	train2017/000000300622.jpg
1633.455078125	0.0	image/869	869	836329	train2017/000000294744.jpg
1635.03125	0.0	image/859	859	837136	train2017/000000476380.jpg
1636.587890625	0.0	image/938	938	837933	train2017/000000237093.jpg
1637.390625	0.0	image/861	861	838344	train2017/000000560054.jpg
1638.22265625	0.0	image/889	889	838770	train2017/000000224396.jpg
1639.8515625	0.0	image/907	907	839604	train2017/000000228133.jpg
1640.6328125	0.0	image/877	877	840004	train2017/000000342639.jpg
1642.189453125	0.0	image/913	913	840801	train2017/000000356810.jpg
1642.986328125	0.0	image/937	937	841209	train2017/000000498615.jpg
1643.76953125	0.0	image/860	860	841610	train2017/000000476481.jpg
1644.541015625	0.0	image/901	901	842005	train2017/000000007567.jpg
1645.3515625	0.0	image/851	851	842420	train2017/000000474545.jpg
1646.15234375	0.0	image/909	909	842830	train2017/000000228380.jpg
1646.919921875	0.0	image/884	884	843223	train2017/000000485605.jpg
1647.736328125	0.0	image/875	875	843641	train2017/000000482858.jpg
1648.51953125	0.0	image/844	844	844042	train2017/000000341033.jpg
1649.341796875	0.0	image/881	881	844463	train2017/000000222921.jpg
1650.16015625	0.0	image/960	960	844882	train2017/000000505592.jpg
1650.939453125	0.0	image/884	884	845281	train2017/000000485605.jpg
1651.759765625	0.0	image/940	940	845701	train2017/000000499730.jpg
1652.5546875	0.0	image/956	956	846108	train2017/000000242133.jpg
1653.326171875	0.0	image/891	891	846503	train2017/000000224869.jpg
1654.126953125	0.0	image/879	879	846913	train2017/000000221441.jpg
1654.921875	0.0	image/951	951	847320	train2017/000000214821.jpg
1655.72265625	0.0	image/943	943	847730	train2017/000000238201.jpg
1656.490234375	0.0	image/954	954	848123	train2017/000000040187.jpg
1657.3046875	0.0	image/891	891	848540	train2017/000000224869.jpg
1658.123046875	0.0	image/925	925	848959	train2017/000000494552.jpg
1658.890625	0.0	image/904	904	849352	train2017/000000227733.jpg
1659.6953125	0.0	image/903	903	849764	train2017/000000227451.jpg
1660.490234375	0.0	image/873	873	850171	train2017/000000429902.jpg
1661.29296875	0.0	image/924	924	850582	train2017/000000232277.jpg
1662.095703125	0.0	image/894	894	850993	train2017/000000225533.jpg
1662.890625	0.0	image/939	939	851400	train2017/000000499627.jpg
1663.712890625	0.0	image/942	942	851821	train2017/000000238001.jpg
1664.513671875	0.0	image/903	903	852231	train2017/000000227451.jpg
1665.330078125	0.0	image/927	927	852649	train2017/000000495040.jpg
1666.11328125	0.0	image/960	960	853050	train2017/000000505592.jpg
1666.94140625	0.0	image/846	846	853474	train2017/000000474024.jpg
1667.765625	0.0	image/921	921	853896	train2017/000000231102.jpg
1668.578125	0.0	image/895	895	854312	train2017/000000487825.jpg
1669.3984375	0.0	image/850	850	854732	train2017/000000212380.jpg
1670.208984375	0.0	image/948	948	855147	train2017/000000502058.jpg
1671.798828125	0.0	image/943	943	855961	train2017/000000238201.jpg
1672.595703125	0.0	image/939	939	856369	train2017/000000499627.jpg
1673.39453125	0.0	image/919	919	856778	train2017/000000492627.jpg
1674.19921875	0.0	image/883	883	857190	train2017/000000223447.jpg
1675.0	0.0	image/907	907	857600	train2017/000000228133.jpg
1675.798828125	0.0	image/892	892	858009	train2017/000000225113.jpg
1677.41796875	0.0	image/868	868	858838	train2017/000000444880.jpg
1678.234375	0.0	image/921	921	859256	train2017/000000231102.jpg
1679.80078125	0.0	image/858	858	860058	train2017/000000214059.jpg
1680.619140625	0.0	image/956	956	860477	train2017/000000242133.jpg
1682.251953125	0.0	image/900	900	861313	train2017/000000488658.jpg
1683.03515625	0.0	image/941	941	861714	train2017/000000237697.jpg
1683.814453125	0.0	image/843	843	862113	train2017/000000210065.jpg
1684.61328125	0.0	image/957	957	862522	train2017/000000242631.jpg
1685.3828125	0.0	image/849	849	862916	train2017/000000212229.jpg
1686.169921875	0.0	image/908	908	863319	train2017/000000228316.jpg
1686.98046875	0.0	image/902	902	863734	train2017/000000227307.jpg
1687.75390625	0.0	image/944	944	864130	train2017/000000239337.jpg
1688.587890625	0.0	image/936	936	864557	train2017/000000497797.jpg
1689.3828125	0.0	image/896	896	864964	train2017/000000225750.jpg
1690.205078125	0.0	image/856	856	865385	train2017/000000213288.jpg
1690.982421875	0.0	image/930	930	865783	train2017/000000344729.jpg
1691.78515625	0.0	image/953	953	866194	train2017/000000241026.jpg
1692.587890625	0.0	image/874	874	866605	train2017/000000561006.jpg
1694.15625	0.0	image/866	866	867408	train2017/000000216029.jpg
1694.97265625	0.0	image/869	869	867826	train2017/000000294744.jpg
1695.767578125	0.0	image/897	897	868233	train2017/000000430850.jpg
1696.58984375	0.0	image/855	855	868654	train2017/000000122923.jpg
1697.373046875	0.0	image/893	893	869055	train2017/000000225383.jpg
1698.1484375	0.0	image/929	929	869452	train2017/000000495387.jpg
1698.923828125	0.0	image/917	917	869849	train2017/000000354185.jpg
1700.53515625	0.0	image/908	908	870674	train2017/000000228316.jpg
1701.32421875	0.0	image/880	880	871078	train2017/000000484300.jpg
1702.142578125	0.0	image/849	849	871497	train2017/000000212229.jpg
1702.92578125	0.0	image/936	936	871898	train2017/000000497797.jpg
1703.703125	0.0	image/955	955	872296	train2017/000000112805.jpg
1704.470703125	0.0	image/845	845	872689	train2017/000000211198.jpg
1705.23828125	0.0	image/876	876	873082	train2017/000000482912.jpg
1706.05859375	0.0	image/949	949	873502	train2017/000000240278.jpg
1706.888671875	0.0	image/864	864	873927	train2017/000000385417.jpg
1707.70703125	0.0	image/854	854	874346	train2017/000000475236.jpg
1708.486328125	0.0	image/920	920	874745	train2017/000000300622.jpg
1709.310546875	0.0	image/842	842	875167	train2017/000000209919.jpg
1710.89453125	0.0	image/932	932	875978	train2017/000000233580.jpg
1711.728515625	0.0	image/951	951	876405	train2017/000000214821.jpg
1712.5390625	0.0	image/934	934	876820	train2017/000000497464.jpg
1713.341796875	0.0	image/945	945	877231	train2017/000000501739.jpg
1714.14453125	0.0	image/850	850	877642	train2017/000000212380.jpg
1714.97265625	0.0	image/885	885	878066	train2017/000000223718.jpg
1715.76171875	0.0	image/928	928	878470	train2017/000000233104.jpg
1716.576171875	0.0	image/842	842	878887	train2017/000000209919.jpg
1717.392578125	0.0	image/841	841	879305	train2017/000000034961.jpg
1718.1796875	0.0	image/933	933	879708	train2017/000000233873.jpg
1718.974609375	0.0	image/887	887	880115	train2017/000000561677.jpg
1719.779296875	0.0	image/886	886	880527	train2017/000000386856.jpg
1720.57421875	0.0	image/857	857	880934	train2017/000000213988.jpg
1721.376953125	0.0	image/919	919	881345	train2017/000000492627.jpg
1722.140625	0.0	image/898	898	881736	train2017/000000488406.jpg
1722.931640625	0.0	image/910	910	882141	train2017/000000228565.jpg
1723.71484375	0.0	image/860	860	882542	train2017/000000476481.jpg
1724.54296875	0.0	image/947	947	882966	train2017/000000501926.jpg
1725.33203125	0.0	image/883	883	883370	train2017/000000223447.jpg
1726.115234375	0.0	image/865	865	883771	train2017/000000035972.jpg
1726.8984375	0.0	image/856	856	884172	train2017/000000213288.jpg
1727.732421875	0.0	image/926	926	884599	train2017/000000232648.jpg
1728.52734375	0.0	image/950	950	885006	train2017/000000502470.jpg
1729.310546875	0.0	image/895	895	885407	train2017/000000487825.jpg
1730.1328125	0.0	image/879	879	885828	train2017/000000221441.jpg
1730.9609375	0.0	image/928	928	886252	train2017/000000233104.jpg
1732.578125	0.0	image/857	857	887080	train2017/000000213988.jpg
1733.3515625	0.0	image/880	880	887476	train2017/000000484300.jpg
1734.16796875	0.0	image/888	888	887894	train2017/000000486503.jpg
1734.9921875	0.0	image/906	906	888316	train2017/000000227928.jpg
1742.140625	0.0	image/22	22	891976	train2017/000000265023.jpg
1742.923828125	0.0	image/76	76	892377	train2017/000000275902.jpg
1743.716796875	0.0	image/99	99	892783	train2017/000000271183.jpg
1744.515625	0.0	image/14	14	893192	train2017/000000264244.jpg
1745.326171875	0.0	image/61	61	893607	train2017/000000272901.jpg
1746.119140625	0.0	image/15	15	894013	train2017/000000264396.jpg
1746.92578125	0.0	image/28	28	894426	train2017/000000558788.jpg
1747.7265625	0.0	image/82	82	894836	train2017/000000539395.jpg
1748.509765625	0.0	image/23	23	895237	train2017/000000265150.jpg
1749.2890625	0.0	image/99	99	895636	train2017/000000271183.jpg
1750.09375	0.0	image/5	5	896048	train2017/000000262690.jpg
1750.888671875	0.0	image/109	109	896455	train2017/000000544060.jpg
1752.4609375	0.0	image/65	65	897260	train2017/000000273147.jpg
1753.26171875	0.0	image/84	84	897670	train2017/000000570543.jpg
1754.828125	0.0	image/89	89	898472	train2017/000000016314.jpg
1755.65625	0.0	image/28	28	898896	train2017/000000558788.jpg
1756.439453125	0.0	image/58	58	899297	train2017/000000534259.jpg
1757.22265625	0.0	image/67	67	899698	train2017/000000011358.jpg
1758.029296875	0.0	image/106	106	900111	train2017/000000280808.jpg
1758.806640625	0.0	image/119	119	900509	train2017/000000545950.jpg
1759.576171875	0.0	image/55	55	900903	train2017/000000533231.jpg
1760.33984375	0.0	image/16	16	901294	train2017/000000002270.jpg
1761.1640625	0.0	image/36	36	901716	train2017/000000267699.jpg
1761.990234375	0.0	image/16	16	902139	train2017/000000002270.jpg
1762.814453125	0.0	image/118	118	902561	train2017/000000283678.jpg
1763.623046875	0.0	image/106	106	902975	train2017/000000280808.jpg
1764.447265625	0.0	image/27	27	903397	train2017/000000265745.jpg
1765.259765625	0.0	image/53	53	903813	train2017/000000270278.jpg
1766.02734375	0.0	image/73	73	904206	train2017/000000537393.jpg
1766.84765625	0.0	image/103	103	904626	train2017/000000280484.jpg
1767.626953125	0.0	image/72	72	905025	train2017/000000274978.jpg
1768.41015625	0.0	image/35	35	905426	train2017/000000267647.jpg
1769.232421875	0.0	image/21	21	905847	train2017/000000274108.jpg
1770.060546875	0.0	image/63	63	906271	train2017/000000273120.jpg
1770.849609375	0.0	image/118	118	906675	train2017/000000283678.jpg
1771.6328125	0.0	image/70	70	907076	train2017/000000536786.jpg
1772.4609375	0.0	image/88	88	907500	train2017/000000540538.jpg
1773.267578125	0.0	image/3	3	907913	train2017/000000262414.jpg
1774.09765625	0.0	image/25	25	908338	train2017/000000527618.jpg
1774.91796875	0.0	image/34	34	908758	train2017/000000005277.jpg
1775.6953125	0.0	image/45	45	909156	train2017/000000531392.jpg
1776.513671875	0.0	image/8	8	909575	train2017/000000000625.jpg
1778.095703125	0.0	image/68	68	910385	train2017/000000535871.jpg
1778.8984375	0.0	image/60	60	910796	train2017/000000010710.jpg
1779.685546875	0.0	image/109	109	911199	train2017/000000544060.jpg
1780.515625	0.0	image/112	112	911624	train2017/000000544926.jpg
1781.298828125	0.0	image/42	42	912025	train2017/000000268659.jpg
1782.115234375	0.0	image/93	93	912443	train2017/000000541077.jpg
1782.931640625	0.0	image/113	113	912861	train2017/000000545160.jpg
1783.736328125	0.0	image/18	18	913273	train2017/000000264735.jpg
1785.337890625	0.0	image/111	111	914093	train2017/000000020517.jpg
1786.13671875	0.0	image/38	38	914502	train2017/000000312536.jpg
1786.94921875	0.0	image/25	25	914918	train2017/000000527618.jpg
1788.572265625	0.0	image/115	115	915749	train2017/000000021095.jpg
1789.34765625	0.0	image/113	113	916146	train2017/000000545160.jpg
1790.939453125	0.0	image/62	62	916961	train2017/000000010903.jpg
1791.734375	0.0	image/56	56	917368	train2017/000000008998.jpg
1792.556640625	0.0	image/120	120	917789	train2017/000000021718.jpg
1793.353515625	0.0	image/108	108	918197	train2017/000000281330.jpg
1794.140625	0.0	image/117	117	918600	train2017/000000396793.jpg
1794.94140625	0.0	image/65	65	919010	train2017/000000273147.jpg
1795.740234375	0.0	image/15	15	919419	train2017/000000264396.jpg
1796.541015625	0.0	image/89	89	919829	train2017/000000016314.jpg
1797.357421875	0.0	image/67	67	920247	train2017/000000011358.jpg
1798.185546875	0.0	image/4	4	920671	train2017/000000524646.jpg
1798.974609375	0.0	image/37	37	921075	train2017/000000005684.jpg
1800.576171875	0.0	image/94	94	921895	train2017/000000278962.jpg
1801.359375	0.0	image/97	97	922296	train2017/000000279197.jpg
1802.193359375	0.0	image/119	119	922723	train2017/000000545950.jpg
1803.009765625	0.0	image/90	90	923141	train2017/000000278555.jpg
1803.837890625	0.0	image/105	105	923565	train2017/000000280764.jpg
1804.634765625	0.0	image/39	39	923973	train2017/000000268008.jpg
1805.41015625	0.0	image/68	68	924370	train2017/000000535871.jpg
1807.037109375	0.0	image/48	48	925203	train2017/000000011299.jpg
1807.828125	0.0	image/91	91	925608	train2017/000000540735.jpg
1808.611328125	0.0	image/71	71	926009	train2017/000000536884.jpg
1809.408203125	0.0	image/34	34	926417	train2017/000000005277.jpg
1810.228515625	0.0	image/98	98	926837	train2017/000000541472.jpg
1811.0625	0.0	image/4	4	927264	train2017/000000524646.jpg
1811.861328125	0.0	image/6	6	927673	train2017/000000000584.jpg
1812.642578125	0.0	image/2	2	928073	train2017/000000262239.jpg
1813.439453125	0.0	image/95	95	928481	train2017/000000016898.jpg
1814.228515625	0.0	image/86	86	928885	train2017/000000539879.jpg
1815.830078125	0.0	image/102	102	929705	train2017/000000018078.jpg
1816.609375	0.0	image/107	107	930104	train2017/000000543254.jpg
1817.4140625	0.0	image/14	14	930516	train2017/000000264244.jpg
1818.193359375	0.0	image/56	56	930915	train2017/000000008998.jpg
1818.958984375	0.0	image/41	41	931307	train2017/000000268418.jpg
1819.7578125	0.0	image/105	105	931716	train2017/000000280764.jpg
1820.560546875	0.0	image/79	79	932127	train2017/000000276664.jpg
1821.34765625	0.0	image/41	41	932530	train2017/000000268418.jpg
1822.12890625	0.0	image/59	59	932930	train2017/000000010046.jpg
1822.8984375	0.0	image/60	60	933324	train2017/000000010710.jpg
1823.7265625	0.0	image/87	87	933748	train2017/000000300383.jpg
1824.533203125	0.0	image/83	83	934161	train2017/000000277524.jpg
1825.33203125	0.0	image/72	72	934570	train2017/000000274978.jpg
1826.16015625	0.0	image/64	64	934994	train2017/000000273138.jpg
1826.966796875	0.0	image/83	83	935407	train2017/000000277524.jpg
1827.794921875	0.0	image/18	18	935831	train2017/000000264735.jpg
1828.578125	0.0	image/57	57	936232	train2017/000000001625.jpg
1829.384765625	0.0	image/46	46	936645	train2017/000000531515.jpg
1830.212890625	0.0	image/51	51	937069	train2017/000000008027.jpg
1831.001953125	0.0	image/11	11	937473	train2017/000000263599.jpg
1831.794921875	0.0	image/26	26	937879	train2017/000000003521.jpg
1832.59765625	0.0	image/50	50	938290	train2017/000000007932.jpg
1833.36328125	0.0	image/61	61	938682	train2017/000000272901.jpg
1834.15234375	0.0	image/82	82	939086	train2017/000000539395.jpg
1834.931640625	0.0	image/93	93	939485	train2017/000000541077.jpg
1835.73046875	0.0	image/104	104	939894	train2017/000000018367.jpg
1836.537109375	0.0	image/66	66	940307	train2017/000000273250.jpg
1837.3203125	0.0	image/111	111	940708	train2017/000000020517.jpg
1838.119140625	0.0	image/42	42	941117	train2017/000000268659.jpg
1838.9375	0.0	image/63	63	941536	train2017/000000273120.jpg
1839.771484375	0.0	image/108	108	941963	train2017/000000281330.jpg
1840.552734375	0.0	image/116	116	942363	train2017/000000283426.jpg
1842.1328125	0.0	image/10	10	943172	train2017/000000001308.jpg
1842.91796875	0.0	image/116	116	943574	train2017/000000283426.jpg
1843.716796875	0.0	image/117	117	943983	train2017/000000396793.jpg
1844.517578125	0.0	image/23	23	944393	train2017/000000265150.jpg
1846.10546875	0.0	image/30	30	945206	train2017/000000004442.jpg
1846.916015625	0.0	image/38	38	945621	train2017/000000312536.jpg
1847.685546875	0.0	image/44	44	946015	train2017/000000007048.jpg
1848.490234375	0.0	image/39	39	946427	train2017/000000268008.jpg
1849.283203125	0.0	image/75	75	946833	train2017/000000399878.jpg
1850.0859375	0.0	image/70	70	947244	train2017/000000536786.jpg
1850.890625	0.0	image/13	13	947656	train2017/000000525932.jpg
1852.5234375	0.0	image/32	32	948492	train2017/000000005028.jpg
1853.3359375	0.0	image/78	78	948908	train2017/000000013969.jpg
1854.13671875	0.0	image/96	96	949318	train2017/000000541258.jpg
1854.94140625	0.0	image/43	43	949730	train2017/000000006765.jpg
1855.7578125	0.0	image/59	59	950148	train2017/000000010046.jpg
1856.537109375	0.0	image/84	84	950547	train2017/000000570543.jpg
1857.3046875	0.0	image/1	1	950940	train2017/000000262145.jpg
1858.109375	0.0	image/102	102	951352	train2017/000000018078.jpg
1858.919921875	0.0	image/57	57	951767	train2017/000000001625.jpg
1859.7265625	0.0	image/22	22	952180	train2017/000000265023.jpg
1860.556640625	0.0	image/21	21	952605	train2017/000000274108.jpg
1861.359375	0.0	image/47	47	953016	train2017/000000531828.jpg
1862.14453125	0.0	image/40	40	953418	train2017/000000268114.jpg
1862.91015625	0.0	image/13	13	953810	train2017/000000525932.jpg
1863.6875	0.0	image/80	80	954208	train2017/000000538822.jpg
1865.279296875	0.0	image/71	71	955023	train2017/000000536884.jpg
1866.912109375	0.0	image/52	52	955859	train2017/000000008053.jpg
1868.49609375	0.0	image/5	5	956670	train2017/000000262690.jpg
1869.3125	0.0	image/73	73	957088	train2017/000000537393.jpg
1870.140625	0.0	image/66	66	957512	train2017/000000273250.jpg
1870.90625	0.0	image/9	9	957904	train2017/000000000650.jpg
1871.6796875	0.0	image/54	54	958300	train2017/000000532753.jpg
1872.513671875	0.0	image/33	33	958727	train2017/000000267338.jpg
1873.34765625	0.0	image/10	10	959154	train2017/000000001308.jpg
1874.173828125	0.0	image/49	49	959577	train2017/000000219750.jpg
1874.9765625	0.0	image/47	47	959988	train2017/000000531828.jpg
1875.763671875	0.0	image/44	44	960391	train2017/000000007048.jpg
1876.55859375	0.0	image/81	81	960798	train2017/000000539340.jpg
1877.3828125	0.0	image/19	19	961220	train2017/000000526968.jpg
1878.193359375	0.0	image/35	35	961635	train2017/000000267647.jpg
1878.998046875	0.0	image/88	88	962047	train2017/000000540538.jpg
1879.810546875	0.0	image/78	78	962463	train2017/000000013969.jpg
1880.609375	0.0	image/24	24	962872	train2017/000000265453.jpg
1881.41015625	0.0	image/7	7	963282	train2017/000000000605.jpg
1882.18359375	0.0	image/30	30	963678	train2017/000000004442.jpg
1882.9765625	0.0	image/20	20	964084	train2017/000000526980.jpg
1883.74609375	0.0	image/17	17	964478	train2017/000000002372.jpg
1884.55078125	0.0	image/95	95	964890	train2017/000000016898.jpg
1885.333984375	0.0	image/92	92	965291	train2017/000000278714.jpg
1886.146484375	0.0	image/49	49	965707	train2017/000000219750.jpg
1886.912109375	0.0	image/75	75	966099	train2017/000000399878.jpg
1887.701171875	0.0	image/32	32	966503	train2017/000000005028.jpg
1888.484375	0.0	image/50	50	966904	train2017/000000007932.jpg
1889.283203125	0.0	image/6	6	967313	train2017/000000000584.jpg
1890.08984375	0.0	image/12	12	967726	train2017/000000525790.jpg
1890.9140625	0.0	image/94	94	968148	train2017/000000278962.jpg
1891.6796875	0.0	image/101	101	968540	train2017/000000017967.jpg
1893.3203125	0.0	image/45	45	969380	train2017/000000531392.jpg
1894.12109375	0.0	image/51	51	969790	train2017/000000008027.jpg
1894.931640625	0.0	image/36	36	970205	train2017/000000267699.jpg
1895.720703125	0.0	image/85	85	970609	train2017/000000539705.jpg
1896.537109375	0.0	image/87	87	971027	train2017/000000300383.jpg
1897.34765625	0.0	image/12	12	971442	train2017/000000525790.jpg
1898.171875	0.0	image/104	104	971864	train2017/000000018367.jpg
1899.8046875	0.0	image/54	54	972700	train2017/000000532753.jpg
1900.587890625	0.0	image/77	77	973101	train2017/000000275938.jpg
1901.400390625	0.0	image/96	96	973517	train2017/000000541258.jpg
1902.205078125	0.0	image/110	110	973929	train2017/000000019863.jpg
1902.98828125	0.0	image/29	29	974330	train2017/000000393907.jpg
1903.7890625	0.0	image/48	48	974740	train2017/000000011299.jpg
1904.58984375	0.0	image/37	37	975150	train2017/000000005684.jpg
1905.390625	0.0	image/43	43	975560	train2017/000000006765.jpg
1906.201171875	0.0	image/24	24	975975	train2017/000000265453.jpg
1906.96875	0.0	image/97	97	976368	train2017/000000279197.jpg
1907.7578125	0.0	image/11	11	976772	train2017/000000263599.jpg
1908.568359375	0.0	image/31	31	977187	train2017/000000266622.jpg
1909.357421875	0.0	image/79	79	977591	train2017/000000276664.jpg
1910.171875	0.0	image/31	31	978008	train2017/000000266622.jpg
1910.953125	0.0	image/62	62	978408	train2017/000000010903.jpg
1911.71875	0.0	image/7	7	978800	train2017/000000000605.jpg
1912.54296875	0.0	image/1	1	979222	train2017/000000262145.jpg
1913.33984375	0.0	image/114	114	979630	train2017/000000571485.jpg
1914.17578125	0.0	image/100	100	980058	train2017/000000541856.jpg
1915.79296875	0.0	image/100	100	980886	train2017/000000541856.jpg
1916.59375	0.0	image/80	80	981296	train2017/000000538822.jpg
1917.373046875	0.0	image/52	52	981695	train2017/000000008053.jpg
1918.193359375	0.0	image/46	46	982115	train2017/000000531515.jpg
1918.978515625	0.0	image/53	53	982517	train2017/000000270278.jpg
1919.759765625	0.0	image/2	2	982917	train2017/000000262239.jpg
1920.595703125	0.0	image/26	26	983345	train2017/000000003521.jpg
1922.162109375	0.0	image/55	55	984147	train2017/000000533231.jpg
1922.978515625	0.0	image/77	77	984565	train2017/000000275938.jpg
1923.779296875	0.0	image/98	98	984975	train2017/000000541472.jpg
1924.609375	0.0	image/64	64	985400	train2017/000000273138.jpg
1925.427734375	0.0	image/8	8	985819	train2017/000000000625.jpg
1926.26171875	0.0	image/115	115	986246	train2017/000000021095.jpg
1927.07421875	0.0	image/69	69	986662	train2017/000000011856.jpg
1927.841796875	0.0	image/114	114	987055	train2017/000000571485.jpg
1929.46484375	0.0	image/76	76	987886	train2017/000000275902.jpg
1930.248046875	0.0	image/33	33	988287	train2017/000000267338.jpg
1931.064453125	0.0	image/110	110	988705	train2017/000000019863.jpg
1931.880859375	0.0	image/92	92	989123	train2017/000000278714.jpg
1932.697265625	0.0	image/69	69	989541	train2017/000000011856.jpg
1933.482421875	0.0	image/29	29	989943	train2017/000000393907.jpg
1934.294921875	0.0	image/90	90	990359	train2017/000000278555.jpg
1935.115234375	0.0	image/9	9	990779	train2017/000000000650.jpg
1935.92578125	0.0	image/107	107	991194	train2017/000000543254.jpg
1936.75	0.0	image/74	74	991616	train2017/000000275663.jpg
1937.533203125	0.0	image/58	58	992017	train2017/000000534259.jpg
1938.345703125	0.0	image/3	3	992433	train2017/000000262414.jpg
1939.16796875	0.0	image/40	40	992854	train2017/000000268114.jpg
1939.9453125	0.0	image/20	20	993252	train2017/000000526980.jpg
1940.767578125	0.0	image/19	19	993673	train2017/000000526968.jpg
1941.580078125	0.0	image/27	27	994089	train2017/000000265745.jpg
1942.37890625	0.0	image/112	112	994498	train2017/000000544926.jpg
1943.951171875	0.0	image/86	86	995303	train2017/000000539879.jpg
1945.6015625	0.0	image/74	74	996148	train2017/000000275663.jpg
1946.419921875	0.0	image/91	91	996567	train2017/000000540735.jpg
1947.19921875	0.0	image/101	101	996966	train2017/000000017967.jpg
1948.017578125	0.0	image/17	17	997385	train2017/000000002372.jpg
1948.802734375	0.0	image/85	85	997787	train2017/000000539705.jpg
1950.392578125	0.0	image/103	103	998601	train2017/000000280484.jpg
1951.970703125	0.0	image/120	120	999409	train2017/000000021718.jpg
1952.75390625	0.0	image/81	81	999810	train2017/000000539340.jpg
1960.107421875	0.0	image/225	225	1003575	train2017/000000047172.jpg
1960.923828125	0.0	image/163	163	1003993	train2017/000000032134.jpg
1961.71875	0.0	image/231	231	1004400	train2017/000000270325.jpg
1962.51953125	0.0	image/198	198	1004810	train2017/000000303436.jpg
1963.2890625	0.0	image/221	221	1005204	train2017/000000575701.jpg
1964.076171875	0.0	image/189	189	1005607	train2017/000000300881.jpg
1964.90625	0.0	image/233	233	1006032	train2017/000000532520.jpg
1965.7265625	0.0	image/180	180	1006452	train2017/000000297844.jpg
1966.556640625	0.0	image/178	178	1006877	train2017/000000355458.jpg
1967.326171875	0.0	image/210	210	1007271	train2017/000000305685.jpg
1968.154296875	0.0	image/217	217	1007695	train2017/000000306988.jpg
1968.9765625	0.0	image/233	233	1008116	train2017/000000532520.jpg
1969.791015625	0.0	image/196	196	1008533	train2017/000000574784.jpg
1970.578125	0.0	image/239	239	1008936	train2017/000000313480.jpg
1971.37890625	0.0	image/210	210	1009346	train2017/000000305685.jpg
1972.1953125	0.0	image/213	213	1009764	train2017/000000043815.jpg
1973.029296875	0.0	image/185	185	1010191	train2017/000000036589.jpg
1973.828125	0.0	image/211	211	1010600	train2017/000000567837.jpg
1974.658203125	0.0	image/129	129	1011025	train2017/000000023392.jpg
1975.458984375	0.0	image/204	204	1011435	train2017/000000304187.jpg
1976.2578125	0.0	image/215	215	1011844	train2017/000000306249.jpg
1977.02734375	0.0	image/145	145	1012238	train2017/000000027298.jpg
1977.845703125	0.0	image/130	130	1012657	train2017/000000548593.jpg
1978.625	0.0	image/127	127	1013056	train2017/000000285450.jpg
1980.158203125	0.0	image/134	134	1013841	train2017/000000550396.jpg
1980.96484375	0.0	image/148	148	1014254	train2017/000000027665.jpg
1981.765625	0.0	image/195	195	1014664	train2017/000000040685.jpg
1982.544921875	0.0	image/216	216	1015063	train2017/000000225829.jpg
1983.328125	0.0	image/173	173	1015464	train2017/000000559816.jpg
1984.14453125	0.0	image/176	176	1015882	train2017/000000297154.jpg
1984.958984375	0.0	image/208	208	1016299	train2017/000000043150.jpg
1985.728515625	0.0	image/232	232	1016693	train2017/000000311232.jpg
1986.515625	0.0	image/137	137	1017096	train2017/000000026443.jpg
1987.29296875	0.0	image/198	198	1017494	train2017/000000303436.jpg
1988.0625	0.0	image/211	211	1017888	train2017/000000567837.jpg
1988.876953125	0.0	image/187	187	1018305	train2017/000000037779.jpg
1989.677734375	0.0	image/138	138	1018715	train2017/000000288751.jpg
1990.466796875	0.0	image/146	146	1019119	train2017/000000289460.jpg
1991.30078125	0.0	image/178	178	1019546	train2017/000000355458.jpg
1992.1171875	0.0	image/202	202	1019964	train2017/000000566201.jpg
1992.951171875	0.0	image/166	166	1020391	train2017/000000556748.jpg
1993.73046875	0.0	image/175	175	1020790	train2017/000000559225.jpg
1994.513671875	0.0	image/197	197	1021191	train2017/000000303392.jpg
1995.3359375	0.0	image/207	207	1021612	train2017/000000042578.jpg
1996.11328125	0.0	image/153	153	1022010	train2017/000000553586.jpg
1996.919921875	0.0	image/126	126	1022423	train2017/000000547367.jpg
1997.73046875	0.0	image/205	205	1022838	train2017/000000566341.jpg
1998.501953125	0.0	image/213	213	1023233	train2017/000000043815.jpg
1999.296875	0.0	image/173	173	1023640	train2017/000000559816.jpg
2000.099609375	0.0	image/150	150	1024051	train2017/000000552589.jpg
2000.919921875	0.0	image/122	122	1024471	train2017/000000546147.jpg
2001.716796875	0.0	image/171	171	1024879	train2017/000000033764.jpg
2002.53125	0.0	image/196	196	1025296	train2017/000000574784.jpg
2003.3046875	0.0	image/166	166	1025692	train2017/000000556748.jpg
2004.1171875	0.0	image/203	203	1026108	train2017/000000566261.jpg
2004.921875	0.0	image/189	189	1026520	train2017/000000300881.jpg
2005.734375	0.0	image/197	197	1026936	train2017/000000303392.jpg
2006.5546875	0.0	image/169	169	1027356	train2017/000000557886.jpg
2007.3671875	0.0	image/183	183	1027772	train2017/000000298395.jpg
2008.16796875	0.0	image/223	223	1028182	train2017/000000309135.jpg
2008.990234375	0.0	image/234	234	1028603	train2017/000000312003.jpg
2009.787109375	0.0	image/209	209	1029011	train2017/000000043176.jpg
2010.57421875	0.0	image/201	201	1029414	train2017/000000041606.jpg
2011.373046875	0.0	image/221	221	1029823	train2017/000000575701.jpg
2012.20703125	0.0	image/167	167	1030250	train2017/000000032809.jpg
2012.990234375	0.0	image/207	207	1030651	train2017/000000042578.jpg
2013.7890625	0.0	image/145	145	1031060	train2017/000000027298.jpg
2014.607421875	0.0	image/185	185	1031479	train2017/000000036589.jpg
2015.392578125	0.0	image/147	147	1031881	train2017/000000289791.jpg
2017.025390625	0.0	image/146	146	1032717	train2017/000000289460.jpg
2017.85546875	0.0	image/200	200	1033142	train2017/000000565834.jpg
2018.67578125	0.0	image/136	136	1033562	train2017/000000026388.jpg
2019.486328125	0.0	image/218	218	1033977	train2017/000000569196.jpg
2020.25390625	0.0	image/142	142	1034370	train2017/000000027002.jpg
2021.0390625	0.0	image/192	192	1034772	train2017/000000225054.jpg
2021.853515625	0.0	image/154	154	1035189	train2017/000000291560.jpg
2022.65625	0.0	image/216	216	1035600	train2017/000000225829.jpg
2023.443359375	0.0	image/224	224	1036003	train2017/000000309192.jpg
2024.27734375	0.0	image/131	131	1036430	train2017/000000549301.jpg
2025.078125	0.0	image/139	139	1036840	train2017/000000026702.jpg
2025.888671875	0.0	image/182	182	1037255	train2017/000000298170.jpg
2026.662109375	0.0	image/168	168	1037651	train2017/000000557848.jpg
2027.45703125	0.0	image/158	158	1038058	train2017/000000030148.jpg
2028.24609375	0.0	image/205	205	1038462	train2017/000000566341.jpg
2029.0234375	0.0	image/121	121	1038860	train2017/000000546140.jpg
2029.828125	0.0	image/123	123	1039272	train2017/000000022256.jpg
2030.646484375	0.0	image/155	155	1039691	train2017/000000029730.jpg
2031.4296875	0.0	image/130	130	1040092	train2017/000000548593.jpg
2032.20703125	0.0	image/215	215	1040490	train2017/000000306249.jpg
2032.99609375	0.0	image/201	201	1040894	train2017/000000041606.jpg
2033.82421875	0.0	image/162	162	1041318	train2017/000000293372.jpg
2034.607421875	0.0	image/183	183	1041719	train2017/000000298395.jpg
2035.376953125	0.0	image/226	226	1042113	train2017/000000571499.jpg
2036.1484375	0.0	image/138	138	1042508	train2017/000000288751.jpg
2036.974609375	0.0	image/155	155	1042931	train2017/000000029730.jpg
2037.7421875	0.0	image/150	150	1043324	train2017/000000552589.jpg
2038.548828125	0.0	image/141	141	1043737	train2017/000000026981.jpg
2039.361328125	0.0	image/200	200	1044153	train2017/000000565834.jpg
2040.1484375	0.0	image/172	172	1044556	train2017/000000558822.jpg
2040.962890625	0.0	image/228	228	1044973	train2017/000000572215.jpg
2041.75	0.0	image/229	229	1045376	train2017/000000310870.jpg
2042.525390625	0.0	image/172	172	1045773	train2017/000000558822.jpg
2043.310546875	0.0	image/161	161	1046175	train2017/000000293368.jpg
2044.1171875	0.0	image/184	184	1046588	train2017/000000006053.jpg
2044.912109375	0.0	image/179	179	1046995	train2017/000000559958.jpg
2045.677734375	0.0	image/239	239	1047387	train2017/000000313480.jpg
2046.5	0.0	image/142	142	1047808	train2017/000000027002.jpg
2047.328125	0.0	image/133	133	1048232	train2017/000000026029.jpg
2048.134765625	0.0	image/206	206	1048645	train2017/000000263276.jpg
2048.912109375	0.0	image/238	238	1049043	train2017/000000050624.jpg
2050.501953125	0.0	image/240	240	1049857	train2017/000000575971.jpg
2051.314453125	0.0	image/230	230	1050273	train2017/000000573337.jpg
2052.119140625	0.0	image/202	202	1050685	train2017/000000566201.jpg
2052.935546875	0.0	image/144	144	1051103	train2017/000000354070.jpg
2053.765625	0.0	image/159	159	1051528	train2017/000000292845.jpg
2054.5703125	0.0	image/238	238	1051940	train2017/000000050624.jpg
2056.203125	0.0	image/206	206	1052776	train2017/000000263276.jpg
2057.0	0.0	image/174	174	1053184	train2017/000000559145.jpg
2057.798828125	0.0	image/222	222	1053593	train2017/000000308950.jpg
2059.416015625	0.0	image/212	212	1054421	train2017/000000043776.jpg
2060.216796875	0.0	image/133	133	1054831	train2017/000000026029.jpg
2061.037109375	0.0	image/179	179	1055251	train2017/000000559958.jpg
2061.869140625	0.0	image/232	232	1055677	train2017/000000311232.jpg
2063.455078125	0.0	image/236	236	1056489	train2017/000000574760.jpg
2064.26953125	0.0	image/129	129	1056906	train2017/000000023392.jpg
2065.107421875	0.0	image/190	190	1057335	train2017/000000038801.jpg
2065.90625	0.0	image/181	181	1057744	train2017/000000035927.jpg
2067.501953125	0.0	image/223	223	1058561	train2017/000000309135.jpg
2068.291015625	0.0	image/240	240	1058965	train2017/000000575971.jpg
2069.1171875	0.0	image/235	235	1059388	train2017/000000050256.jpg
2070.673828125	0.0	image/175	175	1060185	train2017/000000559225.jpg
2071.5078125	0.0	image/160	160	1060612	train2017/000000293130.jpg
2072.337890625	0.0	image/163	163	1061037	train2017/000000032134.jpg
2073.140625	0.0	image/186	186	1061448	train2017/000000037358.jpg
2073.955078125	0.0	image/234	234	1061865	train2017/000000312003.jpg
2074.775390625	0.0	image/143	143	1062285	train2017/000000027030.jpg
2075.55859375	0.0	image/152	152	1062686	train2017/000000553166.jpg
2077.203125	0.0	image/222	222	1063528	train2017/000000308950.jpg
2077.994140625	0.0	image/184	184	1063933	train2017/000000006053.jpg
2078.77734375	0.0	image/126	126	1064334	train2017/000000547367.jpg
2079.60546875	0.0	image/225	225	1064758	train2017/000000047172.jpg
2081.15625	0.0	image/164	164	1065552	train2017/000000556542.jpg
2082.7578125	0.0	image/171	171	1066372	train2017/000000033764.jpg
2083.578125	0.0	image/124	124	1066792	train2017/000000122964.jpg
2084.361328125	0.0	image/158	158	1067193	train2017/000000030148.jpg
2085.15625	0.0	image/199	199	1067600	train2017/000000565652.jpg
2085.962890625	0.0	image/162	162	1068013	train2017/000000293372.jpg
2086.779296875	0.0	image/218	218	1068431	train2017/000000569196.jpg
2087.57421875	0.0	image/229	229	1068838	train2017/000000310870.jpg
2088.396484375	0.0	image/135	135	1069259	train2017/000000288372.jpg
2089.19140625	0.0	image/180	180	1069666	train2017/000000297844.jpg
2089.99609375	0.0	image/153	153	1070078	train2017/000000553586.jpg
2090.775390625	0.0	image/217	217	1070477	train2017/000000306988.jpg
2091.59375	0.0	image/193	193	1070896	train2017/000000564465.jpg
2092.3984375	0.0	image/219	219	1071308	train2017/000000219735.jpg
2093.23046875	0.0	image/123	123	1071734	train2017/000000022256.jpg
2094.849609375	0.0	image/164	164	1072563	train2017/000000556542.jpg
2095.66015625	0.0	image/226	226	1072978	train2017/000000571499.jpg
2096.44921875	0.0	image/168	168	1073382	train2017/000000557848.jpg
2097.27734375	0.0	image/237	237	1073806	train2017/000000095809.jpg
2098.06640625	0.0	image/141	141	1074210	train2017/000000026981.jpg
2098.849609375	0.0	image/136	136	1074611	train2017/000000026388.jpg
2099.662109375	0.0	image/161	161	1075027	train2017/000000293368.jpg
2100.484375	0.0	image/149	149	1075448	train2017/000000290192.jpg
2101.294921875	0.0	image/186	186	1075863	train2017/000000037358.jpg
2102.078125	0.0	image/165	165	1076264	train2017/000000032275.jpg
2102.900390625	0.0	image/132	132	1076685	train2017/000000549830.jpg
2103.68359375	0.0	image/124	124	1077086	train2017/000000122964.jpg
2105.251953125	0.0	image/181	181	1077889	train2017/000000035927.jpg
2106.86328125	0.0	image/147	147	1078714	train2017/000000289791.jpg
2107.650390625	0.0	image/159	159	1079117	train2017/000000292845.jpg
2108.453125	0.0	image/188	188	1079528	train2017/000000037823.jpg
2109.28515625	0.0	image/199	199	1079954	train2017/000000565652.jpg
2110.86328125	0.0	image/154	154	1080762	train2017/000000291560.jpg
2111.630859375	0.0	image/227	227	1081155	train2017/000000047638.jpg
2112.3984375	0.0	image/194	194	1081548	train2017/000000302588.jpg
2113.171875	0.0	image/139	139	1081944	train2017/000000026702.jpg
2113.966796875	0.0	image/220	220	1082351	train2017/000000569645.jpg
2114.748046875	0.0	image/212	212	1082751	train2017/000000043776.jpg
2115.521484375	0.0	image/143	143	1083147	train2017/000000027030.jpg
2116.337890625	0.0	image/188	188	1083565	train2017/000000037823.jpg
2117.1171875	0.0	image/140	140	1083964	train2017/000000551164.jpg
2117.888671875	0.0	image/191	191	1084359	train2017/000000039196.jpg
2118.666015625	0.0	image/160	160	1084757	train2017/000000293130.jpg
2119.47265625	0.0	image/214	214	1085170	train2017/000000306031.jpg
2120.2890625	0.0	image/170	170	1085588	train2017/000000033727.jpg
2121.119140625	0.0	image/194	194	1086013	train2017/000000302588.jpg
2121.90234375	0.0	image/125	125	1086414	train2017/000000022964.jpg
2123.5234375	0.0	image/235	235	1087244	train2017/000000050256.jpg
2124.353515625	0.0	image/219	219	1087669	train2017/000000219735.jpg
2125.13671875	0.0	image/224	224	1088070	train2017/000000309192.jpg
2125.94140625	0.0	image/127	127	1088482	train2017/000000285450.jpg
2127.51953125	0.0	image/137	137	1089290	train2017/000000026443.jpg
2128.306640625	0.0	image/214	214	1089693	train2017/000000306031.jpg
2129.875	0.0	image/195	195	1090496	train2017/000000040685.jpg
2130.693359375	0.0	image/125	125	1090915	train2017/000000022964.jpg
2131.509765625	0.0	image/148	148	1091333	train2017/000000027665.jpg
2132.3046875	0.0	image/134	134	1091740	train2017/000000550396.jpg
2133.09375	0.0	image/144	144	1092144	train2017/000000354070.jpg
2133.87109375	0.0	image/209	209	1092542	train2017/000000043176.jpg
2134.671875	0.0	image/157	157	1092952	train2017/000000030109.jpg
2135.455078125	0.0	image/156	156	1093353	train2017/000000029732.jpg
2136.26171875	0.0	image/193	193	1093766	train2017/000000564465.jpg
2137.0546875	0.0	image/203	203	1094172	train2017/000000566261.jpg
2137.857421875	0.0	image/177	177	1094583	train2017/000000573830.jpg
2138.671875	0.0	image/151	151	1095000	train2017/000000553150.jpg
2139.455078125	0.0	image/237	237	1095401	train2017/000000095809.jpg
2140.26171875	0.0	image/157	157	1095814	train2017/000000030109.jpg
2141.08984375	0.0	image/191	191	1096238	train2017/000000039196.jpg
2141.875	0.0	image/177	177	1096640	train2017/000000573830.jpg
2142.6796875	0.0	image/228	228	1097052	train2017/000000572215.jpg
2143.462890625	0.0	image/230	230	1097453	train2017/000000573337.jpg
2144.2421875	0.0	image/187	187	1097852	train2017/000000037779.jpg
2145.025390625	0.0	image/149	149	1098253	train2017/000000290192.jpg
2146.681640625	0.0	image/174	174	1099101	train2017/000000559145.jpg
2147.498046875	0.0	image/208	208	1099519	train2017/000000043150.jpg
2148.326171875	0.0	image/156	156	1099943	train2017/000000029732.jpg
2149.09765625	0.0	image/128	128	1100338	train2017/000000547644.jpg
2149.892578125	0.0	image/170	170	1100745	train2017/000000033727.jpg
2150.67578125	0.0	image/165	165	1101146	train2017/000000032275.jpg
2151.46484375	0.0	image/231	231	1101550	train2017/000000270325.jpg
2153.08203125	0.0	image/236	236	1102378	train2017/000000574760.jpg
2153.8828125	0.0	image/220	220	1102788	train2017/000000569645.jpg
2154.7109375	0.0	image/151	151	1103212	train2017/000000553150.jpg
2155.478515625	0.0	image/121	121	1103605	train2017/000000546140.jpg
2156.24609375	0.0	image/135	135	1103998	train2017/000000288372.jpg
2157.818359375	0.0	image/182	182	1104803	train2017/000000298170.jpg
2158.61328125	0.0	image/132	132	1105210	train2017/000000549830.jpg
2159.412109375	0.0	image/167	167	1105619	train2017/000000032809.jpg
2160.185546875	0.0	image/204	204	1106015	train2017/000000304187.jpg
2160.962890625	0.0	image/227	227	1106413	train2017/000000047638.jpg
2162.580078125	0.0	image/190	190	1107241	train2017/000000038801.jpg
2163.345703125	0.0	image/140	140	1107633	train2017/000000551164.jpg
2164.119140625	0.0	image/128	128	1108029	train2017/000000547644.jpg
2164.89453125	0.0	image/131	131	1108426	train2017/000000549301.jpg
2166.51953125	0.0	image/169	169	1109258	train2017/000000557886.jpg
2168.12109375	0.0	image/176	176	1110078	train2017/000000297154.jpg
2168.8984375	0.0	image/192	192	1110476	train2017/000000225054.jpg
2169.6953125	0.0	image/152	152	1110884	train2017/000000553166.jpg
2170.462890625	0.0	image/122	122	1111277	train2017/000000546147.jpg
2178.208984375	0.0	image/252	252	1115243	train2017/000000578169.jpg
2179.021484375	0.0	image/345	345	1115659	train2017/000000281567.jpg
2179.791015625	0.0	image/305	305	1116053	train2017/000000067347.jpg
2180.611328125	0.0	image/342	342	1116473	train2017/000000335688.jpg
2181.412109375	0.0	image/301	301	1116883	train2017/000000066253.jpg
2182.228515625	0.0	image/244	244	1117301	train2017/000000314379.jpg
2183.01171875	0.0	image/274	274	1117702	train2017/000000321902.jpg
2183.791015625	0.0	image/281	281	1118101	train2017/000000323010.jpg
2184.59375	0.0	image/289	289	1118512	train2017/000000061559.jpg
2185.408203125	0.0	image/295	295	1118929	train2017/000000010743.jpg
2186.21484375	0.0	image/288	288	1119342	train2017/000000061288.jpg
2187.859375	0.0	image/243	243	1120184	train2017/000000560396.jpg
2188.6640625	0.0	image/277	277	1120596	train2017/000000009983.jpg
2189.46484375	0.0	image/261	261	1121006	train2017/000000317781.jpg
2191.04296875	0.0	image/357	357	1121814	train2017/000000338987.jpg
2191.859375	0.0	image/346	346	1122232	train2017/000000336374.jpg
2192.66015625	0.0	image/246	246	1122642	train2017/000000576749.jpg
2193.4296875	0.0	image/308	308	1123036	train2017/000000067623.jpg
2194.25	0.0	image/356	356	1123456	train2017/000000012795.jpg
2195.04296875	0.0	image/269	269	1123862	train2017/000000320533.jpg
2195.833984375	0.0	image/302	302	1124267	train2017/000000328454.jpg
2197.4453125	0.0	image/253	253	1125092	train2017/000000054001.jpg
2198.24609375	0.0	image/328	328	1125502	train2017/000000071429.jpg
2199.05078125	0.0	image/327	327	1125914	train2017/000000333152.jpg
2199.83203125	0.0	image/330	330	1126314	train2017/000000333629.jpg
2200.65234375	0.0	image/275	275	1126734	train2017/000000403184.jpg
2201.462890625	0.0	image/282	282	1127149	train2017/000000053842.jpg
2202.23046875	0.0	image/283	283	1127542	train2017/000000359687.jpg
2203.052734375	0.0	image/278	278	1127963	train2017/000000009987.jpg
2203.869140625	0.0	image/308	308	1128381	train2017/000000067623.jpg
2204.685546875	0.0	image/266	266	1128799	train2017/000000056837.jpg
2205.50390625	0.0	image/260	260	1129218	train2017/000000055514.jpg
2206.328125	0.0	image/335	335	1129640	train2017/000000071927.jpg
2207.103515625	0.0	image/309	309	1130037	train2017/000000330084.jpg
2207.8828125	0.0	image/311	311	1130436	train2017/000000067961.jpg
2208.697265625	0.0	image/265	265	1130853	train2017/000000580813.jpg
2209.50390625	0.0	image/245	245	1131266	train2017/000000052348.jpg
2210.314453125	0.0	image/360	360	1131681	train2017/000000078042.jpg
2211.13671875	0.0	image/250	250	1132102	train2017/000000577964.jpg
2211.904296875	0.0	image/286	286	1132495	train2017/000000323397.jpg
2212.71484375	0.0	image/280	280	1132910	train2017/000000322255.jpg
2213.505859375	0.0	image/360	360	1133315	train2017/000000078042.jpg
2214.2890625	0.0	image/314	314	1133716	train2017/000000055090.jpg
2215.072265625	0.0	image/345	345	1134117	train2017/000000281567.jpg
2215.8515625	0.0	image/311	311	1134516	train2017/000000067961.jpg
2216.638671875	0.0	image/293	293	1134919	train2017/000000062547.jpg
2217.47265625	0.0	image/317	317	1135346	train2017/000000069625.jpg
2218.267578125	0.0	image/347	347	1135753	train2017/000000074390.jpg
2219.041015625	0.0	image/358	358	1136149	train2017/000000077870.jpg
2219.8671875	0.0	image/297	297	1136572	train2017/000000065012.jpg
2220.634765625	0.0	image/317	317	1136965	train2017/000000069625.jpg
2222.2578125	0.0	image/277	277	1137796	train2017/000000009983.jpg
2223.052734375	0.0	image/286	286	1138203	train2017/000000323397.jpg
2223.857421875	0.0	image/292	292	1138615	train2017/000000323970.jpg
2224.63671875	0.0	image/300	300	1139014	train2017/000000065400.jpg
2226.193359375	0.0	image/255	255	1139811	train2017/000000055184.jpg
2226.9765625	0.0	image/357	357	1140212	train2017/000000338987.jpg
2227.775390625	0.0	image/319	319	1140621	train2017/000000332261.jpg
2228.572265625	0.0	image/280	280	1141029	train2017/000000322255.jpg
2229.39453125	0.0	image/328	328	1141450	train2017/000000071429.jpg
2230.171875	0.0	image/241	241	1141848	train2017/000000576011.jpg
2230.9375	0.0	image/326	326	1142240	train2017/000000332875.jpg
2231.7578125	0.0	image/281	281	1142660	train2017/000000323010.jpg
2232.544921875	0.0	image/299	299	1143063	train2017/000000327191.jpg
2233.322265625	0.0	image/268	268	1143461	train2017/000000057796.jpg
2234.10546875	0.0	image/348	348	1143862	train2017/000000074461.jpg
2234.87109375	0.0	image/312	312	1144254	train2017/000000068238.jpg
2235.64453125	0.0	image/304	304	1144650	train2017/000000066696.jpg
2236.462890625	0.0	image/318	318	1145069	train2017/000000069705.jpg
2237.2734375	0.0	image/295	295	1145484	train2017/000000010743.jpg
2238.046875	0.0	image/269	269	1145880	train2017/000000320533.jpg
2238.830078125	0.0	image/302	302	1146281	train2017/000000328454.jpg
2239.61328125	0.0	image/353	353	1146682	train2017/000000338169.jpg
2240.392578125	0.0	image/346	346	1147081	train2017/000000336374.jpg
2241.212890625	0.0	image/329	329	1147501	train2017/000000333615.jpg
2242.0234375	0.0	image/247	247	1147916	train2017/000000576789.jpg
2242.82421875	0.0	image/298	298	1148326	train2017/000000065029.jpg
2243.630859375	0.0	image/245	245	1148739	train2017/000000052348.jpg
2244.4140625	0.0	image/267	267	1149140	train2017/000000057631.jpg
2245.19140625	0.0	image/263	263	1149538	train2017/000000318444.jpg
2246.009765625	0.0	image/332	332	1149957	train2017/000000579906.jpg
2246.810546875	0.0	image/320	320	1150367	train2017/000000332448.jpg
2247.576171875	0.0	image/338	338	1150759	train2017/000000334772.jpg
2248.365234375	0.0	image/262	262	1151163	train2017/000000318381.jpg
2249.181640625	0.0	image/259	259	1151581	train2017/000000055402.jpg
2249.9609375	0.0	image/310	310	1151980	train2017/000000330086.jpg
2250.765625	0.0	image/340	340	1152392	train2017/000000335063.jpg
2251.56640625	0.0	image/344	344	1152802	train2017/000000073997.jpg
2252.34375	0.0	image/318	318	1153200	train2017/000000069705.jpg
2253.16796875	0.0	image/283	283	1153622	train2017/000000359687.jpg
2253.951171875	0.0	image/305	305	1154023	train2017/000000067347.jpg
2254.751953125	0.0	image/270	270	1154433	train2017/000000058407.jpg
2255.548828125	0.0	image/307	307	1154841	train2017/000000329641.jpg
2256.345703125	0.0	image/340	340	1155249	train2017/000000335063.jpg
2257.130859375	0.0	image/297	297	1155651	train2017/000000065012.jpg
2257.935546875	0.0	image/332	332	1156063	train2017/000000579906.jpg
2258.71875	0.0	image/359	359	1156464	train2017/000000078000.jpg
2259.53125	0.0	image/324	324	1156880	train2017/000000332692.jpg
2260.296875	0.0	image/256	256	1157272	train2017/000000009199.jpg
2261.119140625	0.0	image/341	341	1157693	train2017/000000492851.jpg
2261.8984375	0.0	image/287	287	1158092	train2017/000000061266.jpg
2262.681640625	0.0	image/249	249	1158493	train2017/000000577817.jpg
2263.447265625	0.0	image/285	285	1158885	train2017/000000061174.jpg
2264.236328125	0.0	image/251	251	1159289	train2017/000000053778.jpg
2265.814453125	0.0	image/315	315	1160097	train2017/000000068623.jpg
2266.61328125	0.0	image/298	298	1160506	train2017/000000065029.jpg
2267.431640625	0.0	image/265	265	1160925	train2017/000000580813.jpg
2268.255859375	0.0	image/247	247	1161347	train2017/000000576789.jpg
2269.0390625	0.0	image/252	252	1161748	train2017/000000578169.jpg
2269.83203125	0.0	image/292	292	1162154	train2017/000000323970.jpg
2270.60546875	0.0	image/259	259	1162550	train2017/000000055402.jpg
2271.439453125	0.0	image/323	323	1162977	train2017/000000332574.jpg
2272.267578125	0.0	image/299	299	1163401	train2017/000000327191.jpg
2273.08984375	0.0	image/353	353	1163822	train2017/000000338169.jpg
2273.921875	0.0	image/266	266	1164248	train2017/000000056837.jpg
2274.703125	0.0	image/246	246	1164648	train2017/000000576749.jpg
2275.51953125	0.0	image/300	300	1165066	train2017/000000065400.jpg
2276.32421875	0.0	image/320	320	1165478	train2017/000000332448.jpg
2277.125	0.0	image/250	250	1165888	train2017/000000577964.jpg
2277.919921875	0.0	image/290	290	1166295	train2017/000000534553.jpg
2278.708984375	0.0	image/254	254	1166699	train2017/000000317061.jpg
2279.4921875	0.0	image/352	352	1167100	train2017/000000274776.jpg
2280.30859375	0.0	image/321	321	1167518	train2017/000000332498.jpg
2281.908203125	0.0	image/276	276	1168337	train2017/000000322008.jpg
2283.48828125	0.0	image/289	289	1169146	train2017/000000061559.jpg
2285.126953125	0.0	image/307	307	1169985	train2017/000000329641.jpg
2285.943359375	0.0	image/339	339	1170403	train2017/000000072715.jpg
2286.73828125	0.0	image/249	249	1170810	train2017/000000577817.jpg
2287.560546875	0.0	image/358	358	1171231	train2017/000000077870.jpg
2288.37890625	0.0	image/327	327	1171650	train2017/000000333152.jpg
2289.173828125	0.0	image/337	337	1172057	train2017/000000072095.jpg
2289.98828125	0.0	image/276	276	1172474	train2017/000000322008.jpg
2290.7734375	0.0	image/336	336	1172876	train2017/000000334208.jpg
2291.57421875	0.0	image/273	273	1173286	train2017/000000059321.jpg
2293.12890625	0.0	image/272	272	1174082	train2017/000000359337.jpg
2293.923828125	0.0	image/290	290	1174489	train2017/000000534553.jpg
2295.529296875	0.0	image/253	253	1175311	train2017/000000054001.jpg
2296.341796875	0.0	image/313	313	1175727	train2017/000000011373.jpg
2297.16015625	0.0	image/325	325	1176146	train2017/000000002349.jpg
2297.974609375	0.0	image/273	273	1176563	train2017/000000059321.jpg
2298.7421875	0.0	image/348	348	1176956	train2017/000000074461.jpg
2299.560546875	0.0	image/242	242	1177375	train2017/000000051774.jpg
2300.375	0.0	image/341	341	1177792	train2017/000000492851.jpg
2301.982421875	0.0	image/312	312	1178615	train2017/000000068238.jpg
2302.810546875	0.0	image/356	356	1179039	train2017/000000012795.jpg
2303.599609375	0.0	image/322	322	1179443	train2017/000000070421.jpg
2304.396484375	0.0	image/275	275	1179851	train2017/000000403184.jpg
2305.216796875	0.0	image/334	334	1180271	train2017/000000334048.jpg
2306.02734375	0.0	image/316	316	1180686	train2017/000000246728.jpg
2306.814453125	0.0	image/256	256	1181089	train2017/000000009199.jpg
2307.599609375	0.0	image/304	304	1181491	train2017/000000066696.jpg
2308.43359375	0.0	image/271	271	1181918	train2017/000000058465.jpg
2309.267578125	0.0	image/257	257	1182345	train2017/000000055206.jpg
2310.046875	0.0	image/268	268	1182744	train2017/000000057796.jpg
2311.65234375	0.0	image/248	248	1183566	train2017/000000455691.jpg
2312.478515625	0.0	image/331	331	1183989	train2017/000000333654.jpg
2313.267578125	0.0	image/352	352	1184393	train2017/000000274776.jpg
2314.080078125	0.0	image/272	272	1184809	train2017/000000359337.jpg
2314.869140625	0.0	image/248	248	1185213	train2017/000000455691.jpg
2316.435546875	0.0	image/251	251	1186015	train2017/000000053778.jpg
2317.216796875	0.0	image/261	261	1186415	train2017/000000317781.jpg
2317.98046875	0.0	image/279	279	1186806	train2017/000000322246.jpg
2318.763671875	0.0	image/351	351	1187207	train2017/000000337479.jpg
2319.552734375	0.0	image/330	330	1187611	train2017/000000333629.jpg
2320.337890625	0.0	image/242	242	1188013	train2017/000000051774.jpg
2321.1640625	0.0	image/336	336	1188436	train2017/000000334208.jpg
2321.970703125	0.0	image/351	351	1188849	train2017/000000337479.jpg
2322.8046875	0.0	image/324	324	1189276	train2017/000000332692.jpg
2323.638671875	0.0	image/347	347	1189703	train2017/000000074390.jpg
2324.416015625	0.0	image/306	306	1190101	train2017/000000281575.jpg
2325.181640625	0.0	image/333	333	1190493	train2017/000000334011.jpg
2325.982421875	0.0	image/264	264	1190903	train2017/000000001877.jpg
2326.767578125	0.0	image/243	243	1191305	train2017/000000560396.jpg
2327.583984375	0.0	image/309	309	1191723	train2017/000000330084.jpg
2328.390625	0.0	image/264	264	1192136	train2017/000000001877.jpg
2329.22265625	0.0	image/293	293	1192562	train2017/000000062547.jpg
2330.00390625	0.0	image/303	303	1192962	train2017/000000328628.jpg
2330.791015625	0.0	image/255	255	1193365	train2017/000000055184.jpg
2331.6015625	0.0	image/274	274	1193780	train2017/000000321902.jpg
2332.423828125	0.0	image/301	301	1194201	train2017/000000066253.jpg
2333.2421875	0.0	image/279	279	1194620	train2017/000000322246.jpg
2334.07421875	0.0	image/350	350	1195046	train2017/000000074828.jpg
2334.892578125	0.0	image/335	335	1195465	train2017/000000071927.jpg
2335.724609375	0.0	image/258	258	1195891	train2017/000000055294.jpg
2336.51953125	0.0	image/349	349	1196298	train2017/000000074714.jpg
2337.30859375	0.0	image/291	291	1196702	train2017/000000490875.jpg
2338.126953125	0.0	image/350	350	1197121	train2017/000000074828.jpg
2338.90625	0.0	image/359	359	1197520	train2017/000000078000.jpg
2339.7265625	0.0	image/322	322	1197940	train2017/000000070421.jpg
2340.5078125	0.0	image/323	323	1198340	train2017/000000332574.jpg
2341.30859375	0.0	image/284	284	1198750	train2017/000000323182.jpg
2342.08984375	0.0	image/267	267	1199150	train2017/000000057631.jpg
2342.89453125	0.0	image/344	344	1199562	train2017/000000073997.jpg
2344.51171875	0.0	image/326	326	1200390	train2017/000000332875.jpg
2345.328125	0.0	image/254	254	1200808	train2017/000000317061.jpg
2346.111328125	0.0	image/296	296	1201209	train2017/000000064534.jpg
2346.888671875	0.0	image/258	258	1201607	train2017/000000055294.jpg
2347.67578125	0.0	image/334	334	1202010	train2017/000000334048.jpg
2348.5078125	0.0	image/325	325	1202436	train2017/000000002349.jpg
2349.296875	0.0	image/263	263	1202840	train2017/000000318444.jpg
2350.12890625	0.0	image/314	314	1203266	train2017/000000055090.jpg
2350.962890625	0.0	image/339	339	1203693	train2017/000000072715.jpg
2351.74609375	0.0	image/343	343	1204094	train2017/000000335824.jpg
2352.57421875	0.0	image/342	342	1204518	train2017/000000335688.jpg
2353.36328125	0.0	image/278	278	1204922	train2017/000000009987.jpg
2354.16015625	0.0	image/303	303	1205330	train2017/000000328628.jpg
2355.763671875	0.0	image/306	306	1206151	train2017/000000281575.jpg
2357.38671875	0.0	image/260	260	1206982	train2017/000000055514.jpg
2358.181640625	0.0	image/271	271	1207389	train2017/000000058465.jpg
2358.958984375	0.0	image/284	284	1207787	train2017/000000323182.jpg
2359.78125	0.0	image/354	354	1208208	train2017/000000076476.jpg
2360.58203125	0.0	image/270	270	1208618	train2017/000000058407.jpg
2361.365234375	0.0	image/333	333	1209019	train2017/000000334011.jpg
2362.162109375	0.0	image/285	285	1209427	train2017/000000061174.jpg
2362.94921875	0.0	image/343	343	1209830	train2017/000000335824.jpg
2363.744140625	0.0	image/288	288	1210237	train2017/000000061288.jpg
2364.517578125	0.0	image/354	354	1210633	train2017/000000076476.jpg
2365.294921875	0.0	image/282	282	1211031	train2017/000000053842.jpg
2366.884765625	0.0	image/310	310	1211845	train2017/000000330086.jpg
2368.46875	0.0	image/331	331	1212656	train2017/000000333654.jpg
2369.251953125	0.0	image/262	262	1213057	train2017/000000318381.jpg
2370.052734375	0.0	image/355	355	1213467	train2017/000000338670.jpg
2370.83203125	0.0	image/315	315	1213866	train2017/000000068623.jpg
2371.65234375	0.0	image/313	313	1214286	train2017/000000011373.jpg
2372.4296875	0.0	image/294	294	1214684	train2017/000000325710.jpg
2374.0703125	0.0	image/296	296	1215524	train2017/000000064534.jpg
2374.8828125	0.0	image/241	241	1215940	train2017/000000576011.jpg
2375.669921875	0.0	image/319	319	1216343	train2017/000000332261.jpg
2376.498046875	0.0	image/294	294	1216767	train2017/000000325710.jpg
2377.283203125	0.0	image/355	355	1217169	train2017/000000338670.jpg
2378.072265625	0.0	image/337	337	1217573	train2017/000000072095.jpg
2379.671875	0.0	image/329	329	1218392	train2017/000000333615.jpg
2381.23828125	0.0	image/257	257	1219194	train2017/000000055206.jpg
2382.83984375	0.0	image/349	349	1220014	train2017/000000074714.jpg
2383.623046875	0.0	image/291	291	1220415	train2017/000000490875.jpg
2384.41796875	0.0	image/244	244	1220822	train2017/000000314379.jpg
2385.203125	0.0	image/316	316	1221224	train2017/000000246728.jpg
2385.974609375	0.0	image/321	321	1221619	train2017/000000332498.jpg
2386.7578125	0.0	image/338	338	1222020	train2017/000000334772.jpg
2387.5859375	0.0	image/287	287	1222444	train2017/000000061266.jpg
2395.546875	0.0	image/385	385	1226520	train2017/000000345751.jpg
2396.330078125	0.0	image/461	461	1226921	train2017/000000106107.jpg
2397.087890625	0.0	image/434	434	1227309	train2017/000000097201.jpg
2398.6640625	0.0	image/424	424	1228116	train2017/000000277778.jpg
2399.48046875	0.0	image/422	422	1228534	train2017/000000059194.jpg
2400.259765625	0.0	image/362	362	1228933	train2017/000000340734.jpg
2401.865234375	0.0	image/443	443	1229755	train2017/000000099580.jpg
2402.693359375	0.0	image/425	425	1230179	train2017/000000356771.jpg
2403.46484375	0.0	image/391	391	1230574	train2017/000000346795.jpg
2404.29296875	0.0	image/448	448	1230998	train2017/000000101069.jpg
2405.0625	0.0	image/436	436	1231392	train2017/000000098480.jpg
2405.849609375	0.0	image/442	442	1231795	train2017/000000361648.jpg
2406.666015625	0.0	image/366	366	1232213	train2017/000000080275.jpg
2407.482421875	0.0	image/479	479	1232631	train2017/000000114077.jpg
2408.30078125	0.0	image/366	366	1233050	train2017/000000080275.jpg
2409.078125	0.0	image/393	393	1233448	train2017/000000086811.jpg
2409.849609375	0.0	image/449	449	1233843	train2017/000000101952.jpg
2410.634765625	0.0	image/365	365	1234245	train2017/000000080084.jpg
2411.4296875	0.0	image/439	439	1234652	train2017/000000361193.jpg
2412.244140625	0.0	image/473	473	1235069	train2017/000000372959.jpg
2413.068359375	0.0	image/407	407	1235491	train2017/000000352724.jpg
2413.8359375	0.0	image/392	392	1235884	train2017/000000348204.jpg
2414.630859375	0.0	image/428	428	1236291	train2017/000000095176.jpg
2415.435546875	0.0	image/424	424	1236703	train2017/000000277778.jpg
2416.23046875	0.0	image/436	436	1237110	train2017/000000098480.jpg
2417.8515625	0.0	image/389	389	1237940	train2017/000000346583.jpg
2418.6640625	0.0	image/454	454	1238356	train2017/000000366146.jpg
2419.43359375	0.0	image/479	479	1238750	train2017/000000114077.jpg
2420.220703125	0.0	image/472	472	1239153	train2017/000000110780.jpg
2421.8203125	0.0	image/409	409	1239972	train2017/000000090827.jpg
2422.63671875	0.0	image/423	423	1240390	train2017/000000355622.jpg
2423.421875	0.0	image/401	401	1240792	train2017/000000088414.jpg
2425.0390625	0.0	image/379	379	1241620	train2017/000000569678.jpg
2425.837890625	0.0	image/414	414	1242029	train2017/000000091784.jpg
2426.671875	0.0	image/435	435	1242456	train2017/000000097218.jpg
2428.22265625	0.0	image/456	456	1243250	train2017/000000104081.jpg
2429.0234375	0.0	image/434	434	1243660	train2017/000000097201.jpg
2429.83984375	0.0	image/403	403	1244078	train2017/000000089908.jpg
2430.6171875	0.0	image/371	371	1244476	train2017/000000081365.jpg
2431.40234375	0.0	image/410	410	1244878	train2017/000000090994.jpg
2432.189453125	0.0	image/446	446	1245281	train2017/000000100599.jpg
2432.974609375	0.0	image/382	382	1245683	train2017/000000345149.jpg
2433.751953125	0.0	image/476	476	1246081	train2017/000000112734.jpg
2434.57421875	0.0	image/431	431	1246502	train2017/000000095828.jpg
2435.408203125	0.0	image/445	445	1246929	train2017/000000362677.jpg
2436.224609375	0.0	image/468	468	1247347	train2017/000000542304.jpg
2437.00390625	0.0	image/463	463	1247746	train2017/000000369171.jpg
2437.787109375	0.0	image/388	388	1248147	train2017/000000084174.jpg
2438.60546875	0.0	image/426	426	1248566	train2017/000000357074.jpg
2439.38671875	0.0	image/386	386	1248966	train2017/000000083632.jpg
2440.193359375	0.0	image/457	457	1249379	train2017/000000366396.jpg
2441.009765625	0.0	image/477	477	1249797	train2017/000000113593.jpg
2441.845703125	0.0	image/367	367	1250225	train2017/000000080619.jpg
2442.62109375	0.0	image/369	369	1250622	train2017/000000080987.jpg
2443.443359375	0.0	image/402	402	1251043	train2017/000000088835.jpg
2444.240234375	0.0	image/418	418	1251451	train2017/000000092221.jpg
2445.0234375	0.0	image/368	368	1251852	train2017/000000008471.jpg
2445.794921875	0.0	image/425	425	1252247	train2017/000000356771.jpg
2446.607421875	0.0	image/409	409	1252663	train2017/000000090827.jpg
2447.423828125	0.0	image/475	475	1253081	train2017/000000373970.jpg
2448.240234375	0.0	image/374	374	1253499	train2017/000000046372.jpg
2449.041015625	0.0	image/477	477	1253909	train2017/000000113593.jpg
2449.8125	0.0	image/428	428	1254304	train2017/000000095176.jpg
2450.595703125	0.0	image/460	460	1254705	train2017/000000367552.jpg
2451.375	0.0	image/450	450	1255104	train2017/000000570785.jpg
2452.19140625	0.0	image/371	371	1255522	train2017/000000081365.jpg
2453.7578125	0.0	image/413	413	1256324	train2017/000000364806.jpg
2454.541015625	0.0	image/444	444	1256725	train2017/000000100396.jpg
2455.36328125	0.0	image/372	372	1257146	train2017/000000081474.jpg
2456.193359375	0.0	image/448	448	1257571	train2017/000000101069.jpg
2456.9765625	0.0	image/478	478	1257972	train2017/000000114035.jpg
2457.798828125	0.0	image/465	465	1258393	train2017/000000369253.jpg
2458.591796875	0.0	image/404	404	1258799	train2017/000000352129.jpg
2459.3984375	0.0	image/381	381	1259212	train2017/000000082770.jpg
2460.193359375	0.0	image/402	402	1259619	train2017/000000088835.jpg
2460.982421875	0.0	image/420	420	1260023	train2017/000000092353.jpg
2462.611328125	0.0	image/427	427	1260857	train2017/000000357228.jpg
2463.43359375	0.0	image/435	435	1261278	train2017/000000097218.jpg
2464.216796875	0.0	image/475	475	1261679	train2017/000000373970.jpg
2464.978515625	0.0	image/464	464	1262069	train2017/000000369230.jpg
2465.794921875	0.0	image/421	421	1262487	train2017/000000354761.jpg
2466.564453125	0.0	image/403	403	1262881	train2017/000000089908.jpg
2467.37890625	0.0	image/473	473	1263298	train2017/000000372959.jpg
2468.1953125	0.0	image/384	384	1263716	train2017/000000345725.jpg
2469.017578125	0.0	image/376	376	1264137	train2017/000000081995.jpg
2469.794921875	0.0	image/404	404	1264535	train2017/000000352129.jpg
2470.5625	0.0	image/394	394	1264928	train2017/000000087126.jpg
2471.369140625	0.0	image/408	408	1265341	train2017/000000352861.jpg
2472.15234375	0.0	image/446	446	1265742	train2017/000000100599.jpg
2472.935546875	0.0	image/368	368	1266143	train2017/000000008471.jpg
2473.732421875	0.0	image/373	373	1266551	train2017/000000081841.jpg
2474.537109375	0.0	image/401	401	1266963	train2017/000000088414.jpg
2475.353515625	0.0	image/439	439	1267381	train2017/000000361193.jpg
2476.169921875	0.0	image/466	466	1267799	train2017/000000107204.jpg
2476.98046875	0.0	image/476	476	1268214	train2017/000000112734.jpg
2477.78125	0.0	image/396	396	1268624	train2017/000000349363.jpg
2479.337890625	0.0	image/362	362	1269421	train2017/000000340734.jpg
2480.955078125	0.0	image/442	442	1270249	train2017/000000361648.jpg
2481.75	0.0	image/467	467	1270656	train2017/000000017935.jpg
2483.322265625	0.0	image/468	468	1271461	train2017/000000542304.jpg
2484.888671875	0.0	image/378	378	1272263	train2017/000000319517.jpg
2485.68359375	0.0	image/411	411	1272670	train2017/000000091005.jpg
2486.453125	0.0	image/458	458	1273064	train2017/000000104502.jpg
2487.2734375	0.0	image/430	430	1273484	train2017/000000357865.jpg
2488.068359375	0.0	image/383	383	1273891	train2017/000000083393.jpg
2488.857421875	0.0	image/471	471	1274295	train2017/000000372775.jpg
2489.658203125	0.0	image/396	396	1274705	train2017/000000349363.jpg
2490.435546875	0.0	image/416	416	1275103	train2017/000000354095.jpg
2491.201171875	0.0	image/433	433	1275495	train2017/000000359085.jpg
2491.986328125	0.0	image/370	370	1275897	train2017/000000081105.jpg
2492.791015625	0.0	image/406	406	1276309	train2017/000000352236.jpg
2493.625	0.0	image/385	385	1276736	train2017/000000345751.jpg
2494.404296875	0.0	image/480	480	1277135	train2017/000000376407.jpg
2495.17578125	0.0	image/472	472	1277530	train2017/000000110780.jpg
2495.958984375	0.0	image/372	372	1277931	train2017/000000081474.jpg
2496.771484375	0.0	image/453	453	1278347	train2017/000000103366.jpg
2497.587890625	0.0	image/389	389	1278765	train2017/000000346583.jpg
2498.359375	0.0	image/390	390	1279160	train2017/000000346754.jpg
2499.140625	0.0	image/400	400	1279560	train2017/000000350299.jpg
2499.943359375	0.0	image/445	445	1279971	train2017/000000362677.jpg
2500.7265625	0.0	image/458	458	1280372	train2017/000000104502.jpg
2502.361328125	0.0	image/452	452	1281209	train2017/000000365218.jpg
2503.14453125	0.0	image/375	375	1281610	train2017/000000081961.jpg
2503.9765625	0.0	image/470	470	1282036	train2017/000000110611.jpg
2504.806640625	0.0	image/440	440	1282461	train2017/000000361197.jpg
2505.61328125	0.0	image/456	456	1282874	train2017/000000104081.jpg
2506.4453125	0.0	image/432	432	1283300	train2017/000000096161.jpg
2507.279296875	0.0	image/399	399	1283727	train2017/000000320508.jpg
2508.08984375	0.0	image/453	453	1284142	train2017/000000103366.jpg
2508.873046875	0.0	image/427	427	1284543	train2017/000000357228.jpg
2509.6640625	0.0	image/380	380	1284948	train2017/000000082650.jpg
2510.447265625	0.0	image/419	419	1285349	train2017/000000092288.jpg
2511.259765625	0.0	image/412	412	1285765	train2017/000000408492.jpg
2512.080078125	0.0	image/399	399	1286185	train2017/000000320508.jpg
2512.87890625	0.0	image/383	383	1286594	train2017/000000083393.jpg
2513.66015625	0.0	image/361	361	1286994	train2017/000000340317.jpg
2514.42578125	0.0	image/471	471	1287386	train2017/000000372775.jpg
2516.048828125	0.0	image/398	398	1288217	train2017/000000087871.jpg
2516.83203125	0.0	image/429	429	1288618	train2017/000000095337.jpg
2517.642578125	0.0	image/421	421	1289033	train2017/000000354761.jpg
2519.18359375	0.0	image/437	437	1289822	train2017/000000060117.jpg
2520.734375	0.0	image/469	469	1290616	train2017/000000370369.jpg
2521.52734375	0.0	image/365	365	1291022	train2017/000000080084.jpg
2522.31640625	0.0	image/408	408	1291426	train2017/000000352861.jpg
2523.134765625	0.0	image/397	397	1291845	train2017/000000087334.jpg
2523.912109375	0.0	image/418	418	1292243	train2017/000000092221.jpg
2524.6953125	0.0	image/393	393	1292644	train2017/000000086811.jpg
2525.48046875	0.0	image/459	459	1293046	train2017/000000366802.jpg
2526.267578125	0.0	image/455	455	1293449	train2017/000000104044.jpg
2527.0859375	0.0	image/467	467	1293868	train2017/000000017935.jpg
2527.880859375	0.0	image/361	361	1294275	train2017/000000340317.jpg
2528.697265625	0.0	image/373	373	1294693	train2017/000000081841.jpg
2529.48046875	0.0	image/454	454	1295094	train2017/000000366146.jpg
2531.052734375	0.0	image/452	452	1295899	train2017/000000365218.jpg
2531.853515625	0.0	image/474	474	1296309	train2017/000000373679.jpg
2532.6875	0.0	image/457	457	1296736	train2017/000000366396.jpg
2533.470703125	0.0	image/381	381	1297137	train2017/000000082770.jpg
2534.267578125	0.0	image/363	363	1297545	train2017/000000079111.jpg
2535.0859375	0.0	image/417	417	1297964	train2017/000000092001.jpg
2535.888671875	0.0	image/397	397	1298375	train2017/000000087334.jpg
2536.666015625	0.0	image/411	411	1298773	train2017/000000091005.jpg
2537.431640625	0.0	image/431	431	1299165	train2017/000000095828.jpg
2538.201171875	0.0	image/465	465	1299559	train2017/000000369253.jpg
2539.005859375	0.0	image/384	384	1299971	train2017/000000345725.jpg
2539.83984375	0.0	image/422	422	1300398	train2017/000000059194.jpg
2540.673828125	0.0	image/394	394	1300825	train2017/000000087126.jpg
2541.45703125	0.0	image/464	464	1301226	train2017/000000369230.jpg
2542.2890625	0.0	image/460	460	1301652	train2017/000000367552.jpg
2543.1015625	0.0	image/480	480	1302068	train2017/000000376407.jpg
2543.884765625	0.0	image/415	415	1302469	train2017/000000354045.jpg
2544.69140625	0.0	image/462	462	1302882	train2017/000000368852.jpg
2545.474609375	0.0	image/414	414	1303283	train2017/000000091784.jpg
2546.271484375	0.0	image/461	461	1303691	train2017/000000106107.jpg
2547.091796875	0.0	image/387	387	1304111	train2017/000000083738.jpg
2547.90234375	0.0	image/447	447	1304526	train2017/000000100863.jpg
2549.4921875	0.0	image/416	416	1305340	train2017/000000354095.jpg
2550.3046875	0.0	image/447	447	1305756	train2017/000000100863.jpg
2551.091796875	0.0	image/444	444	1306159	train2017/000000100396.jpg
2551.888671875	0.0	image/363	363	1306567	train2017/000000079111.jpg
2552.654296875	0.0	image/375	375	1306959	train2017/000000081961.jpg
2553.42578125	0.0	image/440	440	1307354	train2017/000000361197.jpg
2554.259765625	0.0	image/410	410	1307781	train2017/000000090994.jpg
2555.05859375	0.0	image/382	382	1308190	train2017/000000345149.jpg
2555.89453125	0.0	image/364	364	1308618	train2017/000000275335.jpg
2557.51171875	0.0	image/417	417	1309446	train2017/000000092001.jpg
2558.341796875	0.0	image/430	430	1309871	train2017/000000357865.jpg
2559.12890625	0.0	image/429	429	1310274	train2017/000000095337.jpg
2559.95703125	0.0	image/395	395	1310698	train2017/000000087146.jpg
2561.54296875	0.0	image/400	400	1311510	train2017/000000350299.jpg
2562.345703125	0.0	image/432	432	1311921	train2017/000000096161.jpg
2563.125	0.0	image/426	426	1312320	train2017/000000357074.jpg
2563.908203125	0.0	image/466	466	1312721	train2017/000000107204.jpg
2564.712890625	0.0	image/441	441	1313133	train2017/000000099363.jpg
2565.5234375	0.0	image/451	451	1313548	train2017/000000365003.jpg
2566.34765625	0.0	image/438	438	1313970	train2017/000000147547.jpg
2567.17578125	0.0	image/405	405	1314394	train2017/000000189765.jpg
2567.958984375	0.0	image/379	379	1314795	train2017/000000569678.jpg
2568.765625	0.0	image/420	420	1315208	train2017/000000092353.jpg
2570.3984375	0.0	image/369	369	1316044	train2017/000000080987.jpg
2571.2265625	0.0	image/378	378	1316468	train2017/000000319517.jpg
2572.048828125	0.0	image/438	438	1316889	train2017/000000147547.jpg
2572.849609375	0.0	image/469	469	1317299	train2017/000000370369.jpg
2573.626953125	0.0	image/388	388	1317697	train2017/000000084174.jpg
2574.39453125	0.0	image/474	474	1318090	train2017/000000373679.jpg
2575.18359375	0.0	image/449	449	1318494	train2017/000000101952.jpg
2575.978515625	0.0	image/451	451	1318901	train2017/000000365003.jpg
2576.779296875	0.0	image/459	459	1319311	train2017/000000366802.jpg
2577.599609375	0.0	image/478	478	1319731	train2017/000000114035.jpg
2578.3984375	0.0	image/413	413	1320140	train2017/000000364806.jpg
2579.201171875	0.0	image/390	390	1320551	train2017/000000346754.jpg
2579.99609375	0.0	image/415	415	1320958	train2017/000000354045.jpg
2580.796875	0.0	image/437	437	1321368	train2017/000000060117.jpg
2581.580078125	0.0	image/470	470	1321769	train2017/000000110611.jpg
2583.185546875	0.0	image/463	463	1322591	train2017/000000369171.jpg
2584.01953125	0.0	image/419	419	1323018	train2017/000000092288.jpg
2584.84765625	0.0	image/406	406	1323442	train2017/000000352236.jpg
2585.63671875	0.0	image/398	398	1323846	train2017/000000087871.jpg
2586.447265625	0.0	image/407	407	1324261	train2017/000000352724.jpg
2587.21484375	0.0	image/412	412	1324654	train2017/000000408492.jpg
2588.00390625	0.0	image/374	374	1325058	train2017/000000046372.jpg
2588.83203125	0.0	image/433	433	1325482	train2017/000000359085.jpg
2589.650390625	0.0	image/450	450	1325901	train2017/000000570785.jpg
2590.470703125	0.0	image/392	392	1326321	train2017/000000348204.jpg
2592.072265625	0.0	image/380	380	1327141	train2017/000000082650.jpg
2592.85546875	0.0	image/423	423	1327542	train2017/000000355622.jpg
2593.65625	0.0	image/387	387	1327952	train2017/000000083738.jpg
2594.47265625	0.0	image/462	462	1328370	train2017/000000368852.jpg
2595.28515625	0.0	image/370	370	1328786	train2017/000000081105.jpg
2596.068359375	0.0	image/441	441	1329187	train2017/000000099363.jpg
2596.890625	0.0	image/386	386	1329608	train2017/000000083632.jpg
2598.486328125	0.0	image/376	376	1330425	train2017/000000081995.jpg
2599.2578125	0.0	image/367	367	1330820	train2017/000000080619.jpg
2600.041015625	0.0	image/377	377	1331221	train2017/000000450584.jpg
2600.87109375	0.0	image/405	405	1331646	train2017/000000189765.jpg
2601.673828125	0.0	image/364	364	1332057	train2017/000000275335.jpg
2602.4921875	0.0	image/395	395	1332476	train2017/000000087146.jpg
2603.32421875	0.0	image/391	391	1332902	train2017/000000346795.jpg
2604.13671875	0.0	image/377	377	1333318	train2017/000000450584.jpg
2604.943359375	0.0	image/455	455	1333731	train2017/000000104044.jpg
2605.7265625	0.0	image/443	443	1334132	train2017/000000099580.jpg
2612.962890625	0.0	image/511	511	1337837	train2017/000000122776.jpg
2613.763671875	0.0	image/560	560	1338247	train2017/000000136111.jpg
2614.546875	0.0	image/508	508	1338648	train2017/000000413472.jpg
2615.341796875	0.0	image/520	520	1339055	train2017/000000125042.jpg
2616.109375	0.0	image/527	527	1339448	train2017/000000390120.jpg
2616.8984375	0.0	image/532	532	1339852	train2017/000000130181.jpg
2617.71484375	0.0	image/595	595	1340270	train2017/000000142803.jpg
2618.498046875	0.0	image/496	496	1340671	train2017/000000380989.jpg
2619.28125	0.0	image/546	546	1341072	train2017/000000133281.jpg
2620.076171875	0.0	image/493	493	1341479	train2017/000000379713.jpg
2621.662109375	0.0	image/502	502	1342291	train2017/000000120655.jpg
2622.466796875	0.0	image/570	570	1342703	train2017/000000400581.jpg
2623.298828125	0.0	image/484	484	1343129	train2017/000000114822.jpg
2624.109375	0.0	image/592	592	1343544	train2017/000000504289.jpg
2624.89453125	0.0	image/518	518	1343946	train2017/000000124711.jpg
2625.6796875	0.0	image/531	531	1344348	train2017/000000391754.jpg
2626.494140625	0.0	image/508	508	1344765	train2017/000000413472.jpg
2627.294921875	0.0	image/503	503	1345175	train2017/000000382890.jpg
2628.0625	0.0	image/557	557	1345568	train2017/000000022627.jpg
2629.634765625	0.0	image/495	495	1346373	train2017/000000380729.jpg
2630.4453125	0.0	image/582	582	1346788	train2017/000000140590.jpg
2631.267578125	0.0	image/532	532	1347209	train2017/000000130181.jpg
2632.064453125	0.0	image/515	515	1347617	train2017/000000123692.jpg
2632.8359375	0.0	image/575	575	1348012	train2017/000000139551.jpg
2633.646484375	0.0	image/576	576	1348427	train2017/000000401699.jpg
2634.4140625	0.0	image/498	498	1348820	train2017/000000119669.jpg
2635.21484375	0.0	image/598	598	1349230	train2017/000000405437.jpg
2635.986328125	0.0	image/588	588	1349625	train2017/000000403739.jpg
2636.783203125	0.0	image/490	490	1350033	train2017/000000116588.jpg
2637.56640625	0.0	image/484	484	1350434	train2017/000000114822.jpg
2638.33203125	0.0	image/505	505	1350826	train2017/000000120987.jpg
2639.115234375	0.0	image/530	530	1351227	train2017/000000391678.jpg
2639.8828125	0.0	image/497	497	1351620	train2017/000000282032.jpg
2640.6875	0.0	image/489	489	1352032	train2017/000000115967.jpg
2641.517578125	0.0	image/542	542	1352457	train2017/000000284089.jpg
2642.30078125	0.0	image/539	539	1352858	train2017/000000131011.jpg
2643.1171875	0.0	image/500	500	1353276	train2017/000000381961.jpg
2643.888671875	0.0	image/551	551	1353671	train2017/000000134169.jpg
2644.701171875	0.0	image/561	561	1354087	train2017/000000136142.jpg
2645.505859375	0.0	image/510	510	1354499	train2017/000000544738.jpg
2647.10546875	0.0	image/509	509	1355318	train2017/000000384235.jpg
2647.90625	0.0	image/553	553	1355728	train2017/000000134562.jpg
2648.69140625	0.0	image/501	501	1356130	train2017/000000353175.jpg
2649.51953125	0.0	image/518	518	1356554	train2017/000000124711.jpg
2650.28515625	0.0	image/579	579	1356946	train2017/000000139815.jpg
2651.087890625	0.0	image/538	538	1357357	train2017/000000130973.jpg
2651.8515625	0.0	image/589	589	1357748	train2017/000000403789.jpg
2652.62109375	0.0	image/548	548	1358142	train2017/000000395775.jpg
2654.19140625	0.0	image/522	522	1358946	train2017/000000125586.jpg
2655.001953125	0.0	image/482	482	1359361	train2017/000000376643.jpg
2655.76953125	0.0	image/550	550	1359754	train2017/000000066014.jpg
2657.359375	0.0	image/535	535	1360568	train2017/000000392851.jpg
2658.158203125	0.0	image/517	517	1360977	train2017/000000123891.jpg
2658.943359375	0.0	image/586	586	1361379	train2017/000000154556.jpg
2659.740234375	0.0	image/592	592	1361787	train2017/000000504289.jpg
2660.560546875	0.0	image/558	558	1362207	train2017/000000398083.jpg
2661.34375	0.0	image/524	524	1362608	train2017/000000125725.jpg
2662.171875	0.0	image/552	552	1363032	train2017/000000396550.jpg
2662.9609375	0.0	image/529	529	1363436	train2017/000000129060.jpg
2663.755859375	0.0	image/571	571	1363843	train2017/000000229233.jpg
2664.544921875	0.0	image/583	583	1364247	train2017/000000198195.jpg
2665.341796875	0.0	image/547	547	1364655	train2017/000000395758.jpg
2666.11328125	0.0	image/486	486	1365050	train2017/000000377703.jpg
2666.923828125	0.0	image/481	481	1365465	train2017/000000114274.jpg
2667.744140625	0.0	image/567	567	1365885	train2017/000000137706.jpg
2668.57421875	0.0	image/499	499	1366310	train2017/000000575164.jpg
2669.36328125	0.0	image/507	507	1366714	train2017/000000383652.jpg
2670.94140625	0.0	image/526	526	1367522	train2017/000000389582.jpg
2671.7421875	0.0	image/564	564	1367932	train2017/000000399162.jpg
2672.546875	0.0	image/488	488	1368344	train2017/000000115649.jpg
2673.33984375	0.0	image/548	548	1368750	train2017/000000395775.jpg
2674.142578125	0.0	image/587	587	1369161	train2017/000000403535.jpg
2674.94921875	0.0	image/590	590	1369574	train2017/000000404007.jpg
2675.732421875	0.0	image/485	485	1369975	train2017/000000377576.jpg
2676.509765625	0.0	image/482	482	1370373	train2017/000000376643.jpg
2677.31640625	0.0	image/506	506	1370786	train2017/000000383641.jpg
2678.099609375	0.0	image/578	578	1371187	train2017/000000401720.jpg
2678.916015625	0.0	image/539	539	1371605	train2017/000000131011.jpg
2679.712890625	0.0	image/556	556	1372013	train2017/000000135316.jpg
2680.52734375	0.0	image/568	568	1372430	train2017/000000399984.jpg
2681.333984375	0.0	image/494	494	1372843	train2017/000000380227.jpg
2682.927734375	0.0	image/535	535	1373659	train2017/000000392851.jpg
2683.7109375	0.0	image/536	536	1374060	train2017/000000196584.jpg
2684.517578125	0.0	image/570	570	1374473	train2017/000000400581.jpg
2685.318359375	0.0	image/591	591	1374883	train2017/000000404282.jpg
2686.11328125	0.0	image/498	498	1375290	train2017/000000119669.jpg
2687.728515625	0.0	image/527	527	1376117	train2017/000000390120.jpg
2688.53515625	0.0	image/582	582	1376530	train2017/000000140590.jpg
2689.3359375	0.0	image/591	591	1376940	train2017/000000404282.jpg
2690.115234375	0.0	image/597	597	1377339	train2017/000000143245.jpg
2690.90234375	0.0	image/485	485	1377742	train2017/000000377576.jpg
2691.703125	0.0	image/567	567	1378152	train2017/000000137706.jpg
2692.48046875	0.0	image/565	565	1378550	train2017/000000197656.jpg
2694.099609375	0.0	image/491	491	1379379	train2017/000000116603.jpg
2694.8828125	0.0	image/559	559	1379780	train2017/000000135965.jpg
2695.701171875	0.0	image/597	597	1380199	train2017/000000143245.jpg
2697.3046875	0.0	image/587	587	1381020	train2017/000000403535.jpg
2698.08203125	0.0	image/554	554	1381418	train2017/000000135032.jpg
2698.873046875	0.0	image/483	483	1381823	train2017/000000376858.jpg
2699.65625	0.0	image/521	521	1382224	train2017/000000387318.jpg
2700.44921875	0.0	image/573	573	1382630	train2017/000000138904.jpg
2701.21875	0.0	image/590	590	1383024	train2017/000000404007.jpg
2702.005859375	0.0	image/600	600	1383427	train2017/000000143420.jpg
2702.81640625	0.0	image/594	594	1383842	train2017/000000404823.jpg
2704.423828125	0.0	image/510	510	1384665	train2017/000000544738.jpg
2705.20703125	0.0	image/599	599	1385066	train2017/000000388853.jpg
2706.82421875	0.0	image/549	549	1385894	train2017/000000197068.jpg
2707.638671875	0.0	image/486	486	1386311	train2017/000000377703.jpg
2708.40234375	0.0	image/488	488	1386702	train2017/000000115649.jpg
2709.19140625	0.0	image/503	503	1387106	train2017/000000382890.jpg
2709.974609375	0.0	image/513	513	1387507	train2017/000000282631.jpg
2710.775390625	0.0	image/500	500	1387917	train2017/000000381961.jpg
2711.576171875	0.0	image/596	596	1388327	train2017/000000405215.jpg
2712.392578125	0.0	image/491	491	1388745	train2017/000000116603.jpg
2713.1875	0.0	image/534	534	1389152	train2017/000000130681.jpg
2714.009765625	0.0	image/544	544	1389573	train2017/000000394008.jpg
2714.84375	0.0	image/499	499	1390000	train2017/000000575164.jpg
2715.626953125	0.0	image/586	586	1390401	train2017/000000154556.jpg
2716.4375	0.0	image/526	526	1390816	train2017/000000389582.jpg
2717.26171875	0.0	image/505	505	1391238	train2017/000000120987.jpg
2718.087890625	0.0	image/509	509	1391661	train2017/000000384235.jpg
2718.912109375	0.0	image/561	561	1392083	train2017/000000136142.jpg
2719.72265625	0.0	image/523	523	1392498	train2017/000000125703.jpg
2720.54296875	0.0	image/577	577	1392918	train2017/000000139561.jpg
2721.328125	0.0	image/588	588	1393320	train2017/000000403739.jpg
2722.123046875	0.0	image/534	534	1393727	train2017/000000130681.jpg
2722.890625	0.0	image/589	589	1394120	train2017/000000403789.jpg
2723.712890625	0.0	image/492	492	1394541	train2017/000000150636.jpg
2724.49609375	0.0	image/555	555	1394942	train2017/000000397192.jpg
2725.330078125	0.0	image/481	481	1395369	train2017/000000114274.jpg
2726.11328125	0.0	image/555	555	1395770	train2017/000000397192.jpg
2726.890625	0.0	image/501	501	1396168	train2017/000000353175.jpg
2727.6640625	0.0	image/543	543	1396564	train2017/000000131763.jpg
2728.498046875	0.0	image/578	578	1396991	train2017/000000401720.jpg
2729.275390625	0.0	image/492	492	1397389	train2017/000000150636.jpg
2730.05859375	0.0	image/513	513	1397790	train2017/000000282631.jpg
2730.84375	0.0	image/563	563	1398192	train2017/000000398540.jpg
2731.666015625	0.0	image/520	520	1398613	train2017/000000125042.jpg
2732.474609375	0.0	image/533	533	1399027	train2017/000000392556.jpg
2733.298828125	0.0	image/531	531	1399449	train2017/000000391754.jpg
2734.09375	0.0	image/511	511	1399856	train2017/000000122776.jpg
2734.8984375	0.0	image/525	525	1400268	train2017/000000388980.jpg
2735.7265625	0.0	image/566	566	1400692	train2017/000000399835.jpg
2736.529296875	0.0	image/552	552	1401103	train2017/000000396550.jpg
2737.333984375	0.0	image/576	576	1401515	train2017/000000401699.jpg
2738.11328125	0.0	image/581	581	1401914	train2017/000000402199.jpg
2738.927734375	0.0	image/529	529	1402331	train2017/000000129060.jpg
2739.701171875	0.0	image/530	530	1402727	train2017/000000391678.jpg
2740.525390625	0.0	image/566	566	1403149	train2017/000000399835.jpg
2741.29296875	0.0	image/565	565	1403542	train2017/000000197656.jpg
2742.1015625	0.0	image/516	516	1403956	train2017/000000385864.jpg
2742.884765625	0.0	image/515	515	1404357	train2017/000000123692.jpg
2743.69921875	0.0	image/537	537	1404774	train2017/000000371353.jpg
2745.302734375	0.0	image/569	569	1405595	train2017/000000138153.jpg
2746.103515625	0.0	image/560	560	1406005	train2017/000000136111.jpg
2746.935546875	0.0	image/496	496	1406431	train2017/000000380989.jpg
2747.75	0.0	image/489	489	1406848	train2017/000000115967.jpg
2748.552734375	0.0	image/516	516	1407259	train2017/000000385864.jpg
2749.37109375	0.0	image/572	572	1407678	train2017/000000138785.jpg
2750.205078125	0.0	image/502	502	1408105	train2017/000000120655.jpg
2751.021484375	0.0	image/584	584	1408523	train2017/000000285588.jpg
2751.8046875	0.0	image/574	574	1408924	train2017/000000139344.jpg
2753.421875	0.0	image/551	551	1409752	train2017/000000134169.jpg
2754.236328125	0.0	image/596	596	1410169	train2017/000000405215.jpg
2755.037109375	0.0	image/553	553	1410579	train2017/000000134562.jpg
2755.85546875	0.0	image/574	574	1410998	train2017/000000139344.jpg
2756.673828125	0.0	image/595	595	1411417	train2017/000000142803.jpg
2757.45703125	0.0	image/524	524	1411818	train2017/000000125725.jpg
2758.255859375	0.0	image/584	584	1412227	train2017/000000285588.jpg
2759.068359375	0.0	image/579	579	1412643	train2017/000000139815.jpg
2759.890625	0.0	image/599	599	1413064	train2017/000000388853.jpg
2760.673828125	0.0	image/572	572	1413465	train2017/000000138785.jpg
2761.474609375	0.0	image/598	598	1413875	train2017/000000405437.jpg
2762.251953125	0.0	image/564	564	1414273	train2017/000000399162.jpg
2763.05859375	0.0	image/522	522	1414686	train2017/000000125586.jpg
2764.642578125	0.0	image/507	507	1415497	train2017/000000383652.jpg
2765.458984375	0.0	image/483	483	1415915	train2017/000000376858.jpg
2766.29296875	0.0	image/490	490	1416342	train2017/000000116588.jpg
2767.109375	0.0	image/568	568	1416760	train2017/000000399984.jpg
2767.892578125	0.0	image/504	504	1417161	train2017/000000382951.jpg
2769.48828125	0.0	image/514	514	1417978	train2017/000000282707.jpg
2770.287109375	0.0	image/545	545	1418387	train2017/000000131967.jpg
2771.08984375	0.0	image/521	521	1418798	train2017/000000387318.jpg
2771.876953125	0.0	image/559	559	1419201	train2017/000000135965.jpg
2773.4609375	0.0	image/563	563	1420012	train2017/000000398540.jpg
2774.294921875	0.0	image/571	571	1420439	train2017/000000229233.jpg
2775.08984375	0.0	image/487	487	1420846	train2017/000000115637.jpg
2775.85546875	0.0	image/562	562	1421238	train2017/000000022696.jpg
2776.62890625	0.0	image/573	573	1421634	train2017/000000138904.jpg
2777.4296875	0.0	image/497	497	1422044	train2017/000000282032.jpg
2778.240234375	0.0	image/540	540	1422459	train2017/000000021826.jpg
2779.0078125	0.0	image/547	547	1422852	train2017/000000395758.jpg
2779.8125	0.0	image/519	519	1423264	train2017/000000124747.jpg
2780.640625	0.0	image/558	558	1423688	train2017/000000398083.jpg
2781.4296875	0.0	image/594	594	1424092	train2017/000000404823.jpg
2782.212890625	0.0	image/542	542	1424493	train2017/000000284089.jpg
2783.041015625	0.0	image/494	494	1424917	train2017/000000380227.jpg
2783.84765625	0.0	image/545	545	1425330	train2017/000000131967.jpg
2785.412109375	0.0	image/517	517	1426131	train2017/000000123891.jpg
2786.232421875	0.0	image/536	536	1426551	train2017/000000196584.jpg
2787.015625	0.0	image/544	544	1426952	train2017/000000394008.jpg
2788.58203125	0.0	image/575	575	1427754	train2017/000000139551.jpg
2789.392578125	0.0	image/546	546	1428169	train2017/000000133281.jpg
2790.2109375	0.0	image/593	593	1428588	train2017/000000196777.jpg
2791.80078125	0.0	image/562	562	1429402	train2017/000000022696.jpg
2792.595703125	0.0	image/506	506	1429809	train2017/000000383641.jpg
2793.361328125	0.0	image/538	538	1430201	train2017/000000130973.jpg
2794.150390625	0.0	image/580	580	1430605	train2017/000000402057.jpg
2794.951171875	0.0	image/523	523	1431015	train2017/000000125703.jpg
2795.748046875	0.0	image/541	541	1431423	train2017/000000131524.jpg
2797.369140625	0.0	image/550	550	1432253	train2017/000000066014.jpg
2798.16796875	0.0	image/585	585	1432662	train2017/000000140724.jpg
2798.953125	0.0	image/549	549	1433064	train2017/000000197068.jpg
2800.546875	0.0	image/556	556	1433880	train2017/000000135316.jpg
2801.369140625	0.0	image/512	512	1434301	train2017/000000122811.jpg
2802.169921875	0.0	image/577	577	1434711	train2017/000000139561.jpg
2802.986328125	0.0	image/541	541	1435129	train2017/000000131524.jpg
2803.765625	0.0	image/581	581	1435528	train2017/000000402199.jpg
2804.53125	0.0	image/593	593	1435920	train2017/000000196777.jpg
2805.31640625	0.0	image/528	528	1436322	train2017/000000239828.jpg
2806.09765625	0.0	image/512	512	1436722	train2017/000000122811.jpg
2806.87109375	0.0	image/585	585	1437118	train2017/000000140724.jpg
2807.654296875	0.0	image/580	580	1437519	train2017/000000402057.jpg
2808.431640625	0.0	image/569	569	1437917	train2017/000000138153.jpg
2809.255859375	0.0	image/543	543	1438339	train2017/000000131763.jpg
2810.06640625	0.0	image/533	533	1438754	train2017/000000392556.jpg
2810.849609375	0.0	image/514	514	1439155	train2017/000000282707.jpg
2811.671875	0.0	image/540	540	1439576	train2017/000000021826.jpg
2812.45703125	0.0	image/493	493	1439978	train2017/000000379713.jpg
2813.236328125	0.0	image/495	495	1440377	train2017/000000380729.jpg
2814.0390625	0.0	image/504	504	1440788	train2017/000000382951.jpg
2814.8515625	0.0	image/528	528	1441204	train2017/000000239828.jpg
2815.640625	0.0	image/487	487	1441608	train2017/000000115637.jpg
2816.45703125	0.0	image/519	519	1442026	train2017/000000124747.jpg
2817.2734375	0.0	image/554	554	1442444	train2017/000000135032.jpg
2818.875	0.0	image/525	525	1443264	train2017/000000388980.jpg
2819.671875	0.0	image/583	583	1443672	train2017/000000198195.jpg
2820.474609375	0.0	image/537	537	1444083	train2017/000000371353.jpg
2821.26953125	0.0	image/557	557	1444490	train2017/000000022627.jpg
2822.876953125	0.0	image/600	600	1445313	train2017/000000143420.jpg
2829.9140625	0.0	image/684	684	1448916	train2017/000000166489.jpg
2830.74609375	0.0	image/708	708	1449342	train2017/000000174213.jpg
2831.546875	0.0	image/647	647	1449752	train2017/000000417264.jpg
2833.130859375	0.0	image/610	610	1450563	train2017/000000146256.jpg
2834.748046875	0.0	image/648	648	1451391	train2017/000000417700.jpg
2835.51171875	0.0	image/680	680	1451782	train2017/000000485595.jpg
2836.298828125	0.0	image/688	688	1452185	train2017/000000166764.jpg
2837.109375	0.0	image/640	640	1452600	train2017/000000162230.jpg
2838.732421875	0.0	image/603	603	1453431	train2017/000000144193.jpg
2840.283203125	0.0	image/680	680	1454225	train2017/000000485595.jpg
2841.083984375	0.0	image/682	682	1454635	train2017/000000014269.jpg
2841.876953125	0.0	image/702	702	1455041	train2017/000000171328.jpg
2842.666015625	0.0	image/616	616	1455445	train2017/000000149221.jpg
2843.451171875	0.0	image/621	621	1455847	train2017/000000150196.jpg
2844.228515625	0.0	image/693	693	1456245	train2017/000000431764.jpg
2845.0	0.0	image/647	647	1456640	train2017/000000417264.jpg
2845.796875	0.0	image/668	668	1457048	train2017/000000423222.jpg
2846.6171875	0.0	image/655	655	1457468	train2017/000000157181.jpg
2847.416015625	0.0	image/604	604	1457877	train2017/000000406445.jpg
2848.21875	0.0	image/696	696	1458288	train2017/000000028367.jpg
2849.044921875	0.0	image/677	677	1458711	train2017/000000425712.jpg
2850.65234375	0.0	image/678	678	1459534	train2017/000000164502.jpg
2851.453125	0.0	image/695	695	1459944	train2017/000000284987.jpg
2852.287109375	0.0	image/611	611	1460371	train2017/000000408922.jpg
2853.0703125	0.0	image/691	691	1460772	train2017/000000168690.jpg
2853.880859375	0.0	image/706	706	1461187	train2017/000000435902.jpg
2854.703125	0.0	image/637	637	1461608	train2017/000000506039.jpg
2855.498046875	0.0	image/692	692	1462015	train2017/000000169262.jpg
2856.3046875	0.0	image/688	688	1462428	train2017/000000166764.jpg
2857.138671875	0.0	image/715	715	1462855	train2017/000000175715.jpg
2857.91796875	0.0	image/624	624	1463254	train2017/000000412857.jpg
2858.705078125	0.0	image/626	626	1463657	train2017/000000412922.jpg
2859.515625	0.0	image/617	617	1464072	train2017/000000411475.jpg
2860.337890625	0.0	image/666	666	1464493	train2017/000000161062.jpg
2861.138671875	0.0	image/644	644	1464903	train2017/000000154207.jpg
2861.966796875	0.0	image/701	701	1465327	train2017/000000079701.jpg
2862.78125	0.0	image/717	717	1465744	train2017/000000438154.jpg
2863.546875	0.0	image/679	679	1466136	train2017/000000164564.jpg
2864.3046875	0.0	image/699	699	1466524	train2017/000000170917.jpg
2865.1015625	0.0	image/603	603	1466932	train2017/000000144193.jpg
2865.923828125	0.0	image/652	652	1467353	train2017/000000113449.jpg
2866.71875	0.0	image/686	686	1467760	train2017/000000428691.jpg
2868.341796875	0.0	image/696	696	1468591	train2017/000000028367.jpg
2869.15234375	0.0	image/637	637	1469006	train2017/000000506039.jpg
2869.970703125	0.0	image/709	709	1469425	train2017/000000174303.jpg
2870.76171875	0.0	image/652	652	1469830	train2017/000000113449.jpg
2871.572265625	0.0	image/623	623	1470245	train2017/000000412855.jpg
2872.38671875	0.0	image/664	664	1470662	train2017/000000551063.jpg
2873.169921875	0.0	image/718	718	1471063	train2017/000000176085.jpg
2873.9765625	0.0	image/602	602	1471476	train2017/000000406292.jpg
2875.576171875	0.0	image/716	716	1472295	train2017/000000437967.jpg
2876.41015625	0.0	image/608	608	1472722	train2017/000000024287.jpg
2877.955078125	0.0	image/628	628	1473513	train2017/000000151163.jpg
2878.76171875	0.0	image/673	673	1473926	train2017/000000424138.jpg
2879.5546875	0.0	image/687	687	1474332	train2017/000000428726.jpg
2880.328125	0.0	image/630	630	1474728	train2017/000000462134.jpg
2881.14453125	0.0	image/626	626	1475146	train2017/000000412922.jpg
2882.689453125	0.0	image/719	719	1475937	train2017/000000438751.jpg
2883.49609375	0.0	image/665	665	1476350	train2017/000000160735.jpg
2884.3125	0.0	image/660	660	1476768	train2017/000000422268.jpg
2885.10546875	0.0	image/710	710	1477174	train2017/000000436578.jpg
2885.87890625	0.0	image/720	720	1477570	train2017/000000176728.jpg
2886.6796875	0.0	image/633	633	1477980	train2017/000000414176.jpg
2887.474609375	0.0	image/614	614	1478387	train2017/000000147694.jpg
2888.296875	0.0	image/605	605	1478808	train2017/000000406595.jpg
2889.125	0.0	image/702	702	1479232	train2017/000000171328.jpg
2889.892578125	0.0	image/687	687	1479625	train2017/000000428726.jpg
2890.677734375	0.0	image/607	607	1480027	train2017/000000461187.jpg
2891.46484375	0.0	image/685	685	1480430	train2017/000000166504.jpg
2892.248046875	0.0	image/666	666	1480831	train2017/000000161062.jpg
2893.05859375	0.0	image/695	695	1481246	train2017/000000284987.jpg
2893.8828125	0.0	image/675	675	1481668	train2017/000000163250.jpg
2894.666015625	0.0	image/682	682	1482069	train2017/000000014269.jpg
2895.4453125	0.0	image/684	684	1482468	train2017/000000166489.jpg
2896.26171875	0.0	image/706	706	1482886	train2017/000000435902.jpg
2897.0625	0.0	image/619	619	1483296	train2017/000000149810.jpg
2897.87890625	0.0	image/622	622	1483714	train2017/000000150559.jpg
2898.68359375	0.0	image/672	672	1484126	train2017/000000424110.jpg
2899.49609375	0.0	image/697	697	1484542	train2017/000000433019.jpg
2900.30078125	0.0	image/689	689	1484954	train2017/000000508456.jpg
2901.083984375	0.0	image/601	601	1485355	train2017/000000143594.jpg
2901.896484375	0.0	image/683	683	1485771	train2017/000000428605.jpg
2902.712890625	0.0	image/646	646	1486189	train2017/000000417141.jpg
2903.49609375	0.0	image/625	625	1486590	train2017/000000369367.jpg
2904.298828125	0.0	image/667	667	1487001	train2017/000000423209.jpg
2905.080078125	0.0	image/650	650	1487401	train2017/000000419212.jpg
2906.65234375	0.0	image/654	654	1488206	train2017/000000157125.jpg
2907.44921875	0.0	image/638	638	1488614	train2017/000000414853.jpg
2908.25390625	0.0	image/705	705	1489026	train2017/000000028930.jpg
2909.029296875	0.0	image/654	654	1489423	train2017/000000157125.jpg
2909.802734375	0.0	image/713	713	1489819	train2017/000000291280.jpg
2911.404296875	0.0	image/645	645	1490639	train2017/000000416972.jpg
2912.181640625	0.0	image/615	615	1491037	train2017/000000148263.jpg
2912.94921875	0.0	image/612	612	1491430	train2017/000000408965.jpg
2913.771484375	0.0	image/655	655	1491851	train2017/000000157181.jpg
2914.583984375	0.0	image/657	657	1492267	train2017/000000419586.jpg
2915.3984375	0.0	image/719	719	1492684	train2017/000000438751.jpg
2916.984375	0.0	image/703	703	1493496	train2017/000000171374.jpg
2917.75	0.0	image/699	699	1493888	train2017/000000170917.jpg
2918.572265625	0.0	image/709	709	1494309	train2017/000000174303.jpg
2919.400390625	0.0	image/718	718	1494733	train2017/000000176085.jpg
2921.0234375	0.0	image/676	676	1495564	train2017/000000163263.jpg
2922.607421875	0.0	image/705	705	1496375	train2017/000000028930.jpg
2923.41796875	0.0	image/649	649	1496790	train2017/000000418115.jpg
2924.224609375	0.0	image/612	612	1497203	train2017/000000408965.jpg
2925.03515625	0.0	image/670	670	1497618	train2017/000000423488.jpg
2925.841796875	0.0	image/634	634	1498031	train2017/000000152273.jpg
2926.642578125	0.0	image/633	633	1498441	train2017/000000414176.jpg
2928.2421875	0.0	image/656	656	1499260	train2017/000000157342.jpg
2929.052734375	0.0	image/711	711	1499675	train2017/000000174504.jpg
2929.837890625	0.0	image/604	604	1500077	train2017/000000406445.jpg
2930.62109375	0.0	image/692	692	1500478	train2017/000000169262.jpg
2931.439453125	0.0	image/694	694	1500897	train2017/000000431825.jpg
2932.22265625	0.0	image/645	645	1501298	train2017/000000416972.jpg
2933.060546875	0.0	image/629	629	1501727	train2017/000000151307.jpg
2933.837890625	0.0	image/649	649	1502125	train2017/000000418115.jpg
2934.65625	0.0	image/608	608	1502544	train2017/000000024287.jpg
2935.4453125	0.0	image/691	691	1502948	train2017/000000168690.jpg
2936.23828125	0.0	image/690	690	1503354	train2017/000000043829.jpg
2937.0390625	0.0	image/634	634	1503764	train2017/000000152273.jpg
2938.62890625	0.0	image/707	707	1504578	train2017/000000173987.jpg
2939.45703125	0.0	image/617	617	1505002	train2017/000000411475.jpg
2940.259765625	0.0	image/712	712	1505413	train2017/000000174522.jpg
2941.0234375	0.0	image/674	674	1505804	train2017/000000425135.jpg
2941.791015625	0.0	image/704	704	1506197	train2017/000000420713.jpg
2942.576171875	0.0	image/683	683	1506599	train2017/000000428605.jpg
2943.36328125	0.0	image/635	635	1507002	train2017/000000152328.jpg
2944.98046875	0.0	image/627	627	1507830	train2017/000000150931.jpg
2945.810546875	0.0	image/616	616	1508255	train2017/000000149221.jpg
2946.626953125	0.0	image/697	697	1508673	train2017/000000433019.jpg
2947.392578125	0.0	image/708	708	1509065	train2017/000000174213.jpg
2948.1640625	0.0	image/630	630	1509460	train2017/000000462134.jpg
2948.943359375	0.0	image/623	623	1509859	train2017/000000412855.jpg
2949.7265625	0.0	image/713	713	1510260	train2017/000000291280.jpg
2950.494140625	0.0	image/642	642	1510653	train2017/000000154011.jpg
2951.298828125	0.0	image/607	607	1511065	train2017/000000461187.jpg
2952.08203125	0.0	image/605	605	1511466	train2017/000000406595.jpg
2952.861328125	0.0	image/704	704	1511865	train2017/000000420713.jpg
2953.646484375	0.0	image/614	614	1512267	train2017/000000147694.jpg
2954.466796875	0.0	image/628	628	1512687	train2017/000000151163.jpg
2955.244140625	0.0	image/669	669	1513085	train2017/000000161328.jpg
2956.02734375	0.0	image/622	622	1513486	train2017/000000150559.jpg
2956.8515625	0.0	image/643	643	1513908	train2017/000000416279.jpg
2957.6640625	0.0	image/714	714	1514324	train2017/000000437516.jpg
2958.4296875	0.0	image/618	618	1514716	train2017/000000149791.jpg
2959.234375	0.0	image/698	698	1515128	train2017/000000433021.jpg
2960.046875	0.0	image/659	659	1515544	train2017/000000159680.jpg
2960.830078125	0.0	image/613	613	1515945	train2017/000000147331.jpg
2961.63671875	0.0	image/712	712	1516358	train2017/000000174522.jpg
2962.431640625	0.0	image/669	669	1516765	train2017/000000161328.jpg
2963.251953125	0.0	image/609	609	1517185	train2017/000000504888.jpg
2964.03125	0.0	image/631	631	1517584	train2017/000000151414.jpg
2964.83203125	0.0	image/632	632	1517994	train2017/000000068996.jpg
2965.59765625	0.0	image/698	698	1518386	train2017/000000433021.jpg
2966.404296875	0.0	image/601	601	1518799	train2017/000000143594.jpg
2967.21484375	0.0	image/611	611	1519214	train2017/000000408922.jpg
2967.982421875	0.0	image/641	641	1519607	train2017/000000415608.jpg
2968.8046875	0.0	image/685	685	1520028	train2017/000000166504.jpg
2969.62890625	0.0	image/700	700	1520450	train2017/000000170968.jpg
2970.41796875	0.0	image/657	657	1520854	train2017/000000419586.jpg
2971.22265625	0.0	image/639	639	1521266	train2017/000000415026.jpg
2972.03515625	0.0	image/643	643	1521682	train2017/000000416279.jpg
2972.83984375	0.0	image/618	618	1522094	train2017/000000149791.jpg
2973.623046875	0.0	image/619	619	1522495	train2017/000000149810.jpg
2974.455078125	0.0	image/620	620	1522921	train2017/000000153394.jpg
2975.283203125	0.0	image/621	621	1523345	train2017/000000150196.jpg
2976.10546875	0.0	image/707	707	1523766	train2017/000000173987.jpg
2976.939453125	0.0	image/615	615	1524193	train2017/000000148263.jpg
2977.71875	0.0	image/661	661	1524592	train2017/000000160142.jpg
2978.5234375	0.0	image/656	656	1525004	train2017/000000157342.jpg
2979.3359375	0.0	image/672	672	1525420	train2017/000000424110.jpg
2980.1328125	0.0	image/716	716	1525828	train2017/000000437967.jpg
2980.953125	0.0	image/720	720	1526248	train2017/000000176728.jpg
2981.720703125	0.0	image/625	625	1526641	train2017/000000369367.jpg
2982.50390625	0.0	image/715	715	1527042	train2017/000000175715.jpg
2983.326171875	0.0	image/620	620	1527463	train2017/000000153394.jpg
2984.103515625	0.0	image/635	635	1527861	train2017/000000152328.jpg
2984.92578125	0.0	image/681	681	1528282	train2017/000000427729.jpg
2985.7421875	0.0	image/703	703	1528700	train2017/000000171374.jpg
2986.556640625	0.0	image/639	639	1529117	train2017/000000415026.jpg
2987.37890625	0.0	image/610	610	1529538	train2017/000000146256.jpg
2989.01171875	0.0	image/631	631	1530374	train2017/000000151414.jpg
2989.822265625	0.0	image/717	717	1530789	train2017/000000438154.jpg
2990.587890625	0.0	image/613	613	1531181	train2017/000000147331.jpg
2991.361328125	0.0	image/663	663	1531577	train2017/000000463620.jpg
2992.189453125	0.0	image/624	624	1532001	train2017/000000412857.jpg
2992.97265625	0.0	image/653	653	1532402	train2017/000000157119.jpg
2993.740234375	0.0	image/673	673	1532795	train2017/000000424138.jpg
2994.5625	0.0	image/667	667	1533216	train2017/000000423209.jpg
2995.341796875	0.0	image/690	690	1533615	train2017/000000043829.jpg
2996.146484375	0.0	image/689	689	1534027	train2017/000000508456.jpg
2996.947265625	0.0	image/632	632	1534437	train2017/000000068996.jpg
2997.7578125	0.0	image/710	710	1534852	train2017/000000436578.jpg
2998.564453125	0.0	image/602	602	1535265	train2017/000000406292.jpg
2999.375	0.0	image/644	644	1535680	train2017/000000154207.jpg
3000.158203125	0.0	image/670	670	1536081	train2017/000000423488.jpg
3000.947265625	0.0	image/671	671	1536485	train2017/000000161836.jpg
3001.76171875	0.0	image/677	677	1536902	train2017/000000425712.jpg
3002.57421875	0.0	image/668	668	1537318	train2017/000000423222.jpg
3003.380859375	0.0	image/676	676	1537731	train2017/000000163263.jpg
3004.193359375	0.0	image/678	678	1538147	train2017/000000164502.jpg
3004.9765625	0.0	image/671	671	1538548	train2017/000000161836.jpg
3005.765625	0.0	image/700	700	1538952	train2017/000000170968.jpg
3006.548828125	0.0	image/693	693	1539353	train2017/000000431764.jpg
3008.166015625	0.0	image/629	629	1540181	train2017/000000151307.jpg
3008.9609375	0.0	image/665	665	1540588	train2017/000000160735.jpg
3009.783203125	0.0	image/714	714	1541009	train2017/000000437516.jpg
3010.5625	0.0	image/606	606	1541408	train2017/000000407778.jpg
3011.384765625	0.0	image/681	681	1541829	train2017/000000427729.jpg
3012.966796875	0.0	image/659	659	1542639	train2017/000000159680.jpg
3013.74609375	0.0	image/640	640	1543038	train2017/000000162230.jpg
3015.318359375	0.0	image/641	641	1543843	train2017/000000415608.jpg
3016.130859375	0.0	image/648	648	1544259	train2017/000000417700.jpg
3016.9296875	0.0	image/664	664	1544668	train2017/000000551063.jpg
3017.71484375	0.0	image/674	674	1545070	train2017/000000425135.jpg
3018.513671875	0.0	image/646	646	1545479	train2017/000000417141.jpg
3019.287109375	0.0	image/701	701	1545875	train2017/000000079701.jpg
3020.12109375	0.0	image/686	686	1546302	train2017/000000428691.jpg
3020.904296875	0.0	image/636	636	1546703	train2017/000000549729.jpg
3021.697265625	0.0	image/651	651	1547109	train2017/000000156084.jpg
3022.466796875	0.0	image/694	694	1547503	train2017/000000431825.jpg
3023.283203125	0.0	image/627	627	1547921	train2017/000000150931.jpg
3024.064453125	0.0	image/651	651	1548321	train2017/000000156084.jpg
3025.671875	0.0	image/642	642	1549144	train2017/000000154011.jpg
3026.451171875	0.0	image/638	638	1549543	train2017/000000414853.jpg
3027.216796875	0.0	image/658	658	1549935	train2017/000000563961.jpg
3027.982421875	0.0	image/653	653	1550327	train2017/000000157119.jpg
3028.767578125	0.0	image/663	663	1550729	train2017/000000463620.jpg
3029.568359375	0.0	image/679	679	1551139	train2017/000000164564.jpg
3030.3671875	0.0	image/658	658	1551548	train2017/000000563961.jpg
3031.134765625	0.0	image/662	662	1551941	train2017/000000160181.jpg
3031.90625	0.0	image/636	636	1552336	train2017/000000549729.jpg
3032.734375	0.0	image/650	650	1552760	train2017/000000419212.jpg
3034.341796875	0.0	image/662	662	1553583	train2017/000000160181.jpg
3035.154296875	0.0	image/711	711	1553999	train2017/000000174504.jpg
3035.91796875	0.0	image/661	661	1554390	train2017/000000160142.jpg
3036.6875	0.0	image/606	606	1554784	train2017/000000407778.jpg
3037.501953125	0.0	image/609	609	1555201	train2017/000000504888.jpg
3038.32421875	0.0	image/660	660	1555622	train2017/000000422268.jpg
3039.142578125	0.0	image/675	675	1556041	train2017/000000163250.jpg
3047.251953125	0.0	image/784	784	1560193	train2017/000000455020.jpg
3048.0625	0.0	image/759	759	1560608	train2017/000000449914.jpg
3048.869140625	0.0	image/822	822	1561021	train2017/000000466265.jpg
3049.685546875	0.0	image/793	793	1561439	train2017/000000338439.jpg
3050.49609375	0.0	image/824	824	1561854	train2017/000000204806.jpg
3051.302734375	0.0	image/810	810	1562267	train2017/000000200391.jpg
3052.080078125	0.0	image/789	789	1562665	train2017/000000455657.jpg
3052.853515625	0.0	image/830	830	1563061	train2017/000000468825.jpg
3054.4375	0.0	image/795	795	1563872	train2017/000000195768.jpg
3055.232421875	0.0	image/789	789	1564279	train2017/000000455657.jpg
3056.8203125	0.0	image/797	797	1565092	train2017/000000458178.jpg
3057.6484375	0.0	image/812	812	1565516	train2017/000000201758.jpg
3058.44921875	0.0	image/775	775	1565926	train2017/000000453221.jpg
3059.220703125	0.0	image/738	738	1566321	train2017/000000204969.jpg
3060.80078125	0.0	image/829	829	1567130	train2017/000000206467.jpg
3061.58984375	0.0	image/821	821	1567534	train2017/000000077686.jpg
3062.421875	0.0	image/733	733	1567960	train2017/000000179914.jpg
3063.203125	0.0	image/835	835	1568360	train2017/000000129143.jpg
3064.0234375	0.0	image/810	810	1568780	train2017/000000200391.jpg
3064.822265625	0.0	image/747	747	1569189	train2017/000000183719.jpg
3066.40625	0.0	image/836	836	1570000	train2017/000000470907.jpg
3067.203125	0.0	image/787	787	1570408	train2017/000000193318.jpg
3068.0	0.0	image/733	733	1570816	train2017/000000179914.jpg
3068.791015625	0.0	image/800	800	1571221	train2017/000000458616.jpg
3069.591796875	0.0	image/774	774	1571631	train2017/000000191005.jpg
3070.408203125	0.0	image/740	740	1572049	train2017/000000161354.jpg
3071.208984375	0.0	image/726	726	1572459	train2017/000000178423.jpg
3072.0078125	0.0	image/792	792	1572868	train2017/000000194108.jpg
3072.8046875	0.0	image/791	791	1573276	train2017/000000194054.jpg
3073.591796875	0.0	image/838	838	1573679	train2017/000000208849.jpg
3074.376953125	0.0	image/834	834	1574081	train2017/000000469816.jpg
3075.1875	0.0	image/803	803	1574496	train2017/000000197401.jpg
3075.955078125	0.0	image/800	800	1574889	train2017/000000458616.jpg
3076.7265625	0.0	image/744	744	1575284	train2017/000000182799.jpg
3077.505859375	0.0	image/751	751	1575683	train2017/000000185225.jpg
3078.3046875	0.0	image/786	786	1576092	train2017/000000193023.jpg
3079.126953125	0.0	image/779	779	1576513	train2017/000000191740.jpg
3079.91015625	0.0	image/813	813	1576914	train2017/000000557920.jpg
3080.73828125	0.0	image/774	774	1577338	train2017/000000191005.jpg
3081.50390625	0.0	image/730	730	1577730	train2017/000000441172.jpg
3082.294921875	0.0	image/776	776	1578135	train2017/000000468771.jpg
3083.08984375	0.0	image/781	781	1578542	train2017/000000192631.jpg
3083.912109375	0.0	image/817	817	1578963	train2017/000000202805.jpg
3084.72265625	0.0	image/721	721	1579378	train2017/000000176873.jpg
3085.525390625	0.0	image/772	772	1579789	train2017/000000190487.jpg
3086.330078125	0.0	image/736	736	1580201	train2017/000000180609.jpg
3087.109375	0.0	image/767	767	1580600	train2017/000000189794.jpg
3087.908203125	0.0	image/785	785	1581009	train2017/000000119550.jpg
3088.712890625	0.0	image/777	777	1581421	train2017/000000453682.jpg
3089.525390625	0.0	image/738	738	1581837	train2017/000000204969.jpg
3090.326171875	0.0	image/762	762	1582247	train2017/000000188660.jpg
3091.115234375	0.0	image/735	735	1582651	train2017/000000180410.jpg
3091.943359375	0.0	image/839	839	1583075	train2017/000000209229.jpg
3092.765625	0.0	image/748	748	1583496	train2017/000000184822.jpg
3093.560546875	0.0	image/724	724	1583903	train2017/000000178031.jpg
3094.376953125	0.0	image/780	780	1584321	train2017/000000192576.jpg
3095.19921875	0.0	image/827	827	1584742	train2017/000000296474.jpg
3095.994140625	0.0	image/833	833	1585149	train2017/000000207549.jpg
3096.765625	0.0	image/791	791	1585544	train2017/000000194054.jpg
3097.560546875	0.0	image/825	825	1585951	train2017/000000467646.jpg
3098.34375	0.0	image/759	759	1586352	train2017/000000449914.jpg
3099.126953125	0.0	image/732	732	1586753	train2017/000000179480.jpg
3099.93359375	0.0	image/758	758	1587166	train2017/000000186828.jpg
3100.744140625	0.0	image/833	833	1587581	train2017/000000207549.jpg
3101.52734375	0.0	image/811	811	1587982	train2017/000000201722.jpg
3102.333984375	0.0	image/804	804	1588395	train2017/000000460236.jpg
3103.16015625	0.0	image/826	826	1588818	train2017/000000205875.jpg
3103.9296875	0.0	image/761	761	1589212	train2017/000000188225.jpg
3104.734375	0.0	image/795	795	1589624	train2017/000000195768.jpg
3105.564453125	0.0	image/769	769	1590049	train2017/000000189893.jpg
3106.3359375	0.0	image/832	832	1590444	train2017/000000203615.jpg
3107.12890625	0.0	image/745	745	1590850	train2017/000000445351.jpg
3107.919921875	0.0	image/799	799	1591255	train2017/000000196368.jpg
3109.552734375	0.0	image/752	752	1592091	train2017/000000036151.jpg
3111.169921875	0.0	image/748	748	1592919	train2017/000000184822.jpg
3111.962890625	0.0	image/721	721	1593325	train2017/000000176873.jpg
3112.732421875	0.0	image/827	827	1593719	train2017/000000296474.jpg
3113.5546875	0.0	image/835	835	1594140	train2017/000000129143.jpg
3114.3828125	0.0	image/782	782	1594564	train2017/000000454830.jpg
3115.1875	0.0	image/820	820	1594976	train2017/000000203937.jpg
3116.0	0.0	image/822	822	1595392	train2017/000000466265.jpg
3116.765625	0.0	image/768	768	1595784	train2017/000000189888.jpg
3117.5546875	0.0	image/763	763	1596188	train2017/000000450864.jpg
3118.349609375	0.0	image/730	730	1596595	train2017/000000441172.jpg
3119.1171875	0.0	image/722	722	1596988	train2017/000000073172.jpg
3119.900390625	0.0	image/740	740	1597389	train2017/000000161354.jpg
3120.66796875	0.0	image/831	831	1597782	train2017/000000469445.jpg
3122.306640625	0.0	image/814	814	1598621	train2017/000000201969.jpg
3123.140625	0.0	image/729	729	1599048	train2017/000000179019.jpg
3124.73828125	0.0	image/750	750	1599866	train2017/000000447182.jpg
3125.537109375	0.0	image/803	803	1600275	train2017/000000197401.jpg
3126.318359375	0.0	image/780	780	1600675	train2017/000000192576.jpg
3127.908203125	0.0	image/798	798	1601489	train2017/000000196365.jpg
3128.701171875	0.0	image/746	746	1601895	train2017/000000445726.jpg
3129.46875	0.0	image/821	821	1602288	train2017/000000077686.jpg
3130.236328125	0.0	image/749	749	1602681	train2017/000000447130.jpg
3131.005859375	0.0	image/771	771	1603075	train2017/000000190271.jpg
3131.77734375	0.0	image/840	840	1603470	train2017/000000471871.jpg
3132.576171875	0.0	image/825	825	1603879	train2017/000000467646.jpg
3133.373046875	0.0	image/828	828	1604287	train2017/000000468394.jpg
3134.15625	0.0	image/832	832	1604688	train2017/000000203615.jpg
3134.97265625	0.0	image/813	813	1605106	train2017/000000557920.jpg
3135.7890625	0.0	image/830	830	1605524	train2017/000000468825.jpg
3137.39453125	0.0	image/838	838	1606346	train2017/000000208849.jpg
3139.0234375	0.0	image/735	735	1607180	train2017/000000180410.jpg
3139.82421875	0.0	image/768	768	1607590	train2017/000000189888.jpg
3140.61328125	0.0	image/787	787	1607994	train2017/000000193318.jpg
3141.423828125	0.0	image/723	723	1608409	train2017/000000439241.jpg
3143.044921875	0.0	image/754	754	1609239	train2017/000000185888.jpg
3143.830078125	0.0	image/815	815	1609641	train2017/000000202050.jpg
3144.611328125	0.0	image/739	739	1610041	train2017/000000443575.jpg
3145.392578125	0.0	image/737	737	1610441	train2017/000000443377.jpg
3146.212890625	0.0	image/814	814	1610861	train2017/000000201969.jpg
3147.046875	0.0	image/805	805	1611288	train2017/000000460408.jpg
3147.875	0.0	image/781	781	1611712	train2017/000000192631.jpg
3148.681640625	0.0	image/796	796	1612125	train2017/000000338501.jpg
3149.4609375	0.0	image/823	823	1612524	train2017/000000204422.jpg
3150.228515625	0.0	image/729	729	1612917	train2017/000000179019.jpg
3150.9921875	0.0	image/806	806	1613308	train2017/000000198319.jpg
3151.77734375	0.0	image/727	727	1613710	train2017/000000440792.jpg
3152.58203125	0.0	image/829	829	1614122	train2017/000000206467.jpg
3153.400390625	0.0	image/731	731	1614541	train2017/000000179034.jpg
3154.19921875	0.0	image/808	808	1614950	train2017/000000461428.jpg
3155.029296875	0.0	image/818	818	1615375	train2017/000000465412.jpg
3155.828125	0.0	image/734	734	1615784	train2017/000000442489.jpg
3156.6171875	0.0	image/725	725	1616188	train2017/000000440334.jpg
3157.400390625	0.0	image/762	762	1616589	train2017/000000188660.jpg
3158.21484375	0.0	image/809	809	1617006	train2017/000000462505.jpg
3158.982421875	0.0	image/773	773	1617399	train2017/000000303133.jpg
3159.767578125	0.0	image/757	757	1617801	train2017/000000442666.jpg
3160.595703125	0.0	image/753	753	1618225	train2017/000000006178.jpg
3162.1796875	0.0	image/788	788	1619036	train2017/000000193373.jpg
3162.947265625	0.0	image/775	775	1619429	train2017/000000453221.jpg
3163.736328125	0.0	image/815	815	1619833	train2017/000000202050.jpg
3164.537109375	0.0	image/819	819	1620243	train2017/000000298139.jpg
3165.353515625	0.0	image/809	809	1620661	train2017/000000462505.jpg
3166.953125	0.0	image/754	754	1621480	train2017/000000185888.jpg
3167.76953125	0.0	image/772	772	1621898	train2017/000000190487.jpg
3168.5703125	0.0	image/737	737	1622308	train2017/000000443377.jpg
3169.380859375	0.0	image/734	734	1622723	train2017/000000442489.jpg
3170.205078125	0.0	image/756	756	1623145	train2017/000000448401.jpg
3171.0390625	0.0	image/731	731	1623572	train2017/000000179034.jpg
3171.833984375	0.0	image/837	837	1623979	train2017/000000208805.jpg
3172.62109375	0.0	image/764	764	1624382	train2017/000000450903.jpg
3173.455078125	0.0	image/806	806	1624809	train2017/000000198319.jpg
3174.2734375	0.0	image/752	752	1625228	train2017/000000036151.jpg
3175.05078125	0.0	image/742	742	1625626	train2017/000000181837.jpg
3175.8203125	0.0	image/767	767	1626020	train2017/000000189794.jpg
3176.63671875	0.0	image/799	799	1626438	train2017/000000196368.jpg
3177.423828125	0.0	image/745	745	1626841	train2017/000000445351.jpg
3178.2578125	0.0	image/831	831	1627268	train2017/000000469445.jpg
3179.08984375	0.0	image/816	816	1627694	train2017/000000464616.jpg
3179.90625	0.0	image/779	779	1628112	train2017/000000191740.jpg
3180.724609375	0.0	image/836	836	1628531	train2017/000000470907.jpg
3181.5546875	0.0	image/726	726	1628956	train2017/000000178423.jpg
3182.341796875	0.0	image/812	812	1629359	train2017/000000201758.jpg
3183.12109375	0.0	image/763	763	1629758	train2017/000000450864.jpg
3183.919921875	0.0	image/778	778	1630167	train2017/000000191686.jpg
3184.685546875	0.0	image/769	769	1630559	train2017/000000189893.jpg
3185.48828125	0.0	image/785	785	1630970	train2017/000000119550.jpg
3186.2890625	0.0	image/807	807	1631380	train2017/000000397815.jpg
3187.859375	0.0	image/828	828	1632184	train2017/000000468394.jpg
3188.64453125	0.0	image/823	823	1632586	train2017/000000204422.jpg
3189.4765625	0.0	image/742	742	1633012	train2017/000000181837.jpg
3190.27734375	0.0	image/793	793	1633422	train2017/000000338439.jpg
3191.060546875	0.0	image/786	786	1633823	train2017/000000193023.jpg
3191.85546875	0.0	image/747	747	1634230	train2017/000000183719.jpg
3192.658203125	0.0	image/757	757	1634641	train2017/000000442666.jpg
3193.439453125	0.0	image/755	755	1635041	train2017/000000055764.jpg
3194.2109375	0.0	image/805	805	1635436	train2017/000000460408.jpg
3195.005859375	0.0	image/792	792	1635843	train2017/000000194108.jpg
3196.580078125	0.0	image/755	755	1636649	train2017/000000055764.jpg
3197.357421875	0.0	image/783	783	1637047	train2017/000000454915.jpg
3198.142578125	0.0	image/817	817	1637449	train2017/000000202805.jpg
3198.962890625	0.0	image/766	766	1637869	train2017/000000451680.jpg
3199.796875	0.0	image/727	727	1638296	train2017/000000440792.jpg
3201.380859375	0.0	image/840	840	1639107	train2017/000000471871.jpg
3202.19140625	0.0	image/760	760	1639522	train2017/000000276853.jpg
3203.013671875	0.0	image/743	743	1639943	train2017/000000189388.jpg
3203.82421875	0.0	image/746	746	1640358	train2017/000000445726.jpg
3204.615234375	0.0	image/760	760	1640763	train2017/000000276853.jpg
3205.416015625	0.0	image/723	723	1641173	train2017/000000439241.jpg
3206.2265625	0.0	image/798	798	1641588	train2017/000000196365.jpg
3206.99609375	0.0	image/749	749	1641982	train2017/000000447130.jpg
3207.783203125	0.0	image/808	808	1642385	train2017/000000461428.jpg
3208.56640625	0.0	image/802	802	1642786	train2017/000000197118.jpg
3209.36328125	0.0	image/804	804	1643194	train2017/000000460236.jpg
3210.146484375	0.0	image/811	811	1643595	train2017/000000201722.jpg
3210.916015625	0.0	image/778	778	1643989	train2017/000000191686.jpg
3211.7109375	0.0	image/782	782	1644396	train2017/000000454830.jpg
3213.28515625	0.0	image/766	766	1645202	train2017/000000451680.jpg
3214.8515625	0.0	image/839	839	1646004	train2017/000000209229.jpg
3216.484375	0.0	image/765	765	1646840	train2017/000000450914.jpg
3218.052734375	0.0	image/750	750	1647643	train2017/000000447182.jpg
3218.8359375	0.0	image/790	790	1648044	train2017/000000455799.jpg
3219.646484375	0.0	image/794	794	1648459	train2017/000000195650.jpg
3220.43359375	0.0	image/724	724	1648862	train2017/000000178031.jpg
3221.197265625	0.0	image/801	801	1649253	train2017/000000459190.jpg
3221.970703125	0.0	image/790	790	1649649	train2017/000000455799.jpg
3222.767578125	0.0	image/837	837	1650057	train2017/000000208805.jpg
3223.564453125	0.0	image/728	728	1650465	train2017/000000395740.jpg
3224.353515625	0.0	image/758	758	1650869	train2017/000000186828.jpg
3225.970703125	0.0	image/794	794	1651697	train2017/000000195650.jpg
3226.7890625	0.0	image/743	743	1652116	train2017/000000189388.jpg
3227.6015625	0.0	image/816	816	1652532	train2017/000000464616.jpg
3228.421875	0.0	image/796	796	1652952	train2017/000000338501.jpg
3229.21875	0.0	image/744	744	1653360	train2017/000000182799.jpg
3230.822265625	0.0	image/797	797	1654181	train2017/000000458178.jpg
3231.6171875	0.0	image/771	771	1654588	train2017/000000190271.jpg
3232.404296875	0.0	image/784	784	1654991	train2017/000000455020.jpg
3233.185546875	0.0	image/819	819	1655391	train2017/000000298139.jpg
3233.97265625	0.0	image/770	770	1655794	train2017/000000452341.jpg
3234.76953125	0.0	image/802	802	1656202	train2017/000000197118.jpg
3235.552734375	0.0	image/788	788	1656603	train2017/000000193373.jpg
3236.32421875	0.0	image/834	834	1656998	train2017/000000469816.jpg
3237.119140625	0.0	image/818	818	1657405	train2017/000000465412.jpg
3237.908203125	0.0	image/765	765	1657809	train2017/000000450914.jpg
3238.7421875	0.0	image/807	807	1658236	train2017/000000397815.jpg
3239.537109375	0.0	image/756	756	1658643	train2017/000000448401.jpg
3240.322265625	0.0	image/820	820	1659045	train2017/000000203937.jpg
3241.126953125	0.0	image/728	728	1659457	train2017/000000395740.jpg
3242.7265625	0.0	image/725	725	1660276	train2017/000000440334.jpg
3243.54296875	0.0	image/770	770	1660694	train2017/000000452341.jpg
3244.341796875	0.0	image/751	751	1661103	train2017/000000185225.jpg
3245.142578125	0.0	image/741	741	1661513	train2017/000000443940.jpg
3245.943359375	0.0	image/826	826	1661923	train2017/000000205875.jpg
3246.740234375	0.0	image/736	736	1662331	train2017/000000180609.jpg
3247.521484375	0.0	image/801	801	1662731	train2017/000000459190.jpg
3248.3125	0.0	image/739	739	1663136	train2017/000000443575.jpg
3249.095703125	0.0	image/741	741	1663537	train2017/000000443940.jpg
3249.87109375	0.0	image/722	722	1663934	train2017/000000073172.jpg
3250.64453125	0.0	image/732	732	1664330	train2017/000000179480.jpg
3251.462890625	0.0	image/753	753	1664749	train2017/000000006178.jpg
3252.24609375	0.0	image/783	783	1665150	train2017/000000454915.jpg
3253.056640625	0.0	image/773	773	1665565	train2017/000000303133.jpg
3253.828125	0.0	image/776	776	1665960	train2017/000000468771.jpg
3254.6640625	0.0	image/761	761	1666388	train2017/000000188225.jpg
3255.458984375	0.0	image/777	777	1666795	train2017/000000453682.jpg
3256.248046875	0.0	image/824	824	1667199	train2017/000000204806.jpg
3257.046875	0.0	image/764	764	1667608	train2017/000000450903.jpg
3264.50390625	0.0	image/960	960	1671426	train2017/000000505592.jpg
3265.314453125	0.0	image/936	936	1671841	train2017/000000497797.jpg
3266.12109375	0.0	image/949	949	1672254	train2017/000000240278.jpg
3266.931640625	0.0	image/842	842	1672669	train2017/000000209919.jpg
3267.751953125	0.0	image/882	882	1673089	train2017/000000485113.jpg
3268.56640625	0.0	image/885	885	1673506	train2017/000000223718.jpg
3269.373046875	0.0	image/873	873	1673919	train2017/000000429902.jpg
3270.171875	0.0	image/899	899	1674328	train2017/000000168803.jpg
3270.966796875	0.0	image/869	869	1674735	train2017/000000294744.jpg
3271.7890625	0.0	image/856	856	1675156	train2017/000000213288.jpg
3272.599609375	0.0	image/957	957	1675571	train2017/000000242631.jpg
3273.404296875	0.0	image/921	921	1675983	train2017/000000231102.jpg
3274.1875	0.0	image/902	902	1676384	train2017/000000227307.jpg
3274.98828125	0.0	image/872	872	1676794	train2017/000000429887.jpg
3275.78515625	0.0	image/889	889	1677202	train2017/000000224396.jpg
3276.57421875	0.0	image/863	863	1677606	train2017/000000215291.jpg
3277.357421875	0.0	image/942	942	1678007	train2017/000000238001.jpg
3278.185546875	0.0	image/858	858	1678431	train2017/000000214059.jpg
3278.974609375	0.0	image/931	931	1678835	train2017/000000495568.jpg
3279.787109375	0.0	image/947	947	1679251	train2017/000000501926.jpg
3281.35546875	0.0	image/932	932	1680054	train2017/000000233580.jpg
3282.142578125	0.0	image/851	851	1680457	train2017/000000474545.jpg
3282.92578125	0.0	image/916	916	1680858	train2017/000000038370.jpg
3283.703125	0.0	image/860	860	1681256	train2017/000000476481.jpg
3284.525390625	0.0	image/879	879	1681677	train2017/000000221441.jpg
3285.34375	0.0	image/915	915	1682096	train2017/000000229947.jpg
3286.142578125	0.0	image/881	881	1682505	train2017/000000222921.jpg
3286.955078125	0.0	image/894	894	1682921	train2017/000000225533.jpg
3287.73828125	0.0	image/900	900	1683322	train2017/000000488658.jpg
3288.50390625	0.0	image/930	930	1683714	train2017/000000344729.jpg
3289.2734375	0.0	image/950	950	1684108	train2017/000000502470.jpg
3290.078125	0.0	image/927	927	1684520	train2017/000000495040.jpg
3290.87109375	0.0	image/939	939	1684926	train2017/000000499627.jpg
3291.6953125	0.0	image/899	899	1685348	train2017/000000168803.jpg
3293.279296875	0.0	image/846	846	1686159	train2017/000000474024.jpg
3294.87890625	0.0	image/939	939	1686978	train2017/000000499627.jpg
3295.7109375	0.0	image/884	884	1687404	train2017/000000485605.jpg
3296.4921875	0.0	image/854	854	1687804	train2017/000000475236.jpg
3298.046875	0.0	image/881	881	1688600	train2017/000000222921.jpg
3298.84375	0.0	image/912	912	1689008	train2017/000000491611.jpg
3300.443359375	0.0	image/919	919	1689827	train2017/000000492627.jpg
3301.244140625	0.0	image/900	900	1690237	train2017/000000488658.jpg
3302.064453125	0.0	image/855	855	1690657	train2017/000000122923.jpg
3302.85546875	0.0	image/959	959	1691062	train2017/000000505486.jpg
3303.623046875	0.0	image/913	913	1691455	train2017/000000356810.jpg
3304.423828125	0.0	image/841	841	1691865	train2017/000000034961.jpg
3305.23046875	0.0	image/937	937	1692278	train2017/000000498615.jpg
3306.02734375	0.0	image/859	859	1692686	train2017/000000476380.jpg
3306.798828125	0.0	image/944	944	1693081	train2017/000000239337.jpg
3307.626953125	0.0	image/925	925	1693505	train2017/000000494552.jpg
3309.16796875	0.0	image/857	857	1694294	train2017/000000213988.jpg
3309.994140625	0.0	image/924	924	1694717	train2017/000000232277.jpg
3310.8125	0.0	image/945	945	1695136	train2017/000000501739.jpg
3311.6171875	0.0	image/878	878	1695548	train2017/000000167908.jpg
3312.412109375	0.0	image/885	885	1695955	train2017/000000223718.jpg
3313.181640625	0.0	image/853	853	1696349	train2017/000000474827.jpg
3314.748046875	0.0	image/874	874	1697151	train2017/000000561006.jpg
3315.552734375	0.0	image/903	903	1697563	train2017/000000227451.jpg
3316.330078125	0.0	image/868	868	1697961	train2017/000000444880.jpg
3317.1328125	0.0	image/893	893	1698372	train2017/000000225383.jpg
3317.935546875	0.0	image/943	943	1698783	train2017/000000238201.jpg
3318.712890625	0.0	image/892	892	1699181	train2017/000000225113.jpg
3320.3046875	0.0	image/905	905	1699996	train2017/000000227843.jpg
3321.099609375	0.0	image/933	933	1700403	train2017/000000233873.jpg
3321.904296875	0.0	image/919	919	1700815	train2017/000000492627.jpg
3322.6875	0.0	image/851	851	1701216	train2017/000000474545.jpg
3323.482421875	0.0	image/898	898	1701623	train2017/000000488406.jpg
3324.25	0.0	image/882	882	1702016	train2017/000000485113.jpg
3325.015625	0.0	image/906	906	1702408	train2017/000000227928.jpg
3325.837890625	0.0	image/927	927	1702829	train2017/000000495040.jpg
3326.666015625	0.0	image/917	917	1703253	train2017/000000354185.jpg
3327.4375	0.0	image/956	956	1703648	train2017/000000242133.jpg
3328.236328125	0.0	image/891	891	1704057	train2017/000000224869.jpg
3329.005859375	0.0	image/843	843	1704451	train2017/000000210065.jpg
3329.806640625	0.0	image/867	867	1704861	train2017/000000479035.jpg
3330.58984375	0.0	image/953	953	1705262	train2017/000000241026.jpg
3331.38671875	0.0	image/883	883	1705670	train2017/000000223447.jpg
3332.158203125	0.0	image/871	871	1706065	train2017/000000480990.jpg
3332.953125	0.0	image/880	880	1706472	train2017/000000484300.jpg
3333.7578125	0.0	image/906	906	1706884	train2017/000000227928.jpg
3334.5703125	0.0	image/922	922	1707300	train2017/000000235479.jpg
3335.3515625	0.0	image/903	903	1707700	train2017/000000227451.jpg
3336.94140625	0.0	image/925	925	1708514	train2017/000000494552.jpg
3337.75390625	0.0	image/955	955	1708930	train2017/000000112805.jpg
3338.552734375	0.0	image/860	860	1709339	train2017/000000476481.jpg
3339.337890625	0.0	image/848	848	1709741	train2017/000000474353.jpg
3340.125	0.0	image/923	923	1710144	train2017/000000231851.jpg
3341.705078125	0.0	image/921	921	1710953	train2017/000000231102.jpg
3342.48828125	0.0	image/942	942	1711354	train2017/000000238001.jpg
3343.3046875	0.0	image/844	844	1711772	train2017/000000341033.jpg
3344.12109375	0.0	image/907	907	1712190	train2017/000000228133.jpg
3344.923828125	0.0	image/872	872	1712601	train2017/000000429887.jpg
3346.5078125	0.0	image/938	938	1713412	train2017/000000237093.jpg
3347.3125	0.0	image/889	889	1713824	train2017/000000224396.jpg
3348.923828125	0.0	image/929	929	1714649	train2017/000000495387.jpg
3349.74609375	0.0	image/888	888	1715070	train2017/000000486503.jpg
3350.556640625	0.0	image/907	907	1715485	train2017/000000228133.jpg
3351.341796875	0.0	image/841	841	1715887	train2017/000000034961.jpg
3352.1640625	0.0	image/940	940	1716308	train2017/000000499730.jpg
3352.9921875	0.0	image/920	920	1716732	train2017/000000300622.jpg
3353.80859375	0.0	image/867	867	1717150	train2017/000000479035.jpg
3354.625	0.0	image/863	863	1717568	train2017/000000215291.jpg
3355.443359375	0.0	image/931	931	1717987	train2017/000000495568.jpg
3356.208984375	0.0	image/849	849	1718379	train2017/000000212229.jpg
3356.9921875	0.0	image/866	866	1718780	train2017/000000216029.jpg
3357.78125	0.0	image/909	909	1719184	train2017/000000228380.jpg
3358.58203125	0.0	image/950	950	1719594	train2017/000000502470.jpg
3359.392578125	0.0	image/918	918	1720009	train2017/000000230422.jpg
3360.177734375	0.0	image/914	914	1720411	train2017/000000492037.jpg
3360.982421875	0.0	image/878	878	1720823	train2017/000000167908.jpg
3361.8125	0.0	image/910	910	1721248	train2017/000000228565.jpg
3362.599609375	0.0	image/911	911	1721651	train2017/000000229456.jpg
3363.400390625	0.0	image/891	891	1722061	train2017/000000224869.jpg
3364.216796875	0.0	image/845	845	1722479	train2017/000000211198.jpg
3365.0	0.0	image/926	926	1722880	train2017/000000232648.jpg
3365.830078125	0.0	image/884	884	1723305	train2017/000000485605.jpg
3366.595703125	0.0	image/886	886	1723697	train2017/000000386856.jpg
3367.4140625	0.0	image/938	938	1724116	train2017/000000237093.jpg
3368.966796875	0.0	image/951	951	1724911	train2017/000000214821.jpg
3369.74609375	0.0	image/934	934	1725310	train2017/000000497464.jpg
3370.513671875	0.0	image/850	850	1725703	train2017/000000212380.jpg
3371.318359375	0.0	image/895	895	1726115	train2017/000000487825.jpg
3372.099609375	0.0	image/928	928	1726515	train2017/000000233104.jpg
3373.736328125	0.0	image/956	956	1727353	train2017/000000242133.jpg
3374.552734375	0.0	image/936	936	1727771	train2017/000000497797.jpg
3375.353515625	0.0	image/933	933	1728181	train2017/000000233873.jpg
3376.955078125	0.0	image/890	890	1729001	train2017/000000224759.jpg
3377.767578125	0.0	image/945	945	1729417	train2017/000000501739.jpg
3378.53125	0.0	image/856	856	1729808	train2017/000000213288.jpg
3380.154296875	0.0	image/946	946	1730639	train2017/000000501867.jpg
3380.931640625	0.0	image/928	928	1731037	train2017/000000233104.jpg
3381.73828125	0.0	image/895	895	1731450	train2017/000000487825.jpg
3382.548828125	0.0	image/947	947	1731865	train2017/000000501926.jpg
3383.3515625	0.0	image/913	913	1732276	train2017/000000356810.jpg
3384.138671875	0.0	image/877	877	1732679	train2017/000000342639.jpg
3384.96875	0.0	image/883	883	1733104	train2017/000000223447.jpg
3385.7890625	0.0	image/858	858	1733524	train2017/000000214059.jpg
3386.6015625	0.0	image/897	897	1733940	train2017/000000430850.jpg
3387.40234375	0.0	image/862	862	1734350	train2017/000000215023.jpg
3388.224609375	0.0	image/864	864	1734771	train2017/000000385417.jpg
3389.01953125	0.0	image/887	887	1735178	train2017/000000561677.jpg
3389.841796875	0.0	image/859	859	1735599	train2017/000000476380.jpg
3391.474609375	0.0	image/896	896	1736435	train2017/000000225750.jpg
3392.2421875	0.0	image/848	848	1736828	train2017/000000474353.jpg
3393.052734375	0.0	image/894	894	1737243	train2017/000000225533.jpg
3393.87109375	0.0	image/865	865	1737662	train2017/000000035972.jpg
3395.47265625	0.0	image/908	908	1738482	train2017/000000228316.jpg
3396.3046875	0.0	image/865	865	1738908	train2017/000000035972.jpg
3397.09375	0.0	image/904	904	1739312	train2017/000000227733.jpg
3397.927734375	0.0	image/849	849	1739739	train2017/000000212229.jpg
3398.7265625	0.0	image/944	944	1740148	train2017/000000239337.jpg
3399.560546875	0.0	image/847	847	1740575	train2017/000000207833.jpg
3400.361328125	0.0	image/951	951	1740985	train2017/000000214821.jpg
3401.140625	0.0	image/959	959	1741384	train2017/000000505486.jpg
3401.90625	0.0	image/930	930	1741776	train2017/000000344729.jpg
3402.673828125	0.0	image/845	845	1742169	train2017/000000211198.jpg
3403.4609375	0.0	image/946	946	1742572	train2017/000000501867.jpg
3404.259765625	0.0	image/918	918	1742981	train2017/000000230422.jpg
3405.044921875	0.0	image/937	937	1743383	train2017/000000498615.jpg
3406.6796875	0.0	image/852	852	1744220	train2017/000000212440.jpg
3407.48046875	0.0	image/929	929	1744630	train2017/000000495387.jpg
3408.275390625	0.0	image/911	911	1745037	train2017/000000229456.jpg
3409.080078125	0.0	image/875	875	1745449	train2017/000000482858.jpg
3409.86328125	0.0	image/941	941	1745850	train2017/000000237697.jpg
3410.67578125	0.0	image/909	909	1746266	train2017/000000228380.jpg
3411.490234375	0.0	image/852	852	1746683	train2017/000000212440.jpg
3412.28125	0.0	image/855	855	1747088	train2017/000000122923.jpg
3413.064453125	0.0	image/926	926	1747489	train2017/000000232648.jpg
3413.86328125	0.0	image/923	923	1747898	train2017/000000231851.jpg
3414.666015625	0.0	image/948	948	1748309	train2017/000000502058.jpg
3415.4765625	0.0	image/910	910	1748724	train2017/000000228565.jpg
3416.28125	0.0	image/861	861	1749136	train2017/000000560054.jpg
3417.076171875	0.0	image/952	952	1749543	train2017/000000502860.jpg
3417.859375	0.0	image/940	940	1749944	train2017/000000499730.jpg
3418.626953125	0.0	image/864	864	1750337	train2017/000000385417.jpg
3419.412109375	0.0	image/880	880	1750739	train2017/000000484300.jpg
3420.228515625	0.0	image/846	846	1751157	train2017/000000474024.jpg
3421.044921875	0.0	image/897	897	1751575	train2017/000000430850.jpg
3421.833984375	0.0	image/870	870	1751979	train2017/000000480601.jpg
3422.66796875	0.0	image/901	901	1752406	train2017/000000007567.jpg
3423.435546875	0.0	image/952	952	1752799	train2017/000000502860.jpg
3424.267578125	0.0	image/920	920	1753225	train2017/000000300622.jpg
3425.060546875	0.0	image/896	896	1753631	train2017/000000225750.jpg
3425.869140625	0.0	image/876	876	1754045	train2017/000000482912.jpg
3426.6796875	0.0	image/893	893	1754460	train2017/000000225383.jpg
3427.48046875	0.0	image/935	935	1754870	train2017/000000082945.jpg
3428.251953125	0.0	image/866	866	1755265	train2017/000000216029.jpg
3429.064453125	0.0	image/941	941	1755681	train2017/000000237697.jpg
3429.84765625	0.0	image/887	887	1756082	train2017/000000561677.jpg
3431.482421875	0.0	image/850	850	1756919	train2017/000000212380.jpg
3432.28125	0.0	image/904	904	1757328	train2017/000000227733.jpg
3433.087890625	0.0	image/916	916	1757741	train2017/000000038370.jpg
3433.880859375	0.0	image/888	888	1758147	train2017/000000486503.jpg
3434.650390625	0.0	image/953	953	1758541	train2017/000000241026.jpg
3435.455078125	0.0	image/934	934	1758953	train2017/000000497464.jpg
3436.283203125	0.0	image/924	924	1759377	train2017/000000232277.jpg
3437.087890625	0.0	image/877	877	1759789	train2017/000000342639.jpg
3437.900390625	0.0	image/901	901	1760205	train2017/000000007567.jpg
3438.70703125	0.0	image/898	898	1760618	train2017/000000488406.jpg
3439.521484375	0.0	image/873	873	1761035	train2017/000000429902.jpg
3440.333984375	0.0	image/958	958	1761451	train2017/000000433657.jpg
3441.140625	0.0	image/908	908	1761864	train2017/000000228316.jpg
3441.91796875	0.0	image/915	915	1762262	train2017/000000229947.jpg
3442.724609375	0.0	image/922	922	1762675	train2017/000000235479.jpg
3443.541015625	0.0	image/879	879	1763093	train2017/000000221441.jpg
3444.333984375	0.0	image/853	853	1763499	train2017/000000474827.jpg
3445.134765625	0.0	image/874	874	1763909	train2017/000000561006.jpg
3445.92578125	0.0	image/870	870	1764314	train2017/000000480601.jpg
3446.751953125	0.0	image/957	957	1764737	train2017/000000242631.jpg
3447.576171875	0.0	image/886	886	1765159	train2017/000000386856.jpg
3448.353515625	0.0	image/842	842	1765557	train2017/000000209919.jpg
3449.119140625	0.0	image/871	871	1765949	train2017/000000480990.jpg
3449.90234375	0.0	image/902	902	1766350	train2017/000000227307.jpg
3450.708984375	0.0	image/857	857	1766763	train2017/000000213988.jpg
3451.5390625	0.0	image/943	943	1767188	train2017/000000238201.jpg
3453.142578125	0.0	image/876	876	1768009	train2017/000000482912.jpg
3453.97265625	0.0	image/890	890	1768434	train2017/000000224759.jpg
3454.744140625	0.0	image/935	935	1768829	train2017/000000082945.jpg
3455.541015625	0.0	image/960	960	1769237	train2017/000000505592.jpg
3456.33984375	0.0	image/954	954	1769646	train2017/000000040187.jpg
3457.173828125	0.0	image/854	854	1770073	train2017/000000475236.jpg
3457.9453125	0.0	image/948	948	1770468	train2017/000000502058.jpg
3459.544921875	0.0	image/861	861	1771287	train2017/000000560054.jpg
3460.326171875	0.0	image/862	862	1771687	train2017/000000215023.jpg
3461.123046875	0.0	image/914	914	1772095	train2017/000000492037.jpg
3461.9453125	0.0	image/847	847	1772516	train2017/000000207833.jpg
3462.7578125	0.0	image/917	917	1772932	train2017/000000354185.jpg
3464.357421875	0.0	image/905	905	1773751	train2017/000000227843.jpg
3465.158203125	0.0	image/843	843	1774161	train2017/000000210065.jpg
3465.96484375	0.0	image/955	955	1774574	train2017/000000112805.jpg
3466.7578125	0.0	image/954	954	1774980	train2017/000000040187.jpg
3467.560546875	0.0	image/869	869	1775391	train2017/000000294744.jpg
3468.365234375	0.0	image/844	844	1775803	train2017/000000341033.jpg
3469.94921875	0.0	image/932	932	1776614	train2017/000000233580.jpg
3470.744140625	0.0	image/949	949	1777021	train2017/000000240278.jpg
3471.515625	0.0	image/875	875	1777416	train2017/000000482858.jpg
3472.31640625	0.0	image/868	868	1777826	train2017/000000444880.jpg
3473.1328125	0.0	image/912	912	1778244	train2017/000000491611.jpg
3473.912109375	0.0	image/892	892	1778643	train2017/000000225113.jpg
