onset	duration	trial_type	value	sample	stim_file
2.005859375	0.0	image/90	90	1027	train2017/000000278555.jpg
2.82421875	0.0	image/9	9	1446	train2017/000000000650.jpg
3.623046875	0.0	image/100	100	1855	train2017/000000541856.jpg
4.44140625	0.0	image/56	56	2274	train2017/000000008998.jpg
5.2734375	0.0	image/32	32	2700	train2017/000000005028.jpg
6.052734375	0.0	image/75	75	3099	train2017/000000399878.jpg
6.857421875	0.0	image/78	78	3511	train2017/000000013969.jpg
7.67578125	0.0	image/48	48	3930	train2017/000000011299.jpg
8.474609375	0.0	image/107	107	4339	train2017/000000543254.jpg
9.2578125	0.0	image/82	82	4740	train2017/000000539395.jpg
10.091796875	0.0	image/77	77	5167	train2017/000000275938.jpg
10.875	0.0	image/31	31	5568	train2017/000000266622.jpg
11.66015625	0.0	image/53	53	5970	train2017/000000270278.jpg
12.443359375	0.0	image/7	7	6371	train2017/000000000605.jpg
13.275390625	0.0	image/44	44	6797	train2017/000000007048.jpg
14.060546875	0.0	image/80	80	7199	train2017/000000538822.jpg
14.84375	0.0	image/83	83	7600	train2017/000000277524.jpg
15.626953125	0.0	image/109	109	8001	train2017/000000544060.jpg
16.4609375	0.0	image/23	23	8428	train2017/000000265150.jpg
17.244140625	0.0	image/97	97	8829	train2017/000000279197.jpg
18.02734375	0.0	image/58	58	9230	train2017/000000534259.jpg
18.828125	0.0	image/97	97	9640	train2017/000000279197.jpg
19.611328125	0.0	image/93	93	10041	train2017/000000541077.jpg
20.423828125	0.0	image/116	116	10457	train2017/000000283426.jpg
21.228515625	0.0	image/63	63	10869	train2017/000000273120.jpg
22.029296875	0.0	image/104	104	11279	train2017/000000018367.jpg
22.845703125	0.0	image/62	62	11697	train2017/000000010903.jpg
23.662109375	0.0	image/2	2	12115	train2017/000000262239.jpg
25.212890625	0.0	image/119	119	12909	train2017/000000545950.jpg
26.013671875	0.0	image/114	114	13319	train2017/000000571485.jpg
26.830078125	0.0	image/9	9	13737	train2017/000000000650.jpg
27.630859375	0.0	image/66	66	14147	train2017/000000273250.jpg
28.431640625	0.0	image/58	58	14557	train2017/000000534259.jpg
29.248046875	0.0	image/24	24	14975	train2017/000000265453.jpg
30.03125	0.0	image/69	69	15376	train2017/000000011856.jpg
30.84765625	0.0	image/54	54	15794	train2017/000000532753.jpg
31.6484375	0.0	image/108	108	16204	train2017/000000281330.jpg
32.478515625	0.0	image/47	47	16629	train2017/000000531828.jpg
33.275390625	0.0	image/69	69	17037	train2017/000000011856.jpg
34.08203125	0.0	image/61	61	17450	train2017/000000272901.jpg
34.865234375	0.0	image/92	92	17851	train2017/000000278714.jpg
35.64453125	0.0	image/55	55	18250	train2017/000000533231.jpg
36.44921875	0.0	image/92	92	18662	train2017/000000278714.jpg
37.25	0.0	image/82	82	19072	train2017/000000539395.jpg
38.033203125	0.0	image/102	102	19473	train2017/000000018078.jpg
38.8125	0.0	image/26	26	19872	train2017/000000003521.jpg
40.46484375	0.0	image/43	43	20718	train2017/000000006765.jpg
41.279296875	0.0	image/39	39	21135	train2017/000000268008.jpg
42.05078125	0.0	image/17	17	21530	train2017/000000002372.jpg
42.884765625	0.0	image/34	34	21957	train2017/000000005277.jpg
43.685546875	0.0	image/38	38	22367	train2017/000000312536.jpg
44.513671875	0.0	image/57	57	22791	train2017/000000001625.jpg
45.3359375	0.0	image/11	11	23212	train2017/000000263599.jpg
46.13671875	0.0	image/57	57	23622	train2017/000000001625.jpg
46.970703125	0.0	image/65	65	24049	train2017/000000273147.jpg
47.798828125	0.0	image/111	111	24473	train2017/000000020517.jpg
49.38671875	0.0	image/6	6	25286	train2017/000000000584.jpg
50.171875	0.0	image/20	20	25688	train2017/000000526980.jpg
50.970703125	0.0	image/11	11	26097	train2017/000000263599.jpg
52.60546875	0.0	image/72	72	26934	train2017/000000274978.jpg
53.388671875	0.0	image/114	114	27335	train2017/000000571485.jpg
54.189453125	0.0	image/120	120	27745	train2017/000000021718.jpg
54.98828125	0.0	image/111	111	28154	train2017/000000020517.jpg
55.7890625	0.0	image/76	76	28564	train2017/000000275902.jpg
56.62109375	0.0	image/72	72	28990	train2017/000000274978.jpg
57.439453125	0.0	image/6	6	29409	train2017/000000000584.jpg
58.255859375	0.0	image/60	60	29827	train2017/000000010710.jpg
59.07421875	0.0	image/62	62	30246	train2017/000000010903.jpg
59.890625	0.0	image/36	36	30664	train2017/000000267699.jpg
60.673828125	0.0	image/22	22	31065	train2017/000000265023.jpg
61.501953125	0.0	image/79	79	31489	train2017/000000276664.jpg
62.30859375	0.0	image/56	56	31902	train2017/000000008998.jpg
63.125	0.0	image/67	67	32320	train2017/000000011358.jpg
63.94140625	0.0	image/40	40	32738	train2017/000000268114.jpg
64.724609375	0.0	image/95	95	33139	train2017/000000016898.jpg
65.552734375	0.0	image/25	25	33563	train2017/000000527618.jpg
66.3359375	0.0	image/93	93	33964	train2017/000000541077.jpg
67.16015625	0.0	image/86	86	34386	train2017/000000539879.jpg
67.958984375	0.0	image/59	59	34795	train2017/000000010046.jpg
69.560546875	0.0	image/46	46	35615	train2017/000000531515.jpg
70.34375	0.0	image/49	49	36016	train2017/000000219750.jpg
71.138671875	0.0	image/14	14	36423	train2017/000000264244.jpg
72.76171875	0.0	image/34	34	37254	train2017/000000005277.jpg
73.59375	0.0	image/120	120	37680	train2017/000000021718.jpg
74.40625	0.0	image/37	37	38096	train2017/000000005684.jpg
75.978515625	0.0	image/99	99	38901	train2017/000000271183.jpg
76.76171875	0.0	image/105	105	39302	train2017/000000280764.jpg
77.556640625	0.0	image/33	33	39709	train2017/000000267338.jpg
79.12890625	0.0	image/87	87	40514	train2017/000000300383.jpg
79.9296875	0.0	image/61	61	40924	train2017/000000272901.jpg
80.724609375	0.0	image/27	27	41331	train2017/000000265745.jpg
81.5234375	0.0	image/70	70	41740	train2017/000000536786.jpg
82.296875	0.0	image/112	112	42136	train2017/000000544926.jpg
83.09375	0.0	image/13	13	42544	train2017/000000525932.jpg
83.9140625	0.0	image/96	96	42964	train2017/000000541258.jpg
84.744140625	0.0	image/10	10	43389	train2017/000000001308.jpg
85.564453125	0.0	image/106	106	43809	train2017/000000280808.jpg
86.376953125	0.0	image/109	109	44225	train2017/000000544060.jpg
87.1953125	0.0	image/29	29	44644	train2017/000000393907.jpg
88.015625	0.0	image/24	24	45064	train2017/000000265453.jpg
88.81640625	0.0	image/77	77	45474	train2017/000000275938.jpg
89.599609375	0.0	image/5	5	45875	train2017/000000262690.jpg
90.412109375	0.0	image/10	10	46291	train2017/000000001308.jpg
92.017578125	0.0	image/90	90	47113	train2017/000000278555.jpg
92.80078125	0.0	image/104	104	47514	train2017/000000018367.jpg
94.396484375	0.0	image/84	84	48331	train2017/000000570543.jpg
95.201171875	0.0	image/26	26	48743	train2017/000000003521.jpg
96.03515625	0.0	image/45	45	49170	train2017/000000531392.jpg
97.65234375	0.0	image/4	4	49998	train2017/000000524646.jpg
99.26953125	0.0	image/96	96	50826	train2017/000000541258.jpg
100.068359375	0.0	image/54	54	51235	train2017/000000532753.jpg
101.71875	0.0	image/74	74	52080	train2017/000000275663.jpg
102.53125	0.0	image/4	4	52496	train2017/000000524646.jpg
103.3203125	0.0	image/21	21	52900	train2017/000000274108.jpg
104.154296875	0.0	image/83	83	53327	train2017/000000277524.jpg
104.9375	0.0	image/107	107	53728	train2017/000000543254.jpg
105.75390625	0.0	image/47	47	54146	train2017/000000531828.jpg
106.564453125	0.0	image/50	50	54561	train2017/000000007932.jpg
107.37109375	0.0	image/12	12	54974	train2017/000000525790.jpg
108.1875	0.0	image/41	41	55392	train2017/000000268418.jpg
109.8046875	0.0	image/27	27	56220	train2017/000000265745.jpg
111.439453125	0.0	image/18	18	57057	train2017/000000264735.jpg
112.25	0.0	image/81	81	57472	train2017/000000539340.jpg
113.0390625	0.0	image/80	80	57876	train2017/000000538822.jpg
113.873046875	0.0	image/91	91	58303	train2017/000000540735.jpg
114.70703125	0.0	image/78	78	58730	train2017/000000013969.jpg
115.5078125	0.0	image/101	101	59140	train2017/000000017967.jpg
116.33984375	0.0	image/28	28	59566	train2017/000000558788.jpg
117.158203125	0.0	image/1	1	59985	train2017/000000262145.jpg
117.9921875	0.0	image/117	117	60412	train2017/000000396793.jpg
118.80859375	0.0	image/94	94	60830	train2017/000000278962.jpg
119.625	0.0	image/3	3	61248	train2017/000000262414.jpg
120.408203125	0.0	image/20	20	61649	train2017/000000526980.jpg
121.19140625	0.0	image/118	118	62050	train2017/000000283678.jpg
121.9765625	0.0	image/15	15	62452	train2017/000000264396.jpg
122.775390625	0.0	image/106	106	62861	train2017/000000280808.jpg
123.59375	0.0	image/89	89	63280	train2017/000000016314.jpg
124.42578125	0.0	image/35	35	63706	train2017/000000267647.jpg
125.2109375	0.0	image/8	8	64108	train2017/000000000625.jpg
126.009765625	0.0	image/42	42	64517	train2017/000000268659.jpg
127.623046875	0.0	image/46	46	65343	train2017/000000531515.jpg
128.388671875	0.0	image/116	116	65735	train2017/000000283426.jpg
129.1953125	0.0	image/84	84	66148	train2017/000000570543.jpg
130.0234375	0.0	image/67	67	66572	train2017/000000011358.jpg
131.67578125	0.0	image/113	113	67418	train2017/000000545160.jpg
132.4609375	0.0	image/29	29	67820	train2017/000000393907.jpg
133.26171875	0.0	image/105	105	68230	train2017/000000280764.jpg
134.080078125	0.0	image/98	98	68649	train2017/000000541472.jpg
134.90234375	0.0	image/17	17	69070	train2017/000000002372.jpg
135.697265625	0.0	image/117	117	69477	train2017/000000396793.jpg
136.53125	0.0	image/70	70	69904	train2017/000000536786.jpg
137.330078125	0.0	image/64	64	70313	train2017/000000273138.jpg
138.107421875	0.0	image/31	31	70711	train2017/000000266622.jpg
138.9140625	0.0	image/75	75	71124	train2017/000000399878.jpg
139.7421875	0.0	image/19	19	71548	train2017/000000526968.jpg
140.53125	0.0	image/40	40	71952	train2017/000000268114.jpg
141.33203125	0.0	image/41	41	72362	train2017/000000268418.jpg
142.115234375	0.0	image/48	48	72763	train2017/000000011299.jpg
142.916015625	0.0	image/36	36	73173	train2017/000000267699.jpg
143.693359375	0.0	image/103	103	73571	train2017/000000280484.jpg
144.466796875	0.0	image/28	28	73967	train2017/000000558788.jpg
145.298828125	0.0	image/94	94	74393	train2017/000000278962.jpg
146.08203125	0.0	image/65	65	74794	train2017/000000273147.jpg
146.8671875	0.0	image/49	49	75196	train2017/000000219750.jpg
147.6953125	0.0	image/55	55	75620	train2017/000000533231.jpg
148.462890625	0.0	image/5	5	76013	train2017/000000262690.jpg
149.25	0.0	image/44	44	76416	train2017/000000007048.jpg
150.083984375	0.0	image/37	37	76843	train2017/000000005684.jpg
150.884765625	0.0	image/86	86	77253	train2017/000000539879.jpg
151.712890625	0.0	image/53	53	77677	train2017/000000270278.jpg
152.484375	0.0	image/91	91	78072	train2017/000000540735.jpg
153.302734375	0.0	image/32	32	78491	train2017/000000005028.jpg
154.119140625	0.0	image/1	1	78909	train2017/000000262145.jpg
154.935546875	0.0	image/119	119	79327	train2017/000000545950.jpg
155.748046875	0.0	image/88	88	79743	train2017/000000540538.jpg
156.533203125	0.0	image/18	18	80145	train2017/000000264735.jpg
157.3359375	0.0	image/45	45	80556	train2017/000000531392.jpg
158.13671875	0.0	image/63	63	80966	train2017/000000273120.jpg
159.703125	0.0	image/30	30	81768	train2017/000000004442.jpg
160.537109375	0.0	image/102	102	82195	train2017/000000018078.jpg
161.353515625	0.0	image/52	52	82613	train2017/000000008053.jpg
162.154296875	0.0	image/16	16	83023	train2017/000000002270.jpg
162.98828125	0.0	image/21	21	83450	train2017/000000274108.jpg
164.58203125	0.0	image/8	8	84266	train2017/000000000625.jpg
165.35546875	0.0	image/25	25	84662	train2017/000000527618.jpg
166.171875	0.0	image/74	74	85080	train2017/000000275663.jpg
167.001953125	0.0	image/68	68	85505	train2017/000000535871.jpg
167.806640625	0.0	image/14	14	85917	train2017/000000264244.jpg
168.58984375	0.0	image/81	81	86318	train2017/000000539340.jpg
169.3671875	0.0	image/115	115	86716	train2017/000000021095.jpg
170.173828125	0.0	image/51	51	87129	train2017/000000008027.jpg
170.95703125	0.0	image/118	118	87530	train2017/000000283678.jpg
171.740234375	0.0	image/98	98	87931	train2017/000000541472.jpg
173.357421875	0.0	image/52	52	88759	train2017/000000008053.jpg
174.958984375	0.0	image/42	42	89579	train2017/000000268659.jpg
175.7578125	0.0	image/30	30	89988	train2017/000000004442.jpg
176.54296875	0.0	image/3	3	90390	train2017/000000262414.jpg
178.1875	0.0	image/59	59	91232	train2017/000000010046.jpg
179.009765625	0.0	image/39	39	91653	train2017/000000268008.jpg
179.806640625	0.0	image/89	89	92061	train2017/000000016314.jpg
180.587890625	0.0	image/22	22	92461	train2017/000000265023.jpg
181.392578125	0.0	image/50	50	92873	train2017/000000007932.jpg
182.2109375	0.0	image/2	2	93292	train2017/000000262239.jpg
182.994140625	0.0	image/19	19	93693	train2017/000000526968.jpg
183.810546875	0.0	image/7	7	94111	train2017/000000000605.jpg
184.62109375	0.0	image/15	15	94526	train2017/000000264396.jpg
185.427734375	0.0	image/103	103	94939	train2017/000000280484.jpg
186.2109375	0.0	image/99	99	95340	train2017/000000271183.jpg
186.99609375	0.0	image/101	101	95742	train2017/000000017967.jpg
187.830078125	0.0	image/76	76	96169	train2017/000000275902.jpg
188.62890625	0.0	image/113	113	96578	train2017/000000545160.jpg
189.44140625	0.0	image/23	23	96994	train2017/000000265150.jpg
190.263671875	0.0	image/43	43	97415	train2017/000000006765.jpg
191.07421875	0.0	image/108	108	97830	train2017/000000281330.jpg
192.697265625	0.0	image/51	51	98661	train2017/000000008027.jpg
193.474609375	0.0	image/16	16	99059	train2017/000000002270.jpg
194.28125	0.0	image/33	33	99472	train2017/000000267338.jpg
195.109375	0.0	image/38	38	99896	train2017/000000312536.jpg
195.880859375	0.0	image/100	100	100291	train2017/000000541856.jpg
196.681640625	0.0	image/112	112	100701	train2017/000000544926.jpg
197.4765625	0.0	image/13	13	101108	train2017/000000525932.jpg
198.259765625	0.0	image/95	95	101509	train2017/000000016898.jpg
199.08203125	0.0	image/68	68	101930	train2017/000000535871.jpg
199.865234375	0.0	image/110	110	102331	train2017/000000019863.jpg
200.681640625	0.0	image/12	12	102749	train2017/000000525790.jpg
201.466796875	0.0	image/85	85	103151	train2017/000000539705.jpg
202.265625	0.0	image/71	71	103560	train2017/000000536884.jpg
203.0625	0.0	image/60	60	103968	train2017/000000010710.jpg
203.8515625	0.0	image/73	73	104372	train2017/000000537393.jpg
204.6328125	0.0	image/88	88	104772	train2017/000000540538.jpg
205.4296875	0.0	image/71	71	105180	train2017/000000536884.jpg
206.21484375	0.0	image/87	87	105582	train2017/000000300383.jpg
207.001953125	0.0	image/64	64	105985	train2017/000000273138.jpg
207.818359375	0.0	image/115	115	106403	train2017/000000021095.jpg
208.6015625	0.0	image/73	73	106804	train2017/000000537393.jpg
209.41796875	0.0	image/79	79	107222	train2017/000000276664.jpg
210.236328125	0.0	image/66	66	107641	train2017/000000273250.jpg
211.052734375	0.0	image/85	85	108059	train2017/000000539705.jpg
211.8828125	0.0	image/35	35	108484	train2017/000000267647.jpg
213.51953125	0.0	image/110	110	109322	train2017/000000019863.jpg
221.130859375	0.0	image/187	187	113219	train2017/000000037779.jpg
221.943359375	0.0	image/236	236	113635	train2017/000000574760.jpg
222.763671875	0.0	image/163	163	114055	train2017/000000032134.jpg
223.564453125	0.0	image/238	238	114465	train2017/000000050624.jpg
225.166015625	0.0	image/130	130	115285	train2017/000000548593.jpg
225.947265625	0.0	image/229	229	115685	train2017/000000310870.jpg
226.78125	0.0	image/167	167	116112	train2017/000000032809.jpg
227.56640625	0.0	image/183	183	116514	train2017/000000298395.jpg
228.3984375	0.0	image/204	204	116940	train2017/000000304187.jpg
229.232421875	0.0	image/175	175	117367	train2017/000000559225.jpg
230.060546875	0.0	image/173	173	117791	train2017/000000559816.jpg
230.8671875	0.0	image/210	210	118204	train2017/000000305685.jpg
231.677734375	0.0	image/214	214	118619	train2017/000000306031.jpg
232.484375	0.0	image/208	208	119032	train2017/000000043150.jpg
233.267578125	0.0	image/180	180	119433	train2017/000000297844.jpg
234.068359375	0.0	image/159	159	119843	train2017/000000292845.jpg
234.861328125	0.0	image/150	150	120249	train2017/000000552589.jpg
235.634765625	0.0	image/235	235	120645	train2017/000000050256.jpg
236.41796875	0.0	image/210	210	121046	train2017/000000305685.jpg
237.197265625	0.0	image/155	155	121445	train2017/000000029730.jpg
237.96875	0.0	image/161	161	121840	train2017/000000293368.jpg
238.76953125	0.0	image/234	234	122250	train2017/000000312003.jpg
239.5859375	0.0	image/159	159	122668	train2017/000000292845.jpg
240.419921875	0.0	image/169	169	123095	train2017/000000557886.jpg
241.203125	0.0	image/168	168	123496	train2017/000000557848.jpg
242.013671875	0.0	image/162	162	123911	train2017/000000293372.jpg
242.8203125	0.0	image/222	222	124324	train2017/000000308950.jpg
243.6328125	0.0	image/128	128	124740	train2017/000000547644.jpg
244.3984375	0.0	image/220	220	125132	train2017/000000569645.jpg
245.166015625	0.0	image/195	195	125525	train2017/000000040685.jpg
245.9375	0.0	image/151	151	125920	train2017/000000553150.jpg
246.75390625	0.0	image/184	184	126338	train2017/000000006053.jpg
247.5546875	0.0	image/216	216	126748	train2017/000000225829.jpg
248.37109375	0.0	image/178	178	127166	train2017/000000355458.jpg
249.203125	0.0	image/213	213	127592	train2017/000000043815.jpg
250.015625	0.0	image/229	229	128008	train2017/000000310870.jpg
250.806640625	0.0	image/205	205	128413	train2017/000000566341.jpg
251.599609375	0.0	image/164	164	128819	train2017/000000556542.jpg
252.423828125	0.0	image/149	149	129241	train2017/000000290192.jpg
253.20703125	0.0	image/136	136	129642	train2017/000000026388.jpg
254.806640625	0.0	image/165	165	130461	train2017/000000032275.jpg
255.583984375	0.0	image/121	121	130859	train2017/000000546140.jpg
256.375	0.0	image/125	125	131264	train2017/000000022964.jpg
257.19140625	0.0	image/175	175	131682	train2017/000000559225.jpg
258.0078125	0.0	image/230	230	132100	train2017/000000573337.jpg
258.80859375	0.0	image/211	211	132510	train2017/000000567837.jpg
259.642578125	0.0	image/122	122	132937	train2017/000000546147.jpg
261.259765625	0.0	image/237	237	133765	train2017/000000095809.jpg
262.072265625	0.0	image/137	137	134181	train2017/000000026443.jpg
262.84375	0.0	image/234	234	134576	train2017/000000312003.jpg
263.642578125	0.0	image/142	142	134985	train2017/000000027002.jpg
264.4765625	0.0	image/191	191	135412	train2017/000000039196.jpg
266.09375	0.0	image/158	158	136240	train2017/000000030148.jpg
266.876953125	0.0	image/186	186	136641	train2017/000000037358.jpg
268.51171875	0.0	image/225	225	137478	train2017/000000047172.jpg
269.310546875	0.0	image/154	154	137887	train2017/000000291560.jpg
270.14453125	0.0	image/153	153	138314	train2017/000000553586.jpg
270.9609375	0.0	image/149	149	138732	train2017/000000290192.jpg
272.61328125	0.0	image/124	124	139578	train2017/000000122964.jpg
273.396484375	0.0	image/232	232	139979	train2017/000000311232.jpg
274.177734375	0.0	image/162	162	140379	train2017/000000293372.jpg
274.962890625	0.0	image/236	236	140781	train2017/000000574760.jpg
275.74609375	0.0	image/121	121	141182	train2017/000000546140.jpg
276.55859375	0.0	image/145	145	141598	train2017/000000027298.jpg
278.146484375	0.0	image/146	146	142411	train2017/000000289460.jpg
278.98046875	0.0	image/156	156	142838	train2017/000000029732.jpg
280.576171875	0.0	image/148	148	143655	train2017/000000027665.jpg
281.3984375	0.0	image/137	137	144076	train2017/000000026443.jpg
282.19921875	0.0	image/164	164	144486	train2017/000000556542.jpg
283.03125	0.0	image/168	168	144912	train2017/000000557848.jpg
283.81640625	0.0	image/218	218	145314	train2017/000000569196.jpg
284.599609375	0.0	image/125	125	145715	train2017/000000022964.jpg
285.3828125	0.0	image/156	156	146116	train2017/000000029732.jpg
287.017578125	0.0	image/152	152	146953	train2017/000000553166.jpg
287.849609375	0.0	image/147	147	147379	train2017/000000289791.jpg
288.64453125	0.0	image/193	193	147786	train2017/000000564465.jpg
289.4296875	0.0	image/228	228	148188	train2017/000000572215.jpg
290.201171875	0.0	image/212	212	148583	train2017/000000043776.jpg
291.017578125	0.0	image/199	199	149001	train2017/000000565652.jpg
291.84375	0.0	image/135	135	149424	train2017/000000288372.jpg
292.619140625	0.0	image/132	132	149821	train2017/000000549830.jpg
293.40234375	0.0	image/163	163	150222	train2017/000000032134.jpg
294.1953125	0.0	image/226	226	150628	train2017/000000571499.jpg
295.001953125	0.0	image/221	221	151041	train2017/000000575701.jpg
295.78515625	0.0	image/190	190	151442	train2017/000000038801.jpg
296.5703125	0.0	image/182	182	151844	train2017/000000298170.jpg
297.369140625	0.0	image/133	133	152253	train2017/000000026029.jpg
298.1875	0.0	image/169	169	152672	train2017/000000557886.jpg
298.986328125	0.0	image/201	201	153081	train2017/000000041606.jpg
299.78125	0.0	image/134	134	153488	train2017/000000550396.jpg
301.337890625	0.0	image/185	185	154285	train2017/000000036589.jpg
302.171875	0.0	image/196	196	154712	train2017/000000574784.jpg
303.771484375	0.0	image/217	217	155531	train2017/000000306988.jpg
305.388671875	0.0	image/228	228	156359	train2017/000000572215.jpg
306.22265625	0.0	image/140	140	156786	train2017/000000551164.jpg
307.005859375	0.0	image/148	148	157187	train2017/000000027665.jpg
307.7890625	0.0	image/157	157	157588	train2017/000000030109.jpg
308.58984375	0.0	image/213	213	157998	train2017/000000043815.jpg
309.423828125	0.0	image/232	232	158425	train2017/000000311232.jpg
310.2578125	0.0	image/217	217	158852	train2017/000000306988.jpg
311.07421875	0.0	image/145	145	159270	train2017/000000027298.jpg
311.890625	0.0	image/167	167	159688	train2017/000000032809.jpg
312.69140625	0.0	image/238	238	160098	train2017/000000050624.jpg
313.525390625	0.0	image/166	166	160525	train2017/000000556748.jpg
314.32421875	0.0	image/221	221	160934	train2017/000000575701.jpg
315.13671875	0.0	image/170	170	161350	train2017/000000033727.jpg
315.94921875	0.0	image/144	144	161766	train2017/000000354070.jpg
316.708984375	0.0	image/209	209	162155	train2017/000000043176.jpg
317.525390625	0.0	image/216	216	162573	train2017/000000225829.jpg
318.359375	0.0	image/182	182	163000	train2017/000000298170.jpg
319.17578125	0.0	image/230	230	163418	train2017/000000573337.jpg
319.958984375	0.0	image/227	227	163819	train2017/000000047638.jpg
320.77734375	0.0	image/209	209	164238	train2017/000000043176.jpg
321.560546875	0.0	image/141	141	164639	train2017/000000026981.jpg
322.359375	0.0	image/237	237	165048	train2017/000000095809.jpg
323.16015625	0.0	image/153	153	165458	train2017/000000553586.jpg
323.97265625	0.0	image/146	146	165874	train2017/000000289460.jpg
324.76171875	0.0	image/198	198	166278	train2017/000000303436.jpg
325.578125	0.0	image/186	186	166696	train2017/000000037358.jpg
326.388671875	0.0	image/192	192	167111	train2017/000000225054.jpg
327.169921875	0.0	image/220	220	167511	train2017/000000569645.jpg
327.9375	0.0	image/202	202	167904	train2017/000000566201.jpg
328.712890625	0.0	image/141	141	168301	train2017/000000026981.jpg
329.490234375	0.0	image/176	176	168699	train2017/000000297154.jpg
330.3125	0.0	image/203	203	169120	train2017/000000566261.jpg
331.130859375	0.0	image/233	233	169539	train2017/000000532520.jpg
332.748046875	0.0	image/181	181	170367	train2017/000000035927.jpg
333.53125	0.0	image/131	131	170768	train2017/000000549301.jpg
334.330078125	0.0	image/144	144	171177	train2017/000000354070.jpg
335.142578125	0.0	image/240	240	171593	train2017/000000575971.jpg
336.708984375	0.0	image/193	193	172395	train2017/000000564465.jpg
337.515625	0.0	image/215	215	172808	train2017/000000306249.jpg
339.1328125	0.0	image/223	223	173636	train2017/000000309135.jpg
339.943359375	0.0	image/205	205	174051	train2017/000000566341.jpg
341.533203125	0.0	image/203	203	174865	train2017/000000566261.jpg
342.333984375	0.0	image/199	199	175275	train2017/000000565652.jpg
343.134765625	0.0	image/187	187	175685	train2017/000000037779.jpg
343.951171875	0.0	image/123	123	176103	train2017/000000022256.jpg
344.75	0.0	image/212	212	176512	train2017/000000043776.jpg
345.53125	0.0	image/180	180	176912	train2017/000000297844.jpg
346.318359375	0.0	image/176	176	177315	train2017/000000297154.jpg
347.134765625	0.0	image/227	227	177733	train2017/000000047638.jpg
347.91796875	0.0	image/136	136	178134	train2017/000000026388.jpg
348.751953125	0.0	image/215	215	178561	train2017/000000306249.jpg
349.568359375	0.0	image/161	161	178979	train2017/000000293368.jpg
350.3515625	0.0	image/224	224	179380	train2017/000000309192.jpg
351.13671875	0.0	image/190	190	179782	train2017/000000038801.jpg
351.935546875	0.0	image/129	129	180191	train2017/000000023392.jpg
352.736328125	0.0	image/124	124	180601	train2017/000000122964.jpg
353.51953125	0.0	image/122	122	181002	train2017/000000546147.jpg
354.337890625	0.0	image/133	133	181421	train2017/000000026029.jpg
355.138671875	0.0	image/150	150	181831	train2017/000000552589.jpg
355.955078125	0.0	image/138	138	182249	train2017/000000288751.jpg
356.732421875	0.0	image/129	129	182647	train2017/000000023392.jpg
357.537109375	0.0	image/219	219	183059	train2017/000000219735.jpg
358.337890625	0.0	image/134	134	183469	train2017/000000550396.jpg
359.1484375	0.0	image/170	170	183884	train2017/000000033727.jpg
359.921875	0.0	image/184	184	184280	train2017/000000006053.jpg
360.705078125	0.0	image/240	240	184681	train2017/000000575971.jpg
361.521484375	0.0	image/211	211	185099	train2017/000000567837.jpg
362.35546875	0.0	image/194	194	185526	train2017/000000302588.jpg
363.189453125	0.0	image/206	206	185953	train2017/000000263276.jpg
363.97265625	0.0	image/139	139	186354	train2017/000000026702.jpg
364.806640625	0.0	image/235	235	186781	train2017/000000050256.jpg
365.623046875	0.0	image/239	239	187199	train2017/000000313480.jpg
366.451171875	0.0	image/132	132	187623	train2017/000000549830.jpg
367.2578125	0.0	image/139	139	188036	train2017/000000026702.jpg
368.908203125	0.0	image/128	128	188881	train2017/000000547644.jpg
369.69140625	0.0	image/231	231	189282	train2017/000000270325.jpg
370.525390625	0.0	image/188	188	189709	train2017/000000037823.jpg
371.30859375	0.0	image/223	223	190110	train2017/000000309135.jpg
372.109375	0.0	image/196	196	190520	train2017/000000574784.jpg
372.943359375	0.0	image/143	143	190947	train2017/000000027030.jpg
373.7265625	0.0	image/200	200	191348	train2017/000000565834.jpg
374.54296875	0.0	image/147	147	191766	train2017/000000289791.jpg
375.326171875	0.0	image/135	135	192167	train2017/000000288372.jpg
376.109375	0.0	image/189	189	192568	train2017/000000300881.jpg
376.921875	0.0	image/179	179	192984	train2017/000000559958.jpg
377.7265625	0.0	image/181	181	193396	train2017/000000035927.jpg
379.294921875	0.0	image/219	219	194199	train2017/000000219735.jpg
380.9609375	0.0	image/174	174	195052	train2017/000000559145.jpg
381.76171875	0.0	image/189	189	195462	train2017/000000300881.jpg
382.595703125	0.0	image/178	178	195889	train2017/000000355458.jpg
383.4296875	0.0	image/183	183	196316	train2017/000000298395.jpg
384.212890625	0.0	image/198	198	196717	train2017/000000303436.jpg
385.029296875	0.0	image/130	130	197135	train2017/000000548593.jpg
385.8125	0.0	image/151	151	197536	train2017/000000553150.jpg
386.61328125	0.0	image/160	160	197946	train2017/000000293130.jpg
387.41015625	0.0	image/140	140	198354	train2017/000000551164.jpg
388.23046875	0.0	image/233	233	198774	train2017/000000532520.jpg
389.796875	0.0	image/177	177	199576	train2017/000000573830.jpg
390.58203125	0.0	image/158	158	199978	train2017/000000030148.jpg
391.365234375	0.0	image/171	171	200379	train2017/000000033764.jpg
392.1484375	0.0	image/172	172	200780	train2017/000000558822.jpg
392.96484375	0.0	image/127	127	201198	train2017/000000285450.jpg
393.78125	0.0	image/171	171	201616	train2017/000000033764.jpg
394.58203125	0.0	image/200	200	202026	train2017/000000565834.jpg
395.365234375	0.0	image/202	202	202427	train2017/000000566201.jpg
396.1484375	0.0	image/166	166	202828	train2017/000000556748.jpg
396.93359375	0.0	image/207	207	203230	train2017/000000042578.jpg
397.73046875	0.0	image/222	222	203638	train2017/000000308950.jpg
398.55078125	0.0	image/174	174	204058	train2017/000000559145.jpg
399.345703125	0.0	image/191	191	204465	train2017/000000039196.jpg
400.150390625	0.0	image/224	224	204877	train2017/000000309192.jpg
400.951171875	0.0	image/172	172	205287	train2017/000000558822.jpg
401.779296875	0.0	image/160	160	205711	train2017/000000293130.jpg
403.435546875	0.0	image/201	201	206559	train2017/000000041606.jpg
404.236328125	0.0	image/226	226	206969	train2017/000000571499.jpg
405.013671875	0.0	image/177	177	207367	train2017/000000573830.jpg
405.818359375	0.0	image/208	208	207779	train2017/000000043150.jpg
406.603515625	0.0	image/173	173	208181	train2017/000000559816.jpg
407.40234375	0.0	image/206	206	208590	train2017/000000263276.jpg
408.19921875	0.0	image/185	185	208998	train2017/000000036589.jpg
409.013671875	0.0	image/194	194	209415	train2017/000000302588.jpg
409.787109375	0.0	image/138	138	209811	train2017/000000288751.jpg
410.62109375	0.0	image/214	214	210238	train2017/000000306031.jpg
411.4375	0.0	image/225	225	210656	train2017/000000047172.jpg
412.220703125	0.0	image/131	131	211057	train2017/000000549301.jpg
413.037109375	0.0	image/126	126	211475	train2017/000000547367.jpg
413.849609375	0.0	image/127	127	211891	train2017/000000285450.jpg
414.654296875	0.0	image/155	155	212303	train2017/000000029730.jpg
415.439453125	0.0	image/154	154	212705	train2017/000000291560.jpg
416.255859375	0.0	image/143	143	213123	train2017/000000027030.jpg
417.0390625	0.0	image/197	197	213524	train2017/000000303392.jpg
417.83984375	0.0	image/142	142	213934	train2017/000000027002.jpg
418.666015625	0.0	image/179	179	214357	train2017/000000559958.jpg
420.255859375	0.0	image/152	152	215171	train2017/000000553166.jpg
421.06640625	0.0	image/195	195	215586	train2017/000000040685.jpg
422.66796875	0.0	image/192	192	216406	train2017/000000225054.jpg
423.46875	0.0	image/231	231	216816	train2017/000000270325.jpg
424.275390625	0.0	image/126	126	217229	train2017/000000547367.jpg
425.07421875	0.0	image/123	123	217638	train2017/000000022256.jpg
426.658203125	0.0	image/188	188	218449	train2017/000000037823.jpg
427.458984375	0.0	image/157	157	218859	train2017/000000030109.jpg
428.275390625	0.0	image/218	218	219277	train2017/000000569196.jpg
429.095703125	0.0	image/204	204	219697	train2017/000000304187.jpg
429.888671875	0.0	image/197	197	220103	train2017/000000303392.jpg
430.66015625	0.0	image/165	165	220498	train2017/000000032275.jpg
431.4609375	0.0	image/239	239	220908	train2017/000000313480.jpg
432.255859375	0.0	image/207	207	221315	train2017/000000042578.jpg
439.408203125	0.0	image/276	276	224977	train2017/000000322008.jpg
440.2421875	0.0	image/255	255	225404	train2017/000000055184.jpg
441.05859375	0.0	image/318	318	225822	train2017/000000069705.jpg
441.869140625	0.0	image/246	246	226237	train2017/000000576749.jpg
442.693359375	0.0	image/335	335	226659	train2017/000000071927.jpg
443.47265625	0.0	image/345	345	227058	train2017/000000281567.jpg
444.271484375	0.0	image/270	270	227467	train2017/000000058407.jpg
445.0546875	0.0	image/324	324	227868	train2017/000000332692.jpg
445.873046875	0.0	image/322	322	228287	train2017/000000070421.jpg
446.671875	0.0	image/294	294	228696	train2017/000000325710.jpg
447.453125	0.0	image/305	305	229096	train2017/000000067347.jpg
448.255859375	0.0	image/285	285	229507	train2017/000000061174.jpg
449.052734375	0.0	image/328	328	229915	train2017/000000071429.jpg
449.8203125	0.0	image/286	286	230308	train2017/000000323397.jpg
450.646484375	0.0	image/273	273	230731	train2017/000000059321.jpg
451.419921875	0.0	image/280	280	231127	train2017/000000322255.jpg
452.22265625	0.0	image/313	313	231538	train2017/000000011373.jpg
452.990234375	0.0	image/355	355	231931	train2017/000000338670.jpg
453.75390625	0.0	image/250	250	232322	train2017/000000577964.jpg
454.537109375	0.0	image/347	347	232723	train2017/000000074390.jpg
455.32421875	0.0	image/295	295	233126	train2017/000000010743.jpg
456.109375	0.0	image/270	270	233528	train2017/000000058407.jpg
456.921875	0.0	image/288	288	233944	train2017/000000061288.jpg
457.740234375	0.0	image/287	287	234363	train2017/000000061266.jpg
459.30859375	0.0	image/313	313	235166	train2017/000000011373.jpg
460.076171875	0.0	image/346	346	235559	train2017/000000336374.jpg
461.630859375	0.0	image/255	255	236355	train2017/000000055184.jpg
462.408203125	0.0	image/291	291	236753	train2017/000000490875.jpg
463.224609375	0.0	image/264	264	237171	train2017/000000001877.jpg
463.990234375	0.0	image/304	304	237563	train2017/000000066696.jpg
464.794921875	0.0	image/266	266	237975	train2017/000000056837.jpg
465.595703125	0.0	image/350	350	238385	train2017/000000074828.jpg
466.390625	0.0	image/252	252	238792	train2017/000000578169.jpg
468.0	0.0	image/261	261	239616	train2017/000000317781.jpg
468.80859375	0.0	image/359	359	240030	train2017/000000078000.jpg
469.580078125	0.0	image/299	299	240425	train2017/000000327191.jpg
470.34375	0.0	image/333	333	240816	train2017/000000334011.jpg
471.11328125	0.0	image/325	325	241210	train2017/000000002349.jpg
471.912109375	0.0	image/343	343	241619	train2017/000000335824.jpg
472.693359375	0.0	image/241	241	242019	train2017/000000576011.jpg
473.498046875	0.0	image/297	297	242431	train2017/000000065012.jpg
474.26171875	0.0	image/330	330	242822	train2017/000000333629.jpg
475.048828125	0.0	image/282	282	243225	train2017/000000053842.jpg
475.84765625	0.0	image/277	277	243634	train2017/000000009983.jpg
476.666015625	0.0	image/263	263	244053	train2017/000000318444.jpg
477.48046875	0.0	image/274	274	244470	train2017/000000321902.jpg
478.263671875	0.0	image/241	241	244871	train2017/000000576011.jpg
479.03515625	0.0	image/344	344	245266	train2017/000000073997.jpg
479.822265625	0.0	image/309	309	245669	train2017/000000330084.jpg
480.630859375	0.0	image/298	298	246083	train2017/000000065029.jpg
481.396484375	0.0	image/284	284	246475	train2017/000000323182.jpg
482.1796875	0.0	image/243	243	246876	train2017/000000560396.jpg
482.94921875	0.0	image/259	259	247270	train2017/000000055402.jpg
483.734375	0.0	image/278	278	247672	train2017/000000009987.jpg
484.552734375	0.0	image/331	331	248091	train2017/000000333654.jpg
485.33203125	0.0	image/256	256	248490	train2017/000000009199.jpg
486.099609375	0.0	image/306	306	248883	train2017/000000281575.jpg
486.91796875	0.0	image/338	338	249302	train2017/000000334772.jpg
487.703125	0.0	image/336	336	249704	train2017/000000334208.jpg
488.515625	0.0	image/257	257	250120	train2017/000000055206.jpg
489.33203125	0.0	image/341	341	250538	train2017/000000492851.jpg
490.1328125	0.0	image/261	261	250948	train2017/000000317781.jpg
490.916015625	0.0	image/318	318	251349	train2017/000000069705.jpg
491.69921875	0.0	image/274	274	251750	train2017/000000321902.jpg
492.466796875	0.0	image/242	242	252143	train2017/000000051774.jpg
494.0703125	0.0	image/312	312	252964	train2017/000000068238.jpg
494.833984375	0.0	image/341	341	253355	train2017/000000492851.jpg
495.640625	0.0	image/303	303	253768	train2017/000000328628.jpg
497.236328125	0.0	image/329	329	254585	train2017/000000333615.jpg
498.0546875	0.0	image/291	291	255004	train2017/000000490875.jpg
498.837890625	0.0	image/316	316	255405	train2017/000000246728.jpg
499.65234375	0.0	image/271	271	255822	train2017/000000058465.jpg
500.44140625	0.0	image/314	314	256226	train2017/000000055090.jpg
501.224609375	0.0	image/245	245	256627	train2017/000000052348.jpg
502.005859375	0.0	image/252	252	257027	train2017/000000578169.jpg
502.8046875	0.0	image/348	348	257436	train2017/000000074461.jpg
503.587890625	0.0	image/320	320	257837	train2017/000000332448.jpg
504.39453125	0.0	image/263	263	258250	train2017/000000318444.jpg
505.1875	0.0	image/253	253	258656	train2017/000000054001.jpg
506.005859375	0.0	image/279	279	259075	train2017/000000322246.jpg
506.8046875	0.0	image/267	267	259484	train2017/000000057631.jpg
507.578125	0.0	image/281	281	259880	train2017/000000323010.jpg
508.357421875	0.0	image/342	342	260279	train2017/000000335688.jpg
509.923828125	0.0	image/326	326	261081	train2017/000000332875.jpg
510.72265625	0.0	image/272	272	261490	train2017/000000359337.jpg
511.5234375	0.0	image/354	354	261900	train2017/000000076476.jpg
513.08984375	0.0	image/340	340	262702	train2017/000000335063.jpg
514.673828125	0.0	image/308	308	263513	train2017/000000067623.jpg
515.4765625	0.0	image/271	271	263924	train2017/000000058465.jpg
516.27734375	0.0	image/353	353	264334	train2017/000000338169.jpg
517.09375	0.0	image/281	281	264752	train2017/000000323010.jpg
517.876953125	0.0	image/329	329	265153	train2017/000000333615.jpg
518.693359375	0.0	image/256	256	265571	train2017/000000009199.jpg
519.4921875	0.0	image/317	317	265980	train2017/000000069625.jpg
520.294921875	0.0	image/301	301	266391	train2017/000000066253.jpg
521.09375	0.0	image/251	251	266800	train2017/000000053778.jpg
521.875	0.0	image/315	315	267200	train2017/000000068623.jpg
522.677734375	0.0	image/243	243	267611	train2017/000000560396.jpg
523.4921875	0.0	image/273	273	268028	train2017/000000059321.jpg
524.30859375	0.0	image/337	337	268446	train2017/000000072095.jpg
525.109375	0.0	image/352	352	268856	train2017/000000274776.jpg
525.86328125	0.0	image/324	324	269242	train2017/000000332692.jpg
526.677734375	0.0	image/304	304	269659	train2017/000000066696.jpg
527.46484375	0.0	image/296	296	270062	train2017/000000064534.jpg
528.27734375	0.0	image/292	292	270478	train2017/000000323970.jpg
529.095703125	0.0	image/332	332	270897	train2017/000000579906.jpg
529.859375	0.0	image/244	244	271288	train2017/000000314379.jpg
530.66015625	0.0	image/308	308	271698	train2017/000000067623.jpg
531.447265625	0.0	image/360	360	272101	train2017/000000078042.jpg
532.244140625	0.0	image/346	346	272509	train2017/000000336374.jpg
533.02734375	0.0	image/249	249	272910	train2017/000000577817.jpg
533.828125	0.0	image/306	306	273320	train2017/000000281575.jpg
534.595703125	0.0	image/248	248	273713	train2017/000000455691.jpg
535.39453125	0.0	image/244	244	274122	train2017/000000314379.jpg
536.216796875	0.0	image/334	334	274543	train2017/000000334048.jpg
537.015625	0.0	image/331	331	274952	train2017/000000333654.jpg
537.78125	0.0	image/339	339	275344	train2017/000000072715.jpg
538.580078125	0.0	image/258	258	275753	train2017/000000055294.jpg
539.345703125	0.0	image/247	247	276145	train2017/000000576789.jpg
540.11328125	0.0	image/279	279	276538	train2017/000000322246.jpg
540.880859375	0.0	image/349	349	276931	train2017/000000074714.jpg
541.630859375	0.0	image/354	354	277315	train2017/000000076476.jpg
542.447265625	0.0	image/245	245	277733	train2017/000000052348.jpg
543.98046875	0.0	image/350	350	278518	train2017/000000074828.jpg
544.798828125	0.0	image/347	347	278937	train2017/000000074390.jpg
545.59765625	0.0	image/321	321	279346	train2017/000000332498.jpg
546.416015625	0.0	image/311	311	279765	train2017/000000067961.jpg
547.232421875	0.0	image/286	286	280183	train2017/000000323397.jpg
547.982421875	0.0	image/250	250	280567	train2017/000000577964.jpg
548.783203125	0.0	image/333	333	280977	train2017/000000334011.jpg
549.552734375	0.0	image/289	289	281371	train2017/000000061559.jpg
550.349609375	0.0	image/322	322	281779	train2017/000000070421.jpg
551.1171875	0.0	image/344	344	282172	train2017/000000073997.jpg
551.88671875	0.0	image/357	357	282566	train2017/000000338987.jpg
553.46875	0.0	image/336	336	283376	train2017/000000334208.jpg
554.259765625	0.0	image/319	319	283781	train2017/000000332261.jpg
555.076171875	0.0	image/300	300	284199	train2017/000000065400.jpg
555.88671875	0.0	image/327	327	284614	train2017/000000333152.jpg
556.7109375	0.0	image/340	340	285036	train2017/000000335063.jpg
558.34375	0.0	image/258	258	285872	train2017/000000055294.jpg
559.14453125	0.0	image/249	249	286282	train2017/000000577817.jpg
559.9453125	0.0	image/265	265	286692	train2017/000000580813.jpg
560.76171875	0.0	image/300	300	287110	train2017/000000065400.jpg
561.5390625	0.0	image/289	289	287508	train2017/000000061559.jpg
562.328125	0.0	image/275	275	287912	train2017/000000403184.jpg
563.130859375	0.0	image/349	349	288323	train2017/000000074714.jpg
563.912109375	0.0	image/314	314	288723	train2017/000000055090.jpg
564.70703125	0.0	image/283	283	289130	train2017/000000359687.jpg
565.529296875	0.0	image/282	282	289551	train2017/000000053842.jpg
567.146484375	0.0	image/277	277	290379	train2017/000000009983.jpg
567.9296875	0.0	image/312	312	290780	train2017/000000068238.jpg
568.763671875	0.0	image/323	323	291207	train2017/000000332574.jpg
570.380859375	0.0	image/268	268	292035	train2017/000000057796.jpg
571.181640625	0.0	image/326	326	292445	train2017/000000332875.jpg
572.748046875	0.0	image/293	293	293247	train2017/000000062547.jpg
573.525390625	0.0	image/290	290	293645	train2017/000000534553.jpg
574.33203125	0.0	image/268	268	294058	train2017/000000057796.jpg
575.14453125	0.0	image/343	343	294474	train2017/000000335824.jpg
575.94921875	0.0	image/342	342	294886	train2017/000000335688.jpg
576.75	0.0	image/310	310	295296	train2017/000000330086.jpg
577.533203125	0.0	image/251	251	295697	train2017/000000053778.jpg
578.3671875	0.0	image/299	299	296124	train2017/000000327191.jpg
579.9453125	0.0	image/357	357	296932	train2017/000000338987.jpg
580.75	0.0	image/316	316	297344	train2017/000000246728.jpg
581.583984375	0.0	image/285	285	297771	train2017/000000061174.jpg
582.384765625	0.0	image/276	276	298181	train2017/000000322008.jpg
583.185546875	0.0	image/325	325	298591	train2017/000000002349.jpg
584.01953125	0.0	image/267	267	299018	train2017/000000057631.jpg
584.802734375	0.0	image/317	317	299419	train2017/000000069625.jpg
585.580078125	0.0	image/302	302	299817	train2017/000000328454.jpg
586.40234375	0.0	image/360	360	300238	train2017/000000078042.jpg
587.21875	0.0	image/315	315	300656	train2017/000000068623.jpg
588.037109375	0.0	image/260	260	301075	train2017/000000055514.jpg
588.853515625	0.0	image/345	345	301493	train2017/000000281567.jpg
589.6640625	0.0	image/307	307	301908	train2017/000000329641.jpg
590.470703125	0.0	image/302	302	302321	train2017/000000328454.jpg
591.3046875	0.0	image/265	265	302748	train2017/000000580813.jpg
592.12890625	0.0	image/266	266	303170	train2017/000000056837.jpg
593.720703125	0.0	image/283	283	303985	train2017/000000359687.jpg
594.5390625	0.0	image/290	290	304404	train2017/000000534553.jpg
595.333984375	0.0	image/287	287	304811	train2017/000000061266.jpg
596.146484375	0.0	image/298	298	305227	train2017/000000065029.jpg
596.9140625	0.0	image/254	254	305620	train2017/000000317061.jpg
597.669921875	0.0	image/327	327	306007	train2017/000000333152.jpg
598.47265625	0.0	image/330	330	306418	train2017/000000333629.jpg
599.2734375	0.0	image/269	269	306828	train2017/000000320533.jpg
600.1015625	0.0	image/259	259	307252	train2017/000000055402.jpg
600.923828125	0.0	image/309	309	307673	train2017/000000330084.jpg
601.734375	0.0	image/337	337	308088	train2017/000000072095.jpg
602.537109375	0.0	image/319	319	308499	train2017/000000332261.jpg
603.357421875	0.0	image/359	359	308919	train2017/000000078000.jpg
604.15234375	0.0	image/351	351	309326	train2017/000000337479.jpg
604.958984375	0.0	image/246	246	309739	train2017/000000576749.jpg
605.775390625	0.0	image/321	321	310157	train2017/000000332498.jpg
606.609375	0.0	image/294	294	310584	train2017/000000325710.jpg
607.392578125	0.0	image/311	311	310985	train2017/000000067961.jpg
608.201171875	0.0	image/355	355	311399	train2017/000000338670.jpg
609.826171875	0.0	image/242	242	312231	train2017/000000051774.jpg
610.626953125	0.0	image/262	262	312641	train2017/000000318381.jpg
611.4609375	0.0	image/358	358	313068	train2017/000000077870.jpg
612.271484375	0.0	image/339	339	313483	train2017/000000072715.jpg
613.09375	0.0	image/348	348	313904	train2017/000000074461.jpg
613.873046875	0.0	image/352	352	314303	train2017/000000274776.jpg
614.64453125	0.0	image/248	248	314698	train2017/000000455691.jpg
615.427734375	0.0	image/356	356	315099	train2017/000000012795.jpg
616.2109375	0.0	image/253	253	315500	train2017/000000054001.jpg
616.98828125	0.0	image/275	275	315898	train2017/000000403184.jpg
618.578125	0.0	image/303	303	316712	train2017/000000328628.jpg
619.412109375	0.0	image/338	338	317139	train2017/000000334772.jpg
620.24609375	0.0	image/323	323	317566	train2017/000000332574.jpg
621.830078125	0.0	image/301	301	318377	train2017/000000066253.jpg
623.4296875	0.0	image/353	353	319196	train2017/000000338169.jpg
624.23046875	0.0	image/356	356	319606	train2017/000000012795.jpg
625.013671875	0.0	image/288	288	320007	train2017/000000061288.jpg
625.841796875	0.0	image/296	296	320431	train2017/000000064534.jpg
626.626953125	0.0	image/284	284	320833	train2017/000000323182.jpg
627.44921875	0.0	image/351	351	321254	train2017/000000337479.jpg
628.244140625	0.0	image/254	254	321661	train2017/000000317061.jpg
629.02734375	0.0	image/295	295	322062	train2017/000000010743.jpg
629.849609375	0.0	image/278	278	322483	train2017/000000009987.jpg
630.6484375	0.0	image/310	310	322892	train2017/000000330086.jpg
631.44921875	0.0	image/307	307	323302	train2017/000000329641.jpg
633.017578125	0.0	image/328	328	324105	train2017/000000071429.jpg
633.81640625	0.0	image/260	260	324514	train2017/000000055514.jpg
634.650390625	0.0	image/262	262	324941	train2017/000000318381.jpg
635.447265625	0.0	image/280	280	325349	train2017/000000322255.jpg
636.267578125	0.0	image/320	320	325769	train2017/000000332448.jpg
637.05078125	0.0	image/332	332	326170	train2017/000000579906.jpg
637.884765625	0.0	image/247	247	326597	train2017/000000576789.jpg
638.701171875	0.0	image/292	292	327015	train2017/000000323970.jpg
639.49609375	0.0	image/293	293	327422	train2017/000000062547.jpg
640.26953125	0.0	image/297	297	327818	train2017/000000065012.jpg
641.1015625	0.0	image/334	334	328244	train2017/000000334048.jpg
641.919921875	0.0	image/264	264	328663	train2017/000000001877.jpg
643.50390625	0.0	image/272	272	329474	train2017/000000359337.jpg
644.3359375	0.0	image/257	257	329900	train2017/000000055206.jpg
645.9375	0.0	image/269	269	330720	train2017/000000320533.jpg
646.771484375	0.0	image/335	335	331147	train2017/000000071927.jpg
647.564453125	0.0	image/305	305	331553	train2017/000000067347.jpg
649.171875	0.0	image/358	358	332376	train2017/000000077870.jpg
657.27734375	0.0	image/441	441	336526	train2017/000000099363.jpg
658.08984375	0.0	image/409	409	336942	train2017/000000090827.jpg
658.888671875	0.0	image/417	417	337351	train2017/000000092001.jpg
659.6953125	0.0	image/468	468	337764	train2017/000000542304.jpg
661.294921875	0.0	image/451	451	338583	train2017/000000365003.jpg
662.10546875	0.0	image/395	395	338998	train2017/000000087146.jpg
662.890625	0.0	image/363	363	339400	train2017/000000079111.jpg
663.712890625	0.0	image/450	450	339821	train2017/000000570785.jpg
665.37890625	0.0	image/472	472	340674	train2017/000000110780.jpg
666.15625	0.0	image/468	468	341072	train2017/000000542304.jpg
666.9609375	0.0	image/444	444	341484	train2017/000000100396.jpg
667.779296875	0.0	image/378	378	341903	train2017/000000319517.jpg
668.564453125	0.0	image/415	415	342305	train2017/000000354045.jpg
670.1484375	0.0	image/408	408	343116	train2017/000000352861.jpg
670.931640625	0.0	image/414	414	343517	train2017/000000091784.jpg
671.744140625	0.0	image/398	398	343933	train2017/000000087871.jpg
672.513671875	0.0	image/431	431	344327	train2017/000000095828.jpg
673.33203125	0.0	image/453	453	344746	train2017/000000103366.jpg
674.931640625	0.0	image/432	432	345565	train2017/000000096161.jpg
675.716796875	0.0	image/384	384	345967	train2017/000000345725.jpg
676.533203125	0.0	image/467	467	346385	train2017/000000017935.jpg
677.31640625	0.0	image/388	388	346786	train2017/000000084174.jpg
678.1171875	0.0	image/362	362	347196	train2017/000000340734.jpg
678.947265625	0.0	image/393	393	347621	train2017/000000086811.jpg
679.767578125	0.0	image/435	435	348041	train2017/000000097218.jpg
680.583984375	0.0	image/443	443	348459	train2017/000000099580.jpg
681.41796875	0.0	image/470	470	348886	train2017/000000110611.jpg
682.232421875	0.0	image/441	441	349303	train2017/000000099363.jpg
683.068359375	0.0	image/416	416	349731	train2017/000000354095.jpg
683.8515625	0.0	image/419	419	350132	train2017/000000092288.jpg
684.65234375	0.0	image/361	361	350542	train2017/000000340317.jpg
685.435546875	0.0	image/391	391	350943	train2017/000000346795.jpg
686.263671875	0.0	image/379	379	351367	train2017/000000569678.jpg
687.0859375	0.0	image/369	369	351788	train2017/000000080987.jpg
687.869140625	0.0	image/439	439	352189	train2017/000000361193.jpg
688.685546875	0.0	image/394	394	352607	train2017/000000087126.jpg
689.51953125	0.0	image/391	391	353034	train2017/000000346795.jpg
690.314453125	0.0	image/466	466	353441	train2017/000000107204.jpg
691.953125	0.0	image/383	383	354280	train2017/000000083393.jpg
692.73828125	0.0	image/390	390	354682	train2017/000000346754.jpg
693.521484375	0.0	image/479	479	355083	train2017/000000114077.jpg
694.3046875	0.0	image/432	432	355484	train2017/000000096161.jpg
695.138671875	0.0	image/397	397	355911	train2017/000000087334.jpg
695.921875	0.0	image/362	362	356312	train2017/000000340734.jpg
696.755859375	0.0	image/415	415	356739	train2017/000000354045.jpg
698.373046875	0.0	image/367	367	357567	train2017/000000080619.jpg
699.15625	0.0	image/412	412	357968	train2017/000000408492.jpg
699.939453125	0.0	image/461	461	358369	train2017/000000106107.jpg
700.740234375	0.0	image/365	365	358779	train2017/000000080084.jpg
701.517578125	0.0	image/386	386	359177	train2017/000000083632.jpg
702.32421875	0.0	image/410	410	359590	train2017/000000090994.jpg
703.140625	0.0	image/411	411	360008	train2017/000000091005.jpg
703.974609375	0.0	image/387	387	360435	train2017/000000083738.jpg
704.802734375	0.0	image/421	421	360859	train2017/000000354761.jpg
706.42578125	0.0	image/384	384	361690	train2017/000000345725.jpg
707.208984375	0.0	image/403	403	362091	train2017/000000089908.jpg
708.025390625	0.0	image/427	427	362509	train2017/000000357228.jpg
708.841796875	0.0	image/414	414	362927	train2017/000000091784.jpg
709.677734375	0.0	image/452	452	363355	train2017/000000365218.jpg
710.505859375	0.0	image/426	426	363779	train2017/000000357074.jpg
711.326171875	0.0	image/405	405	364199	train2017/000000189765.jpg
712.1015625	0.0	image/459	459	364596	train2017/000000366802.jpg
712.87109375	0.0	image/469	469	364990	train2017/000000370369.jpg
713.677734375	0.0	image/479	479	365403	train2017/000000114077.jpg
714.48828125	0.0	image/466	466	365818	train2017/000000107204.jpg
715.310546875	0.0	image/455	455	366239	train2017/000000104044.jpg
716.095703125	0.0	image/386	386	366641	train2017/000000083632.jpg
716.921875	0.0	image/406	406	367064	train2017/000000352236.jpg
717.712890625	0.0	image/471	471	367469	train2017/000000372775.jpg
718.529296875	0.0	image/374	374	367887	train2017/000000046372.jpg
719.326171875	0.0	image/371	371	368295	train2017/000000081365.jpg
720.095703125	0.0	image/380	380	368689	train2017/000000082650.jpg
720.87890625	0.0	image/445	445	369090	train2017/000000362677.jpg
721.662109375	0.0	image/418	418	369491	train2017/000000092221.jpg
722.458984375	0.0	image/457	457	369899	train2017/000000366396.jpg
723.263671875	0.0	image/361	361	370311	train2017/000000340317.jpg
724.080078125	0.0	image/459	459	370729	train2017/000000366802.jpg
725.681640625	0.0	image/478	478	371549	train2017/000000114035.jpg
726.46484375	0.0	image/369	369	371950	train2017/000000080987.jpg
727.263671875	0.0	image/477	477	372359	train2017/000000113593.jpg
728.076171875	0.0	image/401	401	372775	train2017/000000088414.jpg
729.666015625	0.0	image/462	462	373589	train2017/000000368852.jpg
730.5	0.0	image/463	463	374016	train2017/000000369171.jpg
731.294921875	0.0	image/363	363	374423	train2017/000000079111.jpg
732.1171875	0.0	image/472	472	374844	train2017/000000110780.jpg
732.947265625	0.0	image/364	364	375269	train2017/000000275335.jpg
733.75	0.0	image/437	437	375680	train2017/000000060117.jpg
734.56640625	0.0	image/403	403	376098	train2017/000000089908.jpg
735.384765625	0.0	image/390	390	376517	train2017/000000346754.jpg
736.177734375	0.0	image/457	457	376923	train2017/000000366396.jpg
736.962890625	0.0	image/475	475	377325	train2017/000000373970.jpg
737.751953125	0.0	image/389	389	377729	train2017/000000346583.jpg
738.568359375	0.0	image/431	431	378147	train2017/000000095828.jpg
739.36328125	0.0	image/438	438	378554	train2017/000000147547.jpg
740.15234375	0.0	image/407	407	378958	train2017/000000352724.jpg
740.986328125	0.0	image/395	395	379385	train2017/000000087146.jpg
741.802734375	0.0	image/455	455	379803	train2017/000000104044.jpg
742.619140625	0.0	image/438	438	380221	train2017/000000147547.jpg
743.416015625	0.0	image/396	396	380629	train2017/000000349363.jpg
744.203125	0.0	image/436	436	381032	train2017/000000098480.jpg
745.037109375	0.0	image/379	379	381459	train2017/000000569678.jpg
745.853515625	0.0	image/376	376	381877	train2017/000000081995.jpg
746.669921875	0.0	image/445	445	382295	train2017/000000362677.jpg
747.470703125	0.0	image/440	440	382705	train2017/000000361197.jpg
748.25390625	0.0	image/381	381	383106	train2017/000000082770.jpg
749.048828125	0.0	image/419	419	383513	train2017/000000092288.jpg
749.87109375	0.0	image/417	417	383934	train2017/000000092001.jpg
751.48828125	0.0	image/433	433	384762	train2017/000000359085.jpg
752.322265625	0.0	image/404	404	385189	train2017/000000352129.jpg
753.1328125	0.0	image/465	465	385604	train2017/000000369253.jpg
753.935546875	0.0	image/473	473	386015	train2017/000000372959.jpg
754.751953125	0.0	image/429	429	386433	train2017/000000095337.jpg
755.521484375	0.0	image/366	366	386827	train2017/000000080275.jpg
756.33984375	0.0	image/394	394	387246	train2017/000000087126.jpg
757.95703125	0.0	image/383	383	388074	train2017/000000083393.jpg
758.740234375	0.0	image/372	372	388475	train2017/000000081474.jpg
759.541015625	0.0	image/422	422	388885	train2017/000000059194.jpg
761.19140625	0.0	image/440	440	389730	train2017/000000361197.jpg
761.9921875	0.0	image/412	412	390140	train2017/000000408492.jpg
762.79296875	0.0	image/447	447	390550	train2017/000000100863.jpg
763.625	0.0	image/397	397	390976	train2017/000000087334.jpg
764.458984375	0.0	image/424	424	391403	train2017/000000277778.jpg
765.29296875	0.0	image/368	368	391830	train2017/000000008471.jpg
766.109375	0.0	image/400	400	392248	train2017/000000350299.jpg
767.77734375	0.0	image/451	451	393102	train2017/000000365003.jpg
768.578125	0.0	image/430	430	393512	train2017/000000357865.jpg
770.193359375	0.0	image/389	389	394339	train2017/000000346583.jpg
770.994140625	0.0	image/420	420	394749	train2017/000000092353.jpg
771.794921875	0.0	image/469	469	395159	train2017/000000370369.jpg
772.57421875	0.0	image/425	425	395558	train2017/000000356771.jpg
773.37890625	0.0	image/382	382	395970	train2017/000000345149.jpg
774.189453125	0.0	image/428	428	396385	train2017/000000095176.jpg
774.990234375	0.0	image/461	461	396795	train2017/000000106107.jpg
775.796875	0.0	image/367	367	397208	train2017/000000080619.jpg
776.58984375	0.0	image/434	434	397614	train2017/000000097201.jpg
777.392578125	0.0	image/460	460	398025	train2017/000000367552.jpg
779.013671875	0.0	image/444	444	398855	train2017/000000100396.jpg
779.796875	0.0	image/413	413	399256	train2017/000000364806.jpg
780.580078125	0.0	image/452	452	399657	train2017/000000365218.jpg
781.4140625	0.0	image/433	433	400084	train2017/000000359085.jpg
782.2421875	0.0	image/368	368	400508	train2017/000000008471.jpg
783.015625	0.0	image/398	398	400904	train2017/000000087871.jpg
783.83203125	0.0	image/422	422	401322	train2017/000000059194.jpg
784.615234375	0.0	image/423	423	401723	train2017/000000355622.jpg
785.41015625	0.0	image/421	421	402130	train2017/000000354761.jpg
786.232421875	0.0	image/375	375	402551	train2017/000000081961.jpg
787.015625	0.0	image/471	471	402952	train2017/000000372775.jpg
787.81640625	0.0	image/470	470	403362	train2017/000000110611.jpg
788.599609375	0.0	image/402	402	403763	train2017/000000088835.jpg
790.234375	0.0	image/435	435	404600	train2017/000000097218.jpg
791.05078125	0.0	image/429	429	405018	train2017/000000095337.jpg
791.833984375	0.0	image/404	404	405419	train2017/000000352129.jpg
792.650390625	0.0	image/374	374	405837	train2017/000000046372.jpg
793.46875	0.0	image/385	385	406256	train2017/000000345751.jpg
794.24609375	0.0	image/402	402	406654	train2017/000000088835.jpg
795.068359375	0.0	image/447	447	407075	train2017/000000100863.jpg
795.869140625	0.0	image/370	370	407485	train2017/000000081105.jpg
796.685546875	0.0	image/377	377	407903	train2017/000000450584.jpg
797.470703125	0.0	image/381	381	408305	train2017/000000082770.jpg
798.248046875	0.0	image/475	475	408703	train2017/000000373970.jpg
799.0703125	0.0	image/371	371	409124	train2017/000000081365.jpg
800.63671875	0.0	image/450	450	409926	train2017/000000570785.jpg
801.453125	0.0	image/399	399	410344	train2017/000000320508.jpg
802.26953125	0.0	image/370	370	410762	train2017/000000081105.jpg
803.0859375	0.0	image/477	477	411180	train2017/000000113593.jpg
804.654296875	0.0	image/373	373	411983	train2017/000000081841.jpg
805.484375	0.0	image/474	474	412408	train2017/000000373679.jpg
806.3046875	0.0	image/458	458	412828	train2017/000000104502.jpg
807.921875	0.0	image/382	382	413656	train2017/000000345149.jpg
809.5390625	0.0	image/454	454	414484	train2017/000000366146.jpg
810.322265625	0.0	image/442	442	414885	train2017/000000361648.jpg
811.140625	0.0	image/407	407	415304	train2017/000000352724.jpg
811.939453125	0.0	image/474	474	415713	train2017/000000373679.jpg
813.5234375	0.0	image/365	365	416524	train2017/000000080084.jpg
814.32421875	0.0	image/424	424	416934	train2017/000000277778.jpg
815.958984375	0.0	image/427	427	417771	train2017/000000357228.jpg
816.78125	0.0	image/456	456	418192	train2017/000000104081.jpg
817.587890625	0.0	image/449	449	418605	train2017/000000101952.jpg
818.392578125	0.0	image/448	448	419017	train2017/000000101069.jpg
819.17578125	0.0	image/467	467	419418	train2017/000000017935.jpg
820.001953125	0.0	image/364	364	419841	train2017/000000275335.jpg
820.791015625	0.0	image/464	464	420245	train2017/000000369230.jpg
821.568359375	0.0	image/463	463	420643	train2017/000000369171.jpg
822.388671875	0.0	image/413	413	421063	train2017/000000364806.jpg
823.2109375	0.0	image/448	448	421484	train2017/000000101069.jpg
823.98828125	0.0	image/454	454	421882	train2017/000000366146.jpg
824.810546875	0.0	image/430	430	422303	train2017/000000357865.jpg
825.59375	0.0	image/423	423	422704	train2017/000000355622.jpg
826.37109375	0.0	image/406	406	423102	train2017/000000352236.jpg
827.173828125	0.0	image/436	436	423513	train2017/000000098480.jpg
827.978515625	0.0	image/462	462	423925	train2017/000000368852.jpg
828.794921875	0.0	image/439	439	424343	train2017/000000361193.jpg
829.57421875	0.0	image/473	473	424742	train2017/000000372959.jpg
830.345703125	0.0	image/428	428	425137	train2017/000000095176.jpg
831.15625	0.0	image/401	401	425552	train2017/000000088414.jpg
832.73828125	0.0	image/416	416	426362	train2017/000000354095.jpg
833.546875	0.0	image/418	418	426776	train2017/000000092221.jpg
834.34765625	0.0	image/392	392	427186	train2017/000000348204.jpg
835.173828125	0.0	image/377	377	427609	train2017/000000450584.jpg
835.994140625	0.0	image/408	408	428029	train2017/000000352861.jpg
836.78125	0.0	image/446	446	428432	train2017/000000100599.jpg
837.615234375	0.0	image/425	425	428859	train2017/000000356771.jpg
838.447265625	0.0	image/453	453	429285	train2017/000000103366.jpg
839.265625	0.0	image/388	388	429704	train2017/000000084174.jpg
840.044921875	0.0	image/460	460	430103	train2017/000000367552.jpg
840.849609375	0.0	image/480	480	430515	train2017/000000376407.jpg
841.66015625	0.0	image/380	380	430930	train2017/000000082650.jpg
842.466796875	0.0	image/376	376	431343	train2017/000000081995.jpg
843.25	0.0	image/411	411	431744	train2017/000000091005.jpg
844.02734375	0.0	image/456	456	432142	train2017/000000104081.jpg
844.8125	0.0	image/396	396	432544	train2017/000000349363.jpg
845.58203125	0.0	image/464	464	432938	train2017/000000369230.jpg
846.400390625	0.0	image/420	420	433357	train2017/000000092353.jpg
847.212890625	0.0	image/366	366	433773	train2017/000000080275.jpg
848.03515625	0.0	image/446	446	434194	train2017/000000100599.jpg
848.86328125	0.0	image/480	480	434618	train2017/000000376407.jpg
849.634765625	0.0	image/385	385	435013	train2017/000000345751.jpg
850.435546875	0.0	image/465	465	435423	train2017/000000369253.jpg
851.265625	0.0	image/399	399	435848	train2017/000000320508.jpg
852.052734375	0.0	image/378	378	436251	train2017/000000319517.jpg
852.86328125	0.0	image/393	393	436666	train2017/000000086811.jpg
853.669921875	0.0	image/449	449	437079	train2017/000000101952.jpg
854.49609375	0.0	image/476	476	437502	train2017/000000112734.jpg
855.3203125	0.0	image/437	437	437924	train2017/000000060117.jpg
856.13671875	0.0	image/409	409	438342	train2017/000000090827.jpg
856.953125	0.0	image/442	442	438760	train2017/000000361648.jpg
857.791015625	0.0	image/458	458	439189	train2017/000000104502.jpg
858.603515625	0.0	image/405	405	439605	train2017/000000189765.jpg
859.421875	0.0	image/410	410	440024	train2017/000000090994.jpg
860.23828125	0.0	image/400	400	440442	train2017/000000350299.jpg
861.0390625	0.0	image/426	426	440852	train2017/000000357074.jpg
861.822265625	0.0	image/375	375	441253	train2017/000000081961.jpg
862.638671875	0.0	image/387	387	441671	train2017/000000083738.jpg
863.455078125	0.0	image/434	434	442089	train2017/000000097201.jpg
864.255859375	0.0	image/478	478	442499	train2017/000000114035.jpg
865.072265625	0.0	image/373	373	442917	train2017/000000081841.jpg
866.72265625	0.0	image/443	443	443762	train2017/000000099580.jpg
867.552734375	0.0	image/372	372	444187	train2017/000000081474.jpg
868.357421875	0.0	image/392	392	444599	train2017/000000348204.jpg
869.16796875	0.0	image/476	476	445014	train2017/000000112734.jpg
876.755859375	0.0	image/528	528	448899	train2017/000000239828.jpg
877.5390625	0.0	image/574	574	449300	train2017/000000139344.jpg
879.107421875	0.0	image/533	533	450103	train2017/000000392556.jpg
879.884765625	0.0	image/588	588	450501	train2017/000000403739.jpg
880.70703125	0.0	image/494	494	450922	train2017/000000380227.jpg
881.541015625	0.0	image/570	570	451349	train2017/000000400581.jpg
882.357421875	0.0	image/524	524	451767	train2017/000000125725.jpg
883.173828125	0.0	image/510	510	452185	train2017/000000544738.jpg
883.955078125	0.0	image/552	552	452585	train2017/000000396550.jpg
885.576171875	0.0	image/537	537	453415	train2017/000000371353.jpg
886.359375	0.0	image/540	540	453816	train2017/000000021826.jpg
887.958984375	0.0	image/497	497	454635	train2017/000000282032.jpg
888.759765625	0.0	image/518	518	455045	train2017/000000124711.jpg
889.572265625	0.0	image/505	505	455461	train2017/000000120987.jpg
890.34375	0.0	image/595	595	455856	train2017/000000142803.jpg
891.16015625	0.0	image/563	563	456274	train2017/000000398540.jpg
892.724609375	0.0	image/522	522	457075	train2017/000000125586.jpg
893.544921875	0.0	image/581	581	457495	train2017/000000402199.jpg
894.337890625	0.0	image/529	529	457901	train2017/000000129060.jpg
895.12890625	0.0	image/598	598	458306	train2017/000000405437.jpg
895.955078125	0.0	image/539	539	458729	train2017/000000131011.jpg
896.76171875	0.0	image/531	531	459142	train2017/000000391754.jpg
897.595703125	0.0	image/484	484	459569	train2017/000000114822.jpg
898.4296875	0.0	image/540	540	459996	train2017/000000021826.jpg
899.228515625	0.0	image/568	568	460405	train2017/000000399984.jpg
900.0625	0.0	image/599	599	460832	train2017/000000388853.jpg
900.896484375	0.0	image/525	525	461259	train2017/000000388980.jpg
901.677734375	0.0	image/599	599	461659	train2017/000000388853.jpg
903.296875	0.0	image/543	543	462488	train2017/000000131763.jpg
904.09765625	0.0	image/521	521	462898	train2017/000000387318.jpg
905.6484375	0.0	image/544	544	463692	train2017/000000394008.jpg
907.19921875	0.0	image/515	515	464486	train2017/000000123692.jpg
907.982421875	0.0	image/552	552	464887	train2017/000000396550.jpg
908.765625	0.0	image/556	556	465288	train2017/000000135316.jpg
909.576171875	0.0	image/526	526	465703	train2017/000000389582.jpg
910.3828125	0.0	image/522	522	466116	train2017/000000125586.jpg
911.1953125	0.0	image/583	583	466532	train2017/000000198195.jpg
911.966796875	0.0	image/587	587	466927	train2017/000000403535.jpg
912.767578125	0.0	image/502	502	467337	train2017/000000120655.jpg
913.56640625	0.0	image/537	537	467746	train2017/000000371353.jpg
914.341796875	0.0	image/547	547	468143	train2017/000000395758.jpg
915.134765625	0.0	image/493	493	468549	train2017/000000379713.jpg
915.93359375	0.0	image/562	562	468958	train2017/000000022696.jpg
916.751953125	0.0	image/530	530	469377	train2017/000000391678.jpg
917.568359375	0.0	image/503	503	469795	train2017/000000382890.jpg
918.40234375	0.0	image/573	573	470222	train2017/000000138904.jpg
919.21875	0.0	image/519	519	470640	train2017/000000124747.jpg
920.03515625	0.0	image/517	517	471058	train2017/000000123891.jpg
920.869140625	0.0	image/482	482	471485	train2017/000000376643.jpg
921.669921875	0.0	image/521	521	471895	train2017/000000387318.jpg
922.447265625	0.0	image/585	585	472293	train2017/000000140724.jpg
923.25390625	0.0	image/512	512	472706	train2017/000000122811.jpg
924.0703125	0.0	image/568	568	473124	train2017/000000399984.jpg
924.88671875	0.0	image/510	510	473542	train2017/000000544738.jpg
925.705078125	0.0	image/487	487	473961	train2017/000000115637.jpg
926.5	0.0	image/566	566	474368	train2017/000000399835.jpg
927.287109375	0.0	image/518	518	474771	train2017/000000124711.jpg
928.087890625	0.0	image/592	592	475181	train2017/000000504289.jpg
928.900390625	0.0	image/584	584	475597	train2017/000000285588.jpg
929.705078125	0.0	image/572	572	476009	train2017/000000138785.jpg
930.5	0.0	image/556	556	476416	train2017/000000135316.jpg
931.271484375	0.0	image/517	517	476811	train2017/000000123891.jpg
932.08984375	0.0	image/542	542	477230	train2017/000000284089.jpg
932.873046875	0.0	image/548	548	477631	train2017/000000395775.jpg
933.65625	0.0	image/483	483	478032	train2017/000000376858.jpg
934.47265625	0.0	image/499	499	478450	train2017/000000575164.jpg
935.2578125	0.0	image/523	523	478852	train2017/000000125703.jpg
936.03515625	0.0	image/525	525	479250	train2017/000000388980.jpg
937.640625	0.0	image/570	570	480072	train2017/000000400581.jpg
938.46875	0.0	image/576	576	480496	train2017/000000401699.jpg
939.275390625	0.0	image/539	539	480909	train2017/000000131011.jpg
940.103515625	0.0	image/546	546	481333	train2017/000000133281.jpg
940.92578125	0.0	image/492	492	481754	train2017/000000150636.jpg
941.708984375	0.0	image/495	495	482155	train2017/000000380729.jpg
942.54296875	0.0	image/498	498	482582	train2017/000000119669.jpg
943.326171875	0.0	image/557	557	482983	train2017/000000022627.jpg
944.126953125	0.0	image/503	503	483393	train2017/000000382890.jpg
944.943359375	0.0	image/560	560	483811	train2017/000000136111.jpg
945.73828125	0.0	image/507	507	484218	train2017/000000383652.jpg
946.55859375	0.0	image/486	486	484638	train2017/000000377703.jpg
948.2109375	0.0	image/546	546	485484	train2017/000000133281.jpg
949.01171875	0.0	image/559	559	485894	train2017/000000135965.jpg
949.794921875	0.0	image/519	519	486295	train2017/000000124747.jpg
950.59375	0.0	image/527	527	486704	train2017/000000390120.jpg
952.212890625	0.0	image/481	481	487533	train2017/000000114274.jpg
953.794921875	0.0	image/491	491	488343	train2017/000000116603.jpg
954.62890625	0.0	image/502	502	488770	train2017/000000120655.jpg
956.212890625	0.0	image/491	491	489581	train2017/000000116603.jpg
957.013671875	0.0	image/500	500	489991	train2017/000000381961.jpg
957.830078125	0.0	image/575	575	490409	train2017/000000139551.jpg
958.630859375	0.0	image/515	515	490819	train2017/000000123692.jpg
959.46875	0.0	image/559	559	491248	train2017/000000135965.jpg
960.296875	0.0	image/564	564	491672	train2017/000000399162.jpg
961.076171875	0.0	image/594	594	492071	train2017/000000404823.jpg
961.84765625	0.0	image/528	528	492466	train2017/000000239828.jpg
962.681640625	0.0	image/577	577	492893	train2017/000000139561.jpg
964.33203125	0.0	image/577	577	493738	train2017/000000139561.jpg
965.1328125	0.0	image/553	553	494148	train2017/000000134562.jpg
965.93359375	0.0	image/490	490	494558	train2017/000000116588.jpg
966.748046875	0.0	image/580	580	494975	train2017/000000402057.jpg
967.533203125	0.0	image/600	600	495377	train2017/000000143420.jpg
968.333984375	0.0	image/534	534	495787	train2017/000000130681.jpg
969.14453125	0.0	image/538	538	496202	train2017/000000130973.jpg
969.91796875	0.0	image/504	504	496598	train2017/000000382951.jpg
970.701171875	0.0	image/538	538	496999	train2017/000000130973.jpg
971.53125	0.0	image/584	584	497424	train2017/000000285588.jpg
972.3671875	0.0	image/598	598	497852	train2017/000000405437.jpg
973.201171875	0.0	image/541	541	498279	train2017/000000131524.jpg
974.03515625	0.0	image/505	505	498706	train2017/000000120987.jpg
974.8515625	0.0	image/508	508	499124	train2017/000000413472.jpg
975.65234375	0.0	image/483	483	499534	train2017/000000376858.jpg
976.435546875	0.0	image/545	545	499935	train2017/000000131967.jpg
977.236328125	0.0	image/482	482	500345	train2017/000000376643.jpg
978.052734375	0.0	image/514	514	500763	train2017/000000282707.jpg
978.88671875	0.0	image/593	593	501190	train2017/000000196777.jpg
979.71875	0.0	image/592	592	501616	train2017/000000504289.jpg
980.51953125	0.0	image/572	572	502026	train2017/000000138785.jpg
981.337890625	0.0	image/499	499	502445	train2017/000000575164.jpg
982.12109375	0.0	image/504	504	502846	train2017/000000382951.jpg
983.75390625	0.0	image/496	496	503682	train2017/000000380989.jpg
984.533203125	0.0	image/506	506	504081	train2017/000000383641.jpg
985.337890625	0.0	image/562	562	504493	train2017/000000022696.jpg
986.166015625	0.0	image/573	573	504917	train2017/000000138904.jpg
986.98828125	0.0	image/494	494	505338	train2017/000000380227.jpg
987.7734375	0.0	image/555	555	505740	train2017/000000397192.jpg
988.56640625	0.0	image/565	565	506146	train2017/000000197656.jpg
989.35546875	0.0	image/526	526	506550	train2017/000000389582.jpg
990.93359375	0.0	image/535	535	507358	train2017/000000392851.jpg
992.541015625	0.0	image/583	583	508181	train2017/000000198195.jpg
993.3671875	0.0	image/579	579	508604	train2017/000000139815.jpg
994.158203125	0.0	image/500	500	509009	train2017/000000381961.jpg
994.974609375	0.0	image/580	580	509427	train2017/000000402057.jpg
995.75390625	0.0	image/554	554	509826	train2017/000000135032.jpg
996.537109375	0.0	image/486	486	510227	train2017/000000377703.jpg
997.353515625	0.0	image/542	542	510645	train2017/000000284089.jpg
998.142578125	0.0	image/544	544	511049	train2017/000000394008.jpg
998.943359375	0.0	image/569	569	511459	train2017/000000138153.jpg
1000.54296875	0.0	image/563	563	512278	train2017/000000398540.jpg
1001.326171875	0.0	image/543	543	512679	train2017/000000131763.jpg
1002.126953125	0.0	image/549	549	513089	train2017/000000197068.jpg
1003.7734375	0.0	image/535	535	513932	train2017/000000392851.jpg
1004.58984375	0.0	image/554	554	514350	train2017/000000135032.jpg
1005.41015625	0.0	image/555	555	514770	train2017/000000397192.jpg
1006.240234375	0.0	image/511	511	515195	train2017/000000122776.jpg
1007.0625	0.0	image/493	493	515616	train2017/000000379713.jpg
1007.861328125	0.0	image/567	567	516025	train2017/000000137706.jpg
1008.662109375	0.0	image/587	587	516435	train2017/000000403535.jpg
1009.4453125	0.0	image/536	536	516836	train2017/000000196584.jpg
1010.259765625	0.0	image/532	532	517253	train2017/000000130181.jpg
1011.046875	0.0	image/506	506	517656	train2017/000000383641.jpg
1011.845703125	0.0	image/507	507	518065	train2017/000000383652.jpg
1012.646484375	0.0	image/551	551	518475	train2017/000000134169.jpg
1013.447265625	0.0	image/520	520	518885	train2017/000000125042.jpg
1014.248046875	0.0	image/600	600	519295	train2017/000000143420.jpg
1015.041015625	0.0	image/547	547	519701	train2017/000000395758.jpg
1015.80859375	0.0	image/557	557	520094	train2017/000000022627.jpg
1016.59765625	0.0	image/512	512	520498	train2017/000000122811.jpg
1017.392578125	0.0	image/488	488	520905	train2017/000000115649.jpg
1018.166015625	0.0	image/595	595	521301	train2017/000000142803.jpg
1018.96484375	0.0	image/530	530	521710	train2017/000000391678.jpg
1019.76171875	0.0	image/591	591	522118	train2017/000000404282.jpg
1020.56640625	0.0	image/527	527	522530	train2017/000000390120.jpg
1021.3984375	0.0	image/516	516	522956	train2017/000000385864.jpg
1022.19921875	0.0	image/489	489	523366	train2017/000000115967.jpg
1023.017578125	0.0	image/569	569	523785	train2017/000000138153.jpg
1023.80078125	0.0	image/550	550	524186	train2017/000000066014.jpg
1024.6015625	0.0	image/586	586	524596	train2017/000000154556.jpg
1025.41796875	0.0	image/487	487	525014	train2017/000000115637.jpg
1027.04296875	0.0	image/485	485	525846	train2017/000000377576.jpg
1027.833984375	0.0	image/578	578	526251	train2017/000000401720.jpg
1028.662109375	0.0	image/485	485	526675	train2017/000000377576.jpg
1029.46875	0.0	image/484	484	527088	train2017/000000114822.jpg
1030.251953125	0.0	image/508	508	527489	train2017/000000413472.jpg
1031.0859375	0.0	image/586	586	527916	train2017/000000154556.jpg
1031.859375	0.0	image/533	533	528312	train2017/000000392556.jpg
1032.669921875	0.0	image/590	590	528727	train2017/000000404007.jpg
1034.302734375	0.0	image/541	541	529563	train2017/000000131524.jpg
1035.08203125	0.0	image/534	534	529962	train2017/000000130681.jpg
1035.88671875	0.0	image/596	596	530374	train2017/000000405215.jpg
1036.705078125	0.0	image/597	597	530793	train2017/000000143245.jpg
1037.482421875	0.0	image/509	509	531191	train2017/000000384235.jpg
1038.271484375	0.0	image/560	560	531595	train2017/000000136111.jpg
1039.0546875	0.0	image/497	497	531996	train2017/000000282032.jpg
1039.888671875	0.0	image/550	550	532423	train2017/000000066014.jpg
1040.671875	0.0	image/564	564	532824	train2017/000000399162.jpg
1042.23828125	0.0	image/490	490	533626	train2017/000000116588.jpg
1043.056640625	0.0	image/501	501	534045	train2017/000000353175.jpg
1043.83984375	0.0	image/582	582	534446	train2017/000000140590.jpg
1044.640625	0.0	image/553	553	534856	train2017/000000134562.jpg
1045.431640625	0.0	image/589	589	535261	train2017/000000403789.jpg
1046.189453125	0.0	image/576	576	535649	train2017/000000401699.jpg
1046.990234375	0.0	image/488	488	536059	train2017/000000115649.jpg
1047.791015625	0.0	image/549	549	536469	train2017/000000197068.jpg
1048.607421875	0.0	image/481	481	536887	train2017/000000114274.jpg
1049.423828125	0.0	image/492	492	537305	train2017/000000150636.jpg
1050.2578125	0.0	image/513	513	537732	train2017/000000282631.jpg
1051.07421875	0.0	image/589	589	538150	train2017/000000403789.jpg
1051.857421875	0.0	image/558	558	538551	train2017/000000398083.jpg
1052.67578125	0.0	image/566	566	538970	train2017/000000399835.jpg
1053.4765625	0.0	image/585	585	539380	train2017/000000140724.jpg
1054.275390625	0.0	image/509	509	539789	train2017/000000384235.jpg
1055.05859375	0.0	image/571	571	540190	train2017/000000229233.jpg
1055.876953125	0.0	image/561	561	540609	train2017/000000136142.jpg
1056.693359375	0.0	image/593	593	541027	train2017/000000196777.jpg
1057.494140625	0.0	image/514	514	541437	train2017/000000282707.jpg
1058.27734375	0.0	image/529	529	541838	train2017/000000129060.jpg
1059.09375	0.0	image/591	591	542256	train2017/000000404282.jpg
1059.876953125	0.0	image/558	558	542657	train2017/000000398083.jpg
1060.662109375	0.0	image/571	571	543059	train2017/000000229233.jpg
1061.478515625	0.0	image/578	578	543477	train2017/000000401720.jpg
1062.3125	0.0	image/536	536	543904	train2017/000000196584.jpg
1063.138671875	0.0	image/581	581	544327	train2017/000000402199.jpg
1063.90625	0.0	image/513	513	544720	train2017/000000282631.jpg
1064.689453125	0.0	image/516	516	545121	train2017/000000385864.jpg
1065.49609375	0.0	image/594	594	545534	train2017/000000404823.jpg
1066.330078125	0.0	image/596	596	545961	train2017/000000405215.jpg
1067.1640625	0.0	image/590	590	546388	train2017/000000404007.jpg
1068.78125	0.0	image/496	496	547216	train2017/000000380989.jpg
1069.564453125	0.0	image/523	523	547617	train2017/000000125703.jpg
1071.197265625	0.0	image/545	545	548453	train2017/000000131967.jpg
1072.015625	0.0	image/597	597	548872	train2017/000000143245.jpg
1072.796875	0.0	image/501	501	549272	train2017/000000353175.jpg
1073.615234375	0.0	image/511	511	549691	train2017/000000122776.jpg
1074.392578125	0.0	image/548	548	550089	train2017/000000395775.jpg
1075.197265625	0.0	image/532	532	550501	train2017/000000130181.jpg
1075.982421875	0.0	image/495	495	550903	train2017/000000380729.jpg
1077.56640625	0.0	image/579	579	551714	train2017/000000139815.jpg
1078.400390625	0.0	image/531	531	552141	train2017/000000391754.jpg
1079.18359375	0.0	image/520	520	552542	train2017/000000125042.jpg
1080.01953125	0.0	image/489	489	552970	train2017/000000115967.jpg
1080.810546875	0.0	image/565	565	553375	train2017/000000197656.jpg
1081.595703125	0.0	image/588	588	553777	train2017/000000403739.jpg
1082.380859375	0.0	image/567	567	554179	train2017/000000137706.jpg
1083.201171875	0.0	image/561	561	554599	train2017/000000136142.jpg
1083.99609375	0.0	image/551	551	555006	train2017/000000134169.jpg
1084.78515625	0.0	image/575	575	555410	train2017/000000139551.jpg
1085.6015625	0.0	image/582	582	555828	train2017/000000140590.jpg
1086.41796875	0.0	image/498	498	556246	train2017/000000119669.jpg
1087.251953125	0.0	image/524	524	556673	train2017/000000125725.jpg
1088.048828125	0.0	image/574	574	557081	train2017/000000139344.jpg
1094.517578125	0.0	image/603	603	560393	train2017/000000144193.jpg
1095.32421875	0.0	image/612	612	560806	train2017/000000408965.jpg
1096.134765625	0.0	image/627	627	561221	train2017/000000150931.jpg
1096.90234375	0.0	image/602	602	561614	train2017/000000406292.jpg
1097.69140625	0.0	image/714	714	562018	train2017/000000437516.jpg
1098.490234375	0.0	image/689	689	562427	train2017/000000508456.jpg
1099.287109375	0.0	image/713	713	562835	train2017/000000291280.jpg
1100.107421875	0.0	image/715	715	563255	train2017/000000175715.jpg
1100.92578125	0.0	image/668	668	563674	train2017/000000423222.jpg
1101.708984375	0.0	image/621	621	564075	train2017/000000150196.jpg
1102.525390625	0.0	image/663	663	564493	train2017/000000463620.jpg
1103.337890625	0.0	image/673	673	564909	train2017/000000424138.jpg
1104.16015625	0.0	image/694	694	565330	train2017/000000431825.jpg
1104.953125	0.0	image/661	661	565736	train2017/000000160142.jpg
1105.759765625	0.0	image/674	674	566149	train2017/000000425135.jpg
1106.54296875	0.0	image/671	671	566550	train2017/000000161836.jpg
1108.14453125	0.0	image/654	654	567370	train2017/000000157125.jpg
1108.9609375	0.0	image/635	635	567788	train2017/000000152328.jpg
1109.77734375	0.0	image/710	710	568206	train2017/000000436578.jpg
1110.595703125	0.0	image/681	681	568625	train2017/000000427729.jpg
1111.39453125	0.0	image/665	665	569034	train2017/000000160735.jpg
1112.9609375	0.0	image/639	639	569836	train2017/000000415026.jpg
1113.74609375	0.0	image/672	672	570238	train2017/000000424110.jpg
1114.544921875	0.0	image/687	687	570647	train2017/000000428726.jpg
1115.3203125	0.0	image/640	640	571044	train2017/000000162230.jpg
1116.146484375	0.0	image/624	624	571467	train2017/000000412857.jpg
1116.923828125	0.0	image/683	683	571865	train2017/000000428605.jpg
1117.69140625	0.0	image/658	658	572258	train2017/000000563961.jpg
1118.513671875	0.0	image/674	674	572679	train2017/000000425135.jpg
1119.31640625	0.0	image/642	642	573090	train2017/000000154011.jpg
1120.146484375	0.0	image/684	684	573515	train2017/000000166489.jpg
1120.931640625	0.0	image/682	682	573917	train2017/000000014269.jpg
1121.7265625	0.0	image/623	623	574324	train2017/000000412855.jpg
1122.548828125	0.0	image/656	656	574745	train2017/000000157342.jpg
1123.380859375	0.0	image/661	661	575171	train2017/000000160142.jpg
1124.193359375	0.0	image/659	659	575587	train2017/000000159680.jpg
1124.982421875	0.0	image/638	638	575991	train2017/000000414853.jpg
1125.81640625	0.0	image/614	614	576418	train2017/000000147694.jpg
1126.626953125	0.0	image/652	652	576833	train2017/000000113449.jpg
1127.400390625	0.0	image/691	691	577229	train2017/000000168690.jpg
1128.216796875	0.0	image/685	685	577647	train2017/000000166504.jpg
1129.033203125	0.0	image/638	638	578065	train2017/000000414853.jpg
1129.849609375	0.0	image/615	615	578483	train2017/000000148263.jpg
1131.466796875	0.0	image/684	684	579311	train2017/000000166489.jpg
1132.28515625	0.0	image/709	709	579730	train2017/000000174303.jpg
1133.1171875	0.0	image/645	645	580156	train2017/000000416972.jpg
1133.935546875	0.0	image/660	660	580575	train2017/000000422268.jpg
1134.7421875	0.0	image/664	664	580988	train2017/000000551063.jpg
1135.517578125	0.0	image/715	715	581385	train2017/000000175715.jpg
1136.302734375	0.0	image/619	619	581787	train2017/000000149810.jpg
1137.076171875	0.0	image/662	662	582183	train2017/000000160181.jpg
1137.86328125	0.0	image/647	647	582586	train2017/000000417264.jpg
1138.669921875	0.0	image/606	606	582999	train2017/000000407778.jpg
1139.498046875	0.0	image/616	616	583423	train2017/000000149221.jpg
1140.28125	0.0	image/699	699	583824	train2017/000000170917.jpg
1141.103515625	0.0	image/701	701	584245	train2017/000000079701.jpg
1141.904296875	0.0	image/692	692	584655	train2017/000000169262.jpg
1142.705078125	0.0	image/608	608	585065	train2017/000000024287.jpg
1143.48828125	0.0	image/641	641	585466	train2017/000000415608.jpg
1144.28125	0.0	image/711	711	585872	train2017/000000174504.jpg
1145.087890625	0.0	image/659	659	586285	train2017/000000159680.jpg
1145.87109375	0.0	image/653	653	586686	train2017/000000157119.jpg
1146.65625	0.0	image/657	657	587088	train2017/000000419586.jpg
1147.439453125	0.0	image/653	653	587489	train2017/000000157119.jpg
1148.255859375	0.0	image/690	690	587907	train2017/000000043829.jpg
1149.083984375	0.0	image/718	718	588331	train2017/000000176085.jpg
1149.90625	0.0	image/603	603	588752	train2017/000000144193.jpg
1150.72265625	0.0	image/613	613	589170	train2017/000000147331.jpg
1152.306640625	0.0	image/666	666	589981	train2017/000000161062.jpg
1153.107421875	0.0	image/664	664	590391	train2017/000000551063.jpg
1153.923828125	0.0	image/609	609	590809	train2017/000000504888.jpg
1155.525390625	0.0	image/634	634	591629	train2017/000000152273.jpg
1157.125	0.0	image/644	644	592448	train2017/000000154207.jpg
1157.935546875	0.0	image/632	632	592863	train2017/000000068996.jpg
1158.7265625	0.0	image/714	714	593268	train2017/000000437516.jpg
1159.521484375	0.0	image/716	716	593675	train2017/000000437967.jpg
1160.302734375	0.0	image/700	700	594075	train2017/000000170968.jpg
1161.126953125	0.0	image/631	631	594497	train2017/000000151414.jpg
1161.943359375	0.0	image/662	662	594915	train2017/000000160181.jpg
1162.744140625	0.0	image/628	628	595325	train2017/000000151163.jpg
1163.5703125	0.0	image/675	675	595748	train2017/000000163250.jpg
1164.388671875	0.0	image/708	708	596167	train2017/000000174213.jpg
1165.9453125	0.0	image/658	658	596964	train2017/000000563961.jpg
1166.72265625	0.0	image/628	628	597362	train2017/000000151163.jpg
1168.3125	0.0	image/618	618	598176	train2017/000000149791.jpg
1169.095703125	0.0	image/694	694	598577	train2017/000000431825.jpg
1169.908203125	0.0	image/609	609	598993	train2017/000000504888.jpg
1170.6796875	0.0	image/644	644	599388	train2017/000000154207.jpg
1171.513671875	0.0	image/690	690	599815	train2017/000000043829.jpg
1172.3125	0.0	image/637	637	600224	train2017/000000506039.jpg
1173.11328125	0.0	image/683	683	600634	train2017/000000428605.jpg
1173.9453125	0.0	image/712	712	601060	train2017/000000174522.jpg
1174.763671875	0.0	image/610	610	601479	train2017/000000146256.jpg
1175.541015625	0.0	image/667	667	601877	train2017/000000423209.jpg
1176.34765625	0.0	image/720	720	602290	train2017/000000176728.jpg
1177.947265625	0.0	image/696	696	603109	train2017/000000028367.jpg
1178.748046875	0.0	image/622	622	603519	train2017/000000150559.jpg
1179.564453125	0.0	image/711	711	603937	train2017/000000174504.jpg
1180.3984375	0.0	image/705	705	604364	train2017/000000028930.jpg
1181.21484375	0.0	image/654	654	604782	train2017/000000157125.jpg
1181.9921875	0.0	image/697	697	605180	train2017/000000433019.jpg
1182.81640625	0.0	image/646	646	605602	train2017/000000417141.jpg
1183.599609375	0.0	image/665	665	606003	train2017/000000160735.jpg
1184.427734375	0.0	image/655	655	606427	train2017/000000157181.jpg
1185.234375	0.0	image/718	718	606840	train2017/000000176085.jpg
1186.01171875	0.0	image/702	702	607238	train2017/000000171328.jpg
1186.796875	0.0	image/620	620	607640	train2017/000000153394.jpg
1187.568359375	0.0	image/626	626	608035	train2017/000000412922.jpg
1188.3671875	0.0	image/702	702	608444	train2017/000000171328.jpg
1189.162109375	0.0	image/604	604	608851	train2017/000000406445.jpg
1190.78515625	0.0	image/691	691	609682	train2017/000000168690.jpg
1191.619140625	0.0	image/651	651	610109	train2017/000000156084.jpg
1193.251953125	0.0	image/688	688	610945	train2017/000000166764.jpg
1194.037109375	0.0	image/643	643	611347	train2017/000000416279.jpg
1194.853515625	0.0	image/720	720	611765	train2017/000000176728.jpg
1195.6875	0.0	image/686	686	612192	train2017/000000428691.jpg
1196.48046875	0.0	image/687	687	612598	train2017/000000428726.jpg
1197.287109375	0.0	image/601	601	613011	train2017/000000143594.jpg
1198.0703125	0.0	image/693	693	613412	train2017/000000431764.jpg
1198.904296875	0.0	image/712	712	613839	train2017/000000174522.jpg
1199.724609375	0.0	image/626	626	614259	train2017/000000412922.jpg
1200.548828125	0.0	image/719	719	614681	train2017/000000438751.jpg
1201.35546875	0.0	image/672	672	615094	train2017/000000424110.jpg
1203.005859375	0.0	image/679	679	615939	train2017/000000164564.jpg
1203.798828125	0.0	image/678	678	616345	train2017/000000164502.jpg
1204.60546875	0.0	image/660	660	616758	train2017/000000422268.jpg
1205.439453125	0.0	image/637	637	617185	train2017/000000506039.jpg
1206.2734375	0.0	image/607	607	617612	train2017/000000461187.jpg
1207.08984375	0.0	image/697	697	618030	train2017/000000433019.jpg
1208.658203125	0.0	image/717	717	618833	train2017/000000438154.jpg
1209.490234375	0.0	image/616	616	619259	train2017/000000149221.jpg
1210.32421875	0.0	image/625	625	619686	train2017/000000369367.jpg
1211.134765625	0.0	image/617	617	620101	train2017/000000411475.jpg
1211.90234375	0.0	image/602	602	620494	train2017/000000406292.jpg
1212.708984375	0.0	image/685	685	620907	train2017/000000166504.jpg
1213.4921875	0.0	image/640	640	621308	train2017/000000162230.jpg
1214.32421875	0.0	image/704	704	621734	train2017/000000420713.jpg
1215.142578125	0.0	image/681	681	622153	train2017/000000427729.jpg
1215.943359375	0.0	image/666	666	622563	train2017/000000161062.jpg
1216.759765625	0.0	image/688	688	622981	train2017/000000166764.jpg
1218.392578125	0.0	image/680	680	623817	train2017/000000485595.jpg
1219.193359375	0.0	image/611	611	624227	train2017/000000408922.jpg
1220.02734375	0.0	image/669	669	624654	train2017/000000161328.jpg
1220.810546875	0.0	image/610	610	625055	train2017/000000146256.jpg
1221.62109375	0.0	image/619	619	625470	train2017/000000149810.jpg
1222.427734375	0.0	image/657	657	625883	train2017/000000419586.jpg
1223.2109375	0.0	image/645	645	626284	train2017/000000416972.jpg
1224.025390625	0.0	image/696	696	626701	train2017/000000028367.jpg
1224.830078125	0.0	image/698	698	627113	train2017/000000433021.jpg
1225.62890625	0.0	image/650	650	627522	train2017/000000419212.jpg
1226.412109375	0.0	image/620	620	627923	train2017/000000153394.jpg
1227.1953125	0.0	image/605	605	628324	train2017/000000406595.jpg
1227.98046875	0.0	image/703	703	628726	train2017/000000171374.jpg
1228.796875	0.0	image/650	650	629144	train2017/000000419212.jpg
1229.580078125	0.0	image/625	625	629545	train2017/000000369367.jpg
1230.4140625	0.0	image/607	607	629972	train2017/000000461187.jpg
1231.248046875	0.0	image/622	622	630399	train2017/000000150559.jpg
1232.03125	0.0	image/701	701	630800	train2017/000000079701.jpg
1232.84765625	0.0	image/686	686	631218	train2017/000000428691.jpg
1233.6640625	0.0	image/704	704	631636	train2017/000000420713.jpg
1234.44921875	0.0	image/633	633	632038	train2017/000000414176.jpg
1235.2265625	0.0	image/601	601	632436	train2017/000000143594.jpg
1235.998046875	0.0	image/671	671	632831	train2017/000000161836.jpg
1236.81640625	0.0	image/677	677	633250	train2017/000000425712.jpg
1237.642578125	0.0	image/627	627	633673	train2017/000000150931.jpg
1238.44921875	0.0	image/604	604	634086	train2017/000000406445.jpg
1239.265625	0.0	image/651	651	634504	train2017/000000156084.jpg
1240.083984375	0.0	image/700	700	634923	train2017/000000170968.jpg
1240.89453125	0.0	image/707	707	635338	train2017/000000173987.jpg
1241.701171875	0.0	image/636	636	635751	train2017/000000549729.jpg
1243.345703125	0.0	image/669	669	636593	train2017/000000161328.jpg
1244.119140625	0.0	image/676	676	636989	train2017/000000163263.jpg
1245.748046875	0.0	image/612	612	637823	train2017/000000408965.jpg
1246.568359375	0.0	image/649	649	638243	train2017/000000418115.jpg
1247.369140625	0.0	image/680	680	638653	train2017/000000485595.jpg
1248.197265625	0.0	image/632	632	639077	train2017/000000068996.jpg
1249.015625	0.0	image/705	705	639496	train2017/000000028930.jpg
1249.8359375	0.0	image/646	646	639916	train2017/000000417141.jpg
1250.619140625	0.0	image/693	693	640317	train2017/000000431764.jpg
1251.40234375	0.0	image/629	629	640718	train2017/000000151307.jpg
1252.236328125	0.0	image/677	677	641145	train2017/000000425712.jpg
1253.03125	0.0	image/695	695	641552	train2017/000000284987.jpg
1253.853515625	0.0	image/668	668	641973	train2017/000000423222.jpg
1254.654296875	0.0	image/703	703	642383	train2017/000000171374.jpg
1255.48828125	0.0	image/608	608	642810	train2017/000000024287.jpg
1257.099609375	0.0	image/639	639	643635	train2017/000000415026.jpg
1257.921875	0.0	image/719	719	644056	train2017/000000438751.jpg
1258.69921875	0.0	image/606	606	644454	train2017/000000407778.jpg
1259.47265625	0.0	image/698	698	644850	train2017/000000433021.jpg
1260.2734375	0.0	image/713	713	645260	train2017/000000291280.jpg
1261.08984375	0.0	image/670	670	645678	train2017/000000423488.jpg
1261.923828125	0.0	image/676	676	646105	train2017/000000163263.jpg
1262.740234375	0.0	image/611	611	646523	train2017/000000408922.jpg
1263.537109375	0.0	image/634	634	646931	train2017/000000152273.jpg
1264.33984375	0.0	image/706	706	647342	train2017/000000435902.jpg
1265.123046875	0.0	image/648	648	647743	train2017/000000417700.jpg
1265.95703125	0.0	image/621	621	648170	train2017/000000150196.jpg
1266.775390625	0.0	image/641	641	648589	train2017/000000415608.jpg
1267.5859375	0.0	image/663	663	649004	train2017/000000463620.jpg
1268.392578125	0.0	image/636	636	649417	train2017/000000549729.jpg
1270.009765625	0.0	image/633	633	650245	train2017/000000414176.jpg
1270.837890625	0.0	image/673	673	650669	train2017/000000424138.jpg
1271.609375	0.0	image/617	617	651064	train2017/000000411475.jpg
1272.42578125	0.0	image/648	648	651482	train2017/000000417700.jpg
1274.04296875	0.0	image/623	623	652310	train2017/000000412855.jpg
1274.876953125	0.0	image/678	678	652737	train2017/000000164502.jpg
1275.7109375	0.0	image/635	635	653164	train2017/000000152328.jpg
1276.51171875	0.0	image/647	647	653574	train2017/000000417264.jpg
1277.328125	0.0	image/706	706	653992	train2017/000000435902.jpg
1278.111328125	0.0	image/710	710	654393	train2017/000000436578.jpg
1278.921875	0.0	image/709	709	654808	train2017/000000174303.jpg
1280.544921875	0.0	image/652	652	655639	train2017/000000113449.jpg
1281.35546875	0.0	image/707	707	656054	train2017/000000173987.jpg
1282.939453125	0.0	image/667	667	656865	train2017/000000423209.jpg
1283.73046875	0.0	image/618	618	657270	train2017/000000149791.jpg
1284.529296875	0.0	image/655	655	657679	train2017/000000157181.jpg
1285.326171875	0.0	image/649	649	658087	train2017/000000418115.jpg
1286.130859375	0.0	image/615	615	658499	train2017/000000148263.jpg
1286.931640625	0.0	image/630	630	658909	train2017/000000462134.jpg
1287.748046875	0.0	image/624	624	659327	train2017/000000412857.jpg
1288.548828125	0.0	image/656	656	659737	train2017/000000157342.jpg
1289.33203125	0.0	image/699	699	660138	train2017/000000170917.jpg
1290.142578125	0.0	image/643	643	660553	train2017/000000416279.jpg
1290.931640625	0.0	image/692	692	660957	train2017/000000169262.jpg
1292.56640625	0.0	image/629	629	661794	train2017/000000151307.jpg
1293.349609375	0.0	image/605	605	662195	train2017/000000406595.jpg
1294.166015625	0.0	image/614	614	662613	train2017/000000147694.jpg
1295.0	0.0	image/689	689	663040	train2017/000000508456.jpg
1295.80078125	0.0	image/642	642	663450	train2017/000000154011.jpg
1296.6328125	0.0	image/670	670	663876	train2017/000000423488.jpg
1298.24609375	0.0	image/675	675	664702	train2017/000000163250.jpg
1299.90234375	0.0	image/630	630	665550	train2017/000000462134.jpg
1300.685546875	0.0	image/682	682	665951	train2017/000000014269.jpg
1301.46875	0.0	image/717	717	666352	train2017/000000438154.jpg
1302.28515625	0.0	image/716	716	666770	train2017/000000437967.jpg
1303.0859375	0.0	image/631	631	667180	train2017/000000151414.jpg
1303.90234375	0.0	image/679	679	667598	train2017/000000164564.jpg
1304.685546875	0.0	image/708	708	667999	train2017/000000174213.jpg
1305.470703125	0.0	image/695	695	668401	train2017/000000284987.jpg
1306.28125	0.0	image/613	613	668816	train2017/000000147331.jpg
1313.62890625	0.0	image/732	732	672578	train2017/000000179480.jpg
1314.4453125	0.0	image/759	759	672996	train2017/000000449914.jpg
1315.228515625	0.0	image/818	818	673397	train2017/000000465412.jpg
1316.013671875	0.0	image/727	727	673799	train2017/000000440792.jpg
1316.82421875	0.0	image/733	733	674214	train2017/000000179914.jpg
1318.48046875	0.0	image/793	793	675062	train2017/000000338439.jpg
1319.296875	0.0	image/831	831	675480	train2017/000000469445.jpg
1320.880859375	0.0	image/766	766	676291	train2017/000000451680.jpg
1321.693359375	0.0	image/784	784	676707	train2017/000000455020.jpg
1322.494140625	0.0	image/804	804	677117	train2017/000000460236.jpg
1323.28125	0.0	image/724	724	677520	train2017/000000178031.jpg
1324.099609375	0.0	image/765	765	677939	train2017/000000450914.jpg
1324.916015625	0.0	image/790	790	678357	train2017/000000455799.jpg
1325.75	0.0	image/775	775	678784	train2017/000000453221.jpg
1326.56640625	0.0	image/812	812	679202	train2017/000000201758.jpg
1327.349609375	0.0	image/729	729	679603	train2017/000000179019.jpg
1328.150390625	0.0	image/800	800	680013	train2017/000000458616.jpg
1328.94921875	0.0	image/810	810	680422	train2017/000000200391.jpg
1329.767578125	0.0	image/745	745	680841	train2017/000000445351.jpg
1330.55078125	0.0	image/795	795	681242	train2017/000000195768.jpg
1331.3515625	0.0	image/753	753	681652	train2017/000000006178.jpg
1332.134765625	0.0	image/835	835	682053	train2017/000000129143.jpg
1332.91796875	0.0	image/724	724	682454	train2017/000000178031.jpg
1333.701171875	0.0	image/776	776	682855	train2017/000000468771.jpg
1335.26953125	0.0	image/761	761	683658	train2017/000000188225.jpg
1336.068359375	0.0	image/814	814	684067	train2017/000000201969.jpg
1337.65625	0.0	image/834	834	684880	train2017/000000469816.jpg
1338.46875	0.0	image/727	727	685296	train2017/000000440792.jpg
1340.0859375	0.0	image/809	809	686124	train2017/000000462505.jpg
1340.8984375	0.0	image/797	797	686540	train2017/000000458178.jpg
1341.669921875	0.0	image/760	760	686935	train2017/000000276853.jpg
1342.45703125	0.0	image/756	756	687338	train2017/000000448401.jpg
1343.271484375	0.0	image/800	800	687755	train2017/000000458616.jpg
1344.904296875	0.0	image/739	739	688591	train2017/000000443575.jpg
1345.685546875	0.0	image/799	799	688991	train2017/000000196368.jpg
1346.505859375	0.0	image/839	839	689411	train2017/000000209229.jpg
1347.33203125	0.0	image/753	753	689834	train2017/000000006178.jpg
1348.138671875	0.0	image/735	735	690247	train2017/000000180410.jpg
1348.921875	0.0	image/737	737	690648	train2017/000000443377.jpg
1349.701171875	0.0	image/806	806	691047	train2017/000000198319.jpg
1350.505859375	0.0	image/796	796	691459	train2017/000000338501.jpg
1351.32421875	0.0	image/770	770	691878	train2017/000000452341.jpg
1352.107421875	0.0	image/754	754	692279	train2017/000000185888.jpg
1352.908203125	0.0	image/781	781	692689	train2017/000000192631.jpg
1353.69140625	0.0	image/774	774	693090	train2017/000000191005.jpg
1354.46875	0.0	image/824	824	693488	train2017/000000204806.jpg
1355.291015625	0.0	image/730	730	693909	train2017/000000441172.jpg
1356.109375	0.0	image/721	721	694328	train2017/000000176873.jpg
1356.92578125	0.0	image/807	807	694746	train2017/000000397815.jpg
1357.759765625	0.0	image/829	829	695173	train2017/000000206467.jpg
1358.591796875	0.0	image/721	721	695599	train2017/000000176873.jpg
1359.41015625	0.0	image/815	815	696018	train2017/000000202050.jpg
1360.205078125	0.0	image/818	818	696425	train2017/000000465412.jpg
1361.02734375	0.0	image/784	784	696846	train2017/000000455020.jpg
1361.859375	0.0	image/738	738	697272	train2017/000000204969.jpg
1362.6875	0.0	image/783	783	697696	train2017/000000454915.jpg
1363.4921875	0.0	image/837	837	698108	train2017/000000208805.jpg
1365.111328125	0.0	image/746	746	698937	train2017/000000445726.jpg
1365.912109375	0.0	image/772	772	699347	train2017/000000190487.jpg
1367.48828125	0.0	image/748	748	700154	train2017/000000184822.jpg
1369.10546875	0.0	image/722	722	700982	train2017/000000073172.jpg
1369.896484375	0.0	image/786	786	701387	train2017/000000193023.jpg
1370.6953125	0.0	image/832	832	701796	train2017/000000203615.jpg
1371.529296875	0.0	image/747	747	702223	train2017/000000183719.jpg
1372.36328125	0.0	image/761	761	702650	train2017/000000188225.jpg
1373.146484375	0.0	image/741	741	703051	train2017/000000443940.jpg
1373.947265625	0.0	image/820	820	703461	train2017/000000203937.jpg
1374.763671875	0.0	image/734	734	703879	train2017/000000442489.jpg
1375.580078125	0.0	image/767	767	704297	train2017/000000189794.jpg
1377.197265625	0.0	image/750	750	705125	train2017/000000447182.jpg
1378.013671875	0.0	image/815	815	705543	train2017/000000202050.jpg
1378.84765625	0.0	image/806	806	705970	train2017/000000198319.jpg
1379.666015625	0.0	image/809	809	706389	train2017/000000462505.jpg
1380.44921875	0.0	image/728	728	706790	train2017/000000395740.jpg
1381.228515625	0.0	image/819	819	707189	train2017/000000298139.jpg
1382.81640625	0.0	image/832	832	708002	train2017/000000203615.jpg
1383.650390625	0.0	image/835	835	708429	train2017/000000129143.jpg
1384.484375	0.0	image/799	799	708856	train2017/000000196368.jpg
1385.30078125	0.0	image/778	778	709274	train2017/000000191686.jpg
1386.1015625	0.0	image/773	773	709684	train2017/000000303133.jpg
1386.900390625	0.0	image/793	793	710093	train2017/000000338439.jpg
1387.677734375	0.0	image/731	731	710491	train2017/000000179034.jpg
1388.46484375	0.0	image/794	794	710894	train2017/000000195650.jpg
1389.267578125	0.0	image/805	805	711305	train2017/000000460408.jpg
1390.064453125	0.0	image/820	820	711713	train2017/000000203937.jpg
1390.884765625	0.0	image/830	830	712133	train2017/000000468825.jpg
1391.669921875	0.0	image/757	757	712535	train2017/000000442666.jpg
1392.447265625	0.0	image/726	726	712933	train2017/000000178423.jpg
1393.26953125	0.0	image/752	752	713354	train2017/000000036151.jpg
1394.103515625	0.0	image/828	828	713781	train2017/000000468394.jpg
1394.88671875	0.0	image/742	742	714182	train2017/000000181837.jpg
1395.669921875	0.0	image/819	819	714583	train2017/000000298139.jpg
1396.486328125	0.0	image/810	810	715001	train2017/000000200391.jpg
1398.087890625	0.0	image/797	797	715821	train2017/000000458178.jpg
1398.904296875	0.0	image/813	813	716239	train2017/000000557920.jpg
1399.720703125	0.0	image/808	808	716657	train2017/000000461428.jpg
1400.548828125	0.0	image/780	780	717081	train2017/000000192576.jpg
1401.35546875	0.0	image/725	725	717494	train2017/000000440334.jpg
1402.138671875	0.0	image/772	772	717895	train2017/000000190487.jpg
1402.916015625	0.0	image/766	766	718293	train2017/000000451680.jpg
1403.69921875	0.0	image/739	739	718694	train2017/000000443575.jpg
1404.505859375	0.0	image/817	817	719107	train2017/000000202805.jpg
1405.2890625	0.0	image/731	731	719508	train2017/000000179034.jpg
1406.07421875	0.0	image/816	816	719910	train2017/000000464616.jpg
1406.90625	0.0	image/817	817	720336	train2017/000000202805.jpg
1407.70703125	0.0	image/740	740	720746	train2017/000000161354.jpg
1408.541015625	0.0	image/786	786	721173	train2017/000000193023.jpg
1409.341796875	0.0	image/776	776	721583	train2017/000000468771.jpg
1410.119140625	0.0	image/836	836	721981	train2017/000000470907.jpg
1410.923828125	0.0	image/791	791	722393	train2017/000000194054.jpg
1411.7578125	0.0	image/803	803	722820	train2017/000000197401.jpg
1412.5546875	0.0	image/787	787	723228	train2017/000000193318.jpg
1413.359375	0.0	image/823	823	723640	train2017/000000204422.jpg
1414.13671875	0.0	image/733	733	724038	train2017/000000179914.jpg
1414.919921875	0.0	image/756	756	724439	train2017/000000448401.jpg
1415.69140625	0.0	image/751	751	724834	train2017/000000185225.jpg
1416.509765625	0.0	image/837	837	725253	train2017/000000208805.jpg
1417.310546875	0.0	image/840	840	725663	train2017/000000471871.jpg
1418.142578125	0.0	image/741	741	726089	train2017/000000443940.jpg
1419.76171875	0.0	image/782	782	726918	train2017/000000454830.jpg
1420.544921875	0.0	image/785	785	727319	train2017/000000119550.jpg
1421.337890625	0.0	image/773	773	727725	train2017/000000303133.jpg
1422.162109375	0.0	image/825	825	728147	train2017/000000467646.jpg
1422.939453125	0.0	image/836	836	728545	train2017/000000470907.jpg
1423.73828125	0.0	image/755	755	728954	train2017/000000055764.jpg
1424.5078125	0.0	image/808	808	729348	train2017/000000461428.jpg
1425.294921875	0.0	image/838	838	729751	train2017/000000208849.jpg
1426.11328125	0.0	image/780	780	730170	train2017/000000192576.jpg
1426.908203125	0.0	image/787	787	730577	train2017/000000193318.jpg
1427.73046875	0.0	image/723	723	730998	train2017/000000439241.jpg
1428.5625	0.0	image/726	726	731424	train2017/000000178423.jpg
1429.34765625	0.0	image/768	768	731826	train2017/000000189888.jpg
1430.140625	0.0	image/755	755	732232	train2017/000000055764.jpg
1430.931640625	0.0	image/807	807	732637	train2017/000000397815.jpg
1431.73046875	0.0	image/723	723	733046	train2017/000000439241.jpg
1432.515625	0.0	image/743	743	733448	train2017/000000189388.jpg
1433.341796875	0.0	image/834	834	733871	train2017/000000469816.jpg
1434.1484375	0.0	image/767	767	734284	train2017/000000189794.jpg
1434.92578125	0.0	image/762	762	734682	train2017/000000188660.jpg
1435.7421875	0.0	image/769	769	735100	train2017/000000189893.jpg
1436.548828125	0.0	image/796	796	735513	train2017/000000338501.jpg
1438.150390625	0.0	image/801	801	736333	train2017/000000459190.jpg
1438.94921875	0.0	image/838	838	736742	train2017/000000208849.jpg
1439.767578125	0.0	image/736	736	737161	train2017/000000180609.jpg
1440.59765625	0.0	image/812	812	737586	train2017/000000201758.jpg
1441.41796875	0.0	image/826	826	738006	train2017/000000205875.jpg
1442.234375	0.0	image/765	765	738424	train2017/000000450914.jpg
1443.029296875	0.0	image/754	754	738831	train2017/000000185888.jpg
1443.833984375	0.0	image/749	749	739243	train2017/000000447130.jpg
1444.66796875	0.0	image/743	743	739670	train2017/000000189388.jpg
1445.46484375	0.0	image/763	763	740078	train2017/000000450864.jpg
1446.236328125	0.0	image/804	804	740473	train2017/000000460236.jpg
1447.01953125	0.0	image/744	744	740874	train2017/000000182799.jpg
1447.802734375	0.0	image/803	803	741275	train2017/000000197401.jpg
1448.619140625	0.0	image/738	738	741693	train2017/000000204969.jpg
1449.419921875	0.0	image/745	745	742103	train2017/000000445351.jpg
1450.23046875	0.0	image/778	778	742518	train2017/000000191686.jpg
1451.052734375	0.0	image/779	779	742939	train2017/000000191740.jpg
1451.837890625	0.0	image/813	813	743341	train2017/000000557920.jpg
1452.669921875	0.0	image/789	789	743767	train2017/000000455657.jpg
1453.48828125	0.0	image/763	763	744186	train2017/000000450864.jpg
1454.28125	0.0	image/768	768	744592	train2017/000000189888.jpg
1455.087890625	0.0	image/788	788	745005	train2017/000000193373.jpg
1455.865234375	0.0	image/798	798	745403	train2017/000000196365.jpg
1456.638671875	0.0	image/735	735	745799	train2017/000000180410.jpg
1457.419921875	0.0	image/792	792	746199	train2017/000000194108.jpg
1459.0234375	0.0	image/821	821	747020	train2017/000000077686.jpg
1459.85546875	0.0	image/742	742	747446	train2017/000000181837.jpg
1460.65625	0.0	image/760	760	747856	train2017/000000276853.jpg
1461.47265625	0.0	image/830	830	748274	train2017/000000468825.jpg
1462.2734375	0.0	image/737	737	748684	train2017/000000443377.jpg
1463.875	0.0	image/769	769	749504	train2017/000000189893.jpg
1464.69140625	0.0	image/792	792	749922	train2017/000000194108.jpg
1465.525390625	0.0	image/728	728	750349	train2017/000000395740.jpg
1466.341796875	0.0	image/822	822	750767	train2017/000000466265.jpg
1467.12109375	0.0	image/771	771	751166	train2017/000000190271.jpg
1467.94140625	0.0	image/827	827	751586	train2017/000000296474.jpg
1468.759765625	0.0	image/802	802	752005	train2017/000000197118.jpg
1469.537109375	0.0	image/795	795	752403	train2017/000000195768.jpg
1471.111328125	0.0	image/759	759	753209	train2017/000000449914.jpg
1471.943359375	0.0	image/722	722	753635	train2017/000000073172.jpg
1472.759765625	0.0	image/823	823	754053	train2017/000000204422.jpg
1473.572265625	0.0	image/771	771	754469	train2017/000000190271.jpg
1474.376953125	0.0	image/814	814	754881	train2017/000000201969.jpg
1475.177734375	0.0	image/811	811	755291	train2017/000000201722.jpg
1475.994140625	0.0	image/730	730	755709	train2017/000000441172.jpg
1476.810546875	0.0	image/725	725	756127	train2017/000000440334.jpg
1477.625	0.0	image/777	777	756544	train2017/000000453682.jpg
1478.4453125	0.0	image/821	821	756964	train2017/000000077686.jpg
1479.240234375	0.0	image/805	805	757371	train2017/000000460408.jpg
1480.0625	0.0	image/828	828	757792	train2017/000000468394.jpg
1480.85546875	0.0	image/802	802	758198	train2017/000000197118.jpg
1482.462890625	0.0	image/775	775	759021	train2017/000000453221.jpg
1484.080078125	0.0	image/825	825	759849	train2017/000000467646.jpg
1484.880859375	0.0	image/801	801	760259	train2017/000000459190.jpg
1485.69140625	0.0	image/751	751	760674	train2017/000000185225.jpg
1486.498046875	0.0	image/732	732	761087	train2017/000000179480.jpg
1487.33203125	0.0	image/785	785	761514	train2017/000000119550.jpg
1488.947265625	0.0	image/822	822	762341	train2017/000000466265.jpg
1489.748046875	0.0	image/788	788	762751	train2017/000000193373.jpg
1490.564453125	0.0	image/781	781	763169	train2017/000000192631.jpg
1491.36328125	0.0	image/789	789	763578	train2017/000000455657.jpg
1492.142578125	0.0	image/840	840	763977	train2017/000000471871.jpg
1492.94140625	0.0	image/749	749	764386	train2017/000000447130.jpg
1493.716796875	0.0	image/790	790	764783	train2017/000000455799.jpg
1494.509765625	0.0	image/748	748	765189	train2017/000000184822.jpg
1495.30078125	0.0	image/729	729	765594	train2017/000000179019.jpg
1496.12890625	0.0	image/736	736	766018	train2017/000000180609.jpg
1496.93359375	0.0	image/750	750	766430	train2017/000000447182.jpg
1497.74609375	0.0	image/829	829	766846	train2017/000000206467.jpg
1498.517578125	0.0	image/744	744	767241	train2017/000000182799.jpg
1500.134765625	0.0	image/777	777	768069	train2017/000000453682.jpg
1500.94921875	0.0	image/782	782	768486	train2017/000000454830.jpg
1501.734375	0.0	image/831	831	768888	train2017/000000469445.jpg
1502.552734375	0.0	image/758	758	769307	train2017/000000186828.jpg
1503.369140625	0.0	image/770	770	769725	train2017/000000452341.jpg
1504.1640625	0.0	image/794	794	770132	train2017/000000195650.jpg
1504.98046875	0.0	image/833	833	770550	train2017/000000207549.jpg
1505.787109375	0.0	image/839	839	770963	train2017/000000209229.jpg
1507.37109375	0.0	image/816	816	771774	train2017/000000464616.jpg
1509.00390625	0.0	image/758	758	772610	train2017/000000186828.jpg
1509.8046875	0.0	image/757	757	773020	train2017/000000442666.jpg
1510.59765625	0.0	image/826	826	773426	train2017/000000205875.jpg
1511.3828125	0.0	image/798	798	773828	train2017/000000196365.jpg
1512.189453125	0.0	image/791	791	774241	train2017/000000194054.jpg
1512.990234375	0.0	image/752	752	774651	train2017/000000036151.jpg
1513.7890625	0.0	image/779	779	775060	train2017/000000191740.jpg
1514.58984375	0.0	image/824	824	775470	train2017/000000204806.jpg
1515.400390625	0.0	image/833	833	775885	train2017/000000207549.jpg
1516.20703125	0.0	image/764	764	776298	train2017/000000450903.jpg
1517.005859375	0.0	image/740	740	776707	train2017/000000161354.jpg
1517.791015625	0.0	image/811	811	777109	train2017/000000201722.jpg
1518.623046875	0.0	image/746	746	777535	train2017/000000445726.jpg
1519.408203125	0.0	image/774	774	777937	train2017/000000191005.jpg
1521.0234375	0.0	image/762	762	778764	train2017/000000188660.jpg
1521.80859375	0.0	image/734	734	779166	train2017/000000442489.jpg
1522.591796875	0.0	image/827	827	779567	train2017/000000296474.jpg
1523.42578125	0.0	image/783	783	779994	train2017/000000454915.jpg
1524.23828125	0.0	image/764	764	780410	train2017/000000450903.jpg
1525.05859375	0.0	image/747	747	780830	train2017/000000183719.jpg
1533.255859375	0.0	image/957	957	785027	train2017/000000242631.jpg
1534.08203125	0.0	image/950	950	785450	train2017/000000502470.jpg
1534.888671875	0.0	image/866	866	785863	train2017/000000216029.jpg
1535.69921875	0.0	image/886	886	786278	train2017/000000386856.jpg
1536.501953125	0.0	image/869	869	786689	train2017/000000294744.jpg
1537.306640625	0.0	image/902	902	787101	train2017/000000227307.jpg
1538.08984375	0.0	image/949	949	787502	train2017/000000240278.jpg
1538.884765625	0.0	image/923	923	787909	train2017/000000231851.jpg
1539.70703125	0.0	image/937	937	788330	train2017/000000498615.jpg
1540.490234375	0.0	image/899	899	788731	train2017/000000168803.jpg
1541.26953125	0.0	image/931	931	789130	train2017/000000495568.jpg
1542.875	0.0	image/865	865	789952	train2017/000000035972.jpg
1543.669921875	0.0	image/884	884	790359	train2017/000000485605.jpg
1545.302734375	0.0	image/849	849	791195	train2017/000000212229.jpg
1546.109375	0.0	image/887	887	791608	train2017/000000561677.jpg
1546.892578125	0.0	image/953	953	792009	train2017/000000241026.jpg
1548.458984375	0.0	image/883	883	792811	train2017/000000223447.jpg
1549.29296875	0.0	image/951	951	793238	train2017/000000214821.jpg
1550.12109375	0.0	image/860	860	793662	train2017/000000476481.jpg
1550.927734375	0.0	image/932	932	794075	train2017/000000233580.jpg
1552.52734375	0.0	image/930	930	794894	train2017/000000344729.jpg
1553.310546875	0.0	image/868	868	795295	train2017/000000444880.jpg
1554.107421875	0.0	image/929	929	795703	train2017/000000495387.jpg
1554.927734375	0.0	image/913	913	796123	train2017/000000356810.jpg
1555.728515625	0.0	image/888	888	796533	train2017/000000486503.jpg
1556.5390625	0.0	image/855	855	796948	train2017/000000122923.jpg
1558.146484375	0.0	image/901	901	797771	train2017/000000007567.jpg
1558.978515625	0.0	image/934	934	798197	train2017/000000497464.jpg
1559.791015625	0.0	image/881	881	798613	train2017/000000222921.jpg
1560.57421875	0.0	image/901	901	799014	train2017/000000007567.jpg
1561.33984375	0.0	image/853	853	799406	train2017/000000474827.jpg
1562.130859375	0.0	image/869	869	799811	train2017/000000294744.jpg
1562.92578125	0.0	image/945	945	800218	train2017/000000501739.jpg
1563.708984375	0.0	image/959	959	800619	train2017/000000505486.jpg
1565.365234375	0.0	image/940	940	801467	train2017/000000499730.jpg
1566.197265625	0.0	image/862	862	801893	train2017/000000215023.jpg
1567.01171875	0.0	image/864	864	802310	train2017/000000385417.jpg
1567.78125	0.0	image/908	908	802704	train2017/000000228316.jpg
1568.56640625	0.0	image/883	883	803106	train2017/000000223447.jpg
1569.3828125	0.0	image/941	941	803524	train2017/000000237697.jpg
1570.19921875	0.0	image/865	865	803942	train2017/000000035972.jpg
1571.80078125	0.0	image/912	912	804762	train2017/000000491611.jpg
1572.6171875	0.0	image/850	850	805180	train2017/000000212380.jpg
1574.234375	0.0	image/867	867	806008	train2017/000000479035.jpg
1575.02734375	0.0	image/849	849	806414	train2017/000000212229.jpg
1575.849609375	0.0	image/874	874	806835	train2017/000000561006.jpg
1576.677734375	0.0	image/841	841	807259	train2017/000000034961.jpg
1577.447265625	0.0	image/958	958	807653	train2017/000000433657.jpg
1578.267578125	0.0	image/946	946	808073	train2017/000000501867.jpg
1579.080078125	0.0	image/896	896	808489	train2017/000000225750.jpg
1579.84765625	0.0	image/917	917	808882	train2017/000000354185.jpg
1580.65234375	0.0	image/879	879	809294	train2017/000000221441.jpg
1581.48046875	0.0	image/890	890	809718	train2017/000000224759.jpg
1582.248046875	0.0	image/941	941	810111	train2017/000000237697.jpg
1583.03125	0.0	image/878	878	810512	train2017/000000167908.jpg
1583.837890625	0.0	image/916	916	810925	train2017/000000038370.jpg
1584.619140625	0.0	image/872	872	811325	train2017/000000429887.jpg
1585.419921875	0.0	image/912	912	811735	train2017/000000491611.jpg
1587.017578125	0.0	image/844	844	812553	train2017/000000341033.jpg
1587.837890625	0.0	image/922	922	812973	train2017/000000235479.jpg
1588.62109375	0.0	image/846	846	813374	train2017/000000474024.jpg
1589.451171875	0.0	image/938	938	813799	train2017/000000237093.jpg
1590.23828125	0.0	image/851	851	814202	train2017/000000474545.jpg
1591.021484375	0.0	image/900	900	814603	train2017/000000488658.jpg
1591.8515625	0.0	image/871	871	815028	train2017/000000480990.jpg
1592.671875	0.0	image/953	953	815448	train2017/000000241026.jpg
1593.5	0.0	image/867	867	815872	train2017/000000479035.jpg
1594.2734375	0.0	image/875	875	816268	train2017/000000482858.jpg
1595.0859375	0.0	image/855	855	816684	train2017/000000122923.jpg
1595.890625	0.0	image/875	875	817096	train2017/000000482858.jpg
1596.673828125	0.0	image/937	937	817497	train2017/000000498615.jpg
1597.45703125	0.0	image/947	947	817898	train2017/000000501926.jpg
1598.26953125	0.0	image/948	948	818314	train2017/000000502058.jpg
1599.041015625	0.0	image/853	853	818709	train2017/000000474827.jpg
1599.841796875	0.0	image/866	866	819119	train2017/000000216029.jpg
1600.63671875	0.0	image/925	925	819526	train2017/000000494552.jpg
1601.44140625	0.0	image/906	906	819938	train2017/000000227928.jpg
1603.00390625	0.0	image/842	842	820738	train2017/000000209919.jpg
1603.826171875	0.0	image/885	885	821159	train2017/000000223718.jpg
1604.642578125	0.0	image/859	859	821577	train2017/000000476380.jpg
1605.47265625	0.0	image/862	862	822002	train2017/000000215023.jpg
1606.27734375	0.0	image/918	918	822414	train2017/000000230422.jpg
1607.09375	0.0	image/863	863	822832	train2017/000000215291.jpg
1607.927734375	0.0	image/915	915	823259	train2017/000000229947.jpg
1608.705078125	0.0	image/879	879	823657	train2017/000000221441.jpg
1609.509765625	0.0	image/952	952	824069	train2017/000000502860.jpg
1610.3125	0.0	image/924	924	824480	train2017/000000232277.jpg
1611.107421875	0.0	image/915	915	824887	train2017/000000229947.jpg
1611.927734375	0.0	image/939	939	825307	train2017/000000499627.jpg
1612.72265625	0.0	image/927	927	825714	train2017/000000495040.jpg
1613.490234375	0.0	image/942	942	826107	train2017/000000238001.jpg
1614.2890625	0.0	image/871	871	826516	train2017/000000480990.jpg
1615.095703125	0.0	image/848	848	826929	train2017/000000474353.jpg
1615.873046875	0.0	image/905	905	827327	train2017/000000227843.jpg
1616.646484375	0.0	image/911	911	827723	train2017/000000229456.jpg
1617.48046875	0.0	image/926	926	828150	train2017/000000232648.jpg
1618.310546875	0.0	image/916	916	828575	train2017/000000038370.jpg
1619.080078125	0.0	image/887	887	828969	train2017/000000561677.jpg
1619.892578125	0.0	image/873	873	829385	train2017/000000429902.jpg
1620.67578125	0.0	image/906	906	829786	train2017/000000227928.jpg
1621.4609375	0.0	image/884	884	830188	train2017/000000485605.jpg
1622.265625	0.0	image/857	857	830600	train2017/000000213988.jpg
1623.865234375	0.0	image/944	944	831419	train2017/000000239337.jpg
1624.67578125	0.0	image/860	860	831834	train2017/000000476481.jpg
1625.4765625	0.0	image/880	880	832244	train2017/000000484300.jpg
1626.283203125	0.0	image/930	930	832657	train2017/000000344729.jpg
1627.076171875	0.0	image/928	928	833063	train2017/000000233104.jpg
1627.845703125	0.0	image/934	934	833457	train2017/000000497464.jpg
1628.611328125	0.0	image/933	933	833849	train2017/000000233873.jpg
1629.416015625	0.0	image/948	948	834261	train2017/000000502058.jpg
1630.201171875	0.0	image/910	910	834663	train2017/000000228565.jpg
1631.03515625	0.0	image/895	895	835090	train2017/000000487825.jpg
1632.65234375	0.0	image/856	856	835918	train2017/000000213288.jpg
1633.46875	0.0	image/858	858	836336	train2017/000000214059.jpg
1634.263671875	0.0	image/892	892	836743	train2017/000000225113.jpg
1635.044921875	0.0	image/907	907	837143	train2017/000000228133.jpg
1635.8515625	0.0	image/905	905	837556	train2017/000000227843.jpg
1636.63671875	0.0	image/850	850	837958	train2017/000000212380.jpg
1637.447265625	0.0	image/909	909	838373	train2017/000000228380.jpg
1638.25390625	0.0	image/954	954	838786	train2017/000000040187.jpg
1639.037109375	0.0	image/882	882	839187	train2017/000000485113.jpg
1639.84375	0.0	image/958	958	839600	train2017/000000433657.jpg
1640.63671875	0.0	image/861	861	840006	train2017/000000560054.jpg
1641.419921875	0.0	image/920	920	840407	train2017/000000300622.jpg
1642.216796875	0.0	image/945	945	840815	train2017/000000501739.jpg
1643.037109375	0.0	image/960	960	841235	train2017/000000505592.jpg
1643.849609375	0.0	image/861	861	841651	train2017/000000560054.jpg
1644.654296875	0.0	image/899	899	842063	train2017/000000168803.jpg
1645.466796875	0.0	image/845	845	842479	train2017/000000211198.jpg
1646.25	0.0	image/947	947	842880	train2017/000000501926.jpg
1647.021484375	0.0	image/914	914	843275	train2017/000000492037.jpg
1647.83984375	0.0	image/858	858	843694	train2017/000000214059.jpg
1648.6171875	0.0	image/890	890	844092	train2017/000000224759.jpg
1649.439453125	0.0	image/888	888	844513	train2017/000000486503.jpg
1650.22265625	0.0	image/889	889	844914	train2017/000000224396.jpg
1651.041015625	0.0	image/841	841	845333	train2017/000000034961.jpg
1651.873046875	0.0	image/894	894	845759	train2017/000000225533.jpg
1652.66796875	0.0	image/955	955	846166	train2017/000000112805.jpg
1653.470703125	0.0	image/925	925	846577	train2017/000000494552.jpg
1654.291015625	0.0	image/932	932	846997	train2017/000000233580.jpg
1655.068359375	0.0	image/950	950	847395	train2017/000000502470.jpg
1655.8359375	0.0	image/903	903	847788	train2017/000000227451.jpg
1656.603515625	0.0	image/882	882	848181	train2017/000000485113.jpg
1657.392578125	0.0	image/951	951	848585	train2017/000000214821.jpg
1658.17578125	0.0	image/868	868	848986	train2017/000000444880.jpg
1658.970703125	0.0	image/903	903	849393	train2017/000000227451.jpg
1659.79296875	0.0	image/938	938	849814	train2017/000000237093.jpg
1660.609375	0.0	image/893	893	850232	train2017/000000225383.jpg
1661.443359375	0.0	image/859	859	850659	train2017/000000476380.jpg
1662.2265625	0.0	image/897	897	851060	train2017/000000430850.jpg
1663.005859375	0.0	image/936	936	851459	train2017/000000497797.jpg
1663.828125	0.0	image/854	854	851880	train2017/000000475236.jpg
1664.65625	0.0	image/886	886	852304	train2017/000000386856.jpg
1665.427734375	0.0	image/894	894	852699	train2017/000000225533.jpg
1666.228515625	0.0	image/896	896	853109	train2017/000000225750.jpg
1667.056640625	0.0	image/960	960	853533	train2017/000000505592.jpg
1667.87890625	0.0	image/857	857	853954	train2017/000000213988.jpg
1668.70703125	0.0	image/944	944	854378	train2017/000000239337.jpg
1669.529296875	0.0	image/864	864	854799	train2017/000000385417.jpg
1671.095703125	0.0	image/844	844	855601	train2017/000000341033.jpg
1671.896484375	0.0	image/898	898	856011	train2017/000000488406.jpg
1672.70703125	0.0	image/936	936	856426	train2017/000000497797.jpg
1673.4921875	0.0	image/911	911	856828	train2017/000000229456.jpg
1674.259765625	0.0	image/880	880	857221	train2017/000000484300.jpg
1675.080078125	0.0	image/943	943	857641	train2017/000000238201.jpg
1675.876953125	0.0	image/843	843	858049	train2017/000000210065.jpg
1676.64453125	0.0	image/935	935	858442	train2017/000000082945.jpg
1677.44921875	0.0	image/926	926	858854	train2017/000000232648.jpg
1678.27734375	0.0	image/874	874	859278	train2017/000000561006.jpg
1679.89453125	0.0	image/933	933	860106	train2017/000000233873.jpg
1680.716796875	0.0	image/856	856	860527	train2017/000000213288.jpg
1682.30078125	0.0	image/852	852	861338	train2017/000000212440.jpg
1683.1171875	0.0	image/876	876	861756	train2017/000000482912.jpg
1683.916015625	0.0	image/842	842	862165	train2017/000000209919.jpg
1684.7109375	0.0	image/877	877	862572	train2017/000000342639.jpg
1685.517578125	0.0	image/893	893	862985	train2017/000000225383.jpg
1687.1015625	0.0	image/872	872	863796	train2017/000000429887.jpg
1687.87890625	0.0	image/918	918	864194	train2017/000000230422.jpg
1688.701171875	0.0	image/877	877	864615	train2017/000000342639.jpg
1690.267578125	0.0	image/870	870	865417	train2017/000000480601.jpg
1691.068359375	0.0	image/847	847	865827	train2017/000000207833.jpg
1691.88671875	0.0	image/907	907	866246	train2017/000000228133.jpg
1692.685546875	0.0	image/942	942	866655	train2017/000000238001.jpg
1694.263671875	0.0	image/863	863	867463	train2017/000000215291.jpg
1695.052734375	0.0	image/920	920	867867	train2017/000000300622.jpg
1695.853515625	0.0	image/870	870	868277	train2017/000000480601.jpg
1696.63671875	0.0	image/898	898	868678	train2017/000000488406.jpg
1697.470703125	0.0	image/848	848	869105	train2017/000000474353.jpg
1698.25390625	0.0	image/852	852	869506	train2017/000000212440.jpg
1699.0546875	0.0	image/843	843	869916	train2017/000000210065.jpg
1700.671875	0.0	image/847	847	870744	train2017/000000207833.jpg
1701.505859375	0.0	image/895	895	871171	train2017/000000487825.jpg
1702.3046875	0.0	image/919	919	871580	train2017/000000492627.jpg
1703.083984375	0.0	image/873	873	871979	train2017/000000429902.jpg
1703.888671875	0.0	image/902	902	872391	train2017/000000227307.jpg
1704.673828125	0.0	image/846	846	872793	train2017/000000474024.jpg
1706.2734375	0.0	image/854	854	873612	train2017/000000475236.jpg
1707.08984375	0.0	image/940	940	874030	train2017/000000499730.jpg
1708.669921875	0.0	image/929	929	874839	train2017/000000495387.jpg
1709.4921875	0.0	image/909	909	875260	train2017/000000228380.jpg
1710.3203125	0.0	image/943	943	875684	train2017/000000238201.jpg
1711.134765625	0.0	image/851	851	876101	train2017/000000474545.jpg
1711.90234375	0.0	image/922	922	876494	train2017/000000235479.jpg
1712.7265625	0.0	image/845	845	876916	train2017/000000211198.jpg
1713.55859375	0.0	image/959	959	877342	train2017/000000505486.jpg
1714.376953125	0.0	image/928	928	877761	train2017/000000233104.jpg
1716.02734375	0.0	image/892	892	878606	train2017/000000225113.jpg
1716.84375	0.0	image/921	921	879024	train2017/000000231102.jpg
1717.640625	0.0	image/924	924	879432	train2017/000000232277.jpg
1718.41015625	0.0	image/919	919	879826	train2017/000000492627.jpg
1719.193359375	0.0	image/913	913	880227	train2017/000000356810.jpg
1720.021484375	0.0	image/891	891	880651	train2017/000000224869.jpg
1720.791015625	0.0	image/956	956	881045	train2017/000000242133.jpg
1721.578125	0.0	image/904	904	881448	train2017/000000227733.jpg
1722.39453125	0.0	image/946	946	881866	train2017/000000501867.jpg
1723.1953125	0.0	image/904	904	882276	train2017/000000227733.jpg
1723.99609375	0.0	image/900	900	882686	train2017/000000488658.jpg
1724.7734375	0.0	image/931	931	883084	train2017/000000495568.jpg
1725.5625	0.0	image/876	876	883488	train2017/000000482912.jpg
1726.36328125	0.0	image/956	956	883898	train2017/000000242133.jpg
1727.146484375	0.0	image/939	939	884299	train2017/000000499627.jpg
1727.923828125	0.0	image/897	897	884697	train2017/000000430850.jpg
1728.73046875	0.0	image/935	935	885110	train2017/000000082945.jpg
1729.546875	0.0	image/891	891	885528	train2017/000000224869.jpg
1730.326171875	0.0	image/878	878	885927	train2017/000000167908.jpg
1731.111328125	0.0	image/885	885	886329	train2017/000000223718.jpg
1731.92578125	0.0	image/910	910	886746	train2017/000000228565.jpg
1732.693359375	0.0	image/949	949	887139	train2017/000000240278.jpg
1733.515625	0.0	image/923	923	887560	train2017/000000231851.jpg
1734.326171875	0.0	image/952	952	887975	train2017/000000502860.jpg
1735.94921875	0.0	image/917	917	888806	train2017/000000354185.jpg
1736.732421875	0.0	image/914	914	889207	train2017/000000492037.jpg
1737.509765625	0.0	image/955	955	889605	train2017/000000112805.jpg
1738.298828125	0.0	image/889	889	890009	train2017/000000224396.jpg
1739.083984375	0.0	image/957	957	890411	train2017/000000242631.jpg
1739.876953125	0.0	image/927	927	890817	train2017/000000495040.jpg
1740.646484375	0.0	image/908	908	891211	train2017/000000228316.jpg
1741.466796875	0.0	image/881	881	891631	train2017/000000222921.jpg
1742.267578125	0.0	image/921	921	892041	train2017/000000231102.jpg
1743.1015625	0.0	image/954	954	892468	train2017/000000040187.jpg
1750.892578125	0.0	image/65	65	896457	train2017/000000273147.jpg
1751.70703125	0.0	image/116	116	896874	train2017/000000283426.jpg
1752.505859375	0.0	image/54	54	897283	train2017/000000532753.jpg
1753.271484375	0.0	image/76	76	897675	train2017/000000275902.jpg
1754.060546875	0.0	image/108	108	898079	train2017/000000281330.jpg
1754.876953125	0.0	image/49	49	898497	train2017/000000219750.jpg
1755.65625	0.0	image/57	57	898896	train2017/000000001625.jpg
1756.478515625	0.0	image/35	35	899317	train2017/000000267647.jpg
1757.306640625	0.0	image/99	99	899741	train2017/000000271183.jpg
1758.912109375	0.0	image/21	21	900563	train2017/000000274108.jpg
1759.689453125	0.0	image/73	73	900961	train2017/000000537393.jpg
1760.51171875	0.0	image/29	29	901382	train2017/000000393907.jpg
1761.3125	0.0	image/52	52	901792	train2017/000000008053.jpg
1762.08984375	0.0	image/14	14	902190	train2017/000000264244.jpg
1762.896484375	0.0	image/91	91	902603	train2017/000000540735.jpg
1763.6796875	0.0	image/63	63	903004	train2017/000000273120.jpg
1764.474609375	0.0	image/25	25	903411	train2017/000000527618.jpg
1765.263671875	0.0	image/105	105	903815	train2017/000000280764.jpg
1766.865234375	0.0	image/40	40	904635	train2017/000000268114.jpg
1768.48046875	0.0	image/69	69	905462	train2017/000000011856.jpg
1769.296875	0.0	image/30	30	905880	train2017/000000004442.jpg
1770.08203125	0.0	image/39	39	906282	train2017/000000268008.jpg
1770.865234375	0.0	image/119	119	906683	train2017/000000545950.jpg
1771.66015625	0.0	image/114	114	907090	train2017/000000571485.jpg
1772.466796875	0.0	image/111	111	907503	train2017/000000020517.jpg
1774.048828125	0.0	image/7	7	908313	train2017/000000000605.jpg
1774.849609375	0.0	image/75	75	908723	train2017/000000399878.jpg
1776.4453125	0.0	image/98	98	909540	train2017/000000541472.jpg
1777.267578125	0.0	image/114	114	909961	train2017/000000571485.jpg
1778.078125	0.0	image/82	82	910376	train2017/000000539395.jpg
1778.884765625	0.0	image/77	77	910789	train2017/000000275938.jpg
1780.484375	0.0	image/69	69	911608	train2017/000000011856.jpg
1781.318359375	0.0	image/25	25	912035	train2017/000000527618.jpg
1782.095703125	0.0	image/43	43	912433	train2017/000000006765.jpg
1782.91796875	0.0	image/92	92	912854	train2017/000000278714.jpg
1783.703125	0.0	image/9	9	913256	train2017/000000000650.jpg
1784.48046875	0.0	image/85	85	913654	train2017/000000539705.jpg
1785.248046875	0.0	image/100	100	914047	train2017/000000541856.jpg
1786.048828125	0.0	image/59	59	914457	train2017/000000010046.jpg
1786.86328125	0.0	image/89	89	914874	train2017/000000016314.jpg
1787.6328125	0.0	image/8	8	915268	train2017/000000000625.jpg
1788.435546875	0.0	image/93	93	915679	train2017/000000541077.jpg
1789.220703125	0.0	image/33	33	916081	train2017/000000267338.jpg
1790.033203125	0.0	image/91	91	916497	train2017/000000540735.jpg
1790.85546875	0.0	image/31	31	916918	train2017/000000266622.jpg
1791.666015625	0.0	image/47	47	917333	train2017/000000531828.jpg
1792.466796875	0.0	image/98	98	917743	train2017/000000541472.jpg
1793.271484375	0.0	image/63	63	918155	train2017/000000273120.jpg
1794.1015625	0.0	image/80	80	918580	train2017/000000538822.jpg
1794.869140625	0.0	image/38	38	918973	train2017/000000312536.jpg
1795.68359375	0.0	image/76	76	919390	train2017/000000275902.jpg
1796.501953125	0.0	image/77	77	919809	train2017/000000275938.jpg
1797.291015625	0.0	image/73	73	920213	train2017/000000537393.jpg
1798.1171875	0.0	image/115	115	920636	train2017/000000021095.jpg
1798.91796875	0.0	image/70	70	921046	train2017/000000536786.jpg
1799.69140625	0.0	image/47	47	921442	train2017/000000531828.jpg
1800.5	0.0	image/78	78	921856	train2017/000000013969.jpg
1802.091796875	0.0	image/94	94	922671	train2017/000000278962.jpg
1803.7421875	0.0	image/33	33	923516	train2017/000000267338.jpg
1804.556640625	0.0	image/89	89	923933	train2017/000000016314.jpg
1805.375	0.0	image/106	106	924352	train2017/000000280808.jpg
1806.1875	0.0	image/11	11	924768	train2017/000000263599.jpg
1806.970703125	0.0	image/4	4	925169	train2017/000000524646.jpg
1808.560546875	0.0	image/53	53	925983	train2017/000000270278.jpg
1809.35546875	0.0	image/92	92	926390	train2017/000000278714.jpg
1810.177734375	0.0	image/86	86	926811	train2017/000000539879.jpg
1811.01171875	0.0	image/55	55	927238	train2017/000000533231.jpg
1811.810546875	0.0	image/85	85	927647	train2017/000000539705.jpg
1812.623046875	0.0	image/86	86	928063	train2017/000000539879.jpg
1813.427734375	0.0	image/88	88	928475	train2017/000000540538.jpg
1814.26171875	0.0	image/20	20	928902	train2017/000000526980.jpg
1815.095703125	0.0	image/113	113	929329	train2017/000000545160.jpg
1815.880859375	0.0	image/78	78	929731	train2017/000000013969.jpg
1816.65625	0.0	image/12	12	930128	train2017/000000525790.jpg
1817.462890625	0.0	image/110	110	930541	train2017/000000019863.jpg
1818.291015625	0.0	image/32	32	930965	train2017/000000005028.jpg
1819.080078125	0.0	image/15	15	931369	train2017/000000264396.jpg
1819.9140625	0.0	image/88	88	931796	train2017/000000540538.jpg
1820.7265625	0.0	image/61	61	932212	train2017/000000272901.jpg
1821.49609375	0.0	image/93	93	932606	train2017/000000541077.jpg
1822.314453125	0.0	image/56	56	933025	train2017/000000008998.jpg
1823.09375	0.0	image/3	3	933424	train2017/000000262414.jpg
1823.916015625	0.0	image/81	81	933845	train2017/000000539340.jpg
1824.7265625	0.0	image/74	74	934260	train2017/000000275663.jpg
1825.509765625	0.0	image/68	68	934661	train2017/000000535871.jpg
1827.1328125	0.0	image/26	26	935492	train2017/000000003521.jpg
1827.939453125	0.0	image/66	66	935905	train2017/000000273250.jpg
1828.75	0.0	image/49	49	936320	train2017/000000219750.jpg
1830.3671875	0.0	image/60	60	937148	train2017/000000010710.jpg
1831.16796875	0.0	image/102	102	937558	train2017/000000018078.jpg
1831.9453125	0.0	image/18	18	937956	train2017/000000264735.jpg
1832.75	0.0	image/19	19	938368	train2017/000000526968.jpg
1833.55078125	0.0	image/110	110	938778	train2017/000000019863.jpg
1834.345703125	0.0	image/113	113	939185	train2017/000000545160.jpg
1835.11328125	0.0	image/34	34	939578	train2017/000000005277.jpg
1835.91796875	0.0	image/84	84	939990	train2017/000000570543.jpg
1836.71875	0.0	image/70	70	940400	train2017/000000536786.jpg
1837.53515625	0.0	image/22	22	940818	train2017/000000265023.jpg
1838.34765625	0.0	image/23	23	941234	train2017/000000265150.jpg
1839.12109375	0.0	image/5	5	941630	train2017/000000262690.jpg
1839.90234375	0.0	image/100	100	942030	train2017/000000541856.jpg
1840.712890625	0.0	image/21	21	942445	train2017/000000274108.jpg
1841.53125	0.0	image/75	75	942864	train2017/000000399878.jpg
1842.337890625	0.0	image/46	46	943277	train2017/000000531515.jpg
1843.115234375	0.0	image/71	71	943675	train2017/000000536884.jpg
1843.935546875	0.0	image/48	48	944095	train2017/000000011299.jpg
1845.537109375	0.0	image/30	30	944915	train2017/000000004442.jpg
1846.33203125	0.0	image/68	68	945322	train2017/000000535871.jpg
1847.12109375	0.0	image/118	118	945726	train2017/000000283678.jpg
1847.900390625	0.0	image/19	19	946125	train2017/000000526968.jpg
1848.72265625	0.0	image/97	97	946546	train2017/000000279197.jpg
1849.5234375	0.0	image/38	38	946956	train2017/000000312536.jpg
1850.33984375	0.0	image/10	10	947374	train2017/000000001308.jpg
1851.123046875	0.0	image/96	96	947775	train2017/000000541258.jpg
1851.93359375	0.0	image/8	8	948190	train2017/000000000625.jpg
1852.716796875	0.0	image/55	55	948591	train2017/000000533231.jpg
1853.5234375	0.0	image/11	11	949004	train2017/000000263599.jpg
1854.306640625	0.0	image/120	120	949405	train2017/000000021718.jpg
1855.1171875	0.0	image/81	81	949820	train2017/000000539340.jpg
1855.94140625	0.0	image/42	42	950242	train2017/000000268659.jpg
1857.55859375	0.0	image/27	27	951070	train2017/000000265745.jpg
1858.341796875	0.0	image/31	31	951471	train2017/000000266622.jpg
1859.13671875	0.0	image/74	74	951878	train2017/000000275663.jpg
1859.935546875	0.0	image/27	27	952287	train2017/000000265745.jpg
1860.734375	0.0	image/104	104	952696	train2017/000000018367.jpg
1861.509765625	0.0	image/108	108	953093	train2017/000000281330.jpg
1862.337890625	0.0	image/39	39	953517	train2017/000000268008.jpg
1863.154296875	0.0	image/64	64	953935	train2017/000000273138.jpg
1863.9375	0.0	image/2	2	954336	train2017/000000262239.jpg
1864.759765625	0.0	image/104	104	954757	train2017/000000018367.jpg
1865.5546875	0.0	image/103	103	955164	train2017/000000280484.jpg
1866.337890625	0.0	image/13	13	955565	train2017/000000525932.jpg
1867.14453125	0.0	image/105	105	955978	train2017/000000280764.jpg
1867.939453125	0.0	image/82	82	956385	train2017/000000539395.jpg
1868.73828125	0.0	image/66	66	956794	train2017/000000273250.jpg
1869.5625	0.0	image/14	14	957216	train2017/000000264244.jpg
1870.373046875	0.0	image/90	90	957631	train2017/000000278555.jpg
1871.19140625	0.0	image/36	36	958050	train2017/000000267699.jpg
1871.990234375	0.0	image/79	79	958459	train2017/000000276664.jpg
1873.5625	0.0	image/90	90	959264	train2017/000000278555.jpg
1875.146484375	0.0	image/37	37	960075	train2017/000000005684.jpg
1875.9453125	0.0	image/59	59	960484	train2017/000000010046.jpg
1876.736328125	0.0	image/5	5	960889	train2017/000000262690.jpg
1877.54296875	0.0	image/112	112	961302	train2017/000000544926.jpg
1878.34765625	0.0	image/120	120	961714	train2017/000000021718.jpg
1879.181640625	0.0	image/111	111	962141	train2017/000000020517.jpg
1879.998046875	0.0	image/16	16	962559	train2017/000000002270.jpg
1880.78125	0.0	image/45	45	962960	train2017/000000531392.jpg
1881.576171875	0.0	image/1	1	963367	train2017/000000262145.jpg
1882.34375	0.0	image/117	117	963760	train2017/000000396793.jpg
1883.1484375	0.0	image/58	58	964172	train2017/000000534259.jpg
1883.93359375	0.0	image/79	79	964574	train2017/000000276664.jpg
1884.744140625	0.0	image/50	50	964989	train2017/000000007932.jpg
1885.56640625	0.0	image/117	117	965410	train2017/000000396793.jpg
1886.361328125	0.0	image/6	6	965817	train2017/000000000584.jpg
1887.166015625	0.0	image/7	7	966229	train2017/000000000605.jpg
1887.984375	0.0	image/20	20	966648	train2017/000000526980.jpg
1888.796875	0.0	image/53	53	967064	train2017/000000270278.jpg
1889.6171875	0.0	image/72	72	967484	train2017/000000274978.jpg
1890.4140625	0.0	image/1	1	967892	train2017/000000262145.jpg
1891.234375	0.0	image/101	101	968312	train2017/000000017967.jpg
1892.052734375	0.0	image/41	41	968731	train2017/000000268418.jpg
1892.84765625	0.0	image/94	94	969138	train2017/000000278962.jpg
1893.669921875	0.0	image/42	42	969559	train2017/000000268659.jpg
1894.46484375	0.0	image/118	118	969966	train2017/000000283678.jpg
1895.287109375	0.0	image/116	116	970387	train2017/000000283426.jpg
1896.0859375	0.0	image/34	34	970796	train2017/000000005277.jpg
1897.703125	0.0	image/87	87	971624	train2017/000000300383.jpg
1898.537109375	0.0	image/83	83	972051	train2017/000000277524.jpg
1899.353515625	0.0	image/37	37	972469	train2017/000000005684.jpg
1900.1640625	0.0	image/71	71	972884	train2017/000000536884.jpg
1900.970703125	0.0	image/29	29	973297	train2017/000000393907.jpg
1901.755859375	0.0	image/16	16	973699	train2017/000000002270.jpg
1902.533203125	0.0	image/115	115	974097	train2017/000000021095.jpg
1903.3046875	0.0	image/51	51	974492	train2017/000000008027.jpg
1904.10546875	0.0	image/102	102	974902	train2017/000000018078.jpg
1904.93359375	0.0	image/112	112	975326	train2017/000000544926.jpg
1905.740234375	0.0	image/40	40	975739	train2017/000000268114.jpg
1906.5234375	0.0	image/62	62	976140	train2017/000000010903.jpg
1907.31640625	0.0	image/54	54	976546	train2017/000000532753.jpg
1908.140625	0.0	image/18	18	976968	train2017/000000264735.jpg
1908.93359375	0.0	image/15	15	977374	train2017/000000264396.jpg
1909.70703125	0.0	image/101	101	977770	train2017/000000017967.jpg
1910.486328125	0.0	image/107	107	978169	train2017/000000543254.jpg
1911.30859375	0.0	image/24	24	978590	train2017/000000265453.jpg
1912.119140625	0.0	image/13	13	979005	train2017/000000525932.jpg
1912.92578125	0.0	image/46	46	979418	train2017/000000531515.jpg
1913.720703125	0.0	image/52	52	979825	train2017/000000008053.jpg
1914.51953125	0.0	image/22	22	980234	train2017/000000265023.jpg
1915.341796875	0.0	image/67	67	980655	train2017/000000011358.jpg
1916.126953125	0.0	image/3	3	981057	train2017/000000262414.jpg
1917.75390625	0.0	image/9	9	981890	train2017/000000000650.jpg
1918.521484375	0.0	image/67	67	982283	train2017/000000011358.jpg
1919.34375	0.0	image/61	61	982704	train2017/000000272901.jpg
1920.123046875	0.0	image/107	107	983103	train2017/000000543254.jpg
1920.919921875	0.0	image/4	4	983511	train2017/000000524646.jpg
1921.693359375	0.0	image/6	6	983907	train2017/000000000584.jpg
1923.26171875	0.0	image/62	62	984710	train2017/000000010903.jpg
1924.0390625	0.0	image/45	45	985108	train2017/000000531392.jpg
1924.857421875	0.0	image/119	119	985527	train2017/000000545950.jpg
1925.62890625	0.0	image/60	60	985922	train2017/000000010710.jpg
1926.412109375	0.0	image/72	72	986323	train2017/000000274978.jpg
1927.244140625	0.0	image/109	109	986749	train2017/000000544060.jpg
1928.0625	0.0	image/64	64	987168	train2017/000000273138.jpg
1928.87890625	0.0	image/36	36	987586	train2017/000000267699.jpg
1929.697265625	0.0	image/28	28	988005	train2017/000000558788.jpg
1930.5078125	0.0	image/50	50	988420	train2017/000000007932.jpg
1931.330078125	0.0	image/80	80	988841	train2017/000000538822.jpg
1932.158203125	0.0	image/97	97	989265	train2017/000000279197.jpg
1932.947265625	0.0	image/83	83	989669	train2017/000000277524.jpg
1933.73046875	0.0	image/12	12	990070	train2017/000000525790.jpg
1934.53125	0.0	image/23	23	990480	train2017/000000265150.jpg
1935.34765625	0.0	image/24	24	990898	train2017/000000265453.jpg
1936.130859375	0.0	image/95	95	991299	train2017/000000016898.jpg
1936.92578125	0.0	image/109	109	991706	train2017/000000544060.jpg
1937.693359375	0.0	image/26	26	992099	train2017/000000003521.jpg
1938.482421875	0.0	image/96	96	992503	train2017/000000541258.jpg
1939.265625	0.0	image/44	44	992904	train2017/000000007048.jpg
1940.060546875	0.0	image/58	58	993311	train2017/000000534259.jpg
1940.865234375	0.0	image/56	56	993723	train2017/000000008998.jpg
1941.650390625	0.0	image/32	32	994125	train2017/000000005028.jpg
1943.212890625	0.0	image/10	10	994925	train2017/000000001308.jpg
1944.033203125	0.0	image/51	51	995345	train2017/000000008027.jpg
1944.8125	0.0	image/95	95	995744	train2017/000000016898.jpg
1946.39453125	0.0	image/43	43	996554	train2017/000000006765.jpg
1947.212890625	0.0	image/17	17	996973	train2017/000000002372.jpg
1948.86328125	0.0	image/57	57	997818	train2017/000000001625.jpg
1950.453125	0.0	image/17	17	998632	train2017/000000002372.jpg
1952.01953125	0.0	image/28	28	999434	train2017/000000558788.jpg
1952.8203125	0.0	image/87	87	999844	train2017/000000300383.jpg
1953.6328125	0.0	image/65	65	1000260	train2017/000000273147.jpg
1954.453125	0.0	image/48	48	1000680	train2017/000000011299.jpg
1955.2890625	0.0	image/44	44	1001108	train2017/000000007048.jpg
1956.1171875	0.0	image/35	35	1001532	train2017/000000267647.jpg
1956.921875	0.0	image/106	106	1001944	train2017/000000280808.jpg
1958.5390625	0.0	image/99	99	1002772	train2017/000000271183.jpg
1959.322265625	0.0	image/84	84	1003173	train2017/000000570543.jpg
1960.134765625	0.0	image/103	103	1003589	train2017/000000280484.jpg
1960.921875	0.0	image/41	41	1003992	train2017/000000268418.jpg
1961.72265625	0.0	image/2	2	1004402	train2017/000000262239.jpg
1968.49609375	0.0	image/139	139	1007870	train2017/000000026702.jpg
1969.306640625	0.0	image/231	231	1008285	train2017/000000270325.jpg
1970.86328125	0.0	image/206	206	1009082	train2017/000000263276.jpg
1971.654296875	0.0	image/175	175	1009487	train2017/000000559225.jpg
1972.462890625	0.0	image/135	135	1009901	train2017/000000288372.jpg
1973.275390625	0.0	image/143	143	1010317	train2017/000000027030.jpg
1974.04296875	0.0	image/151	151	1010710	train2017/000000553150.jpg
1974.84765625	0.0	image/123	123	1011122	train2017/000000022256.jpg
1975.642578125	0.0	image/130	130	1011529	train2017/000000548593.jpg
1976.41015625	0.0	image/193	193	1011922	train2017/000000564465.jpg
1977.19921875	0.0	image/213	213	1012326	train2017/000000043815.jpg
1977.998046875	0.0	image/227	227	1012735	train2017/000000047638.jpg
1978.826171875	0.0	image/197	197	1013159	train2017/000000303392.jpg
1979.6484375	0.0	image/190	190	1013580	train2017/000000038801.jpg
1980.42578125	0.0	image/129	129	1013978	train2017/000000023392.jpg
1981.193359375	0.0	image/154	154	1014371	train2017/000000291560.jpg
1982.015625	0.0	image/125	125	1014792	train2017/000000022964.jpg
1982.84375	0.0	image/219	219	1015216	train2017/000000219735.jpg
1983.626953125	0.0	image/173	173	1015617	train2017/000000559816.jpg
1984.43359375	0.0	image/142	142	1016030	train2017/000000027002.jpg
1986.068359375	0.0	image/228	228	1016867	train2017/000000572215.jpg
1986.85546875	0.0	image/148	148	1017270	train2017/000000027665.jpg
1987.64453125	0.0	image/214	214	1017674	train2017/000000306031.jpg
1988.43359375	0.0	image/183	183	1018078	train2017/000000298395.jpg
1989.26171875	0.0	image/197	197	1018502	train2017/000000303392.jpg
1990.064453125	0.0	image/145	145	1018913	train2017/000000027298.jpg
1990.869140625	0.0	image/194	194	1019325	train2017/000000302588.jpg
1991.65234375	0.0	image/151	151	1019726	train2017/000000553150.jpg
1992.431640625	0.0	image/221	221	1020125	train2017/000000575701.jpg
1993.236328125	0.0	image/173	173	1020537	train2017/000000559816.jpg
1994.80078125	0.0	image/184	184	1021338	train2017/000000006053.jpg
1995.62109375	0.0	image/201	201	1021758	train2017/000000041606.jpg
1996.404296875	0.0	image/156	156	1022159	train2017/000000029732.jpg
1997.232421875	0.0	image/187	187	1022583	train2017/000000037779.jpg
1998.037109375	0.0	image/225	225	1022995	train2017/000000047172.jpg
1998.83203125	0.0	image/218	218	1023402	train2017/000000569196.jpg
1999.6328125	0.0	image/124	124	1023812	train2017/000000122964.jpg
2000.421875	0.0	image/145	145	1024216	train2017/000000027298.jpg
2001.205078125	0.0	image/163	163	1024617	train2017/000000032134.jpg
2002.85546875	0.0	image/134	134	1025462	train2017/000000550396.jpg
2003.685546875	0.0	image/199	199	1025887	train2017/000000565652.jpg
2004.47265625	0.0	image/155	155	1026290	train2017/000000029730.jpg
2005.2734375	0.0	image/139	139	1026700	train2017/000000026702.jpg
2006.072265625	0.0	image/153	153	1027109	train2017/000000553586.jpg
2006.900390625	0.0	image/152	152	1027533	train2017/000000553166.jpg
2008.490234375	0.0	image/237	237	1028347	train2017/000000095809.jpg
2009.291015625	0.0	image/189	189	1028757	train2017/000000300881.jpg
2010.0859375	0.0	image/133	133	1029164	train2017/000000026029.jpg
2010.892578125	0.0	image/185	185	1029577	train2017/000000036589.jpg
2011.732421875	0.0	image/149	149	1030007	train2017/000000290192.jpg
2012.505859375	0.0	image/144	144	1030403	train2017/000000354070.jpg
2013.275390625	0.0	image/179	179	1030797	train2017/000000559958.jpg
2014.892578125	0.0	image/161	161	1031625	train2017/000000293368.jpg
2015.67578125	0.0	image/144	144	1032026	train2017/000000354070.jpg
2016.4609375	0.0	image/170	170	1032428	train2017/000000033727.jpg
2018.01953125	0.0	image/124	124	1033226	train2017/000000122964.jpg
2018.828125	0.0	image/189	189	1033640	train2017/000000300881.jpg
2019.65625	0.0	image/211	211	1034064	train2017/000000567837.jpg
2020.443359375	0.0	image/230	230	1034467	train2017/000000573337.jpg
2022.095703125	0.0	image/219	219	1035313	train2017/000000219735.jpg
2022.89453125	0.0	image/180	180	1035722	train2017/000000297844.jpg
2023.673828125	0.0	image/239	239	1036121	train2017/000000313480.jpg
2024.458984375	0.0	image/132	132	1036523	train2017/000000549830.jpg
2026.046875	0.0	image/156	156	1037336	train2017/000000029732.jpg
2026.861328125	0.0	image/217	217	1037753	train2017/000000306988.jpg
2027.697265625	0.0	image/229	229	1038181	train2017/000000310870.jpg
2028.474609375	0.0	image/154	154	1038579	train2017/000000291560.jpg
2029.296875	0.0	image/226	226	1039000	train2017/000000571499.jpg
2030.091796875	0.0	image/209	209	1039407	train2017/000000043176.jpg
2030.875	0.0	image/192	192	1039808	train2017/000000225054.jpg
2031.640625	0.0	image/169	169	1040200	train2017/000000557886.jpg
2032.431640625	0.0	image/212	212	1040605	train2017/000000043776.jpg
2033.228515625	0.0	image/210	210	1041013	train2017/000000305685.jpg
2034.009765625	0.0	image/157	157	1041413	train2017/000000030109.jpg
2034.79296875	0.0	image/147	147	1041814	train2017/000000289791.jpg
2035.609375	0.0	image/230	230	1042232	train2017/000000573337.jpg
2036.376953125	0.0	image/186	186	1042625	train2017/000000037358.jpg
2038.0	0.0	image/196	196	1043456	train2017/000000574784.jpg
2038.783203125	0.0	image/168	168	1043857	train2017/000000557848.jpg
2039.609375	0.0	image/159	159	1044280	train2017/000000292845.jpg
2040.384765625	0.0	image/233	233	1044677	train2017/000000532520.jpg
2041.18359375	0.0	image/136	136	1045086	train2017/000000026388.jpg
2042.017578125	0.0	image/137	137	1045513	train2017/000000026443.jpg
2042.818359375	0.0	image/121	121	1045923	train2017/000000546140.jpg
2043.65234375	0.0	image/228	228	1046350	train2017/000000572215.jpg
2044.447265625	0.0	image/149	149	1046757	train2017/000000290192.jpg
2046.052734375	0.0	image/239	239	1047579	train2017/000000313480.jpg
2046.88671875	0.0	image/176	176	1048006	train2017/000000297154.jpg
2047.703125	0.0	image/147	147	1048424	train2017/000000289791.jpg
2048.513671875	0.0	image/165	165	1048839	train2017/000000032275.jpg
2049.3359375	0.0	image/240	240	1049260	train2017/000000575971.jpg
2050.154296875	0.0	image/182	182	1049679	train2017/000000298170.jpg
2050.931640625	0.0	image/158	158	1050077	train2017/000000030148.jpg
2051.75390625	0.0	image/170	170	1050498	train2017/000000033727.jpg
2052.564453125	0.0	image/146	146	1050913	train2017/000000289460.jpg
2053.37109375	0.0	image/150	150	1051326	train2017/000000552589.jpg
2054.1484375	0.0	image/206	206	1051724	train2017/000000263276.jpg
2054.94921875	0.0	image/129	129	1052134	train2017/000000023392.jpg
2055.771484375	0.0	image/138	138	1052555	train2017/000000288751.jpg
2056.56640625	0.0	image/181	181	1052962	train2017/000000035927.jpg
2057.3671875	0.0	image/128	128	1053372	train2017/000000547644.jpg
2058.171875	0.0	image/237	237	1053784	train2017/000000095809.jpg
2058.984375	0.0	image/157	157	1054200	train2017/000000030109.jpg
2059.806640625	0.0	image/142	142	1054621	train2017/000000027002.jpg
2060.58984375	0.0	image/193	193	1055022	train2017/000000564465.jpg
2061.369140625	0.0	image/166	166	1055421	train2017/000000556748.jpg
2062.154296875	0.0	image/188	188	1055823	train2017/000000037823.jpg
2062.95703125	0.0	image/234	234	1056234	train2017/000000312003.jpg
2063.7421875	0.0	image/182	182	1056636	train2017/000000298170.jpg
2064.541015625	0.0	image/141	141	1057045	train2017/000000026981.jpg
2065.341796875	0.0	image/179	179	1057455	train2017/000000559958.jpg
2066.134765625	0.0	image/204	204	1057861	train2017/000000304187.jpg
2066.9375	0.0	image/132	132	1058272	train2017/000000549830.jpg
2067.7265625	0.0	image/162	162	1058676	train2017/000000293372.jpg
2068.552734375	0.0	image/164	164	1059099	train2017/000000556542.jpg
2069.359375	0.0	image/202	202	1059512	train2017/000000566201.jpg
2071.02734375	0.0	image/191	191	1060366	train2017/000000039196.jpg
2072.66015625	0.0	image/150	150	1061202	train2017/000000552589.jpg
2073.478515625	0.0	image/236	236	1061621	train2017/000000574760.jpg
2074.310546875	0.0	image/238	238	1062047	train2017/000000050624.jpg
2075.12109375	0.0	image/162	162	1062462	train2017/000000293372.jpg
2075.921875	0.0	image/177	177	1062872	train2017/000000573830.jpg
2076.7109375	0.0	image/122	122	1063276	train2017/000000546147.jpg
2077.48828125	0.0	image/134	134	1063674	train2017/000000550396.jpg
2078.2578125	0.0	image/160	160	1064068	train2017/000000293130.jpg
2079.078125	0.0	image/209	209	1064488	train2017/000000043176.jpg
2079.896484375	0.0	image/225	225	1064907	train2017/000000047172.jpg
2080.73046875	0.0	image/172	172	1065334	train2017/000000558822.jpg
2081.529296875	0.0	image/224	224	1065743	train2017/000000309192.jpg
2082.36328125	0.0	image/177	177	1066170	train2017/000000573830.jpg
2083.146484375	0.0	image/202	202	1066571	train2017/000000566201.jpg
2083.9296875	0.0	image/152	152	1066972	train2017/000000553166.jpg
2084.763671875	0.0	image/194	194	1067399	train2017/000000302588.jpg
2085.59765625	0.0	image/207	207	1067826	train2017/000000042578.jpg
2086.4140625	0.0	image/158	158	1068244	train2017/000000030148.jpg
2087.232421875	0.0	image/178	178	1068663	train2017/000000355458.jpg
2088.009765625	0.0	image/199	199	1069061	train2017/000000565652.jpg
2088.794921875	0.0	image/176	176	1069463	train2017/000000297154.jpg
2089.615234375	0.0	image/229	229	1069883	train2017/000000310870.jpg
2090.431640625	0.0	image/188	188	1070301	train2017/000000037823.jpg
2091.21484375	0.0	image/236	236	1070702	train2017/000000574760.jpg
2091.990234375	0.0	image/205	205	1071099	train2017/000000566341.jpg
2093.599609375	0.0	image/168	168	1071923	train2017/000000557848.jpg
2094.400390625	0.0	image/240	240	1072333	train2017/000000575971.jpg
2095.2109375	0.0	image/190	190	1072748	train2017/000000038801.jpg
2095.984375	0.0	image/205	205	1073144	train2017/000000566341.jpg
2096.767578125	0.0	image/146	146	1073545	train2017/000000289460.jpg
2097.546875	0.0	image/221	221	1073944	train2017/000000575701.jpg
2098.318359375	0.0	image/181	181	1074339	train2017/000000035927.jpg
2099.095703125	0.0	image/200	200	1074737	train2017/000000565834.jpg
2099.869140625	0.0	image/222	222	1075133	train2017/000000308950.jpg
2100.697265625	0.0	image/127	127	1075557	train2017/000000285450.jpg
2102.3359375	0.0	image/123	123	1076396	train2017/000000022256.jpg
2103.15234375	0.0	image/196	196	1076814	train2017/000000574784.jpg
2103.96875	0.0	image/185	185	1077232	train2017/000000036589.jpg
2105.513671875	0.0	image/213	213	1078023	train2017/000000043815.jpg
2106.3203125	0.0	image/165	165	1078436	train2017/000000032275.jpg
2107.12109375	0.0	image/175	175	1078846	train2017/000000559225.jpg
2107.9140625	0.0	image/130	130	1079252	train2017/000000548593.jpg
2108.705078125	0.0	image/140	140	1079657	train2017/000000551164.jpg
2109.48828125	0.0	image/155	155	1080058	train2017/000000029730.jpg
2110.28125	0.0	image/137	137	1080464	train2017/000000026443.jpg
2111.087890625	0.0	image/171	171	1080877	train2017/000000033764.jpg
2111.91796875	0.0	image/224	224	1081302	train2017/000000309192.jpg
2112.68359375	0.0	image/178	178	1081694	train2017/000000355458.jpg
2113.48828125	0.0	image/215	215	1082106	train2017/000000306249.jpg
2115.123046875	0.0	image/122	122	1082943	train2017/000000546147.jpg
2115.939453125	0.0	image/195	195	1083361	train2017/000000040685.jpg
2116.7734375	0.0	image/192	192	1083788	train2017/000000225054.jpg
2117.6015625	0.0	image/180	180	1084212	train2017/000000297844.jpg
2118.369140625	0.0	image/232	232	1084605	train2017/000000311232.jpg
2119.19140625	0.0	image/208	208	1085026	train2017/000000043150.jpg
2120.7578125	0.0	image/172	172	1085828	train2017/000000558822.jpg
2121.552734375	0.0	image/187	187	1086235	train2017/000000037779.jpg
2122.359375	0.0	image/227	227	1086648	train2017/000000047638.jpg
2123.13671875	0.0	image/174	174	1087046	train2017/000000559145.jpg
2123.958984375	0.0	image/220	220	1087467	train2017/000000569645.jpg
2124.775390625	0.0	image/200	200	1087885	train2017/000000565834.jpg
2125.609375	0.0	image/159	159	1088312	train2017/000000292845.jpg
2126.42578125	0.0	image/215	215	1088730	train2017/000000306249.jpg
2127.259765625	0.0	image/238	238	1089157	train2017/000000050624.jpg
2128.09375	0.0	image/183	183	1089584	train2017/000000298395.jpg
2128.91015625	0.0	image/125	125	1090002	train2017/000000022964.jpg
2129.7265625	0.0	image/211	211	1090420	train2017/000000567837.jpg
2130.544921875	0.0	image/214	214	1090839	train2017/000000306031.jpg
2132.177734375	0.0	image/203	203	1091675	train2017/000000566261.jpg
2133.005859375	0.0	image/235	235	1092099	train2017/000000050256.jpg
2134.61328125	0.0	image/143	143	1092922	train2017/000000027030.jpg
2135.423828125	0.0	image/127	127	1093337	train2017/000000285450.jpg
2136.212890625	0.0	image/216	216	1093741	train2017/000000225829.jpg
2137.029296875	0.0	image/208	208	1094159	train2017/000000043150.jpg
2137.80859375	0.0	image/174	174	1094558	train2017/000000559145.jpg
2138.580078125	0.0	image/128	128	1094953	train2017/000000547644.jpg
2139.36328125	0.0	image/133	133	1095354	train2017/000000026029.jpg
2140.158203125	0.0	image/226	226	1095761	train2017/000000571499.jpg
2140.92578125	0.0	image/141	141	1096154	train2017/000000026981.jpg
2141.69140625	0.0	image/164	164	1096546	train2017/000000556542.jpg
2142.4765625	0.0	image/223	223	1096948	train2017/000000309135.jpg
2143.265625	0.0	image/148	148	1097352	train2017/000000027665.jpg
2144.064453125	0.0	image/222	222	1097761	train2017/000000308950.jpg
2144.8984375	0.0	image/136	136	1098188	train2017/000000026388.jpg
2146.5	0.0	image/140	140	1099008	train2017/000000551164.jpg
2147.298828125	0.0	image/167	167	1099417	train2017/000000032809.jpg
2148.109375	0.0	image/232	232	1099832	train2017/000000311232.jpg
2148.89453125	0.0	image/223	223	1100234	train2017/000000309135.jpg
2149.69921875	0.0	image/203	203	1100646	train2017/000000566261.jpg
2150.484375	0.0	image/184	184	1101048	train2017/000000006053.jpg
2151.267578125	0.0	image/160	160	1101449	train2017/000000293130.jpg
2152.1015625	0.0	image/204	204	1101876	train2017/000000304187.jpg
2152.916015625	0.0	image/153	153	1102293	train2017/000000553586.jpg
2153.734375	0.0	image/186	186	1102712	train2017/000000037358.jpg
2154.568359375	0.0	image/201	201	1103139	train2017/000000041606.jpg
2156.185546875	0.0	image/198	198	1103967	train2017/000000303436.jpg
2157.01953125	0.0	image/171	171	1104394	train2017/000000033764.jpg
2157.830078125	0.0	image/195	195	1104809	train2017/000000040685.jpg
2158.630859375	0.0	image/131	131	1105219	train2017/000000549301.jpg
2159.4375	0.0	image/191	191	1105632	train2017/000000039196.jpg
2160.26953125	0.0	image/135	135	1106058	train2017/000000288372.jpg
2161.0703125	0.0	image/235	235	1106468	train2017/000000050256.jpg
2161.8984375	0.0	image/218	218	1106892	train2017/000000569196.jpg
2162.6640625	0.0	image/126	126	1107284	train2017/000000547367.jpg
2163.482421875	0.0	image/207	207	1107703	train2017/000000042578.jpg
2164.265625	0.0	image/210	210	1108104	train2017/000000305685.jpg
2165.048828125	0.0	image/217	217	1108505	train2017/000000306988.jpg
2165.8203125	0.0	image/212	212	1108900	train2017/000000043776.jpg
2166.60546875	0.0	image/169	169	1109302	train2017/000000557886.jpg
2167.3984375	0.0	image/198	198	1109708	train2017/000000303436.jpg
2168.18359375	0.0	image/233	233	1110110	train2017/000000532520.jpg
2168.955078125	0.0	image/163	163	1110505	train2017/000000032134.jpg
2170.56640625	0.0	image/131	131	1111330	train2017/000000549301.jpg
2171.353515625	0.0	image/161	161	1111733	train2017/000000293368.jpg
2172.16796875	0.0	image/167	167	1112150	train2017/000000032809.jpg
2172.94921875	0.0	image/138	138	1112550	train2017/000000288751.jpg
2173.7734375	0.0	image/216	216	1112972	train2017/000000225829.jpg
2174.6015625	0.0	image/126	126	1113396	train2017/000000547367.jpg
2175.423828125	0.0	image/234	234	1113817	train2017/000000312003.jpg
2176.220703125	0.0	image/231	231	1114225	train2017/000000270325.jpg
2177.84765625	0.0	image/220	220	1115058	train2017/000000569645.jpg
2178.669921875	0.0	image/121	121	1115479	train2017/000000546140.jpg
2179.4921875	0.0	image/166	166	1115900	train2017/000000556748.jpg
2187.11328125	0.0	image/317	317	1119802	train2017/000000069625.jpg
2187.90234375	0.0	image/266	266	1120206	train2017/000000056837.jpg
2188.71875	0.0	image/287	287	1120624	train2017/000000061266.jpg
2189.517578125	0.0	image/327	327	1121033	train2017/000000333152.jpg
2190.328125	0.0	image/277	277	1121448	train2017/000000009983.jpg
2191.150390625	0.0	image/270	270	1121869	train2017/000000058407.jpg
2191.9609375	0.0	image/263	263	1122284	train2017/000000318444.jpg
2192.779296875	0.0	image/259	259	1122703	train2017/000000055402.jpg
2193.55078125	0.0	image/351	351	1123098	train2017/000000337479.jpg
2194.3515625	0.0	image/262	262	1123508	train2017/000000318381.jpg
2195.150390625	0.0	image/256	256	1123917	train2017/000000009199.jpg
2195.978515625	0.0	image/285	285	1124341	train2017/000000061174.jpg
2196.74609375	0.0	image/276	276	1124734	train2017/000000322008.jpg
2197.552734375	0.0	image/320	320	1125147	train2017/000000332448.jpg
2198.3359375	0.0	image/331	331	1125548	train2017/000000333654.jpg
2199.15234375	0.0	image/259	259	1125966	train2017/000000055402.jpg
2199.93359375	0.0	image/258	258	1126366	train2017/000000055294.jpg
2200.720703125	0.0	image/335	335	1126769	train2017/000000071927.jpg
2202.337890625	0.0	image/336	336	1127597	train2017/000000334208.jpg
2203.1484375	0.0	image/346	346	1128012	train2017/000000336374.jpg
2204.771484375	0.0	image/349	349	1128843	train2017/000000074714.jpg
2205.6015625	0.0	image/247	247	1129268	train2017/000000576789.jpg
2206.384765625	0.0	image/316	316	1129669	train2017/000000246728.jpg
2207.15625	0.0	image/326	326	1130064	train2017/000000332875.jpg
2207.939453125	0.0	image/280	280	1130465	train2017/000000322255.jpg
2208.751953125	0.0	image/360	360	1130881	train2017/000000078042.jpg
2209.5234375	0.0	image/276	276	1131276	train2017/000000322008.jpg
2210.306640625	0.0	image/257	257	1131677	train2017/000000055206.jpg
2211.099609375	0.0	image/329	329	1132083	train2017/000000333615.jpg
2211.884765625	0.0	image/301	301	1132485	train2017/000000066253.jpg
2212.69140625	0.0	image/294	294	1132898	train2017/000000325710.jpg
2214.2734375	0.0	image/241	241	1133708	train2017/000000576011.jpg
2215.091796875	0.0	image/255	255	1134127	train2017/000000055184.jpg
2215.890625	0.0	image/340	340	1134536	train2017/000000335063.jpg
2217.54296875	0.0	image/261	261	1135382	train2017/000000317781.jpg
2218.375	0.0	image/321	321	1135808	train2017/000000332498.jpg
2219.193359375	0.0	image/267	267	1136227	train2017/000000057631.jpg
2219.97265625	0.0	image/292	292	1136626	train2017/000000323970.jpg
2220.759765625	0.0	image/251	251	1137029	train2017/000000053778.jpg
2221.587890625	0.0	image/317	317	1137453	train2017/000000069625.jpg
2222.37109375	0.0	image/311	311	1137854	train2017/000000067961.jpg
2223.193359375	0.0	image/282	282	1138275	train2017/000000053842.jpg
2223.970703125	0.0	image/313	313	1138673	train2017/000000011373.jpg
2225.578125	0.0	image/270	270	1139496	train2017/000000058407.jpg
2226.35546875	0.0	image/309	309	1139894	train2017/000000330084.jpg
2227.16015625	0.0	image/300	300	1140306	train2017/000000065400.jpg
2228.74609375	0.0	image/342	342	1141118	train2017/000000335688.jpg
2229.541015625	0.0	image/295	295	1141525	train2017/000000010743.jpg
2230.36328125	0.0	image/271	271	1141946	train2017/000000058465.jpg
2231.140625	0.0	image/303	303	1142344	train2017/000000328628.jpg
2231.962890625	0.0	image/344	344	1142765	train2017/000000073997.jpg
2232.74609375	0.0	image/312	312	1143166	train2017/000000068238.jpg
2233.525390625	0.0	image/322	322	1143565	train2017/000000070421.jpg
2234.291015625	0.0	image/268	268	1143957	train2017/000000057796.jpg
2235.09765625	0.0	image/249	249	1144370	train2017/000000577817.jpg
2235.875	0.0	image/265	265	1144768	train2017/000000580813.jpg
2236.67578125	0.0	image/342	342	1145178	train2017/000000335688.jpg
2238.28125	0.0	image/303	303	1146000	train2017/000000328628.jpg
2239.099609375	0.0	image/333	333	1146419	train2017/000000334011.jpg
2240.759765625	0.0	image/260	260	1147269	train2017/000000055514.jpg
2242.34375	0.0	image/255	255	1148080	train2017/000000055184.jpg
2243.126953125	0.0	image/357	357	1148481	train2017/000000338987.jpg
2243.94921875	0.0	image/323	323	1148902	train2017/000000332574.jpg
2244.759765625	0.0	image/293	293	1149317	train2017/000000062547.jpg
2245.533203125	0.0	image/335	335	1149713	train2017/000000071927.jpg
2246.314453125	0.0	image/352	352	1150113	train2017/000000274776.jpg
2247.1015625	0.0	image/242	242	1150516	train2017/000000051774.jpg
2247.9296875	0.0	image/263	263	1150940	train2017/000000318444.jpg
2248.751953125	0.0	image/328	328	1151361	train2017/000000071429.jpg
2249.55078125	0.0	image/350	350	1151770	train2017/000000074828.jpg
2250.384765625	0.0	image/352	352	1152197	train2017/000000274776.jpg
2251.19921875	0.0	image/359	359	1152614	train2017/000000078000.jpg
2251.99609375	0.0	image/321	321	1153022	train2017/000000332498.jpg
2252.818359375	0.0	image/256	256	1153443	train2017/000000009199.jpg
2253.65234375	0.0	image/338	338	1153870	train2017/000000334772.jpg
2254.453125	0.0	image/295	295	1154280	train2017/000000010743.jpg
2255.248046875	0.0	image/338	338	1154687	train2017/000000334772.jpg
2256.052734375	0.0	image/253	253	1155099	train2017/000000054001.jpg
2256.828125	0.0	image/299	299	1155496	train2017/000000327191.jpg
2257.62109375	0.0	image/296	296	1155902	train2017/000000064534.jpg
2258.455078125	0.0	image/333	333	1156329	train2017/000000334011.jpg
2259.283203125	0.0	image/360	360	1156753	train2017/000000078042.jpg
2260.10546875	0.0	image/330	330	1157174	train2017/000000333629.jpg
2260.931640625	0.0	image/308	308	1157597	train2017/000000067623.jpg
2261.755859375	0.0	image/275	275	1158019	train2017/000000403184.jpg
2262.5546875	0.0	image/320	320	1158428	train2017/000000332448.jpg
2263.349609375	0.0	image/279	279	1158835	train2017/000000322246.jpg
2264.123046875	0.0	image/281	281	1159231	train2017/000000323010.jpg
2264.935546875	0.0	image/301	301	1159647	train2017/000000066253.jpg
2265.701171875	0.0	image/347	347	1160039	train2017/000000074390.jpg
2266.505859375	0.0	image/275	275	1160451	train2017/000000403184.jpg
2267.318359375	0.0	image/330	330	1160867	train2017/000000333629.jpg
2268.123046875	0.0	image/351	351	1161279	train2017/000000337479.jpg
2268.923828125	0.0	image/287	287	1161689	train2017/000000061266.jpg
2269.70703125	0.0	image/289	289	1162090	train2017/000000061559.jpg
2270.521484375	0.0	image/343	343	1162507	train2017/000000335824.jpg
2271.291015625	0.0	image/286	286	1162901	train2017/000000323397.jpg
2272.07421875	0.0	image/268	268	1163302	train2017/000000057796.jpg
2272.875	0.0	image/359	359	1163712	train2017/000000078000.jpg
2273.669921875	0.0	image/356	356	1164119	train2017/000000012795.jpg
2274.443359375	0.0	image/247	247	1164515	train2017/000000576789.jpg
2275.2265625	0.0	image/262	262	1164916	train2017/000000318381.jpg
2276.05859375	0.0	image/337	337	1165342	train2017/000000072095.jpg
2276.876953125	0.0	image/304	304	1165761	train2017/000000066696.jpg
2277.66015625	0.0	image/250	250	1166162	train2017/000000577964.jpg
2278.494140625	0.0	image/252	252	1166589	train2017/000000578169.jpg
2279.3046875	0.0	image/355	355	1167004	train2017/000000338670.jpg
2280.12109375	0.0	image/332	332	1167422	train2017/000000579906.jpg
2280.912109375	0.0	image/246	246	1167827	train2017/000000576749.jpg
2281.6953125	0.0	image/355	355	1168228	train2017/000000338670.jpg
2282.47265625	0.0	image/356	356	1168626	train2017/000000012795.jpg
2283.26171875	0.0	image/353	353	1169030	train2017/000000338169.jpg
2284.044921875	0.0	image/296	296	1169431	train2017/000000064534.jpg
2284.857421875	0.0	image/337	337	1169847	train2017/000000072095.jpg
2285.6796875	0.0	image/293	293	1170268	train2017/000000062547.jpg
2286.474609375	0.0	image/282	282	1170675	train2017/000000053842.jpg
2288.080078125	0.0	image/325	325	1171497	train2017/000000002349.jpg
2288.896484375	0.0	image/245	245	1171915	train2017/000000052348.jpg
2289.712890625	0.0	image/305	305	1172333	train2017/000000067347.jpg
2290.546875	0.0	image/339	339	1172760	train2017/000000072715.jpg
2291.34765625	0.0	image/243	243	1173170	train2017/000000560396.jpg
2292.130859375	0.0	image/311	311	1173571	train2017/000000067961.jpg
2292.92578125	0.0	image/341	341	1173978	train2017/000000492851.jpg
2293.708984375	0.0	image/281	281	1174379	train2017/000000323010.jpg
2295.33203125	0.0	image/306	306	1175210	train2017/000000281575.jpg
2296.166015625	0.0	image/246	246	1175637	train2017/000000576749.jpg
2296.943359375	0.0	image/260	260	1176035	train2017/000000055514.jpg
2298.56640625	0.0	image/288	288	1176866	train2017/000000061288.jpg
2299.34375	0.0	image/302	302	1177264	train2017/000000328454.jpg
2300.1484375	0.0	image/312	312	1177676	train2017/000000068238.jpg
2300.93359375	0.0	image/300	300	1178078	train2017/000000065400.jpg
2301.716796875	0.0	image/243	243	1178479	train2017/000000560396.jpg
2302.49609375	0.0	image/267	267	1178878	train2017/000000057631.jpg
2303.26171875	0.0	image/357	357	1179270	train2017/000000338987.jpg
2304.029296875	0.0	image/328	328	1179663	train2017/000000071429.jpg
2304.833984375	0.0	image/332	332	1180075	train2017/000000579906.jpg
2305.646484375	0.0	image/283	283	1180491	train2017/000000359687.jpg
2306.46875	0.0	image/298	298	1180912	train2017/000000065029.jpg
2308.0703125	0.0	image/343	343	1181732	train2017/000000335824.jpg
2308.869140625	0.0	image/248	248	1182141	train2017/000000455691.jpg
2309.685546875	0.0	image/340	340	1182559	train2017/000000335063.jpg
2310.46484375	0.0	image/315	315	1182958	train2017/000000068623.jpg
2311.25390625	0.0	image/274	274	1183362	train2017/000000321902.jpg
2312.037109375	0.0	image/298	298	1183763	train2017/000000065029.jpg
2312.849609375	0.0	image/250	250	1184179	train2017/000000577964.jpg
2313.615234375	0.0	image/307	307	1184571	train2017/000000329641.jpg
2314.38671875	0.0	image/258	258	1184966	train2017/000000055294.jpg
2315.171875	0.0	image/244	244	1185368	train2017/000000314379.jpg
2315.982421875	0.0	image/269	269	1185783	train2017/000000320533.jpg
2316.7890625	0.0	image/316	316	1186196	train2017/000000246728.jpg
2317.6171875	0.0	image/309	309	1186620	train2017/000000330084.jpg
2318.439453125	0.0	image/241	241	1187041	train2017/000000576011.jpg
2319.234375	0.0	image/274	274	1187448	train2017/000000321902.jpg
2320.017578125	0.0	image/261	261	1187849	train2017/000000317781.jpg
2320.83984375	0.0	image/271	271	1188270	train2017/000000058465.jpg
2321.634765625	0.0	image/306	306	1188677	train2017/000000281575.jpg
2322.439453125	0.0	image/242	242	1189089	train2017/000000051774.jpg
2323.22265625	0.0	image/350	350	1189490	train2017/000000074828.jpg
2324.05078125	0.0	image/278	278	1189914	train2017/000000009987.jpg
2324.818359375	0.0	image/358	358	1190307	train2017/000000077870.jpg
2325.625	0.0	image/292	292	1190720	train2017/000000323970.jpg
2326.423828125	0.0	image/294	294	1191129	train2017/000000325710.jpg
2327.208984375	0.0	image/273	273	1191531	train2017/000000059321.jpg
2328.826171875	0.0	image/336	336	1192359	train2017/000000334208.jpg
2329.625	0.0	image/324	324	1192768	train2017/000000332692.jpg
2330.435546875	0.0	image/358	358	1193183	train2017/000000077870.jpg
2331.220703125	0.0	image/323	323	1193585	train2017/000000332574.jpg
2332.04296875	0.0	image/265	265	1194006	train2017/000000580813.jpg
2333.60546875	0.0	image/334	334	1194806	train2017/000000334048.jpg
2334.40625	0.0	image/354	354	1195216	train2017/000000076476.jpg
2335.2109375	0.0	image/344	344	1195628	train2017/000000073997.jpg
2336.0234375	0.0	image/315	315	1196044	train2017/000000068623.jpg
2336.806640625	0.0	image/264	264	1196445	train2017/000000001877.jpg
2337.62890625	0.0	image/266	266	1196866	train2017/000000056837.jpg
2338.40625	0.0	image/249	249	1197264	train2017/000000577817.jpg
2340.029296875	0.0	image/353	353	1198095	train2017/000000338169.jpg
2340.845703125	0.0	image/252	252	1198513	train2017/000000578169.jpg
2341.662109375	0.0	image/319	319	1198931	train2017/000000332261.jpg
2342.439453125	0.0	image/269	269	1199329	train2017/000000320533.jpg
2343.212890625	0.0	image/345	345	1199725	train2017/000000281567.jpg
2344.013671875	0.0	image/341	341	1200135	train2017/000000492851.jpg
2344.814453125	0.0	image/251	251	1200545	train2017/000000053778.jpg
2345.646484375	0.0	image/308	308	1200971	train2017/000000067623.jpg
2346.447265625	0.0	image/244	244	1201381	train2017/000000314379.jpg
2347.2265625	0.0	image/272	272	1201780	train2017/000000359337.jpg
2348.009765625	0.0	image/253	253	1202181	train2017/000000054001.jpg
2348.826171875	0.0	image/310	310	1202599	train2017/000000330086.jpg
2349.642578125	0.0	image/345	345	1203017	train2017/000000281567.jpg
2350.46484375	0.0	image/289	289	1203438	train2017/000000061559.jpg
2351.248046875	0.0	image/310	310	1203839	train2017/000000330086.jpg
2352.048828125	0.0	image/346	346	1204249	train2017/000000336374.jpg
2353.6328125	0.0	image/254	254	1205060	train2017/000000317061.jpg
2355.25	0.0	image/257	257	1205888	train2017/000000055206.jpg
2356.05078125	0.0	image/297	297	1206298	train2017/000000065012.jpg
2356.869140625	0.0	image/324	324	1206717	train2017/000000332692.jpg
2357.66796875	0.0	image/245	245	1207126	train2017/000000052348.jpg
2359.30078125	0.0	image/331	331	1207962	train2017/000000333654.jpg
2360.095703125	0.0	image/339	339	1208369	train2017/000000072715.jpg
2360.90234375	0.0	image/307	307	1208782	train2017/000000329641.jpg
2361.685546875	0.0	image/286	286	1209183	train2017/000000323397.jpg
2363.318359375	0.0	image/299	299	1210019	train2017/000000327191.jpg
2364.9375	0.0	image/273	273	1210848	train2017/000000059321.jpg
2365.75390625	0.0	image/284	284	1211266	train2017/000000323182.jpg
2366.552734375	0.0	image/322	322	1211675	train2017/000000070421.jpg
2367.37109375	0.0	image/290	290	1212094	train2017/000000534553.jpg
2368.970703125	0.0	image/304	304	1212913	train2017/000000066696.jpg
2369.798828125	0.0	image/313	313	1213337	train2017/000000011373.jpg
2370.56640625	0.0	image/305	305	1213730	train2017/000000067347.jpg
2371.37109375	0.0	image/285	285	1214142	train2017/000000061174.jpg
2372.19921875	0.0	image/349	349	1214566	train2017/000000074714.jpg
2372.966796875	0.0	image/291	291	1214959	train2017/000000490875.jpg
2373.73828125	0.0	image/347	347	1215354	train2017/000000074390.jpg
2374.5546875	0.0	image/354	354	1215772	train2017/000000076476.jpg
2375.333984375	0.0	image/326	326	1216171	train2017/000000332875.jpg
2376.1171875	0.0	image/248	248	1216572	train2017/000000455691.jpg
2376.939453125	0.0	image/334	334	1216993	train2017/000000334048.jpg
2378.57421875	0.0	image/348	348	1217830	train2017/000000074461.jpg
2379.384765625	0.0	image/329	329	1218245	train2017/000000333615.jpg
2380.173828125	0.0	image/279	279	1218649	train2017/000000322246.jpg
2380.974609375	0.0	image/264	264	1219059	train2017/000000001877.jpg
2381.802734375	0.0	image/327	327	1219483	train2017/000000333152.jpg
2382.5703125	0.0	image/291	291	1219876	train2017/000000490875.jpg
2383.375	0.0	image/302	302	1220288	train2017/000000328454.jpg
2384.158203125	0.0	image/348	348	1220689	train2017/000000074461.jpg
2384.974609375	0.0	image/272	272	1221107	train2017/000000359337.jpg
2385.8046875	0.0	image/314	314	1221532	train2017/000000055090.jpg
2386.607421875	0.0	image/277	277	1221943	train2017/000000009983.jpg
2387.41015625	0.0	image/284	284	1222354	train2017/000000323182.jpg
2388.205078125	0.0	image/290	290	1222761	train2017/000000534553.jpg
2389.02734375	0.0	image/318	318	1223182	train2017/000000069705.jpg
2389.85546875	0.0	image/314	314	1223606	train2017/000000055090.jpg
2390.677734375	0.0	image/297	297	1224027	train2017/000000065012.jpg
2391.47265625	0.0	image/319	319	1224434	train2017/000000332261.jpg
2392.271484375	0.0	image/280	280	1224843	train2017/000000322255.jpg
2393.078125	0.0	image/278	278	1225256	train2017/000000009987.jpg
2393.888671875	0.0	image/318	318	1225671	train2017/000000069705.jpg
2394.65625	0.0	image/283	283	1226064	train2017/000000359687.jpg
2396.228515625	0.0	image/288	288	1226869	train2017/000000061288.jpg
2397.029296875	0.0	image/325	325	1227279	train2017/000000002349.jpg
2397.828125	0.0	image/254	254	1227688	train2017/000000317061.jpg
2404.958984375	0.0	image/413	413	1231339	train2017/000000364806.jpg
2405.759765625	0.0	image/480	480	1231749	train2017/000000376407.jpg
2406.55078125	0.0	image/419	419	1232154	train2017/000000092288.jpg
2407.359375	0.0	image/416	416	1232568	train2017/000000354095.jpg
2408.9765625	0.0	image/410	410	1233396	train2017/000000090994.jpg
2409.759765625	0.0	image/433	433	1233797	train2017/000000359085.jpg
2410.537109375	0.0	image/446	446	1234195	train2017/000000100599.jpg
2411.306640625	0.0	image/373	373	1234589	train2017/000000081841.jpg
2412.89453125	0.0	image/440	440	1235402	train2017/000000361197.jpg
2413.705078125	0.0	image/403	403	1235817	train2017/000000089908.jpg
2414.52734375	0.0	image/361	361	1236238	train2017/000000340317.jpg
2415.3125	0.0	image/404	404	1236640	train2017/000000352129.jpg
2416.10546875	0.0	image/394	394	1237046	train2017/000000087126.jpg
2416.90625	0.0	image/403	403	1237456	train2017/000000089908.jpg
2417.6796875	0.0	image/391	391	1237852	train2017/000000346795.jpg
2418.462890625	0.0	image/402	402	1238253	train2017/000000088835.jpg
2419.291015625	0.0	image/469	469	1238677	train2017/000000370369.jpg
2420.0625	0.0	image/458	458	1239072	train2017/000000104502.jpg
2420.875	0.0	image/415	415	1239488	train2017/000000354045.jpg
2421.658203125	0.0	image/434	434	1239889	train2017/000000097201.jpg
2422.44140625	0.0	image/468	468	1240290	train2017/000000542304.jpg
2423.248046875	0.0	image/450	450	1240703	train2017/000000570785.jpg
2424.078125	0.0	image/405	405	1241128	train2017/000000189765.jpg
2424.865234375	0.0	image/434	434	1241531	train2017/000000097201.jpg
2425.67578125	0.0	image/376	376	1241946	train2017/000000081995.jpg
2426.478515625	0.0	image/465	465	1242357	train2017/000000369253.jpg
2427.29296875	0.0	image/480	480	1242774	train2017/000000376407.jpg
2428.109375	0.0	image/454	454	1243192	train2017/000000366146.jpg
2428.880859375	0.0	image/457	457	1243587	train2017/000000366396.jpg
2429.666015625	0.0	image/368	368	1243989	train2017/000000008471.jpg
2430.44921875	0.0	image/456	456	1244390	train2017/000000104081.jpg
2431.27734375	0.0	image/473	473	1244814	train2017/000000372959.jpg
2432.09375	0.0	image/401	401	1245232	train2017/000000088414.jpg
2432.861328125	0.0	image/415	415	1245625	train2017/000000354045.jpg
2433.62890625	0.0	image/458	458	1246018	train2017/000000104502.jpg
2434.43359375	0.0	image/417	417	1246430	train2017/000000092001.jpg
2435.26171875	0.0	image/404	404	1246854	train2017/000000352129.jpg
2436.8515625	0.0	image/381	381	1247668	train2017/000000082770.jpg
2437.685546875	0.0	image/388	388	1248095	train2017/000000084174.jpg
2438.501953125	0.0	image/478	478	1248513	train2017/000000114035.jpg
2439.3359375	0.0	image/386	386	1248940	train2017/000000083632.jpg
2440.13671875	0.0	image/381	381	1249350	train2017/000000082770.jpg
2440.9140625	0.0	image/466	466	1249748	train2017/000000107204.jpg
2441.734375	0.0	image/387	387	1250168	train2017/000000083738.jpg
2442.51953125	0.0	image/479	479	1250570	train2017/000000114077.jpg
2443.314453125	0.0	image/426	426	1250977	train2017/000000357074.jpg
2444.115234375	0.0	image/384	384	1251387	train2017/000000345725.jpg
2444.88671875	0.0	image/433	433	1251782	train2017/000000359085.jpg
2445.71484375	0.0	image/472	472	1252206	train2017/000000110780.jpg
2446.498046875	0.0	image/443	443	1252607	train2017/000000099580.jpg
2447.322265625	0.0	image/372	372	1253029	train2017/000000081474.jpg
2448.109375	0.0	image/452	452	1253432	train2017/000000365218.jpg
2448.8984375	0.0	image/422	422	1253836	train2017/000000059194.jpg
2449.705078125	0.0	image/408	408	1254249	train2017/000000352861.jpg
2450.5	0.0	image/470	470	1254656	train2017/000000110611.jpg
2452.072265625	0.0	image/464	464	1255461	train2017/000000369230.jpg
2452.8828125	0.0	image/471	471	1255876	train2017/000000372775.jpg
2453.673828125	0.0	image/425	425	1256281	train2017/000000356771.jpg
2454.5078125	0.0	image/380	380	1256708	train2017/000000082650.jpg
2455.302734375	0.0	image/412	412	1257115	train2017/000000408492.jpg
2456.1171875	0.0	image/398	398	1257532	train2017/000000087871.jpg
2456.890625	0.0	image/416	416	1257928	train2017/000000354095.jpg
2458.4921875	0.0	image/438	438	1258748	train2017/000000147547.jpg
2459.30859375	0.0	image/374	374	1259166	train2017/000000046372.jpg
2460.13671875	0.0	image/402	402	1259590	train2017/000000088835.jpg
2460.94140625	0.0	image/451	451	1260002	train2017/000000365003.jpg
2461.720703125	0.0	image/473	473	1260401	train2017/000000372959.jpg
2463.34375	0.0	image/424	424	1261232	train2017/000000277778.jpg
2464.12109375	0.0	image/436	436	1261630	train2017/000000098480.jpg
2464.892578125	0.0	image/447	447	1262025	train2017/000000100863.jpg
2465.693359375	0.0	image/441	441	1262435	train2017/000000099363.jpg
2466.521484375	0.0	image/455	455	1262859	train2017/000000104044.jpg
2467.287109375	0.0	image/401	401	1263251	train2017/000000088414.jpg
2468.095703125	0.0	image/443	443	1263665	train2017/000000099580.jpg
2468.904296875	0.0	image/405	405	1264079	train2017/000000189765.jpg
2469.70703125	0.0	image/362	362	1264490	train2017/000000340734.jpg
2470.478515625	0.0	image/378	378	1264885	train2017/000000319517.jpg
2471.26171875	0.0	image/407	407	1265286	train2017/000000352724.jpg
2472.896484375	0.0	image/457	457	1266123	train2017/000000366396.jpg
2474.49609375	0.0	image/366	366	1266942	train2017/000000080275.jpg
2476.091796875	0.0	image/371	371	1267759	train2017/000000081365.jpg
2476.89453125	0.0	image/406	406	1268170	train2017/000000352236.jpg
2477.6796875	0.0	image/414	414	1268572	train2017/000000091784.jpg
2478.4609375	0.0	image/387	387	1268972	train2017/000000083738.jpg
2479.248046875	0.0	image/375	375	1269375	train2017/000000081961.jpg
2480.064453125	0.0	image/396	396	1269793	train2017/000000349363.jpg
2480.892578125	0.0	image/460	460	1270217	train2017/000000367552.jpg
2481.677734375	0.0	image/375	375	1270619	train2017/000000081961.jpg
2482.44921875	0.0	image/459	459	1271014	train2017/000000366802.jpg
2483.232421875	0.0	image/365	365	1271415	train2017/000000080084.jpg
2484.048828125	0.0	image/455	455	1271833	train2017/000000104044.jpg
2484.865234375	0.0	image/462	462	1272251	train2017/000000368852.jpg
2485.677734375	0.0	image/383	383	1272667	train2017/000000083393.jpg
2486.4609375	0.0	image/475	475	1273068	train2017/000000373970.jpg
2487.267578125	0.0	image/393	393	1273481	train2017/000000086811.jpg
2488.044921875	0.0	image/398	398	1273879	train2017/000000087871.jpg
2488.828125	0.0	image/369	369	1274280	train2017/000000080987.jpg
2489.634765625	0.0	image/440	440	1274693	train2017/000000361197.jpg
2490.43359375	0.0	image/421	421	1275102	train2017/000000354761.jpg
2491.228515625	0.0	image/385	385	1275509	train2017/000000345751.jpg
2492.03515625	0.0	image/377	377	1275922	train2017/000000450584.jpg
2493.685546875	0.0	image/379	379	1276767	train2017/000000569678.jpg
2494.462890625	0.0	image/477	477	1277165	train2017/000000113593.jpg
2496.048828125	0.0	image/365	365	1277977	train2017/000000080084.jpg
2496.853515625	0.0	image/437	437	1278389	train2017/000000060117.jpg
2498.453125	0.0	image/474	474	1279208	train2017/000000373679.jpg
2499.25390625	0.0	image/420	420	1279618	train2017/000000092353.jpg
2500.0859375	0.0	image/418	418	1280044	train2017/000000092221.jpg
2500.9140625	0.0	image/370	370	1280468	train2017/000000081105.jpg
2501.69921875	0.0	image/461	461	1280870	train2017/000000106107.jpg
2502.50390625	0.0	image/464	464	1281282	train2017/000000369230.jpg
2503.31640625	0.0	image/414	414	1281698	train2017/000000091784.jpg
2504.119140625	0.0	image/460	460	1282109	train2017/000000367552.jpg
2504.888671875	0.0	image/429	429	1282503	train2017/000000095337.jpg
2505.701171875	0.0	image/472	472	1282919	train2017/000000110780.jpg
2506.484375	0.0	image/399	399	1283320	train2017/000000320508.jpg
2507.2734375	0.0	image/432	432	1283724	train2017/000000096161.jpg
2508.072265625	0.0	image/459	459	1284133	train2017/000000366802.jpg
2508.857421875	0.0	image/469	469	1284535	train2017/000000370369.jpg
2509.65625	0.0	image/442	442	1284944	train2017/000000361648.jpg
2511.2734375	0.0	image/364	364	1285772	train2017/000000275335.jpg
2512.07421875	0.0	image/435	435	1286182	train2017/000000097218.jpg
2512.869140625	0.0	image/392	392	1286589	train2017/000000348204.jpg
2513.658203125	0.0	image/461	461	1286993	train2017/000000106107.jpg
2515.2578125	0.0	image/393	393	1287812	train2017/000000086811.jpg
2516.0703125	0.0	image/452	452	1288228	train2017/000000365218.jpg
2516.875	0.0	image/377	377	1288640	train2017/000000450584.jpg
2517.6875	0.0	image/441	441	1289056	train2017/000000099363.jpg
2518.474609375	0.0	image/363	363	1289459	train2017/000000079111.jpg
2519.275390625	0.0	image/479	479	1289869	train2017/000000114077.jpg
2520.072265625	0.0	image/442	442	1290277	train2017/000000361648.jpg
2520.892578125	0.0	image/409	409	1290697	train2017/000000090827.jpg
2521.705078125	0.0	image/420	420	1291113	train2017/000000092353.jpg
2522.470703125	0.0	image/367	367	1291505	train2017/000000080619.jpg
2523.294921875	0.0	image/454	454	1291927	train2017/000000366146.jpg
2524.111328125	0.0	image/400	400	1292345	train2017/000000350299.jpg
2525.744140625	0.0	image/453	453	1293181	train2017/000000103366.jpg
2526.578125	0.0	image/389	389	1293608	train2017/000000346583.jpg
2527.37890625	0.0	image/438	438	1294018	train2017/000000147547.jpg
2528.162109375	0.0	image/386	386	1294419	train2017/000000083632.jpg
2528.99609375	0.0	image/432	432	1294846	train2017/000000096161.jpg
2530.62890625	0.0	image/476	476	1295682	train2017/000000112734.jpg
2531.4140625	0.0	image/449	449	1296084	train2017/000000101952.jpg
2532.208984375	0.0	image/411	411	1296491	train2017/000000091005.jpg
2533.013671875	0.0	image/449	449	1296903	train2017/000000101952.jpg
2533.8046875	0.0	image/423	423	1297308	train2017/000000355622.jpg
2534.580078125	0.0	image/437	437	1297705	train2017/000000060117.jpg
2535.3984375	0.0	image/444	444	1298124	train2017/000000100396.jpg
2536.181640625	0.0	image/385	385	1298525	train2017/000000345751.jpg
2536.958984375	0.0	image/409	409	1298923	train2017/000000090827.jpg
2537.748046875	0.0	image/367	367	1299327	train2017/000000080619.jpg
2538.548828125	0.0	image/477	477	1299737	train2017/000000113593.jpg
2539.361328125	0.0	image/422	422	1300153	train2017/000000059194.jpg
2540.14453125	0.0	image/373	373	1300554	train2017/000000081841.jpg
2540.9140625	0.0	image/388	388	1300948	train2017/000000084174.jpg
2541.732421875	0.0	image/418	418	1301367	train2017/000000092221.jpg
2542.52734375	0.0	image/407	407	1301774	train2017/000000352724.jpg
2543.31640625	0.0	image/426	426	1302178	train2017/000000357074.jpg
2544.134765625	0.0	image/376	376	1302597	train2017/000000081995.jpg
2545.69921875	0.0	image/444	444	1303398	train2017/000000100396.jpg
2546.484375	0.0	image/467	467	1303800	train2017/000000017935.jpg
2547.30078125	0.0	image/361	361	1304218	train2017/000000340317.jpg
2548.119140625	0.0	image/475	475	1304637	train2017/000000373970.jpg
2549.71875	0.0	image/397	397	1305456	train2017/000000087334.jpg
2551.3359375	0.0	image/408	408	1306284	train2017/000000352861.jpg
2552.146484375	0.0	image/382	382	1306699	train2017/000000345149.jpg
2552.947265625	0.0	image/410	410	1307109	train2017/000000090994.jpg
2553.75390625	0.0	image/366	366	1307522	train2017/000000080275.jpg
2554.537109375	0.0	image/436	436	1307923	train2017/000000098480.jpg
2556.12109375	0.0	image/429	429	1308734	train2017/000000095337.jpg
2556.9140625	0.0	image/463	463	1309140	train2017/000000369171.jpg
2557.705078125	0.0	image/423	423	1309545	train2017/000000355622.jpg
2558.50390625	0.0	image/395	395	1309954	train2017/000000087146.jpg
2559.322265625	0.0	image/379	379	1310373	train2017/000000569678.jpg
2560.1328125	0.0	image/476	476	1310788	train2017/000000112734.jpg
2560.93359375	0.0	image/435	435	1311198	train2017/000000097218.jpg
2561.755859375	0.0	image/453	453	1311619	train2017/000000103366.jpg
2563.373046875	0.0	image/431	431	1312447	train2017/000000095828.jpg
2564.201171875	0.0	image/417	417	1312871	train2017/000000092001.jpg
2564.982421875	0.0	image/389	389	1313271	train2017/000000346583.jpg
2565.7734375	0.0	image/425	425	1313676	train2017/000000356771.jpg
2566.568359375	0.0	image/471	471	1314083	train2017/000000372775.jpg
2567.3515625	0.0	image/456	456	1314484	train2017/000000104081.jpg
2568.173828125	0.0	image/378	378	1314905	train2017/000000319517.jpg
2568.96875	0.0	image/419	419	1315312	train2017/000000092288.jpg
2569.7734375	0.0	image/383	383	1315724	train2017/000000083393.jpg
2570.55859375	0.0	image/421	421	1316126	train2017/000000354761.jpg
2571.38671875	0.0	image/392	392	1316550	train2017/000000348204.jpg
2572.19140625	0.0	image/363	363	1316962	train2017/000000079111.jpg
2573.79296875	0.0	image/450	450	1317782	train2017/000000570785.jpg
2574.59375	0.0	image/448	448	1318192	train2017/000000101069.jpg
2575.392578125	0.0	image/431	431	1318601	train2017/000000095828.jpg
2576.208984375	0.0	image/445	445	1319019	train2017/000000362677.jpg
2576.994140625	0.0	image/439	439	1319421	train2017/000000361193.jpg
2577.794921875	0.0	image/428	428	1319831	train2017/000000095176.jpg
2578.60546875	0.0	image/447	447	1320246	train2017/000000100863.jpg
2579.39453125	0.0	image/396	396	1320650	train2017/000000349363.jpg
2580.1953125	0.0	image/478	478	1321060	train2017/000000114035.jpg
2581.0078125	0.0	image/411	411	1321476	train2017/000000091005.jpg
2581.828125	0.0	image/384	384	1321896	train2017/000000345725.jpg
2582.64453125	0.0	image/370	370	1322314	train2017/000000081105.jpg
2583.4296875	0.0	image/468	468	1322716	train2017/000000542304.jpg
2584.212890625	0.0	image/413	413	1323117	train2017/000000364806.jpg
2584.990234375	0.0	image/427	427	1323515	train2017/000000357228.jpg
2585.8125	0.0	image/394	394	1323936	train2017/000000087126.jpg
2586.595703125	0.0	image/465	465	1324337	train2017/000000369253.jpg
2587.421875	0.0	image/390	390	1324760	train2017/000000346754.jpg
2588.212890625	0.0	image/372	372	1325165	train2017/000000081474.jpg
2589.03125	0.0	image/470	470	1325584	train2017/000000110611.jpg
2589.865234375	0.0	image/399	399	1326011	train2017/000000320508.jpg
2590.67578125	0.0	image/400	400	1326426	train2017/000000350299.jpg
2591.474609375	0.0	image/371	371	1326835	train2017/000000081365.jpg
2592.265625	0.0	image/369	369	1327240	train2017/000000080987.jpg
2593.060546875	0.0	image/448	448	1327647	train2017/000000101069.jpg
2593.84375	0.0	image/428	428	1328048	train2017/000000095176.jpg
2594.6484375	0.0	image/368	368	1328460	train2017/000000008471.jpg
2595.431640625	0.0	image/467	467	1328861	train2017/000000017935.jpg
2597.06640625	0.0	image/462	462	1329698	train2017/000000368852.jpg
2597.876953125	0.0	image/382	382	1330113	train2017/000000345149.jpg
2598.68359375	0.0	image/463	463	1330526	train2017/000000369171.jpg
2599.4609375	0.0	image/446	446	1330924	train2017/000000100599.jpg
2600.283203125	0.0	image/390	390	1331345	train2017/000000346754.jpg
2601.083984375	0.0	image/466	466	1331755	train2017/000000107204.jpg
2601.912109375	0.0	image/451	451	1332179	train2017/000000365003.jpg
2602.71875	0.0	image/362	362	1332592	train2017/000000340734.jpg
2603.529296875	0.0	image/397	397	1333007	train2017/000000087334.jpg
2604.294921875	0.0	image/445	445	1333399	train2017/000000362677.jpg
2605.1015625	0.0	image/427	427	1333812	train2017/000000357228.jpg
2605.90234375	0.0	image/364	364	1334222	train2017/000000275335.jpg
2606.681640625	0.0	image/395	395	1334621	train2017/000000087146.jpg
2607.46484375	0.0	image/406	406	1335022	train2017/000000352236.jpg
2609.037109375	0.0	image/430	430	1335827	train2017/000000357865.jpg
2609.814453125	0.0	image/439	439	1336225	train2017/000000361193.jpg
2610.59765625	0.0	image/474	474	1336626	train2017/000000373679.jpg
2611.396484375	0.0	image/430	430	1337035	train2017/000000357865.jpg
2612.220703125	0.0	image/412	412	1337457	train2017/000000408492.jpg
2613.015625	0.0	image/424	424	1337864	train2017/000000277778.jpg
2613.83203125	0.0	image/374	374	1338282	train2017/000000046372.jpg
2614.599609375	0.0	image/380	380	1338675	train2017/000000082650.jpg
2615.421875	0.0	image/391	391	1339096	train2017/000000346795.jpg
2622.4609375	0.0	image/562	562	1342700	train2017/000000022696.jpg
2623.240234375	0.0	image/593	593	1343099	train2017/000000196777.jpg
2624.0234375	0.0	image/576	576	1343500	train2017/000000401699.jpg
2624.828125	0.0	image/571	571	1343912	train2017/000000229233.jpg
2626.39453125	0.0	image/580	580	1344714	train2017/000000402057.jpg
2627.99609375	0.0	image/518	518	1345534	train2017/000000124711.jpg
2628.80859375	0.0	image/579	579	1345950	train2017/000000139815.jpg
2629.61328125	0.0	image/565	565	1346362	train2017/000000197656.jpg
2630.4140625	0.0	image/576	576	1346772	train2017/000000401699.jpg
2631.19140625	0.0	image/567	567	1347170	train2017/000000137706.jpg
2631.962890625	0.0	image/549	549	1347565	train2017/000000197068.jpg
2632.763671875	0.0	image/541	541	1347975	train2017/000000131524.jpg
2633.57421875	0.0	image/594	594	1348390	train2017/000000404823.jpg
2635.181640625	0.0	image/526	526	1349213	train2017/000000389582.jpg
2636.013671875	0.0	image/522	522	1349639	train2017/000000125586.jpg
2636.83203125	0.0	image/578	578	1350058	train2017/000000401720.jpg
2637.615234375	0.0	image/555	555	1350459	train2017/000000397192.jpg
2638.39453125	0.0	image/571	571	1350858	train2017/000000229233.jpg
2639.21484375	0.0	image/560	560	1351278	train2017/000000136111.jpg
2640.783203125	0.0	image/553	553	1352081	train2017/000000134562.jpg
2641.56640625	0.0	image/527	527	1352482	train2017/000000390120.jpg
2642.37890625	0.0	image/533	533	1352898	train2017/000000392556.jpg
2643.162109375	0.0	image/536	536	1353299	train2017/000000196584.jpg
2643.984375	0.0	image/597	597	1353720	train2017/000000143245.jpg
2644.779296875	0.0	image/548	548	1354127	train2017/000000395775.jpg
2645.6015625	0.0	image/539	539	1354548	train2017/000000131011.jpg
2646.412109375	0.0	image/596	596	1354963	train2017/000000405215.jpg
2647.185546875	0.0	image/543	543	1355359	train2017/000000131763.jpg
2648.017578125	0.0	image/556	556	1355785	train2017/000000135316.jpg
2648.845703125	0.0	image/497	497	1356209	train2017/000000282032.jpg
2649.65234375	0.0	image/555	555	1356622	train2017/000000397192.jpg
2650.435546875	0.0	image/504	504	1357023	train2017/000000382951.jpg
2651.232421875	0.0	image/499	499	1357431	train2017/000000575164.jpg
2652.037109375	0.0	image/592	592	1357843	train2017/000000504289.jpg
2652.853515625	0.0	image/534	534	1358261	train2017/000000130681.jpg
2653.6328125	0.0	image/559	559	1358660	train2017/000000135965.jpg
2654.453125	0.0	image/543	543	1359080	train2017/000000131763.jpg
2655.23828125	0.0	image/588	588	1359482	train2017/000000403739.jpg
2656.048828125	0.0	image/539	539	1359897	train2017/000000131011.jpg
2656.853515625	0.0	image/496	496	1360309	train2017/000000380989.jpg
2657.6875	0.0	image/568	568	1360736	train2017/000000399984.jpg
2658.505859375	0.0	image/520	520	1361155	train2017/000000125042.jpg
2659.322265625	0.0	image/552	552	1361573	train2017/000000396550.jpg
2660.15625	0.0	image/487	487	1362000	train2017/000000115637.jpg
2661.7734375	0.0	image/577	577	1362828	train2017/000000139561.jpg
2662.599609375	0.0	image/519	519	1363251	train2017/000000124747.jpg
2663.384765625	0.0	image/482	482	1363653	train2017/000000376643.jpg
2664.1484375	0.0	image/540	540	1364044	train2017/000000021826.jpg
2664.951171875	0.0	image/513	513	1364455	train2017/000000282631.jpg
2666.556640625	0.0	image/599	599	1365277	train2017/000000388853.jpg
2667.341796875	0.0	image/507	507	1365679	train2017/000000383652.jpg
2668.134765625	0.0	image/589	589	1366085	train2017/000000403789.jpg
2668.94140625	0.0	image/541	541	1366498	train2017/000000131524.jpg
2669.73046875	0.0	image/570	570	1366902	train2017/000000400581.jpg
2670.541015625	0.0	image/547	547	1367317	train2017/000000395758.jpg
2671.326171875	0.0	image/551	551	1367719	train2017/000000134169.jpg
2672.109375	0.0	image/592	592	1368120	train2017/000000504289.jpg
2672.892578125	0.0	image/509	509	1368521	train2017/000000384235.jpg
2673.7265625	0.0	image/511	511	1368948	train2017/000000122776.jpg
2674.51953125	0.0	image/574	574	1369354	train2017/000000139344.jpg
2675.322265625	0.0	image/481	481	1369765	train2017/000000114274.jpg
2676.876953125	0.0	image/598	598	1370561	train2017/000000405437.jpg
2677.677734375	0.0	image/498	498	1370971	train2017/000000119669.jpg
2678.4921875	0.0	image/573	573	1371388	train2017/000000138904.jpg
2679.310546875	0.0	image/511	511	1371807	train2017/000000122776.jpg
2680.14453125	0.0	image/486	486	1372234	train2017/000000377703.jpg
2680.9453125	0.0	image/515	515	1372644	train2017/000000123692.jpg
2681.740234375	0.0	image/589	589	1373051	train2017/000000403789.jpg
2682.544921875	0.0	image/600	600	1373463	train2017/000000143420.jpg
2683.328125	0.0	image/593	593	1373864	train2017/000000196777.jpg
2684.158203125	0.0	image/487	487	1374289	train2017/000000115637.jpg
2684.98046875	0.0	image/569	569	1374710	train2017/000000138153.jpg
2685.8125	0.0	image/598	598	1375136	train2017/000000405437.jpg
2686.591796875	0.0	image/491	491	1375535	train2017/000000116603.jpg
2687.390625	0.0	image/481	481	1375944	train2017/000000114274.jpg
2688.193359375	0.0	image/563	563	1376355	train2017/000000398540.jpg
2689.810546875	0.0	image/538	538	1377183	train2017/000000130973.jpg
2690.630859375	0.0	image/532	532	1377603	train2017/000000130181.jpg
2691.44921875	0.0	image/507	507	1378022	train2017/000000383652.jpg
2692.2265625	0.0	image/484	484	1378420	train2017/000000114822.jpg
2693.03125	0.0	image/596	596	1378832	train2017/000000405215.jpg
2693.81640625	0.0	image/488	488	1379234	train2017/000000115649.jpg
2694.626953125	0.0	image/586	586	1379649	train2017/000000154556.jpg
2695.43359375	0.0	image/581	581	1380062	train2017/000000402199.jpg
2696.21484375	0.0	image/509	509	1380462	train2017/000000384235.jpg
2697.01171875	0.0	image/554	554	1380870	train2017/000000135032.jpg
2697.81640625	0.0	image/499	499	1381282	train2017/000000575164.jpg
2698.6328125	0.0	image/557	557	1381700	train2017/000000022627.jpg
2699.466796875	0.0	image/590	590	1382127	train2017/000000404007.jpg
2700.30078125	0.0	image/573	573	1382554	train2017/000000138904.jpg
2701.1015625	0.0	image/524	524	1382964	train2017/000000125725.jpg
2701.884765625	0.0	image/554	554	1383365	train2017/000000135032.jpg
2702.71484375	0.0	image/523	523	1383790	train2017/000000125703.jpg
2703.517578125	0.0	image/534	534	1384201	train2017/000000130681.jpg
2705.1015625	0.0	image/578	578	1385012	train2017/000000401720.jpg
2706.71875	0.0	image/521	521	1385840	train2017/000000387318.jpg
2707.501953125	0.0	image/591	591	1386241	train2017/000000404282.jpg
2708.302734375	0.0	image/597	597	1386651	train2017/000000143245.jpg
2709.099609375	0.0	image/516	516	1387059	train2017/000000385864.jpg
2709.90234375	0.0	image/535	535	1387470	train2017/000000392851.jpg
2710.6875	0.0	image/502	502	1387872	train2017/000000120655.jpg
2711.470703125	0.0	image/587	587	1388273	train2017/000000403535.jpg
2713.12109375	0.0	image/557	557	1389118	train2017/000000022627.jpg
2714.705078125	0.0	image/496	496	1389929	train2017/000000380989.jpg
2715.505859375	0.0	image/586	586	1390339	train2017/000000154556.jpg
2716.3359375	0.0	image/588	588	1390764	train2017/000000403739.jpg
2717.1015625	0.0	image/527	527	1391156	train2017/000000390120.jpg
2717.90625	0.0	image/533	533	1391568	train2017/000000392556.jpg
2719.5390625	0.0	image/579	579	1392404	train2017/000000139815.jpg
2720.3515625	0.0	image/494	494	1392820	train2017/000000380227.jpg
2721.173828125	0.0	image/512	512	1393241	train2017/000000122811.jpg
2721.984375	0.0	image/572	572	1393656	train2017/000000138785.jpg
2722.80859375	0.0	image/512	512	1394078	train2017/000000122811.jpg
2724.408203125	0.0	image/529	529	1394897	train2017/000000129060.jpg
2725.220703125	0.0	image/503	503	1395313	train2017/000000382890.jpg
2726.001953125	0.0	image/542	542	1395713	train2017/000000284089.jpg
2726.826171875	0.0	image/525	525	1396135	train2017/000000388980.jpg
2727.609375	0.0	image/503	503	1396536	train2017/000000382890.jpg
2728.404296875	0.0	image/486	486	1396943	train2017/000000377703.jpg
2729.2265625	0.0	image/519	519	1397364	train2017/000000124747.jpg
2730.060546875	0.0	image/558	558	1397791	train2017/000000398083.jpg
2730.859375	0.0	image/491	491	1398200	train2017/000000116603.jpg
2731.689453125	0.0	image/580	580	1398625	train2017/000000402057.jpg
2732.509765625	0.0	image/544	544	1399045	train2017/000000394008.jpg
2733.328125	0.0	image/489	489	1399464	train2017/000000115967.jpg
2734.14453125	0.0	image/490	490	1399882	train2017/000000116588.jpg
2734.955078125	0.0	image/562	562	1400297	train2017/000000022696.jpg
2735.755859375	0.0	image/493	493	1400707	train2017/000000379713.jpg
2736.544921875	0.0	image/544	544	1401111	train2017/000000394008.jpg
2737.373046875	0.0	image/506	506	1401535	train2017/000000383641.jpg
2738.15625	0.0	image/500	500	1401936	train2017/000000381961.jpg
2739.779296875	0.0	image/547	547	1402767	train2017/000000395758.jpg
2740.595703125	0.0	image/517	517	1403185	train2017/000000123891.jpg
2741.380859375	0.0	image/575	575	1403587	train2017/000000139551.jpg
2742.158203125	0.0	image/546	546	1403985	train2017/000000133281.jpg
2742.923828125	0.0	image/575	575	1404377	train2017/000000139551.jpg
2743.697265625	0.0	image/564	564	1404773	train2017/000000399162.jpg
2744.48046875	0.0	image/530	530	1405174	train2017/000000391678.jpg
2745.291015625	0.0	image/550	550	1405589	train2017/000000066014.jpg
2746.060546875	0.0	image/502	502	1405983	train2017/000000120655.jpg
2746.84375	0.0	image/506	506	1406384	train2017/000000383641.jpg
2747.6484375	0.0	image/508	508	1406796	train2017/000000413472.jpg
2748.44921875	0.0	image/501	501	1407206	train2017/000000353175.jpg
2749.244140625	0.0	image/594	594	1407613	train2017/000000404823.jpg
2750.048828125	0.0	image/523	523	1408025	train2017/000000125703.jpg
2751.68359375	0.0	image/492	492	1408862	train2017/000000150636.jpg
2752.494140625	0.0	image/495	495	1409277	train2017/000000380729.jpg
2754.099609375	0.0	image/517	517	1410099	train2017/000000123891.jpg
2754.900390625	0.0	image/582	582	1410509	train2017/000000140590.jpg
2755.716796875	0.0	image/494	494	1410927	train2017/000000380227.jpg
2756.529296875	0.0	image/600	600	1411343	train2017/000000143420.jpg
2757.3515625	0.0	image/490	490	1411764	train2017/000000116588.jpg
2758.16796875	0.0	image/498	498	1412182	train2017/000000119669.jpg
2758.947265625	0.0	image/553	553	1412581	train2017/000000134562.jpg
2759.76953125	0.0	image/482	482	1413002	train2017/000000376643.jpg
2760.546875	0.0	image/531	531	1413400	train2017/000000391754.jpg
2762.169921875	0.0	image/548	548	1414231	train2017/000000395775.jpg
2762.947265625	0.0	image/510	510	1414629	train2017/000000544738.jpg
2763.751953125	0.0	image/569	569	1415041	train2017/000000138153.jpg
2764.5703125	0.0	image/510	510	1415460	train2017/000000544738.jpg
2765.34765625	0.0	image/568	568	1415858	train2017/000000399984.jpg
2766.154296875	0.0	image/528	528	1416271	train2017/000000239828.jpg
2766.98046875	0.0	image/485	485	1416694	train2017/000000377576.jpg
2767.8046875	0.0	image/561	561	1417116	train2017/000000136142.jpg
2768.587890625	0.0	image/529	529	1417517	train2017/000000129060.jpg
2770.189453125	0.0	image/567	567	1418337	train2017/000000137706.jpg
2771.0	0.0	image/526	526	1418752	train2017/000000389582.jpg
2771.771484375	0.0	image/560	560	1419147	train2017/000000136111.jpg
2772.5703125	0.0	image/528	528	1419556	train2017/000000239828.jpg
2773.388671875	0.0	image/599	599	1419975	train2017/000000388853.jpg
2775.005859375	0.0	image/525	525	1420803	train2017/000000388980.jpg
2775.80078125	0.0	image/483	483	1421210	train2017/000000376858.jpg
2776.583984375	0.0	image/558	558	1421611	train2017/000000398083.jpg
2777.390625	0.0	image/570	570	1422024	train2017/000000400581.jpg
2778.20703125	0.0	image/583	583	1422442	train2017/000000198195.jpg
2779.025390625	0.0	image/485	485	1422861	train2017/000000377576.jpg
2779.82421875	0.0	image/537	537	1423270	train2017/000000371353.jpg
2780.619140625	0.0	image/566	566	1423677	train2017/000000399835.jpg
2781.40234375	0.0	image/556	556	1424078	train2017/000000135316.jpg
2782.9921875	0.0	image/545	545	1424892	train2017/000000131967.jpg
2783.80859375	0.0	image/495	495	1425310	train2017/000000380729.jpg
2784.609375	0.0	image/595	595	1425720	train2017/000000142803.jpg
2785.44140625	0.0	image/538	538	1426146	train2017/000000130973.jpg
2786.2265625	0.0	image/585	585	1426548	train2017/000000140724.jpg
2787.021484375	0.0	image/545	545	1426955	train2017/000000131967.jpg
2787.810546875	0.0	image/551	551	1427359	train2017/000000134169.jpg
2788.59375	0.0	image/520	520	1427760	train2017/000000125042.jpg
2789.39453125	0.0	image/501	501	1428170	train2017/000000353175.jpg
2790.22265625	0.0	image/584	584	1428594	train2017/000000285588.jpg
2791.02734375	0.0	image/530	530	1429006	train2017/000000391678.jpg
2791.806640625	0.0	image/518	518	1429405	train2017/000000124711.jpg
2792.58984375	0.0	image/550	550	1429806	train2017/000000066014.jpg
2793.359375	0.0	image/595	595	1430200	train2017/000000142803.jpg
2794.1953125	0.0	image/540	540	1430628	train2017/000000021826.jpg
2794.97265625	0.0	image/574	574	1431026	train2017/000000139344.jpg
2795.796875	0.0	image/488	488	1431448	train2017/000000115649.jpg
2796.58984375	0.0	image/572	572	1431854	train2017/000000138785.jpg
2797.380859375	0.0	image/536	536	1432259	train2017/000000196584.jpg
2798.212890625	0.0	image/516	516	1432685	train2017/000000385864.jpg
2799.025390625	0.0	image/581	581	1433101	train2017/000000402199.jpg
2799.830078125	0.0	image/535	535	1433513	train2017/000000392851.jpg
2800.630859375	0.0	image/515	515	1433923	train2017/000000123692.jpg
2801.41015625	0.0	image/492	492	1434322	train2017/000000150636.jpg
2802.21484375	0.0	image/521	521	1434734	train2017/000000387318.jpg
2803.80859375	0.0	image/514	514	1435550	train2017/000000282707.jpg
2804.615234375	0.0	image/584	584	1435963	train2017/000000285588.jpg
2805.431640625	0.0	image/577	577	1436381	train2017/000000139561.jpg
2807.06640625	0.0	image/563	563	1437218	train2017/000000398540.jpg
2808.68359375	0.0	image/546	546	1438046	train2017/000000133281.jpg
2809.46484375	0.0	image/549	549	1438446	train2017/000000197068.jpg
2810.244140625	0.0	image/531	531	1438845	train2017/000000391754.jpg
2811.033203125	0.0	image/564	564	1439249	train2017/000000399162.jpg
2811.828125	0.0	image/537	537	1439656	train2017/000000371353.jpg
2812.6015625	0.0	image/532	532	1440052	train2017/000000130181.jpg
2813.41796875	0.0	image/484	484	1440470	train2017/000000114822.jpg
2814.24609375	0.0	image/489	489	1440894	train2017/000000115967.jpg
2815.029296875	0.0	image/561	561	1441295	train2017/000000136142.jpg
2815.818359375	0.0	image/513	513	1441699	train2017/000000282631.jpg
2816.626953125	0.0	image/552	552	1442113	train2017/000000396550.jpg
2817.431640625	0.0	image/559	559	1442525	train2017/000000135965.jpg
2818.236328125	0.0	image/483	483	1442937	train2017/000000376858.jpg
2819.01953125	0.0	image/587	587	1443338	train2017/000000403535.jpg
2819.814453125	0.0	image/585	585	1443745	train2017/000000140724.jpg
2820.58203125	0.0	image/497	497	1444138	train2017/000000282032.jpg
2821.38671875	0.0	image/508	508	1444550	train2017/000000413472.jpg
2822.171875	0.0	image/566	566	1444952	train2017/000000399835.jpg
2822.94921875	0.0	image/524	524	1445350	train2017/000000125725.jpg
2823.771484375	0.0	image/590	590	1445771	train2017/000000404007.jpg
2824.599609375	0.0	image/522	522	1446195	train2017/000000125586.jpg
2825.421875	0.0	image/542	542	1446616	train2017/000000284089.jpg
2826.19921875	0.0	image/582	582	1447014	train2017/000000140590.jpg
2826.97265625	0.0	image/514	514	1447410	train2017/000000282707.jpg
2827.763671875	0.0	image/565	565	1447815	train2017/000000197656.jpg
2828.552734375	0.0	image/505	505	1448219	train2017/000000120987.jpg
2829.349609375	0.0	image/583	583	1448627	train2017/000000198195.jpg
2830.15234375	0.0	image/505	505	1449038	train2017/000000120987.jpg
2830.95703125	0.0	image/591	591	1449450	train2017/000000404282.jpg
2831.734375	0.0	image/504	504	1449848	train2017/000000382951.jpg
2832.5234375	0.0	image/493	493	1450252	train2017/000000379713.jpg
2833.32421875	0.0	image/500	500	1450662	train2017/000000381961.jpg
2840.998046875	0.0	image/703	703	1454591	train2017/000000171374.jpg
2841.80859375	0.0	image/679	679	1455006	train2017/000000164564.jpg
2842.630859375	0.0	image/612	612	1455427	train2017/000000408965.jpg
2843.431640625	0.0	image/684	684	1455837	train2017/000000166489.jpg
2844.216796875	0.0	image/661	661	1456239	train2017/000000160142.jpg
2845.01171875	0.0	image/601	601	1456646	train2017/000000143594.jpg
2845.783203125	0.0	image/625	625	1457041	train2017/000000369367.jpg
2846.56640625	0.0	image/707	707	1457442	train2017/000000173987.jpg
2848.201171875	0.0	image/640	640	1458279	train2017/000000162230.jpg
2849.01171875	0.0	image/716	716	1458694	train2017/000000437967.jpg
2849.833984375	0.0	image/648	648	1459115	train2017/000000417700.jpg
2850.634765625	0.0	image/647	647	1459525	train2017/000000417264.jpg
2851.44921875	0.0	image/618	618	1459942	train2017/000000149791.jpg
2852.234375	0.0	image/653	653	1460344	train2017/000000157119.jpg
2853.01953125	0.0	image/696	696	1460746	train2017/000000028367.jpg
2854.619140625	0.0	image/672	672	1461565	train2017/000000424110.jpg
2855.435546875	0.0	image/657	657	1461983	train2017/000000419586.jpg
2856.21875	0.0	image/665	665	1462384	train2017/000000160735.jpg
2857.046875	0.0	image/713	713	1462808	train2017/000000291280.jpg
2857.84765625	0.0	image/628	628	1463218	train2017/000000151163.jpg
2858.669921875	0.0	image/657	657	1463639	train2017/000000419586.jpg
2859.447265625	0.0	image/627	627	1464037	train2017/000000150931.jpg
2860.23046875	0.0	image/717	717	1464438	train2017/000000438154.jpg
2861.01953125	0.0	image/659	659	1464842	train2017/000000159680.jpg
2861.814453125	0.0	image/706	706	1465249	train2017/000000435902.jpg
2862.587890625	0.0	image/717	717	1465645	train2017/000000438154.jpg
2863.404296875	0.0	image/687	687	1466063	train2017/000000428726.jpg
2864.22265625	0.0	image/631	631	1466482	train2017/000000151414.jpg
2865.0	0.0	image/642	642	1466880	train2017/000000154011.jpg
2865.767578125	0.0	image/629	629	1467273	train2017/000000151307.jpg
2866.533203125	0.0	image/613	613	1467665	train2017/000000147331.jpg
2867.33984375	0.0	image/603	603	1468078	train2017/000000144193.jpg
2868.1171875	0.0	image/674	674	1468476	train2017/000000425135.jpg
2868.9375	0.0	image/642	642	1468896	train2017/000000154011.jpg
2869.740234375	0.0	image/670	670	1469307	train2017/000000423488.jpg
2870.55078125	0.0	image/688	688	1469722	train2017/000000166764.jpg
2871.357421875	0.0	image/681	681	1470135	train2017/000000427729.jpg
2872.134765625	0.0	image/692	692	1470533	train2017/000000169262.jpg
2873.701171875	0.0	image/718	718	1471335	train2017/000000176085.jpg
2874.466796875	0.0	image/688	688	1471727	train2017/000000166764.jpg
2875.291015625	0.0	image/672	672	1472149	train2017/000000424110.jpg
2876.083984375	0.0	image/700	700	1472555	train2017/000000170968.jpg
2877.720703125	0.0	image/674	674	1473393	train2017/000000425135.jpg
2879.322265625	0.0	image/652	652	1474213	train2017/000000113449.jpg
2880.09375	0.0	image/713	713	1474608	train2017/000000291280.jpg
2880.869140625	0.0	image/716	716	1475005	train2017/000000437967.jpg
2881.65234375	0.0	image/644	644	1475406	train2017/000000154207.jpg
2882.419921875	0.0	image/650	650	1475799	train2017/000000419212.jpg
2883.2109375	0.0	image/689	689	1476204	train2017/000000508456.jpg
2883.986328125	0.0	image/627	627	1476601	train2017/000000150931.jpg
2884.76171875	0.0	image/683	683	1476998	train2017/000000428605.jpg
2885.578125	0.0	image/658	658	1477416	train2017/000000563961.jpg
2886.37890625	0.0	image/660	660	1477826	train2017/000000422268.jpg
2887.2109375	0.0	image/690	690	1478252	train2017/000000043829.jpg
2888.029296875	0.0	image/712	712	1478671	train2017/000000174522.jpg
2888.806640625	0.0	image/708	708	1479069	train2017/000000174213.jpg
2889.62890625	0.0	image/664	664	1479490	train2017/000000551063.jpg
2890.44140625	0.0	image/710	710	1479906	train2017/000000436578.jpg
2891.24609375	0.0	image/718	718	1480318	train2017/000000176085.jpg
2892.064453125	0.0	image/638	638	1480737	train2017/000000414853.jpg
2892.880859375	0.0	image/614	614	1481155	train2017/000000147694.jpg
2893.70703125	0.0	image/695	695	1481578	train2017/000000284987.jpg
2894.53125	0.0	image/712	712	1482000	train2017/000000174522.jpg
2895.314453125	0.0	image/656	656	1482401	train2017/000000157342.jpg
2896.09765625	0.0	image/622	622	1482802	train2017/000000150559.jpg
2896.876953125	0.0	image/605	605	1483201	train2017/000000406595.jpg
2897.642578125	0.0	image/685	685	1483593	train2017/000000166504.jpg
2898.44921875	0.0	image/680	680	1484006	train2017/000000485595.jpg
2899.25	0.0	image/668	668	1484416	train2017/000000423222.jpg
2900.02734375	0.0	image/682	682	1484814	train2017/000000014269.jpg
2900.849609375	0.0	image/613	613	1485235	train2017/000000147331.jpg
2901.64453125	0.0	image/648	648	1485642	train2017/000000417700.jpg
2902.427734375	0.0	image/637	637	1486043	train2017/000000506039.jpg
2903.21484375	0.0	image/702	702	1486446	train2017/000000171328.jpg
2904.767578125	0.0	image/621	621	1487241	train2017/000000150196.jpg
2905.595703125	0.0	image/683	683	1487665	train2017/000000428605.jpg
2907.212890625	0.0	image/606	606	1488493	train2017/000000407778.jpg
2908.78515625	0.0	image/633	633	1489298	train2017/000000414176.jpg
2909.619140625	0.0	image/629	629	1489725	train2017/000000151307.jpg
2910.453125	0.0	image/669	669	1490152	train2017/000000161328.jpg
2911.279296875	0.0	image/640	640	1490575	train2017/000000162230.jpg
2912.087890625	0.0	image/715	715	1490989	train2017/000000175715.jpg
2912.880859375	0.0	image/609	609	1491395	train2017/000000504888.jpg
2913.6640625	0.0	image/677	677	1491796	train2017/000000425712.jpg
2914.453125	0.0	image/622	622	1492200	train2017/000000150559.jpg
2915.26953125	0.0	image/662	662	1492618	train2017/000000160181.jpg
2916.048828125	0.0	image/661	661	1493017	train2017/000000160142.jpg
2916.87109375	0.0	image/601	601	1493438	train2017/000000143594.jpg
2917.681640625	0.0	image/610	610	1493853	train2017/000000146256.jpg
2918.470703125	0.0	image/641	641	1494257	train2017/000000415608.jpg
2919.298828125	0.0	image/626	626	1494681	train2017/000000412922.jpg
2920.0625	0.0	image/705	705	1495072	train2017/000000028930.jpg
2920.83203125	0.0	image/619	619	1495466	train2017/000000149810.jpg
2921.638671875	0.0	image/714	714	1495879	train2017/000000437516.jpg
2922.44921875	0.0	image/623	623	1496294	train2017/000000412855.jpg
2923.251953125	0.0	image/641	641	1496705	train2017/000000415608.jpg
2924.06640625	0.0	image/708	708	1497122	train2017/000000174213.jpg
2924.83984375	0.0	image/605	605	1497518	train2017/000000406595.jpg
2926.40625	0.0	image/709	709	1498320	train2017/000000174303.jpg
2927.986328125	0.0	image/694	694	1499129	train2017/000000431825.jpg
2928.80859375	0.0	image/720	720	1499550	train2017/000000176728.jpg
2930.408203125	0.0	image/645	645	1500369	train2017/000000416972.jpg
2931.2421875	0.0	image/604	604	1500796	train2017/000000406445.jpg
2932.072265625	0.0	image/707	707	1501221	train2017/000000173987.jpg
2932.890625	0.0	image/673	673	1501640	train2017/000000424138.jpg
2934.4921875	0.0	image/662	662	1502460	train2017/000000160181.jpg
2935.3046875	0.0	image/715	715	1502876	train2017/000000175715.jpg
2936.10546875	0.0	image/620	620	1503286	train2017/000000153394.jpg
2936.87109375	0.0	image/660	660	1503678	train2017/000000422268.jpg
2937.677734375	0.0	image/637	637	1504091	train2017/000000506039.jpg
2938.509765625	0.0	image/694	694	1504517	train2017/000000431825.jpg
2939.294921875	0.0	image/603	603	1504919	train2017/000000144193.jpg
2940.12109375	0.0	image/646	646	1505342	train2017/000000417141.jpg
2940.91015625	0.0	image/682	682	1505746	train2017/000000014269.jpg
2941.6953125	0.0	image/658	658	1506148	train2017/000000563961.jpg
2942.529296875	0.0	image/698	698	1506575	train2017/000000433021.jpg
2943.35546875	0.0	image/651	651	1506998	train2017/000000156084.jpg
2944.99609375	0.0	image/667	667	1507838	train2017/000000423209.jpg
2945.779296875	0.0	image/675	675	1508239	train2017/000000163250.jpg
2947.4296875	0.0	image/646	646	1509084	train2017/000000417141.jpg
2948.228515625	0.0	image/643	643	1509493	train2017/000000416279.jpg
2949.841796875	0.0	image/625	625	1510319	train2017/000000369367.jpg
2951.482421875	0.0	image/610	610	1511159	train2017/000000146256.jpg
2953.08203125	0.0	image/719	719	1511978	train2017/000000438751.jpg
2953.859375	0.0	image/638	638	1512376	train2017/000000414853.jpg
2954.64453125	0.0	image/652	652	1512778	train2017/000000113449.jpg
2955.43359375	0.0	image/704	704	1513182	train2017/000000420713.jpg
2956.216796875	0.0	image/619	619	1513583	train2017/000000149810.jpg
2957.015625	0.0	image/691	691	1513992	train2017/000000168690.jpg
2957.798828125	0.0	image/655	655	1514393	train2017/000000157181.jpg
2958.626953125	0.0	image/609	609	1514817	train2017/000000504888.jpg
2959.41015625	0.0	image/630	630	1515218	train2017/000000462134.jpg
2960.234375	0.0	image/669	669	1515640	train2017/000000161328.jpg
2961.046875	0.0	image/654	654	1516056	train2017/000000157125.jpg
2961.8671875	0.0	image/612	612	1516476	train2017/000000408965.jpg
2962.650390625	0.0	image/667	667	1516877	train2017/000000423209.jpg
2963.48046875	0.0	image/632	632	1517302	train2017/000000068996.jpg
2964.251953125	0.0	image/690	690	1517697	train2017/000000043829.jpg
2965.068359375	0.0	image/665	665	1518115	train2017/000000160735.jpg
2965.8515625	0.0	image/693	693	1518516	train2017/000000431764.jpg
2966.65234375	0.0	image/699	699	1518926	train2017/000000170917.jpg
2967.435546875	0.0	image/668	668	1519327	train2017/000000423222.jpg
2968.263671875	0.0	image/616	616	1519751	train2017/000000149221.jpg
2969.0703125	0.0	image/671	671	1520164	train2017/000000161836.jpg
2969.88671875	0.0	image/615	615	1520582	train2017/000000148263.jpg
2970.703125	0.0	image/659	659	1521000	train2017/000000159680.jpg
2971.48828125	0.0	image/701	701	1521402	train2017/000000079701.jpg
2973.0703125	0.0	image/664	664	1522212	train2017/000000551063.jpg
2973.865234375	0.0	image/666	666	1522619	train2017/000000161062.jpg
2974.681640625	0.0	image/711	711	1523037	train2017/000000174504.jpg
2975.505859375	0.0	image/634	634	1523459	train2017/000000152273.jpg
2976.2890625	0.0	image/663	663	1523860	train2017/000000463620.jpg
2977.068359375	0.0	image/639	639	1524259	train2017/000000415026.jpg
2977.888671875	0.0	image/686	686	1524679	train2017/000000428691.jpg
2978.69921875	0.0	image/711	711	1525094	train2017/000000174504.jpg
2979.48828125	0.0	image/647	647	1525498	train2017/000000417264.jpg
2980.263671875	0.0	image/705	705	1525895	train2017/000000028930.jpg
2981.041015625	0.0	image/611	611	1526293	train2017/000000408922.jpg
2981.869140625	0.0	image/681	681	1526717	train2017/000000427729.jpg
2982.640625	0.0	image/719	719	1527112	train2017/000000438751.jpg
2983.423828125	0.0	image/621	621	1527513	train2017/000000150196.jpg
2985.05859375	0.0	image/650	650	1528350	train2017/000000419212.jpg
2985.88671875	0.0	image/670	670	1528774	train2017/000000423488.jpg
2986.708984375	0.0	image/680	680	1529195	train2017/000000485595.jpg
2987.533203125	0.0	image/636	636	1529617	train2017/000000549729.jpg
2988.359375	0.0	image/635	635	1530040	train2017/000000152328.jpg
2989.189453125	0.0	image/611	611	1530465	train2017/000000408922.jpg
2990.009765625	0.0	image/643	643	1530885	train2017/000000416279.jpg
2990.84375	0.0	image/654	654	1531312	train2017/000000157125.jpg
2991.66015625	0.0	image/678	678	1531730	train2017/000000164502.jpg
2992.490234375	0.0	image/626	626	1532155	train2017/000000412922.jpg
2993.310546875	0.0	image/617	617	1532575	train2017/000000411475.jpg
2994.138671875	0.0	image/703	703	1532999	train2017/000000171374.jpg
2994.927734375	0.0	image/614	614	1533403	train2017/000000147694.jpg
2995.705078125	0.0	image/649	649	1533801	train2017/000000418115.jpg
2997.2734375	0.0	image/673	673	1534604	train2017/000000424138.jpg
2998.080078125	0.0	image/635	635	1535017	train2017/000000152328.jpg
2998.85546875	0.0	image/644	644	1535414	train2017/000000154207.jpg
2999.640625	0.0	image/617	617	1535816	train2017/000000411475.jpg
3000.439453125	0.0	image/628	628	1536225	train2017/000000151163.jpg
3001.24609375	0.0	image/620	620	1536638	train2017/000000153394.jpg
3002.05859375	0.0	image/615	615	1537054	train2017/000000148263.jpg
3002.880859375	0.0	image/604	604	1537475	train2017/000000406445.jpg
3003.67578125	0.0	image/691	691	1537882	train2017/000000168690.jpg
3004.447265625	0.0	image/693	693	1538277	train2017/000000431764.jpg
3005.23046875	0.0	image/645	645	1538678	train2017/000000416972.jpg
3006.03125	0.0	image/634	634	1539088	train2017/000000152273.jpg
3006.814453125	0.0	image/697	697	1539489	train2017/000000433019.jpg
3007.59375	0.0	image/632	632	1539888	train2017/000000068996.jpg
3008.3984375	0.0	image/655	655	1540300	train2017/000000157181.jpg
3009.208984375	0.0	image/714	714	1540715	train2017/000000437516.jpg
3010.009765625	0.0	image/636	636	1541125	train2017/000000549729.jpg
3010.826171875	0.0	image/700	700	1541543	train2017/000000170968.jpg
3012.376953125	0.0	image/709	709	1542337	train2017/000000174303.jpg
3013.1484375	0.0	image/695	695	1542732	train2017/000000284987.jpg
3013.94921875	0.0	image/671	671	1543142	train2017/000000161836.jpg
3014.744140625	0.0	image/623	623	1543549	train2017/000000412855.jpg
3015.529296875	0.0	image/653	653	1543951	train2017/000000157119.jpg
3016.333984375	0.0	image/607	607	1544363	train2017/000000461187.jpg
3017.12890625	0.0	image/639	639	1544770	train2017/000000415026.jpg
3017.951171875	0.0	image/633	633	1545191	train2017/000000414176.jpg
3018.74609375	0.0	image/602	602	1545598	train2017/000000406292.jpg
3019.53515625	0.0	image/663	663	1546002	train2017/000000463620.jpg
3020.33203125	0.0	image/706	706	1546410	train2017/000000435902.jpg
3021.134765625	0.0	image/685	685	1546821	train2017/000000166504.jpg
3021.919921875	0.0	image/666	666	1547223	train2017/000000161062.jpg
3022.697265625	0.0	image/699	699	1547621	train2017/000000170917.jpg
3023.51953125	0.0	image/606	606	1548042	train2017/000000407778.jpg
3024.3359375	0.0	image/608	608	1548460	train2017/000000024287.jpg
3025.115234375	0.0	image/697	697	1548859	train2017/000000433019.jpg
3025.919921875	0.0	image/710	710	1549271	train2017/000000436578.jpg
3027.587890625	0.0	image/720	720	1550125	train2017/000000176728.jpg
3028.3828125	0.0	image/608	608	1550532	train2017/000000024287.jpg
3029.171875	0.0	image/692	692	1550936	train2017/000000169262.jpg
3030.0	0.0	image/649	649	1551360	train2017/000000418115.jpg
3030.828125	0.0	image/631	631	1551784	train2017/000000151414.jpg
3031.6484375	0.0	image/624	624	1552204	train2017/000000412857.jpg
3032.47265625	0.0	image/704	704	1552626	train2017/000000420713.jpg
3033.306640625	0.0	image/651	651	1553053	train2017/000000156084.jpg
3034.10546875	0.0	image/679	679	1553462	train2017/000000164564.jpg
3035.71875	0.0	image/702	702	1554288	train2017/000000171328.jpg
3036.484375	0.0	image/687	687	1554680	train2017/000000428726.jpg
3037.2578125	0.0	image/696	696	1555076	train2017/000000028367.jpg
3038.07421875	0.0	image/689	689	1555494	train2017/000000508456.jpg
3038.8515625	0.0	image/676	676	1555892	train2017/000000163263.jpg
3039.658203125	0.0	image/701	701	1556305	train2017/000000079701.jpg
3040.43359375	0.0	image/678	678	1556702	train2017/000000164502.jpg
3041.251953125	0.0	image/675	675	1557121	train2017/000000163250.jpg
3042.05859375	0.0	image/616	616	1557534	train2017/000000149221.jpg
3042.853515625	0.0	image/677	677	1557941	train2017/000000425712.jpg
3043.67578125	0.0	image/624	624	1558362	train2017/000000412857.jpg
3044.486328125	0.0	image/686	686	1558777	train2017/000000428691.jpg
3045.26953125	0.0	image/618	618	1559178	train2017/000000149791.jpg
3046.076171875	0.0	image/656	656	1559591	train2017/000000157342.jpg
3046.88671875	0.0	image/676	676	1560006	train2017/000000163263.jpg
3048.509765625	0.0	image/607	607	1560837	train2017/000000461187.jpg
3049.3203125	0.0	image/684	684	1561252	train2017/000000166489.jpg
3050.111328125	0.0	image/630	630	1561657	train2017/000000462134.jpg
3050.888671875	0.0	image/698	698	1562055	train2017/000000433021.jpg
3051.6953125	0.0	image/602	602	1562468	train2017/000000406292.jpg
3058.607421875	0.0	image/794	794	1566007	train2017/000000195650.jpg
3059.388671875	0.0	image/746	746	1566407	train2017/000000445726.jpg
3060.17578125	0.0	image/780	780	1566810	train2017/000000192576.jpg
3060.95703125	0.0	image/790	790	1567210	train2017/000000455799.jpg
3062.54296875	0.0	image/785	785	1568022	train2017/000000119550.jpg
3063.376953125	0.0	image/740	740	1568449	train2017/000000161354.jpg
3064.974609375	0.0	image/757	757	1569267	train2017/000000442666.jpg
3065.79296875	0.0	image/786	786	1569686	train2017/000000193023.jpg
3066.60546875	0.0	image/807	807	1570102	train2017/000000397815.jpg
3067.37109375	0.0	image/822	822	1570494	train2017/000000466265.jpg
3068.193359375	0.0	image/797	797	1570915	train2017/000000458178.jpg
3068.96875	0.0	image/816	816	1571312	train2017/000000464616.jpg
3069.755859375	0.0	image/756	756	1571715	train2017/000000448401.jpg
3070.525390625	0.0	image/817	817	1572109	train2017/000000202805.jpg
3071.3125	0.0	image/828	828	1572512	train2017/000000468394.jpg
3072.10546875	0.0	image/741	741	1572918	train2017/000000443940.jpg
3072.89453125	0.0	image/798	798	1573322	train2017/000000196365.jpg
3073.677734375	0.0	image/745	745	1573723	train2017/000000445351.jpg
3074.478515625	0.0	image/819	819	1574133	train2017/000000298139.jpg
3075.263671875	0.0	image/737	737	1574535	train2017/000000443377.jpg
3076.080078125	0.0	image/812	812	1574953	train2017/000000201758.jpg
3077.712890625	0.0	image/835	835	1575789	train2017/000000129143.jpg
3078.53125	0.0	image/768	768	1576208	train2017/000000189888.jpg
3079.359375	0.0	image/765	765	1576632	train2017/000000450914.jpg
3080.181640625	0.0	image/800	800	1577053	train2017/000000458616.jpg
3080.99609375	0.0	image/759	759	1577470	train2017/000000449914.jpg
3081.814453125	0.0	image/767	767	1577889	train2017/000000189794.jpg
3082.59375	0.0	image/791	791	1578288	train2017/000000194054.jpg
3083.416015625	0.0	image/783	783	1578709	train2017/000000454915.jpg
3084.2265625	0.0	image/826	826	1579124	train2017/000000205875.jpg
3085.009765625	0.0	image/749	749	1579525	train2017/000000447130.jpg
3085.81640625	0.0	image/789	789	1579938	train2017/000000455657.jpg
3086.609375	0.0	image/766	766	1580344	train2017/000000451680.jpg
3087.376953125	0.0	image/810	810	1580737	train2017/000000200391.jpg
3088.19921875	0.0	image/758	758	1581158	train2017/000000186828.jpg
3089.01171875	0.0	image/788	788	1581574	train2017/000000193373.jpg
3089.77734375	0.0	image/837	837	1581966	train2017/000000208805.jpg
3090.568359375	0.0	image/780	780	1582371	train2017/000000192576.jpg
3091.39453125	0.0	image/735	735	1582794	train2017/000000180410.jpg
3092.197265625	0.0	image/772	772	1583205	train2017/000000190487.jpg
3093.017578125	0.0	image/818	818	1583625	train2017/000000465412.jpg
3093.794921875	0.0	image/778	778	1584023	train2017/000000191686.jpg
3094.6015625	0.0	image/762	762	1584436	train2017/000000188660.jpg
3095.435546875	0.0	image/792	792	1584863	train2017/000000194108.jpg
3096.21484375	0.0	image/797	797	1585262	train2017/000000458178.jpg
3097.03515625	0.0	image/774	774	1585682	train2017/000000191005.jpg
3097.865234375	0.0	image/752	752	1586107	train2017/000000036151.jpg
3098.669921875	0.0	image/760	760	1586519	train2017/000000276853.jpg
3100.248046875	0.0	image/750	750	1587327	train2017/000000447182.jpg
3101.0546875	0.0	image/764	764	1587740	train2017/000000450903.jpg
3101.865234375	0.0	image/807	807	1588155	train2017/000000397815.jpg
3102.6328125	0.0	image/799	799	1588548	train2017/000000196368.jpg
3103.4375	0.0	image/796	796	1588960	train2017/000000338501.jpg
3105.015625	0.0	image/788	788	1589768	train2017/000000193373.jpg
3105.822265625	0.0	image/728	728	1590181	train2017/000000395740.jpg
3106.638671875	0.0	image/789	789	1590599	train2017/000000455657.jpg
3107.46875	0.0	image/737	737	1591024	train2017/000000443377.jpg
3108.23828125	0.0	image/727	727	1591418	train2017/000000440792.jpg
3109.0234375	0.0	image/730	730	1591820	train2017/000000441172.jpg
3109.806640625	0.0	image/804	804	1592221	train2017/000000460236.jpg
3110.607421875	0.0	image/735	735	1592631	train2017/000000180410.jpg
3111.40625	0.0	image/761	761	1593040	train2017/000000188225.jpg
3112.96875	0.0	image/838	838	1593840	train2017/000000208849.jpg
3113.791015625	0.0	image/767	767	1594261	train2017/000000189794.jpg
3115.408203125	0.0	image/799	799	1595089	train2017/000000196368.jpg
3116.208984375	0.0	image/838	838	1595499	train2017/000000208849.jpg
3117.00390625	0.0	image/759	759	1595906	train2017/000000449914.jpg
3117.826171875	0.0	image/782	782	1596327	train2017/000000454830.jpg
3118.60546875	0.0	image/753	753	1596726	train2017/000000006178.jpg
3119.42578125	0.0	image/839	839	1597146	train2017/000000209229.jpg
3120.208984375	0.0	image/779	779	1597547	train2017/000000191740.jpg
3121.021484375	0.0	image/834	834	1597963	train2017/000000469816.jpg
3121.822265625	0.0	image/725	725	1598373	train2017/000000440334.jpg
3122.626953125	0.0	image/837	837	1598785	train2017/000000208805.jpg
3123.421875	0.0	image/744	744	1599192	train2017/000000182799.jpg
3125.01171875	0.0	image/804	804	1600006	train2017/000000460236.jpg
3125.8046875	0.0	image/761	761	1600412	train2017/000000188225.jpg
3127.427734375	0.0	image/736	736	1601243	train2017/000000180609.jpg
3128.24609375	0.0	image/816	816	1601662	train2017/000000464616.jpg
3129.029296875	0.0	image/781	781	1602063	train2017/000000192631.jpg
3129.830078125	0.0	image/836	836	1602473	train2017/000000470907.jpg
3130.640625	0.0	image/747	747	1602888	train2017/000000183719.jpg
3131.462890625	0.0	image/755	755	1603309	train2017/000000055764.jpg
3132.275390625	0.0	image/820	820	1603725	train2017/000000203937.jpg
3133.080078125	0.0	image/785	785	1604137	train2017/000000119550.jpg
3133.908203125	0.0	image/809	809	1604561	train2017/000000462505.jpg
3134.71484375	0.0	image/753	753	1604974	train2017/000000006178.jpg
3135.498046875	0.0	image/808	808	1605375	train2017/000000461428.jpg
3136.275390625	0.0	image/814	814	1605773	train2017/000000201969.jpg
3137.05859375	0.0	image/836	836	1606174	train2017/000000470907.jpg
3137.83203125	0.0	image/772	772	1606570	train2017/000000190487.jpg
3138.666015625	0.0	image/744	744	1606997	train2017/000000182799.jpg
3139.458984375	0.0	image/814	814	1607403	train2017/000000201969.jpg
3140.248046875	0.0	image/802	802	1607807	train2017/000000197118.jpg
3141.033203125	0.0	image/770	770	1608209	train2017/000000452341.jpg
3141.810546875	0.0	image/840	840	1608607	train2017/000000471871.jpg
3142.6171875	0.0	image/721	721	1609020	train2017/000000176873.jpg
3144.234375	0.0	image/793	793	1609848	train2017/000000338439.jpg
3145.033203125	0.0	image/743	743	1610257	train2017/000000189388.jpg
3145.84375	0.0	image/774	774	1610672	train2017/000000191005.jpg
3147.43359375	0.0	image/763	763	1611486	train2017/000000450864.jpg
3148.21875	0.0	image/831	831	1611888	train2017/000000469445.jpg
3149.029296875	0.0	image/745	745	1612303	train2017/000000445351.jpg
3150.634765625	0.0	image/742	742	1613125	train2017/000000181837.jpg
3151.431640625	0.0	image/790	790	1613533	train2017/000000455799.jpg
3152.251953125	0.0	image/723	723	1613953	train2017/000000439241.jpg
3153.03125	0.0	image/813	813	1614352	train2017/000000557920.jpg
3153.796875	0.0	image/810	810	1614744	train2017/000000200391.jpg
3155.419921875	0.0	image/820	820	1615575	train2017/000000203937.jpg
3156.25390625	0.0	image/731	731	1616002	train2017/000000179034.jpg
3157.0546875	0.0	image/840	840	1616412	train2017/000000471871.jpg
3157.88671875	0.0	image/739	739	1616838	train2017/000000443575.jpg
3158.671875	0.0	image/777	777	1617240	train2017/000000453682.jpg
3159.455078125	0.0	image/748	748	1617641	train2017/000000184822.jpg
3160.23828125	0.0	image/811	811	1618042	train2017/000000201722.jpg
3161.072265625	0.0	image/773	773	1618469	train2017/000000303133.jpg
3161.90625	0.0	image/728	728	1618896	train2017/000000395740.jpg
3163.5234375	0.0	image/778	778	1619724	train2017/000000191686.jpg
3164.31640625	0.0	image/734	734	1620130	train2017/000000442489.jpg
3165.107421875	0.0	image/839	839	1620535	train2017/000000209229.jpg
3165.91796875	0.0	image/784	784	1620950	train2017/000000455020.jpg
3166.685546875	0.0	image/805	805	1621343	train2017/000000460408.jpg
3167.490234375	0.0	image/777	777	1621755	train2017/000000453682.jpg
3169.056640625	0.0	image/726	726	1622557	train2017/000000178423.jpg
3169.869140625	0.0	image/828	828	1622973	train2017/000000468394.jpg
3170.658203125	0.0	image/769	769	1623377	train2017/000000189893.jpg
3171.453125	0.0	image/758	758	1623784	train2017/000000186828.jpg
3172.21875	0.0	image/830	830	1624176	train2017/000000468825.jpg
3173.80859375	0.0	image/779	779	1624990	train2017/000000191740.jpg
3174.603515625	0.0	image/818	818	1625397	train2017/000000465412.jpg
3175.376953125	0.0	image/734	734	1625793	train2017/000000442489.jpg
3176.16015625	0.0	image/738	738	1626194	train2017/000000204969.jpg
3176.943359375	0.0	image/827	827	1626595	train2017/000000296474.jpg
3177.72265625	0.0	image/795	795	1626994	train2017/000000195768.jpg
3178.525390625	0.0	image/801	801	1627405	train2017/000000459190.jpg
3179.310546875	0.0	image/733	733	1627807	train2017/000000179914.jpg
3180.10546875	0.0	image/825	825	1628214	train2017/000000467646.jpg
3181.744140625	0.0	image/823	823	1629053	train2017/000000204422.jpg
3182.55859375	0.0	image/829	829	1629470	train2017/000000206467.jpg
3183.345703125	0.0	image/832	832	1629873	train2017/000000203615.jpg
3184.173828125	0.0	image/800	800	1630297	train2017/000000458616.jpg
3184.99609375	0.0	image/795	795	1630718	train2017/000000195768.jpg
3185.806640625	0.0	image/743	743	1631133	train2017/000000189388.jpg
3186.609375	0.0	image/771	771	1631544	train2017/000000190271.jpg
3187.4140625	0.0	image/732	732	1631956	train2017/000000179480.jpg
3188.24609375	0.0	image/740	740	1632382	train2017/000000161354.jpg
3189.064453125	0.0	image/794	794	1632801	train2017/000000195650.jpg
3189.880859375	0.0	image/787	787	1633219	train2017/000000193318.jpg
3190.6640625	0.0	image/722	722	1633620	train2017/000000073172.jpg
3191.474609375	0.0	image/802	802	1634035	train2017/000000197118.jpg
3192.298828125	0.0	image/742	742	1634457	train2017/000000181837.jpg
3193.08203125	0.0	image/829	829	1634858	train2017/000000206467.jpg
3193.859375	0.0	image/796	796	1635256	train2017/000000338501.jpg
3194.67578125	0.0	image/793	793	1635674	train2017/000000338439.jpg
3195.44921875	0.0	image/726	726	1636070	train2017/000000178423.jpg
3197.033203125	0.0	image/831	831	1636881	train2017/000000469445.jpg
3197.810546875	0.0	image/776	776	1637279	train2017/000000468771.jpg
3198.6171875	0.0	image/763	763	1637692	train2017/000000450864.jpg
3199.4453125	0.0	image/725	725	1638116	train2017/000000440334.jpg
3200.267578125	0.0	image/755	755	1638537	train2017/000000055764.jpg
3201.1015625	0.0	image/811	811	1638964	train2017/000000201722.jpg
3201.91796875	0.0	image/750	750	1639382	train2017/000000447182.jpg
3202.712890625	0.0	image/770	770	1639789	train2017/000000452341.jpg
3203.478515625	0.0	image/809	809	1640181	train2017/000000462505.jpg
3204.248046875	0.0	image/723	723	1640575	train2017/000000439241.jpg
3205.068359375	0.0	image/822	822	1640995	train2017/000000466265.jpg
3205.845703125	0.0	image/762	762	1641393	train2017/000000188660.jpg
3206.61328125	0.0	image/751	751	1641786	train2017/000000185225.jpg
3207.384765625	0.0	image/824	824	1642181	train2017/000000204806.jpg
3208.169921875	0.0	image/825	825	1642583	train2017/000000467646.jpg
3208.98046875	0.0	image/756	756	1642998	train2017/000000448401.jpg
3209.765625	0.0	image/830	830	1643400	train2017/000000468825.jpg
3210.5859375	0.0	image/752	752	1643820	train2017/000000036151.jpg
3211.416015625	0.0	image/787	787	1644245	train2017/000000193318.jpg
3212.1875	0.0	image/751	751	1644640	train2017/000000185225.jpg
3212.970703125	0.0	image/823	823	1645041	train2017/000000204422.jpg
3213.798828125	0.0	image/783	783	1645465	train2017/000000454915.jpg
3214.60546875	0.0	image/805	805	1645878	train2017/000000460408.jpg
3215.43359375	0.0	image/724	724	1646302	train2017/000000178031.jpg
3216.216796875	0.0	image/801	801	1646703	train2017/000000459190.jpg
3217.021484375	0.0	image/764	764	1647115	train2017/000000450903.jpg
3217.822265625	0.0	image/819	819	1647525	train2017/000000298139.jpg
3218.6171875	0.0	image/773	773	1647932	train2017/000000303133.jpg
3219.421875	0.0	image/821	821	1648344	train2017/000000077686.jpg
3220.255859375	0.0	image/746	746	1648771	train2017/000000445726.jpg
3221.072265625	0.0	image/835	835	1649189	train2017/000000129143.jpg
3221.90625	0.0	image/803	803	1649616	train2017/000000197401.jpg
3222.689453125	0.0	image/806	806	1650017	train2017/000000198319.jpg
3224.306640625	0.0	image/826	826	1650845	train2017/000000205875.jpg
3225.107421875	0.0	image/754	754	1651255	train2017/000000185888.jpg
3225.90234375	0.0	image/741	741	1651662	train2017/000000443940.jpg
3226.708984375	0.0	image/832	832	1652075	train2017/000000203615.jpg
3227.4921875	0.0	image/771	771	1652476	train2017/000000190271.jpg
3228.28515625	0.0	image/792	792	1652882	train2017/000000194108.jpg
3229.05859375	0.0	image/833	833	1653278	train2017/000000207549.jpg
3229.875	0.0	image/786	786	1653696	train2017/000000193023.jpg
3230.671875	0.0	image/821	821	1654104	train2017/000000077686.jpg
3231.4921875	0.0	image/815	815	1654524	train2017/000000202050.jpg
3232.29296875	0.0	image/765	765	1654934	train2017/000000450914.jpg
3233.076171875	0.0	image/806	806	1655335	train2017/000000198319.jpg
3233.85546875	0.0	image/754	754	1655734	train2017/000000185888.jpg
3234.66015625	0.0	image/833	833	1656146	train2017/000000207549.jpg
3235.47265625	0.0	image/721	721	1656562	train2017/000000176873.jpg
3236.255859375	0.0	image/739	739	1656963	train2017/000000443575.jpg
3237.060546875	0.0	image/736	736	1657375	train2017/000000180609.jpg
3237.83984375	0.0	image/781	781	1657774	train2017/000000192631.jpg
3238.640625	0.0	image/747	747	1658184	train2017/000000183719.jpg
3239.4453125	0.0	image/729	729	1658596	train2017/000000179019.jpg
3240.22265625	0.0	image/724	724	1658994	train2017/000000178031.jpg
3241.01171875	0.0	image/834	834	1659398	train2017/000000469816.jpg
3241.845703125	0.0	image/815	815	1659825	train2017/000000202050.jpg
3242.662109375	0.0	image/776	776	1660243	train2017/000000468771.jpg
3243.49609375	0.0	image/808	808	1660670	train2017/000000461428.jpg
3245.11328125	0.0	image/727	727	1661498	train2017/000000440792.jpg
3245.923828125	0.0	image/748	748	1661913	train2017/000000184822.jpg
3246.693359375	0.0	image/732	732	1662307	train2017/000000179480.jpg
3248.33203125	0.0	image/775	775	1663146	train2017/000000453221.jpg
3249.1484375	0.0	image/769	769	1663564	train2017/000000189893.jpg
3249.943359375	0.0	image/766	766	1663971	train2017/000000451680.jpg
3250.765625	0.0	image/824	824	1664392	train2017/000000204806.jpg
3251.548828125	0.0	image/813	813	1664793	train2017/000000557920.jpg
3252.33203125	0.0	image/798	798	1665194	train2017/000000196365.jpg
3253.111328125	0.0	image/729	729	1665593	train2017/000000179019.jpg
3253.916015625	0.0	image/817	817	1666005	train2017/000000202805.jpg
3254.716796875	0.0	image/812	812	1666415	train2017/000000201758.jpg
3255.546875	0.0	image/768	768	1666840	train2017/000000189888.jpg
3257.12890625	0.0	image/791	791	1667650	train2017/000000194054.jpg
3258.767578125	0.0	image/738	738	1668489	train2017/000000204969.jpg
3259.544921875	0.0	image/733	733	1668887	train2017/000000179914.jpg
3260.34765625	0.0	image/757	757	1669298	train2017/000000442666.jpg
3261.134765625	0.0	image/722	722	1669701	train2017/000000073172.jpg
3261.962890625	0.0	image/775	775	1670125	train2017/000000453221.jpg
3262.734375	0.0	image/749	749	1670520	train2017/000000447130.jpg
3263.53125	0.0	image/760	760	1670928	train2017/000000276853.jpg
3264.33203125	0.0	image/731	731	1671338	train2017/000000179034.jpg
3265.115234375	0.0	image/803	803	1671739	train2017/000000197401.jpg
3266.669921875	0.0	image/730	730	1672535	train2017/000000441172.jpg
3267.44921875	0.0	image/782	782	1672934	train2017/000000454830.jpg
3268.267578125	0.0	image/827	827	1673353	train2017/000000296474.jpg
3269.08984375	0.0	image/784	784	1673774	train2017/000000455020.jpg
3276.84375	0.0	image/935	935	1677744	train2017/000000082945.jpg
3277.626953125	0.0	image/917	917	1678145	train2017/000000354185.jpg
3278.455078125	0.0	image/854	854	1678569	train2017/000000475236.jpg
3279.279296875	0.0	image/945	945	1678991	train2017/000000501739.jpg
3280.07421875	0.0	image/856	856	1679398	train2017/000000213288.jpg
3280.89453125	0.0	image/948	948	1679818	train2017/000000502058.jpg
3281.6796875	0.0	image/920	920	1680220	train2017/000000300622.jpg
3282.45703125	0.0	image/929	929	1680618	train2017/000000495387.jpg
3283.263671875	0.0	image/960	960	1681031	train2017/000000505592.jpg
3284.046875	0.0	image/852	852	1681432	train2017/000000212440.jpg
3284.82421875	0.0	image/889	889	1681830	train2017/000000224396.jpg
3286.4296875	0.0	image/902	902	1682652	train2017/000000227307.jpg
3287.2109375	0.0	image/910	910	1683052	train2017/000000228565.jpg
3288.03125	0.0	image/875	875	1683472	train2017/000000482858.jpg
3288.82421875	0.0	image/958	958	1683878	train2017/000000433657.jpg
3289.6484375	0.0	image/940	940	1684300	train2017/000000499730.jpg
3290.447265625	0.0	image/937	937	1684709	train2017/000000498615.jpg
3291.232421875	0.0	image/898	898	1685111	train2017/000000488406.jpg
3292.04296875	0.0	image/897	897	1685526	train2017/000000430850.jpg
3292.857421875	0.0	image/959	959	1685943	train2017/000000505486.jpg
3293.66015625	0.0	image/927	927	1686354	train2017/000000495040.jpg
3295.216796875	0.0	image/845	845	1687151	train2017/000000211198.jpg
3296.04296875	0.0	image/879	879	1687574	train2017/000000221441.jpg
3296.828125	0.0	image/922	922	1687976	train2017/000000235479.jpg
3297.59375	0.0	image/941	941	1688368	train2017/000000237697.jpg
3298.384765625	0.0	image/846	846	1688773	train2017/000000474024.jpg
3299.1953125	0.0	image/896	896	1689188	train2017/000000225750.jpg
3299.962890625	0.0	image/891	891	1689581	train2017/000000224869.jpg
3300.767578125	0.0	image/890	890	1689993	train2017/000000224759.jpg
3301.55078125	0.0	image/908	908	1690394	train2017/000000228316.jpg
3302.365234375	0.0	image/949	949	1690811	train2017/000000240278.jpg
3303.16796875	0.0	image/954	954	1691222	train2017/000000040187.jpg
3303.98046875	0.0	image/918	918	1691638	train2017/000000230422.jpg
3304.802734375	0.0	image/960	960	1692059	train2017/000000505592.jpg
3305.61328125	0.0	image/916	916	1692474	train2017/000000038370.jpg
3306.435546875	0.0	image/873	873	1692895	train2017/000000429902.jpg
3307.220703125	0.0	image/884	884	1693297	train2017/000000485605.jpg
3308.033203125	0.0	image/862	862	1693713	train2017/000000215023.jpg
3308.814453125	0.0	image/861	861	1694113	train2017/000000560054.jpg
3310.404296875	0.0	image/929	929	1694927	train2017/000000495387.jpg
3311.23828125	0.0	image/858	858	1695354	train2017/000000214059.jpg
3312.87109375	0.0	image/877	877	1696190	train2017/000000342639.jpg
3313.654296875	0.0	image/886	886	1696591	train2017/000000386856.jpg
3314.482421875	0.0	image/845	845	1697015	train2017/000000211198.jpg
3315.2890625	0.0	image/936	936	1697428	train2017/000000497797.jpg
3316.1015625	0.0	image/944	944	1697844	train2017/000000239337.jpg
3316.923828125	0.0	image/926	926	1698265	train2017/000000232648.jpg
3317.732421875	0.0	image/911	911	1698679	train2017/000000229456.jpg
3318.53515625	0.0	image/951	951	1699090	train2017/000000214821.jpg
3319.32421875	0.0	image/903	903	1699494	train2017/000000227451.jpg
3320.94140625	0.0	image/928	928	1700322	train2017/000000233104.jpg
3321.724609375	0.0	image/914	914	1700723	train2017/000000492037.jpg
3322.552734375	0.0	image/842	842	1701147	train2017/000000209919.jpg
3323.357421875	0.0	image/934	934	1701559	train2017/000000497464.jpg
3324.140625	0.0	image/946	946	1701960	train2017/000000501867.jpg
3324.955078125	0.0	image/949	949	1702377	train2017/000000240278.jpg
3325.724609375	0.0	image/858	858	1702771	train2017/000000214059.jpg
3326.509765625	0.0	image/942	942	1703173	train2017/000000238001.jpg
3327.29296875	0.0	image/851	851	1703574	train2017/000000474545.jpg
3328.087890625	0.0	image/958	958	1703981	train2017/000000433657.jpg
3328.892578125	0.0	image/903	903	1704393	train2017/000000227451.jpg
3329.693359375	0.0	image/927	927	1704803	train2017/000000495040.jpg
3330.48828125	0.0	image/898	898	1705210	train2017/000000488406.jpg
3331.310546875	0.0	image/957	957	1705631	train2017/000000242631.jpg
3332.087890625	0.0	image/882	882	1706029	train2017/000000485113.jpg
3332.89453125	0.0	image/942	942	1706442	train2017/000000238001.jpg
3333.6953125	0.0	image/954	954	1706852	train2017/000000040187.jpg
3334.51171875	0.0	image/852	852	1707270	train2017/000000212440.jpg
3335.29296875	0.0	image/893	893	1707670	train2017/000000225383.jpg
3336.080078125	0.0	image/851	851	1708073	train2017/000000474545.jpg
3336.90625	0.0	image/895	895	1708496	train2017/000000487825.jpg
3337.712890625	0.0	image/904	904	1708909	train2017/000000227733.jpg
3338.529296875	0.0	image/868	868	1709327	train2017/000000444880.jpg
3339.36328125	0.0	image/888	888	1709754	train2017/000000486503.jpg
3340.146484375	0.0	image/870	870	1710155	train2017/000000480601.jpg
3340.94140625	0.0	image/883	883	1710562	train2017/000000223447.jpg
3341.74609375	0.0	image/886	886	1710974	train2017/000000386856.jpg
3342.53125	0.0	image/861	861	1711376	train2017/000000560054.jpg
3343.359375	0.0	image/887	887	1711800	train2017/000000561677.jpg
3344.146484375	0.0	image/857	857	1712203	train2017/000000213988.jpg
3344.931640625	0.0	image/901	901	1712605	train2017/000000007567.jpg
3345.76171875	0.0	image/893	893	1713030	train2017/000000225383.jpg
3346.564453125	0.0	image/872	872	1713441	train2017/000000429887.jpg
3347.341796875	0.0	image/847	847	1713839	train2017/000000207833.jpg
3348.1484375	0.0	image/883	883	1714252	train2017/000000223447.jpg
3348.96484375	0.0	image/951	951	1714670	train2017/000000214821.jpg
3349.744140625	0.0	image/894	894	1715069	train2017/000000225533.jpg
3350.56640625	0.0	image/901	901	1715490	train2017/000000007567.jpg
3351.365234375	0.0	image/953	953	1715899	train2017/000000241026.jpg
3352.162109375	0.0	image/907	907	1716307	train2017/000000228133.jpg
3352.982421875	0.0	image/842	842	1716727	train2017/000000209919.jpg
3353.76171875	0.0	image/871	871	1717126	train2017/000000480990.jpg
3354.578125	0.0	image/924	924	1717544	train2017/000000232277.jpg
3355.345703125	0.0	image/931	931	1717937	train2017/000000495568.jpg
3356.150390625	0.0	image/906	906	1718349	train2017/000000227928.jpg
3356.984375	0.0	image/959	959	1718776	train2017/000000505486.jpg
3358.5859375	0.0	image/876	876	1719596	train2017/000000482912.jpg
3359.40234375	0.0	image/947	947	1720014	train2017/000000501926.jpg
3361.001953125	0.0	image/882	882	1720833	train2017/000000485113.jpg
3361.802734375	0.0	image/859	859	1721243	train2017/000000476380.jpg
3362.603515625	0.0	image/952	952	1721653	train2017/000000502860.jpg
3363.416015625	0.0	image/902	902	1722069	train2017/000000227307.jpg
3364.1875	0.0	image/844	844	1722464	train2017/000000341033.jpg
3365.80078125	0.0	image/843	843	1723290	train2017/000000210065.jpg
3366.62109375	0.0	image/917	917	1723710	train2017/000000354185.jpg
3367.431640625	0.0	image/913	913	1724125	train2017/000000356810.jpg
3368.19921875	0.0	image/934	934	1724518	train2017/000000497464.jpg
3369.7890625	0.0	image/866	866	1725332	train2017/000000216029.jpg
3370.56640625	0.0	image/955	955	1725730	train2017/000000112805.jpg
3371.373046875	0.0	image/947	947	1726143	train2017/000000501926.jpg
3372.150390625	0.0	image/864	864	1726541	train2017/000000385417.jpg
3372.93359375	0.0	image/926	926	1726942	train2017/000000232648.jpg
3373.755859375	0.0	image/857	857	1727363	train2017/000000213988.jpg
3374.5390625	0.0	image/856	856	1727764	train2017/000000213288.jpg
3375.318359375	0.0	image/909	909	1728163	train2017/000000228380.jpg
3376.1015625	0.0	image/850	850	1728564	train2017/000000212380.jpg
3376.884765625	0.0	image/945	945	1728965	train2017/000000501739.jpg
3377.69140625	0.0	image/904	904	1729378	train2017/000000227733.jpg
3378.501953125	0.0	image/863	863	1729793	train2017/000000215291.jpg
3379.32421875	0.0	image/950	950	1730214	train2017/000000502470.jpg
3380.134765625	0.0	image/892	892	1730629	train2017/000000225113.jpg
3380.90234375	0.0	image/932	932	1731022	train2017/000000233580.jpg
3381.708984375	0.0	image/930	930	1731435	train2017/000000344729.jpg
3382.501953125	0.0	image/841	841	1731841	train2017/000000034961.jpg
3383.26953125	0.0	image/932	932	1732234	train2017/000000233580.jpg
3384.873046875	0.0	image/955	955	1733055	train2017/000000112805.jpg
3385.693359375	0.0	image/896	896	1733475	train2017/000000225750.jpg
3386.521484375	0.0	image/943	943	1733899	train2017/000000238201.jpg
3387.306640625	0.0	image/846	846	1734301	train2017/000000474024.jpg
3388.072265625	0.0	image/855	855	1734693	train2017/000000122923.jpg
3388.89453125	0.0	image/885	885	1735114	train2017/000000223718.jpg
3389.689453125	0.0	image/941	941	1735521	train2017/000000237697.jpg
3390.490234375	0.0	image/866	866	1735931	train2017/000000216029.jpg
3391.294921875	0.0	image/922	922	1736343	train2017/000000235479.jpg
3392.10546875	0.0	image/848	848	1736758	train2017/000000474353.jpg
3392.912109375	0.0	image/923	923	1737171	train2017/000000231851.jpg
3393.712890625	0.0	image/944	944	1737581	train2017/000000239337.jpg
3394.490234375	0.0	image/890	890	1737979	train2017/000000224759.jpg
3395.3125	0.0	image/909	909	1738400	train2017/000000228380.jpg
3396.095703125	0.0	image/860	860	1738801	train2017/000000476481.jpg
3396.880859375	0.0	image/887	887	1739203	train2017/000000561677.jpg
3397.6796875	0.0	image/916	916	1739612	train2017/000000038370.jpg
3398.49609375	0.0	image/853	853	1740030	train2017/000000474827.jpg
3400.064453125	0.0	image/885	885	1740833	train2017/000000223718.jpg
3400.84765625	0.0	image/907	907	1741234	train2017/000000228133.jpg
3401.630859375	0.0	image/864	864	1741635	train2017/000000385417.jpg
3402.4296875	0.0	image/850	850	1742044	train2017/000000212380.jpg
3404.048828125	0.0	image/900	900	1742873	train2017/000000488658.jpg
3404.8828125	0.0	image/847	847	1743300	train2017/000000207833.jpg
3406.4765625	0.0	image/921	921	1744116	train2017/000000231102.jpg
3407.283203125	0.0	image/849	849	1744529	train2017/000000212229.jpg
3408.06640625	0.0	image/865	865	1744930	train2017/000000035972.jpg
3408.865234375	0.0	image/900	900	1745339	train2017/000000488658.jpg
3409.68359375	0.0	image/867	867	1745758	train2017/000000479035.jpg
3410.478515625	0.0	image/854	854	1746165	train2017/000000475236.jpg
3411.283203125	0.0	image/844	844	1746577	train2017/000000341033.jpg
3412.068359375	0.0	image/948	948	1746979	train2017/000000502058.jpg
3412.8515625	0.0	image/919	919	1747380	train2017/000000492627.jpg
3413.6640625	0.0	image/859	859	1747796	train2017/000000476380.jpg
3414.484375	0.0	image/905	905	1748216	train2017/000000227843.jpg
3415.26171875	0.0	image/879	879	1748614	train2017/000000221441.jpg
3416.046875	0.0	image/894	894	1749016	train2017/000000225533.jpg
3416.869140625	0.0	image/938	938	1749437	train2017/000000237093.jpg
3417.65234375	0.0	image/899	899	1749838	train2017/000000168803.jpg
3418.462890625	0.0	image/911	911	1750253	train2017/000000229456.jpg
3419.240234375	0.0	image/924	924	1750651	train2017/000000232277.jpg
3420.052734375	0.0	image/878	878	1751067	train2017/000000167908.jpg
3420.88671875	0.0	image/880	880	1751494	train2017/000000484300.jpg
3421.681640625	0.0	image/953	953	1751901	train2017/000000241026.jpg
3422.46484375	0.0	image/870	870	1752302	train2017/000000480601.jpg
3423.271484375	0.0	image/938	938	1752715	train2017/000000237093.jpg
3424.87109375	0.0	image/873	873	1753534	train2017/000000429902.jpg
3425.654296875	0.0	image/937	937	1753935	train2017/000000498615.jpg
3426.44921875	0.0	image/871	871	1754342	train2017/000000480990.jpg
3427.23828125	0.0	image/914	914	1754746	train2017/000000492037.jpg
3428.072265625	0.0	image/877	877	1755173	train2017/000000342639.jpg
3428.888671875	0.0	image/895	895	1755591	train2017/000000487825.jpg
3429.685546875	0.0	image/910	910	1755999	train2017/000000228565.jpg
3430.5	0.0	image/939	939	1756416	train2017/000000499627.jpg
3432.123046875	0.0	image/918	918	1757247	train2017/000000230422.jpg
3432.94140625	0.0	image/849	849	1757666	train2017/000000212229.jpg
3434.57421875	0.0	image/928	928	1758502	train2017/000000233104.jpg
3435.375	0.0	image/915	915	1758912	train2017/000000229947.jpg
3436.203125	0.0	image/848	848	1759336	train2017/000000474353.jpg
3437.7421875	0.0	image/872	872	1760124	train2017/000000429887.jpg
3438.521484375	0.0	image/892	892	1760523	train2017/000000225113.jpg
3439.30859375	0.0	image/952	952	1760926	train2017/000000502860.jpg
3440.126953125	0.0	image/853	853	1761345	train2017/000000474827.jpg
3440.943359375	0.0	image/881	881	1761763	train2017/000000222921.jpg
3441.75390625	0.0	image/933	933	1762178	train2017/000000233873.jpg
3442.521484375	0.0	image/936	936	1762571	train2017/000000497797.jpg
3443.34375	0.0	image/876	876	1762992	train2017/000000482912.jpg
3444.138671875	0.0	image/920	920	1763399	train2017/000000300622.jpg
3444.904296875	0.0	image/889	889	1763791	train2017/000000224396.jpg
3445.673828125	0.0	image/874	874	1764185	train2017/000000561006.jpg
3446.4609375	0.0	image/915	915	1764588	train2017/000000229947.jpg
3447.26171875	0.0	image/933	933	1764998	train2017/000000233873.jpg
3448.0625	0.0	image/923	923	1765408	train2017/000000231851.jpg
3448.845703125	0.0	image/925	925	1765809	train2017/000000494552.jpg
3449.62890625	0.0	image/908	908	1766210	train2017/000000228316.jpg
3450.44140625	0.0	image/897	897	1766626	train2017/000000430850.jpg
3451.228515625	0.0	image/919	919	1767029	train2017/000000492627.jpg
3452.013671875	0.0	image/841	841	1767431	train2017/000000034961.jpg
3452.845703125	0.0	image/880	880	1767857	train2017/000000484300.jpg
3454.49609375	0.0	image/956	956	1768702	train2017/000000242133.jpg
3456.130859375	0.0	image/888	888	1769539	train2017/000000486503.jpg
3456.947265625	0.0	image/860	860	1769957	train2017/000000476481.jpg
3457.759765625	0.0	image/906	906	1770373	train2017/000000227928.jpg
3458.544921875	0.0	image/869	869	1770775	train2017/000000294744.jpg
3459.33203125	0.0	image/940	940	1771178	train2017/000000499730.jpg
3460.142578125	0.0	image/957	957	1771593	train2017/000000242631.jpg
3460.91015625	0.0	image/865	865	1771986	train2017/000000035972.jpg
3461.71484375	0.0	image/867	867	1772398	train2017/000000479035.jpg
3462.52734375	0.0	image/878	878	1772814	train2017/000000167908.jpg
3463.33203125	0.0	image/913	913	1773226	train2017/000000356810.jpg
3464.111328125	0.0	image/862	862	1773625	train2017/000000215023.jpg
3464.93359375	0.0	image/874	874	1774046	train2017/000000561006.jpg
3465.767578125	0.0	image/931	931	1774473	train2017/000000495568.jpg
3467.400390625	0.0	image/912	912	1775309	train2017/000000491611.jpg
3468.185546875	0.0	image/925	925	1775711	train2017/000000494552.jpg
3469.01171875	0.0	image/863	863	1776134	train2017/000000215291.jpg
3469.78515625	0.0	image/905	905	1776530	train2017/000000227843.jpg
3470.568359375	0.0	image/899	899	1776931	train2017/000000168803.jpg
3472.15234375	0.0	image/935	935	1777742	train2017/000000082945.jpg
3472.96875	0.0	image/868	868	1778160	train2017/000000444880.jpg
3474.5859375	0.0	image/891	891	1778988	train2017/000000224869.jpg
3475.380859375	0.0	image/946	946	1779395	train2017/000000501867.jpg
3476.986328125	0.0	image/884	884	1780217	train2017/000000485605.jpg
3477.771484375	0.0	image/869	869	1780619	train2017/000000294744.jpg
3478.603515625	0.0	image/956	956	1781045	train2017/000000242133.jpg
3480.21484375	0.0	image/950	950	1781870	train2017/000000502470.jpg
3481.021484375	0.0	image/881	881	1782283	train2017/000000222921.jpg
3481.83203125	0.0	image/855	855	1782698	train2017/000000122923.jpg
3482.623046875	0.0	image/930	930	1783103	train2017/000000344729.jpg
3483.40625	0.0	image/939	939	1783504	train2017/000000499627.jpg
3484.22265625	0.0	image/921	921	1783922	train2017/000000231102.jpg
3485.001953125	0.0	image/912	912	1784321	train2017/000000491611.jpg
3485.822265625	0.0	image/943	943	1784741	train2017/000000238201.jpg
3486.623046875	0.0	image/875	875	1785151	train2017/000000482858.jpg
