onset	duration	trial_type	value	sample	stim_file
2.26953125	0.0	image/86	86	1162	train2017/000000539879.jpg
3.08984375	0.0	image/35	35	1582	train2017/000000267647.jpg
3.85546875	0.0	image/17	17	1974	train2017/000000002372.jpg
4.642578125	0.0	image/88	88	2377	train2017/000000540538.jpg
5.404296875	0.0	image/83	83	2767	train2017/000000277524.jpg
6.205078125	0.0	image/13	13	3177	train2017/000000525932.jpg
6.958984375	0.0	image/115	115	3563	train2017/000000021095.jpg
7.724609375	0.0	image/11	11	3955	train2017/000000263599.jpg
8.54296875	0.0	image/30	30	4374	train2017/000000004442.jpg
9.337890625	0.0	image/11	11	4781	train2017/000000263599.jpg
10.138671875	0.0	image/89	89	5191	train2017/000000016314.jpg
10.921875	0.0	image/54	54	5592	train2017/000000532753.jpg
11.72265625	0.0	image/51	51	6002	train2017/000000008027.jpg
12.490234375	0.0	image/105	105	6395	train2017/000000280764.jpg
13.25	0.0	image/49	49	6784	train2017/000000219750.jpg
14.08984375	0.0	image/7	7	7214	train2017/000000000605.jpg
14.849609375	0.0	image/85	85	7603	train2017/000000539705.jpg
15.673828125	0.0	image/79	79	8025	train2017/000000276664.jpg
16.4453125	0.0	image/90	90	8420	train2017/000000278555.jpg
17.244140625	0.0	image/3	3	8829	train2017/000000262414.jpg
18.041015625	0.0	image/36	36	9237	train2017/000000267699.jpg
18.810546875	0.0	image/33	33	9631	train2017/000000267338.jpg
19.625	0.0	image/77	77	10048	train2017/000000275938.jpg
21.2421875	0.0	image/18	18	10876	train2017/000000264735.jpg
22.05078125	0.0	image/40	40	11290	train2017/000000268114.jpg
22.876953125	0.0	image/34	34	11713	train2017/000000005277.jpg
23.626953125	0.0	image/80	80	12097	train2017/000000538822.jpg
24.41015625	0.0	image/118	118	12498	train2017/000000283678.jpg
25.177734375	0.0	image/106	106	12891	train2017/000000280808.jpg
25.994140625	0.0	image/47	47	13309	train2017/000000531828.jpg
27.59765625	0.0	image/19	19	14130	train2017/000000526968.jpg
28.4140625	0.0	image/15	15	14548	train2017/000000264396.jpg
29.212890625	0.0	image/18	18	14957	train2017/000000264735.jpg
30.029296875	0.0	image/83	83	15375	train2017/000000277524.jpg
30.830078125	0.0	image/51	51	15785	train2017/000000008027.jpg
31.646484375	0.0	image/37	37	16203	train2017/000000005684.jpg
32.396484375	0.0	image/90	90	16587	train2017/000000278555.jpg
33.166015625	0.0	image/117	117	16981	train2017/000000396793.jpg
33.962890625	0.0	image/74	74	17389	train2017/000000275663.jpg
34.763671875	0.0	image/30	30	17799	train2017/000000004442.jpg
35.55078125	0.0	image/43	43	18202	train2017/000000006765.jpg
36.3671875	0.0	image/29	29	18620	train2017/000000393907.jpg
37.134765625	0.0	image/69	69	19013	train2017/000000011856.jpg
37.90234375	0.0	image/68	68	19406	train2017/000000535871.jpg
38.701171875	0.0	image/42	42	19815	train2017/000000268659.jpg
39.474609375	0.0	image/95	95	20211	train2017/000000016898.jpg
40.2890625	0.0	image/75	75	20628	train2017/000000399878.jpg
41.1015625	0.0	image/35	35	21044	train2017/000000267647.jpg
41.91796875	0.0	image/98	98	21462	train2017/000000541472.jpg
42.69140625	0.0	image/82	82	21858	train2017/000000539395.jpg
43.46875	0.0	image/48	48	22256	train2017/000000011299.jpg
44.275390625	0.0	image/100	100	22669	train2017/000000541856.jpg
45.0859375	0.0	image/27	27	23084	train2017/000000265745.jpg
45.88671875	0.0	image/44	44	23494	train2017/000000007048.jpg
47.455078125	0.0	image/108	108	24297	train2017/000000281330.jpg
48.275390625	0.0	image/63	63	24717	train2017/000000273120.jpg
49.0546875	0.0	image/84	84	25116	train2017/000000570543.jpg
49.8515625	0.0	image/81	81	25524	train2017/000000539340.jpg
50.654296875	0.0	image/70	70	25935	train2017/000000536786.jpg
51.443359375	0.0	image/117	117	26339	train2017/000000396793.jpg
52.27734375	0.0	image/94	94	26766	train2017/000000278962.jpg
53.087890625	0.0	image/118	118	27181	train2017/000000283678.jpg
53.876953125	0.0	image/25	25	27585	train2017/000000527618.jpg
54.7109375	0.0	image/41	41	28012	train2017/000000268418.jpg
55.494140625	0.0	image/31	31	28413	train2017/000000266622.jpg
56.291015625	0.0	image/60	60	28821	train2017/000000010710.jpg
57.908203125	0.0	image/50	50	29649	train2017/000000007932.jpg
58.69140625	0.0	image/69	69	30050	train2017/000000011856.jpg
59.490234375	0.0	image/91	91	30459	train2017/000000540735.jpg
60.291015625	0.0	image/59	59	30869	train2017/000000010046.jpg
61.07421875	0.0	image/6	6	31270	train2017/000000000584.jpg
61.857421875	0.0	image/112	112	31671	train2017/000000544926.jpg
62.625	0.0	image/94	94	32064	train2017/000000278962.jpg
63.447265625	0.0	image/96	96	32485	train2017/000000541258.jpg
64.275390625	0.0	image/81	81	32909	train2017/000000539340.jpg
65.076171875	0.0	image/97	97	33319	train2017/000000279197.jpg
66.662109375	0.0	image/86	86	34131	train2017/000000539879.jpg
67.498046875	0.0	image/99	99	34559	train2017/000000271183.jpg
68.310546875	0.0	image/45	45	34975	train2017/000000531392.jpg
69.126953125	0.0	image/40	40	35393	train2017/000000268114.jpg
69.94140625	0.0	image/92	92	35810	train2017/000000278714.jpg
70.744140625	0.0	image/12	12	36221	train2017/000000525790.jpg
72.361328125	0.0	image/23	23	37049	train2017/000000265150.jpg
73.125	0.0	image/87	87	37440	train2017/000000300383.jpg
73.900390625	0.0	image/119	119	37837	train2017/000000545950.jpg
74.69921875	0.0	image/80	80	38246	train2017/000000538822.jpg
75.4765625	0.0	image/73	73	38644	train2017/000000537393.jpg
76.244140625	0.0	image/9	9	39037	train2017/000000000650.jpg
77.05078125	0.0	image/45	45	39450	train2017/000000531392.jpg
77.876953125	0.0	image/47	47	39873	train2017/000000531828.jpg
78.662109375	0.0	image/32	32	40275	train2017/000000005028.jpg
79.447265625	0.0	image/67	67	40677	train2017/000000011358.jpg
80.251953125	0.0	image/38	38	41089	train2017/000000312536.jpg
81.865234375	0.0	image/115	115	41915	train2017/000000021095.jpg
82.62890625	0.0	image/95	95	42306	train2017/000000016898.jpg
83.4140625	0.0	image/109	109	42708	train2017/000000544060.jpg
84.177734375	0.0	image/1	1	43099	train2017/000000262145.jpg
84.94921875	0.0	image/108	108	43494	train2017/000000281330.jpg
85.748046875	0.0	image/12	12	43903	train2017/000000525790.jpg
86.5703125	0.0	image/75	75	44324	train2017/000000399878.jpg
87.349609375	0.0	image/96	96	44723	train2017/000000541258.jpg
88.154296875	0.0	image/63	63	45135	train2017/000000273120.jpg
88.96875	0.0	image/16	16	45552	train2017/000000002270.jpg
89.748046875	0.0	image/6	6	45951	train2017/000000000584.jpg
90.56640625	0.0	image/89	89	46370	train2017/000000016314.jpg
91.353515625	0.0	image/53	53	46773	train2017/000000270278.jpg
92.15625	0.0	image/20	20	47184	train2017/000000526980.jpg
92.939453125	0.0	image/14	14	47585	train2017/000000264244.jpg
93.751953125	0.0	image/21	21	48001	train2017/000000274108.jpg
94.5546875	0.0	image/38	38	48412	train2017/000000312536.jpg
95.3203125	0.0	image/31	31	48804	train2017/000000266622.jpg
96.119140625	0.0	image/7	7	49213	train2017/000000000605.jpg
96.908203125	0.0	image/114	114	49617	train2017/000000571485.jpg
97.70703125	0.0	image/111	111	50026	train2017/000000020517.jpg
98.5078125	0.0	image/57	57	50436	train2017/000000001625.jpg
99.32421875	0.0	image/79	79	50854	train2017/000000276664.jpg
100.103515625	0.0	image/8	8	51253	train2017/000000000625.jpg
101.720703125	0.0	image/22	22	52081	train2017/000000265023.jpg
102.5078125	0.0	image/88	88	52484	train2017/000000540538.jpg
103.28515625	0.0	image/58	58	52882	train2017/000000534259.jpg
104.08984375	0.0	image/3	3	53294	train2017/000000262414.jpg
105.720703125	0.0	image/48	48	54129	train2017/000000011299.jpg
106.509765625	0.0	image/73	73	54533	train2017/000000537393.jpg
107.29296875	0.0	image/55	55	54934	train2017/000000533231.jpg
108.107421875	0.0	image/72	72	55351	train2017/000000274978.jpg
109.64453125	0.0	image/72	72	56138	train2017/000000274978.jpg
110.423828125	0.0	image/110	110	56537	train2017/000000019863.jpg
112.0234375	0.0	image/70	70	57356	train2017/000000536786.jpg
112.8125	0.0	image/2	2	57760	train2017/000000262239.jpg
113.638671875	0.0	image/65	65	58183	train2017/000000273147.jpg
115.212890625	0.0	image/82	82	58989	train2017/000000539395.jpg
116.0234375	0.0	image/111	111	59404	train2017/000000020517.jpg
116.82421875	0.0	image/120	120	59814	train2017/000000021718.jpg
117.646484375	0.0	image/49	49	60235	train2017/000000219750.jpg
118.439453125	0.0	image/64	64	60641	train2017/000000273138.jpg
119.259765625	0.0	image/22	22	61061	train2017/000000265023.jpg
120.025390625	0.0	image/103	103	61453	train2017/000000280484.jpg
120.828125	0.0	image/8	8	61864	train2017/000000000625.jpg
121.630859375	0.0	image/56	56	62275	train2017/000000008998.jpg
122.40625	0.0	image/93	93	62672	train2017/000000541077.jpg
123.177734375	0.0	image/62	62	63067	train2017/000000010903.jpg
124.76171875	0.0	image/78	78	63878	train2017/000000013969.jpg
125.583984375	0.0	image/92	92	64299	train2017/000000278714.jpg
127.228515625	0.0	image/76	76	65141	train2017/000000275902.jpg
128.02734375	0.0	image/50	50	65550	train2017/000000007932.jpg
128.833984375	0.0	image/26	26	65963	train2017/000000003521.jpg
129.66015625	0.0	image/62	62	66386	train2017/000000010903.jpg
130.462890625	0.0	image/68	68	66797	train2017/000000535871.jpg
131.234375	0.0	image/87	87	67192	train2017/000000300383.jpg
132.03515625	0.0	image/120	120	67602	train2017/000000021718.jpg
132.833984375	0.0	image/21	21	68011	train2017/000000274108.jpg
134.427734375	0.0	image/76	76	68827	train2017/000000275902.jpg
135.2265625	0.0	image/71	71	69236	train2017/000000536884.jpg
136.013671875	0.0	image/27	27	69639	train2017/000000265745.jpg
136.830078125	0.0	image/64	64	70057	train2017/000000273138.jpg
137.650390625	0.0	image/74	74	70477	train2017/000000275663.jpg
138.46484375	0.0	image/55	55	70894	train2017/000000533231.jpg
139.283203125	0.0	image/112	112	71313	train2017/000000544926.jpg
140.0703125	0.0	image/59	59	71716	train2017/000000010046.jpg
140.900390625	0.0	image/61	61	72141	train2017/000000272901.jpg
141.681640625	0.0	image/85	85	72541	train2017/000000539705.jpg
142.46484375	0.0	image/39	39	72942	train2017/000000268008.jpg
143.265625	0.0	image/104	104	73352	train2017/000000018367.jpg
144.087890625	0.0	image/56	56	73773	train2017/000000008998.jpg
145.66796875	0.0	image/39	39	74582	train2017/000000268008.jpg
146.46875	0.0	image/110	110	74992	train2017/000000019863.jpg
147.265625	0.0	image/41	41	75400	train2017/000000268418.jpg
148.06640625	0.0	image/109	109	75810	train2017/000000544060.jpg
148.8671875	0.0	image/42	42	76220	train2017/000000268659.jpg
149.666015625	0.0	image/71	71	76629	train2017/000000536884.jpg
151.251953125	0.0	image/20	20	77441	train2017/000000526980.jpg
152.015625	0.0	image/29	29	77832	train2017/000000393907.jpg
152.7890625	0.0	image/57	57	78228	train2017/000000001625.jpg
153.599609375	0.0	image/17	17	78643	train2017/000000002372.jpg
155.189453125	0.0	image/1	1	79457	train2017/000000262145.jpg
155.9921875	0.0	image/98	98	79868	train2017/000000541472.jpg
156.767578125	0.0	image/60	60	80265	train2017/000000010710.jpg
157.5859375	0.0	image/19	19	80684	train2017/000000526968.jpg
158.3671875	0.0	image/99	99	81084	train2017/000000271183.jpg
159.921875	0.0	image/116	116	81880	train2017/000000283426.jpg
160.703125	0.0	image/44	44	82280	train2017/000000007048.jpg
161.505859375	0.0	image/113	113	82691	train2017/000000545160.jpg
162.271484375	0.0	image/34	34	83083	train2017/000000005277.jpg
163.060546875	0.0	image/119	119	83487	train2017/000000545950.jpg
163.84375	0.0	image/10	10	83888	train2017/000000001308.jpg
164.65625	0.0	image/107	107	84304	train2017/000000543254.jpg
166.228515625	0.0	image/53	53	85109	train2017/000000270278.jpg
167.02734375	0.0	image/107	107	85518	train2017/000000543254.jpg
167.8046875	0.0	image/26	26	85916	train2017/000000003521.jpg
168.5859375	0.0	image/52	52	86316	train2017/000000008053.jpg
169.37890625	0.0	image/5	5	86722	train2017/000000262690.jpg
170.1875	0.0	image/23	23	87136	train2017/000000265150.jpg
170.943359375	0.0	image/113	113	87523	train2017/000000545160.jpg
171.70703125	0.0	image/78	78	87914	train2017/000000013969.jpg
172.474609375	0.0	image/4	4	88307	train2017/000000524646.jpg
173.263671875	0.0	image/105	105	88711	train2017/000000280764.jpg
174.041015625	0.0	image/46	46	89109	train2017/000000531515.jpg
174.82421875	0.0	image/61	61	89510	train2017/000000272901.jpg
175.609375	0.0	image/52	52	89912	train2017/000000008053.jpg
176.4140625	0.0	image/33	33	90324	train2017/000000267338.jpg
177.2421875	0.0	image/28	28	90748	train2017/000000558788.jpg
178.041015625	0.0	image/4	4	91157	train2017/000000524646.jpg
179.666015625	0.0	image/15	15	91989	train2017/000000264396.jpg
180.45703125	0.0	image/116	116	92394	train2017/000000283426.jpg
181.27734375	0.0	image/84	84	92814	train2017/000000570543.jpg
182.091796875	0.0	image/37	37	93231	train2017/000000005684.jpg
182.86328125	0.0	image/102	102	93626	train2017/000000018078.jpg
183.662109375	0.0	image/100	100	94035	train2017/000000541856.jpg
185.24609375	0.0	image/97	97	94846	train2017/000000279197.jpg
186.02734375	0.0	image/77	77	95246	train2017/000000275938.jpg
186.8125	0.0	image/58	58	95648	train2017/000000534259.jpg
187.61328125	0.0	image/114	114	96058	train2017/000000571485.jpg
189.18359375	0.0	image/102	102	96862	train2017/000000018078.jpg
190.017578125	0.0	image/10	10	97289	train2017/000000001308.jpg
190.796875	0.0	image/43	43	97688	train2017/000000006765.jpg
191.61328125	0.0	image/66	66	98106	train2017/000000273250.jpg
192.431640625	0.0	image/32	32	98525	train2017/000000005028.jpg
193.23046875	0.0	image/106	106	98934	train2017/000000280808.jpg
194.037109375	0.0	image/5	5	99347	train2017/000000262690.jpg
194.83203125	0.0	image/2	2	99754	train2017/000000262239.jpg
195.6484375	0.0	image/104	104	100172	train2017/000000018367.jpg
196.4375	0.0	image/103	103	100576	train2017/000000280484.jpg
197.263671875	0.0	image/101	101	100999	train2017/000000017967.jpg
198.087890625	0.0	image/67	67	101421	train2017/000000011358.jpg
198.916015625	0.0	image/46	46	101845	train2017/000000531515.jpg
199.73828125	0.0	image/65	65	102266	train2017/000000273147.jpg
200.548828125	0.0	image/54	54	102681	train2017/000000532753.jpg
201.365234375	0.0	image/9	9	103099	train2017/000000000650.jpg
202.15234375	0.0	image/16	16	103502	train2017/000000002270.jpg
202.94921875	0.0	image/28	28	103910	train2017/000000558788.jpg
203.751953125	0.0	image/93	93	104321	train2017/000000541077.jpg
204.572265625	0.0	image/24	24	104741	train2017/000000265453.jpg
205.390625	0.0	image/36	36	105160	train2017/000000267699.jpg
206.935546875	0.0	image/25	25	105951	train2017/000000527618.jpg
207.736328125	0.0	image/91	91	106361	train2017/000000540735.jpg
208.537109375	0.0	image/24	24	106771	train2017/000000265453.jpg
209.30078125	0.0	image/66	66	107162	train2017/000000273250.jpg
210.103515625	0.0	image/13	13	107573	train2017/000000525932.jpg
210.890625	0.0	image/14	14	107976	train2017/000000264244.jpg
211.703125	0.0	image/101	101	108392	train2017/000000017967.jpg
218.44921875	0.0	image/197	197	111846	train2017/000000303392.jpg
219.265625	0.0	image/187	187	112264	train2017/000000037779.jpg
220.810546875	0.0	image/158	158	113055	train2017/000000030148.jpg
221.630859375	0.0	image/150	150	113475	train2017/000000552589.jpg
222.390625	0.0	image/196	196	113864	train2017/000000574784.jpg
223.162109375	0.0	image/225	225	114259	train2017/000000047172.jpg
223.9609375	0.0	image/151	151	114668	train2017/000000553150.jpg
224.75	0.0	image/218	218	115072	train2017/000000569196.jpg
225.53125	0.0	image/134	134	115472	train2017/000000550396.jpg
226.345703125	0.0	image/163	163	115889	train2017/000000032134.jpg
227.150390625	0.0	image/183	183	116301	train2017/000000298395.jpg
227.9296875	0.0	image/200	200	116700	train2017/000000565834.jpg
228.7265625	0.0	image/121	121	117108	train2017/000000546140.jpg
229.5	0.0	image/192	192	117504	train2017/000000225054.jpg
230.33203125	0.0	image/127	127	117930	train2017/000000285450.jpg
231.1328125	0.0	image/226	226	118340	train2017/000000571499.jpg
231.9140625	0.0	image/192	192	118740	train2017/000000225054.jpg
232.697265625	0.0	image/127	127	119141	train2017/000000285450.jpg
233.46484375	0.0	image/121	121	119534	train2017/000000546140.jpg
234.28125	0.0	image/131	131	119952	train2017/000000549301.jpg
235.0625	0.0	image/138	138	120352	train2017/000000288751.jpg
235.86328125	0.0	image/176	176	120762	train2017/000000297154.jpg
237.486328125	0.0	image/203	203	121593	train2017/000000566261.jpg
239.083984375	0.0	image/152	152	122411	train2017/000000553166.jpg
239.900390625	0.0	image/212	212	122829	train2017/000000043776.jpg
241.484375	0.0	image/168	168	123640	train2017/000000557848.jpg
243.06640625	0.0	image/172	172	124450	train2017/000000558822.jpg
243.8828125	0.0	image/216	216	124868	train2017/000000225829.jpg
244.65234375	0.0	image/124	124	125262	train2017/000000122964.jpg
245.44921875	0.0	image/193	193	125670	train2017/000000564465.jpg
246.21484375	0.0	image/206	206	126062	train2017/000000263276.jpg
247.818359375	0.0	image/228	228	126883	train2017/000000572215.jpg
248.583984375	0.0	image/162	162	127275	train2017/000000293372.jpg
249.390625	0.0	image/165	165	127688	train2017/000000032275.jpg
250.21875	0.0	image/169	169	128112	train2017/000000557886.jpg
250.986328125	0.0	image/203	203	128505	train2017/000000566261.jpg
251.76953125	0.0	image/204	204	128906	train2017/000000304187.jpg
252.53515625	0.0	image/232	232	129298	train2017/000000311232.jpg
253.35546875	0.0	image/227	227	129718	train2017/000000047638.jpg
254.134765625	0.0	image/207	207	130117	train2017/000000042578.jpg
254.919921875	0.0	image/152	152	130519	train2017/000000553166.jpg
255.736328125	0.0	image/235	235	130937	train2017/000000050256.jpg
256.529296875	0.0	image/214	214	131343	train2017/000000306031.jpg
257.318359375	0.0	image/213	213	131747	train2017/000000043815.jpg
258.109375	0.0	image/198	198	132152	train2017/000000303436.jpg
258.921875	0.0	image/178	178	132568	train2017/000000355458.jpg
259.740234375	0.0	image/211	211	132987	train2017/000000567837.jpg
260.544921875	0.0	image/129	129	133399	train2017/000000023392.jpg
261.337890625	0.0	image/195	195	133805	train2017/000000040685.jpg
262.10546875	0.0	image/146	146	134198	train2017/000000289460.jpg
262.87109375	0.0	image/200	200	134590	train2017/000000565834.jpg
263.640625	0.0	image/185	185	134984	train2017/000000036589.jpg
264.455078125	0.0	image/126	126	135401	train2017/000000547367.jpg
265.240234375	0.0	image/144	144	135803	train2017/000000354070.jpg
266.0078125	0.0	image/170	170	136196	train2017/000000033727.jpg
266.82421875	0.0	image/138	138	136614	train2017/000000288751.jpg
267.591796875	0.0	image/186	186	137007	train2017/000000037358.jpg
268.390625	0.0	image/171	171	137416	train2017/000000033764.jpg
269.990234375	0.0	image/224	224	138235	train2017/000000309192.jpg
270.7578125	0.0	image/133	133	138628	train2017/000000026029.jpg
271.55859375	0.0	image/175	175	139038	train2017/000000559225.jpg
272.345703125	0.0	image/202	202	139441	train2017/000000566201.jpg
273.173828125	0.0	image/183	183	139865	train2017/000000298395.jpg
273.943359375	0.0	image/159	159	140259	train2017/000000292845.jpg
274.712890625	0.0	image/214	214	140653	train2017/000000306031.jpg
275.498046875	0.0	image/220	220	141055	train2017/000000569645.jpg
276.275390625	0.0	image/227	227	141453	train2017/000000047638.jpg
277.05859375	0.0	image/124	124	141854	train2017/000000122964.jpg
277.849609375	0.0	image/135	135	142259	train2017/000000288372.jpg
278.64453125	0.0	image/240	240	142666	train2017/000000575971.jpg
280.2109375	0.0	image/176	176	143468	train2017/000000297154.jpg
281.01171875	0.0	image/222	222	143878	train2017/000000308950.jpg
281.80859375	0.0	image/231	231	144286	train2017/000000270325.jpg
282.578125	0.0	image/125	125	144680	train2017/000000022964.jpg
283.37890625	0.0	image/143	143	145090	train2017/000000027030.jpg
284.150390625	0.0	image/147	147	145485	train2017/000000289791.jpg
284.962890625	0.0	image/179	179	145901	train2017/000000559958.jpg
285.78515625	0.0	image/130	130	146322	train2017/000000548593.jpg
286.595703125	0.0	image/180	180	146737	train2017/000000297844.jpg
287.412109375	0.0	image/211	211	147155	train2017/000000567837.jpg
288.181640625	0.0	image/123	123	147549	train2017/000000022256.jpg
288.951171875	0.0	image/171	171	147943	train2017/000000033764.jpg
289.712890625	0.0	image/161	161	148333	train2017/000000293368.jpg
290.501953125	0.0	image/170	170	148737	train2017/000000033727.jpg
291.33203125	0.0	image/239	239	149162	train2017/000000313480.jpg
292.169921875	0.0	image/197	197	149591	train2017/000000303392.jpg
292.9453125	0.0	image/167	167	149988	train2017/000000032809.jpg
293.751953125	0.0	image/236	236	150401	train2017/000000574760.jpg
294.5703125	0.0	image/238	238	150820	train2017/000000050624.jpg
295.3515625	0.0	image/221	221	151220	train2017/000000575701.jpg
296.169921875	0.0	image/173	173	151639	train2017/000000559816.jpg
296.94921875	0.0	image/160	160	152038	train2017/000000293130.jpg
297.767578125	0.0	image/231	231	152457	train2017/000000270325.jpg
298.564453125	0.0	image/193	193	152865	train2017/000000564465.jpg
299.373046875	0.0	image/215	215	153279	train2017/000000306249.jpg
300.138671875	0.0	image/194	194	153671	train2017/000000302588.jpg
300.97265625	0.0	image/233	233	154098	train2017/000000532520.jpg
301.7890625	0.0	image/188	188	154516	train2017/000000037823.jpg
302.587890625	0.0	image/158	158	154925	train2017/000000030148.jpg
303.423828125	0.0	image/220	220	155353	train2017/000000569645.jpg
304.240234375	0.0	image/240	240	155771	train2017/000000575971.jpg
305.033203125	0.0	image/155	155	156177	train2017/000000029730.jpg
305.841796875	0.0	image/196	196	156591	train2017/000000574784.jpg
306.625	0.0	image/208	208	156992	train2017/000000043150.jpg
308.224609375	0.0	image/195	195	157811	train2017/000000040685.jpg
309.037109375	0.0	image/236	236	158227	train2017/000000574760.jpg
309.837890625	0.0	image/151	151	158637	train2017/000000553150.jpg
310.603515625	0.0	image/215	215	159029	train2017/000000306249.jpg
311.42578125	0.0	image/149	149	159450	train2017/000000290192.jpg
312.20703125	0.0	image/223	223	159850	train2017/000000309135.jpg
313.025390625	0.0	image/164	164	160269	train2017/000000556542.jpg
313.8046875	0.0	image/132	132	160668	train2017/000000549830.jpg
314.60546875	0.0	image/153	153	161078	train2017/000000553586.jpg
315.41015625	0.0	image/165	165	161490	train2017/000000032275.jpg
316.22265625	0.0	image/182	182	161906	train2017/000000298170.jpg
317.005859375	0.0	image/143	143	162307	train2017/000000027030.jpg
317.7890625	0.0	image/166	166	162708	train2017/000000556748.jpg
319.37890625	0.0	image/154	154	163522	train2017/000000291560.jpg
320.1796875	0.0	image/199	199	163932	train2017/000000565652.jpg
320.974609375	0.0	image/125	125	164339	train2017/000000022964.jpg
321.7734375	0.0	image/181	181	164748	train2017/000000035927.jpg
322.541015625	0.0	image/134	134	165141	train2017/000000550396.jpg
323.345703125	0.0	image/212	212	165553	train2017/000000043776.jpg
324.12890625	0.0	image/148	148	165954	train2017/000000027665.jpg
324.923828125	0.0	image/207	207	166361	train2017/000000042578.jpg
325.69140625	0.0	image/237	237	166754	train2017/000000095809.jpg
326.4765625	0.0	image/144	144	167156	train2017/000000354070.jpg
327.28125	0.0	image/233	233	167568	train2017/000000532520.jpg
328.115234375	0.0	image/164	164	167995	train2017/000000556542.jpg
328.927734375	0.0	image/159	159	168411	train2017/000000292845.jpg
329.748046875	0.0	image/190	190	168831	train2017/000000038801.jpg
330.5625	0.0	image/238	238	169248	train2017/000000050624.jpg
331.359375	0.0	image/137	137	169656	train2017/000000026443.jpg
332.142578125	0.0	image/128	128	170057	train2017/000000547644.jpg
333.708984375	0.0	image/123	123	170859	train2017/000000022256.jpg
334.533203125	0.0	image/188	188	171281	train2017/000000037823.jpg
335.333984375	0.0	image/132	132	171691	train2017/000000549830.jpg
336.14453125	0.0	image/181	181	172106	train2017/000000035927.jpg
336.93359375	0.0	image/174	174	172510	train2017/000000559145.jpg
338.5625	0.0	image/136	136	173344	train2017/000000026388.jpg
339.33203125	0.0	image/210	210	173738	train2017/000000305685.jpg
340.12890625	0.0	image/229	229	174146	train2017/000000310870.jpg
340.89453125	0.0	image/234	234	174538	train2017/000000312003.jpg
341.6640625	0.0	image/122	122	174932	train2017/000000546147.jpg
342.44921875	0.0	image/206	206	175334	train2017/000000263276.jpg
343.248046875	0.0	image/191	191	175743	train2017/000000039196.jpg
344.013671875	0.0	image/232	232	176135	train2017/000000311232.jpg
344.814453125	0.0	image/208	208	176545	train2017/000000043150.jpg
345.6328125	0.0	image/174	174	176964	train2017/000000559145.jpg
346.453125	0.0	image/149	149	177384	train2017/000000290192.jpg
347.244140625	0.0	image/182	182	177789	train2017/000000298170.jpg
348.853515625	0.0	image/122	122	178613	train2017/000000546147.jpg
350.435546875	0.0	image/230	230	179423	train2017/000000573337.jpg
351.220703125	0.0	image/184	184	179825	train2017/000000006053.jpg
352.0234375	0.0	image/140	140	180236	train2017/000000551164.jpg
352.833984375	0.0	image/230	230	180651	train2017/000000573337.jpg
353.599609375	0.0	image/154	154	181043	train2017/000000291560.jpg
354.400390625	0.0	image/126	126	181453	train2017/000000547367.jpg
355.19921875	0.0	image/194	194	181862	train2017/000000302588.jpg
355.96875	0.0	image/145	145	182256	train2017/000000027298.jpg
356.78515625	0.0	image/223	223	182674	train2017/000000309135.jpg
357.564453125	0.0	image/172	172	183073	train2017/000000558822.jpg
358.373046875	0.0	image/218	218	183487	train2017/000000569196.jpg
359.166015625	0.0	image/177	177	183893	train2017/000000573830.jpg
359.951171875	0.0	image/201	201	184295	train2017/000000041606.jpg
360.75	0.0	image/226	226	184704	train2017/000000571499.jpg
361.55859375	0.0	image/198	198	185118	train2017/000000303436.jpg
362.369140625	0.0	image/237	237	185533	train2017/000000095809.jpg
363.18359375	0.0	image/235	235	185950	train2017/000000050256.jpg
363.94921875	0.0	image/205	205	186342	train2017/000000566341.jpg
364.71875	0.0	image/187	187	186736	train2017/000000037779.jpg
366.3046875	0.0	image/210	210	187548	train2017/000000305685.jpg
367.853515625	0.0	image/133	133	188341	train2017/000000026029.jpg
368.658203125	0.0	image/139	139	188753	train2017/000000026702.jpg
369.453125	0.0	image/157	157	189160	train2017/000000030109.jpg
370.255859375	0.0	image/222	222	189571	train2017/000000308950.jpg
371.83984375	0.0	image/160	160	190382	train2017/000000293130.jpg
372.662109375	0.0	image/199	199	190803	train2017/000000565652.jpg
373.47265625	0.0	image/130	130	191218	train2017/000000548593.jpg
375.056640625	0.0	image/179	179	192029	train2017/000000559958.jpg
376.66015625	0.0	image/217	217	192850	train2017/000000306988.jpg
377.439453125	0.0	image/136	136	193249	train2017/000000026388.jpg
378.24609375	0.0	image/162	162	193662	train2017/000000293372.jpg
379.890625	0.0	image/201	201	194504	train2017/000000041606.jpg
380.658203125	0.0	image/185	185	194897	train2017/000000036589.jpg
381.48046875	0.0	image/205	205	195318	train2017/000000566341.jpg
382.29296875	0.0	image/169	169	195734	train2017/000000557886.jpg
383.05859375	0.0	image/166	166	196126	train2017/000000556748.jpg
383.859375	0.0	image/139	139	196536	train2017/000000026702.jpg
385.447265625	0.0	image/217	217	197349	train2017/000000306988.jpg
386.259765625	0.0	image/175	175	197765	train2017/000000559225.jpg
387.064453125	0.0	image/180	180	198177	train2017/000000297844.jpg
387.861328125	0.0	image/141	141	198585	train2017/000000026981.jpg
388.6328125	0.0	image/204	204	198980	train2017/000000304187.jpg
389.408203125	0.0	image/163	163	199377	train2017/000000032134.jpg
390.19921875	0.0	image/190	190	199782	train2017/000000038801.jpg
390.99609375	0.0	image/202	202	200190	train2017/000000566201.jpg
391.76171875	0.0	image/177	177	200582	train2017/000000573830.jpg
393.3515625	0.0	image/135	135	201396	train2017/000000288372.jpg
394.16015625	0.0	image/239	239	201810	train2017/000000313480.jpg
394.943359375	0.0	image/137	137	202211	train2017/000000026443.jpg
395.7421875	0.0	image/167	167	202620	train2017/000000032809.jpg
396.529296875	0.0	image/189	189	203023	train2017/000000300881.jpg
397.330078125	0.0	image/168	168	203433	train2017/000000557848.jpg
398.11328125	0.0	image/142	142	203834	train2017/000000027002.jpg
398.900390625	0.0	image/219	219	204237	train2017/000000219735.jpg
399.697265625	0.0	image/184	184	204645	train2017/000000006053.jpg
400.5	0.0	image/131	131	205056	train2017/000000549301.jpg
401.302734375	0.0	image/234	234	205467	train2017/000000312003.jpg
402.0859375	0.0	image/221	221	205868	train2017/000000575701.jpg
402.8671875	0.0	image/142	142	206268	train2017/000000027002.jpg
403.6484375	0.0	image/209	209	206668	train2017/000000043176.jpg
404.46484375	0.0	image/228	228	207086	train2017/000000572215.jpg
405.267578125	0.0	image/156	156	207497	train2017/000000029732.jpg
406.0703125	0.0	image/191	191	207908	train2017/000000039196.jpg
406.8515625	0.0	image/173	173	208308	train2017/000000559816.jpg
407.646484375	0.0	image/216	216	208715	train2017/000000225829.jpg
408.43359375	0.0	image/213	213	209118	train2017/000000043815.jpg
409.25	0.0	image/209	209	209536	train2017/000000043176.jpg
410.0390625	0.0	image/153	153	209940	train2017/000000553586.jpg
410.873046875	0.0	image/129	129	210367	train2017/000000023392.jpg
411.65234375	0.0	image/224	224	210766	train2017/000000309192.jpg
412.416015625	0.0	image/145	145	211157	train2017/000000027298.jpg
413.201171875	0.0	image/225	225	211559	train2017/000000047172.jpg
414.0078125	0.0	image/147	147	211972	train2017/000000289791.jpg
414.783203125	0.0	image/156	156	212369	train2017/000000029732.jpg
415.568359375	0.0	image/141	141	212771	train2017/000000026981.jpg
416.37109375	0.0	image/189	189	213182	train2017/000000300881.jpg
417.15234375	0.0	image/146	146	213582	train2017/000000289460.jpg
417.94140625	0.0	image/219	219	213986	train2017/000000219735.jpg
418.736328125	0.0	image/155	155	214393	train2017/000000029730.jpg
419.517578125	0.0	image/178	178	214793	train2017/000000355458.jpg
421.103515625	0.0	image/150	150	215605	train2017/000000552589.jpg
421.91015625	0.0	image/161	161	216018	train2017/000000293368.jpg
422.720703125	0.0	image/186	186	216433	train2017/000000037358.jpg
423.52734375	0.0	image/148	148	216846	train2017/000000027665.jpg
424.3359375	0.0	image/128	128	217260	train2017/000000547644.jpg
425.13671875	0.0	image/229	229	217670	train2017/000000310870.jpg
425.939453125	0.0	image/157	157	218081	train2017/000000030109.jpg
426.75390625	0.0	image/140	140	218498	train2017/000000551164.jpg
434.802734375	0.0	image/277	277	222619	train2017/000000009983.jpg
435.609375	0.0	image/334	334	223032	train2017/000000334048.jpg
436.41796875	0.0	image/241	241	223446	train2017/000000576011.jpg
437.212890625	0.0	image/309	309	223853	train2017/000000330084.jpg
438.015625	0.0	image/336	336	224264	train2017/000000334208.jpg
438.78125	0.0	image/339	339	224656	train2017/000000072715.jpg
439.578125	0.0	image/348	348	225064	train2017/000000074461.jpg
440.37890625	0.0	image/356	356	225474	train2017/000000012795.jpg
441.181640625	0.0	image/297	297	225885	train2017/000000065012.jpg
441.98046875	0.0	image/360	360	226294	train2017/000000078042.jpg
443.533203125	0.0	image/319	319	227089	train2017/000000332261.jpg
444.31640625	0.0	image/333	333	227490	train2017/000000334011.jpg
445.1328125	0.0	image/345	345	227908	train2017/000000281567.jpg
445.9140625	0.0	image/248	248	228308	train2017/000000455691.jpg
446.72265625	0.0	image/263	263	228722	train2017/000000318444.jpg
447.552734375	0.0	image/262	262	229147	train2017/000000318381.jpg
448.318359375	0.0	image/276	276	229539	train2017/000000322008.jpg
449.08203125	0.0	image/267	267	229930	train2017/000000057631.jpg
449.84765625	0.0	image/307	307	230322	train2017/000000329641.jpg
450.638671875	0.0	image/336	336	230727	train2017/000000334208.jpg
451.466796875	0.0	image/316	316	231151	train2017/000000246728.jpg
452.23828125	0.0	image/322	322	231546	train2017/000000070421.jpg
453.021484375	0.0	image/344	344	231947	train2017/000000073997.jpg
453.8359375	0.0	image/311	311	232364	train2017/000000067961.jpg
454.626953125	0.0	image/276	276	232769	train2017/000000322008.jpg
456.208984375	0.0	image/270	270	233579	train2017/000000058407.jpg
457.01953125	0.0	image/308	308	233994	train2017/000000067623.jpg
457.8203125	0.0	image/330	330	234404	train2017/000000333629.jpg
458.587890625	0.0	image/248	248	234797	train2017/000000455691.jpg
459.400390625	0.0	image/269	269	235213	train2017/000000320533.jpg
460.154296875	0.0	image/327	327	235599	train2017/000000333152.jpg
460.9609375	0.0	image/315	315	236012	train2017/000000068623.jpg
462.568359375	0.0	image/263	263	236835	train2017/000000318444.jpg
463.3515625	0.0	image/331	331	237236	train2017/000000333654.jpg
464.244140625	0.0	image/285	285	237693	train2017/000000061174.jpg
465.041015625	0.0	image/243	243	238101	train2017/000000560396.jpg
465.8359375	0.0	image/260	260	238508	train2017/000000055514.jpg
466.62109375	0.0	image/249	249	238910	train2017/000000577817.jpg
467.423828125	0.0	image/242	242	239321	train2017/000000051774.jpg
468.228515625	0.0	image/279	279	239733	train2017/000000322246.jpg
469.029296875	0.0	image/274	274	240143	train2017/000000321902.jpg
469.826171875	0.0	image/359	359	240551	train2017/000000078000.jpg
470.58984375	0.0	image/340	340	240942	train2017/000000335063.jpg
471.357421875	0.0	image/328	328	241335	train2017/000000071429.jpg
472.947265625	0.0	image/348	348	242149	train2017/000000074461.jpg
473.73046875	0.0	image/321	321	242550	train2017/000000332498.jpg
474.53125	0.0	image/351	351	242960	train2017/000000337479.jpg
475.314453125	0.0	image/251	251	243361	train2017/000000053778.jpg
476.9140625	0.0	image/258	258	244180	train2017/000000055294.jpg
478.53125	0.0	image/259	259	245008	train2017/000000055402.jpg
479.33203125	0.0	image/304	304	245418	train2017/000000066696.jpg
480.1484375	0.0	image/310	310	245836	train2017/000000330086.jpg
480.943359375	0.0	image/262	262	246243	train2017/000000318381.jpg
481.732421875	0.0	image/269	269	246647	train2017/000000320533.jpg
482.548828125	0.0	image/349	349	247065	train2017/000000074714.jpg
483.3828125	0.0	image/312	312	247492	train2017/000000068238.jpg
484.193359375	0.0	image/281	281	247907	train2017/000000323010.jpg
485.0	0.0	image/289	289	248320	train2017/000000061559.jpg
485.830078125	0.0	image/255	255	248745	train2017/000000055184.jpg
487.396484375	0.0	image/331	331	249547	train2017/000000333654.jpg
488.201171875	0.0	image/352	352	249959	train2017/000000274776.jpg
488.99609375	0.0	image/317	317	250366	train2017/000000069625.jpg
489.779296875	0.0	image/339	339	250767	train2017/000000072715.jpg
490.5859375	0.0	image/342	342	251180	train2017/000000335688.jpg
491.36328125	0.0	image/293	293	251578	train2017/000000062547.jpg
492.185546875	0.0	image/295	295	251999	train2017/000000010743.jpg
493.001953125	0.0	image/343	343	252417	train2017/000000335824.jpg
493.8359375	0.0	image/244	244	252844	train2017/000000314379.jpg
494.63671875	0.0	image/250	250	253254	train2017/000000577964.jpg
495.466796875	0.0	image/252	252	253679	train2017/000000578169.jpg
496.236328125	0.0	image/284	284	254073	train2017/000000323182.jpg
497.021484375	0.0	image/241	241	254475	train2017/000000576011.jpg
498.638671875	0.0	image/355	355	255303	train2017/000000338670.jpg
499.455078125	0.0	image/326	326	255721	train2017/000000332875.jpg
500.25390625	0.0	image/243	243	256130	train2017/000000560396.jpg
501.08203125	0.0	image/280	280	256554	train2017/000000322255.jpg
501.90625	0.0	image/273	273	256976	train2017/000000059321.jpg
502.73828125	0.0	image/314	314	257402	train2017/000000055090.jpg
503.533203125	0.0	image/287	287	257809	train2017/000000061266.jpg
504.35546875	0.0	image/360	360	258230	train2017/000000078042.jpg
505.189453125	0.0	image/253	253	258657	train2017/000000054001.jpg
506.7734375	0.0	image/266	266	259468	train2017/000000056837.jpg
507.57421875	0.0	image/258	258	259878	train2017/000000055294.jpg
508.357421875	0.0	image/292	292	260279	train2017/000000323970.jpg
509.140625	0.0	image/337	337	260680	train2017/000000072095.jpg
509.953125	0.0	image/242	242	261096	train2017/000000051774.jpg
511.552734375	0.0	image/257	257	261915	train2017/000000055206.jpg
512.341796875	0.0	image/283	283	262319	train2017/000000359687.jpg
513.13671875	0.0	image/346	346	262726	train2017/000000336374.jpg
513.92578125	0.0	image/335	335	263130	train2017/000000071927.jpg
514.736328125	0.0	image/324	324	263545	train2017/000000332692.jpg
515.525390625	0.0	image/261	261	263949	train2017/000000317781.jpg
516.30859375	0.0	image/347	347	264350	train2017/000000074390.jpg
517.892578125	0.0	image/254	254	265161	train2017/000000317061.jpg
518.677734375	0.0	image/350	350	265563	train2017/000000074828.jpg
519.50390625	0.0	image/253	253	265986	train2017/000000054001.jpg
520.3046875	0.0	image/325	325	266396	train2017/000000002349.jpg
521.09375	0.0	image/316	316	266800	train2017/000000246728.jpg
521.873046875	0.0	image/303	303	267199	train2017/000000328628.jpg
523.427734375	0.0	image/255	255	267995	train2017/000000055184.jpg
524.228515625	0.0	image/345	345	268405	train2017/000000281567.jpg
525.01171875	0.0	image/283	283	268806	train2017/000000359687.jpg
525.845703125	0.0	image/351	351	269233	train2017/000000337479.jpg
526.646484375	0.0	image/291	291	269643	train2017/000000490875.jpg
527.439453125	0.0	image/313	313	270049	train2017/000000011373.jpg
528.24609375	0.0	image/268	268	270462	train2017/000000057796.jpg
529.86328125	0.0	image/264	264	271290	train2017/000000001877.jpg
530.6640625	0.0	image/250	250	271700	train2017/000000577964.jpg
531.44140625	0.0	image/290	290	272098	train2017/000000534553.jpg
532.2265625	0.0	image/304	304	272500	train2017/000000066696.jpg
533.03125	0.0	image/359	359	272912	train2017/000000078000.jpg
533.83203125	0.0	image/247	247	273322	train2017/000000576789.jpg
534.609375	0.0	image/327	327	273720	train2017/000000333152.jpg
535.39453125	0.0	image/313	313	274122	train2017/000000011373.jpg
536.1640625	0.0	image/317	317	274516	train2017/000000069625.jpg
537.0	0.0	image/318	318	274944	train2017/000000069705.jpg
537.814453125	0.0	image/259	259	275361	train2017/000000055402.jpg
539.416015625	0.0	image/256	256	276181	train2017/000000009199.jpg
540.234375	0.0	image/275	275	276600	train2017/000000403184.jpg
541.060546875	0.0	image/305	305	277023	train2017/000000067347.jpg
541.84765625	0.0	image/279	279	277426	train2017/000000322246.jpg
542.66796875	0.0	image/344	344	277846	train2017/000000073997.jpg
543.462890625	0.0	image/295	295	278253	train2017/000000010743.jpg
544.267578125	0.0	image/357	357	278665	train2017/000000338987.jpg
545.0859375	0.0	image/323	323	279084	train2017/000000332574.jpg
545.869140625	0.0	image/246	246	279485	train2017/000000576749.jpg
546.646484375	0.0	image/346	346	279883	train2017/000000336374.jpg
547.435546875	0.0	image/321	321	280287	train2017/000000332498.jpg
548.236328125	0.0	image/310	310	280697	train2017/000000330086.jpg
549.01953125	0.0	image/252	252	281098	train2017/000000578169.jpg
549.853515625	0.0	image/286	286	281525	train2017/000000323397.jpg
550.630859375	0.0	image/357	357	281923	train2017/000000338987.jpg
551.4375	0.0	image/305	305	282336	train2017/000000067347.jpg
553.05078125	0.0	image/342	342	283162	train2017/000000335688.jpg
553.853515625	0.0	image/354	354	283573	train2017/000000076476.jpg
554.638671875	0.0	image/353	353	283975	train2017/000000338169.jpg
555.44921875	0.0	image/249	249	284390	train2017/000000577817.jpg
556.271484375	0.0	image/332	332	284811	train2017/000000579906.jpg
557.087890625	0.0	image/350	350	285229	train2017/000000074828.jpg
557.921875	0.0	image/289	289	285656	train2017/000000061559.jpg
558.73828125	0.0	image/265	265	286074	train2017/000000580813.jpg
559.572265625	0.0	image/247	247	286501	train2017/000000576789.jpg
561.189453125	0.0	image/282	282	287329	train2017/000000053842.jpg
561.984375	0.0	image/297	297	287736	train2017/000000065012.jpg
563.607421875	0.0	image/330	330	288567	train2017/000000333629.jpg
565.25390625	0.0	image/338	338	289410	train2017/000000334772.jpg
566.05859375	0.0	image/352	352	289822	train2017/000000274776.jpg
566.875	0.0	image/308	308	290240	train2017/000000067623.jpg
567.669921875	0.0	image/261	261	290647	train2017/000000317781.jpg
568.458984375	0.0	image/288	288	291051	train2017/000000061288.jpg
569.275390625	0.0	image/312	312	291469	train2017/000000068238.jpg
570.05859375	0.0	image/244	244	291870	train2017/000000314379.jpg
570.837890625	0.0	image/286	286	292269	train2017/000000323397.jpg
571.66015625	0.0	image/349	349	292690	train2017/000000074714.jpg
572.453125	0.0	image/267	267	293096	train2017/000000057631.jpg
573.23828125	0.0	image/273	273	293498	train2017/000000059321.jpg
574.02734375	0.0	image/341	341	293902	train2017/000000492851.jpg
574.85546875	0.0	image/306	306	294326	train2017/000000281575.jpg
576.4609375	0.0	image/293	293	295148	train2017/000000062547.jpg
577.271484375	0.0	image/311	311	295563	train2017/000000067961.jpg
578.0625	0.0	image/245	245	295968	train2017/000000052348.jpg
578.87890625	0.0	image/353	353	296386	train2017/000000338169.jpg
579.6953125	0.0	image/245	245	296804	train2017/000000052348.jpg
580.529296875	0.0	image/260	260	297231	train2017/000000055514.jpg
581.36328125	0.0	image/277	277	297658	train2017/000000009983.jpg
582.162109375	0.0	image/322	322	298067	train2017/000000070421.jpg
582.943359375	0.0	image/294	294	298467	train2017/000000325710.jpg
583.779296875	0.0	image/272	272	298895	train2017/000000359337.jpg
584.55859375	0.0	image/329	329	299294	train2017/000000333615.jpg
585.376953125	0.0	image/320	320	299713	train2017/000000332448.jpg
586.19140625	0.0	image/271	271	300130	train2017/000000058465.jpg
586.98046875	0.0	image/328	328	300534	train2017/000000071429.jpg
587.798828125	0.0	image/315	315	300953	train2017/000000068623.jpg
588.58203125	0.0	image/329	329	301354	train2017/000000333615.jpg
589.359375	0.0	image/292	292	301752	train2017/000000323970.jpg
590.16015625	0.0	image/282	282	302162	train2017/000000053842.jpg
590.96484375	0.0	image/296	296	302574	train2017/000000064534.jpg
591.75	0.0	image/299	299	302976	train2017/000000327191.jpg
592.56640625	0.0	image/302	302	303394	train2017/000000328454.jpg
593.3828125	0.0	image/314	314	303812	train2017/000000055090.jpg
594.19921875	0.0	image/256	256	304230	train2017/000000009199.jpg
595.0	0.0	image/354	354	304640	train2017/000000076476.jpg
595.8125	0.0	image/300	300	305056	train2017/000000065400.jpg
596.6171875	0.0	image/335	335	305468	train2017/000000071927.jpg
597.400390625	0.0	image/265	265	305869	train2017/000000580813.jpg
599.05078125	0.0	image/307	307	306714	train2017/000000329641.jpg
599.8671875	0.0	image/301	301	307132	train2017/000000066253.jpg
600.65234375	0.0	image/271	271	307534	train2017/000000058465.jpg
601.451171875	0.0	image/298	298	307943	train2017/000000065029.jpg
603.0859375	0.0	image/296	296	308780	train2017/000000064534.jpg
603.8984375	0.0	image/272	272	309196	train2017/000000359337.jpg
604.669921875	0.0	image/281	281	309591	train2017/000000323010.jpg
605.447265625	0.0	image/257	257	309989	train2017/000000055206.jpg
606.23046875	0.0	image/324	324	310390	train2017/000000332692.jpg
607.015625	0.0	image/318	318	310792	train2017/000000069705.jpg
607.837890625	0.0	image/338	338	311213	train2017/000000334772.jpg
608.671875	0.0	image/303	303	311640	train2017/000000328628.jpg
609.50390625	0.0	image/358	358	312066	train2017/000000077870.jpg
610.28125	0.0	image/298	298	312464	train2017/000000065029.jpg
611.08203125	0.0	image/340	340	312874	train2017/000000335063.jpg
611.85546875	0.0	image/306	306	313270	train2017/000000281575.jpg
612.638671875	0.0	image/284	284	313671	train2017/000000323182.jpg
613.466796875	0.0	image/299	299	314095	train2017/000000327191.jpg
614.267578125	0.0	image/355	355	314505	train2017/000000338670.jpg
615.05078125	0.0	image/294	294	314906	train2017/000000325710.jpg
615.833984375	0.0	image/280	280	315307	train2017/000000322255.jpg
616.6171875	0.0	image/337	337	315708	train2017/000000072095.jpg
617.423828125	0.0	image/326	326	316121	train2017/000000332875.jpg
618.240234375	0.0	image/246	246	316539	train2017/000000576749.jpg
619.056640625	0.0	image/325	325	316957	train2017/000000002349.jpg
619.890625	0.0	image/333	333	317384	train2017/000000334011.jpg
620.724609375	0.0	image/274	274	317811	train2017/000000321902.jpg
621.517578125	0.0	image/309	309	318217	train2017/000000330084.jpg
622.302734375	0.0	image/268	268	318619	train2017/000000057796.jpg
623.0859375	0.0	image/287	287	319020	train2017/000000061266.jpg
623.892578125	0.0	image/291	291	319433	train2017/000000490875.jpg
624.724609375	0.0	image/254	254	319859	train2017/000000317061.jpg
625.544921875	0.0	image/270	270	320279	train2017/000000058407.jpg
626.341796875	0.0	image/300	300	320687	train2017/000000065400.jpg
627.16015625	0.0	image/347	347	321106	train2017/000000074390.jpg
627.943359375	0.0	image/278	278	321507	train2017/000000009987.jpg
628.77734375	0.0	image/301	301	321934	train2017/000000066253.jpg
629.560546875	0.0	image/302	302	322335	train2017/000000328454.jpg
630.34375	0.0	image/332	332	322736	train2017/000000579906.jpg
631.138671875	0.0	image/334	334	323143	train2017/000000334048.jpg
631.9453125	0.0	image/341	341	323556	train2017/000000492851.jpg
632.744140625	0.0	image/266	266	323965	train2017/000000056837.jpg
634.345703125	0.0	image/285	285	324785	train2017/000000061174.jpg
635.962890625	0.0	image/320	320	325613	train2017/000000332448.jpg
636.796875	0.0	image/290	290	326040	train2017/000000534553.jpg
637.580078125	0.0	image/251	251	326441	train2017/000000053778.jpg
638.412109375	0.0	image/343	343	326867	train2017/000000335824.jpg
639.224609375	0.0	image/275	275	327283	train2017/000000403184.jpg
640.046875	0.0	image/319	319	327704	train2017/000000332261.jpg
640.875	0.0	image/278	278	328128	train2017/000000009987.jpg
641.658203125	0.0	image/356	356	328529	train2017/000000012795.jpg
642.431640625	0.0	image/288	288	328925	train2017/000000061288.jpg
643.263671875	0.0	image/358	358	329351	train2017/000000077870.jpg
644.08203125	0.0	image/323	323	329770	train2017/000000332574.jpg
644.880859375	0.0	image/264	264	330179	train2017/000000001877.jpg
652.486328125	0.0	image/430	430	334073	train2017/000000357865.jpg
653.28515625	0.0	image/427	427	334482	train2017/000000357228.jpg
654.103515625	0.0	image/431	431	334901	train2017/000000095828.jpg
654.88671875	0.0	image/380	380	335302	train2017/000000082650.jpg
655.71484375	0.0	image/407	407	335726	train2017/000000352724.jpg
656.486328125	0.0	image/465	465	336121	train2017/000000369253.jpg
657.28125	0.0	image/412	412	336528	train2017/000000408492.jpg
658.064453125	0.0	image/480	480	336929	train2017/000000376407.jpg
658.84765625	0.0	image/468	468	337330	train2017/000000542304.jpg
660.431640625	0.0	image/400	400	338141	train2017/000000350299.jpg
661.19921875	0.0	image/409	409	338534	train2017/000000090827.jpg
661.966796875	0.0	image/414	414	338927	train2017/000000091784.jpg
662.73828125	0.0	image/440	440	339322	train2017/000000361197.jpg
663.521484375	0.0	image/470	470	339723	train2017/000000110611.jpg
664.322265625	0.0	image/478	478	340133	train2017/000000114035.jpg
665.1328125	0.0	image/426	426	340548	train2017/000000357074.jpg
665.90625	0.0	image/366	366	340944	train2017/000000080275.jpg
666.734375	0.0	image/428	428	341368	train2017/000000095176.jpg
667.517578125	0.0	image/439	439	341769	train2017/000000361193.jpg
668.33984375	0.0	image/457	457	342190	train2017/000000366396.jpg
669.171875	0.0	image/391	391	342616	train2017/000000346795.jpg
669.974609375	0.0	image/457	457	343027	train2017/000000366396.jpg
670.802734375	0.0	image/436	436	343451	train2017/000000098480.jpg
671.625	0.0	image/443	443	343872	train2017/000000099580.jpg
672.455078125	0.0	image/377	377	344297	train2017/000000450584.jpg
673.2421875	0.0	image/410	410	344700	train2017/000000090994.jpg
674.0703125	0.0	image/417	417	345124	train2017/000000092001.jpg
675.642578125	0.0	image/406	406	345929	train2017/000000352236.jpg
676.453125	0.0	image/475	475	346344	train2017/000000373970.jpg
677.25390625	0.0	image/408	408	346754	train2017/000000352861.jpg
678.04296875	0.0	image/379	379	347158	train2017/000000569678.jpg
678.85546875	0.0	image/385	385	347574	train2017/000000345751.jpg
679.64453125	0.0	image/390	390	347978	train2017/000000346754.jpg
680.470703125	0.0	image/395	395	348401	train2017/000000087146.jpg
681.27734375	0.0	image/465	465	348814	train2017/000000369253.jpg
682.09375	0.0	image/371	371	349232	train2017/000000081365.jpg
682.927734375	0.0	image/415	415	349659	train2017/000000354045.jpg
683.689453125	0.0	image/437	437	350049	train2017/000000060117.jpg
684.478515625	0.0	image/449	449	350453	train2017/000000101952.jpg
685.26171875	0.0	image/389	389	350854	train2017/000000346583.jpg
686.056640625	0.0	image/453	453	351261	train2017/000000103366.jpg
686.845703125	0.0	image/398	398	351665	train2017/000000087871.jpg
687.62890625	0.0	image/388	388	352066	train2017/000000084174.jpg
689.173828125	0.0	image/413	413	352857	train2017/000000364806.jpg
689.99609375	0.0	image/421	421	353278	train2017/000000354761.jpg
690.82421875	0.0	image/378	378	353702	train2017/000000319517.jpg
691.630859375	0.0	image/387	387	354115	train2017/000000083738.jpg
692.4140625	0.0	image/438	438	354516	train2017/000000147547.jpg
693.197265625	0.0	image/478	478	354917	train2017/000000114035.jpg
694.013671875	0.0	image/366	366	355335	train2017/000000080275.jpg
694.841796875	0.0	image/464	464	355759	train2017/000000369230.jpg
695.626953125	0.0	image/383	383	356161	train2017/000000083393.jpg
696.44921875	0.0	image/467	467	356582	train2017/000000017935.jpg
697.232421875	0.0	image/383	383	356983	train2017/000000083393.jpg
698.048828125	0.0	image/368	368	357401	train2017/000000008471.jpg
698.849609375	0.0	image/444	444	357811	train2017/000000100396.jpg
700.41015625	0.0	image/390	390	358610	train2017/000000346754.jpg
701.234375	0.0	image/455	455	359032	train2017/000000104044.jpg
702.05078125	0.0	image/460	460	359450	train2017/000000367552.jpg
702.8515625	0.0	image/428	428	359860	train2017/000000095176.jpg
703.6796875	0.0	image/367	367	360284	train2017/000000080619.jpg
704.462890625	0.0	image/450	450	360685	train2017/000000570785.jpg
705.28515625	0.0	image/389	389	361106	train2017/000000346583.jpg
706.0859375	0.0	image/430	430	361516	train2017/000000357865.jpg
706.91796875	0.0	image/421	421	361942	train2017/000000354761.jpg
707.73046875	0.0	image/397	397	362358	train2017/000000087334.jpg
708.53515625	0.0	image/442	442	362770	train2017/000000361648.jpg
709.330078125	0.0	image/422	422	363177	train2017/000000059194.jpg
710.11328125	0.0	image/419	419	363578	train2017/000000092288.jpg
710.88671875	0.0	image/369	369	363974	train2017/000000080987.jpg
711.720703125	0.0	image/404	404	364401	train2017/000000352129.jpg
712.5546875	0.0	image/424	424	364828	train2017/000000277778.jpg
713.353515625	0.0	image/476	476	365237	train2017/000000112734.jpg
714.1484375	0.0	image/459	459	365644	train2017/000000366802.jpg
714.953125	0.0	image/362	362	366056	train2017/000000340734.jpg
715.771484375	0.0	image/378	378	366475	train2017/000000319517.jpg
716.548828125	0.0	image/425	425	366873	train2017/000000356771.jpg
718.171875	0.0	image/402	402	367704	train2017/000000088835.jpg
719.7890625	0.0	image/452	452	368532	train2017/000000365218.jpg
720.6015625	0.0	image/459	459	368948	train2017/000000366802.jpg
721.3671875	0.0	image/434	434	369340	train2017/000000097201.jpg
722.173828125	0.0	image/387	387	369753	train2017/000000083738.jpg
722.974609375	0.0	image/409	409	370163	train2017/000000090827.jpg
724.607421875	0.0	image/467	467	370999	train2017/000000017935.jpg
725.44140625	0.0	image/446	446	371426	train2017/000000100599.jpg
726.275390625	0.0	image/463	463	371853	train2017/000000369171.jpg
727.107421875	0.0	image/429	429	372279	train2017/000000095337.jpg
727.935546875	0.0	image/434	434	372703	train2017/000000097201.jpg
728.71875	0.0	image/396	396	373104	train2017/000000349363.jpg
729.509765625	0.0	image/420	420	373509	train2017/000000092353.jpg
730.2890625	0.0	image/456	456	373908	train2017/000000104081.jpg
731.087890625	0.0	image/405	405	374317	train2017/000000189765.jpg
731.876953125	0.0	image/394	394	374721	train2017/000000087126.jpg
732.703125	0.0	image/476	476	375144	train2017/000000112734.jpg
734.244140625	0.0	image/412	412	375933	train2017/000000408492.jpg
735.02734375	0.0	image/363	363	376334	train2017/000000079111.jpg
735.828125	0.0	image/474	474	376744	train2017/000000373679.jpg
737.39453125	0.0	image/443	443	377546	train2017/000000099580.jpg
738.177734375	0.0	image/370	370	377947	train2017/000000081105.jpg
739.01171875	0.0	image/436	436	378374	train2017/000000098480.jpg
740.646484375	0.0	image/474	474	379211	train2017/000000373679.jpg
741.4453125	0.0	image/369	369	379620	train2017/000000080987.jpg
742.263671875	0.0	image/399	399	380039	train2017/000000320508.jpg
743.041015625	0.0	image/479	479	380437	train2017/000000114077.jpg
743.845703125	0.0	image/392	392	380849	train2017/000000348204.jpg
744.630859375	0.0	image/462	462	381251	train2017/000000368852.jpg
745.408203125	0.0	image/411	411	381649	train2017/000000091005.jpg
746.23046875	0.0	image/415	415	382070	train2017/000000354045.jpg
747.05859375	0.0	image/361	361	382494	train2017/000000340317.jpg
747.826171875	0.0	image/463	463	382887	train2017/000000369171.jpg
748.6484375	0.0	image/401	401	383308	train2017/000000088414.jpg
749.443359375	0.0	image/413	413	383715	train2017/000000364806.jpg
750.248046875	0.0	image/401	401	384127	train2017/000000088414.jpg
751.048828125	0.0	image/431	431	384537	train2017/000000095828.jpg
751.849609375	0.0	image/373	373	384947	train2017/000000081841.jpg
752.626953125	0.0	image/377	377	385345	train2017/000000450584.jpg
753.39453125	0.0	image/403	403	385738	train2017/000000089908.jpg
754.19921875	0.0	image/435	435	386150	train2017/000000097218.jpg
755.009765625	0.0	image/416	416	386565	train2017/000000354095.jpg
755.794921875	0.0	image/469	469	386967	train2017/000000370369.jpg
756.583984375	0.0	image/441	441	387371	train2017/000000099363.jpg
757.361328125	0.0	image/473	473	387769	train2017/000000372959.jpg
758.18359375	0.0	image/432	432	388190	train2017/000000096161.jpg
758.984375	0.0	image/404	404	388600	train2017/000000352129.jpg
760.619140625	0.0	image/435	435	389437	train2017/000000097218.jpg
761.412109375	0.0	image/397	397	389843	train2017/000000087334.jpg
762.212890625	0.0	image/471	471	390253	train2017/000000372775.jpg
762.986328125	0.0	image/433	433	390649	train2017/000000359085.jpg
763.78515625	0.0	image/454	454	391058	train2017/000000366146.jpg
764.580078125	0.0	image/361	361	391465	train2017/000000340317.jpg
765.3984375	0.0	image/458	458	391884	train2017/000000104502.jpg
766.220703125	0.0	image/363	363	392305	train2017/000000079111.jpg
767.00390625	0.0	image/429	429	392706	train2017/000000095337.jpg
768.62109375	0.0	image/477	477	393534	train2017/000000113593.jpg
769.4375	0.0	image/372	372	393952	train2017/000000081474.jpg
771.072265625	0.0	image/432	432	394789	train2017/000000096161.jpg
771.900390625	0.0	image/466	466	395213	train2017/000000107204.jpg
772.705078125	0.0	image/385	385	395625	train2017/000000345751.jpg
773.48828125	0.0	image/380	380	396026	train2017/000000082650.jpg
774.30078125	0.0	image/365	365	396442	train2017/000000080084.jpg
775.083984375	0.0	image/393	393	396843	train2017/000000086811.jpg
775.85546875	0.0	image/402	402	397238	train2017/000000088835.jpg
776.6484375	0.0	image/368	368	397644	train2017/000000008471.jpg
777.431640625	0.0	image/379	379	398045	train2017/000000569678.jpg
778.20703125	0.0	image/396	396	398442	train2017/000000349363.jpg
779.0234375	0.0	image/479	479	398860	train2017/000000114077.jpg
779.8203125	0.0	image/472	472	399268	train2017/000000110780.jpg
781.44140625	0.0	image/448	448	400098	train2017/000000101069.jpg
782.21875	0.0	image/423	423	400496	train2017/000000355622.jpg
783.041015625	0.0	image/464	464	400917	train2017/000000369230.jpg
783.826171875	0.0	image/472	472	401319	train2017/000000110780.jpg
784.603515625	0.0	image/374	374	401717	train2017/000000046372.jpg
786.208984375	0.0	image/370	370	402539	train2017/000000081105.jpg
787.77734375	0.0	image/461	461	403342	train2017/000000106107.jpg
788.576171875	0.0	image/451	451	403751	train2017/000000365003.jpg
790.193359375	0.0	image/382	382	404579	train2017/000000345149.jpg
790.9765625	0.0	image/480	480	404980	train2017/000000376407.jpg
791.79296875	0.0	image/371	371	405398	train2017/000000081365.jpg
792.578125	0.0	image/365	365	405800	train2017/000000080084.jpg
793.412109375	0.0	image/420	420	406227	train2017/000000092353.jpg
794.205078125	0.0	image/447	447	406633	train2017/000000100863.jpg
794.974609375	0.0	image/473	473	407027	train2017/000000372959.jpg
795.779296875	0.0	image/470	470	407439	train2017/000000110611.jpg
796.556640625	0.0	image/391	391	407837	train2017/000000346795.jpg
797.345703125	0.0	image/386	386	408241	train2017/000000083632.jpg
798.162109375	0.0	image/414	414	408659	train2017/000000091784.jpg
798.939453125	0.0	image/364	364	409057	train2017/000000275335.jpg
799.712890625	0.0	image/372	372	409453	train2017/000000081474.jpg
800.55078125	0.0	image/411	411	409882	train2017/000000091005.jpg
801.330078125	0.0	image/407	407	410281	train2017/000000352724.jpg
802.125	0.0	image/374	374	410688	train2017/000000046372.jpg
802.931640625	0.0	image/427	427	411101	train2017/000000357228.jpg
803.7421875	0.0	image/392	392	411516	train2017/000000348204.jpg
804.525390625	0.0	image/440	440	411917	train2017/000000361197.jpg
805.314453125	0.0	image/418	418	412321	train2017/000000092221.jpg
806.09765625	0.0	image/419	419	412722	train2017/000000092288.jpg
806.92578125	0.0	image/437	437	413146	train2017/000000060117.jpg
807.75	0.0	image/410	410	413568	train2017/000000090994.jpg
808.560546875	0.0	image/475	475	413983	train2017/000000373970.jpg
809.34375	0.0	image/394	394	414384	train2017/000000087126.jpg
810.1328125	0.0	image/462	462	414788	train2017/000000368852.jpg
810.916015625	0.0	image/375	375	415189	train2017/000000081961.jpg
812.517578125	0.0	image/364	364	416009	train2017/000000275335.jpg
813.318359375	0.0	image/458	458	416419	train2017/000000104502.jpg
814.11328125	0.0	image/449	449	416826	train2017/000000101952.jpg
814.884765625	0.0	image/466	466	417221	train2017/000000107204.jpg
815.693359375	0.0	image/423	423	417635	train2017/000000355622.jpg
816.462890625	0.0	image/456	456	418029	train2017/000000104081.jpg
817.26953125	0.0	image/445	445	418442	train2017/000000362677.jpg
818.1015625	0.0	image/452	452	418868	train2017/000000365218.jpg
818.88671875	0.0	image/461	461	419270	train2017/000000106107.jpg
819.703125	0.0	image/375	375	419688	train2017/000000081961.jpg
820.513671875	0.0	image/453	453	420103	train2017/000000103366.jpg
821.287109375	0.0	image/445	445	420499	train2017/000000362677.jpg
822.0703125	0.0	image/442	442	420900	train2017/000000361648.jpg
822.880859375	0.0	image/451	451	421315	train2017/000000365003.jpg
823.6875	0.0	image/400	400	421728	train2017/000000350299.jpg
824.50390625	0.0	image/422	422	422146	train2017/000000059194.jpg
825.33203125	0.0	image/408	408	422570	train2017/000000352861.jpg
826.10546875	0.0	image/444	444	422966	train2017/000000100396.jpg
826.939453125	0.0	image/460	460	423393	train2017/000000367552.jpg
827.767578125	0.0	image/468	468	423817	train2017/000000542304.jpg
828.58203125	0.0	image/381	381	424234	train2017/000000082770.jpg
830.171875	0.0	image/433	433	425048	train2017/000000359085.jpg
830.990234375	0.0	image/381	381	425467	train2017/000000082770.jpg
831.771484375	0.0	image/418	418	425867	train2017/000000092221.jpg
833.423828125	0.0	image/384	384	426713	train2017/000000345725.jpg
834.20703125	0.0	image/376	376	427114	train2017/000000081995.jpg
834.984375	0.0	image/395	395	427512	train2017/000000087146.jpg
835.80859375	0.0	image/393	393	427934	train2017/000000086811.jpg
836.591796875	0.0	image/386	386	428335	train2017/000000083632.jpg
837.369140625	0.0	image/367	367	428733	train2017/000000080619.jpg
838.15234375	0.0	image/469	469	429134	train2017/000000370369.jpg
838.935546875	0.0	image/384	384	429535	train2017/000000345725.jpg
840.4921875	0.0	image/425	425	430332	train2017/000000356771.jpg
842.05859375	0.0	image/477	477	431134	train2017/000000113593.jpg
842.841796875	0.0	image/416	416	431535	train2017/000000354095.jpg
843.66015625	0.0	image/455	455	431954	train2017/000000104044.jpg
844.4921875	0.0	image/454	454	432380	train2017/000000366146.jpg
845.27734375	0.0	image/403	403	432782	train2017/000000089908.jpg
846.060546875	0.0	image/471	471	433183	train2017/000000372775.jpg
846.87109375	0.0	image/447	447	433598	train2017/000000100863.jpg
847.662109375	0.0	image/376	376	434003	train2017/000000081995.jpg
848.48828125	0.0	image/382	382	434426	train2017/000000345149.jpg
849.3125	0.0	image/446	446	434848	train2017/000000100599.jpg
850.9296875	0.0	image/406	406	435676	train2017/000000352236.jpg
851.74609375	0.0	image/438	438	436094	train2017/000000147547.jpg
852.580078125	0.0	image/424	424	436521	train2017/000000277778.jpg
854.173828125	0.0	image/405	405	437337	train2017/000000189765.jpg
854.962890625	0.0	image/439	439	437741	train2017/000000361193.jpg
855.763671875	0.0	image/441	441	438151	train2017/000000099363.jpg
856.544921875	0.0	image/426	426	438551	train2017/000000357074.jpg
857.380859375	0.0	image/398	398	438979	train2017/000000087871.jpg
858.193359375	0.0	image/417	417	439395	train2017/000000092001.jpg
858.958984375	0.0	image/362	362	439787	train2017/000000340734.jpg
859.765625	0.0	image/448	448	440200	train2017/000000101069.jpg
860.548828125	0.0	image/450	450	440601	train2017/000000570785.jpg
861.365234375	0.0	image/399	399	441019	train2017/000000320508.jpg
862.181640625	0.0	image/388	388	441437	train2017/000000084174.jpg
863.009765625	0.0	image/373	373	441861	train2017/000000081841.jpg
870.009765625	0.0	image/594	594	445445	train2017/000000404823.jpg
870.810546875	0.0	image/554	554	445855	train2017/000000135032.jpg
871.623046875	0.0	image/579	579	446271	train2017/000000139815.jpg
872.439453125	0.0	image/520	520	446689	train2017/000000125042.jpg
873.240234375	0.0	image/500	500	447099	train2017/000000381961.jpg
874.060546875	0.0	image/523	523	447519	train2017/000000125703.jpg
874.873046875	0.0	image/537	537	447935	train2017/000000371353.jpg
876.462890625	0.0	image/569	569	448749	train2017/000000138153.jpg
877.2734375	0.0	image/554	554	449164	train2017/000000135032.jpg
878.041015625	0.0	image/557	557	449557	train2017/000000022627.jpg
878.86328125	0.0	image/508	508	449978	train2017/000000413472.jpg
879.66015625	0.0	image/537	537	450386	train2017/000000371353.jpg
880.447265625	0.0	image/491	491	450789	train2017/000000116603.jpg
881.263671875	0.0	image/595	595	451207	train2017/000000142803.jpg
882.064453125	0.0	image/520	520	451617	train2017/000000125042.jpg
882.880859375	0.0	image/522	522	452035	train2017/000000125586.jpg
883.697265625	0.0	image/532	532	452453	train2017/000000130181.jpg
884.4921875	0.0	image/486	486	452860	train2017/000000377703.jpg
885.298828125	0.0	image/541	541	453273	train2017/000000131524.jpg
886.916015625	0.0	image/517	517	454101	train2017/000000123891.jpg
887.7421875	0.0	image/541	541	454524	train2017/000000131524.jpg
888.53125	0.0	image/549	549	454928	train2017/000000197068.jpg
889.31640625	0.0	image/593	593	455330	train2017/000000196777.jpg
890.966796875	0.0	image/513	513	456175	train2017/000000282631.jpg
891.80078125	0.0	image/527	527	456602	train2017/000000390120.jpg
892.6171875	0.0	image/511	511	457020	train2017/000000122776.jpg
893.400390625	0.0	image/592	592	457421	train2017/000000504289.jpg
894.1953125	0.0	image/543	543	457828	train2017/000000131763.jpg
895.001953125	0.0	image/586	586	458241	train2017/000000154556.jpg
895.8125	0.0	image/494	494	458656	train2017/000000380227.jpg
896.61328125	0.0	image/572	572	459066	train2017/000000138785.jpg
898.201171875	0.0	image/503	503	459879	train2017/000000382890.jpg
899.802734375	0.0	image/596	596	460699	train2017/000000405215.jpg
900.595703125	0.0	image/543	543	461105	train2017/000000131763.jpg
901.380859375	0.0	image/585	585	461507	train2017/000000140724.jpg
902.1875	0.0	image/542	542	461920	train2017/000000284089.jpg
902.98046875	0.0	image/584	584	462326	train2017/000000285588.jpg
903.75390625	0.0	image/503	503	462722	train2017/000000382890.jpg
904.5703125	0.0	image/507	507	463140	train2017/000000383652.jpg
905.37109375	0.0	image/580	580	463550	train2017/000000402057.jpg
906.146484375	0.0	image/506	506	463947	train2017/000000383641.jpg
906.916015625	0.0	image/494	494	464341	train2017/000000380227.jpg
908.48828125	0.0	image/538	538	465146	train2017/000000130973.jpg
909.3046875	0.0	image/559	559	465564	train2017/000000135965.jpg
910.10546875	0.0	image/580	580	465974	train2017/000000402057.jpg
910.923828125	0.0	image/582	582	466393	train2017/000000140590.jpg
911.755859375	0.0	image/599	599	466819	train2017/000000388853.jpg
912.5390625	0.0	image/553	553	467220	train2017/000000134562.jpg
913.32421875	0.0	image/575	575	467622	train2017/000000139551.jpg
914.107421875	0.0	image/561	561	468023	train2017/000000136142.jpg
914.94140625	0.0	image/568	568	468450	train2017/000000399984.jpg
915.7734375	0.0	image/556	556	468876	train2017/000000135316.jpg
916.568359375	0.0	image/568	568	469283	train2017/000000399984.jpg
917.375	0.0	image/597	597	469696	train2017/000000143245.jpg
918.158203125	0.0	image/590	590	470097	train2017/000000404007.jpg
918.94140625	0.0	image/587	587	470498	train2017/000000403535.jpg
919.75	0.0	image/533	533	470912	train2017/000000392556.jpg
920.525390625	0.0	image/482	482	471309	train2017/000000376643.jpg
921.341796875	0.0	image/560	560	471727	train2017/000000136111.jpg
922.171875	0.0	image/528	528	472152	train2017/000000239828.jpg
922.9921875	0.0	image/489	489	472572	train2017/000000115967.jpg
923.771484375	0.0	image/516	516	472971	train2017/000000385864.jpg
924.572265625	0.0	image/588	588	473381	train2017/000000403739.jpg
925.34375	0.0	image/551	551	473776	train2017/000000134169.jpg
926.17578125	0.0	image/488	488	474202	train2017/000000115649.jpg
926.994140625	0.0	image/571	571	474621	train2017/000000229233.jpg
927.77734375	0.0	image/505	505	475022	train2017/000000120987.jpg
928.5546875	0.0	image/481	481	475420	train2017/000000114274.jpg
929.35546875	0.0	image/489	489	475830	train2017/000000115967.jpg
930.14453125	0.0	image/526	526	476234	train2017/000000389582.jpg
930.939453125	0.0	image/547	547	476641	train2017/000000395758.jpg
931.72265625	0.0	image/576	576	477042	train2017/000000401699.jpg
932.51171875	0.0	image/536	536	477446	train2017/000000196584.jpg
933.296875	0.0	image/594	594	477848	train2017/000000404823.jpg
934.12890625	0.0	image/548	548	478274	train2017/000000395775.jpg
934.947265625	0.0	image/559	559	478693	train2017/000000135965.jpg
936.53125	0.0	image/500	500	479504	train2017/000000381961.jpg
937.314453125	0.0	image/552	552	479905	train2017/000000396550.jpg
938.9140625	0.0	image/492	492	480724	train2017/000000150636.jpg
939.693359375	0.0	image/583	583	481123	train2017/000000198195.jpg
941.294921875	0.0	image/525	525	481943	train2017/000000388980.jpg
942.080078125	0.0	image/564	564	482345	train2017/000000399162.jpg
942.91015625	0.0	image/538	538	482770	train2017/000000130973.jpg
943.67578125	0.0	image/581	581	483162	train2017/000000402199.jpg
944.466796875	0.0	image/504	504	483567	train2017/000000382951.jpg
945.265625	0.0	image/563	563	483976	train2017/000000398540.jpg
946.05078125	0.0	image/573	573	484378	train2017/000000138904.jpg
946.8828125	0.0	image/574	574	484804	train2017/000000139344.jpg
947.68359375	0.0	image/536	536	485214	train2017/000000196584.jpg
948.478515625	0.0	image/490	490	485621	train2017/000000116588.jpg
949.244140625	0.0	image/540	540	486013	train2017/000000021826.jpg
950.05078125	0.0	image/562	562	486426	train2017/000000022696.jpg
950.845703125	0.0	image/498	498	486833	train2017/000000119669.jpg
951.66015625	0.0	image/525	525	487250	train2017/000000388980.jpg
952.451171875	0.0	image/599	599	487655	train2017/000000388853.jpg
953.263671875	0.0	image/487	487	488071	train2017/000000115637.jpg
954.052734375	0.0	image/492	492	488475	train2017/000000150636.jpg
954.8359375	0.0	image/488	488	488876	train2017/000000115649.jpg
955.619140625	0.0	image/504	504	489277	train2017/000000382951.jpg
956.4140625	0.0	image/505	505	489684	train2017/000000120987.jpg
957.18359375	0.0	image/506	506	490078	train2017/000000383641.jpg
957.953125	0.0	image/498	498	490472	train2017/000000119669.jpg
959.521484375	0.0	image/522	522	491275	train2017/000000125586.jpg
961.12109375	0.0	image/484	484	492094	train2017/000000114822.jpg
961.955078125	0.0	image/510	510	492521	train2017/000000544738.jpg
962.734375	0.0	image/523	523	492920	train2017/000000125703.jpg
963.505859375	0.0	image/563	563	493315	train2017/000000398540.jpg
964.322265625	0.0	image/600	600	493733	train2017/000000143420.jpg
965.099609375	0.0	image/530	530	494131	train2017/000000391678.jpg
965.8984375	0.0	image/596	596	494540	train2017/000000405215.jpg
966.6484375	0.0	image/544	544	494924	train2017/000000394008.jpg
967.40625	0.0	image/490	490	495312	train2017/000000116588.jpg
968.189453125	0.0	image/499	499	495713	train2017/000000575164.jpg
968.984375	0.0	image/501	501	496120	train2017/000000353175.jpg
969.765625	0.0	image/534	534	496520	train2017/000000130681.jpg
970.568359375	0.0	image/508	508	496931	train2017/000000413472.jpg
971.33984375	0.0	image/570	570	497326	train2017/000000400581.jpg
972.173828125	0.0	image/524	524	497753	train2017/000000125725.jpg
973.001953125	0.0	image/521	521	498177	train2017/000000387318.jpg
973.80859375	0.0	image/564	564	498590	train2017/000000399162.jpg
974.634765625	0.0	image/518	518	499013	train2017/000000124711.jpg
975.42578125	0.0	image/589	589	499418	train2017/000000403789.jpg
976.224609375	0.0	image/499	499	499827	train2017/000000575164.jpg
976.9921875	0.0	image/544	544	500220	train2017/000000394008.jpg
977.802734375	0.0	image/531	531	500635	train2017/000000391754.jpg
978.609375	0.0	image/550	550	501048	train2017/000000066014.jpg
979.41015625	0.0	image/557	557	501458	train2017/000000022627.jpg
980.244140625	0.0	image/547	547	501885	train2017/000000395758.jpg
981.02734375	0.0	image/491	491	502286	train2017/000000116603.jpg
981.828125	0.0	image/507	507	502696	train2017/000000383652.jpg
982.623046875	0.0	image/483	483	503103	train2017/000000376858.jpg
984.26171875	0.0	image/535	535	503942	train2017/000000392851.jpg
985.078125	0.0	image/497	497	504360	train2017/000000282032.jpg
985.861328125	0.0	image/590	590	504761	train2017/000000404007.jpg
986.662109375	0.0	image/484	484	505171	train2017/000000114822.jpg
987.49609375	0.0	image/517	517	505598	train2017/000000123891.jpg
988.3125	0.0	image/540	540	506016	train2017/000000021826.jpg
989.146484375	0.0	image/487	487	506443	train2017/000000115637.jpg
990.73046875	0.0	image/595	595	507254	train2017/000000142803.jpg
991.546875	0.0	image/542	542	507672	train2017/000000284089.jpg
992.34375	0.0	image/533	533	508080	train2017/000000392556.jpg
993.98046875	0.0	image/598	598	508918	train2017/000000405437.jpg
994.78125	0.0	image/567	567	509328	train2017/000000137706.jpg
995.57421875	0.0	image/584	584	509734	train2017/000000285588.jpg
996.375	0.0	image/583	583	510144	train2017/000000198195.jpg
997.166015625	0.0	image/518	518	510549	train2017/000000124711.jpg
997.982421875	0.0	image/571	571	510967	train2017/000000229233.jpg
998.783203125	0.0	image/566	566	511377	train2017/000000399835.jpg
999.595703125	0.0	image/556	556	511793	train2017/000000135316.jpg
1000.3828125	0.0	image/531	531	512196	train2017/000000391754.jpg
1001.166015625	0.0	image/527	527	512597	train2017/000000390120.jpg
1001.94921875	0.0	image/519	519	512998	train2017/000000124747.jpg
1002.767578125	0.0	image/588	588	513417	train2017/000000403739.jpg
1003.560546875	0.0	image/539	539	513823	train2017/000000131011.jpg
1004.3671875	0.0	image/581	581	514236	train2017/000000402199.jpg
1005.19921875	0.0	image/546	546	514662	train2017/000000133281.jpg
1005.984375	0.0	image/509	509	515064	train2017/000000384235.jpg
1006.767578125	0.0	image/519	519	515465	train2017/000000124747.jpg
1007.595703125	0.0	image/515	515	515889	train2017/000000123692.jpg
1008.41796875	0.0	image/569	569	516310	train2017/000000138153.jpg
1009.23046875	0.0	image/535	535	516726	train2017/000000392851.jpg
1009.998046875	0.0	image/573	573	517119	train2017/000000138904.jpg
1010.76953125	0.0	image/495	495	517514	train2017/000000380729.jpg
1011.5625	0.0	image/553	553	517920	train2017/000000134562.jpg
1012.3828125	0.0	image/512	512	518340	train2017/000000122811.jpg
1013.197265625	0.0	image/532	532	518757	train2017/000000130181.jpg
1014.00390625	0.0	image/510	510	519170	train2017/000000544738.jpg
1014.8046875	0.0	image/497	497	519580	train2017/000000282032.jpg
1015.587890625	0.0	image/570	570	519981	train2017/000000400581.jpg
1016.37109375	0.0	image/555	555	520382	train2017/000000397192.jpg
1017.1875	0.0	image/560	560	520800	train2017/000000136111.jpg
1018.7890625	0.0	image/545	545	521620	train2017/000000131967.jpg
1019.62109375	0.0	image/582	582	522046	train2017/000000140590.jpg
1020.416015625	0.0	image/561	561	522453	train2017/000000136142.jpg
1021.23828125	0.0	image/558	558	522874	train2017/000000398083.jpg
1022.85546875	0.0	image/524	524	523702	train2017/000000125725.jpg
1023.640625	0.0	image/558	558	524104	train2017/000000398083.jpg
1024.45703125	0.0	image/552	552	524522	train2017/000000396550.jpg
1025.291015625	0.0	image/481	481	524949	train2017/000000114274.jpg
1026.068359375	0.0	image/598	598	525347	train2017/000000405437.jpg
1026.8359375	0.0	image/565	565	525740	train2017/000000197656.jpg
1027.658203125	0.0	image/514	514	526161	train2017/000000282707.jpg
1028.45703125	0.0	image/502	502	526570	train2017/000000120655.jpg
1030.052734375	0.0	image/493	493	527387	train2017/000000379713.jpg
1030.841796875	0.0	image/600	600	527791	train2017/000000143420.jpg
1031.63671875	0.0	image/482	482	528198	train2017/000000376643.jpg
1032.423828125	0.0	image/576	576	528601	train2017/000000401699.jpg
1033.236328125	0.0	image/574	574	529017	train2017/000000139344.jpg
1034.00390625	0.0	image/514	514	529410	train2017/000000282707.jpg
1034.8046875	0.0	image/534	534	529820	train2017/000000130681.jpg
1035.572265625	0.0	image/578	578	530213	train2017/000000401720.jpg
1036.376953125	0.0	image/551	551	530625	train2017/000000134169.jpg
1038.01171875	0.0	image/548	548	531462	train2017/000000395775.jpg
1038.7890625	0.0	image/572	572	531860	train2017/000000138785.jpg
1039.5546875	0.0	image/575	575	532252	train2017/000000139551.jpg
1040.322265625	0.0	image/591	591	532645	train2017/000000404282.jpg
1041.095703125	0.0	image/511	511	533041	train2017/000000122776.jpg
1041.896484375	0.0	image/550	550	533451	train2017/000000066014.jpg
1042.72265625	0.0	image/496	496	533874	train2017/000000380989.jpg
1043.546875	0.0	image/591	591	534296	train2017/000000404282.jpg
1044.36328125	0.0	image/521	521	534714	train2017/000000387318.jpg
1045.142578125	0.0	image/549	549	535113	train2017/000000197068.jpg
1045.962890625	0.0	image/502	502	535533	train2017/000000120655.jpg
1046.7578125	0.0	image/597	597	535940	train2017/000000143245.jpg
1047.580078125	0.0	image/485	485	536361	train2017/000000377576.jpg
1048.390625	0.0	image/501	501	536776	train2017/000000353175.jpg
1049.98046875	0.0	image/577	577	537590	train2017/000000139561.jpg
1050.810546875	0.0	image/493	493	538015	train2017/000000379713.jpg
1052.3828125	0.0	image/495	495	538820	train2017/000000380729.jpg
1053.17578125	0.0	image/579	579	539226	train2017/000000139815.jpg
1053.943359375	0.0	image/512	512	539619	train2017/000000122811.jpg
1054.765625	0.0	image/567	567	540040	train2017/000000137706.jpg
1055.548828125	0.0	image/566	566	540441	train2017/000000399835.jpg
1057.2109375	0.0	image/565	565	541292	train2017/000000197656.jpg
1057.984375	0.0	image/529	529	541688	train2017/000000129060.jpg
1058.80078125	0.0	image/577	577	542106	train2017/000000139561.jpg
1059.6015625	0.0	image/528	528	542516	train2017/000000239828.jpg
1060.39453125	0.0	image/516	516	542922	train2017/000000385864.jpg
1061.201171875	0.0	image/545	545	543335	train2017/000000131967.jpg
1062.78515625	0.0	image/509	509	544146	train2017/000000384235.jpg
1063.619140625	0.0	image/585	585	544573	train2017/000000140724.jpg
1064.40234375	0.0	image/486	486	544974	train2017/000000377703.jpg
1065.21875	0.0	image/587	587	545392	train2017/000000403535.jpg
1066.046875	0.0	image/530	530	545816	train2017/000000391678.jpg
1066.814453125	0.0	image/546	546	546209	train2017/000000133281.jpg
1067.583984375	0.0	image/529	529	546603	train2017/000000129060.jpg
1068.38671875	0.0	image/515	515	547014	train2017/000000123692.jpg
1069.1640625	0.0	image/513	513	547412	train2017/000000282631.jpg
1069.9375	0.0	image/526	526	547808	train2017/000000389582.jpg
1071.537109375	0.0	image/539	539	548627	train2017/000000131011.jpg
1072.322265625	0.0	image/578	578	549029	train2017/000000401720.jpg
1073.154296875	0.0	image/562	562	549455	train2017/000000022696.jpg
1073.94921875	0.0	image/483	483	549862	train2017/000000376858.jpg
1074.732421875	0.0	image/496	496	550263	train2017/000000380989.jpg
1075.5546875	0.0	image/593	593	550684	train2017/000000196777.jpg
1076.33203125	0.0	image/485	485	551082	train2017/000000377576.jpg
1077.1171875	0.0	image/589	589	551484	train2017/000000403789.jpg
1077.890625	0.0	image/555	555	551880	train2017/000000397192.jpg
1078.673828125	0.0	image/586	586	552281	train2017/000000154556.jpg
1080.240234375	0.0	image/592	592	553083	train2017/000000504289.jpg
1087.671875	0.0	image/616	616	556888	train2017/000000149221.jpg
1088.48828125	0.0	image/685	685	557306	train2017/000000166504.jpg
1089.2890625	0.0	image/676	676	557716	train2017/000000163263.jpg
1090.349609375	0.0	image/655	655	558259	train2017/000000157181.jpg
1091.15234375	0.0	image/629	629	558670	train2017/000000151307.jpg
1091.966796875	0.0	image/705	705	559087	train2017/000000028930.jpg
1092.767578125	0.0	image/608	608	559497	train2017/000000024287.jpg
1093.58984375	0.0	image/606	606	559918	train2017/000000407778.jpg
1094.40234375	0.0	image/686	686	560334	train2017/000000428691.jpg
1095.185546875	0.0	image/659	659	560735	train2017/000000159680.jpg
1095.974609375	0.0	image/715	715	561139	train2017/000000175715.jpg
1096.7578125	0.0	image/608	608	561540	train2017/000000024287.jpg
1097.572265625	0.0	image/621	621	561957	train2017/000000150196.jpg
1098.38671875	0.0	image/699	699	562374	train2017/000000170917.jpg
1099.19140625	0.0	image/642	642	562786	train2017/000000154011.jpg
1100.009765625	0.0	image/605	605	563205	train2017/000000406595.jpg
1100.79296875	0.0	image/690	690	563606	train2017/000000043829.jpg
1101.62109375	0.0	image/707	707	564030	train2017/000000173987.jpg
1102.4375	0.0	image/602	602	564448	train2017/000000406292.jpg
1103.2265625	0.0	image/653	653	564852	train2017/000000157119.jpg
1104.01953125	0.0	image/644	644	565258	train2017/000000154207.jpg
1104.810546875	0.0	image/615	615	565663	train2017/000000148263.jpg
1106.427734375	0.0	image/625	625	566491	train2017/000000369367.jpg
1107.2109375	0.0	image/713	713	566892	train2017/000000291280.jpg
1108.02734375	0.0	image/677	677	567310	train2017/000000425712.jpg
1108.828125	0.0	image/669	669	567720	train2017/000000161328.jpg
1109.60546875	0.0	image/718	718	568118	train2017/000000176085.jpg
1110.412109375	0.0	image/615	615	568531	train2017/000000148263.jpg
1111.228515625	0.0	image/643	643	568949	train2017/000000416279.jpg
1112.046875	0.0	image/609	609	569368	train2017/000000504888.jpg
1112.86328125	0.0	image/682	682	569786	train2017/000000014269.jpg
1113.646484375	0.0	image/716	716	570187	train2017/000000437967.jpg
1114.474609375	0.0	image/700	700	570611	train2017/000000170968.jpg
1115.263671875	0.0	image/613	613	571015	train2017/000000147331.jpg
1116.091796875	0.0	image/693	693	571439	train2017/000000431764.jpg
1116.8984375	0.0	image/719	719	571852	train2017/000000438751.jpg
1117.708984375	0.0	image/639	639	572267	train2017/000000415026.jpg
1118.53125	0.0	image/673	673	572688	train2017/000000424138.jpg
1119.314453125	0.0	image/680	680	573089	train2017/000000485595.jpg
1120.1328125	0.0	image/699	699	573508	train2017/000000170917.jpg
1120.96484375	0.0	image/700	700	573934	train2017/000000170968.jpg
1121.77734375	0.0	image/625	625	574350	train2017/000000369367.jpg
1122.58203125	0.0	image/607	607	574762	train2017/000000461187.jpg
1123.376953125	0.0	image/690	690	575169	train2017/000000043829.jpg
1124.177734375	0.0	image/674	674	575579	train2017/000000425135.jpg
1124.984375	0.0	image/678	678	575992	train2017/000000164502.jpg
1125.81640625	0.0	image/695	695	576418	train2017/000000284987.jpg
1126.59375	0.0	image/672	672	576816	train2017/000000424110.jpg
1127.400390625	0.0	image/689	689	577229	train2017/000000508456.jpg
1128.23046875	0.0	image/714	714	577654	train2017/000000437516.jpg
1129.017578125	0.0	image/611	611	578057	train2017/000000408922.jpg
1129.8359375	0.0	image/637	637	578476	train2017/000000506039.jpg
1130.65234375	0.0	image/629	629	578894	train2017/000000151307.jpg
1131.46875	0.0	image/617	617	579312	train2017/000000411475.jpg
1132.26953125	0.0	image/632	632	579722	train2017/000000068996.jpg
1133.052734375	0.0	image/720	720	580123	train2017/000000176728.jpg
1133.853515625	0.0	image/664	664	580533	train2017/000000551063.jpg
1135.435546875	0.0	image/644	644	581343	train2017/000000154207.jpg
1136.236328125	0.0	image/648	648	581753	train2017/000000417700.jpg
1137.01953125	0.0	image/682	682	582154	train2017/000000014269.jpg
1137.837890625	0.0	image/681	681	582573	train2017/000000427729.jpg
1138.6640625	0.0	image/712	712	582996	train2017/000000174522.jpg
1139.451171875	0.0	image/702	702	583399	train2017/000000171328.jpg
1140.25390625	0.0	image/663	663	583810	train2017/000000463620.jpg
1141.072265625	0.0	image/616	616	584229	train2017/000000149221.jpg
1141.8828125	0.0	image/710	710	584644	train2017/000000436578.jpg
1142.689453125	0.0	image/633	633	585057	train2017/000000414176.jpg
1143.466796875	0.0	image/652	652	585455	train2017/000000113449.jpg
1144.255859375	0.0	image/601	601	585859	train2017/000000143594.jpg
1145.072265625	0.0	image/707	707	586277	train2017/000000173987.jpg
1145.900390625	0.0	image/683	683	586701	train2017/000000428605.jpg
1147.5	0.0	image/650	650	587520	train2017/000000419212.jpg
1148.306640625	0.0	image/647	647	587933	train2017/000000417264.jpg
1149.08984375	0.0	image/619	619	588334	train2017/000000149810.jpg
1149.90234375	0.0	image/658	658	588750	train2017/000000563961.jpg
1150.669921875	0.0	image/672	672	589143	train2017/000000424110.jpg
1151.45703125	0.0	image/657	657	589546	train2017/000000419586.jpg
1152.26953125	0.0	image/635	635	589962	train2017/000000152328.jpg
1153.091796875	0.0	image/718	718	590383	train2017/000000176085.jpg
1153.875	0.0	image/618	618	590784	train2017/000000149791.jpg
1155.470703125	0.0	image/641	641	591601	train2017/000000415608.jpg
1156.259765625	0.0	image/611	611	592005	train2017/000000408922.jpg
1157.04296875	0.0	image/711	711	592406	train2017/000000174504.jpg
1157.853515625	0.0	image/706	706	592821	train2017/000000435902.jpg
1158.677734375	0.0	image/666	666	593243	train2017/000000161062.jpg
1159.505859375	0.0	image/704	704	593667	train2017/000000420713.jpg
1160.27734375	0.0	image/607	607	594062	train2017/000000461187.jpg
1161.087890625	0.0	image/684	684	594477	train2017/000000166489.jpg
1161.87109375	0.0	image/646	646	594878	train2017/000000417141.jpg
1162.662109375	0.0	image/655	655	595283	train2017/000000157181.jpg
1163.494140625	0.0	image/631	631	595709	train2017/000000151414.jpg
1164.287109375	0.0	image/614	614	596115	train2017/000000147694.jpg
1165.095703125	0.0	image/628	628	596529	train2017/000000151163.jpg
1166.712890625	0.0	image/614	614	597357	train2017/000000147694.jpg
1167.513671875	0.0	image/640	640	597767	train2017/000000162230.jpg
1168.306640625	0.0	image/713	713	598173	train2017/000000291280.jpg
1169.091796875	0.0	image/649	649	598575	train2017/000000418115.jpg
1170.6796875	0.0	image/664	664	599388	train2017/000000551063.jpg
1171.498046875	0.0	image/670	670	599807	train2017/000000423488.jpg
1172.30859375	0.0	image/618	618	600222	train2017/000000149791.jpg
1173.111328125	0.0	image/668	668	600633	train2017/000000423222.jpg
1173.92578125	0.0	image/622	622	601050	train2017/000000150559.jpg
1174.708984375	0.0	image/642	642	601451	train2017/000000154011.jpg
1175.53125	0.0	image/717	717	601872	train2017/000000438154.jpg
1176.341796875	0.0	image/617	617	602287	train2017/000000411475.jpg
1177.1328125	0.0	image/675	675	602692	train2017/000000163250.jpg
1177.93359375	0.0	image/630	630	603102	train2017/000000462134.jpg
1178.716796875	0.0	image/606	606	603503	train2017/000000407778.jpg
1179.54296875	0.0	image/670	670	603926	train2017/000000423488.jpg
1180.333984375	0.0	image/660	660	604331	train2017/000000422268.jpg
1181.9296875	0.0	image/633	633	605148	train2017/000000414176.jpg
1182.767578125	0.0	image/666	666	605577	train2017/000000161062.jpg
1183.544921875	0.0	image/645	645	605975	train2017/000000416972.jpg
1184.3671875	0.0	image/662	662	606396	train2017/000000160181.jpg
1185.16796875	0.0	image/692	692	606806	train2017/000000169262.jpg
1186.734375	0.0	image/634	634	607608	train2017/000000152273.jpg
1187.51953125	0.0	image/714	714	608010	train2017/000000437516.jpg
1188.345703125	0.0	image/638	638	608433	train2017/000000414853.jpg
1189.130859375	0.0	image/612	612	608835	train2017/000000408965.jpg
1189.953125	0.0	image/656	656	609256	train2017/000000157342.jpg
1190.736328125	0.0	image/676	676	609657	train2017/000000163263.jpg
1191.5703125	0.0	image/602	602	610084	train2017/000000406292.jpg
1192.404296875	0.0	image/710	710	610511	train2017/000000436578.jpg
1193.220703125	0.0	image/694	694	610929	train2017/000000431825.jpg
1194.048828125	0.0	image/686	686	611353	train2017/000000428691.jpg
1194.837890625	0.0	image/604	604	611757	train2017/000000406445.jpg
1195.666015625	0.0	image/648	648	612181	train2017/000000417700.jpg
1197.271484375	0.0	image/692	692	613003	train2017/000000169262.jpg
1198.06640625	0.0	image/645	645	613410	train2017/000000416972.jpg
1198.833984375	0.0	image/620	620	613803	train2017/000000153394.jpg
1199.623046875	0.0	image/679	679	614207	train2017/000000164564.jpg
1200.40625	0.0	image/685	685	614608	train2017/000000166504.jpg
1201.22265625	0.0	image/698	698	615026	train2017/000000433021.jpg
1202.0390625	0.0	image/684	684	615444	train2017/000000166489.jpg
1202.8515625	0.0	image/673	673	615860	train2017/000000424138.jpg
1204.490234375	0.0	image/681	681	616699	train2017/000000427729.jpg
1205.30859375	0.0	image/675	675	617118	train2017/000000163250.jpg
1206.134765625	0.0	image/627	627	617541	train2017/000000150931.jpg
1206.951171875	0.0	image/708	708	617959	train2017/000000174213.jpg
1207.736328125	0.0	image/709	709	618361	train2017/000000174303.jpg
1208.53515625	0.0	image/639	639	618770	train2017/000000415026.jpg
1209.359375	0.0	image/668	668	619192	train2017/000000423222.jpg
1210.158203125	0.0	image/667	667	619601	train2017/000000423209.jpg
1211.775390625	0.0	image/609	609	620429	train2017/000000504888.jpg
1212.60546875	0.0	image/720	720	620854	train2017/000000176728.jpg
1213.42578125	0.0	image/706	706	621274	train2017/000000435902.jpg
1214.220703125	0.0	image/643	643	621681	train2017/000000416279.jpg
1214.994140625	0.0	image/636	636	622077	train2017/000000549729.jpg
1215.828125	0.0	image/605	605	622504	train2017/000000406595.jpg
1217.41015625	0.0	image/694	694	623314	train2017/000000431825.jpg
1218.23828125	0.0	image/631	631	623738	train2017/000000151414.jpg
1219.0390625	0.0	image/671	671	624148	train2017/000000161836.jpg
1219.828125	0.0	image/634	634	624552	train2017/000000152273.jpg
1220.611328125	0.0	image/689	689	624953	train2017/000000508456.jpg
1221.439453125	0.0	image/702	702	625377	train2017/000000171328.jpg
1222.212890625	0.0	image/604	604	625773	train2017/000000406445.jpg
1223.830078125	0.0	image/661	661	626601	train2017/000000160142.jpg
1225.447265625	0.0	image/651	651	627429	train2017/000000156084.jpg
1226.263671875	0.0	image/657	657	627847	train2017/000000419586.jpg
1227.07421875	0.0	image/649	649	628262	train2017/000000418115.jpg
1227.880859375	0.0	image/679	679	628675	train2017/000000164564.jpg
1228.697265625	0.0	image/715	715	629093	train2017/000000175715.jpg
1229.5078125	0.0	image/703	703	629508	train2017/000000171374.jpg
1230.298828125	0.0	image/687	687	629913	train2017/000000428726.jpg
1231.091796875	0.0	image/621	621	630319	train2017/000000150196.jpg
1231.892578125	0.0	image/678	678	630729	train2017/000000164502.jpg
1232.662109375	0.0	image/620	620	631123	train2017/000000153394.jpg
1233.482421875	0.0	image/613	613	631543	train2017/000000147331.jpg
1234.259765625	0.0	image/623	623	631941	train2017/000000412855.jpg
1235.060546875	0.0	image/716	716	632351	train2017/000000437967.jpg
1235.8671875	0.0	image/665	665	632764	train2017/000000160735.jpg
1236.662109375	0.0	image/628	628	633171	train2017/000000151163.jpg
1237.466796875	0.0	image/709	709	633583	train2017/000000174303.jpg
1238.25	0.0	image/630	630	633984	train2017/000000462134.jpg
1239.05078125	0.0	image/698	698	634394	train2017/000000433021.jpg
1239.8671875	0.0	image/659	659	634812	train2017/000000159680.jpg
1240.66796875	0.0	image/636	636	635222	train2017/000000549729.jpg
1242.251953125	0.0	image/712	712	636033	train2017/000000174522.jpg
1243.03515625	0.0	image/717	717	636434	train2017/000000438154.jpg
1243.84765625	0.0	image/671	671	636850	train2017/000000161836.jpg
1244.669921875	0.0	image/632	632	637271	train2017/000000068996.jpg
1245.46875	0.0	image/691	691	637680	train2017/000000168690.jpg
1246.302734375	0.0	image/601	601	638107	train2017/000000143594.jpg
1247.09765625	0.0	image/652	652	638514	train2017/000000113449.jpg
1247.916015625	0.0	image/610	610	638933	train2017/000000146256.jpg
1249.521484375	0.0	image/624	624	639755	train2017/000000412857.jpg
1250.337890625	0.0	image/626	626	640173	train2017/000000412922.jpg
1251.12109375	0.0	image/641	641	640574	train2017/000000415608.jpg
1251.931640625	0.0	image/658	658	640989	train2017/000000563961.jpg
1252.701171875	0.0	image/651	651	641383	train2017/000000156084.jpg
1253.521484375	0.0	image/626	626	641803	train2017/000000412922.jpg
1254.322265625	0.0	image/708	708	642213	train2017/000000174213.jpg
1255.10546875	0.0	image/711	711	642614	train2017/000000174504.jpg
1255.916015625	0.0	image/619	619	643029	train2017/000000149810.jpg
1256.701171875	0.0	image/660	660	643431	train2017/000000422268.jpg
1258.255859375	0.0	image/719	719	644227	train2017/000000438751.jpg
1259.041015625	0.0	image/624	624	644629	train2017/000000412857.jpg
1260.640625	0.0	image/661	661	645448	train2017/000000160142.jpg
1262.201171875	0.0	image/697	697	646247	train2017/000000433019.jpg
1262.9921875	0.0	image/653	653	646652	train2017/000000157119.jpg
1263.791015625	0.0	image/656	656	647061	train2017/000000157342.jpg
1264.5859375	0.0	image/622	622	647468	train2017/000000150559.jpg
1265.384765625	0.0	image/667	667	647877	train2017/000000423209.jpg
1266.154296875	0.0	image/688	688	648271	train2017/000000166764.jpg
1266.958984375	0.0	image/687	687	648683	train2017/000000428726.jpg
1267.759765625	0.0	image/654	654	649093	train2017/000000157125.jpg
1268.560546875	0.0	image/623	623	649503	train2017/000000412855.jpg
1269.34375	0.0	image/610	610	649904	train2017/000000146256.jpg
1270.109375	0.0	image/640	640	650296	train2017/000000162230.jpg
1270.904296875	0.0	image/638	638	650703	train2017/000000414853.jpg
1271.7109375	0.0	image/663	663	651116	train2017/000000463620.jpg
1272.494140625	0.0	image/696	696	651517	train2017/000000028367.jpg
1273.306640625	0.0	image/669	669	651933	train2017/000000161328.jpg
1274.08984375	0.0	image/705	705	652334	train2017/000000028930.jpg
1274.87890625	0.0	image/650	650	652738	train2017/000000419212.jpg
1276.462890625	0.0	image/680	680	653549	train2017/000000485595.jpg
1277.26171875	0.0	image/677	677	653958	train2017/000000425712.jpg
1278.87890625	0.0	image/603	603	654786	train2017/000000144193.jpg
1279.6640625	0.0	image/654	654	655188	train2017/000000157125.jpg
1281.263671875	0.0	image/704	704	656007	train2017/000000420713.jpg
1282.046875	0.0	image/696	696	656408	train2017/000000028367.jpg
1283.615234375	0.0	image/701	701	657211	train2017/000000079701.jpg
1284.392578125	0.0	image/683	683	657609	train2017/000000428605.jpg
1285.181640625	0.0	image/635	635	658013	train2017/000000152328.jpg
1286.798828125	0.0	image/703	703	658841	train2017/000000171374.jpg
1287.599609375	0.0	image/603	603	659251	train2017/000000144193.jpg
1288.42578125	0.0	image/691	691	659674	train2017/000000168690.jpg
1289.216796875	0.0	image/647	647	660079	train2017/000000417264.jpg
1290.001953125	0.0	image/697	697	660481	train2017/000000433019.jpg
1290.810546875	0.0	image/637	637	660895	train2017/000000506039.jpg
1291.6171875	0.0	image/665	665	661308	train2017/000000160735.jpg
1292.42578125	0.0	image/627	627	661722	train2017/000000150931.jpg
1293.208984375	0.0	image/693	693	662123	train2017/000000431764.jpg
1293.9609375	0.0	image/674	674	662508	train2017/000000425135.jpg
1294.751953125	0.0	image/688	688	662913	train2017/000000166764.jpg
1295.583984375	0.0	image/701	701	663339	train2017/000000079701.jpg
1296.40234375	0.0	image/695	695	663758	train2017/000000284987.jpg
1297.185546875	0.0	image/646	646	664159	train2017/000000417141.jpg
1298.01953125	0.0	image/662	662	664586	train2017/000000160181.jpg
1298.8515625	0.0	image/612	612	665012	train2017/000000408965.jpg
1306.0546875	0.0	image/762	762	668700	train2017/000000188660.jpg
1306.8828125	0.0	image/812	812	669124	train2017/000000201758.jpg
1307.70703125	0.0	image/727	727	669546	train2017/000000440792.jpg
1308.533203125	0.0	image/829	829	669969	train2017/000000206467.jpg
1309.33984375	0.0	image/735	735	670382	train2017/000000180410.jpg
1310.123046875	0.0	image/779	779	670783	train2017/000000191740.jpg
1310.908203125	0.0	image/786	786	671185	train2017/000000193023.jpg
1311.740234375	0.0	image/766	766	671611	train2017/000000451680.jpg
1312.5234375	0.0	image/774	774	672012	train2017/000000191005.jpg
1313.3515625	0.0	image/783	783	672436	train2017/000000454915.jpg
1314.17578125	0.0	image/797	797	672858	train2017/000000458178.jpg
1314.96875	0.0	image/835	835	673264	train2017/000000129143.jpg
1315.76953125	0.0	image/789	789	673674	train2017/000000455657.jpg
1316.5859375	0.0	image/787	787	674092	train2017/000000193318.jpg
1317.408203125	0.0	image/833	833	674513	train2017/000000207549.jpg
1318.208984375	0.0	image/827	827	674923	train2017/000000296474.jpg
1318.9921875	0.0	image/806	806	675324	train2017/000000198319.jpg
1319.810546875	0.0	image/831	831	675743	train2017/000000469445.jpg
1320.642578125	0.0	image/804	804	676169	train2017/000000460236.jpg
1321.421875	0.0	image/726	726	676568	train2017/000000178423.jpg
1322.1875	0.0	image/748	748	676960	train2017/000000184822.jpg
1322.9609375	0.0	image/777	777	677356	train2017/000000453682.jpg
1323.744140625	0.0	image/723	723	677757	train2017/000000439241.jpg
1324.521484375	0.0	image/804	804	678155	train2017/000000460236.jpg
1325.310546875	0.0	image/744	744	678559	train2017/000000182799.jpg
1326.091796875	0.0	image/788	788	678959	train2017/000000193373.jpg
1326.89453125	0.0	image/825	825	679370	train2017/000000467646.jpg
1327.6796875	0.0	image/753	753	679772	train2017/000000006178.jpg
1328.49609375	0.0	image/741	741	680190	train2017/000000443940.jpg
1329.306640625	0.0	image/753	753	680605	train2017/000000006178.jpg
1330.080078125	0.0	image/821	821	681001	train2017/000000077686.jpg
1330.9140625	0.0	image/757	757	681428	train2017/000000442666.jpg
1331.697265625	0.0	image/808	808	681829	train2017/000000461428.jpg
1332.529296875	0.0	image/726	726	682255	train2017/000000178423.jpg
1333.314453125	0.0	image/830	830	682657	train2017/000000468825.jpg
1334.130859375	0.0	image/839	839	683075	train2017/000000209229.jpg
1334.92578125	0.0	image/747	747	683482	train2017/000000183719.jpg
1335.7421875	0.0	image/817	817	683900	train2017/000000202805.jpg
1336.55859375	0.0	image/768	768	684318	train2017/000000189888.jpg
1337.33203125	0.0	image/751	751	684714	train2017/000000185225.jpg
1338.115234375	0.0	image/734	734	685115	train2017/000000442489.jpg
1338.947265625	0.0	image/819	819	685541	train2017/000000298139.jpg
1339.75	0.0	image/839	839	685952	train2017/000000209229.jpg
1340.54296875	0.0	image/834	834	686358	train2017/000000469816.jpg
1341.349609375	0.0	image/743	743	686771	train2017/000000189388.jpg
1342.166015625	0.0	image/780	780	687189	train2017/000000192576.jpg
1342.951171875	0.0	image/742	742	687591	train2017/000000181837.jpg
1343.75	0.0	image/754	754	688000	train2017/000000185888.jpg
1344.533203125	0.0	image/782	782	688401	train2017/000000454830.jpg
1345.31640625	0.0	image/759	759	688802	train2017/000000449914.jpg
1346.14453125	0.0	image/758	758	689226	train2017/000000186828.jpg
1346.9453125	0.0	image/776	776	689636	train2017/000000468771.jpg
1347.751953125	0.0	image/838	838	690049	train2017/000000208849.jpg
1349.369140625	0.0	image/796	796	690877	train2017/000000338501.jpg
1350.201171875	0.0	image/779	779	691303	train2017/000000191740.jpg
1350.99609375	0.0	image/768	768	691710	train2017/000000189888.jpg
1352.552734375	0.0	image/823	823	692507	train2017/000000204422.jpg
1353.349609375	0.0	image/778	778	692915	train2017/000000191686.jpg
1354.169921875	0.0	image/723	723	693335	train2017/000000439241.jpg
1355.00390625	0.0	image/828	828	693762	train2017/000000468394.jpg
1355.83203125	0.0	image/786	786	694186	train2017/000000193023.jpg
1356.63671875	0.0	image/755	755	694598	train2017/000000055764.jpg
1357.431640625	0.0	image/783	783	695005	train2017/000000454915.jpg
1358.205078125	0.0	image/810	810	695401	train2017/000000200391.jpg
1359.8046875	0.0	image/731	731	696220	train2017/000000179034.jpg
1361.439453125	0.0	image/802	802	697057	train2017/000000197118.jpg
1362.23828125	0.0	image/777	777	697466	train2017/000000453682.jpg
1363.056640625	0.0	image/780	780	697885	train2017/000000192576.jpg
1363.83984375	0.0	image/816	816	698286	train2017/000000464616.jpg
1364.673828125	0.0	image/802	802	698713	train2017/000000197118.jpg
1365.50390625	0.0	image/721	721	699138	train2017/000000176873.jpg
1367.107421875	0.0	image/801	801	699959	train2017/000000459190.jpg
1367.908203125	0.0	image/727	727	700369	train2017/000000440792.jpg
1368.740234375	0.0	image/815	815	700795	train2017/000000202050.jpg
1369.568359375	0.0	image/796	796	701219	train2017/000000338501.jpg
1370.357421875	0.0	image/824	824	701623	train2017/000000204806.jpg
1371.17578125	0.0	image/799	799	702042	train2017/000000196368.jpg
1372.0078125	0.0	image/823	823	702468	train2017/000000204422.jpg
1372.8359375	0.0	image/762	762	702892	train2017/000000188660.jpg
1374.4765625	0.0	image/734	734	703732	train2017/000000442489.jpg
1375.25390625	0.0	image/733	733	704130	train2017/000000179914.jpg
1376.037109375	0.0	image/761	761	704531	train2017/000000188225.jpg
1376.826171875	0.0	image/770	770	704935	train2017/000000452341.jpg
1377.66015625	0.0	image/827	827	705362	train2017/000000296474.jpg
1378.4765625	0.0	image/818	818	705780	train2017/000000465412.jpg
1380.09375	0.0	image/728	728	706608	train2017/000000395740.jpg
1380.923828125	0.0	image/752	752	707033	train2017/000000036151.jpg
1382.49609375	0.0	image/790	790	707838	train2017/000000455799.jpg
1383.294921875	0.0	image/750	750	708247	train2017/000000447182.jpg
1384.11328125	0.0	image/818	818	708666	train2017/000000465412.jpg
1384.9453125	0.0	image/792	792	709092	train2017/000000194108.jpg
1385.73046875	0.0	image/738	738	709494	train2017/000000204969.jpg
1386.529296875	0.0	image/813	813	709903	train2017/000000557920.jpg
1387.34765625	0.0	image/811	811	710322	train2017/000000201722.jpg
1388.125	0.0	image/740	740	710720	train2017/000000161354.jpg
1388.908203125	0.0	image/803	803	711121	train2017/000000197401.jpg
1389.681640625	0.0	image/791	791	711517	train2017/000000194054.jpg
1390.498046875	0.0	image/798	798	711935	train2017/000000196365.jpg
1391.29296875	0.0	image/784	784	712342	train2017/000000455020.jpg
1392.865234375	0.0	image/741	741	713147	train2017/000000443940.jpg
1393.642578125	0.0	image/785	785	713545	train2017/000000119550.jpg
1394.431640625	0.0	image/832	832	713949	train2017/000000203615.jpg
1395.232421875	0.0	image/735	735	714359	train2017/000000180410.jpg
1396.06640625	0.0	image/810	810	714786	train2017/000000200391.jpg
1396.8828125	0.0	image/757	757	715204	train2017/000000442666.jpg
1397.693359375	0.0	image/750	750	715619	train2017/000000447182.jpg
1398.5	0.0	image/759	759	716032	train2017/000000449914.jpg
1399.294921875	0.0	image/797	797	716439	train2017/000000458178.jpg
1400.099609375	0.0	image/826	826	716851	train2017/000000205875.jpg
1400.87890625	0.0	image/737	737	717250	train2017/000000443377.jpg
1401.701171875	0.0	image/829	829	717671	train2017/000000206467.jpg
1402.53515625	0.0	image/789	789	718098	train2017/000000455657.jpg
1403.361328125	0.0	image/760	760	718521	train2017/000000276853.jpg
1404.16796875	0.0	image/837	837	718934	train2017/000000208805.jpg
1405.78515625	0.0	image/746	746	719762	train2017/000000445726.jpg
1406.595703125	0.0	image/834	834	720177	train2017/000000469816.jpg
1407.419921875	0.0	image/769	769	720599	train2017/000000189893.jpg
1408.21875	0.0	image/732	732	721008	train2017/000000179480.jpg
1409.037109375	0.0	image/814	814	721427	train2017/000000201969.jpg
1409.84765625	0.0	image/798	798	721842	train2017/000000196365.jpg
1410.63671875	0.0	image/764	764	722246	train2017/000000450903.jpg
1411.470703125	0.0	image/840	840	722673	train2017/000000471871.jpg
1412.248046875	0.0	image/775	775	723071	train2017/000000453221.jpg
1413.021484375	0.0	image/812	812	723467	train2017/000000201758.jpg
1413.8046875	0.0	image/788	788	723868	train2017/000000193373.jpg
1414.599609375	0.0	image/770	770	724275	train2017/000000452341.jpg
1415.365234375	0.0	image/807	807	724667	train2017/000000397815.jpg
1416.189453125	0.0	image/765	765	725089	train2017/000000450914.jpg
1416.966796875	0.0	image/776	776	725487	train2017/000000468771.jpg
1418.6171875	0.0	image/751	751	726332	train2017/000000185225.jpg
1419.40234375	0.0	image/800	800	726734	train2017/000000458616.jpg
1420.20703125	0.0	image/822	822	727146	train2017/000000466265.jpg
1420.990234375	0.0	image/832	832	727547	train2017/000000203615.jpg
1422.556640625	0.0	image/836	836	728349	train2017/000000470907.jpg
1424.140625	0.0	image/724	724	729160	train2017/000000178031.jpg
1424.96875	0.0	image/755	755	729584	train2017/000000055764.jpg
1425.7578125	0.0	image/738	738	729988	train2017/000000204969.jpg
1426.5703125	0.0	image/773	773	730404	train2017/000000303133.jpg
1427.392578125	0.0	image/803	803	730825	train2017/000000197401.jpg
1428.17578125	0.0	image/749	749	731226	train2017/000000447130.jpg
1429.80859375	0.0	image/730	730	732062	train2017/000000441172.jpg
1430.62109375	0.0	image/758	758	732478	train2017/000000186828.jpg
1431.41015625	0.0	image/763	763	732882	train2017/000000450864.jpg
1432.2265625	0.0	image/835	835	733300	train2017/000000129143.jpg
1433.060546875	0.0	image/787	787	733727	train2017/000000193318.jpg
1433.876953125	0.0	image/775	775	734145	train2017/000000453221.jpg
1434.66015625	0.0	image/801	801	734546	train2017/000000459190.jpg
1435.478515625	0.0	image/820	820	734965	train2017/000000203937.jpg
1436.27734375	0.0	image/836	836	735374	train2017/000000470907.jpg
1437.095703125	0.0	image/746	746	735793	train2017/000000445726.jpg
1437.921875	0.0	image/748	748	736216	train2017/000000184822.jpg
1438.70703125	0.0	image/747	747	736618	train2017/000000183719.jpg
1440.3125	0.0	image/808	808	737440	train2017/000000461428.jpg
1441.9296875	0.0	image/760	760	738268	train2017/000000276853.jpg
1442.724609375	0.0	image/772	772	738675	train2017/000000190487.jpg
1443.5078125	0.0	image/749	749	739076	train2017/000000447130.jpg
1444.28125	0.0	image/825	825	739472	train2017/000000467646.jpg
1445.064453125	0.0	image/822	822	739873	train2017/000000466265.jpg
1445.896484375	0.0	image/767	767	740299	train2017/000000189794.jpg
1446.724609375	0.0	image/722	722	740723	train2017/000000073172.jpg
1447.4921875	0.0	image/790	790	741116	train2017/000000455799.jpg
1449.08203125	0.0	image/781	781	741930	train2017/000000192631.jpg
1449.8828125	0.0	image/805	805	742340	train2017/000000460408.jpg
1450.716796875	0.0	image/774	774	742767	train2017/000000191005.jpg
1451.5	0.0	image/767	767	743168	train2017/000000189794.jpg
1453.083984375	0.0	image/833	833	743979	train2017/000000207549.jpg
1453.89453125	0.0	image/742	742	744394	train2017/000000181837.jpg
1454.701171875	0.0	image/794	794	744807	train2017/000000195650.jpg
1455.478515625	0.0	image/732	732	745205	train2017/000000179480.jpg
1456.267578125	0.0	image/729	729	745609	train2017/000000179019.jpg
1457.8671875	0.0	image/815	815	746428	train2017/000000202050.jpg
1458.6953125	0.0	image/745	745	746852	train2017/000000445351.jpg
1459.462890625	0.0	image/807	807	747245	train2017/000000397815.jpg
1461.068359375	0.0	image/744	744	748067	train2017/000000182799.jpg
1461.86328125	0.0	image/729	729	748474	train2017/000000179019.jpg
1462.669921875	0.0	image/724	724	748887	train2017/000000178031.jpg
1463.494140625	0.0	image/722	722	749309	train2017/000000073172.jpg
1464.244140625	0.0	image/728	728	749693	train2017/000000395740.jpg
1465.01171875	0.0	image/736	736	750086	train2017/000000180609.jpg
1465.787109375	0.0	image/725	725	750483	train2017/000000440334.jpg
1466.603515625	0.0	image/793	793	750901	train2017/000000338439.jpg
1467.4375	0.0	image/814	814	751328	train2017/000000201969.jpg
1468.220703125	0.0	image/739	739	751729	train2017/000000443575.jpg
1468.99609375	0.0	image/736	736	752126	train2017/000000180609.jpg
1469.765625	0.0	image/820	820	752520	train2017/000000203937.jpg
1470.533203125	0.0	image/763	763	752913	train2017/000000450864.jpg
1471.337890625	0.0	image/737	737	753325	train2017/000000443377.jpg
1472.123046875	0.0	image/754	754	753727	train2017/000000185888.jpg
1472.916015625	0.0	image/721	721	754133	train2017/000000176873.jpg
1474.498046875	0.0	image/725	725	754943	train2017/000000440334.jpg
1475.2734375	0.0	image/809	809	755340	train2017/000000462505.jpg
1476.052734375	0.0	image/761	761	755739	train2017/000000188225.jpg
1476.8671875	0.0	image/739	739	756156	train2017/000000443575.jpg
1477.640625	0.0	image/781	781	756552	train2017/000000192631.jpg
1478.451171875	0.0	image/819	819	756967	train2017/000000298139.jpg
1479.2734375	0.0	image/743	743	757388	train2017/000000189388.jpg
1480.107421875	0.0	image/811	811	757815	train2017/000000201722.jpg
1480.94140625	0.0	image/740	740	758242	train2017/000000161354.jpg
1481.7421875	0.0	image/805	805	758652	train2017/000000460408.jpg
1482.576171875	0.0	image/782	782	759079	train2017/000000454830.jpg
1483.392578125	0.0	image/764	764	759497	train2017/000000450903.jpg
1484.169921875	0.0	image/831	831	759895	train2017/000000469445.jpg
1484.9375	0.0	image/784	784	760288	train2017/000000455020.jpg
1485.7265625	0.0	image/828	828	760692	train2017/000000468394.jpg
1486.560546875	0.0	image/756	756	761119	train2017/000000448401.jpg
1487.392578125	0.0	image/840	840	761545	train2017/000000471871.jpg
1488.171875	0.0	image/792	792	761944	train2017/000000194108.jpg
1488.95703125	0.0	image/752	752	762346	train2017/000000036151.jpg
1489.77734375	0.0	image/824	824	762766	train2017/000000204806.jpg
1490.587890625	0.0	image/794	794	763181	train2017/000000195650.jpg
1491.39453125	0.0	image/837	837	763594	train2017/000000208805.jpg
1492.224609375	0.0	image/778	778	764019	train2017/000000191686.jpg
1493.044921875	0.0	image/838	838	764439	train2017/000000208849.jpg
1493.875	0.0	image/730	730	764864	train2017/000000441172.jpg
1495.490234375	0.0	image/817	817	765691	train2017/000000202805.jpg
1496.279296875	0.0	image/765	765	766095	train2017/000000450914.jpg
1497.095703125	0.0	image/816	816	766513	train2017/000000464616.jpg
1497.908203125	0.0	image/773	773	766929	train2017/000000303133.jpg
1498.73046875	0.0	image/795	795	767350	train2017/000000195768.jpg
1499.564453125	0.0	image/733	733	767777	train2017/000000179914.jpg
1500.380859375	0.0	image/785	785	768195	train2017/000000119550.jpg
1501.98046875	0.0	image/809	809	769014	train2017/000000462505.jpg
1502.78125	0.0	image/791	791	769424	train2017/000000194054.jpg
1503.59765625	0.0	image/813	813	769842	train2017/000000557920.jpg
1505.21484375	0.0	image/793	793	770670	train2017/000000338439.jpg
1506.02734375	0.0	image/800	800	771086	train2017/000000458616.jpg
1506.798828125	0.0	image/821	821	771481	train2017/000000077686.jpg
1507.58203125	0.0	image/769	769	771882	train2017/000000189893.jpg
1508.37890625	0.0	image/795	795	772290	train2017/000000195768.jpg
1509.19921875	0.0	image/830	830	772710	train2017/000000468825.jpg
1509.984375	0.0	image/771	771	773112	train2017/000000190271.jpg
1510.77734375	0.0	image/799	799	773518	train2017/000000196368.jpg
1511.583984375	0.0	image/806	806	773931	train2017/000000198319.jpg
1512.3671875	0.0	image/731	731	774332	train2017/000000179034.jpg
1513.1953125	0.0	image/756	756	774756	train2017/000000448401.jpg
1514.001953125	0.0	image/771	771	775169	train2017/000000190271.jpg
1514.818359375	0.0	image/772	772	775587	train2017/000000190487.jpg
1515.6015625	0.0	image/826	826	775988	train2017/000000205875.jpg
1516.412109375	0.0	image/766	766	776403	train2017/000000451680.jpg
1517.1796875	0.0	image/745	745	776796	train2017/000000445351.jpg
1525.123046875	0.0	image/891	891	780863	train2017/000000224869.jpg
1525.93359375	0.0	image/950	950	781278	train2017/000000502470.jpg
1527.5234375	0.0	image/868	868	782092	train2017/000000444880.jpg
1528.34765625	0.0	image/899	899	782514	train2017/000000168803.jpg
1529.173828125	0.0	image/959	959	782937	train2017/000000505486.jpg
1529.974609375	0.0	image/875	875	783347	train2017/000000482858.jpg
1530.806640625	0.0	image/871	871	783773	train2017/000000480990.jpg
1531.591796875	0.0	image/946	946	784175	train2017/000000501867.jpg
1532.357421875	0.0	image/865	865	784567	train2017/000000035972.jpg
1533.169921875	0.0	image/887	887	784983	train2017/000000561677.jpg
1533.974609375	0.0	image/862	862	785395	train2017/000000215023.jpg
1534.7578125	0.0	image/954	954	785796	train2017/000000040187.jpg
1535.5703125	0.0	image/960	960	786212	train2017/000000505592.jpg
1536.359375	0.0	image/928	928	786616	train2017/000000233104.jpg
1537.142578125	0.0	image/926	926	787017	train2017/000000232648.jpg
1537.970703125	0.0	image/952	952	787441	train2017/000000502860.jpg
1539.54296875	0.0	image/876	876	788246	train2017/000000482912.jpg
1540.3046875	0.0	image/952	952	788636	train2017/000000502860.jpg
1541.09375	0.0	image/953	953	789040	train2017/000000241026.jpg
1541.921875	0.0	image/955	955	789464	train2017/000000112805.jpg
1542.705078125	0.0	image/939	939	789865	train2017/000000499627.jpg
1543.498046875	0.0	image/846	846	790271	train2017/000000474024.jpg
1544.294921875	0.0	image/913	913	790679	train2017/000000356810.jpg
1545.10546875	0.0	image/935	935	791094	train2017/000000082945.jpg
1545.87890625	0.0	image/957	957	791490	train2017/000000242631.jpg
1546.712890625	0.0	image/865	865	791917	train2017/000000035972.jpg
1547.525390625	0.0	image/907	907	792333	train2017/000000228133.jpg
1548.330078125	0.0	image/904	904	792745	train2017/000000227733.jpg
1549.11328125	0.0	image/940	940	793146	train2017/000000499730.jpg
1549.896484375	0.0	image/844	844	793547	train2017/000000341033.jpg
1550.6796875	0.0	image/857	857	793948	train2017/000000213988.jpg
1551.48046875	0.0	image/860	860	794358	train2017/000000476481.jpg
1552.30859375	0.0	image/893	893	794782	train2017/000000225383.jpg
1553.115234375	0.0	image/870	870	795195	train2017/000000480601.jpg
1553.8984375	0.0	image/872	872	795596	train2017/000000429887.jpg
1555.46484375	0.0	image/856	856	796398	train2017/000000213288.jpg
1556.28125	0.0	image/956	956	796816	train2017/000000242133.jpg
1557.099609375	0.0	image/854	854	797235	train2017/000000475236.jpg
1557.900390625	0.0	image/945	945	797645	train2017/000000501739.jpg
1558.68359375	0.0	image/921	921	798046	train2017/000000231102.jpg
1559.4609375	0.0	image/955	955	798444	train2017/000000112805.jpg
1560.27734375	0.0	image/872	872	798862	train2017/000000429887.jpg
1561.05078125	0.0	image/937	937	799258	train2017/000000498615.jpg
1561.849609375	0.0	image/920	920	799667	train2017/000000300622.jpg
1562.666015625	0.0	image/884	884	800085	train2017/000000485605.jpg
1563.5	0.0	image/873	873	800512	train2017/000000429902.jpg
1564.294921875	0.0	image/870	870	800919	train2017/000000480601.jpg
1565.8515625	0.0	image/900	900	801716	train2017/000000488658.jpg
1566.65234375	0.0	image/935	935	802126	train2017/000000082945.jpg
1567.4296875	0.0	image/885	885	802524	train2017/000000223718.jpg
1568.197265625	0.0	image/874	874	802917	train2017/000000561006.jpg
1569.818359375	0.0	image/944	944	803747	train2017/000000239337.jpg
1570.619140625	0.0	image/922	922	804157	train2017/000000235479.jpg
1571.4140625	0.0	image/847	847	804564	train2017/000000207833.jpg
1573.01953125	0.0	image/910	910	805386	train2017/000000228565.jpg
1573.8203125	0.0	image/853	853	805796	train2017/000000474827.jpg
1574.619140625	0.0	image/841	841	806205	train2017/000000034961.jpg
1575.421875	0.0	image/866	866	806616	train2017/000000216029.jpg
1576.216796875	0.0	image/932	932	807023	train2017/000000233580.jpg
1577.021484375	0.0	image/909	909	807435	train2017/000000228380.jpg
1577.85546875	0.0	image/947	947	807862	train2017/000000501926.jpg
1578.66796875	0.0	image/933	933	808278	train2017/000000233873.jpg
1579.47265625	0.0	image/905	905	808690	train2017/000000227843.jpg
1580.30078125	0.0	image/925	925	809114	train2017/000000494552.jpg
1581.08984375	0.0	image/848	848	809518	train2017/000000474353.jpg
1581.90625	0.0	image/912	912	809936	train2017/000000491611.jpg
1582.685546875	0.0	image/909	909	810335	train2017/000000228380.jpg
1584.291015625	0.0	image/938	938	811157	train2017/000000237093.jpg
1585.107421875	0.0	image/873	873	811575	train2017/000000429902.jpg
1585.935546875	0.0	image/878	878	811999	train2017/000000167908.jpg
1586.7578125	0.0	image/924	924	812420	train2017/000000232277.jpg
1587.541015625	0.0	image/896	896	812821	train2017/000000225750.jpg
1588.353515625	0.0	image/923	923	813237	train2017/000000231851.jpg
1589.158203125	0.0	image/842	842	813649	train2017/000000209919.jpg
1589.935546875	0.0	image/915	915	814047	train2017/000000229947.jpg
1590.720703125	0.0	image/895	895	814449	train2017/000000487825.jpg
1591.54296875	0.0	image/934	934	814870	train2017/000000497464.jpg
1592.326171875	0.0	image/927	927	815271	train2017/000000495040.jpg
1593.154296875	0.0	image/864	864	815695	train2017/000000385417.jpg
1593.9609375	0.0	image/890	890	816108	train2017/000000224759.jpg
1594.744140625	0.0	image/877	877	816509	train2017/000000342639.jpg
1595.556640625	0.0	image/890	890	816925	train2017/000000224759.jpg
1596.376953125	0.0	image/847	847	817345	train2017/000000207833.jpg
1597.2109375	0.0	image/878	878	817772	train2017/000000167908.jpg
1598.02734375	0.0	image/889	889	818190	train2017/000000224396.jpg
1598.83984375	0.0	image/914	914	818606	train2017/000000492037.jpg
1600.474609375	0.0	image/903	903	819443	train2017/000000227451.jpg
1601.279296875	0.0	image/861	861	819855	train2017/000000560054.jpg
1602.08984375	0.0	image/859	859	820270	train2017/000000476380.jpg
1602.908203125	0.0	image/884	884	820689	train2017/000000485605.jpg
1603.697265625	0.0	image/906	906	821093	train2017/000000227928.jpg
1604.48046875	0.0	image/867	867	821494	train2017/000000479035.jpg
1605.275390625	0.0	image/885	885	821901	train2017/000000223718.jpg
1606.09765625	0.0	image/910	910	822322	train2017/000000228565.jpg
1606.927734375	0.0	image/912	912	822747	train2017/000000491611.jpg
1607.748046875	0.0	image/845	845	823167	train2017/000000211198.jpg
1608.55859375	0.0	image/917	917	823582	train2017/000000354185.jpg
1609.34765625	0.0	image/943	943	823986	train2017/000000238201.jpg
1610.158203125	0.0	image/888	888	824401	train2017/000000486503.jpg
1610.92578125	0.0	image/917	917	824794	train2017/000000354185.jpg
1611.71484375	0.0	image/854	854	825198	train2017/000000475236.jpg
1612.498046875	0.0	image/936	936	825599	train2017/000000497797.jpg
1613.283203125	0.0	image/902	902	826001	train2017/000000227307.jpg
1614.115234375	0.0	image/863	863	826427	train2017/000000215291.jpg
1614.900390625	0.0	image/916	916	826829	train2017/000000038370.jpg
1615.693359375	0.0	image/897	897	827235	train2017/000000430850.jpg
1616.466796875	0.0	image/905	905	827631	train2017/000000227843.jpg
1617.283203125	0.0	image/942	942	828049	train2017/000000238001.jpg
1618.1171875	0.0	image/887	887	828476	train2017/000000561677.jpg
1618.91796875	0.0	image/869	869	828886	train2017/000000294744.jpg
1619.7109375	0.0	image/932	932	829292	train2017/000000233580.jpg
1620.53515625	0.0	image/901	901	829714	train2017/000000007567.jpg
1621.369140625	0.0	image/907	907	830141	train2017/000000228133.jpg
1622.1796875	0.0	image/956	956	830556	train2017/000000242133.jpg
1623.001953125	0.0	image/902	902	830977	train2017/000000227307.jpg
1623.798828125	0.0	image/925	925	831385	train2017/000000494552.jpg
1624.568359375	0.0	image/877	877	831779	train2017/000000342639.jpg
1625.353515625	0.0	image/941	941	832181	train2017/000000237697.jpg
1626.13671875	0.0	image/866	866	832582	train2017/000000216029.jpg
1626.931640625	0.0	image/899	899	832989	train2017/000000168803.jpg
1627.75390625	0.0	image/923	923	833410	train2017/000000231851.jpg
1628.564453125	0.0	image/914	914	833825	train2017/000000492037.jpg
1629.37109375	0.0	image/936	936	834238	train2017/000000497797.jpg
1630.1875	0.0	image/958	958	834656	train2017/000000433657.jpg
1631.8203125	0.0	image/898	898	835492	train2017/000000488406.jpg
1632.6328125	0.0	image/921	921	835908	train2017/000000231102.jpg
1633.455078125	0.0	image/930	930	836329	train2017/000000344729.jpg
1634.23828125	0.0	image/948	948	836730	train2017/000000502058.jpg
1635.056640625	0.0	image/888	888	837149	train2017/000000486503.jpg
1636.65625	0.0	image/934	934	837968	train2017/000000497464.jpg
1637.490234375	0.0	image/844	844	838395	train2017/000000341033.jpg
1638.302734375	0.0	image/957	957	838811	train2017/000000242631.jpg
1639.10546875	0.0	image/869	869	839222	train2017/000000294744.jpg
1639.890625	0.0	image/926	926	839624	train2017/000000232648.jpg
1640.69140625	0.0	image/851	851	840034	train2017/000000474545.jpg
1641.5078125	0.0	image/944	944	840452	train2017/000000239337.jpg
1642.291015625	0.0	image/896	896	840853	train2017/000000225750.jpg
1643.103515625	0.0	image/881	881	841269	train2017/000000222921.jpg
1644.7421875	0.0	image/855	855	842108	train2017/000000122923.jpg
1646.341796875	0.0	image/853	853	842927	train2017/000000474827.jpg
1647.125	0.0	image/846	846	843328	train2017/000000474024.jpg
1647.904296875	0.0	image/862	862	843727	train2017/000000215023.jpg
1648.720703125	0.0	image/858	858	844145	train2017/000000214059.jpg
1649.494140625	0.0	image/893	893	844541	train2017/000000225383.jpg
1650.310546875	0.0	image/954	954	844959	train2017/000000040187.jpg
1651.123046875	0.0	image/842	842	845375	train2017/000000209919.jpg
1651.904296875	0.0	image/868	868	845775	train2017/000000444880.jpg
1652.6875	0.0	image/928	928	846176	train2017/000000233104.jpg
1654.310546875	0.0	image/898	898	847007	train2017/000000488406.jpg
1655.12890625	0.0	image/920	920	847426	train2017/000000300622.jpg
1655.912109375	0.0	image/843	843	847827	train2017/000000210065.jpg
1657.478515625	0.0	image/929	929	848629	train2017/000000495387.jpg
1659.09765625	0.0	image/848	848	849458	train2017/000000474353.jpg
1659.9296875	0.0	image/883	883	849884	train2017/000000223447.jpg
1660.7578125	0.0	image/959	959	850308	train2017/000000505486.jpg
1661.564453125	0.0	image/927	927	850721	train2017/000000495040.jpg
1662.392578125	0.0	image/895	895	851145	train2017/000000487825.jpg
1663.177734375	0.0	image/903	903	851547	train2017/000000227451.jpg
1663.96484375	0.0	image/933	933	851950	train2017/000000233873.jpg
1664.775390625	0.0	image/863	863	852365	train2017/000000215291.jpg
1665.55859375	0.0	image/948	948	852766	train2017/000000502058.jpg
1666.380859375	0.0	image/918	918	853187	train2017/000000230422.jpg
1667.19921875	0.0	image/951	951	853606	train2017/000000214821.jpg
1668.03125	0.0	image/883	883	854032	train2017/000000223447.jpg
1668.865234375	0.0	image/858	858	854459	train2017/000000214059.jpg
1669.68359375	0.0	image/938	938	854878	train2017/000000237093.jpg
1670.494140625	0.0	image/913	913	855293	train2017/000000356810.jpg
1671.30078125	0.0	image/880	880	855706	train2017/000000484300.jpg
1672.083984375	0.0	image/875	875	856107	train2017/000000482858.jpg
1672.861328125	0.0	image/859	859	856505	train2017/000000476380.jpg
1673.68359375	0.0	image/942	942	856926	train2017/000000238001.jpg
1674.517578125	0.0	image/960	960	857353	train2017/000000505592.jpg
1676.146484375	0.0	image/892	892	858187	train2017/000000225113.jpg
1676.951171875	0.0	image/911	911	858599	train2017/000000229456.jpg
1677.779296875	0.0	image/951	951	859023	train2017/000000214821.jpg
1678.580078125	0.0	image/886	886	859433	train2017/000000386856.jpg
1679.369140625	0.0	image/931	931	859837	train2017/000000495568.jpg
1680.15234375	0.0	image/841	841	860238	train2017/000000034961.jpg
1680.947265625	0.0	image/945	945	860645	train2017/000000501739.jpg
1681.75390625	0.0	image/879	879	861058	train2017/000000221441.jpg
1682.564453125	0.0	image/880	880	861473	train2017/000000484300.jpg
1683.3359375	0.0	image/891	891	861868	train2017/000000224869.jpg
1684.154296875	0.0	image/850	850	862287	train2017/000000212380.jpg
1684.986328125	0.0	image/856	856	862713	train2017/000000213288.jpg
1685.765625	0.0	image/901	901	863112	train2017/000000007567.jpg
1686.5703125	0.0	image/861	861	863524	train2017/000000560054.jpg
1687.404296875	0.0	image/843	843	863951	train2017/000000210065.jpg
1688.205078125	0.0	image/906	906	864361	train2017/000000227928.jpg
1689.033203125	0.0	image/852	852	864785	train2017/000000212440.jpg
1689.85546875	0.0	image/947	947	865206	train2017/000000501926.jpg
1690.666015625	0.0	image/924	924	865621	train2017/000000232277.jpg
1691.47265625	0.0	image/892	892	866034	train2017/000000225113.jpg
1692.2734375	0.0	image/918	918	866444	train2017/000000230422.jpg
1693.08984375	0.0	image/894	894	866862	train2017/000000225533.jpg
1693.90625	0.0	image/919	919	867280	train2017/000000492627.jpg
1695.5234375	0.0	image/855	855	868108	train2017/000000122923.jpg
1696.306640625	0.0	image/949	949	868509	train2017/000000240278.jpg
1697.119140625	0.0	image/889	889	868925	train2017/000000224396.jpg
1697.923828125	0.0	image/874	874	869337	train2017/000000561006.jpg
1698.7421875	0.0	image/908	908	869756	train2017/000000228316.jpg
1699.537109375	0.0	image/850	850	870163	train2017/000000212380.jpg
1700.353515625	0.0	image/939	939	870581	train2017/000000499627.jpg
1701.158203125	0.0	image/911	911	870993	train2017/000000229456.jpg
1701.943359375	0.0	image/871	871	871395	train2017/000000480990.jpg
1702.775390625	0.0	image/849	849	871821	train2017/000000212229.jpg
1703.59375	0.0	image/919	919	872240	train2017/000000492627.jpg
1704.404296875	0.0	image/882	882	872655	train2017/000000485113.jpg
1705.171875	0.0	image/916	916	873048	train2017/000000038370.jpg
1705.978515625	0.0	image/900	900	873461	train2017/000000488658.jpg
1706.77734375	0.0	image/941	941	873870	train2017/000000237697.jpg
1707.572265625	0.0	image/860	860	874277	train2017/000000476481.jpg
1708.376953125	0.0	image/949	949	874689	train2017/000000240278.jpg
1709.15625	0.0	image/904	904	875088	train2017/000000227733.jpg
1709.95703125	0.0	image/937	937	875498	train2017/000000498615.jpg
1711.578125	0.0	image/931	931	876328	train2017/000000495568.jpg
1712.412109375	0.0	image/867	867	876755	train2017/000000479035.jpg
1713.1953125	0.0	image/864	864	877156	train2017/000000385417.jpg
1713.978515625	0.0	image/876	876	877557	train2017/000000482912.jpg
1714.794921875	0.0	image/958	958	877975	train2017/000000433657.jpg
1716.4296875	0.0	image/915	915	878812	train2017/000000229947.jpg
1717.23046875	0.0	image/953	953	879222	train2017/000000241026.jpg
1718.04296875	0.0	image/894	894	879638	train2017/000000225533.jpg
1718.830078125	0.0	image/908	908	880041	train2017/000000228316.jpg
1719.630859375	0.0	image/943	943	880451	train2017/000000238201.jpg
1721.21484375	0.0	image/897	897	881262	train2017/000000430850.jpg
1722.04296875	0.0	image/886	886	881686	train2017/000000386856.jpg
1723.666015625	0.0	image/879	879	882517	train2017/000000221441.jpg
1724.4765625	0.0	image/882	882	882932	train2017/000000485113.jpg
1725.244140625	0.0	image/852	852	883325	train2017/000000212440.jpg
1726.05078125	0.0	image/946	946	883738	train2017/000000501867.jpg
1726.861328125	0.0	image/950	950	884153	train2017/000000502470.jpg
1728.5	0.0	image/851	851	884992	train2017/000000474545.jpg
1729.27734375	0.0	image/857	857	885390	train2017/000000213988.jpg
1730.068359375	0.0	image/845	845	885795	train2017/000000211198.jpg
1730.8671875	0.0	image/881	881	886204	train2017/000000222921.jpg
1731.6953125	0.0	image/922	922	886628	train2017/000000235479.jpg
1733.333984375	0.0	image/940	940	887467	train2017/000000499730.jpg
1734.119140625	0.0	image/849	849	887869	train2017/000000212229.jpg
1735.685546875	0.0	image/930	930	888671	train2017/000000344729.jpg
1736.486328125	0.0	image/929	929	889081	train2017/000000495387.jpg
1744.021484375	0.0	image/86	86	892939	train2017/000000539879.jpg
1744.798828125	0.0	image/51	51	893337	train2017/000000008027.jpg
1746.353515625	0.0	image/119	119	894133	train2017/000000545950.jpg
1747.154296875	0.0	image/62	62	894543	train2017/000000010903.jpg
1747.931640625	0.0	image/76	76	894941	train2017/000000275902.jpg
1748.734375	0.0	image/48	48	895352	train2017/000000011299.jpg
1749.521484375	0.0	image/4	4	895755	train2017/000000524646.jpg
1750.33984375	0.0	image/107	107	896174	train2017/000000543254.jpg
1751.15625	0.0	image/68	68	896592	train2017/000000535871.jpg
1751.990234375	0.0	image/117	117	897019	train2017/000000396793.jpg
1752.7734375	0.0	image/58	58	897420	train2017/000000534259.jpg
1753.58984375	0.0	image/73	73	897838	train2017/000000537393.jpg
1754.390625	0.0	image/81	81	898248	train2017/000000539340.jpg
1755.173828125	0.0	image/18	18	898649	train2017/000000264735.jpg
1755.95703125	0.0	image/95	95	899050	train2017/000000016898.jpg
1756.76953125	0.0	image/88	88	899466	train2017/000000540538.jpg
1757.53515625	0.0	image/5	5	899858	train2017/000000262690.jpg
1758.32421875	0.0	image/84	84	900262	train2017/000000570543.jpg
1759.138671875	0.0	image/113	113	900679	train2017/000000545160.jpg
1759.953125	0.0	image/76	76	901096	train2017/000000275902.jpg
1760.7421875	0.0	image/3	3	901500	train2017/000000262414.jpg
1761.552734375	0.0	image/2	2	901915	train2017/000000262239.jpg
1762.375	0.0	image/42	42	902336	train2017/000000268659.jpg
1763.203125	0.0	image/4	4	902760	train2017/000000524646.jpg
1763.98828125	0.0	image/72	72	903162	train2017/000000274978.jpg
1764.77734375	0.0	image/78	78	903566	train2017/000000013969.jpg
1765.60546875	0.0	image/114	114	903990	train2017/000000571485.jpg
1766.388671875	0.0	image/23	23	904391	train2017/000000265150.jpg
1767.193359375	0.0	image/8	8	904803	train2017/000000000625.jpg
1768.77734375	0.0	image/16	16	905614	train2017/000000002270.jpg
1769.578125	0.0	image/74	74	906024	train2017/000000275663.jpg
1770.40625	0.0	image/55	55	906448	train2017/000000533231.jpg
1771.212890625	0.0	image/106	106	906861	train2017/000000280808.jpg
1772.029296875	0.0	image/42	42	907279	train2017/000000268659.jpg
1772.8125	0.0	image/65	65	907680	train2017/000000273147.jpg
1773.61328125	0.0	image/83	83	908090	train2017/000000277524.jpg
1774.40625	0.0	image/69	69	908496	train2017/000000011856.jpg
1775.19140625	0.0	image/112	112	908898	train2017/000000544926.jpg
1776.013671875	0.0	image/40	40	909319	train2017/000000268114.jpg
1776.841796875	0.0	image/78	78	909743	train2017/000000013969.jpg
1777.646484375	0.0	image/87	87	910155	train2017/000000300383.jpg
1778.423828125	0.0	image/91	91	910553	train2017/000000540735.jpg
1779.98046875	0.0	image/75	75	911350	train2017/000000399878.jpg
1780.78125	0.0	image/73	73	911760	train2017/000000537393.jpg
1781.59765625	0.0	image/13	13	912178	train2017/000000525932.jpg
1782.396484375	0.0	image/15	15	912587	train2017/000000264396.jpg
1783.181640625	0.0	image/100	100	912989	train2017/000000541856.jpg
1784.01171875	0.0	image/45	45	913414	train2017/000000531392.jpg
1784.798828125	0.0	image/53	53	913817	train2017/000000270278.jpg
1785.626953125	0.0	image/61	61	914241	train2017/000000272901.jpg
1786.427734375	0.0	image/63	63	914651	train2017/000000273120.jpg
1787.25	0.0	image/59	59	915072	train2017/000000010046.jpg
1788.0625	0.0	image/97	97	915488	train2017/000000279197.jpg
1788.86328125	0.0	image/90	90	915898	train2017/000000278555.jpg
1789.634765625	0.0	image/94	94	916293	train2017/000000278962.jpg
1790.43359375	0.0	image/100	100	916702	train2017/000000541856.jpg
1791.251953125	0.0	image/2	2	917121	train2017/000000262239.jpg
1792.083984375	0.0	image/43	43	917547	train2017/000000006765.jpg
1792.90234375	0.0	image/111	111	917966	train2017/000000020517.jpg
1793.703125	0.0	image/118	118	918376	train2017/000000283678.jpg
1795.251953125	0.0	image/32	32	919169	train2017/000000005028.jpg
1796.052734375	0.0	image/102	102	919579	train2017/000000018078.jpg
1796.8359375	0.0	image/85	85	919980	train2017/000000539705.jpg
1797.6328125	0.0	image/83	83	920388	train2017/000000277524.jpg
1798.416015625	0.0	image/20	20	920789	train2017/000000526980.jpg
1799.220703125	0.0	image/67	67	921201	train2017/000000011358.jpg
1800.015625	0.0	image/14	14	921608	train2017/000000264244.jpg
1800.8046875	0.0	image/70	70	922012	train2017/000000536786.jpg
1801.587890625	0.0	image/54	54	922413	train2017/000000532753.jpg
1802.400390625	0.0	image/51	51	922829	train2017/000000008027.jpg
1803.1875	0.0	image/105	105	923232	train2017/000000280764.jpg
1804.85546875	0.0	image/35	35	924086	train2017/000000267647.jpg
1805.65625	0.0	image/110	110	924496	train2017/000000019863.jpg
1806.455078125	0.0	image/106	106	924905	train2017/000000280808.jpg
1807.236328125	0.0	image/92	92	925305	train2017/000000278714.jpg
1808.005859375	0.0	image/79	79	925699	train2017/000000276664.jpg
1808.82421875	0.0	image/113	113	926118	train2017/000000545160.jpg
1810.390625	0.0	image/54	54	926920	train2017/000000532753.jpg
1811.19140625	0.0	image/101	101	927330	train2017/000000017967.jpg
1811.990234375	0.0	image/26	26	927739	train2017/000000003521.jpg
1812.80859375	0.0	image/98	98	928158	train2017/000000541472.jpg
1813.607421875	0.0	image/29	29	928567	train2017/000000393907.jpg
1814.42578125	0.0	image/87	87	928986	train2017/000000300383.jpg
1815.251953125	0.0	image/96	96	929409	train2017/000000541258.jpg
1816.01953125	0.0	image/110	110	929802	train2017/000000019863.jpg
1816.787109375	0.0	image/97	97	930195	train2017/000000279197.jpg
1817.576171875	0.0	image/104	104	930599	train2017/000000018367.jpg
1818.359375	0.0	image/12	12	931000	train2017/000000525790.jpg
1819.138671875	0.0	image/44	44	931399	train2017/000000007048.jpg
1819.921875	0.0	image/71	71	931800	train2017/000000536884.jpg
1820.6875	0.0	image/57	57	932192	train2017/000000001625.jpg
1821.4609375	0.0	image/38	38	932588	train2017/000000312536.jpg
1822.259765625	0.0	image/52	52	932997	train2017/000000008053.jpg
1823.087890625	0.0	image/47	47	933421	train2017/000000531828.jpg
1823.91015625	0.0	image/89	89	933842	train2017/000000016314.jpg
1824.6953125	0.0	image/66	66	934244	train2017/000000273250.jpg
1825.51171875	0.0	image/93	93	934662	train2017/000000541077.jpg
1826.33984375	0.0	image/22	22	935086	train2017/000000265023.jpg
1827.125	0.0	image/11	11	935488	train2017/000000263599.jpg
1827.9296875	0.0	image/7	7	935900	train2017/000000000605.jpg
1828.74609375	0.0	image/79	79	936318	train2017/000000276664.jpg
1829.5625	0.0	image/28	28	936736	train2017/000000558788.jpg
1830.37890625	0.0	image/19	19	937154	train2017/000000526968.jpg
1831.212890625	0.0	image/37	37	937581	train2017/000000005684.jpg
1831.99609375	0.0	image/39	39	937982	train2017/000000268008.jpg
1832.79296875	0.0	image/64	64	938390	train2017/000000273138.jpg
1833.55859375	0.0	image/11	11	938782	train2017/000000263599.jpg
1834.330078125	0.0	image/64	64	939177	train2017/000000273138.jpg
1835.130859375	0.0	image/35	35	939587	train2017/000000267647.jpg
1835.908203125	0.0	image/71	71	939985	train2017/000000536884.jpg
1836.71484375	0.0	image/46	46	940398	train2017/000000531515.jpg
1837.498046875	0.0	image/9	9	940799	train2017/000000000650.jpg
1838.310546875	0.0	image/36	36	941215	train2017/000000267699.jpg
1839.943359375	0.0	image/10	10	942051	train2017/000000001308.jpg
1840.7109375	0.0	image/103	103	942444	train2017/000000280484.jpg
1841.533203125	0.0	image/31	31	942865	train2017/000000266622.jpg
1842.310546875	0.0	image/92	92	943263	train2017/000000278714.jpg
1843.111328125	0.0	image/52	52	943673	train2017/000000008053.jpg
1843.900390625	0.0	image/60	60	944077	train2017/000000010710.jpg
1845.48046875	0.0	image/63	63	944886	train2017/000000273120.jpg
1846.251953125	0.0	image/77	77	945281	train2017/000000275938.jpg
1847.068359375	0.0	image/85	85	945699	train2017/000000539705.jpg
1847.8515625	0.0	image/38	38	946100	train2017/000000312536.jpg
1848.646484375	0.0	image/16	16	946507	train2017/000000002270.jpg
1849.453125	0.0	image/116	116	946920	train2017/000000283426.jpg
1850.28125	0.0	image/80	80	947344	train2017/000000538822.jpg
1851.046875	0.0	image/109	109	947736	train2017/000000544060.jpg
1851.81640625	0.0	image/5	5	948130	train2017/000000262690.jpg
1852.603515625	0.0	image/108	108	948533	train2017/000000281330.jpg
1853.400390625	0.0	image/31	31	948941	train2017/000000266622.jpg
1854.181640625	0.0	image/89	89	949341	train2017/000000016314.jpg
1854.986328125	0.0	image/115	115	949753	train2017/000000021095.jpg
1855.8046875	0.0	image/98	98	950172	train2017/000000541472.jpg
1856.603515625	0.0	image/1	1	950581	train2017/000000262145.jpg
1857.388671875	0.0	image/36	36	950983	train2017/000000267699.jpg
1858.171875	0.0	image/6	6	951384	train2017/000000000584.jpg
1858.984375	0.0	image/99	99	951800	train2017/000000271183.jpg
1859.8046875	0.0	image/45	45	952220	train2017/000000531392.jpg
1860.634765625	0.0	image/29	29	952645	train2017/000000393907.jpg
1862.234375	0.0	image/58	58	953464	train2017/000000534259.jpg
1863.03515625	0.0	image/21	21	953874	train2017/000000274108.jpg
1863.806640625	0.0	image/14	14	954269	train2017/000000264244.jpg
1864.634765625	0.0	image/41	41	954693	train2017/000000268418.jpg
1865.40234375	0.0	image/62	62	955086	train2017/000000010903.jpg
1866.224609375	0.0	image/24	24	955507	train2017/000000265453.jpg
1867.041015625	0.0	image/47	47	955925	train2017/000000531828.jpg
1867.857421875	0.0	image/19	19	956343	train2017/000000526968.jpg
1868.640625	0.0	image/50	50	956744	train2017/000000007932.jpg
1869.423828125	0.0	image/61	61	957145	train2017/000000272901.jpg
1870.2421875	0.0	image/57	57	957564	train2017/000000001625.jpg
1871.025390625	0.0	image/33	33	957965	train2017/000000267338.jpg
1871.8359375	0.0	image/20	20	958380	train2017/000000526980.jpg
1872.642578125	0.0	image/82	82	958793	train2017/000000539395.jpg
1873.4375	0.0	image/55	55	959200	train2017/000000533231.jpg
1874.205078125	0.0	image/120	120	959593	train2017/000000021718.jpg
1874.97265625	0.0	image/34	34	959986	train2017/000000005277.jpg
1875.75390625	0.0	image/67	67	960386	train2017/000000011358.jpg
1876.5703125	0.0	image/43	43	960804	train2017/000000006765.jpg
1877.388671875	0.0	image/10	10	961223	train2017/000000001308.jpg
1878.193359375	0.0	image/108	108	961635	train2017/000000281330.jpg
1879.0234375	0.0	image/80	80	962060	train2017/000000538822.jpg
1879.84375	0.0	image/109	109	962480	train2017/000000544060.jpg
1880.673828125	0.0	image/116	116	962905	train2017/000000283426.jpg
1881.4609375	0.0	image/72	72	963308	train2017/000000274978.jpg
1882.26171875	0.0	image/37	37	963718	train2017/000000005684.jpg
1883.845703125	0.0	image/25	25	964529	train2017/000000527618.jpg
1884.62890625	0.0	image/33	33	964930	train2017/000000267338.jpg
1885.412109375	0.0	image/105	105	965331	train2017/000000280764.jpg
1886.24609375	0.0	image/15	15	965758	train2017/000000264396.jpg
1887.080078125	0.0	image/24	24	966185	train2017/000000265453.jpg
1888.697265625	0.0	image/90	90	967013	train2017/000000278555.jpg
1889.494140625	0.0	image/18	18	967421	train2017/000000264735.jpg
1890.296875	0.0	image/117	117	967832	train2017/000000396793.jpg
1891.865234375	0.0	image/102	102	968635	train2017/000000018078.jpg
1892.69921875	0.0	image/21	21	969062	train2017/000000274108.jpg
1893.494140625	0.0	image/41	41	969469	train2017/000000268418.jpg
1894.296875	0.0	image/120	120	969880	train2017/000000021718.jpg
1895.109375	0.0	image/27	27	970296	train2017/000000265745.jpg
1895.89453125	0.0	image/30	30	970698	train2017/000000004442.jpg
1897.51171875	0.0	image/26	26	971526	train2017/000000003521.jpg
1898.283203125	0.0	image/17	17	971921	train2017/000000002372.jpg
1899.076171875	0.0	image/69	69	972327	train2017/000000011856.jpg
1900.6171875	0.0	image/104	104	973116	train2017/000000018367.jpg
1901.431640625	0.0	image/82	82	973533	train2017/000000539395.jpg
1902.251953125	0.0	image/59	59	973953	train2017/000000010046.jpg
1903.0625	0.0	image/39	39	974368	train2017/000000268008.jpg
1904.685546875	0.0	image/8	8	975199	train2017/000000000625.jpg
1905.515625	0.0	image/75	75	975624	train2017/000000399878.jpg
1907.119140625	0.0	image/112	112	976445	train2017/000000544926.jpg
1907.896484375	0.0	image/9	9	976843	train2017/000000000650.jpg
1908.720703125	0.0	image/50	50	977265	train2017/000000007932.jpg
1909.505859375	0.0	image/22	22	977667	train2017/000000265023.jpg
1910.302734375	0.0	image/49	49	978075	train2017/000000219750.jpg
1911.921875	0.0	image/46	46	978904	train2017/000000531515.jpg
1912.73828125	0.0	image/114	114	979322	train2017/000000571485.jpg
1913.548828125	0.0	image/40	40	979737	train2017/000000268114.jpg
1914.333984375	0.0	image/25	25	980139	train2017/000000527618.jpg
1915.154296875	0.0	image/103	103	980559	train2017/000000280484.jpg
1915.951171875	0.0	image/23	23	980967	train2017/000000265150.jpg
1916.771484375	0.0	image/34	34	981387	train2017/000000005277.jpg
1918.322265625	0.0	image/44	44	982181	train2017/000000007048.jpg
1919.140625	0.0	image/119	119	982600	train2017/000000545950.jpg
1919.91796875	0.0	image/49	49	982998	train2017/000000219750.jpg
1920.701171875	0.0	image/74	74	983399	train2017/000000275663.jpg
1921.5078125	0.0	image/111	111	983812	train2017/000000020517.jpg
1922.33984375	0.0	image/107	107	984238	train2017/000000543254.jpg
1923.15234375	0.0	image/115	115	984654	train2017/000000021095.jpg
1924.724609375	0.0	image/91	91	985459	train2017/000000540735.jpg
1925.5078125	0.0	image/60	60	985860	train2017/000000010710.jpg
1926.28515625	0.0	image/12	12	986258	train2017/000000525790.jpg
1927.109375	0.0	image/56	56	986680	train2017/000000008998.jpg
1927.921875	0.0	image/48	48	987096	train2017/000000011299.jpg
1928.7265625	0.0	image/30	30	987508	train2017/000000004442.jpg
1930.310546875	0.0	image/7	7	988319	train2017/000000000605.jpg
1931.142578125	0.0	image/96	96	988745	train2017/000000541258.jpg
1931.9609375	0.0	image/6	6	989164	train2017/000000000584.jpg
1932.77734375	0.0	image/86	86	989582	train2017/000000539879.jpg
1934.376953125	0.0	image/56	56	990401	train2017/000000008998.jpg
1935.177734375	0.0	image/53	53	990811	train2017/000000270278.jpg
1936.005859375	0.0	image/65	65	991235	train2017/000000273147.jpg
1936.8125	0.0	image/27	27	991648	train2017/000000265745.jpg
1938.39453125	0.0	image/81	81	992458	train2017/000000539340.jpg
1939.228515625	0.0	image/13	13	992885	train2017/000000525932.jpg
1940.845703125	0.0	image/101	101	993713	train2017/000000017967.jpg
1941.62890625	0.0	image/68	68	994114	train2017/000000535871.jpg
1942.44140625	0.0	image/93	93	994530	train2017/000000541077.jpg
1943.263671875	0.0	image/77	77	994951	train2017/000000275938.jpg
1944.880859375	0.0	image/17	17	995779	train2017/000000002372.jpg
1945.681640625	0.0	image/95	95	996189	train2017/000000016898.jpg
1946.515625	0.0	image/32	32	996616	train2017/000000005028.jpg
1947.326171875	0.0	image/3	3	997031	train2017/000000262414.jpg
1948.09765625	0.0	image/28	28	997426	train2017/000000558788.jpg
1948.89453125	0.0	image/84	84	997834	train2017/000000570543.jpg
1949.666015625	0.0	image/70	70	998229	train2017/000000536786.jpg
1950.494140625	0.0	image/88	88	998653	train2017/000000540538.jpg
1951.27734375	0.0	image/66	66	999054	train2017/000000273250.jpg
1952.083984375	0.0	image/118	118	999467	train2017/000000283678.jpg
1952.900390625	0.0	image/1	1	999885	train2017/000000262145.jpg
1953.69140625	0.0	image/94	94	1000290	train2017/000000278962.jpg
1954.5	0.0	image/99	99	1000704	train2017/000000271183.jpg
1961.9375	0.0	image/220	220	1004512	train2017/000000569645.jpg
1962.767578125	0.0	image/235	235	1004937	train2017/000000050256.jpg
1963.58203125	0.0	image/132	132	1005354	train2017/000000549830.jpg
1964.353515625	0.0	image/161	161	1005749	train2017/000000293368.jpg
1965.138671875	0.0	image/209	209	1006151	train2017/000000043176.jpg
1965.9375	0.0	image/216	216	1006560	train2017/000000225829.jpg
1966.73828125	0.0	image/197	197	1006970	train2017/000000303392.jpg
1967.5390625	0.0	image/130	130	1007380	train2017/000000548593.jpg
1968.35546875	0.0	image/142	142	1007798	train2017/000000027002.jpg
1969.171875	0.0	image/127	127	1008216	train2017/000000285450.jpg
1969.97265625	0.0	image/167	167	1008626	train2017/000000032809.jpg
1970.767578125	0.0	image/145	145	1009033	train2017/000000027298.jpg
1972.33984375	0.0	image/200	200	1009838	train2017/000000565834.jpg
1973.12109375	0.0	image/221	221	1010238	train2017/000000575701.jpg
1974.7578125	0.0	image/195	195	1011076	train2017/000000040685.jpg
1975.58984375	0.0	image/142	142	1011502	train2017/000000027002.jpg
1976.419921875	0.0	image/153	153	1011927	train2017/000000553586.jpg
1977.2421875	0.0	image/152	152	1012348	train2017/000000553166.jpg
1978.025390625	0.0	image/239	239	1012749	train2017/000000313480.jpg
1978.8203125	0.0	image/167	167	1013156	train2017/000000032809.jpg
1979.642578125	0.0	image/205	205	1013577	train2017/000000566341.jpg
1980.453125	0.0	image/137	137	1013992	train2017/000000026443.jpg
1981.259765625	0.0	image/121	121	1014405	train2017/000000546140.jpg
1982.087890625	0.0	image/227	227	1014829	train2017/000000047638.jpg
1982.853515625	0.0	image/157	157	1015221	train2017/000000030109.jpg
1983.642578125	0.0	image/162	162	1015625	train2017/000000293372.jpg
1984.443359375	0.0	image/218	218	1016035	train2017/000000569196.jpg
1985.25390625	0.0	image/196	196	1016450	train2017/000000574784.jpg
1986.060546875	0.0	image/150	150	1016863	train2017/000000552589.jpg
1986.89453125	0.0	image/194	194	1017290	train2017/000000302588.jpg
1987.7109375	0.0	image/125	125	1017708	train2017/000000022964.jpg
1988.494140625	0.0	image/220	220	1018109	train2017/000000569645.jpg
1990.12890625	0.0	image/137	137	1018946	train2017/000000026443.jpg
1991.6953125	0.0	image/123	123	1019748	train2017/000000022256.jpg
1993.3125	0.0	image/234	234	1020576	train2017/000000312003.jpg
1994.095703125	0.0	image/237	237	1020977	train2017/000000095809.jpg
1994.896484375	0.0	image/218	218	1021387	train2017/000000569196.jpg
1995.712890625	0.0	image/190	190	1021805	train2017/000000038801.jpg
1996.53125	0.0	image/136	136	1022224	train2017/000000026388.jpg
1997.359375	0.0	image/128	128	1022648	train2017/000000547644.jpg
1999.013671875	0.0	image/171	171	1023495	train2017/000000033764.jpg
1999.83203125	0.0	image/192	192	1023914	train2017/000000225054.jpg
2000.609375	0.0	image/221	221	1024312	train2017/000000575701.jpg
2001.4296875	0.0	image/240	240	1024732	train2017/000000575971.jpg
2002.248046875	0.0	image/210	210	1025151	train2017/000000305685.jpg
2003.08203125	0.0	image/164	164	1025578	train2017/000000556542.jpg
2004.68359375	0.0	image/159	159	1026398	train2017/000000292845.jpg
2005.4609375	0.0	image/135	135	1026796	train2017/000000288372.jpg
2006.283203125	0.0	image/195	195	1027217	train2017/000000040685.jpg
2007.09375	0.0	image/144	144	1027632	train2017/000000354070.jpg
2007.900390625	0.0	image/173	173	1028045	train2017/000000559816.jpg
2008.68359375	0.0	image/233	233	1028446	train2017/000000532520.jpg
2009.51171875	0.0	image/139	139	1028870	train2017/000000026702.jpg
2010.28515625	0.0	image/148	148	1029266	train2017/000000027665.jpg
2011.083984375	0.0	image/211	211	1029675	train2017/000000567837.jpg
2011.9140625	0.0	image/188	188	1030100	train2017/000000037823.jpg
2012.71875	0.0	image/217	217	1030512	train2017/000000306988.jpg
2013.49609375	0.0	image/232	232	1030910	train2017/000000311232.jpg
2014.302734375	0.0	image/197	197	1031323	train2017/000000303392.jpg
2015.86328125	0.0	image/203	203	1032122	train2017/000000566261.jpg
2016.669921875	0.0	image/214	214	1032535	train2017/000000306031.jpg
2017.50390625	0.0	image/133	133	1032962	train2017/000000026029.jpg
2018.298828125	0.0	image/125	125	1033369	train2017/000000022964.jpg
2019.087890625	0.0	image/176	176	1033773	train2017/000000297154.jpg
2019.87109375	0.0	image/231	231	1034174	train2017/000000270325.jpg
2020.666015625	0.0	image/148	148	1034581	train2017/000000027665.jpg
2021.43359375	0.0	image/239	239	1034974	train2017/000000313480.jpg
2022.23828125	0.0	image/189	189	1035386	train2017/000000300881.jpg
2023.85546875	0.0	image/122	122	1036214	train2017/000000546147.jpg
2024.671875	0.0	image/151	151	1036632	train2017/000000553150.jpg
2025.455078125	0.0	image/180	180	1037033	train2017/000000297844.jpg
2026.255859375	0.0	image/156	156	1037443	train2017/000000029732.jpg
2027.072265625	0.0	image/163	163	1037861	train2017/000000032134.jpg
2027.884765625	0.0	image/123	123	1038277	train2017/000000022256.jpg
2029.43359375	0.0	image/196	196	1039070	train2017/000000574784.jpg
2030.2578125	0.0	image/215	215	1039492	train2017/000000306249.jpg
2031.041015625	0.0	image/225	225	1039893	train2017/000000047172.jpg
2031.875	0.0	image/168	168	1040320	train2017/000000557848.jpg
2032.685546875	0.0	image/180	180	1040735	train2017/000000297844.jpg
2033.453125	0.0	image/134	134	1041128	train2017/000000550396.jpg
2034.224609375	0.0	image/228	228	1041523	train2017/000000572215.jpg
2035.01953125	0.0	image/161	161	1041930	train2017/000000293368.jpg
2035.8203125	0.0	image/146	146	1042340	train2017/000000289460.jpg
2036.609375	0.0	image/165	165	1042744	train2017/000000032275.jpg
2037.392578125	0.0	image/224	224	1043145	train2017/000000309192.jpg
2038.203125	0.0	image/122	122	1043560	train2017/000000546147.jpg
2038.994140625	0.0	image/229	229	1043965	train2017/000000310870.jpg
2039.77734375	0.0	image/201	201	1044366	train2017/000000041606.jpg
2040.60546875	0.0	image/131	131	1044790	train2017/000000549301.jpg
2041.41015625	0.0	image/240	240	1045202	train2017/000000575971.jpg
2042.240234375	0.0	image/144	144	1045627	train2017/000000354070.jpg
2043.005859375	0.0	image/206	206	1046019	train2017/000000263276.jpg
2043.7734375	0.0	image/141	141	1046412	train2017/000000026981.jpg
2044.544921875	0.0	image/204	204	1046807	train2017/000000304187.jpg
2045.322265625	0.0	image/228	228	1047205	train2017/000000572215.jpg
2046.08984375	0.0	image/141	141	1047598	train2017/000000026981.jpg
2046.87890625	0.0	image/131	131	1048002	train2017/000000549301.jpg
2047.712890625	0.0	image/213	213	1048429	train2017/000000043815.jpg
2049.37890625	0.0	image/222	222	1049282	train2017/000000308950.jpg
2050.158203125	0.0	image/134	134	1049681	train2017/000000550396.jpg
2050.98046875	0.0	image/129	129	1050102	train2017/000000023392.jpg
2051.791015625	0.0	image/234	234	1050517	train2017/000000312003.jpg
2052.580078125	0.0	image/192	192	1050921	train2017/000000225054.jpg
2053.3984375	0.0	image/233	233	1051340	train2017/000000532520.jpg
2054.208984375	0.0	image/230	230	1051755	train2017/000000573337.jpg
2055.015625	0.0	image/229	229	1052168	train2017/000000310870.jpg
2055.798828125	0.0	image/207	207	1052569	train2017/000000042578.jpg
2056.591796875	0.0	image/174	174	1052975	train2017/000000559145.jpg
2057.3984375	0.0	image/172	172	1053388	train2017/000000558822.jpg
2058.208984375	0.0	image/184	184	1053803	train2017/000000006053.jpg
2059.0	0.0	image/185	185	1054208	train2017/000000036589.jpg
2059.783203125	0.0	image/223	223	1054609	train2017/000000309135.jpg
2061.3828125	0.0	image/178	178	1055428	train2017/000000355458.jpg
2062.19921875	0.0	image/184	184	1055846	train2017/000000006053.jpg
2062.99609375	0.0	image/182	182	1056254	train2017/000000298170.jpg
2063.794921875	0.0	image/238	238	1056663	train2017/000000050624.jpg
2064.6015625	0.0	image/179	179	1057076	train2017/000000559958.jpg
2065.396484375	0.0	image/169	169	1057483	train2017/000000557886.jpg
2066.216796875	0.0	image/198	198	1057903	train2017/000000303436.jpg
2067.001953125	0.0	image/191	191	1058305	train2017/000000039196.jpg
2067.796875	0.0	image/226	226	1058712	train2017/000000571499.jpg
2068.580078125	0.0	image/185	185	1059113	train2017/000000036589.jpg
2069.3515625	0.0	image/169	169	1059508	train2017/000000557886.jpg
2070.13671875	0.0	image/232	232	1059910	train2017/000000311232.jpg
2070.947265625	0.0	image/156	156	1060325	train2017/000000029732.jpg
2071.720703125	0.0	image/154	154	1060721	train2017/000000291560.jpg
2072.552734375	0.0	image/181	181	1061147	train2017/000000035927.jpg
2073.33203125	0.0	image/126	126	1061546	train2017/000000547367.jpg
2074.12109375	0.0	image/231	231	1061950	train2017/000000270325.jpg
2074.900390625	0.0	image/198	198	1062349	train2017/000000303436.jpg
2075.6875	0.0	image/124	124	1062752	train2017/000000122964.jpg
2076.482421875	0.0	image/208	208	1063159	train2017/000000043150.jpg
2077.25	0.0	image/135	135	1063552	train2017/000000288372.jpg
2078.072265625	0.0	image/175	175	1063973	train2017/000000559225.jpg
2078.87109375	0.0	image/155	155	1064382	train2017/000000029730.jpg
2079.705078125	0.0	image/187	187	1064809	train2017/000000037779.jpg
2080.533203125	0.0	image/193	193	1065233	train2017/000000564465.jpg
2081.33984375	0.0	image/219	219	1065646	train2017/000000219735.jpg
2082.138671875	0.0	image/126	126	1066055	train2017/000000547367.jpg
2082.953125	0.0	image/162	162	1066472	train2017/000000293372.jpg
2083.740234375	0.0	image/157	157	1066875	train2017/000000030109.jpg
2085.408203125	0.0	image/139	139	1067729	train2017/000000026702.jpg
2086.224609375	0.0	image/158	158	1068147	train2017/000000030148.jpg
2087.041015625	0.0	image/121	121	1068565	train2017/000000546140.jpg
2087.8515625	0.0	image/238	238	1068980	train2017/000000050624.jpg
2088.625	0.0	image/147	147	1069376	train2017/000000289791.jpg
2089.42578125	0.0	image/128	128	1069786	train2017/000000547644.jpg
2090.25390625	0.0	image/160	160	1070210	train2017/000000293130.jpg
2091.021484375	0.0	image/146	146	1070603	train2017/000000289460.jpg
2091.841796875	0.0	image/149	149	1071023	train2017/000000290192.jpg
2092.626953125	0.0	image/206	206	1071425	train2017/000000263276.jpg
2093.41015625	0.0	image/227	227	1071826	train2017/000000047638.jpg
2094.208984375	0.0	image/170	170	1072235	train2017/000000033727.jpg
2095.021484375	0.0	image/210	210	1072651	train2017/000000305685.jpg
2095.84375	0.0	image/154	154	1073072	train2017/000000291560.jpg
2096.66015625	0.0	image/151	151	1073490	train2017/000000553150.jpg
2097.439453125	0.0	image/188	188	1073889	train2017/000000037823.jpg
2098.244140625	0.0	image/159	159	1074301	train2017/000000292845.jpg
2099.056640625	0.0	image/171	171	1074717	train2017/000000033764.jpg
2099.845703125	0.0	image/150	150	1075121	train2017/000000552589.jpg
2100.662109375	0.0	image/211	211	1075539	train2017/000000567837.jpg
2101.490234375	0.0	image/166	166	1075963	train2017/000000556748.jpg
2102.279296875	0.0	image/155	155	1076367	train2017/000000029730.jpg
2103.0625	0.0	image/163	163	1076768	train2017/000000032134.jpg
2103.873046875	0.0	image/215	215	1077183	train2017/000000306249.jpg
2104.697265625	0.0	image/203	203	1077605	train2017/000000566261.jpg
2105.48046875	0.0	image/216	216	1078006	train2017/000000225829.jpg
2106.296875	0.0	image/217	217	1078424	train2017/000000306988.jpg
2107.126953125	0.0	image/204	204	1078849	train2017/000000304187.jpg
2107.94140625	0.0	image/133	133	1079266	train2017/000000026029.jpg
2108.748046875	0.0	image/187	187	1079679	train2017/000000037779.jpg
2109.560546875	0.0	image/129	129	1080095	train2017/000000023392.jpg
2110.326171875	0.0	image/205	205	1080487	train2017/000000566341.jpg
2111.1484375	0.0	image/182	182	1080908	train2017/000000298170.jpg
2111.92578125	0.0	image/213	213	1081306	train2017/000000043815.jpg
2112.748046875	0.0	image/176	176	1081727	train2017/000000297154.jpg
2114.3984375	0.0	image/168	168	1082572	train2017/000000557848.jpg
2115.212890625	0.0	image/199	199	1082989	train2017/000000565652.jpg
2116.0	0.0	image/174	174	1083392	train2017/000000559145.jpg
2117.6328125	0.0	image/236	236	1084228	train2017/000000574760.jpg
2118.412109375	0.0	image/165	165	1084627	train2017/000000032275.jpg
2120.03515625	0.0	image/147	147	1085458	train2017/000000289791.jpg
2120.869140625	0.0	image/178	178	1085885	train2017/000000355458.jpg
2121.66796875	0.0	image/164	164	1086294	train2017/000000556542.jpg
2122.484375	0.0	image/124	124	1086712	train2017/000000122964.jpg
2123.265625	0.0	image/202	202	1087112	train2017/000000566201.jpg
2124.08203125	0.0	image/160	160	1087530	train2017/000000293130.jpg
2124.8515625	0.0	image/226	226	1087924	train2017/000000571499.jpg
2125.65234375	0.0	image/143	143	1088334	train2017/000000027030.jpg
2126.431640625	0.0	image/235	235	1088733	train2017/000000050256.jpg
2127.220703125	0.0	image/199	199	1089137	train2017/000000565652.jpg
2128.00390625	0.0	image/191	191	1089538	train2017/000000039196.jpg
2128.837890625	0.0	image/175	175	1089965	train2017/000000559225.jpg
2129.6328125	0.0	image/209	209	1090372	train2017/000000043176.jpg
2130.4375	0.0	image/173	173	1090784	train2017/000000559816.jpg
2131.220703125	0.0	image/190	190	1091185	train2017/000000038801.jpg
2132.0	0.0	image/132	132	1091584	train2017/000000549830.jpg
2133.572265625	0.0	image/136	136	1092389	train2017/000000026388.jpg
2134.349609375	0.0	image/152	152	1092787	train2017/000000553166.jpg
2135.171875	0.0	image/177	177	1093208	train2017/000000573830.jpg
2135.990234375	0.0	image/207	207	1093627	train2017/000000042578.jpg
2136.783203125	0.0	image/183	183	1094033	train2017/000000298395.jpg
2137.60546875	0.0	image/194	194	1094454	train2017/000000302588.jpg
2139.189453125	0.0	image/212	212	1095265	train2017/000000043776.jpg
2140.0234375	0.0	image/214	214	1095692	train2017/000000306031.jpg
2140.853515625	0.0	image/237	237	1096117	train2017/000000095809.jpg
2141.658203125	0.0	image/212	212	1096529	train2017/000000043776.jpg
2142.455078125	0.0	image/186	186	1096937	train2017/000000037358.jpg
2143.291015625	0.0	image/130	130	1097365	train2017/000000548593.jpg
2144.068359375	0.0	image/236	236	1097763	train2017/000000574760.jpg
2144.87109375	0.0	image/140	140	1098174	train2017/000000551164.jpg
2145.658203125	0.0	image/138	138	1098577	train2017/000000288751.jpg
2146.470703125	0.0	image/172	172	1098993	train2017/000000558822.jpg
2147.275390625	0.0	image/202	202	1099405	train2017/000000566201.jpg
2148.85546875	0.0	image/222	222	1100214	train2017/000000308950.jpg
2149.642578125	0.0	image/166	166	1100617	train2017/000000556748.jpg
2150.4765625	0.0	image/138	138	1101044	train2017/000000288751.jpg
2152.09375	0.0	image/181	181	1101872	train2017/000000035927.jpg
2153.6953125	0.0	image/170	170	1102692	train2017/000000033727.jpg
2154.51171875	0.0	image/153	153	1103110	train2017/000000553586.jpg
2156.14453125	0.0	image/177	177	1103946	train2017/000000573830.jpg
2156.9296875	0.0	image/149	149	1104348	train2017/000000290192.jpg
2157.712890625	0.0	image/186	186	1104749	train2017/000000037358.jpg
2158.51171875	0.0	image/189	189	1105158	train2017/000000300881.jpg
2159.32421875	0.0	image/201	201	1105574	train2017/000000041606.jpg
2160.123046875	0.0	image/225	225	1105983	train2017/000000047172.jpg
2160.9140625	0.0	image/219	219	1106388	train2017/000000219735.jpg
2162.53125	0.0	image/224	224	1107216	train2017/000000309192.jpg
2163.34765625	0.0	image/158	158	1107634	train2017/000000030148.jpg
2164.17578125	0.0	image/140	140	1108058	train2017/000000551164.jpg
2164.947265625	0.0	image/127	127	1108453	train2017/000000285450.jpg
2165.748046875	0.0	image/223	223	1108863	train2017/000000309135.jpg
2166.54296875	0.0	image/143	143	1109270	train2017/000000027030.jpg
2167.33203125	0.0	image/208	208	1109674	train2017/000000043150.jpg
2168.1484375	0.0	image/183	183	1110092	train2017/000000298395.jpg
2168.943359375	0.0	image/193	193	1110499	train2017/000000564465.jpg
2169.75	0.0	image/230	230	1110912	train2017/000000573337.jpg
2170.533203125	0.0	image/200	200	1111313	train2017/000000565834.jpg
2171.36328125	0.0	image/179	179	1111738	train2017/000000559958.jpg
2172.99609375	0.0	image/145	145	1112574	train2017/000000027298.jpg
2180.060546875	0.0	image/360	360	1116191	train2017/000000078042.jpg
2180.873046875	0.0	image/259	259	1116607	train2017/000000055402.jpg
2181.677734375	0.0	image/303	303	1117019	train2017/000000328628.jpg
2182.478515625	0.0	image/244	244	1117429	train2017/000000314379.jpg
2183.255859375	0.0	image/331	331	1117827	train2017/000000333654.jpg
2184.041015625	0.0	image/353	353	1118229	train2017/000000338169.jpg
2184.828125	0.0	image/281	281	1118632	train2017/000000323010.jpg
2185.640625	0.0	image/312	312	1119048	train2017/000000068238.jpg
2186.462890625	0.0	image/359	359	1119469	train2017/000000078000.jpg
2187.24609375	0.0	image/342	342	1119870	train2017/000000335688.jpg
2188.025390625	0.0	image/266	266	1120269	train2017/000000056837.jpg
2188.82421875	0.0	image/252	252	1120678	train2017/000000578169.jpg
2189.591796875	0.0	image/308	308	1121071	train2017/000000067623.jpg
2190.36328125	0.0	image/266	266	1121466	train2017/000000056837.jpg
2191.146484375	0.0	image/321	321	1121867	train2017/000000332498.jpg
2191.931640625	0.0	image/288	288	1122269	train2017/000000061288.jpg
2192.748046875	0.0	image/346	346	1122687	train2017/000000336374.jpg
2193.55859375	0.0	image/273	273	1123102	train2017/000000059321.jpg
2195.1484375	0.0	image/304	304	1123916	train2017/000000066696.jpg
2195.982421875	0.0	image/268	268	1124343	train2017/000000057796.jpg
2196.798828125	0.0	image/291	291	1124761	train2017/000000490875.jpg
2197.615234375	0.0	image/344	344	1125179	train2017/000000073997.jpg
2198.44921875	0.0	image/293	293	1125606	train2017/000000062547.jpg
2199.25	0.0	image/253	253	1126016	train2017/000000054001.jpg
2200.029296875	0.0	image/315	315	1126415	train2017/000000068623.jpg
2200.8125	0.0	image/295	295	1126816	train2017/000000010743.jpg
2201.62890625	0.0	image/311	311	1127234	train2017/000000067961.jpg
2202.4296875	0.0	image/296	296	1127644	train2017/000000064534.jpg
2204.05078125	0.0	image/294	294	1128474	train2017/000000325710.jpg
2205.701171875	0.0	image/343	343	1129319	train2017/000000335824.jpg
2206.53515625	0.0	image/286	286	1129746	train2017/000000323397.jpg
2207.34765625	0.0	image/346	346	1130162	train2017/000000336374.jpg
2208.15234375	0.0	image/247	247	1130574	train2017/000000576789.jpg
2208.935546875	0.0	image/309	309	1130975	train2017/000000330084.jpg
2209.763671875	0.0	image/341	341	1131399	train2017/000000492851.jpg
2210.5703125	0.0	image/324	324	1131812	train2017/000000332692.jpg
2212.1875	0.0	image/349	349	1132640	train2017/000000074714.jpg
2213.0	0.0	image/323	323	1133056	train2017/000000332574.jpg
2213.80078125	0.0	image/317	317	1133466	train2017/000000069625.jpg
2214.62890625	0.0	image/316	316	1133890	train2017/000000246728.jpg
2215.4296875	0.0	image/292	292	1134300	train2017/000000323970.jpg
2216.23046875	0.0	image/283	283	1134710	train2017/000000359687.jpg
2217.0390625	0.0	image/275	275	1135124	train2017/000000403184.jpg
2217.818359375	0.0	image/307	307	1135523	train2017/000000329641.jpg
2218.6015625	0.0	image/354	354	1135924	train2017/000000076476.jpg
2219.421875	0.0	image/325	325	1136344	train2017/000000002349.jpg
2220.21875	0.0	image/264	264	1136752	train2017/000000001877.jpg
2221.833984375	0.0	image/312	312	1137579	train2017/000000068238.jpg
2222.634765625	0.0	image/356	356	1137989	train2017/000000012795.jpg
2223.453125	0.0	image/285	285	1138408	train2017/000000061174.jpg
2224.240234375	0.0	image/247	247	1138811	train2017/000000576789.jpg
2225.0390625	0.0	image/281	281	1139220	train2017/000000323010.jpg
2225.841796875	0.0	image/257	257	1139631	train2017/000000055206.jpg
2226.625	0.0	image/280	280	1140032	train2017/000000322255.jpg
2227.42578125	0.0	image/290	290	1140442	train2017/000000534553.jpg
2228.2421875	0.0	image/331	331	1140860	train2017/000000333654.jpg
2229.037109375	0.0	image/351	351	1141267	train2017/000000337479.jpg
2229.80859375	0.0	image/352	352	1141662	train2017/000000274776.jpg
2230.59375	0.0	image/357	357	1142064	train2017/000000338987.jpg
2231.404296875	0.0	image/328	328	1142479	train2017/000000071429.jpg
2232.939453125	0.0	image/255	255	1143265	train2017/000000055184.jpg
2233.7265625	0.0	image/293	293	1143668	train2017/000000062547.jpg
2234.53515625	0.0	image/349	349	1144082	train2017/000000074714.jpg
2235.341796875	0.0	image/324	324	1144495	train2017/000000332692.jpg
2236.126953125	0.0	image/306	306	1144897	train2017/000000281575.jpg
2236.9609375	0.0	image/273	273	1145324	train2017/000000059321.jpg
2237.794921875	0.0	image/304	304	1145751	train2017/000000066696.jpg
2238.62890625	0.0	image/262	262	1146178	train2017/000000318381.jpg
2239.412109375	0.0	image/254	254	1146579	train2017/000000317061.jpg
2240.240234375	0.0	image/286	286	1147003	train2017/000000323397.jpg
2241.0625	0.0	image/339	339	1147424	train2017/000000072715.jpg
2241.845703125	0.0	image/336	336	1147825	train2017/000000334208.jpg
2242.646484375	0.0	image/323	323	1148235	train2017/000000332574.jpg
2244.212890625	0.0	image/272	272	1149037	train2017/000000359337.jpg
2245.041015625	0.0	image/326	326	1149461	train2017/000000332875.jpg
2245.826171875	0.0	image/310	310	1149863	train2017/000000330086.jpg
2246.59765625	0.0	image/260	260	1150258	train2017/000000055514.jpg
2247.408203125	0.0	image/336	336	1150673	train2017/000000334208.jpg
2248.21484375	0.0	image/301	301	1151086	train2017/000000066253.jpg
2249.015625	0.0	image/297	297	1151496	train2017/000000065012.jpg
2249.79296875	0.0	image/330	330	1151894	train2017/000000333629.jpg
2250.615234375	0.0	image/319	319	1152315	train2017/000000332261.jpg
2252.216796875	0.0	image/267	267	1153135	train2017/000000057631.jpg
2253.009765625	0.0	image/268	268	1153541	train2017/000000057796.jpg
2253.81640625	0.0	image/267	267	1153954	train2017/000000057631.jpg
2254.595703125	0.0	image/292	292	1154353	train2017/000000323970.jpg
2255.39453125	0.0	image/358	358	1154762	train2017/000000077870.jpg
2256.162109375	0.0	image/327	327	1155155	train2017/000000333152.jpg
2256.9296875	0.0	image/271	271	1155548	train2017/000000058465.jpg
2257.734375	0.0	image/243	243	1155960	train2017/000000560396.jpg
2258.55078125	0.0	image/347	347	1156378	train2017/000000074390.jpg
2259.333984375	0.0	image/251	251	1156779	train2017/000000053778.jpg
2260.1171875	0.0	image/320	320	1157180	train2017/000000332448.jpg
2260.9296875	0.0	image/318	318	1157596	train2017/000000069705.jpg
2261.71875	0.0	image/328	328	1158000	train2017/000000071429.jpg
2262.513671875	0.0	image/318	318	1158407	train2017/000000069705.jpg
2263.296875	0.0	image/310	310	1158808	train2017/000000330086.jpg
2264.119140625	0.0	image/242	242	1159229	train2017/000000051774.jpg
2264.94921875	0.0	image/245	245	1159654	train2017/000000052348.jpg
2265.734375	0.0	image/327	327	1160056	train2017/000000333152.jpg
2266.546875	0.0	image/355	355	1160472	train2017/000000338670.jpg
2267.33203125	0.0	image/309	309	1160874	train2017/000000330084.jpg
2268.12109375	0.0	image/357	357	1161278	train2017/000000338987.jpg
2268.94921875	0.0	image/322	322	1161702	train2017/000000070421.jpg
2270.521484375	0.0	image/313	313	1162507	train2017/000000011373.jpg
2272.12109375	0.0	image/276	276	1163326	train2017/000000322008.jpg
2273.72265625	0.0	image/344	344	1164146	train2017/000000073997.jpg
2274.505859375	0.0	image/241	241	1164547	train2017/000000576011.jpg
2275.30078125	0.0	image/249	249	1164954	train2017/000000577817.jpg
2276.08984375	0.0	image/295	295	1165358	train2017/000000010743.jpg
2277.689453125	0.0	image/337	337	1166177	train2017/000000072095.jpg
2278.5078125	0.0	image/256	256	1166596	train2017/000000009199.jpg
2279.33984375	0.0	image/347	347	1167022	train2017/000000074390.jpg
2280.125	0.0	image/254	254	1167424	train2017/000000317061.jpg
2280.94140625	0.0	image/261	261	1167842	train2017/000000317781.jpg
2281.7578125	0.0	image/345	345	1168260	train2017/000000281567.jpg
2282.53515625	0.0	image/252	252	1168658	train2017/000000578169.jpg
2283.326171875	0.0	image/320	320	1169063	train2017/000000332448.jpg
2284.158203125	0.0	image/338	338	1169489	train2017/000000334772.jpg
2284.970703125	0.0	image/262	262	1169905	train2017/000000318381.jpg
2285.75390625	0.0	image/272	272	1170306	train2017/000000359337.jpg
2286.521484375	0.0	image/341	341	1170699	train2017/000000492851.jpg
2287.34375	0.0	image/258	258	1171120	train2017/000000055294.jpg
2288.142578125	0.0	image/275	275	1171529	train2017/000000403184.jpg
2288.921875	0.0	image/249	249	1171928	train2017/000000577817.jpg
2289.69140625	0.0	image/338	338	1172322	train2017/000000334772.jpg
2290.5078125	0.0	image/242	242	1172740	train2017/000000051774.jpg
2291.2890625	0.0	image/299	299	1173140	train2017/000000327191.jpg
2292.09375	0.0	image/333	333	1173552	train2017/000000334011.jpg
2292.921875	0.0	image/250	250	1173976	train2017/000000577964.jpg
2293.744140625	0.0	image/261	261	1174397	train2017/000000317781.jpg
2294.529296875	0.0	image/307	307	1174799	train2017/000000329641.jpg
2295.341796875	0.0	image/329	329	1175215	train2017/000000333615.jpg
2296.15625	0.0	image/306	306	1175632	train2017/000000281575.jpg
2296.97265625	0.0	image/325	325	1176050	train2017/000000002349.jpg
2298.595703125	0.0	image/241	241	1176881	train2017/000000576011.jpg
2299.4140625	0.0	image/305	305	1177300	train2017/000000067347.jpg
2300.98046875	0.0	image/258	258	1178102	train2017/000000055294.jpg
2301.814453125	0.0	image/289	289	1178529	train2017/000000061559.jpg
2302.59765625	0.0	image/330	330	1178930	train2017/000000333629.jpg
2303.4296875	0.0	image/282	282	1179356	train2017/000000053842.jpg
2304.232421875	0.0	image/271	271	1179767	train2017/000000058465.jpg
2305.009765625	0.0	image/326	326	1180165	train2017/000000332875.jpg
2305.798828125	0.0	image/284	284	1180569	train2017/000000323182.jpg
2306.615234375	0.0	image/354	354	1180987	train2017/000000076476.jpg
2307.427734375	0.0	image/335	335	1181403	train2017/000000071927.jpg
2308.232421875	0.0	image/303	303	1181815	train2017/000000328628.jpg
2309.048828125	0.0	image/279	279	1182233	train2017/000000322246.jpg
2309.84375	0.0	image/291	291	1182640	train2017/000000490875.jpg
2310.66796875	0.0	image/265	265	1183062	train2017/000000580813.jpg
2311.5	0.0	image/350	350	1183488	train2017/000000074828.jpg
2312.279296875	0.0	image/250	250	1183887	train2017/000000577964.jpg
2313.078125	0.0	image/257	257	1184296	train2017/000000055206.jpg
2313.861328125	0.0	image/343	343	1184697	train2017/000000335824.jpg
2314.62890625	0.0	image/246	246	1185090	train2017/000000576749.jpg
2315.435546875	0.0	image/358	358	1185503	train2017/000000077870.jpg
2316.212890625	0.0	image/355	355	1185901	train2017/000000338670.jpg
2317.802734375	0.0	image/287	287	1186715	train2017/000000061266.jpg
2318.63671875	0.0	image/313	313	1187142	train2017/000000011373.jpg
2319.435546875	0.0	image/283	283	1187551	train2017/000000359687.jpg
2320.236328125	0.0	image/348	348	1187961	train2017/000000074461.jpg
2321.015625	0.0	image/274	274	1188360	train2017/000000321902.jpg
2321.78125	0.0	image/322	322	1188752	train2017/000000070421.jpg
2322.603515625	0.0	image/253	253	1189173	train2017/000000054001.jpg
2323.38671875	0.0	image/278	278	1189574	train2017/000000009987.jpg
2324.1875	0.0	image/296	296	1189984	train2017/000000064534.jpg
2324.970703125	0.0	image/243	243	1190385	train2017/000000560396.jpg
2325.783203125	0.0	image/244	244	1190801	train2017/000000314379.jpg
2326.56640625	0.0	image/308	308	1191202	train2017/000000067623.jpg
2328.138671875	0.0	image/282	282	1192007	train2017/000000053842.jpg
2328.939453125	0.0	image/264	264	1192417	train2017/000000001877.jpg
2329.71875	0.0	image/360	360	1192816	train2017/000000078042.jpg
2330.490234375	0.0	image/287	287	1193211	train2017/000000061266.jpg
2331.31640625	0.0	image/265	265	1193634	train2017/000000580813.jpg
2332.10546875	0.0	image/269	269	1194038	train2017/000000320533.jpg
2332.90625	0.0	image/279	279	1194448	train2017/000000322246.jpg
2333.673828125	0.0	image/350	350	1194841	train2017/000000074828.jpg
2334.45703125	0.0	image/280	280	1195242	train2017/000000322255.jpg
2335.251953125	0.0	image/300	300	1195649	train2017/000000065400.jpg
2336.875	0.0	image/289	289	1196480	train2017/000000061559.jpg
2337.658203125	0.0	image/251	251	1196881	train2017/000000053778.jpg
2338.458984375	0.0	image/333	333	1197291	train2017/000000334011.jpg
2339.2578125	0.0	image/245	245	1197700	train2017/000000052348.jpg
2340.859375	0.0	image/332	332	1198520	train2017/000000579906.jpg
2341.642578125	0.0	image/263	263	1198921	train2017/000000318444.jpg
2343.259765625	0.0	image/290	290	1199749	train2017/000000534553.jpg
2344.09375	0.0	image/302	302	1200176	train2017/000000328454.jpg
2344.91015625	0.0	image/353	353	1200594	train2017/000000338169.jpg
2345.7109375	0.0	image/334	334	1201004	train2017/000000334048.jpg
2346.544921875	0.0	image/348	348	1201431	train2017/000000074461.jpg
2347.33984375	0.0	image/335	335	1201838	train2017/000000071927.jpg
2348.140625	0.0	image/340	340	1202248	train2017/000000335063.jpg
2348.955078125	0.0	image/294	294	1202665	train2017/000000325710.jpg
2349.7578125	0.0	image/315	315	1203076	train2017/000000068623.jpg
2350.5234375	0.0	image/260	260	1203468	train2017/000000055514.jpg
2351.322265625	0.0	image/299	299	1203877	train2017/000000327191.jpg
2352.125	0.0	image/263	263	1204288	train2017/000000318444.jpg
2352.923828125	0.0	image/248	248	1204697	train2017/000000455691.jpg
2354.5625	0.0	image/277	277	1205536	train2017/000000009983.jpg
2355.380859375	0.0	image/316	316	1205955	train2017/000000246728.jpg
2356.94140625	0.0	image/321	321	1206754	train2017/000000332498.jpg
2357.763671875	0.0	image/359	359	1207175	train2017/000000078000.jpg
2359.34765625	0.0	image/288	288	1207986	train2017/000000061288.jpg
2360.966796875	0.0	image/298	298	1208815	train2017/000000065029.jpg
2361.765625	0.0	image/256	256	1209224	train2017/000000009199.jpg
2362.59375	0.0	image/298	298	1209648	train2017/000000065029.jpg
2363.4140625	0.0	image/314	314	1210068	train2017/000000055090.jpg
2364.25	0.0	image/337	337	1210496	train2017/000000072095.jpg
2365.083984375	0.0	image/246	246	1210923	train2017/000000576749.jpg
2365.8828125	0.0	image/274	274	1211332	train2017/000000321902.jpg
2366.68359375	0.0	image/278	278	1211742	train2017/000000009987.jpg
2367.5	0.0	image/339	339	1212160	train2017/000000072715.jpg
2368.310546875	0.0	image/305	305	1212575	train2017/000000067347.jpg
2369.080078125	0.0	image/270	270	1212969	train2017/000000058407.jpg
2369.8671875	0.0	image/302	302	1213372	train2017/000000328454.jpg
2370.662109375	0.0	image/277	277	1213779	train2017/000000009983.jpg
2371.435546875	0.0	image/285	285	1214175	train2017/000000061174.jpg
2372.212890625	0.0	image/342	342	1214573	train2017/000000335688.jpg
2373.01953125	0.0	image/297	297	1214986	train2017/000000065012.jpg
2373.830078125	0.0	image/329	329	1215401	train2017/000000333615.jpg
2374.61328125	0.0	image/314	314	1215802	train2017/000000055090.jpg
2375.40234375	0.0	image/248	248	1216206	train2017/000000455691.jpg
2376.23046875	0.0	image/300	300	1216630	train2017/000000065400.jpg
2377.052734375	0.0	image/345	345	1217051	train2017/000000281567.jpg
2377.865234375	0.0	image/319	319	1217467	train2017/000000332261.jpg
2378.630859375	0.0	image/351	351	1217859	train2017/000000337479.jpg
2379.419921875	0.0	image/259	259	1218263	train2017/000000055402.jpg
2380.21484375	0.0	image/317	317	1218670	train2017/000000069625.jpg
2380.998046875	0.0	image/301	301	1219071	train2017/000000066253.jpg
2381.837890625	0.0	image/269	269	1219501	train2017/000000320533.jpg
2382.638671875	0.0	image/255	255	1219911	train2017/000000055184.jpg
2383.47265625	0.0	image/311	311	1220338	train2017/000000067961.jpg
2385.0390625	0.0	image/352	352	1221140	train2017/000000274776.jpg
2385.849609375	0.0	image/334	334	1221555	train2017/000000334048.jpg
2386.638671875	0.0	image/270	270	1221959	train2017/000000058407.jpg
2387.451171875	0.0	image/276	276	1222375	train2017/000000322008.jpg
2388.255859375	0.0	image/356	356	1222787	train2017/000000012795.jpg
2389.041015625	0.0	image/332	332	1223189	train2017/000000579906.jpg
2389.87109375	0.0	image/340	340	1223614	train2017/000000335063.jpg
2390.640625	0.0	image/284	284	1224008	train2017/000000323182.jpg
2397.69921875	0.0	image/439	439	1227622	train2017/000000361193.jpg
2398.52734375	0.0	image/409	409	1228046	train2017/000000090827.jpg
2399.34765625	0.0	image/427	427	1228466	train2017/000000357228.jpg
2400.1328125	0.0	image/377	377	1228868	train2017/000000450584.jpg
2400.916015625	0.0	image/416	416	1229269	train2017/000000354095.jpg
2401.75	0.0	image/446	446	1229696	train2017/000000100599.jpg
2402.560546875	0.0	image/400	400	1230111	train2017/000000350299.jpg
2403.361328125	0.0	image/478	478	1230521	train2017/000000114035.jpg
2404.96875	0.0	image/378	378	1231344	train2017/000000319517.jpg
2405.78125	0.0	image/406	406	1231760	train2017/000000352236.jpg
2407.384765625	0.0	image/479	479	1232581	train2017/000000114077.jpg
2408.162109375	0.0	image/403	403	1232979	train2017/000000089908.jpg
2409.751953125	0.0	image/405	405	1233793	train2017/000000189765.jpg
2411.3203125	0.0	image/476	476	1234596	train2017/000000112734.jpg
2412.103515625	0.0	image/474	474	1234997	train2017/000000373679.jpg
2412.931640625	0.0	image/365	365	1235421	train2017/000000080084.jpg
2413.736328125	0.0	image/412	412	1235833	train2017/000000408492.jpg
2414.56640625	0.0	image/393	393	1236258	train2017/000000086811.jpg
2415.38671875	0.0	image/471	471	1236678	train2017/000000372775.jpg
2416.166015625	0.0	image/448	448	1237077	train2017/000000101069.jpg
2417.7890625	0.0	image/428	428	1237908	train2017/000000095176.jpg
2418.56640625	0.0	image/381	381	1238306	train2017/000000082770.jpg
2419.373046875	0.0	image/455	455	1238719	train2017/000000104044.jpg
2420.189453125	0.0	image/451	451	1239137	train2017/000000365003.jpg
2421.017578125	0.0	image/407	407	1239561	train2017/000000352724.jpg
2421.7890625	0.0	image/463	463	1239956	train2017/000000369171.jpg
2422.6171875	0.0	image/419	419	1240380	train2017/000000092288.jpg
2423.400390625	0.0	image/453	453	1240781	train2017/000000103366.jpg
2424.189453125	0.0	image/473	473	1241185	train2017/000000372959.jpg
2425.791015625	0.0	image/431	431	1242005	train2017/000000095828.jpg
2426.591796875	0.0	image/480	480	1242415	train2017/000000376407.jpg
2427.419921875	0.0	image/460	460	1242839	train2017/000000367552.jpg
2428.958984375	0.0	image/399	399	1243627	train2017/000000320508.jpg
2429.78515625	0.0	image/428	428	1244050	train2017/000000095176.jpg
2430.587890625	0.0	image/414	414	1244461	train2017/000000091784.jpg
2431.376953125	0.0	image/409	409	1244865	train2017/000000090827.jpg
2432.1875	0.0	image/374	374	1245280	train2017/000000046372.jpg
2432.953125	0.0	image/375	375	1245672	train2017/000000081961.jpg
2433.7265625	0.0	image/462	462	1246068	train2017/000000368852.jpg
2434.552734375	0.0	image/476	476	1246491	train2017/000000112734.jpg
2435.337890625	0.0	image/403	403	1246893	train2017/000000089908.jpg
2436.12109375	0.0	image/372	372	1247294	train2017/000000081474.jpg
2436.90625	0.0	image/384	384	1247696	train2017/000000345725.jpg
2437.67578125	0.0	image/399	399	1248090	train2017/000000320508.jpg
2438.4921875	0.0	image/434	434	1248508	train2017/000000097201.jpg
2439.291015625	0.0	image/472	472	1248917	train2017/000000110780.jpg
2440.08984375	0.0	image/479	479	1249326	train2017/000000114077.jpg
2440.890625	0.0	image/371	371	1249736	train2017/000000081365.jpg
2441.728515625	0.0	image/387	387	1250165	train2017/000000083738.jpg
2442.51171875	0.0	image/456	456	1250566	train2017/000000104081.jpg
2443.3203125	0.0	image/390	390	1250980	train2017/000000346754.jpg
2444.07421875	0.0	image/458	458	1251366	train2017/000000104502.jpg
2444.888671875	0.0	image/362	362	1251783	train2017/000000340734.jpg
2445.65625	0.0	image/367	367	1252176	train2017/000000080619.jpg
2446.42578125	0.0	image/430	430	1252570	train2017/000000357865.jpg
2447.189453125	0.0	image/397	397	1252961	train2017/000000087334.jpg
2447.978515625	0.0	image/454	454	1253365	train2017/000000366146.jpg
2448.791015625	0.0	image/423	423	1253781	train2017/000000355622.jpg
2449.609375	0.0	image/471	471	1254200	train2017/000000372775.jpg
2450.42578125	0.0	image/379	379	1254618	train2017/000000569678.jpg
2451.2421875	0.0	image/418	418	1255036	train2017/000000092221.jpg
2452.03125	0.0	image/398	398	1255440	train2017/000000087871.jpg
2452.814453125	0.0	image/362	362	1255841	train2017/000000340734.jpg
2453.59375	0.0	image/382	382	1256240	train2017/000000345149.jpg
2454.3984375	0.0	image/421	421	1256652	train2017/000000354761.jpg
2455.193359375	0.0	image/402	402	1257059	train2017/000000088835.jpg
2455.974609375	0.0	image/432	432	1257459	train2017/000000096161.jpg
2456.7578125	0.0	image/435	435	1257860	train2017/000000097218.jpg
2457.544921875	0.0	image/386	386	1258263	train2017/000000083632.jpg
2458.326171875	0.0	image/361	361	1258663	train2017/000000340317.jpg
2459.134765625	0.0	image/436	436	1259077	train2017/000000098480.jpg
2459.93359375	0.0	image/449	449	1259486	train2017/000000101952.jpg
2460.71875	0.0	image/411	411	1259888	train2017/000000091005.jpg
2461.517578125	0.0	image/366	366	1260297	train2017/000000080275.jpg
2462.333984375	0.0	image/458	458	1260715	train2017/000000104502.jpg
2463.134765625	0.0	image/400	400	1261125	train2017/000000350299.jpg
2463.912109375	0.0	image/424	424	1261523	train2017/000000277778.jpg
2464.716796875	0.0	image/457	457	1261935	train2017/000000366396.jpg
2465.546875	0.0	image/379	379	1262360	train2017/000000569678.jpg
2466.3203125	0.0	image/388	388	1262756	train2017/000000084174.jpg
2467.13671875	0.0	image/363	363	1263174	train2017/000000079111.jpg
2467.94921875	0.0	image/478	478	1263590	train2017/000000114035.jpg
2468.73046875	0.0	image/370	370	1263990	train2017/000000081105.jpg
2469.521484375	0.0	image/469	469	1264395	train2017/000000370369.jpg
2470.34765625	0.0	image/385	385	1264818	train2017/000000345751.jpg
2471.171875	0.0	image/461	461	1265240	train2017/000000106107.jpg
2472.765625	0.0	image/456	456	1266056	train2017/000000104081.jpg
2473.55078125	0.0	image/380	380	1266458	train2017/000000082650.jpg
2474.337890625	0.0	image/424	424	1266861	train2017/000000277778.jpg
2475.1328125	0.0	image/406	406	1267268	train2017/000000352236.jpg
2475.9375	0.0	image/466	466	1267680	train2017/000000107204.jpg
2476.72265625	0.0	image/370	370	1268082	train2017/000000081105.jpg
2477.55078125	0.0	image/396	396	1268506	train2017/000000349363.jpg
2478.3515625	0.0	image/436	436	1268916	train2017/000000098480.jpg
2479.134765625	0.0	image/380	380	1269317	train2017/000000082650.jpg
2479.91796875	0.0	image/404	404	1269718	train2017/000000352129.jpg
2480.70703125	0.0	image/444	444	1270122	train2017/000000100396.jpg
2481.490234375	0.0	image/417	417	1270523	train2017/000000092001.jpg
2483.091796875	0.0	image/452	452	1271343	train2017/000000365218.jpg
2484.69140625	0.0	image/385	385	1272162	train2017/000000345751.jpg
2485.51953125	0.0	image/382	382	1272586	train2017/000000345149.jpg
2486.326171875	0.0	image/396	396	1272999	train2017/000000349363.jpg
2487.15234375	0.0	image/364	364	1273422	train2017/000000275335.jpg
2487.919921875	0.0	image/427	427	1273815	train2017/000000357228.jpg
2488.708984375	0.0	image/443	443	1274219	train2017/000000099580.jpg
2489.48828125	0.0	image/453	453	1274618	train2017/000000103366.jpg
2490.29296875	0.0	image/445	445	1275030	train2017/000000362677.jpg
2491.126953125	0.0	image/402	402	1275457	train2017/000000088835.jpg
2491.939453125	0.0	image/413	413	1275873	train2017/000000364806.jpg
2492.7265625	0.0	image/444	444	1276276	train2017/000000100396.jpg
2493.5390625	0.0	image/477	477	1276692	train2017/000000113593.jpg
2494.34375	0.0	image/449	449	1277104	train2017/000000101952.jpg
2495.12890625	0.0	image/383	383	1277506	train2017/000000083393.jpg
2495.9609375	0.0	image/423	423	1277932	train2017/000000355622.jpg
2496.7421875	0.0	image/417	417	1278332	train2017/000000092001.jpg
2497.57421875	0.0	image/391	391	1278758	train2017/000000346795.jpg
2498.396484375	0.0	image/430	430	1279179	train2017/000000357865.jpg
2499.1796875	0.0	image/367	367	1279580	train2017/000000080619.jpg
2499.974609375	0.0	image/439	439	1279987	train2017/000000361193.jpg
2500.796875	0.0	image/374	374	1280408	train2017/000000046372.jpg
2501.59375	0.0	image/432	432	1280816	train2017/000000096161.jpg
2502.41015625	0.0	image/425	425	1281234	train2017/000000356771.jpg
2503.21484375	0.0	image/373	373	1281646	train2017/000000081841.jpg
2503.9921875	0.0	image/437	437	1282044	train2017/000000060117.jpg
2504.759765625	0.0	image/386	386	1282437	train2017/000000083632.jpg
2505.55859375	0.0	image/426	426	1282846	train2017/000000357074.jpg
2506.34765625	0.0	image/365	365	1283250	train2017/000000080084.jpg
2507.16015625	0.0	image/422	422	1283666	train2017/000000059194.jpg
2507.96484375	0.0	image/364	364	1284078	train2017/000000275335.jpg
2508.798828125	0.0	image/459	459	1284505	train2017/000000366802.jpg
2510.44921875	0.0	image/414	414	1285350	train2017/000000091784.jpg
2511.265625	0.0	image/376	376	1285768	train2017/000000081995.jpg
2512.09375	0.0	image/480	480	1286192	train2017/000000376407.jpg
2512.916015625	0.0	image/450	450	1286613	train2017/000000570785.jpg
2513.728515625	0.0	image/378	378	1287029	train2017/000000319517.jpg
2514.52734375	0.0	image/477	477	1287438	train2017/000000113593.jpg
2515.318359375	0.0	image/376	376	1287843	train2017/000000081995.jpg
2516.130859375	0.0	image/455	455	1288259	train2017/000000104044.jpg
2516.951171875	0.0	image/368	368	1288679	train2017/000000008471.jpg
2517.734375	0.0	image/434	434	1289080	train2017/000000097201.jpg
2518.51953125	0.0	image/438	438	1289482	train2017/000000147547.jpg
2519.330078125	0.0	image/433	433	1289897	train2017/000000359085.jpg
2520.119140625	0.0	image/392	392	1290301	train2017/000000348204.jpg
2520.9140625	0.0	image/407	407	1290708	train2017/000000352724.jpg
2521.720703125	0.0	image/457	457	1291121	train2017/000000366396.jpg
2522.50390625	0.0	image/387	387	1291522	train2017/000000083738.jpg
2523.330078125	0.0	image/454	454	1291945	train2017/000000366146.jpg
2524.099609375	0.0	image/446	446	1292339	train2017/000000100599.jpg
2524.87109375	0.0	image/389	389	1292734	train2017/000000346583.jpg
2525.69921875	0.0	image/431	431	1293158	train2017/000000095828.jpg
2526.521484375	0.0	image/468	468	1293579	train2017/000000542304.jpg
2527.3046875	0.0	image/429	429	1293980	train2017/000000095337.jpg
2528.1328125	0.0	image/368	368	1294404	train2017/000000008471.jpg
2528.90625	0.0	image/418	418	1294800	train2017/000000092221.jpg
2529.716796875	0.0	image/462	462	1295215	train2017/000000368852.jpg
2530.5	0.0	image/451	451	1295616	train2017/000000365003.jpg
2531.306640625	0.0	image/397	397	1296029	train2017/000000087334.jpg
2532.134765625	0.0	image/404	404	1296453	train2017/000000352129.jpg
2532.900390625	0.0	image/398	398	1296845	train2017/000000087871.jpg
2533.72265625	0.0	image/466	466	1297266	train2017/000000107204.jpg
2534.55078125	0.0	image/438	438	1297690	train2017/000000147547.jpg
2535.373046875	0.0	image/452	452	1298111	train2017/000000365218.jpg
2536.951171875	0.0	image/363	363	1298919	train2017/000000079111.jpg
2537.7578125	0.0	image/401	401	1299332	train2017/000000088414.jpg
2539.375	0.0	image/473	473	1300160	train2017/000000372959.jpg
2540.17578125	0.0	image/467	467	1300570	train2017/000000017935.jpg
2540.9765625	0.0	image/468	468	1300980	train2017/000000542304.jpg
2541.775390625	0.0	image/433	433	1301389	train2017/000000359085.jpg
2543.392578125	0.0	image/411	411	1302217	train2017/000000091005.jpg
2544.17578125	0.0	image/415	415	1302618	train2017/000000354045.jpg
2545.009765625	0.0	image/474	474	1303045	train2017/000000373679.jpg
2545.826171875	0.0	image/410	410	1303463	train2017/000000090994.jpg
2546.65625	0.0	image/469	469	1303888	train2017/000000370369.jpg
2547.443359375	0.0	image/369	369	1304291	train2017/000000080987.jpg
2548.26171875	0.0	image/442	442	1304710	train2017/000000361648.jpg
2549.056640625	0.0	image/392	392	1305117	train2017/000000348204.jpg
2549.861328125	0.0	image/422	422	1305529	train2017/000000059194.jpg
2551.494140625	0.0	image/394	394	1306365	train2017/000000087126.jpg
2552.279296875	0.0	image/435	435	1306767	train2017/000000097218.jpg
2553.07421875	0.0	image/394	394	1307174	train2017/000000087126.jpg
2553.859375	0.0	image/472	472	1307576	train2017/000000110780.jpg
2555.509765625	0.0	image/461	461	1308421	train2017/000000106107.jpg
2556.330078125	0.0	image/377	377	1308841	train2017/000000450584.jpg
2557.9296875	0.0	image/464	464	1309660	train2017/000000369230.jpg
2558.71484375	0.0	image/384	384	1310062	train2017/000000345725.jpg
2559.5078125	0.0	image/373	373	1310468	train2017/000000081841.jpg
2561.115234375	0.0	image/408	408	1311291	train2017/000000352861.jpg
2561.943359375	0.0	image/460	460	1311715	train2017/000000367552.jpg
2562.736328125	0.0	image/467	467	1312121	train2017/000000017935.jpg
2564.310546875	0.0	image/410	410	1312927	train2017/000000090994.jpg
2565.8984375	0.0	image/390	390	1313740	train2017/000000346754.jpg
2566.6953125	0.0	image/405	405	1314148	train2017/000000189765.jpg
2567.4609375	0.0	image/401	401	1314540	train2017/000000088414.jpg
2568.228515625	0.0	image/388	388	1314933	train2017/000000084174.jpg
2569.029296875	0.0	image/465	465	1315343	train2017/000000369253.jpg
2569.845703125	0.0	image/470	470	1315761	train2017/000000110611.jpg
2571.451171875	0.0	image/366	366	1316583	train2017/000000080275.jpg
2572.24609375	0.0	image/395	395	1316990	train2017/000000087146.jpg
2573.068359375	0.0	image/383	383	1317411	train2017/000000083393.jpg
2573.86328125	0.0	image/393	393	1317818	train2017/000000086811.jpg
2574.685546875	0.0	image/412	412	1318239	train2017/000000408492.jpg
2575.49609375	0.0	image/429	429	1318654	train2017/000000095337.jpg
2576.296875	0.0	image/445	445	1319064	train2017/000000362677.jpg
2577.09765625	0.0	image/443	443	1319474	train2017/000000099580.jpg
2577.88671875	0.0	image/447	447	1319878	train2017/000000100863.jpg
2578.69921875	0.0	image/389	389	1320294	train2017/000000346583.jpg
2579.486328125	0.0	image/361	361	1320697	train2017/000000340317.jpg
2580.26953125	0.0	image/442	442	1321098	train2017/000000361648.jpg
2581.0703125	0.0	image/415	415	1321508	train2017/000000354045.jpg
2582.671875	0.0	image/464	464	1322328	train2017/000000369230.jpg
2583.50390625	0.0	image/420	420	1322754	train2017/000000092353.jpg
2584.2890625	0.0	image/440	440	1323156	train2017/000000361197.jpg
2585.099609375	0.0	image/450	450	1323571	train2017/000000570785.jpg
2585.90625	0.0	image/465	465	1323984	train2017/000000369253.jpg
2586.73828125	0.0	image/413	413	1324410	train2017/000000364806.jpg
2587.572265625	0.0	image/416	416	1324837	train2017/000000354095.jpg
2588.3515625	0.0	image/440	440	1325236	train2017/000000361197.jpg
2589.134765625	0.0	image/425	425	1325637	train2017/000000356771.jpg
2589.91796875	0.0	image/448	448	1326038	train2017/000000101069.jpg
2590.689453125	0.0	image/420	420	1326433	train2017/000000092353.jpg
2591.490234375	0.0	image/426	426	1326843	train2017/000000357074.jpg
2592.32421875	0.0	image/408	408	1327270	train2017/000000352861.jpg
2593.134765625	0.0	image/372	372	1327685	train2017/000000081474.jpg
2593.91796875	0.0	image/395	395	1328086	train2017/000000087146.jpg
2594.685546875	0.0	image/437	437	1328479	train2017/000000060117.jpg
2595.45703125	0.0	image/447	447	1328874	train2017/000000100863.jpg
2596.2421875	0.0	image/475	475	1329276	train2017/000000373970.jpg
2597.025390625	0.0	image/441	441	1329677	train2017/000000099363.jpg
2597.859375	0.0	image/371	371	1330104	train2017/000000081365.jpg
2598.6875	0.0	image/391	391	1330528	train2017/000000346795.jpg
2599.470703125	0.0	image/419	419	1330929	train2017/000000092288.jpg
2600.23828125	0.0	image/381	381	1331322	train2017/000000082770.jpg
2601.04296875	0.0	image/369	369	1331734	train2017/000000080987.jpg
2601.826171875	0.0	image/459	459	1332135	train2017/000000366802.jpg
2602.62109375	0.0	image/421	421	1332542	train2017/000000354761.jpg
2604.22265625	0.0	image/441	441	1333362	train2017/000000099363.jpg
2605.845703125	0.0	image/375	375	1334193	train2017/000000081961.jpg
2606.677734375	0.0	image/463	463	1334619	train2017/000000369171.jpg
2607.462890625	0.0	image/475	475	1335021	train2017/000000373970.jpg
2608.24609375	0.0	image/470	470	1335422	train2017/000000110611.jpg
2615.439453125	0.0	image/517	517	1339105	train2017/000000123891.jpg
2616.255859375	0.0	image/522	522	1339523	train2017/000000125586.jpg
2617.056640625	0.0	image/594	594	1339933	train2017/000000404823.jpg
2617.833984375	0.0	image/509	509	1340331	train2017/000000384235.jpg
2618.638671875	0.0	image/537	537	1340743	train2017/000000371353.jpg
2619.43359375	0.0	image/487	487	1341150	train2017/000000115637.jpg
2620.97265625	0.0	image/588	588	1341938	train2017/000000403739.jpg
2621.755859375	0.0	image/544	544	1342339	train2017/000000394008.jpg
2622.583984375	0.0	image/599	599	1342763	train2017/000000388853.jpg
2623.390625	0.0	image/497	497	1343176	train2017/000000282032.jpg
2624.20703125	0.0	image/513	513	1343594	train2017/000000282631.jpg
2625.037109375	0.0	image/549	549	1344019	train2017/000000197068.jpg
2625.82421875	0.0	image/585	585	1344422	train2017/000000140724.jpg
2626.625	0.0	image/520	520	1344832	train2017/000000125042.jpg
2627.4375	0.0	image/592	592	1345248	train2017/000000504289.jpg
2628.25390625	0.0	image/546	546	1345666	train2017/000000133281.jpg
2629.0546875	0.0	image/513	513	1346076	train2017/000000282631.jpg
2629.8203125	0.0	image/584	584	1346468	train2017/000000285588.jpg
2630.626953125	0.0	image/538	538	1346881	train2017/000000130973.jpg
2631.421875	0.0	image/483	483	1347288	train2017/000000376858.jpg
2632.205078125	0.0	image/492	492	1347689	train2017/000000150636.jpg
2633.84375	0.0	image/498	498	1348528	train2017/000000119669.jpg
2634.677734375	0.0	image/583	583	1348955	train2017/000000198195.jpg
2635.494140625	0.0	image/540	540	1349373	train2017/000000021826.jpg
2636.310546875	0.0	image/529	529	1349791	train2017/000000129060.jpg
2637.10546875	0.0	image/494	494	1350198	train2017/000000380227.jpg
2637.873046875	0.0	image/500	500	1350591	train2017/000000381961.jpg
2638.6953125	0.0	image/555	555	1351012	train2017/000000397192.jpg
2639.5234375	0.0	image/586	586	1351436	train2017/000000154556.jpg
2641.0625	0.0	image/514	514	1352224	train2017/000000282707.jpg
2641.86328125	0.0	image/569	569	1352634	train2017/000000138153.jpg
2642.67578125	0.0	image/556	556	1353050	train2017/000000135316.jpg
2643.447265625	0.0	image/481	481	1353445	train2017/000000114274.jpg
2644.263671875	0.0	image/565	565	1353863	train2017/000000197656.jpg
2645.04296875	0.0	image/539	539	1354262	train2017/000000131011.jpg
2645.84765625	0.0	image/549	549	1354674	train2017/000000197068.jpg
2646.67578125	0.0	image/595	595	1355098	train2017/000000142803.jpg
2647.4609375	0.0	image/499	499	1355500	train2017/000000575164.jpg
2648.265625	0.0	image/493	493	1355912	train2017/000000379713.jpg
2649.09375	0.0	image/535	535	1356336	train2017/000000392851.jpg
2649.87890625	0.0	image/572	572	1356738	train2017/000000138785.jpg
2650.666015625	0.0	image/500	500	1357141	train2017/000000381961.jpg
2651.494140625	0.0	image/598	598	1357565	train2017/000000405437.jpg
2652.259765625	0.0	image/526	526	1357957	train2017/000000389582.jpg
2653.06640625	0.0	image/523	523	1358370	train2017/000000125703.jpg
2653.8828125	0.0	image/581	581	1358788	train2017/000000402199.jpg
2654.666015625	0.0	image/541	541	1359189	train2017/000000131524.jpg
2655.5	0.0	image/554	554	1359616	train2017/000000135032.jpg
2656.31640625	0.0	image/525	525	1360034	train2017/000000388980.jpg
2657.150390625	0.0	image/568	568	1360461	train2017/000000399984.jpg
2657.984375	0.0	image/482	482	1360888	train2017/000000376643.jpg
2658.78515625	0.0	image/556	556	1361298	train2017/000000135316.jpg
2659.580078125	0.0	image/534	534	1361705	train2017/000000130681.jpg
2660.3515625	0.0	image/557	557	1362100	train2017/000000022627.jpg
2661.16796875	0.0	image/540	540	1362518	train2017/000000021826.jpg
2661.998046875	0.0	image/519	519	1362943	train2017/000000124747.jpg
2663.5859375	0.0	image/564	564	1363756	train2017/000000399162.jpg
2665.1875	0.0	image/555	555	1364576	train2017/000000397192.jpg
2665.998046875	0.0	image/529	529	1364991	train2017/000000129060.jpg
2666.8046875	0.0	image/570	570	1365404	train2017/000000400581.jpg
2667.58203125	0.0	image/577	577	1365802	train2017/000000139561.jpg
2669.171875	0.0	image/544	544	1366616	train2017/000000394008.jpg
2669.970703125	0.0	image/563	563	1367025	train2017/000000398540.jpg
2670.8046875	0.0	image/558	558	1367452	train2017/000000398083.jpg
2671.61328125	0.0	image/489	489	1367866	train2017/000000115967.jpg
2672.373046875	0.0	image/521	521	1368255	train2017/000000387318.jpg
2673.15234375	0.0	image/572	572	1368654	train2017/000000138785.jpg
2673.96875	0.0	image/559	559	1369072	train2017/000000135965.jpg
2674.755859375	0.0	image/553	553	1369475	train2017/000000134562.jpg
2675.55078125	0.0	image/586	586	1369882	train2017/000000154556.jpg
2676.3359375	0.0	image/552	552	1370284	train2017/000000396550.jpg
2677.15625	0.0	image/533	533	1370704	train2017/000000392556.jpg
2677.990234375	0.0	image/571	571	1371131	train2017/000000229233.jpg
2678.82421875	0.0	image/507	507	1371558	train2017/000000383652.jpg
2679.640625	0.0	image/573	573	1371976	train2017/000000138904.jpg
2680.423828125	0.0	image/590	590	1372377	train2017/000000404007.jpg
2681.220703125	0.0	image/576	576	1372785	train2017/000000401699.jpg
2682.0078125	0.0	image/495	495	1373188	train2017/000000380729.jpg
2682.7890625	0.0	image/497	497	1373588	train2017/000000282032.jpg
2683.576171875	0.0	image/485	485	1373991	train2017/000000377576.jpg
2684.359375	0.0	image/501	501	1374392	train2017/000000353175.jpg
2685.13671875	0.0	image/504	504	1374790	train2017/000000382951.jpg
2685.958984375	0.0	image/484	484	1375211	train2017/000000114822.jpg
2687.52734375	0.0	image/580	580	1376014	train2017/000000402057.jpg
2688.310546875	0.0	image/524	524	1376415	train2017/000000125725.jpg
2689.14453125	0.0	image/595	595	1376842	train2017/000000142803.jpg
2689.921875	0.0	image/520	520	1377240	train2017/000000125042.jpg
2690.70703125	0.0	image/510	510	1377642	train2017/000000544738.jpg
2691.52734375	0.0	image/491	491	1378062	train2017/000000116603.jpg
2693.095703125	0.0	image/574	574	1378865	train2017/000000139344.jpg
2693.87890625	0.0	image/541	541	1379266	train2017/000000131524.jpg
2694.662109375	0.0	image/596	596	1379667	train2017/000000405215.jpg
2695.474609375	0.0	image/546	546	1380083	train2017/000000133281.jpg
2696.279296875	0.0	image/527	527	1380495	train2017/000000390120.jpg
2697.0625	0.0	image/600	600	1380896	train2017/000000143420.jpg
2697.857421875	0.0	image/597	597	1381303	train2017/000000143245.jpg
2698.6640625	0.0	image/538	538	1381716	train2017/000000130973.jpg
2700.248046875	0.0	image/576	576	1382527	train2017/000000401699.jpg
2701.025390625	0.0	image/493	493	1382925	train2017/000000379713.jpg
2701.83203125	0.0	image/511	511	1383338	train2017/000000122776.jpg
2702.658203125	0.0	image/581	581	1383761	train2017/000000402199.jpg
2703.482421875	0.0	image/593	593	1384183	train2017/000000196777.jpg
2704.29296875	0.0	image/590	590	1384598	train2017/000000404007.jpg
2705.078125	0.0	image/495	495	1385000	train2017/000000380729.jpg
2705.8984375	0.0	image/518	518	1385420	train2017/000000124711.jpg
2706.6953125	0.0	image/548	548	1385828	train2017/000000395775.jpg
2708.30078125	0.0	image/506	506	1386650	train2017/000000383641.jpg
2709.12890625	0.0	image/525	525	1387074	train2017/000000388980.jpg
2709.93359375	0.0	image/567	567	1387486	train2017/000000137706.jpg
2710.74609375	0.0	image/515	515	1387902	train2017/000000123692.jpg
2711.55078125	0.0	image/527	527	1388314	train2017/000000390120.jpg
2712.3671875	0.0	image/537	537	1388732	train2017/000000371353.jpg
2713.98046875	0.0	image/596	596	1389558	train2017/000000405215.jpg
2714.763671875	0.0	image/524	524	1389959	train2017/000000125725.jpg
2715.548828125	0.0	image/554	554	1390361	train2017/000000135032.jpg
2716.318359375	0.0	image/494	494	1390755	train2017/000000380227.jpg
2717.1015625	0.0	image/506	506	1391156	train2017/000000383641.jpg
2718.703125	0.0	image/597	597	1391976	train2017/000000143245.jpg
2719.51953125	0.0	image/488	488	1392394	train2017/000000115649.jpg
2720.296875	0.0	image/574	574	1392792	train2017/000000139344.jpg
2721.87109375	0.0	image/553	553	1393598	train2017/000000134562.jpg
2722.654296875	0.0	image/532	532	1393999	train2017/000000130181.jpg
2723.44921875	0.0	image/536	536	1394406	train2017/000000196584.jpg
2724.271484375	0.0	image/511	511	1394827	train2017/000000122776.jpg
2725.0546875	0.0	image/517	517	1395228	train2017/000000123891.jpg
2726.638671875	0.0	image/530	530	1396039	train2017/000000391678.jpg
2727.47265625	0.0	image/535	535	1396466	train2017/000000392851.jpg
2729.0390625	0.0	image/587	587	1397268	train2017/000000403535.jpg
2729.8515625	0.0	image/547	547	1397684	train2017/000000395758.jpg
2730.634765625	0.0	image/528	528	1398085	train2017/000000239828.jpg
2731.41796875	0.0	image/562	562	1398486	train2017/000000022696.jpg
2732.234375	0.0	image/508	508	1398904	train2017/000000413472.jpg
2733.0234375	0.0	image/502	502	1399308	train2017/000000120655.jpg
2734.65234375	0.0	image/496	496	1400142	train2017/000000380989.jpg
2735.45703125	0.0	image/551	551	1400554	train2017/000000134169.jpg
2736.28515625	0.0	image/531	531	1400978	train2017/000000391754.jpg
2737.087890625	0.0	image/552	552	1401389	train2017/000000396550.jpg
2737.875	0.0	image/565	565	1401792	train2017/000000197656.jpg
2738.708984375	0.0	image/531	531	1402219	train2017/000000391754.jpg
2739.48828125	0.0	image/507	507	1402618	train2017/000000383652.jpg
2740.267578125	0.0	image/533	533	1403017	train2017/000000392556.jpg
2741.0546875	0.0	image/562	562	1403420	train2017/000000022696.jpg
2741.859375	0.0	image/545	545	1403832	train2017/000000131967.jpg
2742.66015625	0.0	image/578	578	1404242	train2017/000000401720.jpg
2743.47265625	0.0	image/545	545	1404658	train2017/000000131967.jpg
2744.27734375	0.0	image/559	559	1405070	train2017/000000135965.jpg
2745.060546875	0.0	image/564	564	1405471	train2017/000000399162.jpg
2745.861328125	0.0	image/534	534	1405881	train2017/000000130681.jpg
2746.64453125	0.0	image/591	591	1406282	train2017/000000404282.jpg
2747.423828125	0.0	image/512	512	1406681	train2017/000000122811.jpg
2748.24609375	0.0	image/510	510	1407102	train2017/000000544738.jpg
2749.078125	0.0	image/503	503	1407528	train2017/000000382890.jpg
2749.861328125	0.0	image/539	539	1407929	train2017/000000131011.jpg
2750.6796875	0.0	image/589	589	1408348	train2017/000000403789.jpg
2751.4609375	0.0	image/516	516	1408748	train2017/000000385864.jpg
2752.263671875	0.0	image/504	504	1409159	train2017/000000382951.jpg
2753.04296875	0.0	image/492	492	1409558	train2017/000000150636.jpg
2753.845703125	0.0	image/584	584	1409969	train2017/000000285588.jpg
2755.498046875	0.0	image/583	583	1410815	train2017/000000198195.jpg
2756.330078125	0.0	image/486	486	1411241	train2017/000000377703.jpg
2757.1484375	0.0	image/568	568	1411660	train2017/000000399984.jpg
2757.94140625	0.0	image/528	528	1412066	train2017/000000239828.jpg
2759.53125	0.0	image/567	567	1412880	train2017/000000137706.jpg
2760.34765625	0.0	image/560	560	1413298	train2017/000000136111.jpg
2761.14453125	0.0	image/542	542	1413706	train2017/000000284089.jpg
2761.94921875	0.0	image/536	536	1414118	train2017/000000196584.jpg
2762.732421875	0.0	image/600	600	1414519	train2017/000000143420.jpg
2763.544921875	0.0	image/532	532	1414935	train2017/000000130181.jpg
2764.3671875	0.0	image/557	557	1415356	train2017/000000022627.jpg
2765.197265625	0.0	image/542	542	1415781	train2017/000000284089.jpg
2766.017578125	0.0	image/573	573	1416201	train2017/000000138904.jpg
2766.828125	0.0	image/591	591	1416616	train2017/000000404282.jpg
2767.634765625	0.0	image/589	589	1417029	train2017/000000403789.jpg
2768.4453125	0.0	image/594	594	1417444	train2017/000000404823.jpg
2769.25	0.0	image/487	487	1417856	train2017/000000115637.jpg
2770.068359375	0.0	image/512	512	1418275	train2017/000000122811.jpg
2770.845703125	0.0	image/550	550	1418673	train2017/000000066014.jpg
2771.65234375	0.0	image/561	561	1419086	train2017/000000136142.jpg
2772.453125	0.0	image/599	599	1419496	train2017/000000388853.jpg
2773.251953125	0.0	image/550	550	1419905	train2017/000000066014.jpg
2774.0859375	0.0	image/509	509	1420332	train2017/000000384235.jpg
2774.86328125	0.0	image/566	566	1420730	train2017/000000399835.jpg
2775.630859375	0.0	image/505	505	1421123	train2017/000000120987.jpg
2776.416015625	0.0	image/560	560	1421525	train2017/000000136111.jpg
2777.236328125	0.0	image/515	515	1421945	train2017/000000123692.jpg
2778.037109375	0.0	image/585	585	1422355	train2017/000000140724.jpg
2778.853515625	0.0	image/518	518	1422773	train2017/000000124711.jpg
2779.666015625	0.0	image/482	482	1423189	train2017/000000376643.jpg
2781.271484375	0.0	image/579	579	1424011	train2017/000000139815.jpg
2782.099609375	0.0	image/593	593	1424435	train2017/000000196777.jpg
2782.921875	0.0	image/598	598	1424856	train2017/000000405437.jpg
2783.72265625	0.0	image/519	519	1425266	train2017/000000124747.jpg
2784.517578125	0.0	image/514	514	1425673	train2017/000000282707.jpg
2785.2890625	0.0	image/563	563	1426068	train2017/000000398540.jpg
2786.072265625	0.0	image/570	570	1426469	train2017/000000400581.jpg
2786.8671875	0.0	image/577	577	1426876	train2017/000000139561.jpg
2787.63671875	0.0	image/485	485	1427270	train2017/000000377576.jpg
2788.45703125	0.0	image/508	508	1427690	train2017/000000413472.jpg
2789.2578125	0.0	image/481	481	1428100	train2017/000000114274.jpg
2790.091796875	0.0	image/575	575	1428527	train2017/000000139551.jpg
2790.869140625	0.0	image/571	571	1428925	train2017/000000229233.jpg
2791.69140625	0.0	image/547	547	1429346	train2017/000000395758.jpg
2792.490234375	0.0	image/575	575	1429755	train2017/000000139551.jpg
2793.25	0.0	image/490	490	1430144	train2017/000000116588.jpg
2794.025390625	0.0	image/551	551	1430541	train2017/000000134169.jpg
2794.8046875	0.0	image/523	523	1430940	train2017/000000125703.jpg
2795.625	0.0	image/484	484	1431360	train2017/000000114822.jpg
2797.27734375	0.0	image/496	496	1432206	train2017/000000380989.jpg
2798.109375	0.0	image/498	498	1432632	train2017/000000119669.jpg
2798.9375	0.0	image/486	486	1433056	train2017/000000377703.jpg
2799.744140625	0.0	image/566	566	1433469	train2017/000000399835.jpg
2800.544921875	0.0	image/489	489	1433879	train2017/000000115967.jpg
2802.111328125	0.0	image/526	526	1434681	train2017/000000389582.jpg
2802.90625	0.0	image/543	543	1435088	train2017/000000131763.jpg
2803.728515625	0.0	image/499	499	1435509	train2017/000000575164.jpg
2804.541015625	0.0	image/578	578	1435925	train2017/000000401720.jpg
2806.15625	0.0	image/502	502	1436752	train2017/000000120655.jpg
2806.962890625	0.0	image/505	505	1437165	train2017/000000120987.jpg
2807.779296875	0.0	image/522	522	1437583	train2017/000000125586.jpg
2808.580078125	0.0	image/543	543	1437993	train2017/000000131763.jpg
2809.4140625	0.0	image/582	582	1438420	train2017/000000140590.jpg
2810.197265625	0.0	image/579	579	1438821	train2017/000000139815.jpg
2811.013671875	0.0	image/488	488	1439239	train2017/000000115649.jpg
2811.82421875	0.0	image/516	516	1439654	train2017/000000385864.jpg
2812.59765625	0.0	image/558	558	1440050	train2017/000000398083.jpg
2813.3984375	0.0	image/548	548	1440460	train2017/000000395775.jpg
2814.181640625	0.0	image/483	483	1440861	train2017/000000376858.jpg
2815.013671875	0.0	image/569	569	1441287	train2017/000000138153.jpg
2815.798828125	0.0	image/491	491	1441689	train2017/000000116603.jpg
2816.58203125	0.0	image/503	503	1442090	train2017/000000382890.jpg
2817.3828125	0.0	image/490	490	1442500	train2017/000000116588.jpg
2818.1640625	0.0	image/592	592	1442900	train2017/000000504289.jpg
2818.94921875	0.0	image/587	587	1443302	train2017/000000403535.jpg
2819.767578125	0.0	image/588	588	1443721	train2017/000000403739.jpg
2820.55078125	0.0	image/501	501	1444122	train2017/000000353175.jpg
2821.3671875	0.0	image/521	521	1444540	train2017/000000387318.jpg
2822.177734375	0.0	image/561	561	1444955	train2017/000000136142.jpg
2823.0	0.0	image/580	580	1445376	train2017/000000402057.jpg
2824.634765625	0.0	image/530	530	1446213	train2017/000000391678.jpg
2825.435546875	0.0	image/582	582	1446623	train2017/000000140590.jpg
2833.62890625	0.0	image/630	630	1450818	train2017/000000462134.jpg
2834.4453125	0.0	image/705	705	1451236	train2017/000000028930.jpg
2835.2734375	0.0	image/630	630	1451660	train2017/000000462134.jpg
2836.046875	0.0	image/666	666	1452056	train2017/000000161062.jpg
2836.845703125	0.0	image/717	717	1452465	train2017/000000438154.jpg
2837.6796875	0.0	image/652	652	1452892	train2017/000000113449.jpg
2838.513671875	0.0	image/682	682	1453319	train2017/000000014269.jpg
2839.296875	0.0	image/633	633	1453720	train2017/000000414176.jpg
2840.09765625	0.0	image/675	675	1454130	train2017/000000163250.jpg
2840.876953125	0.0	image/626	626	1454529	train2017/000000412922.jpg
2841.697265625	0.0	image/693	693	1454949	train2017/000000431764.jpg
2842.525390625	0.0	image/624	624	1455373	train2017/000000412857.jpg
2843.33203125	0.0	image/665	665	1455786	train2017/000000160735.jpg
2844.14453125	0.0	image/601	601	1456202	train2017/000000143594.jpg
2844.96484375	0.0	image/700	700	1456622	train2017/000000170968.jpg
2846.56640625	0.0	image/714	714	1457442	train2017/000000437516.jpg
2847.349609375	0.0	image/612	612	1457843	train2017/000000408965.jpg
2848.177734375	0.0	image/670	670	1458267	train2017/000000423488.jpg
2848.982421875	0.0	image/686	686	1458679	train2017/000000428691.jpg
2849.765625	0.0	image/691	691	1459080	train2017/000000168690.jpg
2851.3671875	0.0	image/691	691	1459900	train2017/000000168690.jpg
2852.1953125	0.0	image/701	701	1460324	train2017/000000079701.jpg
2852.982421875	0.0	image/705	705	1460727	train2017/000000028930.jpg
2853.818359375	0.0	image/694	694	1461155	train2017/000000431825.jpg
2855.40234375	0.0	image/626	626	1461966	train2017/000000412922.jpg
2856.23046875	0.0	image/716	716	1462390	train2017/000000437967.jpg
2857.013671875	0.0	image/605	605	1462791	train2017/000000406595.jpg
2857.78515625	0.0	image/610	610	1463186	train2017/000000146256.jpg
2858.5859375	0.0	image/675	675	1463596	train2017/000000163250.jpg
2859.3828125	0.0	image/667	667	1464004	train2017/000000423209.jpg
2860.203125	0.0	image/649	649	1464424	train2017/000000418115.jpg
2861.01953125	0.0	image/720	720	1464842	train2017/000000176728.jpg
2861.818359375	0.0	image/610	610	1465251	train2017/000000146256.jpg
2863.404296875	0.0	image/639	639	1466063	train2017/000000415026.jpg
2864.1875	0.0	image/709	709	1466464	train2017/000000174303.jpg
2865.00390625	0.0	image/679	679	1466882	train2017/000000164564.jpg
2865.8046875	0.0	image/711	711	1467292	train2017/000000174504.jpg
2866.615234375	0.0	image/680	680	1467707	train2017/000000485595.jpg
2867.40625	0.0	image/674	674	1468112	train2017/000000425135.jpg
2868.18359375	0.0	image/712	712	1468510	train2017/000000174522.jpg
2868.966796875	0.0	image/618	618	1468911	train2017/000000149791.jpg
2869.767578125	0.0	image/659	659	1469321	train2017/000000159680.jpg
2870.568359375	0.0	image/650	650	1469731	train2017/000000419212.jpg
2871.390625	0.0	image/687	687	1470152	train2017/000000428726.jpg
2872.21875	0.0	image/603	603	1470576	train2017/000000144193.jpg
2873.017578125	0.0	image/673	673	1470985	train2017/000000424138.jpg
2874.591796875	0.0	image/617	617	1471791	train2017/000000411475.jpg
2875.3828125	0.0	image/657	657	1472196	train2017/000000419586.jpg
2876.17578125	0.0	image/661	661	1472602	train2017/000000160142.jpg
2876.958984375	0.0	image/710	710	1473003	train2017/000000436578.jpg
2878.576171875	0.0	image/703	703	1473831	train2017/000000171374.jpg
2879.359375	0.0	image/616	616	1474232	train2017/000000149221.jpg
2880.171875	0.0	image/703	703	1474648	train2017/000000171374.jpg
2880.994140625	0.0	image/661	661	1475069	train2017/000000160142.jpg
2881.7890625	0.0	image/671	671	1475476	train2017/000000161836.jpg
2882.59375	0.0	image/715	715	1475888	train2017/000000175715.jpg
2883.376953125	0.0	image/718	718	1476289	train2017/000000176085.jpg
2884.16015625	0.0	image/613	613	1476690	train2017/000000147331.jpg
2884.921875	0.0	image/643	643	1477080	train2017/000000416279.jpg
2885.705078125	0.0	image/602	602	1477481	train2017/000000406292.jpg
2887.27734375	0.0	image/656	656	1478286	train2017/000000157342.jpg
2888.095703125	0.0	image/631	631	1478705	train2017/000000151414.jpg
2888.912109375	0.0	image/713	713	1479123	train2017/000000291280.jpg
2889.712890625	0.0	image/601	601	1479533	train2017/000000143594.jpg
2890.529296875	0.0	image/625	625	1479951	train2017/000000369367.jpg
2891.3125	0.0	image/647	647	1480352	train2017/000000417264.jpg
2892.9296875	0.0	image/667	667	1481180	train2017/000000423209.jpg
2893.712890625	0.0	image/609	609	1481581	train2017/000000504888.jpg
2894.525390625	0.0	image/696	696	1481997	train2017/000000028367.jpg
2896.115234375	0.0	image/639	639	1482811	train2017/000000415026.jpg
2896.91015625	0.0	image/615	615	1483218	train2017/000000148263.jpg
2897.697265625	0.0	image/669	669	1483621	train2017/000000161328.jpg
2898.515625	0.0	image/668	668	1484040	train2017/000000423222.jpg
2899.29296875	0.0	image/607	607	1484438	train2017/000000461187.jpg
2900.076171875	0.0	image/636	636	1484839	train2017/000000549729.jpg
2900.8828125	0.0	image/619	619	1485252	train2017/000000149810.jpg
2902.482421875	0.0	image/627	627	1486071	train2017/000000150931.jpg
2903.298828125	0.0	image/648	648	1486489	train2017/000000417700.jpg
2904.111328125	0.0	image/659	659	1486905	train2017/000000159680.jpg
2904.896484375	0.0	image/623	623	1487307	train2017/000000412855.jpg
2905.7109375	0.0	image/692	692	1487724	train2017/000000169262.jpg
2906.49609375	0.0	image/609	609	1488126	train2017/000000504888.jpg
2907.26171875	0.0	image/605	605	1488518	train2017/000000406595.jpg
2908.068359375	0.0	image/604	604	1488931	train2017/000000406445.jpg
2908.896484375	0.0	image/676	676	1489355	train2017/000000163263.jpg
2909.685546875	0.0	image/616	616	1489759	train2017/000000149221.jpg
2910.51171875	0.0	image/685	685	1490182	train2017/000000166504.jpg
2911.28125	0.0	image/708	708	1490576	train2017/000000174213.jpg
2912.1015625	0.0	image/649	649	1490996	train2017/000000418115.jpg
2912.88671875	0.0	image/698	698	1491398	train2017/000000433021.jpg
2913.685546875	0.0	image/697	697	1491807	train2017/000000433019.jpg
2914.50390625	0.0	image/606	606	1492226	train2017/000000407778.jpg
2915.302734375	0.0	image/638	638	1492635	train2017/000000414853.jpg
2916.904296875	0.0	image/669	669	1493455	train2017/000000161328.jpg
2917.69921875	0.0	image/611	611	1493862	train2017/000000408922.jpg
2918.46484375	0.0	image/651	651	1494254	train2017/000000156084.jpg
2919.265625	0.0	image/636	636	1494664	train2017/000000549729.jpg
2920.8828125	0.0	image/628	628	1495492	train2017/000000151163.jpg
2921.689453125	0.0	image/674	674	1495905	train2017/000000425135.jpg
2922.482421875	0.0	image/656	656	1496311	train2017/000000157342.jpg
2923.25	0.0	image/655	655	1496704	train2017/000000157181.jpg
2924.056640625	0.0	image/717	717	1497117	train2017/000000438154.jpg
2924.8671875	0.0	image/614	614	1497532	train2017/000000147694.jpg
2925.65234375	0.0	image/699	699	1497934	train2017/000000170917.jpg
2927.240234375	0.0	image/657	657	1498747	train2017/000000419586.jpg
2928.890625	0.0	image/712	712	1499592	train2017/000000174522.jpg
2929.669921875	0.0	image/654	654	1499991	train2017/000000157125.jpg
2930.45703125	0.0	image/664	664	1500394	train2017/000000551063.jpg
2931.2421875	0.0	image/631	631	1500796	train2017/000000151414.jpg
2932.052734375	0.0	image/628	628	1501211	train2017/000000151163.jpg
2932.8203125	0.0	image/709	709	1501604	train2017/000000174303.jpg
2933.609375	0.0	image/618	618	1502008	train2017/000000149791.jpg
2934.42578125	0.0	image/715	715	1502426	train2017/000000175715.jpg
2935.203125	0.0	image/700	700	1502824	train2017/000000170968.jpg
2936.025390625	0.0	image/608	608	1503245	train2017/000000024287.jpg
2936.810546875	0.0	image/704	704	1503647	train2017/000000420713.jpg
2937.63671875	0.0	image/641	641	1504070	train2017/000000415608.jpg
2938.4609375	0.0	image/701	701	1504492	train2017/000000079701.jpg
2939.271484375	0.0	image/629	629	1504907	train2017/000000151307.jpg
2940.8515625	0.0	image/668	668	1505716	train2017/000000423222.jpg
2941.65625	0.0	image/677	677	1506128	train2017/000000425712.jpg
2942.478515625	0.0	image/684	684	1506549	train2017/000000166489.jpg
2943.287109375	0.0	image/644	644	1506963	train2017/000000154207.jpg
2944.0703125	0.0	image/718	718	1507364	train2017/000000176085.jpg
2944.83984375	0.0	image/622	622	1507758	train2017/000000150559.jpg
2945.62890625	0.0	image/632	632	1508162	train2017/000000068996.jpg
2946.412109375	0.0	image/695	695	1508563	train2017/000000284987.jpg
2947.23046875	0.0	image/686	686	1508982	train2017/000000428691.jpg
2948.013671875	0.0	image/614	614	1509383	train2017/000000147694.jpg
2948.82421875	0.0	image/692	692	1509798	train2017/000000169262.jpg
2949.626953125	0.0	image/690	690	1510209	train2017/000000043829.jpg
2950.447265625	0.0	image/682	682	1510629	train2017/000000014269.jpg
2951.275390625	0.0	image/666	666	1511053	train2017/000000161062.jpg
2952.080078125	0.0	image/606	606	1511465	train2017/000000407778.jpg
2952.85546875	0.0	image/704	704	1511862	train2017/000000420713.jpg
2953.609375	0.0	image/719	719	1512248	train2017/000000438751.jpg
2954.431640625	0.0	image/629	629	1512669	train2017/000000151307.jpg
2955.265625	0.0	image/640	640	1513096	train2017/000000162230.jpg
2956.08203125	0.0	image/658	658	1513514	train2017/000000563961.jpg
2956.876953125	0.0	image/641	641	1513921	train2017/000000415608.jpg
2957.6484375	0.0	image/612	612	1514316	train2017/000000408965.jpg
2959.265625	0.0	image/708	708	1515144	train2017/000000174213.jpg
2960.0625	0.0	image/678	678	1515552	train2017/000000164502.jpg
2960.884765625	0.0	image/645	645	1515973	train2017/000000416972.jpg
2961.6796875	0.0	image/646	646	1516380	train2017/000000417141.jpg
2962.462890625	0.0	image/689	689	1516781	train2017/000000508456.jpg
2963.25	0.0	image/690	690	1517184	train2017/000000043829.jpg
2964.080078125	0.0	image/652	652	1517609	train2017/000000113449.jpg
2964.8515625	0.0	image/702	702	1518004	train2017/000000171328.jpg
2965.634765625	0.0	image/653	653	1518405	train2017/000000157119.jpg
2966.435546875	0.0	image/688	688	1518815	train2017/000000166764.jpg
2967.23046875	0.0	image/646	646	1519222	train2017/000000417141.jpg
2968.052734375	0.0	image/621	621	1519643	train2017/000000150196.jpg
2968.853515625	0.0	image/713	713	1520053	train2017/000000291280.jpg
2970.453125	0.0	image/655	655	1520872	train2017/000000157181.jpg
2971.25390625	0.0	image/637	637	1521282	train2017/000000506039.jpg
2972.087890625	0.0	image/664	664	1521709	train2017/000000551063.jpg
2972.87109375	0.0	image/676	676	1522110	train2017/000000163263.jpg
2973.650390625	0.0	image/637	637	1522509	train2017/000000506039.jpg
2974.453125	0.0	image/638	638	1522920	train2017/000000414853.jpg
2975.28125	0.0	image/644	644	1523344	train2017/000000154207.jpg
2976.85546875	0.0	image/635	635	1524150	train2017/000000152328.jpg
2977.65625	0.0	image/719	719	1524560	train2017/000000438751.jpg
2978.484375	0.0	image/603	603	1524984	train2017/000000144193.jpg
2979.255859375	0.0	image/620	620	1525379	train2017/000000153394.jpg
2980.0390625	0.0	image/706	706	1525780	train2017/000000435902.jpg
2981.640625	0.0	image/699	699	1526600	train2017/000000170917.jpg
2983.22265625	0.0	image/677	677	1527410	train2017/000000425712.jpg
2984.03515625	0.0	image/642	642	1527826	train2017/000000154011.jpg
2984.83984375	0.0	image/648	648	1528238	train2017/000000417700.jpg
2985.619140625	0.0	image/633	633	1528637	train2017/000000414176.jpg
2986.404296875	0.0	image/660	660	1529039	train2017/000000422268.jpg
2987.224609375	0.0	image/622	622	1529459	train2017/000000150559.jpg
2988.01953125	0.0	image/689	689	1529866	train2017/000000508456.jpg
2988.826171875	0.0	image/645	645	1530279	train2017/000000416972.jpg
2989.609375	0.0	image/665	665	1530680	train2017/000000160735.jpg
2990.42578125	0.0	image/697	697	1531098	train2017/000000433019.jpg
2991.259765625	0.0	image/604	604	1531525	train2017/000000406445.jpg
2992.04296875	0.0	image/685	685	1531926	train2017/000000166504.jpg
2992.876953125	0.0	image/658	658	1532353	train2017/000000563961.jpg
2993.66015625	0.0	image/615	615	1532754	train2017/000000148263.jpg
2994.439453125	0.0	image/681	681	1533153	train2017/000000427729.jpg
2995.259765625	0.0	image/662	662	1533573	train2017/000000160181.jpg
2996.060546875	0.0	image/654	654	1533983	train2017/000000157125.jpg
2996.888671875	0.0	image/663	663	1534407	train2017/000000463620.jpg
2997.662109375	0.0	image/634	634	1534803	train2017/000000152273.jpg
2998.4609375	0.0	image/702	702	1535212	train2017/000000171328.jpg
2999.275390625	0.0	image/607	607	1535629	train2017/000000461187.jpg
3000.095703125	0.0	image/602	602	1536049	train2017/000000406292.jpg
3000.90625	0.0	image/617	617	1536464	train2017/000000411475.jpg
3001.728515625	0.0	image/707	707	1536885	train2017/000000173987.jpg
3002.529296875	0.0	image/632	632	1537295	train2017/000000068996.jpg
3003.32421875	0.0	image/624	624	1537702	train2017/000000412857.jpg
3004.130859375	0.0	image/613	613	1538115	train2017/000000147331.jpg
3004.94140625	0.0	image/684	684	1538530	train2017/000000166489.jpg
3005.724609375	0.0	image/681	681	1538931	train2017/000000427729.jpg
3006.513671875	0.0	image/621	621	1539335	train2017/000000150196.jpg
3007.32421875	0.0	image/720	720	1539750	train2017/000000176728.jpg
3008.931640625	0.0	image/671	671	1540573	train2017/000000161836.jpg
3010.548828125	0.0	image/647	647	1541401	train2017/000000417264.jpg
3011.341796875	0.0	image/670	670	1541807	train2017/000000423488.jpg
3012.14453125	0.0	image/687	687	1542218	train2017/000000428726.jpg
3012.966796875	0.0	image/673	673	1542639	train2017/000000424138.jpg
3013.765625	0.0	image/634	634	1543048	train2017/000000152273.jpg
3015.400390625	0.0	image/706	706	1543885	train2017/000000435902.jpg
3016.1953125	0.0	image/698	698	1544292	train2017/000000433021.jpg
3017.01171875	0.0	image/653	653	1544710	train2017/000000157119.jpg
3017.794921875	0.0	image/707	707	1545111	train2017/000000173987.jpg
3018.6015625	0.0	image/696	696	1545524	train2017/000000028367.jpg
3019.400390625	0.0	image/688	688	1545933	train2017/000000166764.jpg
3020.1953125	0.0	image/694	694	1546340	train2017/000000431825.jpg
3021.001953125	0.0	image/714	714	1546753	train2017/000000437516.jpg
3021.8359375	0.0	image/672	672	1547180	train2017/000000424110.jpg
3022.634765625	0.0	image/640	640	1547589	train2017/000000162230.jpg
3023.462890625	0.0	image/651	651	1548013	train2017/000000156084.jpg
3024.263671875	0.0	image/663	663	1548423	train2017/000000463620.jpg
3025.0703125	0.0	image/680	680	1548836	train2017/000000485595.jpg
3025.88671875	0.0	image/650	650	1549254	train2017/000000419212.jpg
3026.6875	0.0	image/619	619	1549664	train2017/000000149810.jpg
3027.490234375	0.0	image/660	660	1550075	train2017/000000422268.jpg
3028.31640625	0.0	image/620	620	1550498	train2017/000000153394.jpg
3029.12109375	0.0	image/695	695	1550910	train2017/000000284987.jpg
3029.900390625	0.0	image/679	679	1551309	train2017/000000164564.jpg
3030.720703125	0.0	image/672	672	1551729	train2017/000000424110.jpg
3031.533203125	0.0	image/710	710	1552145	train2017/000000436578.jpg
3032.35546875	0.0	image/662	662	1552566	train2017/000000160181.jpg
3033.138671875	0.0	image/643	643	1552967	train2017/000000416279.jpg
3033.91796875	0.0	image/611	611	1553366	train2017/000000408922.jpg
3034.736328125	0.0	image/625	625	1553785	train2017/000000369367.jpg
3036.318359375	0.0	image/608	608	1554595	train2017/000000024287.jpg
3037.123046875	0.0	image/678	678	1555007	train2017/000000164502.jpg
3037.923828125	0.0	image/716	716	1555417	train2017/000000437967.jpg
3038.734375	0.0	image/711	711	1555832	train2017/000000174504.jpg
3039.5234375	0.0	image/693	693	1556236	train2017/000000431764.jpg
3040.357421875	0.0	image/642	642	1556663	train2017/000000154011.jpg
3041.19140625	0.0	image/627	627	1557090	train2017/000000150931.jpg
3041.98828125	0.0	image/683	683	1557498	train2017/000000428605.jpg
3042.775390625	0.0	image/623	623	1557901	train2017/000000412855.jpg
3043.609375	0.0	image/635	635	1558328	train2017/000000152328.jpg
3044.419921875	0.0	image/683	683	1558743	train2017/000000428605.jpg
3051.880859375	0.0	image/832	832	1562563	train2017/000000203615.jpg
3052.673828125	0.0	image/809	809	1562969	train2017/000000462505.jpg
3053.498046875	0.0	image/763	763	1563391	train2017/000000450864.jpg
3054.296875	0.0	image/738	738	1563800	train2017/000000204969.jpg
3055.130859375	0.0	image/792	792	1564227	train2017/000000194108.jpg
3055.943359375	0.0	image/810	810	1564643	train2017/000000200391.jpg
3056.744140625	0.0	image/812	812	1565053	train2017/000000201758.jpg
3058.326171875	0.0	image/729	729	1565863	train2017/000000179019.jpg
3059.099609375	0.0	image/765	765	1566259	train2017/000000450914.jpg
3059.880859375	0.0	image/773	773	1566659	train2017/000000303133.jpg
3060.666015625	0.0	image/803	803	1567061	train2017/000000197401.jpg
3061.44921875	0.0	image/797	797	1567462	train2017/000000458178.jpg
3062.26171875	0.0	image/783	783	1567878	train2017/000000454915.jpg
3063.046875	0.0	image/821	821	1568280	train2017/000000077686.jpg
3063.861328125	0.0	image/808	808	1568697	train2017/000000461428.jpg
3064.66796875	0.0	image/724	724	1569110	train2017/000000178031.jpg
3065.49609375	0.0	image/827	827	1569534	train2017/000000296474.jpg
3066.314453125	0.0	image/777	777	1569953	train2017/000000453682.jpg
3067.1171875	0.0	image/749	749	1570364	train2017/000000447130.jpg
3068.701171875	0.0	image/739	739	1571175	train2017/000000443575.jpg
3069.486328125	0.0	image/829	829	1571577	train2017/000000206467.jpg
3070.298828125	0.0	image/785	785	1571993	train2017/000000119550.jpg
3071.09765625	0.0	image/786	786	1572402	train2017/000000193023.jpg
3071.90234375	0.0	image/746	746	1572814	train2017/000000445726.jpg
3072.736328125	0.0	image/800	800	1573241	train2017/000000458616.jpg
3073.5703125	0.0	image/795	795	1573668	train2017/000000195768.jpg
3075.154296875	0.0	image/805	805	1574479	train2017/000000460408.jpg
3075.966796875	0.0	image/813	813	1574895	train2017/000000557920.jpg
3076.765625	0.0	image/811	811	1575304	train2017/000000201722.jpg
3077.587890625	0.0	image/798	798	1575725	train2017/000000196365.jpg
3078.365234375	0.0	image/746	746	1576123	train2017/000000445726.jpg
3079.150390625	0.0	image/798	798	1576525	train2017/000000196365.jpg
3079.916015625	0.0	image/795	795	1576917	train2017/000000195768.jpg
3080.68359375	0.0	image/764	764	1577310	train2017/000000450903.jpg
3082.2890625	0.0	image/803	803	1578132	train2017/000000197401.jpg
3083.072265625	0.0	image/753	753	1578533	train2017/000000006178.jpg
3083.900390625	0.0	image/816	816	1578957	train2017/000000464616.jpg
3084.68359375	0.0	image/721	721	1579358	train2017/000000176873.jpg
3085.47265625	0.0	image/785	785	1579762	train2017/000000119550.jpg
3086.251953125	0.0	image/837	837	1580161	train2017/000000208805.jpg
3087.068359375	0.0	image/722	722	1580579	train2017/000000073172.jpg
3087.8359375	0.0	image/812	812	1580972	train2017/000000201758.jpg
3089.408203125	0.0	image/754	754	1581777	train2017/000000185888.jpg
3090.224609375	0.0	image/824	824	1582195	train2017/000000204806.jpg
3091.04296875	0.0	image/837	837	1582614	train2017/000000208805.jpg
3091.837890625	0.0	image/836	836	1583021	train2017/000000470907.jpg
3092.658203125	0.0	image/800	800	1583441	train2017/000000458616.jpg
3093.458984375	0.0	image/757	757	1583851	train2017/000000442666.jpg
3094.23828125	0.0	image/788	788	1584250	train2017/000000193373.jpg
3095.021484375	0.0	image/767	767	1584651	train2017/000000189794.jpg
3096.64453125	0.0	image/763	763	1585482	train2017/000000450864.jpg
3097.4609375	0.0	image/787	787	1585900	train2017/000000193318.jpg
3098.26171875	0.0	image/823	823	1586310	train2017/000000204422.jpg
3099.87890625	0.0	image/815	815	1587138	train2017/000000202050.jpg
3100.662109375	0.0	image/728	728	1587539	train2017/000000395740.jpg
3101.44140625	0.0	image/730	730	1587938	train2017/000000441172.jpg
3102.24609375	0.0	image/834	834	1588350	train2017/000000469816.jpg
3103.896484375	0.0	image/839	839	1589195	train2017/000000209229.jpg
3104.6796875	0.0	image/820	820	1589596	train2017/000000203937.jpg
3105.45703125	0.0	image/721	721	1589994	train2017/000000176873.jpg
3106.224609375	0.0	image/761	761	1590387	train2017/000000188225.jpg
3107.013671875	0.0	image/806	806	1590791	train2017/000000198319.jpg
3107.841796875	0.0	image/801	801	1591215	train2017/000000459190.jpg
3108.61328125	0.0	image/840	840	1591610	train2017/000000471871.jpg
3110.21484375	0.0	image/770	770	1592430	train2017/000000452341.jpg
3111.03125	0.0	image/825	825	1592848	train2017/000000467646.jpg
3111.814453125	0.0	image/736	736	1593249	train2017/000000180609.jpg
3112.59765625	0.0	image/758	758	1593650	train2017/000000186828.jpg
3113.376953125	0.0	image/745	745	1594049	train2017/000000445351.jpg
3114.19921875	0.0	image/838	838	1594470	train2017/000000208849.jpg
3114.982421875	0.0	image/768	768	1594871	train2017/000000189888.jpg
3115.765625	0.0	image/790	790	1595272	train2017/000000455799.jpg
3117.3671875	0.0	image/735	735	1596092	train2017/000000180410.jpg
3118.150390625	0.0	image/826	826	1596493	train2017/000000205875.jpg
3118.966796875	0.0	image/744	744	1596911	train2017/000000182799.jpg
3120.6015625	0.0	image/737	737	1597748	train2017/000000443377.jpg
3121.43359375	0.0	image/829	829	1598174	train2017/000000206467.jpg
3122.23046875	0.0	image/776	776	1598582	train2017/000000468771.jpg
3123.8515625	0.0	image/730	730	1599412	train2017/000000441172.jpg
3124.630859375	0.0	image/823	823	1599811	train2017/000000204422.jpg
3125.46875	0.0	image/755	755	1600240	train2017/000000055764.jpg
3127.103515625	0.0	image/808	808	1601077	train2017/000000461428.jpg
3127.927734375	0.0	image/775	775	1601499	train2017/000000453221.jpg
3128.736328125	0.0	image/772	772	1601913	train2017/000000190487.jpg
3129.51953125	0.0	image/771	771	1602314	train2017/000000190271.jpg
3130.298828125	0.0	image/747	747	1602713	train2017/000000183719.jpg
3131.064453125	0.0	image/743	743	1603105	train2017/000000189388.jpg
3131.888671875	0.0	image/741	741	1603527	train2017/000000443940.jpg
3132.6875	0.0	image/732	732	1603936	train2017/000000179480.jpg
3133.50390625	0.0	image/766	766	1604354	train2017/000000451680.jpg
3134.2890625	0.0	image/728	728	1604756	train2017/000000395740.jpg
3135.06640625	0.0	image/816	816	1605154	train2017/000000464616.jpg
3135.833984375	0.0	image/732	732	1605547	train2017/000000179480.jpg
3136.634765625	0.0	image/821	821	1605957	train2017/000000077686.jpg
3137.40625	0.0	image/830	830	1606352	train2017/000000468825.jpg
3138.201171875	0.0	image/780	780	1606759	train2017/000000192576.jpg
3138.97265625	0.0	image/794	794	1607154	train2017/000000195650.jpg
3139.806640625	0.0	image/740	740	1607581	train2017/000000161354.jpg
3140.58984375	0.0	image/747	747	1607982	train2017/000000183719.jpg
3141.384765625	0.0	image/761	761	1608389	train2017/000000188225.jpg
3142.173828125	0.0	image/786	786	1608793	train2017/000000193023.jpg
3142.974609375	0.0	image/739	739	1609203	train2017/000000443575.jpg
3143.802734375	0.0	image/742	742	1609627	train2017/000000181837.jpg
3144.62109375	0.0	image/796	796	1610046	train2017/000000338501.jpg
3145.419921875	0.0	image/835	835	1610455	train2017/000000129143.jpg
3146.208984375	0.0	image/782	782	1610859	train2017/000000454830.jpg
3146.9921875	0.0	image/770	770	1611260	train2017/000000452341.jpg
3147.76953125	0.0	image/781	781	1611658	train2017/000000192631.jpg
3148.591796875	0.0	image/760	760	1612079	train2017/000000276853.jpg
3149.376953125	0.0	image/734	734	1612481	train2017/000000442489.jpg
3150.15625	0.0	image/726	726	1612880	train2017/000000178423.jpg
3150.921875	0.0	image/791	791	1613272	train2017/000000194054.jpg
3151.744140625	0.0	image/727	727	1613693	train2017/000000440792.jpg
3152.578125	0.0	image/725	725	1614120	train2017/000000440334.jpg
3153.361328125	0.0	image/817	817	1614521	train2017/000000202805.jpg
3154.14453125	0.0	image/734	734	1614922	train2017/000000442489.jpg
3154.939453125	0.0	image/738	738	1615329	train2017/000000204969.jpg
3155.728515625	0.0	image/767	767	1615733	train2017/000000189794.jpg
3157.328125	0.0	image/729	729	1616552	train2017/000000179019.jpg
3158.16015625	0.0	image/748	748	1616978	train2017/000000184822.jpg
3158.9453125	0.0	image/838	838	1617380	train2017/000000208849.jpg
3159.779296875	0.0	image/818	818	1617807	train2017/000000465412.jpg
3160.61328125	0.0	image/765	765	1618234	train2017/000000450914.jpg
3161.408203125	0.0	image/764	764	1618641	train2017/000000450903.jpg
3162.212890625	0.0	image/819	819	1619053	train2017/000000298139.jpg
3163.046875	0.0	image/769	769	1619480	train2017/000000189893.jpg
3163.84765625	0.0	image/797	797	1619890	train2017/000000458178.jpg
3164.630859375	0.0	image/780	780	1620291	train2017/000000192576.jpg
3165.458984375	0.0	image/784	784	1620715	train2017/000000455020.jpg
3166.224609375	0.0	image/775	775	1621107	train2017/000000453221.jpg
3166.998046875	0.0	image/822	822	1621503	train2017/000000466265.jpg
3167.78125	0.0	image/784	784	1621904	train2017/000000455020.jpg
3168.59375	0.0	image/735	735	1622320	train2017/000000180410.jpg
3169.416015625	0.0	image/791	791	1622741	train2017/000000194054.jpg
3170.19921875	0.0	image/776	776	1623142	train2017/000000468771.jpg
3171.03125	0.0	image/762	762	1623568	train2017/000000188660.jpg
3171.849609375	0.0	image/833	833	1623987	train2017/000000207549.jpg
3172.62890625	0.0	image/792	792	1624386	train2017/000000194108.jpg
3173.43359375	0.0	image/793	793	1624798	train2017/000000338439.jpg
3174.24609375	0.0	image/804	804	1625214	train2017/000000460236.jpg
3175.044921875	0.0	image/805	805	1625623	train2017/000000460408.jpg
3175.8671875	0.0	image/828	828	1626044	train2017/000000468394.jpg
3176.6796875	0.0	image/760	760	1626460	train2017/000000276853.jpg
3177.501953125	0.0	image/752	752	1626881	train2017/000000036151.jpg
3178.330078125	0.0	image/834	834	1627305	train2017/000000469816.jpg
3179.11328125	0.0	image/741	741	1627706	train2017/000000443940.jpg
3179.91796875	0.0	image/836	836	1628118	train2017/000000470907.jpg
3180.69921875	0.0	image/740	740	1628518	train2017/000000161354.jpg
3181.486328125	0.0	image/768	768	1628921	train2017/000000189888.jpg
3182.302734375	0.0	image/796	796	1629339	train2017/000000338501.jpg
3183.09765625	0.0	image/758	758	1629746	train2017/000000186828.jpg
3183.8828125	0.0	image/756	756	1630148	train2017/000000448401.jpg
3184.697265625	0.0	image/759	759	1630565	train2017/000000449914.jpg
3185.48046875	0.0	image/743	743	1630966	train2017/000000189388.jpg
3186.283203125	0.0	image/802	802	1631377	train2017/000000197118.jpg
3187.888671875	0.0	image/810	810	1632199	train2017/000000200391.jpg
3188.666015625	0.0	image/840	840	1632597	train2017/000000471871.jpg
3189.43359375	0.0	image/782	782	1632990	train2017/000000454830.jpg
3190.23828125	0.0	image/819	819	1633402	train2017/000000298139.jpg
3191.85546875	0.0	image/724	724	1634230	train2017/000000178031.jpg
3192.6328125	0.0	image/799	799	1634628	train2017/000000196368.jpg
3193.400390625	0.0	image/804	804	1635021	train2017/000000460236.jpg
3194.18359375	0.0	image/831	831	1635422	train2017/000000469445.jpg
3194.990234375	0.0	image/773	773	1635835	train2017/000000303133.jpg
3195.806640625	0.0	image/779	779	1636253	train2017/000000191740.jpg
3196.623046875	0.0	image/754	754	1636671	train2017/000000185888.jpg
3197.423828125	0.0	image/806	806	1637081	train2017/000000198319.jpg
3198.21875	0.0	image/723	723	1637488	train2017/000000439241.jpg
3198.986328125	0.0	image/788	788	1637881	train2017/000000193373.jpg
3199.791015625	0.0	image/790	790	1638293	train2017/000000455799.jpg
3200.568359375	0.0	image/749	749	1638691	train2017/000000447130.jpg
3201.359375	0.0	image/733	733	1639096	train2017/000000179914.jpg
3202.158203125	0.0	image/766	766	1639505	train2017/000000451680.jpg
3202.958984375	0.0	image/733	733	1639915	train2017/000000179914.jpg
3203.75390625	0.0	image/789	789	1640322	train2017/000000455657.jpg
3204.55859375	0.0	image/778	778	1640734	train2017/000000191686.jpg
3205.359375	0.0	image/807	807	1641144	train2017/000000397815.jpg
3206.154296875	0.0	image/814	814	1641551	train2017/000000201969.jpg
3206.9765625	0.0	image/774	774	1641972	train2017/000000191005.jpg
3207.771484375	0.0	image/802	802	1642379	train2017/000000197118.jpg
3208.5546875	0.0	image/839	839	1642780	train2017/000000209229.jpg
3209.32421875	0.0	image/727	727	1643174	train2017/000000440792.jpg
3210.09375	0.0	image/787	787	1643568	train2017/000000193318.jpg
3210.921875	0.0	image/822	822	1643992	train2017/000000466265.jpg
3211.72265625	0.0	image/783	783	1644402	train2017/000000454915.jpg
3212.51171875	0.0	image/817	817	1644806	train2017/000000202805.jpg
3213.2890625	0.0	image/742	742	1645204	train2017/000000181837.jpg
3214.056640625	0.0	image/833	833	1645597	train2017/000000207549.jpg
3214.861328125	0.0	image/750	750	1646009	train2017/000000447182.jpg
3215.6796875	0.0	image/737	737	1646428	train2017/000000443377.jpg
3216.49609375	0.0	image/779	779	1646846	train2017/000000191740.jpg
3218.1640625	0.0	image/774	774	1647700	train2017/000000191005.jpg
3218.9921875	0.0	image/813	813	1648124	train2017/000000557920.jpg
3219.763671875	0.0	image/778	778	1648519	train2017/000000191686.jpg
3220.564453125	0.0	image/731	731	1648929	train2017/000000179034.jpg
3221.380859375	0.0	image/744	744	1649347	train2017/000000182799.jpg
3222.16015625	0.0	image/748	748	1649746	train2017/000000184822.jpg
3222.92578125	0.0	image/731	731	1650138	train2017/000000179034.jpg
3224.498046875	0.0	image/824	824	1650943	train2017/000000204806.jpg
3225.310546875	0.0	image/725	725	1651359	train2017/000000440334.jpg
3226.099609375	0.0	image/825	825	1651763	train2017/000000467646.jpg
3226.8828125	0.0	image/827	827	1652164	train2017/000000296474.jpg
3227.677734375	0.0	image/762	762	1652571	train2017/000000188660.jpg
3228.443359375	0.0	image/736	736	1652963	train2017/000000180609.jpg
3229.267578125	0.0	image/828	828	1653385	train2017/000000468394.jpg
3230.033203125	0.0	image/752	752	1653777	train2017/000000036151.jpg
3230.845703125	0.0	image/750	750	1654193	train2017/000000447182.jpg
3231.634765625	0.0	image/772	772	1654597	train2017/000000190487.jpg
3233.251953125	0.0	image/801	801	1655425	train2017/000000459190.jpg
3234.03515625	0.0	image/726	726	1655826	train2017/000000178423.jpg
3235.66796875	0.0	image/793	793	1656662	train2017/000000338439.jpg
3236.46875	0.0	image/794	794	1657072	train2017/000000195650.jpg
3237.248046875	0.0	image/835	835	1657471	train2017/000000129143.jpg
3238.0703125	0.0	image/757	757	1657892	train2017/000000442666.jpg
3238.8984375	0.0	image/809	809	1658316	train2017/000000462505.jpg
3239.720703125	0.0	image/820	820	1658737	train2017/000000203937.jpg
3240.548828125	0.0	image/769	769	1659161	train2017/000000189893.jpg
3242.103515625	0.0	image/722	722	1659957	train2017/000000073172.jpg
3242.916015625	0.0	image/799	799	1660373	train2017/000000196368.jpg
3244.537109375	0.0	image/818	818	1661203	train2017/000000465412.jpg
3245.31640625	0.0	image/807	807	1661602	train2017/000000397815.jpg
3246.90625	0.0	image/781	781	1662416	train2017/000000192631.jpg
3247.73828125	0.0	image/751	751	1662842	train2017/000000185225.jpg
3248.56640625	0.0	image/814	814	1663266	train2017/000000201969.jpg
3249.373046875	0.0	image/771	771	1663679	train2017/000000190271.jpg
3250.15625	0.0	image/751	751	1664080	train2017/000000185225.jpg
3250.96875	0.0	image/759	759	1664496	train2017/000000449914.jpg
3251.736328125	0.0	image/832	832	1664889	train2017/000000203615.jpg
3252.552734375	0.0	image/756	756	1665307	train2017/000000448401.jpg
3253.357421875	0.0	image/755	755	1665719	train2017/000000055764.jpg
3254.169921875	0.0	image/789	789	1666135	train2017/000000455657.jpg
3254.974609375	0.0	image/826	826	1666547	train2017/000000205875.jpg
3255.7578125	0.0	image/811	811	1666948	train2017/000000201722.jpg
3256.537109375	0.0	image/815	815	1667347	train2017/000000202050.jpg
3257.359375	0.0	image/831	831	1667768	train2017/000000469445.jpg
3258.158203125	0.0	image/777	777	1668177	train2017/000000453682.jpg
3258.958984375	0.0	image/753	753	1668587	train2017/000000006178.jpg
3259.763671875	0.0	image/723	723	1668999	train2017/000000439241.jpg
3260.5703125	0.0	image/830	830	1669412	train2017/000000468825.jpg
3262.193359375	0.0	image/745	745	1670243	train2017/000000445351.jpg
3270.1640625	0.0	image/950	950	1674324	train2017/000000502470.jpg
3270.974609375	0.0	image/934	934	1674739	train2017/000000497464.jpg
3271.763671875	0.0	image/882	882	1675143	train2017/000000485113.jpg
3272.591796875	0.0	image/958	958	1675567	train2017/000000433657.jpg
3273.3984375	0.0	image/848	848	1675980	train2017/000000474353.jpg
3274.19921875	0.0	image/920	920	1676390	train2017/000000300622.jpg
3274.9921875	0.0	image/956	956	1676796	train2017/000000242133.jpg
3275.81640625	0.0	image/891	891	1677218	train2017/000000224869.jpg
3276.615234375	0.0	image/861	861	1677627	train2017/000000560054.jpg
3278.232421875	0.0	image/859	859	1678455	train2017/000000476380.jpg
3279.0625	0.0	image/847	847	1678880	train2017/000000207833.jpg
3279.828125	0.0	image/938	938	1679272	train2017/000000237093.jpg
3280.599609375	0.0	image/851	851	1679667	train2017/000000474545.jpg
3281.41796875	0.0	image/903	903	1680086	train2017/000000227451.jpg
3282.19921875	0.0	image/936	936	1680486	train2017/000000497797.jpg
3283.03515625	0.0	image/851	851	1680914	train2017/000000474545.jpg
3283.845703125	0.0	image/951	951	1681329	train2017/000000214821.jpg
3284.6171875	0.0	image/930	930	1681724	train2017/000000344729.jpg
3285.4296875	0.0	image/852	852	1682140	train2017/000000212440.jpg
3286.23046875	0.0	image/870	870	1682550	train2017/000000480601.jpg
3287.01953125	0.0	image/901	901	1682954	train2017/000000007567.jpg
3287.818359375	0.0	image/881	881	1683363	train2017/000000222921.jpg
3288.65234375	0.0	image/918	918	1683790	train2017/000000230422.jpg
3289.486328125	0.0	image/848	848	1684217	train2017/000000474353.jpg
3290.3203125	0.0	image/917	917	1684644	train2017/000000354185.jpg
3291.103515625	0.0	image/876	876	1685045	train2017/000000482912.jpg
3291.931640625	0.0	image/941	941	1685469	train2017/000000237697.jpg
3292.703125	0.0	image/900	900	1685864	train2017/000000488658.jpg
3294.271484375	0.0	image/934	934	1686667	train2017/000000497464.jpg
3295.0546875	0.0	image/939	939	1687068	train2017/000000499627.jpg
3295.87109375	0.0	image/849	849	1687486	train2017/000000212229.jpg
3296.666015625	0.0	image/894	894	1687893	train2017/000000225533.jpg
3297.451171875	0.0	image/879	879	1688295	train2017/000000221441.jpg
3298.255859375	0.0	image/854	854	1688707	train2017/000000475236.jpg
3299.083984375	0.0	image/950	950	1689131	train2017/000000502470.jpg
3299.888671875	0.0	image/850	850	1689543	train2017/000000212380.jpg
3301.5390625	0.0	image/860	860	1690388	train2017/000000476481.jpg
3302.333984375	0.0	image/937	937	1690795	train2017/000000498615.jpg
3303.1015625	0.0	image/891	891	1691188	train2017/000000224869.jpg
3303.90234375	0.0	image/912	912	1691598	train2017/000000491611.jpg
3304.716796875	0.0	image/922	922	1692015	train2017/000000235479.jpg
3305.490234375	0.0	image/872	872	1692411	train2017/000000429887.jpg
3306.30859375	0.0	image/866	866	1692830	train2017/000000216029.jpg
3307.92578125	0.0	image/924	924	1693658	train2017/000000232277.jpg
3308.708984375	0.0	image/918	918	1694059	train2017/000000230422.jpg
3309.537109375	0.0	image/921	921	1694483	train2017/000000231102.jpg
3310.322265625	0.0	image/873	873	1694885	train2017/000000429902.jpg
3311.091796875	0.0	image/942	942	1695279	train2017/000000238001.jpg
3312.693359375	0.0	image/935	935	1696099	train2017/000000082945.jpg
3313.509765625	0.0	image/899	899	1696517	train2017/000000168803.jpg
3314.33984375	0.0	image/883	883	1696942	train2017/000000223447.jpg
3315.927734375	0.0	image/896	896	1697755	train2017/000000225750.jpg
3316.705078125	0.0	image/908	908	1698153	train2017/000000228316.jpg
3317.490234375	0.0	image/879	879	1698555	train2017/000000221441.jpg
3318.294921875	0.0	image/878	878	1698967	train2017/000000167908.jpg
3319.10546875	0.0	image/942	942	1699382	train2017/000000238001.jpg
3319.9296875	0.0	image/952	952	1699804	train2017/000000502860.jpg
3320.76171875	0.0	image/873	873	1700230	train2017/000000429902.jpg
3321.5625	0.0	image/874	874	1700640	train2017/000000561006.jpg
3322.36328125	0.0	image/868	868	1701050	train2017/000000444880.jpg
3323.158203125	0.0	image/924	924	1701457	train2017/000000232277.jpg
3323.962890625	0.0	image/893	893	1701869	train2017/000000225383.jpg
3324.763671875	0.0	image/949	949	1702279	train2017/000000240278.jpg
3326.36328125	0.0	image/888	888	1703098	train2017/000000486503.jpg
3327.1640625	0.0	image/922	922	1703508	train2017/000000235479.jpg
3327.98046875	0.0	image/853	853	1703926	train2017/000000474827.jpg
3328.78125	0.0	image/943	943	1704336	train2017/000000238201.jpg
3329.58203125	0.0	image/894	894	1704746	train2017/000000225533.jpg
3330.3984375	0.0	image/926	926	1705164	train2017/000000232648.jpg
3331.19921875	0.0	image/857	857	1705574	train2017/000000213988.jpg
3332.015625	0.0	image/897	897	1705992	train2017/000000430850.jpg
3332.83203125	0.0	image/951	951	1706410	train2017/000000214821.jpg
3334.43359375	0.0	image/917	917	1707230	train2017/000000354185.jpg
3335.24609375	0.0	image/916	916	1707646	train2017/000000038370.jpg
3336.0625	0.0	image/885	885	1708064	train2017/000000223718.jpg
3336.8671875	0.0	image/931	931	1708476	train2017/000000495568.jpg
3337.662109375	0.0	image/946	946	1708883	train2017/000000501867.jpg
3338.4296875	0.0	image/845	845	1709276	train2017/000000211198.jpg
3339.251953125	0.0	image/903	903	1709697	train2017/000000227451.jpg
3340.0625	0.0	image/856	856	1710112	train2017/000000213288.jpg
3340.884765625	0.0	image/913	913	1710533	train2017/000000356810.jpg
3341.71875	0.0	image/882	882	1710960	train2017/000000485113.jpg
3342.552734375	0.0	image/877	877	1711387	train2017/000000342639.jpg
3344.119140625	0.0	image/887	887	1712189	train2017/000000561677.jpg
3344.947265625	0.0	image/909	909	1712613	train2017/000000228380.jpg
3346.498046875	0.0	image/887	887	1713407	train2017/000000561677.jpg
3347.287109375	0.0	image/842	842	1713811	train2017/000000209919.jpg
3348.115234375	0.0	image/898	898	1714235	train2017/000000488406.jpg
3348.8984375	0.0	image/865	865	1714636	train2017/000000035972.jpg
3349.705078125	0.0	image/850	850	1715049	train2017/000000212380.jpg
3350.50390625	0.0	image/862	862	1715458	train2017/000000215023.jpg
3351.337890625	0.0	image/886	886	1715885	train2017/000000386856.jpg
3352.138671875	0.0	image/893	893	1716295	train2017/000000225383.jpg
3353.771484375	0.0	image/936	936	1717131	train2017/000000497797.jpg
3354.583984375	0.0	image/892	892	1717547	train2017/000000225113.jpg
3355.40625	0.0	image/865	865	1717968	train2017/000000035972.jpg
3356.220703125	0.0	image/905	905	1718385	train2017/000000227843.jpg
3357.7734375	0.0	image/905	905	1719180	train2017/000000227843.jpg
3358.6015625	0.0	image/928	928	1719604	train2017/000000233104.jpg
3359.40234375	0.0	image/960	960	1720014	train2017/000000505592.jpg
3360.20703125	0.0	image/844	844	1720426	train2017/000000341033.jpg
3361.017578125	0.0	image/919	919	1720841	train2017/000000492627.jpg
3361.841796875	0.0	image/867	867	1721263	train2017/000000479035.jpg
3362.65234375	0.0	image/855	855	1721678	train2017/000000122923.jpg
3363.458984375	0.0	image/913	913	1722091	train2017/000000356810.jpg
3364.287109375	0.0	image/911	911	1722515	train2017/000000229456.jpg
3365.859375	0.0	image/939	939	1723320	train2017/000000499627.jpg
3366.63671875	0.0	image/858	858	1723718	train2017/000000214059.jpg
3367.453125	0.0	image/843	843	1724136	train2017/000000210065.jpg
3368.259765625	0.0	image/914	914	1724549	train2017/000000492037.jpg
3369.076171875	0.0	image/955	955	1724967	train2017/000000112805.jpg
3370.65625	0.0	image/904	904	1725776	train2017/000000227733.jpg
3371.4765625	0.0	image/849	849	1726196	train2017/000000212229.jpg
3372.26171875	0.0	image/860	860	1726598	train2017/000000476481.jpg
3373.060546875	0.0	image/846	846	1727007	train2017/000000474024.jpg
3374.62890625	0.0	image/841	841	1727810	train2017/000000034961.jpg
3375.4453125	0.0	image/852	852	1728228	train2017/000000212440.jpg
3376.228515625	0.0	image/944	944	1728629	train2017/000000239337.jpg
3377.0625	0.0	image/907	907	1729056	train2017/000000228133.jpg
3378.6953125	0.0	image/844	844	1729892	train2017/000000341033.jpg
3379.49609375	0.0	image/884	884	1730302	train2017/000000485605.jpg
3380.275390625	0.0	image/923	923	1730701	train2017/000000231851.jpg
3381.05859375	0.0	image/911	911	1731102	train2017/000000229456.jpg
3381.880859375	0.0	image/881	881	1731523	train2017/000000222921.jpg
3382.69140625	0.0	image/898	898	1731938	train2017/000000488406.jpg
3383.498046875	0.0	image/928	928	1732351	train2017/000000233104.jpg
3384.30859375	0.0	image/919	919	1732766	train2017/000000492627.jpg
3385.109375	0.0	image/870	870	1733176	train2017/000000480601.jpg
3385.8984375	0.0	image/953	953	1733580	train2017/000000241026.jpg
3387.46484375	0.0	image/892	892	1734382	train2017/000000225113.jpg
3388.244140625	0.0	image/880	880	1734781	train2017/000000484300.jpg
3389.048828125	0.0	image/889	889	1735193	train2017/000000224396.jpg
3389.84375	0.0	image/929	929	1735600	train2017/000000495387.jpg
3390.6640625	0.0	image/847	847	1736020	train2017/000000207833.jpg
3391.4296875	0.0	image/871	871	1736412	train2017/000000480990.jpg
3392.24609375	0.0	image/958	958	1736830	train2017/000000433657.jpg
3393.0625	0.0	image/930	930	1737248	train2017/000000344729.jpg
3393.8671875	0.0	image/931	931	1737660	train2017/000000495568.jpg
3394.6796875	0.0	image/940	940	1738076	train2017/000000499730.jpg
3395.484375	0.0	image/920	920	1738488	train2017/000000300622.jpg
3397.0859375	0.0	image/960	960	1739308	train2017/000000505592.jpg
3397.90234375	0.0	image/875	875	1739726	train2017/000000482858.jpg
3398.712890625	0.0	image/953	953	1740141	train2017/000000241026.jpg
3399.501953125	0.0	image/945	945	1740545	train2017/000000501739.jpg
3400.287109375	0.0	image/888	888	1740947	train2017/000000486503.jpg
3401.09765625	0.0	image/861	861	1741362	train2017/000000560054.jpg
3401.90234375	0.0	image/889	889	1741774	train2017/000000224396.jpg
3403.515625	0.0	image/890	890	1742600	train2017/000000224759.jpg
3404.28125	0.0	image/872	872	1742992	train2017/000000429887.jpg
3405.087890625	0.0	image/944	944	1743405	train2017/000000239337.jpg
3405.900390625	0.0	image/949	949	1743821	train2017/000000240278.jpg
3406.671875	0.0	image/937	937	1744216	train2017/000000498615.jpg
3407.455078125	0.0	image/955	955	1744617	train2017/000000112805.jpg
3408.271484375	0.0	image/880	880	1745035	train2017/000000484300.jpg
3409.087890625	0.0	image/906	906	1745453	train2017/000000227928.jpg
3409.90625	0.0	image/943	943	1745872	train2017/000000238201.jpg
3410.73828125	0.0	image/866	866	1746298	train2017/000000216029.jpg
3411.55078125	0.0	image/864	864	1746714	train2017/000000385417.jpg
3412.373046875	0.0	image/841	841	1747135	train2017/000000034961.jpg
3413.189453125	0.0	image/902	902	1747553	train2017/000000227307.jpg
3413.98828125	0.0	image/915	915	1747962	train2017/000000229947.jpg
3414.806640625	0.0	image/948	948	1748381	train2017/000000502058.jpg
3415.6015625	0.0	image/855	855	1748788	train2017/000000122923.jpg
3416.369140625	0.0	image/954	954	1749181	train2017/000000040187.jpg
3417.158203125	0.0	image/884	884	1749585	train2017/000000485605.jpg
3417.96875	0.0	image/910	910	1750000	train2017/000000228565.jpg
3418.771484375	0.0	image/859	859	1750411	train2017/000000476380.jpg
3419.55859375	0.0	image/923	923	1750814	train2017/000000231851.jpg
3420.341796875	0.0	image/910	910	1751215	train2017/000000228565.jpg
3421.138671875	0.0	image/927	927	1751623	train2017/000000495040.jpg
3421.904296875	0.0	image/941	941	1752015	train2017/000000237697.jpg
3422.708984375	0.0	image/945	945	1752427	train2017/000000501739.jpg
3423.52734375	0.0	image/869	869	1752846	train2017/000000294744.jpg
3424.34375	0.0	image/909	909	1753264	train2017/000000228380.jpg
3425.169921875	0.0	image/948	948	1753687	train2017/000000502058.jpg
3425.994140625	0.0	image/925	925	1754109	train2017/000000494552.jpg
3427.57421875	0.0	image/907	907	1754918	train2017/000000228133.jpg
3428.37890625	0.0	image/956	956	1755330	train2017/000000242133.jpg
3429.15625	0.0	image/957	957	1755728	train2017/000000242631.jpg
3429.958984375	0.0	image/842	842	1756139	train2017/000000209919.jpg
3430.779296875	0.0	image/885	885	1756559	train2017/000000223718.jpg
3431.556640625	0.0	image/895	895	1756957	train2017/000000487825.jpg
3432.357421875	0.0	image/869	869	1757367	train2017/000000294744.jpg
3433.140625	0.0	image/856	856	1757768	train2017/000000213288.jpg
3434.74609375	0.0	image/874	874	1758590	train2017/000000561006.jpg
3435.546875	0.0	image/933	933	1759000	train2017/000000233873.jpg
3436.357421875	0.0	image/876	876	1759415	train2017/000000482912.jpg
3437.16015625	0.0	image/877	877	1759826	train2017/000000342639.jpg
3437.98046875	0.0	image/932	932	1760246	train2017/000000233580.jpg
3438.7578125	0.0	image/954	954	1760644	train2017/000000040187.jpg
3439.560546875	0.0	image/867	867	1761055	train2017/000000479035.jpg
3440.365234375	0.0	image/901	901	1761467	train2017/000000007567.jpg
3441.16015625	0.0	image/933	933	1761874	train2017/000000233873.jpg
3441.9609375	0.0	image/938	938	1762284	train2017/000000237093.jpg
3442.77734375	0.0	image/875	875	1762702	train2017/000000482858.jpg
3443.58203125	0.0	image/878	878	1763114	train2017/000000167908.jpg
3444.359375	0.0	image/864	864	1763512	train2017/000000385417.jpg
3445.18359375	0.0	image/929	929	1763934	train2017/000000495387.jpg
3445.966796875	0.0	image/863	863	1764335	train2017/000000215291.jpg
3446.80078125	0.0	image/900	900	1764762	train2017/000000488658.jpg
3447.59375	0.0	image/959	959	1765168	train2017/000000505486.jpg
3448.361328125	0.0	image/908	908	1765561	train2017/000000228316.jpg
3449.12890625	0.0	image/935	935	1765954	train2017/000000082945.jpg
3449.912109375	0.0	image/897	897	1766355	train2017/000000430850.jpg
3450.701171875	0.0	image/959	959	1766759	train2017/000000505486.jpg
3451.51171875	0.0	image/902	902	1767174	train2017/000000227307.jpg
3452.3359375	0.0	image/914	914	1767596	train2017/000000492037.jpg
3453.16796875	0.0	image/895	895	1768022	train2017/000000487825.jpg
3453.953125	0.0	image/886	886	1768424	train2017/000000386856.jpg
3454.78125	0.0	image/927	927	1768848	train2017/000000495040.jpg
3455.603515625	0.0	image/890	890	1769269	train2017/000000224759.jpg
3456.396484375	0.0	image/946	946	1769675	train2017/000000501867.jpg
3457.986328125	0.0	image/853	853	1770489	train2017/000000474827.jpg
3458.798828125	0.0	image/857	857	1770905	train2017/000000213988.jpg
3460.4375	0.0	image/915	915	1771744	train2017/000000229947.jpg
3461.216796875	0.0	image/883	883	1772143	train2017/000000223447.jpg
3461.982421875	0.0	image/904	904	1772535	train2017/000000227733.jpg
3462.75390625	0.0	image/957	957	1772930	train2017/000000242631.jpg
3463.5546875	0.0	image/896	896	1773340	train2017/000000225750.jpg
3464.333984375	0.0	image/912	912	1773739	train2017/000000491611.jpg
3465.15234375	0.0	image/899	899	1774158	train2017/000000168803.jpg
3466.755859375	0.0	image/906	906	1774979	train2017/000000227928.jpg
3467.572265625	0.0	image/921	921	1775397	train2017/000000231102.jpg
3468.357421875	0.0	image/940	940	1775799	train2017/000000499730.jpg
3469.173828125	0.0	image/947	947	1776217	train2017/000000501926.jpg
3469.990234375	0.0	image/952	952	1776635	train2017/000000502860.jpg
3470.791015625	0.0	image/863	863	1777045	train2017/000000215291.jpg
3471.625	0.0	image/846	846	1777472	train2017/000000474024.jpg
3472.40234375	0.0	image/926	926	1777870	train2017/000000232648.jpg
3473.220703125	0.0	image/871	871	1778289	train2017/000000480990.jpg
3473.9921875	0.0	image/947	947	1778684	train2017/000000501926.jpg
3474.775390625	0.0	image/858	858	1779085	train2017/000000214059.jpg
3475.552734375	0.0	image/932	932	1779483	train2017/000000233580.jpg
3476.37109375	0.0	image/845	845	1779902	train2017/000000211198.jpg
3477.142578125	0.0	image/868	868	1780297	train2017/000000444880.jpg
3477.9375	0.0	image/843	843	1780704	train2017/000000210065.jpg
3478.7578125	0.0	image/916	916	1781124	train2017/000000038370.jpg
3479.560546875	0.0	image/925	925	1781535	train2017/000000494552.jpg
