onset	duration	trial_type	value	sample	stim_file
2.3359375	0.0	image/98	98	1196	train2017/000000541472.jpg
3.111328125	0.0	image/70	70	1593	train2017/000000536786.jpg
3.9375	0.0	image/65	65	2016	train2017/000000273147.jpg
4.76953125	0.0	image/68	68	2442	train2017/000000535871.jpg
5.59375	0.0	image/1	1	2864	train2017/000000262145.jpg
6.36328125	0.0	image/29	29	3258	train2017/000000393907.jpg
7.16796875	0.0	image/105	105	3670	train2017/000000280764.jpg
8.765625	0.0	image/52	52	4488	train2017/000000008053.jpg
9.56640625	0.0	image/103	103	4898	train2017/000000280484.jpg
11.18359375	0.0	image/36	36	5726	train2017/000000267699.jpg
11.9453125	0.0	image/23	23	6116	train2017/000000265150.jpg
12.755859375	0.0	image/112	112	6531	train2017/000000544926.jpg
13.5546875	0.0	image/6	6	6940	train2017/000000000584.jpg
14.369140625	0.0	image/37	37	7357	train2017/000000005684.jpg
15.138671875	0.0	image/16	16	7751	train2017/000000002270.jpg
16.71484375	0.0	image/50	50	8558	train2017/000000007932.jpg
17.533203125	0.0	image/96	96	8977	train2017/000000541258.jpg
18.318359375	0.0	image/59	59	9379	train2017/000000010046.jpg
19.083984375	0.0	image/6	6	9771	train2017/000000000584.jpg
19.8671875	0.0	image/60	60	10172	train2017/000000010710.jpg
20.65234375	0.0	image/72	72	10574	train2017/000000274978.jpg
21.45703125	0.0	image/53	53	10986	train2017/000000270278.jpg
22.25390625	0.0	image/76	76	11394	train2017/000000275902.jpg
23.03515625	0.0	image/101	101	11794	train2017/000000017967.jpg
23.8046875	0.0	image/47	47	12188	train2017/000000531828.jpg
24.6171875	0.0	image/64	64	12604	train2017/000000273138.jpg
25.419921875	0.0	image/101	101	13015	train2017/000000017967.jpg
26.185546875	0.0	image/119	119	13407	train2017/000000545950.jpg
26.986328125	0.0	image/28	28	13817	train2017/000000558788.jpg
27.7734375	0.0	image/79	79	14220	train2017/000000276664.jpg
29.322265625	0.0	image/22	22	15013	train2017/000000265023.jpg
30.140625	0.0	image/77	77	15432	train2017/000000275938.jpg
30.904296875	0.0	image/75	75	15823	train2017/000000399878.jpg
31.7109375	0.0	image/39	39	16236	train2017/000000268008.jpg
32.5390625	0.0	image/20	20	16660	train2017/000000526980.jpg
33.328125	0.0	image/41	41	17064	train2017/000000268418.jpg
34.1484375	0.0	image/4	4	17484	train2017/000000524646.jpg
34.923828125	0.0	image/105	105	17881	train2017/000000280764.jpg
35.740234375	0.0	image/9	9	18299	train2017/000000000650.jpg
36.541015625	0.0	image/117	117	18709	train2017/000000396793.jpg
37.337890625	0.0	image/82	82	19117	train2017/000000539395.jpg
38.16015625	0.0	image/118	118	19538	train2017/000000283678.jpg
39.740234375	0.0	image/78	78	20347	train2017/000000013969.jpg
40.505859375	0.0	image/41	41	20739	train2017/000000268418.jpg
41.326171875	0.0	image/16	16	21159	train2017/000000002270.jpg
42.11328125	0.0	image/98	98	21562	train2017/000000541472.jpg
42.90625	0.0	image/12	12	21968	train2017/000000525790.jpg
43.673828125	0.0	image/49	49	22361	train2017/000000219750.jpg
44.4453125	0.0	image/15	15	22756	train2017/000000264396.jpg
45.265625	0.0	image/78	78	23176	train2017/000000013969.jpg
46.044921875	0.0	image/58	58	23575	train2017/000000534259.jpg
46.865234375	0.0	image/49	49	23995	train2017/000000219750.jpg
47.69921875	0.0	image/40	40	24422	train2017/000000268114.jpg
48.478515625	0.0	image/71	71	24821	train2017/000000536884.jpg
49.291015625	0.0	image/45	45	25237	train2017/000000531392.jpg
50.11328125	0.0	image/93	93	25658	train2017/000000541077.jpg
50.890625	0.0	image/73	73	26056	train2017/000000537393.jpg
52.466796875	0.0	image/102	102	26863	train2017/000000018078.jpg
53.24609375	0.0	image/22	22	27262	train2017/000000265023.jpg
54.068359375	0.0	image/104	104	27683	train2017/000000018367.jpg
54.861328125	0.0	image/94	94	28089	train2017/000000278962.jpg
55.62890625	0.0	image/92	92	28482	train2017/000000278714.jpg
56.451171875	0.0	image/31	31	28903	train2017/000000266622.jpg
58.060546875	0.0	image/72	72	29727	train2017/000000274978.jpg
58.86328125	0.0	image/84	84	30138	train2017/000000570543.jpg
59.6875	0.0	image/76	76	30560	train2017/000000275902.jpg
60.46875	0.0	image/110	110	30960	train2017/000000019863.jpg
61.248046875	0.0	image/48	48	31359	train2017/000000011299.jpg
62.0390625	0.0	image/34	34	31764	train2017/000000005277.jpg
62.873046875	0.0	image/57	57	32191	train2017/000000001625.jpg
63.654296875	0.0	image/116	116	32591	train2017/000000283426.jpg
64.484375	0.0	image/47	47	33016	train2017/000000531828.jpg
65.296875	0.0	image/115	115	33432	train2017/000000021095.jpg
66.099609375	0.0	image/32	32	33843	train2017/000000005028.jpg
66.921875	0.0	image/91	91	34264	train2017/000000540735.jpg
67.751953125	0.0	image/67	67	34689	train2017/000000011358.jpg
68.548828125	0.0	image/18	18	35097	train2017/000000264735.jpg
69.3515625	0.0	image/83	83	35508	train2017/000000277524.jpg
70.140625	0.0	image/33	33	35912	train2017/000000267338.jpg
70.955078125	0.0	image/80	80	36329	train2017/000000538822.jpg
72.552734375	0.0	image/60	60	37147	train2017/000000010710.jpg
73.373046875	0.0	image/67	67	37567	train2017/000000011358.jpg
74.185546875	0.0	image/86	86	37983	train2017/000000539879.jpg
74.94921875	0.0	image/7	7	38374	train2017/000000000605.jpg
75.751953125	0.0	image/102	102	38785	train2017/000000018078.jpg
77.357421875	0.0	image/46	46	39607	train2017/000000531515.jpg
78.15234375	0.0	image/88	88	40014	train2017/000000540538.jpg
78.919921875	0.0	image/25	25	40407	train2017/000000527618.jpg
80.5078125	0.0	image/15	15	41220	train2017/000000264396.jpg
81.3203125	0.0	image/19	19	41636	train2017/000000526968.jpg
82.119140625	0.0	image/53	53	42045	train2017/000000270278.jpg
83.720703125	0.0	image/54	54	42865	train2017/000000532753.jpg
84.5390625	0.0	image/95	95	43284	train2017/000000016898.jpg
85.326171875	0.0	image/83	83	43687	train2017/000000277524.jpg
86.138671875	0.0	image/79	79	44103	train2017/000000276664.jpg
86.927734375	0.0	image/107	107	44507	train2017/000000543254.jpg
88.53515625	0.0	image/24	24	45330	train2017/000000265453.jpg
89.3359375	0.0	image/63	63	45740	train2017/000000273120.jpg
90.08984375	0.0	image/44	44	46126	train2017/000000007048.jpg
90.873046875	0.0	image/19	19	46527	train2017/000000526968.jpg
91.646484375	0.0	image/8	8	46923	train2017/000000000625.jpg
92.44140625	0.0	image/55	55	47330	train2017/000000533231.jpg
93.224609375	0.0	image/77	77	47731	train2017/000000275938.jpg
94.822265625	0.0	image/57	57	48549	train2017/000000001625.jpg
95.59765625	0.0	image/13	13	48946	train2017/000000525932.jpg
97.23046875	0.0	image/109	109	49782	train2017/000000544060.jpg
98.0234375	0.0	image/100	100	50188	train2017/000000541856.jpg
98.841796875	0.0	image/40	40	50607	train2017/000000268114.jpg
100.416015625	0.0	image/73	73	51413	train2017/000000537393.jpg
101.197265625	0.0	image/5	5	51813	train2017/000000262690.jpg
102.009765625	0.0	image/21	21	52229	train2017/000000274108.jpg
102.775390625	0.0	image/91	91	52621	train2017/000000540735.jpg
103.580078125	0.0	image/94	94	53033	train2017/000000278962.jpg
104.408203125	0.0	image/35	35	53457	train2017/000000267647.jpg
105.224609375	0.0	image/92	92	53875	train2017/000000278714.jpg
106.044921875	0.0	image/87	87	54295	train2017/000000300383.jpg
106.82421875	0.0	image/89	89	54694	train2017/000000016314.jpg
107.6015625	0.0	image/42	42	55092	train2017/000000268659.jpg
108.380859375	0.0	image/5	5	55491	train2017/000000262690.jpg
109.162109375	0.0	image/108	108	55891	train2017/000000281330.jpg
109.9453125	0.0	image/115	115	56292	train2017/000000021095.jpg
110.734375	0.0	image/51	51	56696	train2017/000000008027.jpg
111.517578125	0.0	image/111	111	57097	train2017/000000020517.jpg
112.310546875	0.0	image/61	61	57503	train2017/000000272901.jpg
113.130859375	0.0	image/65	65	57923	train2017/000000273147.jpg
113.9140625	0.0	image/50	50	58324	train2017/000000007932.jpg
114.716796875	0.0	image/20	20	58735	train2017/000000526980.jpg
115.515625	0.0	image/81	81	59144	train2017/000000539340.jpg
116.28125	0.0	image/12	12	59536	train2017/000000525790.jpg
117.099609375	0.0	image/17	17	59955	train2017/000000002372.jpg
117.87109375	0.0	image/69	69	60350	train2017/000000011856.jpg
118.669921875	0.0	image/97	97	60759	train2017/000000279197.jpg
119.490234375	0.0	image/2	2	61179	train2017/000000262239.jpg
120.32421875	0.0	image/82	82	61606	train2017/000000539395.jpg
121.1328125	0.0	image/11	11	62020	train2017/000000263599.jpg
122.71484375	0.0	image/117	117	62830	train2017/000000396793.jpg
123.525390625	0.0	image/46	46	63245	train2017/000000531515.jpg
124.4296875	0.0	image/23	23	63708	train2017/000000265150.jpg
125.197265625	0.0	image/106	106	64101	train2017/000000280808.jpg
125.96484375	0.0	image/1	1	64494	train2017/000000262145.jpg
126.755859375	0.0	image/107	107	64899	train2017/000000543254.jpg
127.564453125	0.0	image/62	62	65313	train2017/000000010903.jpg
129.173828125	0.0	image/106	106	66137	train2017/000000280808.jpg
129.96875	0.0	image/85	85	66544	train2017/000000539705.jpg
130.7578125	0.0	image/66	66	66948	train2017/000000273250.jpg
131.57421875	0.0	image/26	26	67366	train2017/000000003521.jpg
133.19140625	0.0	image/38	38	68194	train2017/000000312536.jpg
133.984375	0.0	image/64	64	68600	train2017/000000273138.jpg
134.767578125	0.0	image/85	85	69001	train2017/000000539705.jpg
135.533203125	0.0	image/61	61	69393	train2017/000000272901.jpg
136.29296875	0.0	image/113	113	69782	train2017/000000545160.jpg
137.126953125	0.0	image/58	58	70209	train2017/000000534259.jpg
137.943359375	0.0	image/97	97	70627	train2017/000000279197.jpg
138.76953125	0.0	image/18	18	71050	train2017/000000264735.jpg
139.556640625	0.0	image/114	114	71453	train2017/000000571485.jpg
140.34375	0.0	image/80	80	71856	train2017/000000538822.jpg
141.171875	0.0	image/99	99	72280	train2017/000000271183.jpg
141.955078125	0.0	image/110	110	72681	train2017/000000019863.jpg
142.728515625	0.0	image/56	56	73077	train2017/000000008998.jpg
143.51171875	0.0	image/43	43	73478	train2017/000000006765.jpg
144.328125	0.0	image/111	111	73896	train2017/000000020517.jpg
145.14453125	0.0	image/55	55	74314	train2017/000000533231.jpg
145.978515625	0.0	image/52	52	74741	train2017/000000008053.jpg
146.8125	0.0	image/99	99	75168	train2017/000000271183.jpg
147.607421875	0.0	image/71	71	75575	train2017/000000536884.jpg
148.40625	0.0	image/42	42	75984	train2017/000000268659.jpg
149.189453125	0.0	image/14	14	76385	train2017/000000264244.jpg
149.99609375	0.0	image/69	69	76798	train2017/000000011856.jpg
150.796875	0.0	image/108	108	77208	train2017/000000281330.jpg
152.380859375	0.0	image/17	17	78019	train2017/000000002372.jpg
153.173828125	0.0	image/74	74	78425	train2017/000000275663.jpg
153.998046875	0.0	image/103	103	78847	train2017/000000280484.jpg
154.794921875	0.0	image/119	119	79255	train2017/000000545950.jpg
155.564453125	0.0	image/9	9	79649	train2017/000000000650.jpg
156.365234375	0.0	image/39	39	80059	train2017/000000268008.jpg
157.193359375	0.0	image/26	26	80483	train2017/000000003521.jpg
158.015625	0.0	image/88	88	80904	train2017/000000540538.jpg
158.810546875	0.0	image/51	51	81311	train2017/000000008027.jpg
159.576171875	0.0	image/43	43	81703	train2017/000000006765.jpg
160.3828125	0.0	image/38	38	82116	train2017/000000312536.jpg
161.19921875	0.0	image/75	75	82534	train2017/000000399878.jpg
162.81640625	0.0	image/59	59	83362	train2017/000000010046.jpg
163.611328125	0.0	image/84	84	83769	train2017/000000570543.jpg
164.37890625	0.0	image/89	89	84162	train2017/000000016314.jpg
165.18359375	0.0	image/27	27	84574	train2017/000000265745.jpg
165.99609375	0.0	image/3	3	84990	train2017/000000262414.jpg
167.5859375	0.0	image/44	44	85804	train2017/000000007048.jpg
168.41796875	0.0	image/96	96	86230	train2017/000000541258.jpg
169.251953125	0.0	image/28	28	86657	train2017/000000558788.jpg
170.0859375	0.0	image/93	93	87084	train2017/000000541077.jpg
170.9140625	0.0	image/32	32	87508	train2017/000000005028.jpg
171.736328125	0.0	image/116	116	87929	train2017/000000283426.jpg
173.33203125	0.0	image/112	112	88746	train2017/000000544926.jpg
174.154296875	0.0	image/56	56	89167	train2017/000000008998.jpg
174.931640625	0.0	image/120	120	89565	train2017/000000021718.jpg
175.716796875	0.0	image/8	8	89967	train2017/000000000625.jpg
176.50390625	0.0	image/68	68	90370	train2017/000000535871.jpg
177.314453125	0.0	image/48	48	90785	train2017/000000011299.jpg
178.115234375	0.0	image/118	118	91195	train2017/000000283678.jpg
178.904296875	0.0	image/10	10	91599	train2017/000000001308.jpg
179.732421875	0.0	image/54	54	92023	train2017/000000532753.jpg
180.556640625	0.0	image/74	74	92445	train2017/000000275663.jpg
181.35546875	0.0	image/100	100	92854	train2017/000000541856.jpg
182.1328125	0.0	image/14	14	93252	train2017/000000264244.jpg
182.900390625	0.0	image/4	4	93645	train2017/000000524646.jpg
183.72265625	0.0	image/45	45	94066	train2017/000000531392.jpg
184.556640625	0.0	image/10	10	94493	train2017/000000001308.jpg
185.357421875	0.0	image/3	3	94903	train2017/000000262414.jpg
186.173828125	0.0	image/29	29	95321	train2017/000000393907.jpg
186.990234375	0.0	image/24	24	95739	train2017/000000265453.jpg
187.775390625	0.0	image/66	66	96141	train2017/000000273250.jpg
188.57421875	0.0	image/25	25	96550	train2017/000000527618.jpg
189.375	0.0	image/37	37	96960	train2017/000000005684.jpg
190.17578125	0.0	image/21	21	97370	train2017/000000274108.jpg
190.935546875	0.0	image/27	27	97759	train2017/000000265745.jpg
191.703125	0.0	image/30	30	98152	train2017/000000004442.jpg
192.470703125	0.0	image/81	81	98545	train2017/000000539340.jpg
193.275390625	0.0	image/120	120	98957	train2017/000000021718.jpg
194.109375	0.0	image/62	62	99384	train2017/000000010903.jpg
194.904296875	0.0	image/2	2	99791	train2017/000000262239.jpg
196.52734375	0.0	image/31	31	100622	train2017/000000266622.jpg
197.361328125	0.0	image/7	7	101049	train2017/000000000605.jpg
198.138671875	0.0	image/87	87	101447	train2017/000000300383.jpg
199.76171875	0.0	image/114	114	102278	train2017/000000571485.jpg
200.572265625	0.0	image/104	104	102693	train2017/000000018367.jpg
201.37890625	0.0	image/113	113	103106	train2017/000000545160.jpg
202.20703125	0.0	image/86	86	103530	train2017/000000539879.jpg
202.99609375	0.0	image/35	35	103934	train2017/000000267647.jpg
203.779296875	0.0	image/63	63	104335	train2017/000000273120.jpg
204.5625	0.0	image/11	11	104736	train2017/000000263599.jpg
205.341796875	0.0	image/30	30	105135	train2017/000000004442.jpg
206.126953125	0.0	image/70	70	105537	train2017/000000536786.jpg
206.94140625	0.0	image/33	33	105954	train2017/000000267338.jpg
207.78125	0.0	image/36	36	106384	train2017/000000267699.jpg
208.564453125	0.0	image/34	34	106785	train2017/000000005277.jpg
209.375	0.0	image/95	95	107200	train2017/000000016898.jpg
210.1640625	0.0	image/90	90	107604	train2017/000000278555.jpg
210.947265625	0.0	image/13	13	108005	train2017/000000525932.jpg
211.775390625	0.0	image/90	90	108429	train2017/000000278555.jpg
212.599609375	0.0	image/109	109	108851	train2017/000000544060.jpg
220.15625	0.0	image/156	156	112720	train2017/000000029732.jpg
220.951171875	0.0	image/191	191	113127	train2017/000000039196.jpg
221.75390625	0.0	image/225	225	113538	train2017/000000047172.jpg
222.57421875	0.0	image/139	139	113958	train2017/000000026702.jpg
223.369140625	0.0	image/208	208	114365	train2017/000000043150.jpg
224.15234375	0.0	image/161	161	114766	train2017/000000293368.jpg
224.958984375	0.0	image/128	128	115179	train2017/000000547644.jpg
225.76953125	0.0	image/160	160	115594	train2017/000000293130.jpg
226.5546875	0.0	image/147	147	115996	train2017/000000289791.jpg
227.326171875	0.0	image/206	206	116391	train2017/000000263276.jpg
228.10546875	0.0	image/226	226	116790	train2017/000000571499.jpg
229.693359375	0.0	image/126	126	117603	train2017/000000547367.jpg
230.51953125	0.0	image/184	184	118026	train2017/000000006053.jpg
231.322265625	0.0	image/201	201	118437	train2017/000000041606.jpg
232.14453125	0.0	image/146	146	118858	train2017/000000289460.jpg
232.943359375	0.0	image/135	135	119267	train2017/000000288372.jpg
233.76171875	0.0	image/123	123	119686	train2017/000000022256.jpg
234.572265625	0.0	image/218	218	120101	train2017/000000569196.jpg
235.33984375	0.0	image/125	125	120494	train2017/000000022964.jpg
236.927734375	0.0	image/193	193	121307	train2017/000000564465.jpg
237.73828125	0.0	image/202	202	121722	train2017/000000566201.jpg
238.505859375	0.0	image/173	173	122115	train2017/000000559816.jpg
239.294921875	0.0	image/221	221	122519	train2017/000000575701.jpg
240.080078125	0.0	image/124	124	122921	train2017/000000122964.jpg
240.890625	0.0	image/200	200	123336	train2017/000000565834.jpg
241.712890625	0.0	image/209	209	123757	train2017/000000043176.jpg
242.5078125	0.0	image/232	232	124164	train2017/000000311232.jpg
244.11328125	0.0	image/204	204	124986	train2017/000000304187.jpg
244.923828125	0.0	image/237	237	125401	train2017/000000095809.jpg
245.748046875	0.0	image/212	212	125823	train2017/000000043776.jpg
246.57421875	0.0	image/233	233	126246	train2017/000000532520.jpg
247.365234375	0.0	image/150	150	126651	train2017/000000552589.jpg
249.03125	0.0	image/179	179	127504	train2017/000000559958.jpg
249.84375	0.0	image/186	186	127920	train2017/000000037358.jpg
250.626953125	0.0	image/142	142	128321	train2017/000000027002.jpg
251.3984375	0.0	image/234	234	128716	train2017/000000312003.jpg
252.19921875	0.0	image/159	159	129126	train2017/000000292845.jpg
252.994140625	0.0	image/168	168	129533	train2017/000000557848.jpg
253.79296875	0.0	image/213	213	129942	train2017/000000043815.jpg
254.611328125	0.0	image/167	167	130361	train2017/000000032809.jpg
255.43359375	0.0	image/165	165	130782	train2017/000000032275.jpg
256.244140625	0.0	image/144	144	131197	train2017/000000354070.jpg
257.029296875	0.0	image/228	228	131599	train2017/000000572215.jpg
257.814453125	0.0	image/121	121	132001	train2017/000000546140.jpg
258.6015625	0.0	image/218	218	132404	train2017/000000569196.jpg
259.396484375	0.0	image/152	152	132811	train2017/000000553166.jpg
260.197265625	0.0	image/210	210	133221	train2017/000000305685.jpg
260.96875	0.0	image/170	170	133616	train2017/000000033727.jpg
261.779296875	0.0	image/205	205	134031	train2017/000000566341.jpg
262.6015625	0.0	image/219	219	134452	train2017/000000219735.jpg
264.26953125	0.0	image/129	129	135306	train2017/000000023392.jpg
265.080078125	0.0	image/206	206	135721	train2017/000000263276.jpg
265.865234375	0.0	image/131	131	136123	train2017/000000549301.jpg
266.654296875	0.0	image/138	138	136527	train2017/000000288751.jpg
267.4375	0.0	image/146	146	136928	train2017/000000289460.jpg
268.232421875	0.0	image/217	217	137335	train2017/000000306988.jpg
269.837890625	0.0	image/145	145	138157	train2017/000000027298.jpg
270.62109375	0.0	image/230	230	138558	train2017/000000573337.jpg
271.455078125	0.0	image/122	122	138985	train2017/000000546147.jpg
272.23828125	0.0	image/175	175	139386	train2017/000000559225.jpg
273.015625	0.0	image/222	222	139784	train2017/000000308950.jpg
273.822265625	0.0	image/172	172	140197	train2017/000000558822.jpg
274.619140625	0.0	image/140	140	140605	train2017/000000551164.jpg
275.431640625	0.0	image/207	207	141021	train2017/000000042578.jpg
276.201171875	0.0	image/187	187	141415	train2017/000000037779.jpg
277.017578125	0.0	image/229	229	141833	train2017/000000310870.jpg
277.818359375	0.0	image/222	222	142243	train2017/000000308950.jpg
278.6015625	0.0	image/123	123	142644	train2017/000000022256.jpg
279.408203125	0.0	image/229	229	143057	train2017/000000310870.jpg
280.185546875	0.0	image/240	240	143455	train2017/000000575971.jpg
281.0078125	0.0	image/214	214	143876	train2017/000000306031.jpg
281.818359375	0.0	image/135	135	144291	train2017/000000288372.jpg
282.591796875	0.0	image/171	171	144687	train2017/000000033764.jpg
283.42578125	0.0	image/196	196	145114	train2017/000000574784.jpg
284.9921875	0.0	image/149	149	145916	train2017/000000290192.jpg
286.59375	0.0	image/172	172	146736	train2017/000000558822.jpg
287.37109375	0.0	image/200	200	147134	train2017/000000565834.jpg
288.189453125	0.0	image/239	239	147553	train2017/000000313480.jpg
288.9921875	0.0	image/178	178	147964	train2017/000000355458.jpg
289.771484375	0.0	image/187	187	148363	train2017/000000037779.jpg
290.572265625	0.0	image/158	158	148773	train2017/000000030148.jpg
291.37890625	0.0	image/198	198	149186	train2017/000000303436.jpg
292.1953125	0.0	image/162	162	149604	train2017/000000293372.jpg
293.01171875	0.0	image/145	145	150022	train2017/000000027298.jpg
293.806640625	0.0	image/142	142	150429	train2017/000000027002.jpg
294.611328125	0.0	image/225	225	150841	train2017/000000047172.jpg
295.396484375	0.0	image/132	132	151243	train2017/000000549830.jpg
296.19140625	0.0	image/220	220	151650	train2017/000000569645.jpg
296.99609375	0.0	image/130	130	152062	train2017/000000548593.jpg
297.82421875	0.0	image/215	215	152486	train2017/000000306249.jpg
298.607421875	0.0	image/171	171	152887	train2017/000000033764.jpg
299.4140625	0.0	image/160	160	153300	train2017/000000293130.jpg
300.21484375	0.0	image/151	151	153710	train2017/000000553150.jpg
301.041015625	0.0	image/227	227	154133	train2017/000000047638.jpg
301.822265625	0.0	image/183	183	154533	train2017/000000298395.jpg
302.59765625	0.0	image/186	186	154930	train2017/000000037358.jpg
303.388671875	0.0	image/199	199	155335	train2017/000000565652.jpg
304.173828125	0.0	image/164	164	155737	train2017/000000556542.jpg
304.943359375	0.0	image/140	140	156131	train2017/000000551164.jpg
305.71484375	0.0	image/238	238	156526	train2017/000000050624.jpg
306.55078125	0.0	image/127	127	156954	train2017/000000285450.jpg
307.349609375	0.0	image/170	170	157363	train2017/000000033727.jpg
308.177734375	0.0	image/231	231	157787	train2017/000000270325.jpg
308.982421875	0.0	image/188	188	158199	train2017/000000037823.jpg
309.767578125	0.0	image/163	163	158601	train2017/000000032134.jpg
310.583984375	0.0	image/234	234	159019	train2017/000000312003.jpg
311.384765625	0.0	image/133	133	159429	train2017/000000026029.jpg
312.162109375	0.0	image/189	189	159827	train2017/000000300881.jpg
312.96875	0.0	image/221	221	160240	train2017/000000575701.jpg
314.5859375	0.0	image/223	223	161068	train2017/000000309135.jpg
315.412109375	0.0	image/212	212	161491	train2017/000000043776.jpg
316.21875	0.0	image/194	194	161904	train2017/000000302588.jpg
317.03515625	0.0	image/224	224	162322	train2017/000000309192.jpg
317.818359375	0.0	image/168	168	162723	train2017/000000557848.jpg
318.603515625	0.0	image/124	124	163125	train2017/000000122964.jpg
319.380859375	0.0	image/182	182	163523	train2017/000000298170.jpg
320.18359375	0.0	image/227	227	163934	train2017/000000047638.jpg
320.998046875	0.0	image/157	157	164351	train2017/000000030109.jpg
321.814453125	0.0	image/125	125	164769	train2017/000000022964.jpg
322.62109375	0.0	image/148	148	165182	train2017/000000027665.jpg
323.421875	0.0	image/179	179	165592	train2017/000000559958.jpg
324.25390625	0.0	image/141	141	166018	train2017/000000026981.jpg
325.072265625	0.0	image/132	132	166437	train2017/000000549830.jpg
325.90625	0.0	image/197	197	166864	train2017/000000303392.jpg
326.689453125	0.0	image/233	233	167265	train2017/000000532520.jpg
327.47265625	0.0	image/130	130	167666	train2017/000000548593.jpg
328.251953125	0.0	image/126	126	168065	train2017/000000547367.jpg
329.0234375	0.0	image/236	236	168460	train2017/000000574760.jpg
329.806640625	0.0	image/129	129	168861	train2017/000000023392.jpg
330.6171875	0.0	image/177	177	169276	train2017/000000573830.jpg
332.224609375	0.0	image/180	180	170099	train2017/000000297844.jpg
333.05078125	0.0	image/176	176	170522	train2017/000000297154.jpg
333.82421875	0.0	image/220	220	170918	train2017/000000569645.jpg
334.65234375	0.0	image/134	134	171342	train2017/000000550396.jpg
335.44140625	0.0	image/149	149	171746	train2017/000000290192.jpg
336.2421875	0.0	image/182	182	172156	train2017/000000298170.jpg
337.052734375	0.0	image/210	210	172571	train2017/000000305685.jpg
338.67578125	0.0	image/181	181	173402	train2017/000000035927.jpg
339.4921875	0.0	image/192	192	173820	train2017/000000225054.jpg
340.275390625	0.0	image/231	231	174221	train2017/000000270325.jpg
341.892578125	0.0	image/178	178	175049	train2017/000000355458.jpg
342.677734375	0.0	image/193	193	175451	train2017/000000564465.jpg
343.4609375	0.0	image/175	175	175852	train2017/000000559225.jpg
344.294921875	0.0	image/219	219	176279	train2017/000000219735.jpg
345.89453125	0.0	image/174	174	177098	train2017/000000559145.jpg
346.7109375	0.0	image/139	139	177516	train2017/000000026702.jpg
347.5078125	0.0	image/216	216	177924	train2017/000000225829.jpg
348.291015625	0.0	image/195	195	178325	train2017/000000040685.jpg
349.078125	0.0	image/189	189	178728	train2017/000000300881.jpg
350.662109375	0.0	image/188	188	179539	train2017/000000037823.jpg
351.478515625	0.0	image/202	202	179957	train2017/000000566201.jpg
352.30859375	0.0	image/215	215	180382	train2017/000000306249.jpg
353.130859375	0.0	image/217	217	180803	train2017/000000306988.jpg
354.73046875	0.0	image/166	166	181622	train2017/000000556748.jpg
355.53125	0.0	image/190	190	182032	train2017/000000038801.jpg
356.341796875	0.0	image/203	203	182447	train2017/000000566261.jpg
357.1640625	0.0	image/169	169	182868	train2017/000000557886.jpg
357.9765625	0.0	image/141	141	183284	train2017/000000026981.jpg
358.78125	0.0	image/207	207	183696	train2017/000000042578.jpg
359.564453125	0.0	image/203	203	184097	train2017/000000566261.jpg
360.392578125	0.0	image/121	121	184521	train2017/000000546140.jpg
361.158203125	0.0	image/201	201	184913	train2017/000000041606.jpg
362.81640625	0.0	image/185	185	185762	train2017/000000036589.jpg
363.626953125	0.0	image/136	136	186177	train2017/000000026388.jpg
364.4453125	0.0	image/143	143	186596	train2017/000000027030.jpg
365.234375	0.0	image/169	169	187000	train2017/000000557886.jpg
366.033203125	0.0	image/138	138	187409	train2017/000000288751.jpg
366.859375	0.0	image/150	150	187832	train2017/000000552589.jpg
367.634765625	0.0	image/144	144	188229	train2017/000000354070.jpg
369.234375	0.0	image/232	232	189048	train2017/000000311232.jpg
370.068359375	0.0	image/224	224	189475	train2017/000000309192.jpg
370.869140625	0.0	image/192	192	189885	train2017/000000225054.jpg
371.685546875	0.0	image/181	181	190303	train2017/000000035927.jpg
373.3359375	0.0	image/211	211	191148	train2017/000000567837.jpg
374.1640625	0.0	image/153	153	191572	train2017/000000553586.jpg
375.78125	0.0	image/213	213	192400	train2017/000000043815.jpg
376.587890625	0.0	image/153	153	192813	train2017/000000553586.jpg
377.37109375	0.0	image/226	226	193214	train2017/000000571499.jpg
378.154296875	0.0	image/216	216	193615	train2017/000000225829.jpg
378.94921875	0.0	image/240	240	194022	train2017/000000575971.jpg
379.732421875	0.0	image/155	155	194423	train2017/000000029730.jpg
380.53125	0.0	image/143	143	194832	train2017/000000027030.jpg
381.30078125	0.0	image/211	211	195226	train2017/000000567837.jpg
382.90625	0.0	image/157	157	196048	train2017/000000030109.jpg
383.716796875	0.0	image/148	148	196463	train2017/000000027665.jpg
384.505859375	0.0	image/235	235	196867	train2017/000000050256.jpg
385.2890625	0.0	image/204	204	197268	train2017/000000304187.jpg
386.873046875	0.0	image/163	163	198079	train2017/000000032134.jpg
387.68359375	0.0	image/151	151	198494	train2017/000000553150.jpg
388.5078125	0.0	image/223	223	198916	train2017/000000309135.jpg
390.140625	0.0	image/147	147	199752	train2017/000000289791.jpg
390.95703125	0.0	image/164	164	200170	train2017/000000556542.jpg
391.7578125	0.0	image/191	191	200580	train2017/000000039196.jpg
392.537109375	0.0	image/137	137	200979	train2017/000000026443.jpg
393.322265625	0.0	image/173	173	201381	train2017/000000559816.jpg
394.142578125	0.0	image/165	165	201801	train2017/000000032275.jpg
394.9375	0.0	image/236	236	202208	train2017/000000574760.jpg
395.7421875	0.0	image/128	128	202620	train2017/000000547644.jpg
396.525390625	0.0	image/180	180	203021	train2017/000000297844.jpg
397.3046875	0.0	image/162	162	203420	train2017/000000293372.jpg
398.103515625	0.0	image/209	209	203829	train2017/000000043176.jpg
398.927734375	0.0	image/197	197	204251	train2017/000000303392.jpg
399.705078125	0.0	image/196	196	204649	train2017/000000574784.jpg
400.494140625	0.0	image/159	159	205053	train2017/000000292845.jpg
401.294921875	0.0	image/214	214	205463	train2017/000000306031.jpg
402.078125	0.0	image/156	156	205864	train2017/000000029732.jpg
402.85546875	0.0	image/198	198	206262	train2017/000000303436.jpg
403.662109375	0.0	image/199	199	206675	train2017/000000565652.jpg
404.462890625	0.0	image/161	161	207085	train2017/000000293368.jpg
405.24609375	0.0	image/167	167	207486	train2017/000000032809.jpg
406.080078125	0.0	image/136	136	207913	train2017/000000026388.jpg
406.87890625	0.0	image/133	133	208322	train2017/000000026029.jpg
407.673828125	0.0	image/238	238	208729	train2017/000000050624.jpg
409.330078125	0.0	image/154	154	209577	train2017/000000291560.jpg
410.125	0.0	image/174	174	209984	train2017/000000559145.jpg
410.931640625	0.0	image/154	154	210397	train2017/000000291560.jpg
411.73046875	0.0	image/152	152	210806	train2017/000000553166.jpg
412.548828125	0.0	image/185	185	211225	train2017/000000036589.jpg
413.326171875	0.0	image/166	166	211623	train2017/000000556748.jpg
414.130859375	0.0	image/235	235	212035	train2017/000000050256.jpg
414.94921875	0.0	image/205	205	212454	train2017/000000566341.jpg
415.7421875	0.0	image/228	228	212860	train2017/000000572215.jpg
416.51171875	0.0	image/183	183	213254	train2017/000000298395.jpg
417.31640625	0.0	image/237	237	213666	train2017/000000095809.jpg
418.126953125	0.0	image/239	239	214081	train2017/000000313480.jpg
418.93359375	0.0	image/184	184	214494	train2017/000000006053.jpg
419.767578125	0.0	image/230	230	214921	train2017/000000573337.jpg
420.548828125	0.0	image/122	122	215321	train2017/000000546147.jpg
421.333984375	0.0	image/158	158	215723	train2017/000000030148.jpg
422.162109375	0.0	image/195	195	216147	train2017/000000040685.jpg
422.93359375	0.0	image/137	137	216542	train2017/000000026443.jpg
423.734375	0.0	image/127	127	216952	train2017/000000285450.jpg
424.55078125	0.0	image/155	155	217370	train2017/000000029730.jpg
425.369140625	0.0	image/208	208	217789	train2017/000000043150.jpg
426.203125	0.0	image/190	190	218216	train2017/000000038801.jpg
427.818359375	0.0	image/131	131	219043	train2017/000000549301.jpg
428.65234375	0.0	image/134	134	219470	train2017/000000550396.jpg
429.4296875	0.0	image/176	176	219868	train2017/000000297154.jpg
430.23046875	0.0	image/177	177	220278	train2017/000000573830.jpg
431.01953125	0.0	image/194	194	220682	train2017/000000302588.jpg
438.04296875	0.0	image/277	277	224278	train2017/000000009983.jpg
438.8203125	0.0	image/273	273	224676	train2017/000000059321.jpg
439.64453125	0.0	image/302	302	225098	train2017/000000328454.jpg
440.4609375	0.0	image/258	258	225516	train2017/000000055294.jpg
441.23828125	0.0	image/246	246	225914	train2017/000000576749.jpg
442.041015625	0.0	image/295	295	226325	train2017/000000010743.jpg
443.595703125	0.0	image/339	339	227121	train2017/000000072715.jpg
444.373046875	0.0	image/355	355	227519	train2017/000000338670.jpg
446.0078125	0.0	image/287	287	228356	train2017/000000061266.jpg
446.806640625	0.0	image/336	336	228765	train2017/000000334208.jpg
447.57421875	0.0	image/301	301	229158	train2017/000000066253.jpg
449.1640625	0.0	image/317	317	229972	train2017/000000069625.jpg
450.80078125	0.0	image/296	296	230810	train2017/000000064534.jpg
451.57421875	0.0	image/349	349	231206	train2017/000000074714.jpg
452.392578125	0.0	image/293	293	231625	train2017/000000062547.jpg
453.19140625	0.0	image/294	294	232034	train2017/000000325710.jpg
454.01171875	0.0	image/292	292	232454	train2017/000000323970.jpg
454.814453125	0.0	image/285	285	232865	train2017/000000061174.jpg
455.642578125	0.0	image/312	312	233289	train2017/000000068238.jpg
456.431640625	0.0	image/264	264	233693	train2017/000000001877.jpg
457.216796875	0.0	image/278	278	234095	train2017/000000009987.jpg
457.994140625	0.0	image/254	254	234493	train2017/000000317061.jpg
458.759765625	0.0	image/242	242	234885	train2017/000000051774.jpg
459.56640625	0.0	image/297	297	235298	train2017/000000065012.jpg
460.376953125	0.0	image/331	331	235713	train2017/000000333654.jpg
461.14453125	0.0	image/320	320	236106	train2017/000000332448.jpg
462.734375	0.0	image/284	284	236920	train2017/000000323182.jpg
463.513671875	0.0	image/329	329	237319	train2017/000000333615.jpg
464.279296875	0.0	image/314	314	237711	train2017/000000055090.jpg
465.1015625	0.0	image/305	305	238132	train2017/000000067347.jpg
465.896484375	0.0	image/282	282	238539	train2017/000000053842.jpg
466.66796875	0.0	image/274	274	238934	train2017/000000321902.jpg
467.447265625	0.0	image/337	337	239333	train2017/000000072095.jpg
468.251953125	0.0	image/290	290	239745	train2017/000000534553.jpg
469.03515625	0.0	image/350	350	240146	train2017/000000074828.jpg
469.814453125	0.0	image/308	308	240545	train2017/000000067623.jpg
470.63671875	0.0	image/293	293	240966	train2017/000000062547.jpg
471.46484375	0.0	image/275	275	241390	train2017/000000403184.jpg
472.275390625	0.0	image/243	243	241805	train2017/000000560396.jpg
473.087890625	0.0	image/279	279	242221	train2017/000000322246.jpg
473.921875	0.0	image/327	327	242648	train2017/000000333152.jpg
474.73828125	0.0	image/324	324	243066	train2017/000000332692.jpg
475.53125	0.0	image/253	253	243472	train2017/000000054001.jpg
476.298828125	0.0	image/329	329	243865	train2017/000000333615.jpg
477.087890625	0.0	image/353	353	244269	train2017/000000338169.jpg
477.865234375	0.0	image/267	267	244667	train2017/000000057631.jpg
478.6328125	0.0	image/333	333	245060	train2017/000000334011.jpg
479.400390625	0.0	image/345	345	245453	train2017/000000281567.jpg
480.20703125	0.0	image/332	332	245866	train2017/000000579906.jpg
481.017578125	0.0	image/314	314	246281	train2017/000000055090.jpg
481.7890625	0.0	image/271	271	246676	train2017/000000058465.jpg
482.607421875	0.0	image/310	310	247095	train2017/000000330086.jpg
483.41796875	0.0	image/353	353	247510	train2017/000000338169.jpg
484.240234375	0.0	image/323	323	247931	train2017/000000332574.jpg
485.03515625	0.0	image/286	286	248338	train2017/000000323397.jpg
485.80859375	0.0	image/352	352	248734	train2017/000000274776.jpg
486.6015625	0.0	image/275	275	249140	train2017/000000403184.jpg
487.408203125	0.0	image/339	339	249553	train2017/000000072715.jpg
488.21875	0.0	image/342	342	249968	train2017/000000335688.jpg
489.025390625	0.0	image/303	303	250381	train2017/000000328628.jpg
490.66015625	0.0	image/311	311	251218	train2017/000000067961.jpg
491.443359375	0.0	image/291	291	251619	train2017/000000490875.jpg
492.2265625	0.0	image/266	266	252020	train2017/000000056837.jpg
493.00390625	0.0	image/354	354	252418	train2017/000000076476.jpg
493.826171875	0.0	image/294	294	252839	train2017/000000325710.jpg
494.638671875	0.0	image/283	283	253255	train2017/000000359687.jpg
495.44140625	0.0	image/328	328	253666	train2017/000000071429.jpg
496.2109375	0.0	image/251	251	254060	train2017/000000053778.jpg
496.994140625	0.0	image/241	241	254461	train2017/000000576011.jpg
497.822265625	0.0	image/255	255	254885	train2017/000000055184.jpg
498.64453125	0.0	image/344	344	255306	train2017/000000073997.jpg
499.421875	0.0	image/335	335	255704	train2017/000000071927.jpg
501.01171875	0.0	image/313	313	256518	train2017/000000011373.jpg
501.8125	0.0	image/243	243	256928	train2017/000000560396.jpg
502.58984375	0.0	image/304	304	257326	train2017/000000066696.jpg
503.357421875	0.0	image/254	254	257719	train2017/000000317061.jpg
504.130859375	0.0	image/308	308	258115	train2017/000000067623.jpg
504.95703125	0.0	image/245	245	258538	train2017/000000052348.jpg
505.7421875	0.0	image/300	300	258940	train2017/000000065400.jpg
507.34765625	0.0	image/305	305	259762	train2017/000000067347.jpg
508.126953125	0.0	image/300	300	260161	train2017/000000065400.jpg
508.892578125	0.0	image/303	303	260553	train2017/000000328628.jpg
509.697265625	0.0	image/330	330	260965	train2017/000000333629.jpg
510.494140625	0.0	image/320	320	261373	train2017/000000332448.jpg
511.30078125	0.0	image/351	351	261786	train2017/000000337479.jpg
512.09375	0.0	image/287	287	262192	train2017/000000061266.jpg
512.884765625	0.0	image/351	351	262597	train2017/000000337479.jpg
513.68359375	0.0	image/299	299	263006	train2017/000000327191.jpg
514.5	0.0	image/341	341	263424	train2017/000000492851.jpg
515.328125	0.0	image/310	310	263848	train2017/000000330086.jpg
516.14453125	0.0	image/348	348	264266	train2017/000000074461.jpg
516.927734375	0.0	image/359	359	264667	train2017/000000078000.jpg
517.728515625	0.0	image/286	286	265077	train2017/000000323397.jpg
518.529296875	0.0	image/350	350	265487	train2017/000000074828.jpg
519.328125	0.0	image/354	354	265896	train2017/000000076476.jpg
520.09765625	0.0	image/260	260	266290	train2017/000000055514.jpg
520.869140625	0.0	image/360	360	266685	train2017/000000078042.jpg
521.685546875	0.0	image/306	306	267103	train2017/000000281575.jpg
522.501953125	0.0	image/265	265	267521	train2017/000000580813.jpg
523.302734375	0.0	image/312	312	267931	train2017/000000068238.jpg
524.09765625	0.0	image/298	298	268338	train2017/000000065029.jpg
525.720703125	0.0	image/296	296	269169	train2017/000000064534.jpg
526.515625	0.0	image/282	282	269576	train2017/000000053842.jpg
527.28125	0.0	image/257	257	269968	train2017/000000055206.jpg
528.103515625	0.0	image/307	307	270389	train2017/000000329641.jpg
528.880859375	0.0	image/273	273	270787	train2017/000000059321.jpg
529.671875	0.0	image/322	322	271192	train2017/000000070421.jpg
530.50390625	0.0	image/304	304	271618	train2017/000000066696.jpg
532.087890625	0.0	image/332	332	272429	train2017/000000579906.jpg
533.73828125	0.0	image/295	295	273274	train2017/000000010743.jpg
534.556640625	0.0	image/289	289	273693	train2017/000000061559.jpg
535.349609375	0.0	image/291	291	274099	train2017/000000490875.jpg
536.15625	0.0	image/281	281	274512	train2017/000000323010.jpg
536.96875	0.0	image/289	289	274928	train2017/000000061559.jpg
537.734375	0.0	image/343	343	275320	train2017/000000335824.jpg
538.53515625	0.0	image/279	279	275730	train2017/000000322246.jpg
539.333984375	0.0	image/283	283	276139	train2017/000000359687.jpg
540.107421875	0.0	image/349	349	276535	train2017/000000074714.jpg
540.90234375	0.0	image/268	268	276942	train2017/000000057796.jpg
541.66796875	0.0	image/315	315	277334	train2017/000000068623.jpg
542.474609375	0.0	image/323	323	277747	train2017/000000332574.jpg
543.25390625	0.0	image/278	278	278146	train2017/000000009987.jpg
544.841796875	0.0	image/313	313	278959	train2017/000000011373.jpg
545.625	0.0	image/344	344	279360	train2017/000000073997.jpg
546.458984375	0.0	image/358	358	279787	train2017/000000077870.jpg
547.287109375	0.0	image/309	309	280211	train2017/000000330084.jpg
548.109375	0.0	image/337	337	280632	train2017/000000072095.jpg
548.892578125	0.0	image/325	325	281033	train2017/000000002349.jpg
549.720703125	0.0	image/271	271	281457	train2017/000000058465.jpg
550.52734375	0.0	image/318	318	281870	train2017/000000069705.jpg
551.322265625	0.0	image/250	250	282277	train2017/000000577964.jpg
552.14453125	0.0	image/284	284	282698	train2017/000000323182.jpg
552.97265625	0.0	image/347	347	283122	train2017/000000074390.jpg
553.77734375	0.0	image/321	321	283534	train2017/000000332498.jpg
554.578125	0.0	image/299	299	283944	train2017/000000327191.jpg
555.396484375	0.0	image/249	249	284363	train2017/000000577817.jpg
557.01171875	0.0	image/355	355	285190	train2017/000000338670.jpg
557.828125	0.0	image/333	333	285608	train2017/000000334011.jpg
558.61328125	0.0	image/324	324	286010	train2017/000000332692.jpg
559.408203125	0.0	image/328	328	286417	train2017/000000071429.jpg
560.208984375	0.0	image/309	309	286827	train2017/000000330084.jpg
560.99609375	0.0	image/315	315	287230	train2017/000000068623.jpg
561.80859375	0.0	image/341	341	287646	train2017/000000492851.jpg
562.595703125	0.0	image/245	245	288049	train2017/000000052348.jpg
563.42578125	0.0	image/270	270	288474	train2017/000000058407.jpg
564.244140625	0.0	image/277	277	288893	train2017/000000009983.jpg
565.048828125	0.0	image/272	272	289305	train2017/000000359337.jpg
565.841796875	0.0	image/285	285	289711	train2017/000000061174.jpg
566.6484375	0.0	image/311	311	290124	train2017/000000067961.jpg
567.43359375	0.0	image/247	247	290526	train2017/000000576789.jpg
568.216796875	0.0	image/330	330	290927	train2017/000000333629.jpg
569.80078125	0.0	image/301	301	291738	train2017/000000066253.jpg
571.41796875	0.0	image/356	356	292566	train2017/000000012795.jpg
572.201171875	0.0	image/322	322	292967	train2017/000000070421.jpg
572.984375	0.0	image/343	343	293368	train2017/000000335824.jpg
573.76171875	0.0	image/326	326	293766	train2017/000000332875.jpg
574.583984375	0.0	image/302	302	294187	train2017/000000328454.jpg
575.40234375	0.0	image/248	248	294606	train2017/000000455691.jpg
576.1796875	0.0	image/259	259	295004	train2017/000000055402.jpg
576.986328125	0.0	image/292	292	295417	train2017/000000323970.jpg
577.796875	0.0	image/335	335	295832	train2017/000000071927.jpg
578.619140625	0.0	image/262	262	296253	train2017/000000318381.jpg
579.40234375	0.0	image/342	342	296654	train2017/000000335688.jpg
580.1796875	0.0	image/298	298	297052	train2017/000000065029.jpg
581.0	0.0	image/306	306	297472	train2017/000000281575.jpg
581.787109375	0.0	image/265	265	297875	train2017/000000580813.jpg
582.59765625	0.0	image/260	260	298290	train2017/000000055514.jpg
583.365234375	0.0	image/264	264	298683	train2017/000000001877.jpg
584.169921875	0.0	image/266	266	299095	train2017/000000056837.jpg
584.955078125	0.0	image/269	269	299497	train2017/000000320533.jpg
585.732421875	0.0	image/257	257	299895	train2017/000000055206.jpg
586.537109375	0.0	image/256	256	300307	train2017/000000009199.jpg
587.322265625	0.0	image/336	336	300709	train2017/000000334208.jpg
588.115234375	0.0	image/259	259	301115	train2017/000000055402.jpg
588.9375	0.0	image/241	241	301536	train2017/000000576011.jpg
589.7734375	0.0	image/267	267	301964	train2017/000000057631.jpg
591.373046875	0.0	image/338	338	302783	train2017/000000334772.jpg
592.15625	0.0	image/316	316	303184	train2017/000000246728.jpg
592.94921875	0.0	image/288	288	303590	train2017/000000061288.jpg
594.57421875	0.0	image/263	263	304422	train2017/000000318444.jpg
595.375	0.0	image/268	268	304832	train2017/000000057796.jpg
596.173828125	0.0	image/250	250	305241	train2017/000000577964.jpg
596.9921875	0.0	image/247	247	305660	train2017/000000576789.jpg
597.82421875	0.0	image/251	251	306086	train2017/000000053778.jpg
598.63671875	0.0	image/280	280	306502	train2017/000000322255.jpg
599.404296875	0.0	image/281	281	306895	train2017/000000323010.jpg
600.208984375	0.0	image/319	319	307307	train2017/000000332261.jpg
601.01953125	0.0	image/356	356	307722	train2017/000000012795.jpg
601.826171875	0.0	image/326	326	308135	train2017/000000332875.jpg
602.63671875	0.0	image/270	270	308550	train2017/000000058407.jpg
603.419921875	0.0	image/276	276	308951	train2017/000000322008.jpg
604.1875	0.0	image/321	321	309344	train2017/000000332498.jpg
605.828125	0.0	image/318	318	310184	train2017/000000069705.jpg
606.64453125	0.0	image/346	346	310602	train2017/000000336374.jpg
607.4765625	0.0	image/288	288	311028	train2017/000000061288.jpg
608.310546875	0.0	image/262	262	311455	train2017/000000318381.jpg
609.107421875	0.0	image/352	352	311863	train2017/000000274776.jpg
609.927734375	0.0	image/249	249	312283	train2017/000000577817.jpg
610.740234375	0.0	image/261	261	312699	train2017/000000317781.jpg
611.544921875	0.0	image/307	307	313111	train2017/000000329641.jpg
612.345703125	0.0	image/244	244	313521	train2017/000000314379.jpg
613.140625	0.0	image/252	252	313928	train2017/000000578169.jpg
613.947265625	0.0	image/297	297	314341	train2017/000000065012.jpg
614.724609375	0.0	image/280	280	314739	train2017/000000322255.jpg
615.544921875	0.0	image/261	261	315159	train2017/000000317781.jpg
616.34765625	0.0	image/345	345	315570	train2017/000000281567.jpg
617.998046875	0.0	image/358	358	316415	train2017/000000077870.jpg
618.80859375	0.0	image/357	357	316830	train2017/000000338987.jpg
620.416015625	0.0	image/340	340	317653	train2017/000000335063.jpg
621.193359375	0.0	image/348	348	318051	train2017/000000074461.jpg
621.9609375	0.0	image/327	327	318444	train2017/000000333152.jpg
623.58203125	0.0	image/274	274	319274	train2017/000000321902.jpg
625.18359375	0.0	image/252	252	320094	train2017/000000578169.jpg
626.0	0.0	image/319	319	320512	train2017/000000332261.jpg
626.80078125	0.0	image/357	357	320922	train2017/000000338987.jpg
627.583984375	0.0	image/242	242	321323	train2017/000000051774.jpg
628.37890625	0.0	image/334	334	321730	train2017/000000334048.jpg
629.201171875	0.0	image/316	316	322151	train2017/000000246728.jpg
629.984375	0.0	image/340	340	322552	train2017/000000335063.jpg
630.779296875	0.0	image/276	276	322959	train2017/000000322008.jpg
631.568359375	0.0	image/256	256	323363	train2017/000000009199.jpg
632.396484375	0.0	image/346	346	323787	train2017/000000336374.jpg
633.21875	0.0	image/317	317	324208	train2017/000000069625.jpg
634.01953125	0.0	image/360	360	324618	train2017/000000078042.jpg
634.84765625	0.0	image/255	255	325042	train2017/000000055184.jpg
636.453125	0.0	image/246	246	325864	train2017/000000576749.jpg
637.236328125	0.0	image/334	334	326265	train2017/000000334048.jpg
638.064453125	0.0	image/290	290	326689	train2017/000000534553.jpg
638.884765625	0.0	image/269	269	327109	train2017/000000320533.jpg
639.703125	0.0	image/263	263	327528	train2017/000000318444.jpg
640.537109375	0.0	image/331	331	327955	train2017/000000333654.jpg
642.12109375	0.0	image/347	347	328766	train2017/000000074390.jpg
642.955078125	0.0	image/338	338	329193	train2017/000000334772.jpg
643.783203125	0.0	image/258	258	329617	train2017/000000055294.jpg
644.58984375	0.0	image/248	248	330030	train2017/000000455691.jpg
645.400390625	0.0	image/325	325	330445	train2017/000000002349.jpg
646.20703125	0.0	image/359	359	330858	train2017/000000078000.jpg
647.033203125	0.0	image/272	272	331281	train2017/000000359337.jpg
647.83984375	0.0	image/253	253	331694	train2017/000000054001.jpg
648.623046875	0.0	image/244	244	332095	train2017/000000314379.jpg
655.310546875	0.0	image/397	397	335519	train2017/000000087334.jpg
656.138671875	0.0	image/370	370	335943	train2017/000000081105.jpg
656.927734375	0.0	image/400	400	336347	train2017/000000350299.jpg
658.51171875	0.0	image/477	477	337158	train2017/000000113593.jpg
659.2890625	0.0	image/417	417	337556	train2017/000000092001.jpg
660.111328125	0.0	image/399	399	337977	train2017/000000320508.jpg
660.888671875	0.0	image/374	374	338375	train2017/000000046372.jpg
662.462890625	0.0	image/374	374	339181	train2017/000000046372.jpg
663.2734375	0.0	image/461	461	339596	train2017/000000106107.jpg
664.9140625	0.0	image/389	389	340436	train2017/000000346583.jpg
666.498046875	0.0	image/415	415	341247	train2017/000000354045.jpg
667.296875	0.0	image/449	449	341656	train2017/000000101952.jpg
668.07421875	0.0	image/395	395	342054	train2017/000000087146.jpg
668.84765625	0.0	image/384	384	342450	train2017/000000345725.jpg
669.6640625	0.0	image/430	430	342868	train2017/000000357865.jpg
670.4921875	0.0	image/477	477	343292	train2017/000000113593.jpg
671.259765625	0.0	image/455	455	343685	train2017/000000104044.jpg
672.06640625	0.0	image/419	419	344098	train2017/000000092288.jpg
672.865234375	0.0	image/388	388	344507	train2017/000000084174.jpg
673.64453125	0.0	image/367	367	344906	train2017/000000080619.jpg
674.41015625	0.0	image/450	450	345298	train2017/000000570785.jpg
675.982421875	0.0	image/476	476	346103	train2017/000000112734.jpg
676.76171875	0.0	image/426	426	346502	train2017/000000357074.jpg
678.3515625	0.0	image/393	393	347316	train2017/000000086811.jpg
679.177734375	0.0	image/468	468	347739	train2017/000000542304.jpg
680.001953125	0.0	image/409	409	348161	train2017/000000090827.jpg
680.818359375	0.0	image/362	362	348579	train2017/000000340734.jpg
681.634765625	0.0	image/474	474	348997	train2017/000000373679.jpg
682.46875	0.0	image/471	471	349424	train2017/000000372775.jpg
683.26953125	0.0	image/432	432	349834	train2017/000000096161.jpg
684.052734375	0.0	image/459	459	350235	train2017/000000366802.jpg
684.86328125	0.0	image/465	465	350650	train2017/000000369253.jpg
685.669921875	0.0	image/455	455	351063	train2017/000000104044.jpg
686.486328125	0.0	image/440	440	351481	train2017/000000361197.jpg
687.28515625	0.0	image/394	394	351890	train2017/000000087126.jpg
688.09765625	0.0	image/434	434	352306	train2017/000000097201.jpg
688.919921875	0.0	image/393	393	352727	train2017/000000086811.jpg
689.75390625	0.0	image/459	459	353154	train2017/000000366802.jpg
690.548828125	0.0	image/379	379	353561	train2017/000000569678.jpg
691.37109375	0.0	image/429	429	353982	train2017/000000095337.jpg
692.166015625	0.0	image/402	402	354389	train2017/000000088835.jpg
693.771484375	0.0	image/388	388	355211	train2017/000000084174.jpg
694.548828125	0.0	image/371	371	355609	train2017/000000081365.jpg
695.33984375	0.0	image/451	451	356014	train2017/000000365003.jpg
696.923828125	0.0	image/378	378	356825	train2017/000000319517.jpg
697.701171875	0.0	image/410	410	357223	train2017/000000090994.jpg
698.484375	0.0	image/453	453	357624	train2017/000000103366.jpg
699.2734375	0.0	image/378	378	358028	train2017/000000319517.jpg
700.083984375	0.0	image/478	478	358443	train2017/000000114035.jpg
700.857421875	0.0	image/402	402	358839	train2017/000000088835.jpg
701.63671875	0.0	image/428	428	359238	train2017/000000095176.jpg
702.419921875	0.0	image/383	383	359639	train2017/000000083393.jpg
703.21875	0.0	image/471	471	360048	train2017/000000372775.jpg
704.00390625	0.0	image/395	395	360450	train2017/000000087146.jpg
704.80859375	0.0	image/382	382	360862	train2017/000000345149.jpg
705.63671875	0.0	image/376	376	361286	train2017/000000081995.jpg
706.40234375	0.0	image/366	366	361678	train2017/000000080275.jpg
707.208984375	0.0	image/457	457	362091	train2017/000000366396.jpg
708.04296875	0.0	image/368	368	362518	train2017/000000008471.jpg
709.66015625	0.0	image/462	462	363346	train2017/000000368852.jpg
710.4609375	0.0	image/423	423	363756	train2017/000000355622.jpg
711.244140625	0.0	image/430	430	364157	train2017/000000357865.jpg
712.0546875	0.0	image/469	469	364572	train2017/000000370369.jpg
712.822265625	0.0	image/364	364	364965	train2017/000000275335.jpg
713.611328125	0.0	image/436	436	365369	train2017/000000098480.jpg
714.421875	0.0	image/474	474	365784	train2017/000000373679.jpg
715.22265625	0.0	image/404	404	366194	train2017/000000352129.jpg
716.828125	0.0	image/391	391	367016	train2017/000000346795.jpg
717.607421875	0.0	image/433	433	367415	train2017/000000359085.jpg
718.390625	0.0	image/448	448	367816	train2017/000000101069.jpg
719.15625	0.0	image/398	398	368208	train2017/000000087871.jpg
719.9296875	0.0	image/407	407	368604	train2017/000000352724.jpg
720.724609375	0.0	image/410	410	369011	train2017/000000090994.jpg
721.5078125	0.0	image/377	377	369412	train2017/000000450584.jpg
722.314453125	0.0	image/450	450	369825	train2017/000000570785.jpg
723.09765625	0.0	image/404	404	370226	train2017/000000352129.jpg
723.892578125	0.0	image/365	365	370633	train2017/000000080084.jpg
724.71484375	0.0	image/375	375	371054	train2017/000000081961.jpg
725.525390625	0.0	image/394	394	371469	train2017/000000087126.jpg
726.326171875	0.0	image/416	416	371879	train2017/000000354095.jpg
727.916015625	0.0	image/428	428	372693	train2017/000000095176.jpg
729.515625	0.0	image/400	400	373512	train2017/000000350299.jpg
730.326171875	0.0	image/437	437	373927	train2017/000000060117.jpg
731.1328125	0.0	image/385	385	374340	train2017/000000345751.jpg
731.943359375	0.0	image/399	399	374755	train2017/000000320508.jpg
732.728515625	0.0	image/370	370	375157	train2017/000000081105.jpg
733.55078125	0.0	image/470	470	375578	train2017/000000110611.jpg
734.37890625	0.0	image/363	363	376002	train2017/000000079111.jpg
735.18359375	0.0	image/361	361	376414	train2017/000000340317.jpg
735.96875	0.0	image/443	443	376816	train2017/000000099580.jpg
736.751953125	0.0	image/447	447	377217	train2017/000000100863.jpg
737.568359375	0.0	image/403	403	377635	train2017/000000089908.jpg
738.37890625	0.0	image/384	384	378050	train2017/000000345725.jpg
739.185546875	0.0	image/424	424	378463	train2017/000000277778.jpg
739.96875	0.0	image/480	480	378864	train2017/000000376407.jpg
740.751953125	0.0	image/368	368	379265	train2017/000000008471.jpg
742.353515625	0.0	image/413	413	380085	train2017/000000364806.jpg
743.154296875	0.0	image/478	478	380495	train2017/000000114035.jpg
744.771484375	0.0	image/444	444	381323	train2017/000000100396.jpg
745.603515625	0.0	image/479	479	381749	train2017/000000114077.jpg
746.431640625	0.0	image/438	438	382173	train2017/000000147547.jpg
747.216796875	0.0	image/464	464	382575	train2017/000000369230.jpg
748.017578125	0.0	image/412	412	382985	train2017/000000408492.jpg
748.822265625	0.0	image/423	423	383397	train2017/000000355622.jpg
749.599609375	0.0	image/412	412	383795	train2017/000000408492.jpg
750.416015625	0.0	image/460	460	384213	train2017/000000367552.jpg
751.240234375	0.0	image/387	387	384635	train2017/000000083738.jpg
752.03515625	0.0	image/420	420	385042	train2017/000000092353.jpg
752.822265625	0.0	image/389	389	385445	train2017/000000346583.jpg
753.634765625	0.0	image/382	382	385861	train2017/000000345149.jpg
754.45703125	0.0	image/463	463	386282	train2017/000000369171.jpg
755.28515625	0.0	image/425	425	386706	train2017/000000356771.jpg
756.875	0.0	image/362	362	387520	train2017/000000340734.jpg
757.66796875	0.0	image/454	454	387926	train2017/000000366146.jpg
759.275390625	0.0	image/408	408	388749	train2017/000000352861.jpg
760.103515625	0.0	image/458	458	389173	train2017/000000104502.jpg
760.92578125	0.0	image/465	465	389594	train2017/000000369253.jpg
761.759765625	0.0	image/369	369	390021	train2017/000000080987.jpg
762.55859375	0.0	image/452	452	390430	train2017/000000365218.jpg
763.34375	0.0	image/451	451	390832	train2017/000000365003.jpg
764.154296875	0.0	image/435	435	391247	train2017/000000097218.jpg
764.9765625	0.0	image/457	457	391668	train2017/000000366396.jpg
766.611328125	0.0	image/440	440	392505	train2017/000000361197.jpg
767.421875	0.0	image/419	419	392920	train2017/000000092288.jpg
768.20703125	0.0	image/475	475	393322	train2017/000000373970.jpg
768.978515625	0.0	image/462	462	393717	train2017/000000368852.jpg
769.76171875	0.0	image/427	427	394118	train2017/000000357228.jpg
770.556640625	0.0	image/390	390	394525	train2017/000000346754.jpg
771.361328125	0.0	image/429	429	394937	train2017/000000095337.jpg
772.162109375	0.0	image/391	391	395347	train2017/000000346795.jpg
772.95703125	0.0	image/405	405	395754	train2017/000000189765.jpg
773.763671875	0.0	image/434	434	396167	train2017/000000097201.jpg
774.5625	0.0	image/442	442	396576	train2017/000000361648.jpg
775.345703125	0.0	image/475	475	396977	train2017/000000373970.jpg
776.1796875	0.0	image/420	420	397404	train2017/000000092353.jpg
776.962890625	0.0	image/417	417	397805	train2017/000000092001.jpg
777.7421875	0.0	image/467	467	398204	train2017/000000017935.jpg
778.546875	0.0	image/401	401	398616	train2017/000000088414.jpg
779.375	0.0	image/425	425	399040	train2017/000000356771.jpg
780.177734375	0.0	image/386	386	399451	train2017/000000083632.jpg
780.94921875	0.0	image/366	366	399846	train2017/000000080275.jpg
781.7421875	0.0	image/433	433	400252	train2017/000000359085.jpg
782.548828125	0.0	image/464	464	400665	train2017/000000369230.jpg
783.365234375	0.0	image/472	472	401083	train2017/000000110780.jpg
784.142578125	0.0	image/397	397	401481	train2017/000000087334.jpg
784.927734375	0.0	image/441	441	401883	train2017/000000099363.jpg
785.71484375	0.0	image/438	438	402286	train2017/000000147547.jpg
786.533203125	0.0	image/365	365	402705	train2017/000000080084.jpg
787.328125	0.0	image/381	381	403112	train2017/000000082770.jpg
788.150390625	0.0	image/473	473	403533	train2017/000000372959.jpg
788.9296875	0.0	image/387	387	403932	train2017/000000083738.jpg
789.728515625	0.0	image/427	427	404341	train2017/000000357228.jpg
790.53515625	0.0	image/418	418	404754	train2017/000000092221.jpg
791.333984375	0.0	image/470	470	405163	train2017/000000110611.jpg
792.15234375	0.0	image/372	372	405582	train2017/000000081474.jpg
792.984375	0.0	image/414	414	406008	train2017/000000091784.jpg
793.802734375	0.0	image/466	466	406427	train2017/000000107204.jpg
795.435546875	0.0	image/371	371	407263	train2017/000000081365.jpg
796.263671875	0.0	image/445	445	407687	train2017/000000362677.jpg
797.046875	0.0	image/460	460	408088	train2017/000000367552.jpg
797.81640625	0.0	image/443	443	408482	train2017/000000099580.jpg
798.587890625	0.0	image/472	472	408877	train2017/000000110780.jpg
799.37109375	0.0	image/437	437	409278	train2017/000000060117.jpg
800.1875	0.0	image/431	431	409696	train2017/000000095828.jpg
800.96484375	0.0	image/432	432	410094	train2017/000000096161.jpg
801.73828125	0.0	image/361	361	410490	train2017/000000340317.jpg
802.55859375	0.0	image/380	380	410910	train2017/000000082650.jpg
803.388671875	0.0	image/411	411	411335	train2017/000000091005.jpg
804.171875	0.0	image/377	377	411736	train2017/000000450584.jpg
805.00390625	0.0	image/479	479	412162	train2017/000000114077.jpg
805.7890625	0.0	image/383	383	412564	train2017/000000083393.jpg
806.572265625	0.0	image/439	439	412965	train2017/000000361193.jpg
807.388671875	0.0	image/418	418	413383	train2017/000000092221.jpg
808.205078125	0.0	image/392	392	413801	train2017/000000348204.jpg
809.037109375	0.0	image/386	386	414227	train2017/000000083632.jpg
809.857421875	0.0	image/422	422	414647	train2017/000000059194.jpg
810.68359375	0.0	image/435	435	415070	train2017/000000097218.jpg
811.45703125	0.0	image/398	398	415466	train2017/000000087871.jpg
812.240234375	0.0	image/379	379	415867	train2017/000000569678.jpg
813.03515625	0.0	image/405	405	416274	train2017/000000189765.jpg
813.82421875	0.0	image/363	363	416678	train2017/000000079111.jpg
814.607421875	0.0	image/385	385	417079	train2017/000000345751.jpg
815.392578125	0.0	image/407	407	417481	train2017/000000352724.jpg
816.224609375	0.0	image/424	424	417907	train2017/000000277778.jpg
817.025390625	0.0	image/447	447	418317	train2017/000000100863.jpg
817.826171875	0.0	image/373	373	418727	train2017/000000081841.jpg
818.64453125	0.0	image/456	456	419146	train2017/000000104081.jpg
819.4765625	0.0	image/409	409	419572	train2017/000000090827.jpg
820.29296875	0.0	image/480	480	419990	train2017/000000376407.jpg
821.921875	0.0	image/476	476	420824	train2017/000000112734.jpg
822.6875	0.0	image/406	406	421216	train2017/000000352236.jpg
823.490234375	0.0	image/458	458	421627	train2017/000000104502.jpg
824.255859375	0.0	image/380	380	422019	train2017/000000082650.jpg
825.07421875	0.0	image/396	396	422438	train2017/000000349363.jpg
825.873046875	0.0	image/413	413	422847	train2017/000000364806.jpg
826.65625	0.0	image/453	453	423248	train2017/000000103366.jpg
827.4453125	0.0	image/469	469	423652	train2017/000000370369.jpg
828.26171875	0.0	image/403	403	424070	train2017/000000089908.jpg
829.087890625	0.0	image/401	401	424493	train2017/000000088414.jpg
829.896484375	0.0	image/454	454	424907	train2017/000000366146.jpg
831.513671875	0.0	image/415	415	425735	train2017/000000354045.jpg
832.32421875	0.0	image/411	411	426150	train2017/000000091005.jpg
833.09765625	0.0	image/408	408	426546	train2017/000000352861.jpg
834.748046875	0.0	image/369	369	427391	train2017/000000080987.jpg
835.564453125	0.0	image/473	473	427809	train2017/000000372959.jpg
836.34765625	0.0	image/426	426	428210	train2017/000000357074.jpg
837.125	0.0	image/449	449	428608	train2017/000000101952.jpg
837.94921875	0.0	image/381	381	429030	train2017/000000082770.jpg
838.732421875	0.0	image/376	376	429431	train2017/000000081995.jpg
840.365234375	0.0	image/406	406	430267	train2017/000000352236.jpg
841.177734375	0.0	image/441	441	430683	train2017/000000099363.jpg
841.966796875	0.0	image/468	468	431087	train2017/000000542304.jpg
842.779296875	0.0	image/431	431	431503	train2017/000000095828.jpg
843.59375	0.0	image/421	421	431920	train2017/000000354761.jpg
844.384765625	0.0	image/414	414	432325	train2017/000000091784.jpg
845.96875	0.0	image/375	375	433136	train2017/000000081961.jpg
846.751953125	0.0	image/466	466	433537	train2017/000000107204.jpg
847.580078125	0.0	image/392	392	433961	train2017/000000348204.jpg
848.380859375	0.0	image/467	467	434371	train2017/000000017935.jpg
849.203125	0.0	image/436	436	434792	train2017/000000098480.jpg
849.98046875	0.0	image/463	463	435190	train2017/000000369171.jpg
850.78515625	0.0	image/456	456	435602	train2017/000000104081.jpg
851.5703125	0.0	image/364	364	436004	train2017/000000275335.jpg
852.353515625	0.0	image/372	372	436405	train2017/000000081474.jpg
853.146484375	0.0	image/439	439	436811	train2017/000000361193.jpg
853.970703125	0.0	image/422	422	437233	train2017/000000059194.jpg
854.78125	0.0	image/446	446	437648	train2017/000000100599.jpg
855.603515625	0.0	image/445	445	438069	train2017/000000362677.jpg
856.38671875	0.0	image/367	367	438470	train2017/000000080619.jpg
857.19921875	0.0	image/452	452	438886	train2017/000000365218.jpg
858.021484375	0.0	image/461	461	439307	train2017/000000106107.jpg
858.81640625	0.0	image/444	444	439714	train2017/000000100396.jpg
859.638671875	0.0	image/373	373	440135	train2017/000000081841.jpg
860.421875	0.0	image/416	416	440536	train2017/000000354095.jpg
861.201171875	0.0	image/396	396	440935	train2017/000000349363.jpg
862.005859375	0.0	image/390	390	441347	train2017/000000346754.jpg
862.80078125	0.0	image/421	421	441754	train2017/000000354761.jpg
863.6171875	0.0	image/446	446	442172	train2017/000000100599.jpg
865.22265625	0.0	image/442	442	442994	train2017/000000361648.jpg
866.017578125	0.0	image/448	448	443401	train2017/000000101069.jpg
872.546875	0.0	image/547	547	446744	train2017/000000395758.jpg
873.326171875	0.0	image/591	591	447143	train2017/000000404282.jpg
874.099609375	0.0	image/529	529	447539	train2017/000000129060.jpg
874.908203125	0.0	image/600	600	447953	train2017/000000143420.jpg
875.73046875	0.0	image/494	494	448374	train2017/000000380227.jpg
876.53125	0.0	image/540	540	448784	train2017/000000021826.jpg
877.34375	0.0	image/547	547	449200	train2017/000000395758.jpg
878.1328125	0.0	image/565	565	449604	train2017/000000197656.jpg
878.916015625	0.0	image/505	505	450005	train2017/000000120987.jpg
879.74609375	0.0	image/485	485	450430	train2017/000000377576.jpg
880.56640625	0.0	image/574	574	450850	train2017/000000139344.jpg
881.376953125	0.0	image/495	495	451265	train2017/000000380729.jpg
882.166015625	0.0	image/585	585	451669	train2017/000000140724.jpg
882.951171875	0.0	image/532	532	452071	train2017/000000130181.jpg
883.7421875	0.0	image/575	575	452476	train2017/000000139551.jpg
885.310546875	0.0	image/586	586	453279	train2017/000000154556.jpg
886.1015625	0.0	image/558	558	453684	train2017/000000398083.jpg
886.93359375	0.0	image/577	577	454110	train2017/000000139561.jpg
888.55078125	0.0	image/557	557	454938	train2017/000000022627.jpg
889.3359375	0.0	image/584	584	455340	train2017/000000285588.jpg
890.146484375	0.0	image/597	597	455755	train2017/000000143245.jpg
890.947265625	0.0	image/556	556	456165	train2017/000000135316.jpg
892.5859375	0.0	image/536	536	457004	train2017/000000196584.jpg
893.40234375	0.0	image/566	566	457422	train2017/000000399835.jpg
894.232421875	0.0	image/538	538	457847	train2017/000000130973.jpg
895.021484375	0.0	image/510	510	458251	train2017/000000544738.jpg
895.83203125	0.0	image/533	533	458666	train2017/000000392556.jpg
896.654296875	0.0	image/581	581	459087	train2017/000000402199.jpg
897.482421875	0.0	image/571	571	459511	train2017/000000229233.jpg
898.287109375	0.0	image/562	562	459923	train2017/000000022696.jpg
899.10546875	0.0	image/520	520	460342	train2017/000000125042.jpg
899.8984375	0.0	image/550	550	460748	train2017/000000066014.jpg
900.705078125	0.0	image/492	492	461161	train2017/000000150636.jpg
901.48828125	0.0	image/575	575	461562	train2017/000000139551.jpg
902.267578125	0.0	image/592	592	461961	train2017/000000504289.jpg
903.890625	0.0	image/487	487	462792	train2017/000000115637.jpg
904.72265625	0.0	image/506	506	463218	train2017/000000383641.jpg
905.5078125	0.0	image/578	578	463620	train2017/000000401720.jpg
906.318359375	0.0	image/542	542	464035	train2017/000000284089.jpg
907.125	0.0	image/555	555	464448	train2017/000000397192.jpg
907.923828125	0.0	image/529	529	464857	train2017/000000129060.jpg
908.734375	0.0	image/564	564	465272	train2017/000000399162.jpg
910.341796875	0.0	image/580	580	466095	train2017/000000402057.jpg
911.158203125	0.0	image/590	590	466513	train2017/000000404007.jpg
911.94140625	0.0	image/521	521	466914	train2017/000000387318.jpg
912.759765625	0.0	image/538	538	467333	train2017/000000130973.jpg
913.54296875	0.0	image/531	531	467734	train2017/000000391754.jpg
914.326171875	0.0	image/552	552	468135	train2017/000000396550.jpg
915.12109375	0.0	image/516	516	468542	train2017/000000385864.jpg
915.921875	0.0	image/581	581	468952	train2017/000000402199.jpg
916.705078125	0.0	image/507	507	469353	train2017/000000383652.jpg
917.509765625	0.0	image/501	501	469765	train2017/000000353175.jpg
918.291015625	0.0	image/582	582	470165	train2017/000000140590.jpg
919.111328125	0.0	image/495	495	470585	train2017/000000380729.jpg
919.921875	0.0	image/498	498	471000	train2017/000000119669.jpg
920.705078125	0.0	image/510	510	471401	train2017/000000544738.jpg
921.51171875	0.0	image/511	511	471814	train2017/000000122776.jpg
922.3125	0.0	image/588	588	472224	train2017/000000403739.jpg
923.091796875	0.0	image/597	597	472623	train2017/000000143245.jpg
923.912109375	0.0	image/539	539	473043	train2017/000000131011.jpg
924.72265625	0.0	image/519	519	473458	train2017/000000124747.jpg
926.3125	0.0	image/544	544	474272	train2017/000000394008.jpg
927.125	0.0	image/557	557	474688	train2017/000000022627.jpg
927.947265625	0.0	image/526	526	475109	train2017/000000389582.jpg
928.7578125	0.0	image/546	546	475524	train2017/000000133281.jpg
929.5625	0.0	image/517	517	475936	train2017/000000123891.jpg
930.34765625	0.0	image/562	562	476338	train2017/000000022696.jpg
931.130859375	0.0	image/504	504	476739	train2017/000000382951.jpg
931.91015625	0.0	image/482	482	477138	train2017/000000376643.jpg
932.67578125	0.0	image/481	481	477530	train2017/000000114274.jpg
933.46484375	0.0	image/546	546	477934	train2017/000000133281.jpg
934.248046875	0.0	image/502	502	478335	train2017/000000120655.jpg
935.076171875	0.0	image/568	568	478759	train2017/000000399984.jpg
935.865234375	0.0	image/505	505	479163	train2017/000000120987.jpg
936.66015625	0.0	image/560	560	479570	train2017/000000136111.jpg
937.4765625	0.0	image/548	548	479988	train2017/000000395775.jpg
938.283203125	0.0	image/488	488	480401	train2017/000000115649.jpg
939.060546875	0.0	image/553	553	480799	train2017/000000134562.jpg
939.84375	0.0	image/594	594	481200	train2017/000000404823.jpg
940.6328125	0.0	image/569	569	481604	train2017/000000138153.jpg
941.451171875	0.0	image/491	491	482023	train2017/000000116603.jpg
942.23046875	0.0	image/523	523	482422	train2017/000000125703.jpg
943.013671875	0.0	image/521	521	482823	train2017/000000387318.jpg
943.8359375	0.0	image/576	576	483244	train2017/000000401699.jpg
945.435546875	0.0	image/599	599	484063	train2017/000000388853.jpg
946.251953125	0.0	image/506	506	484481	train2017/000000383641.jpg
947.03515625	0.0	image/539	539	484882	train2017/000000131011.jpg
947.869140625	0.0	image/482	482	485309	train2017/000000376643.jpg
948.646484375	0.0	image/563	563	485707	train2017/000000398540.jpg
950.302734375	0.0	image/560	560	486555	train2017/000000136111.jpg
951.12109375	0.0	image/499	499	486974	train2017/000000575164.jpg
951.9375	0.0	image/522	522	487392	train2017/000000125586.jpg
952.771484375	0.0	image/565	565	487819	train2017/000000197656.jpg
953.58203125	0.0	image/483	483	488234	train2017/000000376858.jpg
954.349609375	0.0	image/590	590	488627	train2017/000000404007.jpg
955.134765625	0.0	image/570	570	489029	train2017/000000400581.jpg
955.90625	0.0	image/496	496	489424	train2017/000000380989.jpg
956.705078125	0.0	image/517	517	489833	train2017/000000123891.jpg
957.501953125	0.0	image/503	503	490241	train2017/000000382890.jpg
958.306640625	0.0	image/508	508	490653	train2017/000000413472.jpg
959.08984375	0.0	image/488	488	491054	train2017/000000115649.jpg
959.90234375	0.0	image/583	583	491470	train2017/000000198195.jpg
960.673828125	0.0	image/576	576	491865	train2017/000000401699.jpg
961.474609375	0.0	image/500	500	492275	train2017/000000381961.jpg
962.271484375	0.0	image/583	583	492683	train2017/000000198195.jpg
963.07421875	0.0	image/555	555	493094	train2017/000000397192.jpg
963.857421875	0.0	image/541	541	493495	train2017/000000131524.jpg
964.634765625	0.0	image/501	501	493893	train2017/000000353175.jpg
965.42578125	0.0	image/568	568	494298	train2017/000000399984.jpg
966.2578125	0.0	image/566	566	494724	train2017/000000399835.jpg
967.091796875	0.0	image/500	500	495151	train2017/000000381961.jpg
967.919921875	0.0	image/578	578	495575	train2017/000000401720.jpg
968.736328125	0.0	image/552	552	495993	train2017/000000396550.jpg
969.54296875	0.0	image/551	551	496406	train2017/000000134169.jpg
970.373046875	0.0	image/540	540	496831	train2017/000000021826.jpg
971.154296875	0.0	image/596	596	497231	train2017/000000405215.jpg
971.943359375	0.0	image/524	524	497635	train2017/000000125725.jpg
972.75390625	0.0	image/518	518	498050	train2017/000000124711.jpg
973.578125	0.0	image/551	551	498472	train2017/000000134169.jpg
974.361328125	0.0	image/512	512	498873	train2017/000000122811.jpg
975.9453125	0.0	image/519	519	499684	train2017/000000124747.jpg
977.529296875	0.0	image/483	483	500495	train2017/000000376858.jpg
978.322265625	0.0	image/524	524	500901	train2017/000000125725.jpg
979.140625	0.0	image/534	534	501320	train2017/000000130681.jpg
979.939453125	0.0	image/587	587	501729	train2017/000000403535.jpg
980.763671875	0.0	image/512	512	502151	train2017/000000122811.jpg
981.57421875	0.0	image/585	585	502566	train2017/000000140724.jpg
982.380859375	0.0	image/567	567	502979	train2017/000000137706.jpg
983.19140625	0.0	image/498	498	503394	train2017/000000119669.jpg
983.95703125	0.0	image/534	534	503786	train2017/000000130681.jpg
984.759765625	0.0	image/508	508	504197	train2017/000000413472.jpg
985.55859375	0.0	image/493	493	504606	train2017/000000379713.jpg
986.375	0.0	image/484	484	505024	train2017/000000114822.jpg
987.181640625	0.0	image/522	522	505437	train2017/000000125586.jpg
987.998046875	0.0	image/572	572	505855	train2017/000000138785.jpg
988.83203125	0.0	image/537	537	506282	train2017/000000371353.jpg
989.66015625	0.0	image/544	544	506706	train2017/000000394008.jpg
990.466796875	0.0	image/582	582	507119	train2017/000000140590.jpg
991.25	0.0	image/548	548	507520	train2017/000000395775.jpg
992.8671875	0.0	image/554	554	508348	train2017/000000135032.jpg
994.5	0.0	image/574	574	509184	train2017/000000139344.jpg
996.083984375	0.0	image/587	587	509995	train2017/000000403535.jpg
996.884765625	0.0	image/596	596	510405	train2017/000000405215.jpg
997.677734375	0.0	image/504	504	510811	train2017/000000382951.jpg
998.478515625	0.0	image/509	509	511221	train2017/000000384235.jpg
999.28515625	0.0	image/543	543	511634	train2017/000000131763.jpg
1000.11328125	0.0	image/515	515	512058	train2017/000000123692.jpg
1000.912109375	0.0	image/588	588	512467	train2017/000000403739.jpg
1001.703125	0.0	image/592	592	512872	train2017/000000504289.jpg
1002.498046875	0.0	image/489	489	513279	train2017/000000115967.jpg
1003.28125	0.0	image/556	556	513680	train2017/000000135316.jpg
1004.103515625	0.0	image/584	584	514101	train2017/000000285588.jpg
1005.736328125	0.0	image/599	599	514937	train2017/000000388853.jpg
1006.521484375	0.0	image/589	589	515339	train2017/000000403789.jpg
1007.298828125	0.0	image/545	545	515737	train2017/000000131967.jpg
1008.08203125	0.0	image/492	492	516138	train2017/000000150636.jpg
1008.888671875	0.0	image/531	531	516551	train2017/000000391754.jpg
1009.666015625	0.0	image/491	491	516949	train2017/000000116603.jpg
1010.48828125	0.0	image/493	493	517370	train2017/000000379713.jpg
1011.3046875	0.0	image/497	497	517788	train2017/000000282032.jpg
1012.138671875	0.0	image/513	513	518215	train2017/000000282631.jpg
1012.966796875	0.0	image/598	598	518639	train2017/000000405437.jpg
1013.7890625	0.0	image/518	518	519060	train2017/000000124711.jpg
1014.623046875	0.0	image/509	509	519487	train2017/000000384235.jpg
1015.40234375	0.0	image/553	553	519886	train2017/000000134562.jpg
1017.052734375	0.0	image/530	530	520731	train2017/000000391678.jpg
1017.82421875	0.0	image/494	494	521126	train2017/000000380227.jpg
1018.625	0.0	image/567	567	521536	train2017/000000137706.jpg
1019.435546875	0.0	image/549	549	521951	train2017/000000197068.jpg
1020.974609375	0.0	image/543	543	522739	train2017/000000131763.jpg
1021.775390625	0.0	image/549	549	523149	train2017/000000197068.jpg
1022.58984375	0.0	image/515	515	523566	train2017/000000123692.jpg
1023.419921875	0.0	image/527	527	523991	train2017/000000390120.jpg
1024.2265625	0.0	image/572	572	524404	train2017/000000138785.jpg
1025.009765625	0.0	image/527	527	524805	train2017/000000390120.jpg
1025.826171875	0.0	image/564	564	525223	train2017/000000399162.jpg
1026.66015625	0.0	image/595	595	525650	train2017/000000142803.jpg
1027.4609375	0.0	image/537	537	526060	train2017/000000371353.jpg
1028.294921875	0.0	image/525	525	526487	train2017/000000388980.jpg
1029.087890625	0.0	image/561	561	526893	train2017/000000136142.jpg
1030.673828125	0.0	image/571	571	527705	train2017/000000229233.jpg
1031.478515625	0.0	image/516	516	528117	train2017/000000385864.jpg
1032.26171875	0.0	image/487	487	528518	train2017/000000115637.jpg
1033.060546875	0.0	image/573	573	528927	train2017/000000138904.jpg
1033.861328125	0.0	image/530	530	529337	train2017/000000391678.jpg
1034.6953125	0.0	image/511	511	529764	train2017/000000122776.jpg
1035.49609375	0.0	image/532	532	530174	train2017/000000130181.jpg
1036.32421875	0.0	image/496	496	530598	train2017/000000380989.jpg
1037.130859375	0.0	image/579	579	531011	train2017/000000139815.jpg
1037.962890625	0.0	image/594	594	531437	train2017/000000404823.jpg
1038.783203125	0.0	image/569	569	531857	train2017/000000138153.jpg
1039.580078125	0.0	image/593	593	532265	train2017/000000196777.jpg
1041.158203125	0.0	image/486	486	533073	train2017/000000377703.jpg
1041.931640625	0.0	image/554	554	533469	train2017/000000135032.jpg
1042.7421875	0.0	image/591	591	533884	train2017/000000404282.jpg
1043.544921875	0.0	image/484	484	534295	train2017/000000114822.jpg
1044.365234375	0.0	image/563	563	534715	train2017/000000398540.jpg
1045.16015625	0.0	image/490	490	535122	train2017/000000116588.jpg
1045.931640625	0.0	image/503	503	535517	train2017/000000382890.jpg
1046.732421875	0.0	image/528	528	535927	train2017/000000239828.jpg
1047.5625	0.0	image/523	523	536352	train2017/000000125703.jpg
1048.3828125	0.0	image/528	528	536772	train2017/000000239828.jpg
1049.193359375	0.0	image/533	533	537187	train2017/000000392556.jpg
1049.984375	0.0	image/499	499	537592	train2017/000000575164.jpg
1050.767578125	0.0	image/579	579	537993	train2017/000000139815.jpg
1051.55078125	0.0	image/485	485	538394	train2017/000000377576.jpg
1052.37890625	0.0	image/520	520	538818	train2017/000000125042.jpg
1053.15625	0.0	image/514	514	539216	train2017/000000282707.jpg
1054.73046875	0.0	image/550	550	540022	train2017/000000066014.jpg
1056.28515625	0.0	image/525	525	540818	train2017/000000388980.jpg
1057.11328125	0.0	image/545	545	541242	train2017/000000131967.jpg
1057.88671875	0.0	image/507	507	541638	train2017/000000383652.jpg
1058.685546875	0.0	image/570	570	542047	train2017/000000400581.jpg
1059.470703125	0.0	image/486	486	542449	train2017/000000377703.jpg
1060.248046875	0.0	image/598	598	542847	train2017/000000405437.jpg
1061.052734375	0.0	image/542	542	543259	train2017/000000284089.jpg
1061.837890625	0.0	image/577	577	543661	train2017/000000139561.jpg
1063.455078125	0.0	image/502	502	544489	train2017/000000120655.jpg
1064.23828125	0.0	image/558	558	544890	train2017/000000398083.jpg
1065.048828125	0.0	image/559	559	545305	train2017/000000135965.jpg
1065.87109375	0.0	image/497	497	545726	train2017/000000282032.jpg
1066.650390625	0.0	image/593	593	546125	train2017/000000196777.jpg
1067.439453125	0.0	image/526	526	546529	train2017/000000389582.jpg
1069.056640625	0.0	image/536	536	547357	train2017/000000196584.jpg
1069.849609375	0.0	image/586	586	547763	train2017/000000154556.jpg
1070.673828125	0.0	image/580	580	548185	train2017/000000402057.jpg
1071.451171875	0.0	image/600	600	548583	train2017/000000143420.jpg
1072.25390625	0.0	image/481	481	548994	train2017/000000114274.jpg
1073.07421875	0.0	image/514	514	549414	train2017/000000282707.jpg
1074.70703125	0.0	image/573	573	550250	train2017/000000138904.jpg
1075.51953125	0.0	image/589	589	550666	train2017/000000403789.jpg
1076.291015625	0.0	image/561	561	551061	train2017/000000136142.jpg
1077.076171875	0.0	image/513	513	551463	train2017/000000282631.jpg
1078.65234375	0.0	image/595	595	552270	train2017/000000142803.jpg
1079.419921875	0.0	image/490	490	552663	train2017/000000116588.jpg
1080.2421875	0.0	image/535	535	553084	train2017/000000392851.jpg
1081.072265625	0.0	image/559	559	553509	train2017/000000135965.jpg
1081.859375	0.0	image/489	489	553912	train2017/000000115967.jpg
1082.66015625	0.0	image/535	535	554322	train2017/000000392851.jpg
1083.4375	0.0	image/541	541	554720	train2017/000000131524.jpg
1090.568359375	0.0	image/678	678	558371	train2017/000000164502.jpg
1091.369140625	0.0	image/686	686	558781	train2017/000000428691.jpg
1092.181640625	0.0	image/708	708	559197	train2017/000000174213.jpg
1092.962890625	0.0	image/602	602	559597	train2017/000000406292.jpg
1093.787109375	0.0	image/694	694	560019	train2017/000000431825.jpg
1094.5703125	0.0	image/622	622	560420	train2017/000000150559.jpg
1095.3828125	0.0	image/621	621	560836	train2017/000000150196.jpg
1096.169921875	0.0	image/646	646	561239	train2017/000000417141.jpg
1096.947265625	0.0	image/701	701	561637	train2017/000000079701.jpg
1097.76953125	0.0	image/602	602	562058	train2017/000000406292.jpg
1098.5546875	0.0	image/700	700	562460	train2017/000000170968.jpg
1099.3828125	0.0	image/642	642	562884	train2017/000000154011.jpg
1100.1875	0.0	image/616	616	563296	train2017/000000149221.jpg
1100.98828125	0.0	image/610	610	563706	train2017/000000146256.jpg
1101.783203125	0.0	image/622	622	564113	train2017/000000150559.jpg
1103.40625	0.0	image/692	692	564944	train2017/000000169262.jpg
1104.22265625	0.0	image/604	604	565362	train2017/000000406445.jpg
1105.791015625	0.0	image/710	710	566165	train2017/000000436578.jpg
1106.5703125	0.0	image/685	685	566564	train2017/000000166504.jpg
1107.390625	0.0	image/706	706	566984	train2017/000000435902.jpg
1108.185546875	0.0	image/671	671	567391	train2017/000000161836.jpg
1109.0078125	0.0	image/618	618	567812	train2017/000000149791.jpg
1109.80078125	0.0	image/689	689	568218	train2017/000000508456.jpg
1110.568359375	0.0	image/707	707	568611	train2017/000000173987.jpg
1111.3359375	0.0	image/649	649	569004	train2017/000000418115.jpg
1112.94140625	0.0	image/661	661	569826	train2017/000000160142.jpg
1113.7265625	0.0	image/612	612	570228	train2017/000000408965.jpg
1114.54296875	0.0	image/601	601	570646	train2017/000000143594.jpg
1115.326171875	0.0	image/631	631	571047	train2017/000000151414.jpg
1116.13671875	0.0	image/687	687	571462	train2017/000000428726.jpg
1116.943359375	0.0	image/699	699	571875	train2017/000000170917.jpg
1118.509765625	0.0	image/631	631	572677	train2017/000000151414.jpg
1119.2890625	0.0	image/619	619	573076	train2017/000000149810.jpg
1120.056640625	0.0	image/704	704	573469	train2017/000000420713.jpg
1120.828125	0.0	image/718	718	573864	train2017/000000176085.jpg
1121.62890625	0.0	image/617	617	574274	train2017/000000411475.jpg
1122.421875	0.0	image/633	633	574680	train2017/000000414176.jpg
1123.22265625	0.0	image/677	677	575090	train2017/000000425712.jpg
1124.01171875	0.0	image/648	648	575494	train2017/000000417700.jpg
1124.830078125	0.0	image/674	674	575913	train2017/000000425135.jpg
1125.62890625	0.0	image/654	654	576322	train2017/000000157125.jpg
1126.4296875	0.0	image/629	629	576732	train2017/000000151307.jpg
1128.013671875	0.0	image/719	719	577543	train2017/000000438751.jpg
1128.814453125	0.0	image/632	632	577953	train2017/000000068996.jpg
1129.625	0.0	image/684	684	578368	train2017/000000166489.jpg
1130.392578125	0.0	image/627	627	578761	train2017/000000150931.jpg
1131.197265625	0.0	image/698	698	579173	train2017/000000433021.jpg
1131.974609375	0.0	image/641	641	579571	train2017/000000415608.jpg
1132.78125	0.0	image/620	620	579984	train2017/000000153394.jpg
1133.609375	0.0	image/640	640	580408	train2017/000000162230.jpg
1134.392578125	0.0	image/683	683	580809	train2017/000000428605.jpg
1135.21484375	0.0	image/673	673	581230	train2017/000000424138.jpg
1136.0	0.0	image/711	711	581632	train2017/000000174504.jpg
1136.79296875	0.0	image/720	720	582038	train2017/000000176728.jpg
1137.599609375	0.0	image/699	699	582451	train2017/000000170917.jpg
1138.41015625	0.0	image/690	690	582866	train2017/000000043829.jpg
1139.2109375	0.0	image/716	716	583276	train2017/000000437967.jpg
1140.0	0.0	image/676	676	583680	train2017/000000163263.jpg
1140.828125	0.0	image/706	706	584104	train2017/000000435902.jpg
1142.384765625	0.0	image/669	669	584901	train2017/000000161328.jpg
1143.185546875	0.0	image/684	684	585311	train2017/000000166489.jpg
1143.98046875	0.0	image/603	603	585718	train2017/000000144193.jpg
1144.802734375	0.0	image/679	679	586139	train2017/000000164564.jpg
1145.630859375	0.0	image/628	628	586563	train2017/000000151163.jpg
1146.431640625	0.0	image/667	667	586973	train2017/000000423209.jpg
1148.001953125	0.0	image/618	618	587777	train2017/000000149791.jpg
1149.619140625	0.0	image/619	619	588605	train2017/000000149810.jpg
1150.41796875	0.0	image/654	654	589014	train2017/000000157125.jpg
1151.220703125	0.0	image/679	679	589425	train2017/000000164564.jpg
1151.998046875	0.0	image/708	708	589823	train2017/000000174213.jpg
1152.78125	0.0	image/689	689	590224	train2017/000000508456.jpg
1153.5703125	0.0	image/703	703	590628	train2017/000000171374.jpg
1154.36328125	0.0	image/707	707	591034	train2017/000000173987.jpg
1155.166015625	0.0	image/657	657	591445	train2017/000000419586.jpg
1155.951171875	0.0	image/628	628	591847	train2017/000000151163.jpg
1156.771484375	0.0	image/686	686	592267	train2017/000000428691.jpg
1157.556640625	0.0	image/621	621	592669	train2017/000000150196.jpg
1158.384765625	0.0	image/712	712	593093	train2017/000000174522.jpg
1159.189453125	0.0	image/663	663	593505	train2017/000000463620.jpg
1159.98828125	0.0	image/658	658	593914	train2017/000000563961.jpg
1160.7734375	0.0	image/634	634	594316	train2017/000000152273.jpg
1161.583984375	0.0	image/632	632	594731	train2017/000000068996.jpg
1162.400390625	0.0	image/640	640	595149	train2017/000000162230.jpg
1163.20703125	0.0	image/638	638	595562	train2017/000000414853.jpg
1164.001953125	0.0	image/664	664	595969	train2017/000000551063.jpg
1165.609375	0.0	image/651	651	596792	train2017/000000156084.jpg
1166.421875	0.0	image/702	702	597208	train2017/000000171328.jpg
1168.025390625	0.0	image/682	682	598029	train2017/000000014269.jpg
1168.841796875	0.0	image/605	605	598447	train2017/000000406595.jpg
1169.669921875	0.0	image/639	639	598871	train2017/000000415026.jpg
1170.470703125	0.0	image/671	671	599281	train2017/000000161836.jpg
1171.29296875	0.0	image/697	697	599702	train2017/000000433019.jpg
1172.087890625	0.0	image/720	720	600109	train2017/000000176728.jpg
1172.859375	0.0	image/702	702	600504	train2017/000000171328.jpg
1173.64453125	0.0	image/641	641	600906	train2017/000000415608.jpg
1174.427734375	0.0	image/705	705	601307	train2017/000000028930.jpg
1175.259765625	0.0	image/620	620	601733	train2017/000000153394.jpg
1176.060546875	0.0	image/630	630	602143	train2017/000000462134.jpg
1176.83984375	0.0	image/660	660	602542	train2017/000000422268.jpg
1177.623046875	0.0	image/652	652	602943	train2017/000000113449.jpg
1178.44140625	0.0	image/678	678	603362	train2017/000000164502.jpg
1179.2109375	0.0	image/695	695	603756	train2017/000000284987.jpg
1180.0234375	0.0	image/643	643	604172	train2017/000000416279.jpg
1180.830078125	0.0	image/717	717	604585	train2017/000000438154.jpg
1181.607421875	0.0	image/690	690	604983	train2017/000000043829.jpg
1182.376953125	0.0	image/610	610	605377	train2017/000000146256.jpg
1183.140625	0.0	image/696	696	605768	train2017/000000028367.jpg
1183.962890625	0.0	image/608	608	606189	train2017/000000024287.jpg
1185.546875	0.0	image/717	717	607000	train2017/000000438154.jpg
1186.330078125	0.0	image/662	662	607401	train2017/000000160181.jpg
1187.1484375	0.0	image/607	607	607820	train2017/000000461187.jpg
1187.931640625	0.0	image/617	617	608221	train2017/000000411475.jpg
1188.748046875	0.0	image/693	693	608639	train2017/000000431764.jpg
1189.548828125	0.0	image/644	644	609049	train2017/000000154207.jpg
1190.3828125	0.0	image/623	623	609476	train2017/000000412855.jpg
1191.166015625	0.0	image/709	709	609877	train2017/000000174303.jpg
1191.94921875	0.0	image/650	650	610278	train2017/000000419212.jpg
1192.75	0.0	image/615	615	610688	train2017/000000148263.jpg
1193.533203125	0.0	image/692	692	611089	train2017/000000169262.jpg
1194.361328125	0.0	image/613	613	611513	train2017/000000147331.jpg
1195.16796875	0.0	image/700	700	611926	train2017/000000170968.jpg
1195.951171875	0.0	image/693	693	612327	train2017/000000431764.jpg
1197.55078125	0.0	image/672	672	613146	train2017/000000424110.jpg
1198.345703125	0.0	image/675	675	613553	train2017/000000163250.jpg
1199.162109375	0.0	image/625	625	613971	train2017/000000369367.jpg
1199.96875	0.0	image/661	661	614384	train2017/000000160142.jpg
1200.76953125	0.0	image/639	639	614794	train2017/000000415026.jpg
1201.546875	0.0	image/606	606	615192	train2017/000000407778.jpg
1202.369140625	0.0	image/634	634	615613	train2017/000000152273.jpg
1203.15234375	0.0	image/636	636	616014	train2017/000000549729.jpg
1204.76953125	0.0	image/670	670	616842	train2017/000000423488.jpg
1205.5703125	0.0	image/656	656	617252	train2017/000000157342.jpg
1206.37109375	0.0	image/626	626	617662	train2017/000000412922.jpg
1207.154296875	0.0	image/644	644	618063	train2017/000000154207.jpg
1207.98828125	0.0	image/691	691	618490	train2017/000000168690.jpg
1208.771484375	0.0	image/664	664	618891	train2017/000000551063.jpg
1209.599609375	0.0	image/636	636	619315	train2017/000000549729.jpg
1210.400390625	0.0	image/601	601	619725	train2017/000000143594.jpg
1211.22265625	0.0	image/616	616	620146	train2017/000000149221.jpg
1212.015625	0.0	image/696	696	620552	train2017/000000028367.jpg
1212.798828125	0.0	image/650	650	620953	train2017/000000419212.jpg
1213.623046875	0.0	image/715	715	621375	train2017/000000175715.jpg
1214.43359375	0.0	image/623	623	621790	train2017/000000412855.jpg
1215.251953125	0.0	image/659	659	622209	train2017/000000159680.jpg
1216.0390625	0.0	image/647	647	622612	train2017/000000417264.jpg
1217.658203125	0.0	image/697	697	623441	train2017/000000433019.jpg
1218.435546875	0.0	image/709	709	623839	train2017/000000174303.jpg
1219.2578125	0.0	image/662	662	624260	train2017/000000160181.jpg
1220.0859375	0.0	image/653	653	624684	train2017/000000157119.jpg
1220.908203125	0.0	image/627	627	625105	train2017/000000150931.jpg
1221.701171875	0.0	image/643	643	625511	train2017/000000416279.jpg
1223.326171875	0.0	image/624	624	626343	train2017/000000412857.jpg
1224.13671875	0.0	image/694	694	626758	train2017/000000431825.jpg
1224.91015625	0.0	image/626	626	627154	train2017/000000412922.jpg
1225.693359375	0.0	image/657	657	627555	train2017/000000419586.jpg
1226.50390625	0.0	image/624	624	627970	train2017/000000412857.jpg
1227.2890625	0.0	image/645	645	628372	train2017/000000416972.jpg
1228.09375	0.0	image/672	672	628784	train2017/000000424110.jpg
1228.91015625	0.0	image/712	712	629202	train2017/000000174522.jpg
1229.69140625	0.0	image/710	710	629602	train2017/000000436578.jpg
1230.51171875	0.0	image/665	665	630022	train2017/000000160735.jpg
1231.3046875	0.0	image/716	716	630428	train2017/000000437967.jpg
1232.095703125	0.0	image/705	705	630833	train2017/000000028930.jpg
1232.873046875	0.0	image/647	647	631231	train2017/000000417264.jpg
1233.671875	0.0	image/711	711	631640	train2017/000000174504.jpg
1234.439453125	0.0	image/675	675	632033	train2017/000000163250.jpg
1235.22265625	0.0	image/652	652	632434	train2017/000000113449.jpg
1236.046875	0.0	image/614	614	632856	train2017/000000147694.jpg
1236.857421875	0.0	image/666	666	633271	train2017/000000161062.jpg
1237.6640625	0.0	image/713	713	633684	train2017/000000291280.jpg
1238.458984375	0.0	image/667	667	634091	train2017/000000423209.jpg
1239.279296875	0.0	image/714	714	634511	train2017/000000437516.jpg
1240.064453125	0.0	image/612	612	634913	train2017/000000408965.jpg
1240.880859375	0.0	image/703	703	635331	train2017/000000171374.jpg
1241.66015625	0.0	image/611	611	635730	train2017/000000408922.jpg
1243.29296875	0.0	image/718	718	636566	train2017/000000176085.jpg
1244.09765625	0.0	image/609	609	636978	train2017/000000504888.jpg
1244.91015625	0.0	image/646	646	637394	train2017/000000417141.jpg
1245.6796875	0.0	image/687	687	637788	train2017/000000428726.jpg
1246.46484375	0.0	image/681	681	638190	train2017/000000427729.jpg
1247.29296875	0.0	image/635	635	638614	train2017/000000152328.jpg
1248.900390625	0.0	image/665	665	639437	train2017/000000160735.jpg
1249.677734375	0.0	image/670	670	639835	train2017/000000423488.jpg
1250.5	0.0	image/633	633	640256	train2017/000000414176.jpg
1251.283203125	0.0	image/659	659	640657	train2017/000000159680.jpg
1252.111328125	0.0	image/701	701	641081	train2017/000000079701.jpg
1252.884765625	0.0	image/713	713	641477	train2017/000000291280.jpg
1253.685546875	0.0	image/625	625	641887	train2017/000000369367.jpg
1254.46875	0.0	image/660	660	642288	train2017/000000422268.jpg
1255.251953125	0.0	image/698	698	642689	train2017/000000433021.jpg
1256.0859375	0.0	image/663	663	643116	train2017/000000463620.jpg
1256.884765625	0.0	image/613	613	643525	train2017/000000147331.jpg
1258.546875	0.0	image/615	615	644376	train2017/000000148263.jpg
1259.353515625	0.0	image/655	655	644789	train2017/000000157181.jpg
1260.146484375	0.0	image/669	669	645195	train2017/000000161328.jpg
1260.931640625	0.0	image/715	715	645597	train2017/000000175715.jpg
1262.537109375	0.0	image/682	682	646419	train2017/000000014269.jpg
1263.37109375	0.0	image/611	611	646846	train2017/000000408922.jpg
1264.19921875	0.0	image/604	604	647270	train2017/000000406445.jpg
1264.970703125	0.0	image/608	608	647665	train2017/000000024287.jpg
1265.771484375	0.0	image/685	685	648075	train2017/000000166504.jpg
1266.5546875	0.0	image/653	653	648476	train2017/000000157119.jpg
1267.388671875	0.0	image/629	629	648903	train2017/000000151307.jpg
1268.171875	0.0	image/642	642	649304	train2017/000000154011.jpg
1268.958984375	0.0	image/695	695	649707	train2017/000000284987.jpg
1269.7890625	0.0	image/635	635	650132	train2017/000000152328.jpg
1270.58984375	0.0	image/637	637	650542	train2017/000000506039.jpg
1272.189453125	0.0	image/714	714	651361	train2017/000000437516.jpg
1273.017578125	0.0	image/614	614	651785	train2017/000000147694.jpg
1273.8203125	0.0	image/680	680	652196	train2017/000000485595.jpg
1275.42578125	0.0	image/683	683	653018	train2017/000000428605.jpg
1276.2578125	0.0	image/676	676	653444	train2017/000000163263.jpg
1277.03515625	0.0	image/668	668	653842	train2017/000000423222.jpg
1277.841796875	0.0	image/688	688	654255	train2017/000000166764.jpg
1278.625	0.0	image/651	651	654656	train2017/000000156084.jpg
1279.408203125	0.0	image/603	603	655057	train2017/000000144193.jpg
1280.208984375	0.0	image/607	607	655467	train2017/000000461187.jpg
1281.810546875	0.0	image/691	691	656287	train2017/000000168690.jpg
1282.62109375	0.0	image/638	638	656702	train2017/000000414853.jpg
1283.41015625	0.0	image/668	668	657106	train2017/000000423222.jpg
1284.193359375	0.0	image/688	688	657507	train2017/000000166764.jpg
1285.76171875	0.0	image/681	681	658310	train2017/000000427729.jpg
1286.541015625	0.0	image/637	637	658709	train2017/000000506039.jpg
1287.328125	0.0	image/630	630	659112	train2017/000000462134.jpg
1288.12890625	0.0	image/605	605	659522	train2017/000000406595.jpg
1288.9609375	0.0	image/606	606	659948	train2017/000000407778.jpg
1289.779296875	0.0	image/674	674	660367	train2017/000000425135.jpg
1290.595703125	0.0	image/704	704	660785	train2017/000000420713.jpg
1291.41015625	0.0	image/649	649	661202	train2017/000000418115.jpg
1292.1796875	0.0	image/680	680	661596	train2017/000000485595.jpg
1292.978515625	0.0	image/609	609	662005	train2017/000000504888.jpg
1293.763671875	0.0	image/719	719	662407	train2017/000000438751.jpg
1294.591796875	0.0	image/655	655	662831	train2017/000000157181.jpg
1296.181640625	0.0	image/666	666	663645	train2017/000000161062.jpg
1297.0078125	0.0	image/658	658	664068	train2017/000000563961.jpg
1297.814453125	0.0	image/656	656	664481	train2017/000000157342.jpg
1298.642578125	0.0	image/673	673	664905	train2017/000000424138.jpg
1299.41015625	0.0	image/645	645	665298	train2017/000000416972.jpg
1300.181640625	0.0	image/677	677	665693	train2017/000000425712.jpg
1301.009765625	0.0	image/648	648	666117	train2017/000000417700.jpg
1307.853515625	0.0	image/799	799	669621	train2017/000000196368.jpg
1308.6875	0.0	image/742	742	670048	train2017/000000181837.jpg
1309.51953125	0.0	image/770	770	670474	train2017/000000452341.jpg
1310.34765625	0.0	image/769	769	670898	train2017/000000189893.jpg
1311.955078125	0.0	image/812	812	671721	train2017/000000201758.jpg
1312.765625	0.0	image/756	756	672136	train2017/000000448401.jpg
1314.322265625	0.0	image/763	763	672933	train2017/000000450864.jpg
1315.138671875	0.0	image/790	790	673351	train2017/000000455799.jpg
1316.73828125	0.0	image/786	786	674170	train2017/000000193023.jpg
1317.55078125	0.0	image/829	829	674586	train2017/000000206467.jpg
1319.134765625	0.0	image/739	739	675397	train2017/000000443575.jpg
1319.95703125	0.0	image/757	757	675818	train2017/000000442666.jpg
1321.607421875	0.0	image/810	810	676663	train2017/000000200391.jpg
1322.400390625	0.0	image/724	724	677069	train2017/000000178031.jpg
1323.224609375	0.0	image/826	826	677491	train2017/000000205875.jpg
1324.041015625	0.0	image/834	834	677909	train2017/000000469816.jpg
1324.8515625	0.0	image/762	762	678324	train2017/000000188660.jpg
1325.625	0.0	image/788	788	678720	train2017/000000193373.jpg
1326.40234375	0.0	image/766	766	679118	train2017/000000451680.jpg
1327.23046875	0.0	image/738	738	679542	train2017/000000204969.jpg
1328.052734375	0.0	image/788	788	679963	train2017/000000193373.jpg
1328.841796875	0.0	image/775	775	680367	train2017/000000453221.jpg
1329.67578125	0.0	image/776	776	680794	train2017/000000468771.jpg
1330.509765625	0.0	image/758	758	681221	train2017/000000186828.jpg
1331.326171875	0.0	image/818	818	681639	train2017/000000465412.jpg
1332.138671875	0.0	image/801	801	682055	train2017/000000459190.jpg
1332.9609375	0.0	image/755	755	682476	train2017/000000055764.jpg
1333.744140625	0.0	image/777	777	682877	train2017/000000453682.jpg
1334.521484375	0.0	image/756	756	683275	train2017/000000448401.jpg
1335.310546875	0.0	image/773	773	683679	train2017/000000303133.jpg
1336.14453125	0.0	image/828	828	684106	train2017/000000468394.jpg
1336.9453125	0.0	image/824	824	684516	train2017/000000204806.jpg
1337.74609375	0.0	image/726	726	684926	train2017/000000178423.jpg
1338.556640625	0.0	image/750	750	685341	train2017/000000447182.jpg
1340.1796875	0.0	image/812	812	686172	train2017/000000201758.jpg
1340.990234375	0.0	image/825	825	686587	train2017/000000467646.jpg
1341.796875	0.0	image/798	798	687000	train2017/000000196365.jpg
1342.61328125	0.0	image/743	743	687418	train2017/000000189388.jpg
1343.447265625	0.0	image/820	820	687845	train2017/000000203937.jpg
1344.263671875	0.0	image/767	767	688263	train2017/000000189794.jpg
1345.080078125	0.0	image/741	741	688681	train2017/000000443940.jpg
1345.865234375	0.0	image/807	807	689083	train2017/000000397815.jpg
1346.697265625	0.0	image/754	754	689509	train2017/000000185888.jpg
1348.298828125	0.0	image/723	723	690329	train2017/000000439241.jpg
1349.94921875	0.0	image/779	779	691174	train2017/000000191740.jpg
1350.75	0.0	image/733	733	691584	train2017/000000179914.jpg
1351.576171875	0.0	image/730	730	692007	train2017/000000441172.jpg
1353.150390625	0.0	image/728	728	692813	train2017/000000395740.jpg
1353.951171875	0.0	image/795	795	693223	train2017/000000195768.jpg
1354.728515625	0.0	image/840	840	693621	train2017/000000471871.jpg
1356.333984375	0.0	image/767	767	694443	train2017/000000189794.jpg
1357.111328125	0.0	image/806	806	694841	train2017/000000198319.jpg
1358.701171875	0.0	image/736	736	695655	train2017/000000180609.jpg
1359.515625	0.0	image/751	751	696072	train2017/000000185225.jpg
1360.3359375	0.0	image/755	755	696492	train2017/000000055764.jpg
1361.13671875	0.0	image/819	819	696902	train2017/000000298139.jpg
1361.935546875	0.0	image/764	764	697311	train2017/000000450903.jpg
1362.720703125	0.0	image/759	759	697713	train2017/000000449914.jpg
1363.51953125	0.0	image/789	789	698122	train2017/000000455657.jpg
1364.314453125	0.0	image/803	803	698529	train2017/000000197401.jpg
1365.12109375	0.0	image/819	819	698942	train2017/000000298139.jpg
1365.947265625	0.0	image/796	796	699365	train2017/000000338501.jpg
1366.716796875	0.0	image/750	750	699759	train2017/000000447182.jpg
1367.521484375	0.0	image/729	729	700171	train2017/000000179019.jpg
1369.154296875	0.0	image/833	833	701007	train2017/000000207549.jpg
1369.9375	0.0	image/803	803	701408	train2017/000000197401.jpg
1370.771484375	0.0	image/832	832	701835	train2017/000000203615.jpg
1371.556640625	0.0	image/726	726	702237	train2017/000000178423.jpg
1373.15625	0.0	image/770	770	703056	train2017/000000452341.jpg
1373.97265625	0.0	image/832	832	703474	train2017/000000203615.jpg
1374.7890625	0.0	image/747	747	703892	train2017/000000183719.jpg
1375.623046875	0.0	image/792	792	704319	train2017/000000194108.jpg
1376.43359375	0.0	image/813	813	704734	train2017/000000557920.jpg
1377.240234375	0.0	image/824	824	705147	train2017/000000204806.jpg
1378.056640625	0.0	image/818	818	705565	train2017/000000465412.jpg
1379.658203125	0.0	image/746	746	706385	train2017/000000445726.jpg
1380.458984375	0.0	image/810	810	706795	train2017/000000200391.jpg
1381.275390625	0.0	image/753	753	707213	train2017/000000006178.jpg
1382.103515625	0.0	image/834	834	707637	train2017/000000469816.jpg
1382.908203125	0.0	image/822	822	708049	train2017/000000466265.jpg
1383.693359375	0.0	image/731	731	708451	train2017/000000179034.jpg
1384.4921875	0.0	image/835	835	708860	train2017/000000129143.jpg
1385.326171875	0.0	image/829	829	709287	train2017/000000206467.jpg
1386.13671875	0.0	image/737	737	709702	train2017/000000443377.jpg
1386.9609375	0.0	image/735	735	710124	train2017/000000180410.jpg
1387.744140625	0.0	image/763	763	710525	train2017/000000450864.jpg
1388.52734375	0.0	image/797	797	710926	train2017/000000458178.jpg
1389.361328125	0.0	image/828	828	711353	train2017/000000468394.jpg
1390.171875	0.0	image/736	736	711768	train2017/000000180609.jpg
1391.744140625	0.0	image/744	744	712573	train2017/000000182799.jpg
1392.564453125	0.0	image/783	783	712993	train2017/000000454915.jpg
1393.373046875	0.0	image/777	777	713407	train2017/000000453682.jpg
1394.1796875	0.0	image/761	761	713820	train2017/000000188225.jpg
1394.97265625	0.0	image/784	784	714226	train2017/000000455020.jpg
1395.779296875	0.0	image/722	722	714639	train2017/000000073172.jpg
1396.58984375	0.0	image/758	758	715054	train2017/000000186828.jpg
1397.408203125	0.0	image/721	721	715473	train2017/000000176873.jpg
1398.23046875	0.0	image/732	732	715894	train2017/000000179480.jpg
1399.02734375	0.0	image/839	839	716302	train2017/000000209229.jpg
1399.830078125	0.0	image/815	815	716713	train2017/000000202050.jpg
1400.615234375	0.0	image/805	805	717115	train2017/000000460408.jpg
1401.392578125	0.0	image/838	838	717513	train2017/000000208849.jpg
1402.158203125	0.0	image/790	790	717905	train2017/000000455799.jpg
1402.92578125	0.0	image/778	778	718298	train2017/000000191686.jpg
1403.71484375	0.0	image/831	831	718702	train2017/000000469445.jpg
1404.509765625	0.0	image/840	840	719109	train2017/000000471871.jpg
1405.310546875	0.0	image/793	793	719519	train2017/000000338439.jpg
1406.099609375	0.0	image/722	722	719923	train2017/000000073172.jpg
1406.91015625	0.0	image/760	760	720338	train2017/000000276853.jpg
1407.69921875	0.0	image/740	740	720742	train2017/000000161354.jpg
1408.4765625	0.0	image/781	781	721140	train2017/000000192631.jpg
1409.283203125	0.0	image/817	817	721553	train2017/000000202805.jpg
1410.078125	0.0	image/768	768	721960	train2017/000000189888.jpg
1411.66796875	0.0	image/815	815	722774	train2017/000000202050.jpg
1412.4453125	0.0	image/727	727	723172	train2017/000000440792.jpg
1413.234375	0.0	image/761	761	723576	train2017/000000188225.jpg
1414.017578125	0.0	image/837	837	723977	train2017/000000208805.jpg
1414.8359375	0.0	image/739	739	724396	train2017/000000443575.jpg
1415.65234375	0.0	image/807	807	724814	train2017/000000397815.jpg
1416.46484375	0.0	image/785	785	725230	train2017/000000119550.jpg
1417.24609375	0.0	image/775	775	725630	train2017/000000453221.jpg
1418.013671875	0.0	image/780	780	726023	train2017/000000192576.jpg
1418.796875	0.0	image/825	825	726424	train2017/000000467646.jpg
1419.5703125	0.0	image/808	808	726820	train2017/000000461428.jpg
1421.1875	0.0	image/830	830	727648	train2017/000000468825.jpg
1421.970703125	0.0	image/794	794	728049	train2017/000000195650.jpg
1422.78125	0.0	image/721	721	728464	train2017/000000176873.jpg
1423.548828125	0.0	image/804	804	728857	train2017/000000460236.jpg
1424.322265625	0.0	image/816	816	729253	train2017/000000464616.jpg
1425.138671875	0.0	image/822	822	729671	train2017/000000466265.jpg
1425.931640625	0.0	image/783	783	730077	train2017/000000454915.jpg
1427.5390625	0.0	image/776	776	730900	train2017/000000468771.jpg
1428.31640625	0.0	image/794	794	731298	train2017/000000195650.jpg
1429.138671875	0.0	image/727	727	731719	train2017/000000440792.jpg
1429.95703125	0.0	image/745	745	732138	train2017/000000445351.jpg
1430.791015625	0.0	image/734	734	732565	train2017/000000442489.jpg
1431.57421875	0.0	image/772	772	732966	train2017/000000190487.jpg
1432.40625	0.0	image/751	751	733392	train2017/000000185225.jpg
1433.20703125	0.0	image/787	787	733802	train2017/000000193318.jpg
1434.0234375	0.0	image/796	796	734220	train2017/000000338501.jpg
1434.82421875	0.0	image/723	723	734630	train2017/000000439241.jpg
1435.634765625	0.0	image/741	741	735045	train2017/000000443940.jpg
1436.458984375	0.0	image/817	817	735467	train2017/000000202805.jpg
1437.2421875	0.0	image/730	730	735868	train2017/000000441172.jpg
1438.025390625	0.0	image/773	773	736269	train2017/000000303133.jpg
1438.859375	0.0	image/733	733	736696	train2017/000000179914.jpg
1439.642578125	0.0	image/729	729	737097	train2017/000000179019.jpg
1440.419921875	0.0	image/823	823	737495	train2017/000000204422.jpg
1441.203125	0.0	image/748	748	737896	train2017/000000184822.jpg
1442.009765625	0.0	image/838	838	738309	train2017/000000208849.jpg
1442.78515625	0.0	image/746	746	738706	train2017/000000445726.jpg
1443.5703125	0.0	image/734	734	739108	train2017/000000442489.jpg
1444.361328125	0.0	image/731	731	739513	train2017/000000179034.jpg
1445.978515625	0.0	image/725	725	740341	train2017/000000440334.jpg
1446.794921875	0.0	image/811	811	740759	train2017/000000201722.jpg
1447.60546875	0.0	image/774	774	741174	train2017/000000191005.jpg
1448.40625	0.0	image/827	827	741584	train2017/000000296474.jpg
1449.22265625	0.0	image/738	738	742002	train2017/000000204969.jpg
1450.0234375	0.0	image/784	784	742412	train2017/000000455020.jpg
1450.796875	0.0	image/805	805	742808	train2017/000000460408.jpg
1451.580078125	0.0	image/787	787	743209	train2017/000000193318.jpg
1452.4140625	0.0	image/782	782	743636	train2017/000000454830.jpg
1453.1953125	0.0	image/748	748	744036	train2017/000000184822.jpg
1453.98046875	0.0	image/814	814	744438	train2017/000000201969.jpg
1454.78125	0.0	image/762	762	744848	train2017/000000188660.jpg
1456.408203125	0.0	image/742	742	745681	train2017/000000181837.jpg
1457.21484375	0.0	image/749	749	746094	train2017/000000447130.jpg
1458.03125	0.0	image/821	821	746512	train2017/000000077686.jpg
1458.83203125	0.0	image/785	785	746922	train2017/000000119550.jpg
1459.609375	0.0	image/802	802	747320	train2017/000000197118.jpg
1460.416015625	0.0	image/786	786	747733	train2017/000000193023.jpg
1461.19921875	0.0	image/737	737	748134	train2017/000000443377.jpg
1462.02734375	0.0	image/833	833	748558	train2017/000000207549.jpg
1462.80078125	0.0	image/765	765	748954	train2017/000000450914.jpg
1463.626953125	0.0	image/799	799	749377	train2017/000000196368.jpg
1464.43359375	0.0	image/800	800	749790	train2017/000000458616.jpg
1465.259765625	0.0	image/813	813	750213	train2017/000000557920.jpg
1466.046875	0.0	image/793	793	750616	train2017/000000338439.jpg
1466.8671875	0.0	image/820	820	751036	train2017/000000203937.jpg
1467.662109375	0.0	image/827	827	751443	train2017/000000296474.jpg
1468.435546875	0.0	image/765	765	751839	train2017/000000450914.jpg
1469.21875	0.0	image/837	837	752240	train2017/000000208805.jpg
1470.78515625	0.0	image/831	831	753042	train2017/000000469445.jpg
1471.568359375	0.0	image/804	804	753443	train2017/000000460236.jpg
1472.345703125	0.0	image/816	816	753841	train2017/000000464616.jpg
1473.13671875	0.0	image/795	795	754246	train2017/000000195768.jpg
1473.947265625	0.0	image/821	821	754661	train2017/000000077686.jpg
1474.75390625	0.0	image/759	759	755074	train2017/000000449914.jpg
1476.404296875	0.0	image/769	769	755919	train2017/000000189893.jpg
1477.220703125	0.0	image/830	830	756337	train2017/000000468825.jpg
1478.015625	0.0	image/791	791	756744	train2017/000000194054.jpg
1478.787109375	0.0	image/724	724	757139	train2017/000000178031.jpg
1480.421875	0.0	image/809	809	757976	train2017/000000462505.jpg
1481.23828125	0.0	image/823	823	758394	train2017/000000204422.jpg
1482.048828125	0.0	image/766	766	758809	train2017/000000451680.jpg
1482.873046875	0.0	image/771	771	759231	train2017/000000190271.jpg
1483.689453125	0.0	image/778	778	759649	train2017/000000191686.jpg
1484.490234375	0.0	image/768	768	760059	train2017/000000189888.jpg
1485.322265625	0.0	image/745	745	760485	train2017/000000445351.jpg
1486.15625	0.0	image/836	836	760912	train2017/000000470907.jpg
1486.95703125	0.0	image/781	781	761322	train2017/000000192631.jpg
1487.7734375	0.0	image/808	808	761740	train2017/000000461428.jpg
1488.583984375	0.0	image/743	743	762155	train2017/000000189388.jpg
1489.369140625	0.0	image/744	744	762557	train2017/000000182799.jpg
1490.94140625	0.0	image/782	782	763362	train2017/000000454830.jpg
1491.71875	0.0	image/780	780	763760	train2017/000000192576.jpg
1492.50390625	0.0	image/801	801	764162	train2017/000000459190.jpg
1493.287109375	0.0	image/797	797	764563	train2017/000000458178.jpg
1494.076171875	0.0	image/774	774	764967	train2017/000000191005.jpg
1494.904296875	0.0	image/779	779	765391	train2017/000000191740.jpg
1495.7265625	0.0	image/760	760	765812	train2017/000000276853.jpg
1496.54296875	0.0	image/752	752	766230	train2017/000000036151.jpg
1497.359375	0.0	image/771	771	766648	train2017/000000190271.jpg
1498.138671875	0.0	image/826	826	767047	train2017/000000205875.jpg
1498.921875	0.0	image/740	740	767448	train2017/000000161354.jpg
1499.744140625	0.0	image/789	789	767869	train2017/000000455657.jpg
1500.572265625	0.0	image/725	725	768293	train2017/000000440334.jpg
1501.337890625	0.0	image/752	752	768685	train2017/000000036151.jpg
1502.162109375	0.0	image/839	839	769107	train2017/000000209229.jpg
1502.95703125	0.0	image/809	809	769514	train2017/000000462505.jpg
1503.7578125	0.0	image/800	800	769924	train2017/000000458616.jpg
1504.529296875	0.0	image/811	811	770319	train2017/000000201722.jpg
1505.3125	0.0	image/836	836	770720	train2017/000000470907.jpg
1506.11328125	0.0	image/735	735	771130	train2017/000000180410.jpg
1506.912109375	0.0	image/728	728	771539	train2017/000000395740.jpg
1507.697265625	0.0	image/798	798	771941	train2017/000000196365.jpg
1508.4921875	0.0	image/835	835	772348	train2017/000000129143.jpg
1509.296875	0.0	image/806	806	772760	train2017/000000198319.jpg
1510.080078125	0.0	image/802	802	773161	train2017/000000197118.jpg
1510.865234375	0.0	image/747	747	773563	train2017/000000183719.jpg
1511.642578125	0.0	image/753	753	773961	train2017/000000006178.jpg
1512.447265625	0.0	image/792	792	774373	train2017/000000194108.jpg
1513.259765625	0.0	image/791	791	774789	train2017/000000194054.jpg
1514.078125	0.0	image/754	754	775208	train2017/000000185888.jpg
1514.8984375	0.0	image/772	772	775628	train2017/000000190487.jpg
1515.67578125	0.0	image/732	732	776026	train2017/000000179480.jpg
1516.443359375	0.0	image/814	814	776419	train2017/000000201969.jpg
1517.25	0.0	image/764	764	776832	train2017/000000450903.jpg
1518.06640625	0.0	image/757	757	777250	train2017/000000442666.jpg
1518.8828125	0.0	image/749	749	777668	train2017/000000447130.jpg
1525.357421875	0.0	image/868	868	780983	train2017/000000444880.jpg
1526.140625	0.0	image/858	858	781384	train2017/000000214059.jpg
1526.95703125	0.0	image/940	940	781802	train2017/000000499730.jpg
1527.740234375	0.0	image/857	857	782203	train2017/000000213988.jpg
1528.51953125	0.0	image/875	875	782602	train2017/000000482858.jpg
1529.30859375	0.0	image/943	943	783006	train2017/000000238201.jpg
1530.107421875	0.0	image/881	881	783415	train2017/000000222921.jpg
1530.919921875	0.0	image/872	872	783831	train2017/000000429887.jpg
1531.685546875	0.0	image/848	848	784223	train2017/000000474353.jpg
1532.4921875	0.0	image/952	952	784636	train2017/000000502860.jpg
1533.30859375	0.0	image/872	872	785054	train2017/000000429887.jpg
1534.142578125	0.0	image/937	937	785481	train2017/000000498615.jpg
1534.953125	0.0	image/915	915	785896	train2017/000000229947.jpg
1535.755859375	0.0	image/954	954	786307	train2017/000000040187.jpg
1536.560546875	0.0	image/924	924	786719	train2017/000000232277.jpg
1537.375	0.0	image/936	936	787136	train2017/000000497797.jpg
1538.177734375	0.0	image/934	934	787547	train2017/000000497464.jpg
1538.98828125	0.0	image/947	947	787962	train2017/000000501926.jpg
1539.794921875	0.0	image/914	914	788375	train2017/000000492037.jpg
1540.59375	0.0	image/925	925	788784	train2017/000000494552.jpg
1541.423828125	0.0	image/901	901	789209	train2017/000000007567.jpg
1542.228515625	0.0	image/930	930	789621	train2017/000000344729.jpg
1543.056640625	0.0	image/884	884	790045	train2017/000000485605.jpg
1543.82421875	0.0	image/925	925	790438	train2017/000000494552.jpg
1544.61328125	0.0	image/890	890	790842	train2017/000000224759.jpg
1545.396484375	0.0	image/869	869	791243	train2017/000000294744.jpg
1546.189453125	0.0	image/928	928	791649	train2017/000000233104.jpg
1546.98046875	0.0	image/951	951	792054	train2017/000000214821.jpg
1547.796875	0.0	image/916	916	792472	train2017/000000038370.jpg
1548.626953125	0.0	image/932	932	792897	train2017/000000233580.jpg
1549.392578125	0.0	image/841	841	793289	train2017/000000034961.jpg
1550.19140625	0.0	image/891	891	793698	train2017/000000224869.jpg
1551.009765625	0.0	image/926	926	794117	train2017/000000232648.jpg
1552.630859375	0.0	image/884	884	794947	train2017/000000485605.jpg
1554.298828125	0.0	image/944	944	795801	train2017/000000239337.jpg
1555.099609375	0.0	image/852	852	796211	train2017/000000212440.jpg
1555.91015625	0.0	image/940	940	796626	train2017/000000499730.jpg
1556.732421875	0.0	image/941	941	797047	train2017/000000237697.jpg
1557.5625	0.0	image/865	865	797472	train2017/000000035972.jpg
1558.400390625	0.0	image/867	867	797901	train2017/000000479035.jpg
1559.212890625	0.0	image/863	863	798317	train2017/000000215291.jpg
1559.978515625	0.0	image/956	956	798709	train2017/000000242133.jpg
1560.783203125	0.0	image/874	874	799121	train2017/000000561006.jpg
1561.5625	0.0	image/960	960	799520	train2017/000000505592.jpg
1562.37890625	0.0	image/886	886	799938	train2017/000000386856.jpg
1563.146484375	0.0	image/892	892	800331	train2017/000000225113.jpg
1563.951171875	0.0	image/960	960	800743	train2017/000000505592.jpg
1564.767578125	0.0	image/898	898	801161	train2017/000000488406.jpg
1565.5859375	0.0	image/922	922	801580	train2017/000000235479.jpg
1566.380859375	0.0	image/919	919	801987	train2017/000000492627.jpg
1567.169921875	0.0	image/873	873	802391	train2017/000000429902.jpg
1567.986328125	0.0	image/950	950	802809	train2017/000000502470.jpg
1569.5859375	0.0	image/888	888	803628	train2017/000000486503.jpg
1570.37109375	0.0	image/886	886	804030	train2017/000000386856.jpg
1571.1484375	0.0	image/877	877	804428	train2017/000000342639.jpg
1571.919921875	0.0	image/858	858	804823	train2017/000000214059.jpg
1572.716796875	0.0	image/870	870	805231	train2017/000000480601.jpg
1573.48828125	0.0	image/885	885	805626	train2017/000000223718.jpg
1574.318359375	0.0	image/851	851	806051	train2017/000000474545.jpg
1575.154296875	0.0	image/868	868	806479	train2017/000000444880.jpg
1576.771484375	0.0	image/900	900	807307	train2017/000000488658.jpg
1577.57421875	0.0	image/880	880	807718	train2017/000000484300.jpg
1578.40625	0.0	image/860	860	808144	train2017/000000476481.jpg
1579.22265625	0.0	image/945	945	808562	train2017/000000501739.jpg
1580.03515625	0.0	image/881	881	808978	train2017/000000222921.jpg
1580.83984375	0.0	image/851	851	809390	train2017/000000474545.jpg
1581.66796875	0.0	image/919	919	809814	train2017/000000492627.jpg
1582.490234375	0.0	image/849	849	810235	train2017/000000212229.jpg
1584.091796875	0.0	image/882	882	811055	train2017/000000485113.jpg
1584.919921875	0.0	image/864	864	811479	train2017/000000385417.jpg
1585.708984375	0.0	image/854	854	811883	train2017/000000475236.jpg
1586.5078125	0.0	image/932	932	812292	train2017/000000233580.jpg
1587.30859375	0.0	image/938	938	812702	train2017/000000237093.jpg
1588.0859375	0.0	image/944	944	813100	train2017/000000239337.jpg
1588.875	0.0	image/890	890	813504	train2017/000000224759.jpg
1590.4765625	0.0	image/907	907	814324	train2017/000000228133.jpg
1592.09375	0.0	image/905	905	815152	train2017/000000227843.jpg
1593.693359375	0.0	image/939	939	815971	train2017/000000499627.jpg
1594.47265625	0.0	image/897	897	816370	train2017/000000430850.jpg
1595.294921875	0.0	image/914	914	816791	train2017/000000492037.jpg
1596.12890625	0.0	image/869	869	817218	train2017/000000294744.jpg
1596.923828125	0.0	image/888	888	817625	train2017/000000486503.jpg
1597.705078125	0.0	image/935	935	818025	train2017/000000082945.jpg
1598.51171875	0.0	image/894	894	818438	train2017/000000225533.jpg
1599.328125	0.0	image/926	926	818856	train2017/000000232648.jpg
1600.11328125	0.0	image/923	923	819258	train2017/000000231851.jpg
1600.908203125	0.0	image/931	931	819665	train2017/000000495568.jpg
1601.673828125	0.0	image/933	933	820057	train2017/000000233873.jpg
1603.2265625	0.0	image/871	871	820852	train2017/000000480990.jpg
1604.03125	0.0	image/907	907	821264	train2017/000000228133.jpg
1604.84765625	0.0	image/887	887	821682	train2017/000000561677.jpg
1605.646484375	0.0	image/857	857	822091	train2017/000000213988.jpg
1606.42578125	0.0	image/862	862	822490	train2017/000000215023.jpg
1607.224609375	0.0	image/953	953	822899	train2017/000000241026.jpg
1608.02734375	0.0	image/850	850	823310	train2017/000000212380.jpg
1608.798828125	0.0	image/957	957	823705	train2017/000000242631.jpg
1609.609375	0.0	image/844	844	824120	train2017/000000341033.jpg
1610.431640625	0.0	image/850	850	824541	train2017/000000212380.jpg
1611.24609375	0.0	image/895	895	824958	train2017/000000487825.jpg
1612.06640625	0.0	image/948	948	825378	train2017/000000502058.jpg
1612.8671875	0.0	image/876	876	825788	train2017/000000482912.jpg
1613.677734375	0.0	image/849	849	826203	train2017/000000212229.jpg
1614.451171875	0.0	image/878	878	826599	train2017/000000167908.jpg
1615.279296875	0.0	image/912	912	827023	train2017/000000491611.jpg
1616.044921875	0.0	image/899	899	827415	train2017/000000168803.jpg
1616.845703125	0.0	image/861	861	827825	train2017/000000560054.jpg
1617.662109375	0.0	image/885	885	828243	train2017/000000223718.jpg
1618.4765625	0.0	image/842	842	828660	train2017/000000209919.jpg
1619.251953125	0.0	image/918	918	829057	train2017/000000230422.jpg
1620.080078125	0.0	image/901	901	829481	train2017/000000007567.jpg
1620.884765625	0.0	image/918	918	829893	train2017/000000230422.jpg
1621.685546875	0.0	image/909	909	830303	train2017/000000228380.jpg
1622.486328125	0.0	image/895	895	830713	train2017/000000487825.jpg
1623.287109375	0.0	image/917	917	831123	train2017/000000354185.jpg
1624.080078125	0.0	image/877	877	831529	train2017/000000342639.jpg
1624.88671875	0.0	image/848	848	831942	train2017/000000474353.jpg
1626.486328125	0.0	image/924	924	832761	train2017/000000232277.jpg
1627.287109375	0.0	image/939	939	833171	train2017/000000499627.jpg
1628.12109375	0.0	image/913	913	833598	train2017/000000356810.jpg
1628.916015625	0.0	image/908	908	834005	train2017/000000228316.jpg
1629.720703125	0.0	image/846	846	834417	train2017/000000474024.jpg
1630.5390625	0.0	image/875	875	834836	train2017/000000482858.jpg
1631.337890625	0.0	image/871	871	835245	train2017/000000480990.jpg
1632.15234375	0.0	image/859	859	835662	train2017/000000476380.jpg
1632.982421875	0.0	image/928	928	836087	train2017/000000233104.jpg
1633.7734375	0.0	image/897	897	836492	train2017/000000430850.jpg
1634.583984375	0.0	image/936	936	836907	train2017/000000497797.jpg
1635.3515625	0.0	image/948	948	837300	train2017/000000502058.jpg
1636.15625	0.0	image/911	911	837712	train2017/000000229456.jpg
1636.939453125	0.0	image/906	906	838113	train2017/000000227928.jpg
1637.724609375	0.0	image/927	927	838515	train2017/000000495040.jpg
1638.541015625	0.0	image/846	846	838933	train2017/000000474024.jpg
1639.369140625	0.0	image/931	931	839357	train2017/000000495568.jpg
1640.19140625	0.0	image/860	860	839778	train2017/000000476481.jpg
1641.001953125	0.0	image/904	904	840193	train2017/000000227733.jpg
1641.8046875	0.0	image/866	866	840604	train2017/000000216029.jpg
1642.625	0.0	image/909	909	841024	train2017/000000228380.jpg
1643.435546875	0.0	image/862	862	841439	train2017/000000215023.jpg
1644.2421875	0.0	image/905	905	841852	train2017/000000227843.jpg
1645.025390625	0.0	image/949	949	842253	train2017/000000240278.jpg
1645.8359375	0.0	image/954	954	842668	train2017/000000040187.jpg
1647.453125	0.0	image/922	922	843496	train2017/000000235479.jpg
1648.2421875	0.0	image/959	959	843900	train2017/000000505486.jpg
1649.04296875	0.0	image/889	889	844310	train2017/000000224396.jpg
1649.876953125	0.0	image/856	856	844737	train2017/000000213288.jpg
1650.66015625	0.0	image/855	855	845138	train2017/000000122923.jpg
1651.48828125	0.0	image/906	906	845562	train2017/000000227928.jpg
1652.294921875	0.0	image/876	876	845975	train2017/000000482912.jpg
1653.111328125	0.0	image/882	882	846393	train2017/000000485113.jpg
1653.92578125	0.0	image/893	893	846810	train2017/000000225383.jpg
1654.712890625	0.0	image/866	866	847213	train2017/000000216029.jpg
1655.505859375	0.0	image/935	935	847619	train2017/000000082945.jpg
1657.095703125	0.0	image/937	937	848433	train2017/000000498615.jpg
1657.923828125	0.0	image/883	883	848857	train2017/000000223447.jpg
1658.70703125	0.0	image/953	953	849258	train2017/000000241026.jpg
1659.513671875	0.0	image/853	853	849671	train2017/000000474827.jpg
1660.341796875	0.0	image/949	949	850095	train2017/000000240278.jpg
1661.1484375	0.0	image/896	896	850508	train2017/000000225750.jpg
1661.931640625	0.0	image/864	864	850909	train2017/000000385417.jpg
1662.708984375	0.0	image/883	883	851307	train2017/000000223447.jpg
1663.513671875	0.0	image/917	917	851719	train2017/000000354185.jpg
1664.298828125	0.0	image/892	892	852121	train2017/000000225113.jpg
1665.126953125	0.0	image/870	870	852545	train2017/000000480601.jpg
1665.931640625	0.0	image/958	958	852957	train2017/000000433657.jpg
1667.533203125	0.0	image/942	942	853777	train2017/000000238001.jpg
1668.31640625	0.0	image/927	927	854178	train2017/000000495040.jpg
1669.8828125	0.0	image/845	845	854980	train2017/000000211198.jpg
1670.701171875	0.0	image/904	904	855399	train2017/000000227733.jpg
1671.484375	0.0	image/889	889	855800	train2017/000000224396.jpg
1672.314453125	0.0	image/946	946	856225	train2017/000000501867.jpg
1673.935546875	0.0	image/878	878	857055	train2017/000000167908.jpg
1674.767578125	0.0	image/843	843	857481	train2017/000000210065.jpg
1675.544921875	0.0	image/865	865	857879	train2017/000000035972.jpg
1677.115234375	0.0	image/959	959	858683	train2017/000000505486.jpg
1677.9296875	0.0	image/921	921	859100	train2017/000000231102.jpg
1678.712890625	0.0	image/853	853	859501	train2017/000000474827.jpg
1679.513671875	0.0	image/955	955	859911	train2017/000000112805.jpg
1680.287109375	0.0	image/910	910	860307	train2017/000000228565.jpg
1681.0703125	0.0	image/920	920	860708	train2017/000000300622.jpg
1681.84765625	0.0	image/845	845	861106	train2017/000000211198.jpg
1682.65234375	0.0	image/902	902	861518	train2017/000000227307.jpg
1683.470703125	0.0	image/843	843	861937	train2017/000000210065.jpg
1684.25	0.0	image/879	879	862336	train2017/000000221441.jpg
1685.015625	0.0	image/929	929	862728	train2017/000000495387.jpg
1685.822265625	0.0	image/899	899	863141	train2017/000000168803.jpg
1687.455078125	0.0	image/861	861	863977	train2017/000000560054.jpg
1688.234375	0.0	image/920	920	864376	train2017/000000300622.jpg
1689.033203125	0.0	image/908	908	864785	train2017/000000228316.jpg
1689.8359375	0.0	image/952	952	865196	train2017/000000502860.jpg
1690.638671875	0.0	image/912	912	865607	train2017/000000491611.jpg
1691.423828125	0.0	image/852	852	866009	train2017/000000212440.jpg
1692.201171875	0.0	image/874	874	866407	train2017/000000561006.jpg
1693.0234375	0.0	image/950	950	866828	train2017/000000502470.jpg
1693.806640625	0.0	image/916	916	867229	train2017/000000038370.jpg
1694.640625	0.0	image/957	957	867656	train2017/000000242631.jpg
1696.275390625	0.0	image/847	847	868493	train2017/000000207833.jpg
1697.05859375	0.0	image/946	946	868894	train2017/000000501867.jpg
1697.8359375	0.0	image/893	893	869292	train2017/000000225383.jpg
1698.609375	0.0	image/880	880	869688	train2017/000000484300.jpg
1699.404296875	0.0	image/841	841	870095	train2017/000000034961.jpg
1700.208984375	0.0	image/915	915	870507	train2017/000000229947.jpg
1701.00390625	0.0	image/863	863	870914	train2017/000000215291.jpg
1701.79296875	0.0	image/842	842	871318	train2017/000000209919.jpg
1703.404296875	0.0	image/903	903	872143	train2017/000000227451.jpg
1704.2265625	0.0	image/856	856	872564	train2017/000000213288.jpg
1705.009765625	0.0	image/923	923	872965	train2017/000000231851.jpg
1705.7890625	0.0	image/951	951	873364	train2017/000000214821.jpg
1706.611328125	0.0	image/943	943	873785	train2017/000000238201.jpg
1707.4453125	0.0	image/859	859	874212	train2017/000000476380.jpg
1708.263671875	0.0	image/933	933	874631	train2017/000000233873.jpg
1709.08984375	0.0	image/887	887	875054	train2017/000000561677.jpg
1710.74609375	0.0	image/911	911	875902	train2017/000000229456.jpg
1711.546875	0.0	image/958	958	876312	train2017/000000433657.jpg
1712.345703125	0.0	image/930	930	876721	train2017/000000344729.jpg
1713.142578125	0.0	image/956	956	877129	train2017/000000242133.jpg
1713.9296875	0.0	image/941	941	877532	train2017/000000237697.jpg
1714.712890625	0.0	image/913	913	877933	train2017/000000356810.jpg
1715.5078125	0.0	image/873	873	878340	train2017/000000429902.jpg
1716.275390625	0.0	image/879	879	878733	train2017/000000221441.jpg
1717.04296875	0.0	image/867	867	879126	train2017/000000479035.jpg
1717.865234375	0.0	image/942	942	879547	train2017/000000238001.jpg
1719.42578125	0.0	image/900	900	880346	train2017/000000488658.jpg
1720.232421875	0.0	image/847	847	880759	train2017/000000207833.jpg
1721.04296875	0.0	image/844	844	881174	train2017/000000341033.jpg
1722.666015625	0.0	image/945	945	882005	train2017/000000501739.jpg
1723.4453125	0.0	image/921	921	882404	train2017/000000231102.jpg
1724.2109375	0.0	image/855	855	882796	train2017/000000122923.jpg
1725.80078125	0.0	image/898	898	883610	train2017/000000488406.jpg
1727.384765625	0.0	image/955	955	884421	train2017/000000112805.jpg
1728.18359375	0.0	image/896	896	884830	train2017/000000225750.jpg
1728.96875	0.0	image/902	902	885232	train2017/000000227307.jpg
1729.74609375	0.0	image/894	894	885630	train2017/000000225533.jpg
1730.513671875	0.0	image/854	854	886023	train2017/000000475236.jpg
1731.302734375	0.0	image/910	910	886427	train2017/000000228565.jpg
1732.11328125	0.0	image/947	947	886842	train2017/000000501926.jpg
1732.9140625	0.0	image/934	934	887252	train2017/000000497464.jpg
1733.720703125	0.0	image/903	903	887665	train2017/000000227451.jpg
1734.49609375	0.0	image/938	938	888062	train2017/000000237093.jpg
1735.314453125	0.0	image/891	891	888481	train2017/000000224869.jpg
1736.103515625	0.0	image/929	929	888885	train2017/000000495387.jpg
1743.716796875	0.0	image/91	91	892783	train2017/000000540735.jpg
1744.53515625	0.0	image/33	33	893202	train2017/000000267338.jpg
1745.330078125	0.0	image/87	87	893609	train2017/000000300383.jpg
1746.111328125	0.0	image/106	106	894009	train2017/000000280808.jpg
1746.935546875	0.0	image/116	116	894431	train2017/000000283426.jpg
1747.74609375	0.0	image/43	43	894846	train2017/000000006765.jpg
1748.51953125	0.0	image/16	16	895242	train2017/000000002270.jpg
1749.330078125	0.0	image/109	109	895657	train2017/000000544060.jpg
1750.130859375	0.0	image/112	112	896067	train2017/000000544926.jpg
1750.953125	0.0	image/31	31	896488	train2017/000000266622.jpg
1751.763671875	0.0	image/80	80	896903	train2017/000000538822.jpg
1752.552734375	0.0	image/59	59	897307	train2017/000000010046.jpg
1753.353515625	0.0	image/95	95	897717	train2017/000000016898.jpg
1754.169921875	0.0	image/74	74	898135	train2017/000000275663.jpg
1754.947265625	0.0	image/44	44	898533	train2017/000000007048.jpg
1755.720703125	0.0	image/92	92	898929	train2017/000000278714.jpg
1756.50390625	0.0	image/46	46	899330	train2017/000000531515.jpg
1757.298828125	0.0	image/117	117	899737	train2017/000000396793.jpg
1758.884765625	0.0	image/71	71	900549	train2017/000000536884.jpg
1759.671875	0.0	image/64	64	900952	train2017/000000273138.jpg
1760.455078125	0.0	image/57	57	901353	train2017/000000001625.jpg
1761.240234375	0.0	image/61	61	901755	train2017/000000272901.jpg
1762.857421875	0.0	image/14	14	902583	train2017/000000264244.jpg
1763.685546875	0.0	image/66	66	903007	train2017/000000273250.jpg
1764.484375	0.0	image/42	42	903416	train2017/000000268659.jpg
1765.306640625	0.0	image/102	102	903837	train2017/000000018078.jpg
1766.134765625	0.0	image/16	16	904261	train2017/000000002270.jpg
1766.94140625	0.0	image/14	14	904674	train2017/000000264244.jpg
1768.541015625	0.0	image/38	38	905493	train2017/000000312536.jpg
1769.32421875	0.0	image/58	58	905894	train2017/000000534259.jpg
1770.94140625	0.0	image/98	98	906722	train2017/000000541472.jpg
1771.7421875	0.0	image/93	93	907132	train2017/000000541077.jpg
1772.537109375	0.0	image/65	65	907539	train2017/000000273147.jpg
1773.3046875	0.0	image/40	40	907932	train2017/000000268114.jpg
1774.109375	0.0	image/67	67	908344	train2017/000000011358.jpg
1774.939453125	0.0	image/48	48	908769	train2017/000000011299.jpg
1775.72265625	0.0	image/72	72	909170	train2017/000000274978.jpg
1776.494140625	0.0	image/107	107	909565	train2017/000000543254.jpg
1777.2890625	0.0	image/8	8	909972	train2017/000000000625.jpg
1778.056640625	0.0	image/35	35	910365	train2017/000000267647.jpg
1778.822265625	0.0	image/94	94	910757	train2017/000000278962.jpg
1779.623046875	0.0	image/28	28	911167	train2017/000000558788.jpg
1780.439453125	0.0	image/20	20	911585	train2017/000000526980.jpg
1781.212890625	0.0	image/66	66	911981	train2017/000000273250.jpg
1782.029296875	0.0	image/29	29	912399	train2017/000000393907.jpg
1782.83984375	0.0	image/19	19	912814	train2017/000000526968.jpg
1783.607421875	0.0	image/5	5	913207	train2017/000000262690.jpg
1784.412109375	0.0	image/108	108	913619	train2017/000000281330.jpg
1785.240234375	0.0	image/58	58	914043	train2017/000000534259.jpg
1786.0078125	0.0	image/34	34	914436	train2017/000000005277.jpg
1787.564453125	0.0	image/28	28	915233	train2017/000000558788.jpg
1788.34765625	0.0	image/101	101	915634	train2017/000000017967.jpg
1789.17578125	0.0	image/23	23	916058	train2017/000000265150.jpg
1790.78125	0.0	image/104	104	916880	train2017/000000018367.jpg
1792.3828125	0.0	image/62	62	917700	train2017/000000010903.jpg
1793.193359375	0.0	image/56	56	918115	train2017/000000008998.jpg
1793.9609375	0.0	image/114	114	918508	train2017/000000571485.jpg
1794.732421875	0.0	image/56	56	918903	train2017/000000008998.jpg
1795.515625	0.0	image/46	46	919304	train2017/000000531515.jpg
1796.294921875	0.0	image/98	98	919703	train2017/000000541472.jpg
1797.09375	0.0	image/70	70	920112	train2017/000000536786.jpg
1797.8828125	0.0	image/72	72	920516	train2017/000000274978.jpg
1798.68359375	0.0	image/24	24	920926	train2017/000000265453.jpg
1799.4609375	0.0	image/43	43	921324	train2017/000000006765.jpg
1801.1015625	0.0	image/92	92	922164	train2017/000000278714.jpg
1801.935546875	0.0	image/4	4	922591	train2017/000000524646.jpg
1802.71875	0.0	image/6	6	922992	train2017/000000000584.jpg
1803.49609375	0.0	image/30	30	923390	train2017/000000004442.jpg
1804.30078125	0.0	image/103	103	923802	train2017/000000280484.jpg
1805.103515625	0.0	image/1	1	924213	train2017/000000262145.jpg
1806.703125	0.0	image/115	115	925032	train2017/000000021095.jpg
1807.498046875	0.0	image/109	109	925439	train2017/000000544060.jpg
1808.28125	0.0	image/38	38	925840	train2017/000000312536.jpg
1809.083984375	0.0	image/70	70	926251	train2017/000000536786.jpg
1809.849609375	0.0	image/23	23	926643	train2017/000000265150.jpg
1810.63671875	0.0	image/50	50	927046	train2017/000000007932.jpg
1811.421875	0.0	image/116	116	927448	train2017/000000283426.jpg
1812.23828125	0.0	image/8	8	927866	train2017/000000000625.jpg
1813.021484375	0.0	image/21	21	928267	train2017/000000274108.jpg
1813.83203125	0.0	image/87	87	928682	train2017/000000300383.jpg
1814.638671875	0.0	image/71	71	929095	train2017/000000536884.jpg
1815.43359375	0.0	image/32	32	929502	train2017/000000005028.jpg
1816.19921875	0.0	image/15	15	929894	train2017/000000264396.jpg
1817.021484375	0.0	image/82	82	930315	train2017/000000539395.jpg
1817.806640625	0.0	image/27	27	930717	train2017/000000265745.jpg
1819.373046875	0.0	image/60	60	931519	train2017/000000010710.jpg
1820.15234375	0.0	image/25	25	931918	train2017/000000527618.jpg
1820.923828125	0.0	image/88	88	932313	train2017/000000540538.jpg
1821.724609375	0.0	image/81	81	932723	train2017/000000539340.jpg
1822.5390625	0.0	image/31	31	933140	train2017/000000266622.jpg
1823.32421875	0.0	image/110	110	933542	train2017/000000019863.jpg
1824.125	0.0	image/78	78	933952	train2017/000000013969.jpg
1825.724609375	0.0	image/62	62	934771	train2017/000000010903.jpg
1826.525390625	0.0	image/12	12	935181	train2017/000000525790.jpg
1827.322265625	0.0	image/84	84	935589	train2017/000000570543.jpg
1828.142578125	0.0	image/61	61	936009	train2017/000000272901.jpg
1828.9375	0.0	image/75	75	936416	train2017/000000399878.jpg
1829.759765625	0.0	image/10	10	936837	train2017/000000001308.jpg
1830.59375	0.0	image/65	65	937264	train2017/000000273147.jpg
1832.2265625	0.0	image/9	9	938100	train2017/000000000650.jpg
1833.009765625	0.0	image/44	44	938501	train2017/000000007048.jpg
1833.794921875	0.0	image/76	76	938903	train2017/000000275902.jpg
1834.611328125	0.0	image/22	22	939321	train2017/000000265023.jpg
1835.427734375	0.0	image/40	40	939739	train2017/000000268114.jpg
1837.044921875	0.0	image/30	30	940567	train2017/000000004442.jpg
1837.845703125	0.0	image/85	85	940977	train2017/000000539705.jpg
1838.658203125	0.0	image/26	26	941393	train2017/000000003521.jpg
1839.462890625	0.0	image/35	35	941805	train2017/000000267647.jpg
1840.2578125	0.0	image/47	47	942212	train2017/000000531828.jpg
1841.0625	0.0	image/17	17	942624	train2017/000000002372.jpg
1841.86328125	0.0	image/45	45	943034	train2017/000000531392.jpg
1842.658203125	0.0	image/47	47	943441	train2017/000000531828.jpg
1843.44140625	0.0	image/60	60	943842	train2017/000000010710.jpg
1844.224609375	0.0	image/84	84	944243	train2017/000000570543.jpg
1845.013671875	0.0	image/118	118	944647	train2017/000000283678.jpg
1845.826171875	0.0	image/79	79	945063	train2017/000000276664.jpg
1846.6484375	0.0	image/80	80	945484	train2017/000000538822.jpg
1847.46484375	0.0	image/52	52	945902	train2017/000000008053.jpg
1848.28125	0.0	image/63	63	946320	train2017/000000273120.jpg
1849.8984375	0.0	image/7	7	947148	train2017/000000000605.jpg
1850.68359375	0.0	image/83	83	947550	train2017/000000277524.jpg
1851.466796875	0.0	image/33	33	947951	train2017/000000267338.jpg
1852.244140625	0.0	image/64	64	948349	train2017/000000273138.jpg
1853.029296875	0.0	image/97	97	948751	train2017/000000279197.jpg
1853.849609375	0.0	image/22	22	949171	train2017/000000265023.jpg
1854.62890625	0.0	image/4	4	949570	train2017/000000524646.jpg
1855.4453125	0.0	image/90	90	949988	train2017/000000278555.jpg
1856.251953125	0.0	image/48	48	950401	train2017/000000011299.jpg
1857.080078125	0.0	image/45	45	950825	train2017/000000531392.jpg
1857.90234375	0.0	image/89	89	951246	train2017/000000016314.jpg
1858.701171875	0.0	image/20	20	951655	train2017/000000526980.jpg
1859.486328125	0.0	image/17	17	952057	train2017/000000002372.jpg
1860.302734375	0.0	image/86	86	952475	train2017/000000539879.jpg
1861.1328125	0.0	image/76	76	952900	train2017/000000275902.jpg
1861.919921875	0.0	image/115	115	953303	train2017/000000021095.jpg
1862.73046875	0.0	image/91	91	953718	train2017/000000540735.jpg
1863.513671875	0.0	image/54	54	954119	train2017/000000532753.jpg
1864.3203125	0.0	image/110	110	954532	train2017/000000019863.jpg
1865.919921875	0.0	image/88	88	955351	train2017/000000540538.jpg
1866.734375	0.0	image/104	104	955768	train2017/000000018367.jpg
1867.521484375	0.0	image/59	59	956171	train2017/000000010046.jpg
1868.322265625	0.0	image/57	57	956581	train2017/000000001625.jpg
1869.10546875	0.0	image/7	7	956982	train2017/000000000605.jpg
1869.939453125	0.0	image/51	51	957409	train2017/000000008027.jpg
1870.72265625	0.0	image/73	73	957810	train2017/000000537393.jpg
1871.533203125	0.0	image/81	81	958225	train2017/000000539340.jpg
1872.333984375	0.0	image/2	2	958635	train2017/000000262239.jpg
1873.97265625	0.0	image/39	39	959474	train2017/000000268008.jpg
1875.564453125	0.0	image/68	68	960289	train2017/000000535871.jpg
1876.3359375	0.0	image/29	29	960684	train2017/000000393907.jpg
1877.119140625	0.0	image/113	113	961085	train2017/000000545160.jpg
1877.890625	0.0	image/101	101	961480	train2017/000000017967.jpg
1879.4921875	0.0	image/18	18	962300	train2017/000000264735.jpg
1880.271484375	0.0	image/77	77	962699	train2017/000000275938.jpg
1881.041015625	0.0	image/74	74	963093	train2017/000000275663.jpg
1881.869140625	0.0	image/120	120	963517	train2017/000000021718.jpg
1882.671875	0.0	image/75	75	963928	train2017/000000399878.jpg
1883.443359375	0.0	image/42	42	964323	train2017/000000268659.jpg
1884.271484375	0.0	image/108	108	964747	train2017/000000281330.jpg
1885.0546875	0.0	image/118	118	965148	train2017/000000283678.jpg
1885.876953125	0.0	image/120	120	965569	train2017/000000021718.jpg
1886.671875	0.0	image/2	2	965976	train2017/000000262239.jpg
1887.458984375	0.0	image/112	112	966379	train2017/000000544926.jpg
1888.244140625	0.0	image/15	15	966781	train2017/000000264396.jpg
1889.0234375	0.0	image/12	12	967180	train2017/000000525790.jpg
1889.845703125	0.0	image/114	114	967601	train2017/000000571485.jpg
1890.62890625	0.0	image/21	21	968002	train2017/000000274108.jpg
1892.228515625	0.0	image/100	100	968821	train2017/000000541856.jpg
1893.01171875	0.0	image/63	63	969222	train2017/000000273120.jpg
1893.794921875	0.0	image/78	78	969623	train2017/000000013969.jpg
1894.57421875	0.0	image/96	96	970022	train2017/000000541258.jpg
1895.36328125	0.0	image/119	119	970426	train2017/000000545950.jpg
1896.1640625	0.0	image/36	36	970836	train2017/000000267699.jpg
1896.947265625	0.0	image/68	68	971237	train2017/000000535871.jpg
1898.580078125	0.0	image/69	69	972073	train2017/000000011856.jpg
1899.375	0.0	image/105	105	972480	train2017/000000280764.jpg
1900.197265625	0.0	image/39	39	972901	train2017/000000268008.jpg
1901.0078125	0.0	image/86	86	973316	train2017/000000539879.jpg
1901.810546875	0.0	image/111	111	973727	train2017/000000020517.jpg
1902.615234375	0.0	image/10	10	974139	train2017/000000001308.jpg
1903.443359375	0.0	image/55	55	974563	train2017/000000533231.jpg
1904.25	0.0	image/49	49	974976	train2017/000000219750.jpg
1905.078125	0.0	image/94	94	975400	train2017/000000278962.jpg
1905.900390625	0.0	image/113	113	975821	train2017/000000545160.jpg
1906.728515625	0.0	image/99	99	976245	train2017/000000271183.jpg
1908.34375	0.0	image/55	55	977072	train2017/000000533231.jpg
1909.1328125	0.0	image/97	97	977476	train2017/000000279197.jpg
1909.951171875	0.0	image/103	103	977895	train2017/000000280484.jpg
1910.76171875	0.0	image/37	37	978310	train2017/000000005684.jpg
1911.568359375	0.0	image/24	24	978723	train2017/000000265453.jpg
1912.396484375	0.0	image/89	89	979147	train2017/000000016314.jpg
1913.162109375	0.0	image/5	5	979539	train2017/000000262690.jpg
1913.96875	0.0	image/82	82	979952	train2017/000000539395.jpg
1914.779296875	0.0	image/90	90	980367	train2017/000000278555.jpg
1915.583984375	0.0	image/83	83	980779	train2017/000000277524.jpg
1916.396484375	0.0	image/34	34	981195	train2017/000000005277.jpg
1917.212890625	0.0	image/36	36	981613	train2017/000000267699.jpg
1918.01953125	0.0	image/25	25	982026	train2017/000000527618.jpg
1918.8359375	0.0	image/19	19	982444	train2017/000000526968.jpg
1919.63671875	0.0	image/96	96	982854	train2017/000000541258.jpg
1920.4375	0.0	image/77	77	983264	train2017/000000275938.jpg
1921.25390625	0.0	image/1	1	983682	train2017/000000262145.jpg
1922.0703125	0.0	image/53	53	984100	train2017/000000270278.jpg
1922.865234375	0.0	image/37	37	984507	train2017/000000005684.jpg
1924.466796875	0.0	image/13	13	985327	train2017/000000525932.jpg
1925.25	0.0	image/11	11	985728	train2017/000000263599.jpg
1926.017578125	0.0	image/3	3	986121	train2017/000000262414.jpg
1926.83984375	0.0	image/93	93	986542	train2017/000000541077.jpg
1927.650390625	0.0	image/11	11	986957	train2017/000000263599.jpg
1928.47265625	0.0	image/111	111	987378	train2017/000000020517.jpg
1929.2734375	0.0	image/95	95	987788	train2017/000000016898.jpg
1930.068359375	0.0	image/51	51	988195	train2017/000000008027.jpg
1930.857421875	0.0	image/105	105	988599	train2017/000000280764.jpg
1931.658203125	0.0	image/27	27	989009	train2017/000000265745.jpg
1932.490234375	0.0	image/102	102	989435	train2017/000000018078.jpg
1933.30859375	0.0	image/119	119	989854	train2017/000000545950.jpg
1934.0859375	0.0	image/13	13	990252	train2017/000000525932.jpg
1935.689453125	0.0	image/49	49	991073	train2017/000000219750.jpg
1936.470703125	0.0	image/32	32	991473	train2017/000000005028.jpg
1937.251953125	0.0	image/99	99	991873	train2017/000000271183.jpg
1938.021484375	0.0	image/9	9	992267	train2017/000000000650.jpg
1938.80859375	0.0	image/67	67	992670	train2017/000000011358.jpg
1939.62109375	0.0	image/53	53	993086	train2017/000000270278.jpg
1940.408203125	0.0	image/18	18	993489	train2017/000000264735.jpg
1941.2109375	0.0	image/50	50	993900	train2017/000000007932.jpg
1942.02734375	0.0	image/26	26	994318	train2017/000000003521.jpg
1942.84375	0.0	image/73	73	994736	train2017/000000537393.jpg
1943.626953125	0.0	image/3	3	995137	train2017/000000262414.jpg
1944.458984375	0.0	image/41	41	995563	train2017/000000268418.jpg
1945.26953125	0.0	image/69	69	995978	train2017/000000011856.jpg
1946.056640625	0.0	image/107	107	996381	train2017/000000543254.jpg
1946.83984375	0.0	image/52	52	996782	train2017/000000008053.jpg
1947.611328125	0.0	image/41	41	997177	train2017/000000268418.jpg
1948.439453125	0.0	image/85	85	997601	train2017/000000539705.jpg
1949.228515625	0.0	image/106	106	998005	train2017/000000280808.jpg
1950.013671875	0.0	image/100	100	998407	train2017/000000541856.jpg
1950.796875	0.0	image/54	54	998808	train2017/000000532753.jpg
1951.609375	0.0	image/6	6	999224	train2017/000000000584.jpg
1952.390625	0.0	image/79	79	999624	train2017/000000276664.jpg
1953.1640625	0.0	image/117	117	1000020	train2017/000000396793.jpg
1960.650390625	0.0	image/199	199	1003853	train2017/000000565652.jpg
1961.4296875	0.0	image/134	134	1004252	train2017/000000550396.jpg
1962.251953125	0.0	image/184	184	1004673	train2017/000000006053.jpg
1963.869140625	0.0	image/221	221	1005501	train2017/000000575701.jpg
1964.6796875	0.0	image/190	190	1005916	train2017/000000038801.jpg
1965.501953125	0.0	image/219	219	1006337	train2017/000000219735.jpg
1966.28515625	0.0	image/154	154	1006738	train2017/000000291560.jpg
1967.052734375	0.0	image/121	121	1007131	train2017/000000546140.jpg
1967.869140625	0.0	image/140	140	1007549	train2017/000000551164.jpg
1968.65234375	0.0	image/226	226	1007950	train2017/000000571499.jpg
1969.46484375	0.0	image/179	179	1008366	train2017/000000559958.jpg
1970.287109375	0.0	image/133	133	1008787	train2017/000000026029.jpg
1971.115234375	0.0	image/227	227	1009211	train2017/000000047638.jpg
1971.919921875	0.0	image/138	138	1009623	train2017/000000288751.jpg
1972.748046875	0.0	image/194	194	1010047	train2017/000000302588.jpg
1973.515625	0.0	image/136	136	1010440	train2017/000000026388.jpg
1974.322265625	0.0	image/156	156	1010853	train2017/000000029732.jpg
1975.10546875	0.0	image/149	149	1011254	train2017/000000290192.jpg
1975.884765625	0.0	image/211	211	1011653	train2017/000000567837.jpg
1976.650390625	0.0	image/212	212	1012045	train2017/000000043776.jpg
1977.451171875	0.0	image/202	202	1012455	train2017/000000566201.jpg
1978.2734375	0.0	image/206	206	1012876	train2017/000000263276.jpg
1979.890625	0.0	image/151	151	1013704	train2017/000000553150.jpg
1980.71484375	0.0	image/169	169	1014126	train2017/000000557886.jpg
1981.5078125	0.0	image/181	181	1014532	train2017/000000035927.jpg
1982.3359375	0.0	image/127	127	1014956	train2017/000000285450.jpg
1983.982421875	0.0	image/175	175	1015799	train2017/000000559225.jpg
1984.791015625	0.0	image/158	158	1016213	train2017/000000030148.jpg
1985.5859375	0.0	image/200	200	1016620	train2017/000000565834.jpg
1986.38671875	0.0	image/128	128	1017030	train2017/000000547644.jpg
1987.19140625	0.0	image/142	142	1017442	train2017/000000027002.jpg
1987.96875	0.0	image/213	213	1017840	train2017/000000043815.jpg
1988.75390625	0.0	image/172	172	1018242	train2017/000000558822.jpg
1989.576171875	0.0	image/203	203	1018663	train2017/000000566261.jpg
1991.2265625	0.0	image/182	182	1019508	train2017/000000298170.jpg
1992.02734375	0.0	image/143	143	1019918	train2017/000000027030.jpg
1992.8203125	0.0	image/142	142	1020324	train2017/000000027002.jpg
1993.58984375	0.0	image/137	137	1020718	train2017/000000026443.jpg
1995.228515625	0.0	image/219	219	1021557	train2017/000000219735.jpg
1996.044921875	0.0	image/196	196	1021975	train2017/000000574784.jpg
1996.83984375	0.0	image/200	200	1022382	train2017/000000565834.jpg
1997.607421875	0.0	image/151	151	1022775	train2017/000000553150.jpg
1999.1953125	0.0	image/189	189	1023588	train2017/000000300881.jpg
1999.974609375	0.0	image/195	195	1023987	train2017/000000040685.jpg
2000.791015625	0.0	image/232	232	1024405	train2017/000000311232.jpg
2001.5625	0.0	image/123	123	1024800	train2017/000000022256.jpg
2002.345703125	0.0	image/193	193	1025201	train2017/000000564465.jpg
2003.16015625	0.0	image/152	152	1025618	train2017/000000553166.jpg
2003.974609375	0.0	image/160	160	1026035	train2017/000000293130.jpg
2004.7578125	0.0	image/153	153	1026436	train2017/000000553586.jpg
2005.541015625	0.0	image/140	140	1026837	train2017/000000551164.jpg
2006.34765625	0.0	image/186	186	1027250	train2017/000000037358.jpg
2007.912109375	0.0	image/239	239	1028051	train2017/000000313480.jpg
2008.732421875	0.0	image/175	175	1028471	train2017/000000559225.jpg
2009.56640625	0.0	image/234	234	1028898	train2017/000000312003.jpg
2010.365234375	0.0	image/146	146	1029307	train2017/000000289460.jpg
2012.015625	0.0	image/145	145	1030152	train2017/000000027298.jpg
2012.828125	0.0	image/157	157	1030568	train2017/000000030109.jpg
2013.599609375	0.0	image/179	179	1030963	train2017/000000559958.jpg
2014.37890625	0.0	image/182	182	1031362	train2017/000000298170.jpg
2015.201171875	0.0	image/223	223	1031783	train2017/000000309135.jpg
2016.01171875	0.0	image/232	232	1032198	train2017/000000311232.jpg
2016.818359375	0.0	image/154	154	1032611	train2017/000000291560.jpg
2017.62890625	0.0	image/121	121	1033026	train2017/000000546140.jpg
2018.412109375	0.0	image/141	141	1033427	train2017/000000026981.jpg
2019.201171875	0.0	image/125	125	1033831	train2017/000000022964.jpg
2019.98046875	0.0	image/183	183	1034230	train2017/000000298395.jpg
2020.74609375	0.0	image/191	191	1034622	train2017/000000039196.jpg
2021.548828125	0.0	image/211	211	1035033	train2017/000000567837.jpg
2022.369140625	0.0	image/173	173	1035453	train2017/000000559816.jpg
2023.1640625	0.0	image/168	168	1035860	train2017/000000557848.jpg
2023.96875	0.0	image/201	201	1036272	train2017/000000041606.jpg
2024.787109375	0.0	image/208	208	1036691	train2017/000000043150.jpg
2025.62109375	0.0	image/205	205	1037118	train2017/000000566341.jpg
2026.4375	0.0	image/227	227	1037536	train2017/000000047638.jpg
2027.21484375	0.0	image/129	129	1037934	train2017/000000023392.jpg
2028.021484375	0.0	image/176	176	1038347	train2017/000000297154.jpg
2028.8046875	0.0	image/147	147	1038748	train2017/000000289791.jpg
2029.6171875	0.0	image/210	210	1039164	train2017/000000305685.jpg
2030.3828125	0.0	image/209	209	1039556	train2017/000000043176.jpg
2031.189453125	0.0	image/137	137	1039969	train2017/000000026443.jpg
2032.0	0.0	image/178	178	1040384	train2017/000000355458.jpg
2032.806640625	0.0	image/133	133	1040797	train2017/000000026029.jpg
2033.634765625	0.0	image/207	207	1041221	train2017/000000042578.jpg
2034.439453125	0.0	image/177	177	1041633	train2017/000000573830.jpg
2035.240234375	0.0	image/201	201	1042043	train2017/000000041606.jpg
2036.068359375	0.0	image/132	132	1042467	train2017/000000549830.jpg
2036.890625	0.0	image/152	152	1042888	train2017/000000553166.jpg
2037.69140625	0.0	image/127	127	1043298	train2017/000000285450.jpg
2038.490234375	0.0	image/228	228	1043707	train2017/000000572215.jpg
2039.318359375	0.0	image/131	131	1044131	train2017/000000549301.jpg
2040.1015625	0.0	image/197	197	1044532	train2017/000000303392.jpg
2040.908203125	0.0	image/144	144	1044945	train2017/000000354070.jpg
2041.736328125	0.0	image/203	203	1045369	train2017/000000566261.jpg
2042.51953125	0.0	image/236	236	1045770	train2017/000000574760.jpg
2043.326171875	0.0	image/165	165	1046183	train2017/000000032275.jpg
2044.138671875	0.0	image/161	161	1046599	train2017/000000293368.jpg
2044.943359375	0.0	image/159	159	1047011	train2017/000000292845.jpg
2045.7265625	0.0	image/124	124	1047412	train2017/000000122964.jpg
2046.505859375	0.0	image/238	238	1047811	train2017/000000050624.jpg
2047.271484375	0.0	image/230	230	1048203	train2017/000000573337.jpg
2048.04296875	0.0	image/199	199	1048598	train2017/000000565652.jpg
2048.828125	0.0	image/149	149	1049000	train2017/000000290192.jpg
2049.611328125	0.0	image/225	225	1049401	train2017/000000047172.jpg
2050.40625	0.0	image/125	125	1049808	train2017/000000022964.jpg
2051.220703125	0.0	image/168	168	1050225	train2017/000000557848.jpg
2051.994140625	0.0	image/144	144	1050621	train2017/000000354070.jpg
2052.806640625	0.0	image/185	185	1051037	train2017/000000036589.jpg
2053.578125	0.0	image/209	209	1051432	train2017/000000043176.jpg
2054.396484375	0.0	image/216	216	1051851	train2017/000000225829.jpg
2055.189453125	0.0	image/220	220	1052257	train2017/000000569645.jpg
2055.99609375	0.0	image/234	234	1052670	train2017/000000312003.jpg
2056.80859375	0.0	image/177	177	1053086	train2017/000000573830.jpg
2057.607421875	0.0	image/161	161	1053495	train2017/000000293368.jpg
2058.408203125	0.0	image/224	224	1053905	train2017/000000309192.jpg
2060.013671875	0.0	image/172	172	1054727	train2017/000000558822.jpg
2060.830078125	0.0	image/156	156	1055145	train2017/000000029732.jpg
2061.642578125	0.0	image/198	198	1055561	train2017/000000303436.jpg
2062.447265625	0.0	image/132	132	1055973	train2017/000000549830.jpg
2063.27734375	0.0	image/153	153	1056398	train2017/000000553586.jpg
2064.060546875	0.0	image/193	193	1056799	train2017/000000564465.jpg
2065.666015625	0.0	image/135	135	1057621	train2017/000000288372.jpg
2066.498046875	0.0	image/188	188	1058047	train2017/000000037823.jpg
2067.265625	0.0	image/229	229	1058440	train2017/000000310870.jpg
2068.044921875	0.0	image/192	192	1058839	train2017/000000225054.jpg
2068.8671875	0.0	image/230	230	1059260	train2017/000000573337.jpg
2070.41796875	0.0	image/150	150	1060054	train2017/000000552589.jpg
2071.212890625	0.0	image/146	146	1060461	train2017/000000289460.jpg
2072.017578125	0.0	image/235	235	1060873	train2017/000000050256.jpg
2072.8125	0.0	image/166	166	1061280	train2017/000000556748.jpg
2073.62890625	0.0	image/212	212	1061698	train2017/000000043776.jpg
2074.40234375	0.0	image/122	122	1062094	train2017/000000546147.jpg
2075.228515625	0.0	image/159	159	1062517	train2017/000000292845.jpg
2076.052734375	0.0	image/155	155	1062939	train2017/000000029730.jpg
2076.845703125	0.0	image/214	214	1063345	train2017/000000306031.jpg
2077.615234375	0.0	image/176	176	1063739	train2017/000000297154.jpg
2078.419921875	0.0	image/233	233	1064151	train2017/000000532520.jpg
2080.052734375	0.0	image/208	208	1064987	train2017/000000043150.jpg
2080.87109375	0.0	image/202	202	1065406	train2017/000000566201.jpg
2081.701171875	0.0	image/139	139	1065831	train2017/000000026702.jpg
2082.48828125	0.0	image/160	160	1066234	train2017/000000293130.jpg
2083.298828125	0.0	image/187	187	1066649	train2017/000000037779.jpg
2084.099609375	0.0	image/170	170	1067059	train2017/000000033727.jpg
2084.904296875	0.0	image/191	191	1067471	train2017/000000039196.jpg
2085.6875	0.0	image/235	235	1067872	train2017/000000050256.jpg
2086.505859375	0.0	image/141	141	1068291	train2017/000000026981.jpg
2087.2890625	0.0	image/218	218	1068692	train2017/000000569196.jpg
2088.083984375	0.0	image/236	236	1069099	train2017/000000574760.jpg
2088.90625	0.0	image/155	155	1069520	train2017/000000029730.jpg
2089.689453125	0.0	image/217	217	1069921	train2017/000000306988.jpg
2090.466796875	0.0	image/180	180	1070319	train2017/000000297844.jpg
2091.267578125	0.0	image/143	143	1070729	train2017/000000027030.jpg
2092.07421875	0.0	image/206	206	1071142	train2017/000000263276.jpg
2093.673828125	0.0	image/215	215	1071961	train2017/000000306249.jpg
2094.474609375	0.0	image/171	171	1072371	train2017/000000033764.jpg
2095.251953125	0.0	image/164	164	1072769	train2017/000000556542.jpg
2096.056640625	0.0	image/148	148	1073181	train2017/000000027665.jpg
2096.841796875	0.0	image/163	163	1073583	train2017/000000032134.jpg
2097.625	0.0	image/122	122	1073984	train2017/000000546147.jpg
2098.458984375	0.0	image/229	229	1074411	train2017/000000310870.jpg
2099.259765625	0.0	image/171	171	1074821	train2017/000000033764.jpg
2100.0703125	0.0	image/166	166	1075236	train2017/000000556748.jpg
2100.876953125	0.0	image/204	204	1075649	train2017/000000304187.jpg
2101.693359375	0.0	image/169	169	1076067	train2017/000000557886.jpg
2102.494140625	0.0	image/158	158	1076477	train2017/000000030148.jpg
2103.29296875	0.0	image/192	192	1076886	train2017/000000225054.jpg
2104.12109375	0.0	image/139	139	1077310	train2017/000000026702.jpg
2104.927734375	0.0	image/187	187	1077723	train2017/000000037779.jpg
2105.724609375	0.0	image/198	198	1078131	train2017/000000303436.jpg
2107.3125	0.0	image/163	163	1078944	train2017/000000032134.jpg
2108.095703125	0.0	image/180	180	1079345	train2017/000000297844.jpg
2108.888671875	0.0	image/126	126	1079751	train2017/000000547367.jpg
2109.712890625	0.0	image/167	167	1080173	train2017/000000032809.jpg
2110.490234375	0.0	image/231	231	1080571	train2017/000000270325.jpg
2111.275390625	0.0	image/157	157	1080973	train2017/000000030109.jpg
2112.041015625	0.0	image/196	196	1081365	train2017/000000574784.jpg
2112.845703125	0.0	image/147	147	1081777	train2017/000000289791.jpg
2113.625	0.0	image/145	145	1082176	train2017/000000027298.jpg
2114.44140625	0.0	image/150	150	1082594	train2017/000000552589.jpg
2116.046875	0.0	image/225	225	1083416	train2017/000000047172.jpg
2117.681640625	0.0	image/224	224	1084253	train2017/000000309192.jpg
2118.498046875	0.0	image/126	126	1084671	train2017/000000547367.jpg
2119.28125	0.0	image/178	178	1085072	train2017/000000355458.jpg
2120.091796875	0.0	image/170	170	1085487	train2017/000000033727.jpg
2121.71484375	0.0	image/131	131	1086318	train2017/000000549301.jpg
2122.5	0.0	image/216	216	1086720	train2017/000000225829.jpg
2123.33203125	0.0	image/223	223	1087146	train2017/000000309135.jpg
2124.111328125	0.0	image/195	195	1087545	train2017/000000040685.jpg
2124.912109375	0.0	image/184	184	1087955	train2017/000000006053.jpg
2125.701171875	0.0	image/240	240	1088359	train2017/000000575971.jpg
2126.484375	0.0	image/188	188	1088760	train2017/000000037823.jpg
2127.26171875	0.0	image/164	164	1089158	train2017/000000556542.jpg
2128.029296875	0.0	image/197	197	1089551	train2017/000000303392.jpg
2128.818359375	0.0	image/189	189	1089955	train2017/000000300881.jpg
2129.646484375	0.0	image/218	218	1090379	train2017/000000569196.jpg
2130.466796875	0.0	image/148	148	1090799	train2017/000000027665.jpg
2131.251953125	0.0	image/238	238	1091201	train2017/000000050624.jpg
2132.03125	0.0	image/135	135	1091600	train2017/000000288372.jpg
2132.796875	0.0	image/226	226	1091992	train2017/000000571499.jpg
2133.599609375	0.0	image/207	207	1092403	train2017/000000042578.jpg
2134.38671875	0.0	image/222	222	1092806	train2017/000000308950.jpg
2135.197265625	0.0	image/183	183	1093221	train2017/000000298395.jpg
2136.8203125	0.0	image/205	205	1094052	train2017/000000566341.jpg
2137.615234375	0.0	image/134	134	1094459	train2017/000000550396.jpg
2138.419921875	0.0	image/213	213	1094871	train2017/000000043815.jpg
2139.205078125	0.0	image/240	240	1095273	train2017/000000575971.jpg
2139.982421875	0.0	image/162	162	1095671	train2017/000000293372.jpg
2140.771484375	0.0	image/239	239	1096075	train2017/000000313480.jpg
2141.572265625	0.0	image/129	129	1096485	train2017/000000023392.jpg
2142.35546875	0.0	image/231	231	1096886	train2017/000000270325.jpg
2143.134765625	0.0	image/174	174	1097285	train2017/000000559145.jpg
2143.955078125	0.0	image/185	185	1097705	train2017/000000036589.jpg
2144.767578125	0.0	image/222	222	1098121	train2017/000000308950.jpg
2145.568359375	0.0	image/130	130	1098531	train2017/000000548593.jpg
2146.373046875	0.0	image/217	217	1098943	train2017/000000306988.jpg
2148.0078125	0.0	image/204	204	1099780	train2017/000000304187.jpg
2148.791015625	0.0	image/190	190	1100181	train2017/000000038801.jpg
2150.435546875	0.0	image/136	136	1101023	train2017/000000026388.jpg
2151.236328125	0.0	image/228	228	1101433	train2017/000000572215.jpg
2152.05859375	0.0	image/123	123	1101854	train2017/000000022256.jpg
2152.8359375	0.0	image/214	214	1102252	train2017/000000306031.jpg
2153.63671875	0.0	image/194	194	1102662	train2017/000000302588.jpg
2155.2265625	0.0	image/167	167	1103476	train2017/000000032809.jpg
2156.0390625	0.0	image/215	215	1103892	train2017/000000306249.jpg
2156.810546875	0.0	image/124	124	1104287	train2017/000000122964.jpg
2157.62109375	0.0	image/237	237	1104702	train2017/000000095809.jpg
2158.38671875	0.0	image/162	162	1105094	train2017/000000293372.jpg
2159.17578125	0.0	image/174	174	1105498	train2017/000000559145.jpg
2159.9609375	0.0	image/181	181	1105900	train2017/000000035927.jpg
2160.744140625	0.0	image/237	237	1106301	train2017/000000095809.jpg
2161.578125	0.0	image/221	221	1106728	train2017/000000575701.jpg
2162.376953125	0.0	image/233	233	1107137	train2017/000000532520.jpg
2163.15625	0.0	image/165	165	1107536	train2017/000000032275.jpg
2163.923828125	0.0	image/130	130	1107929	train2017/000000548593.jpg
2165.49609375	0.0	image/138	138	1108734	train2017/000000288751.jpg
2167.046875	0.0	image/173	173	1109528	train2017/000000559816.jpg
2168.646484375	0.0	image/186	186	1110347	train2017/000000037358.jpg
2169.462890625	0.0	image/210	210	1110765	train2017/000000305685.jpg
2170.263671875	0.0	image/128	128	1111175	train2017/000000547644.jpg
2171.080078125	0.0	image/220	220	1111593	train2017/000000569645.jpg
2178.353515625	0.0	image/277	277	1115317	train2017/000000009983.jpg
2179.1328125	0.0	image/273	273	1115716	train2017/000000059321.jpg
2179.931640625	0.0	image/339	339	1116125	train2017/000000072715.jpg
2180.75390625	0.0	image/280	280	1116546	train2017/000000322255.jpg
2181.587890625	0.0	image/304	304	1116973	train2017/000000066696.jpg
2182.4140625	0.0	image/279	279	1117396	train2017/000000322246.jpg
2183.18359375	0.0	image/270	270	1117790	train2017/000000058407.jpg
2183.98828125	0.0	image/325	325	1118202	train2017/000000002349.jpg
2184.81640625	0.0	image/323	323	1118626	train2017/000000332574.jpg
2185.638671875	0.0	image/254	254	1119047	train2017/000000317061.jpg
2186.43359375	0.0	image/355	355	1119454	train2017/000000338670.jpg
2187.216796875	0.0	image/242	242	1119855	train2017/000000051774.jpg
2188.822265625	0.0	image/269	269	1120677	train2017/000000320533.jpg
2190.40625	0.0	image/308	308	1121488	train2017/000000067623.jpg
2191.234375	0.0	image/343	343	1121912	train2017/000000335824.jpg
2192.7734375	0.0	image/306	306	1122700	train2017/000000281575.jpg
2193.607421875	0.0	image/267	267	1123127	train2017/000000057631.jpg
2195.2578125	0.0	image/253	253	1123972	train2017/000000054001.jpg
2196.052734375	0.0	image/336	336	1124379	train2017/000000334208.jpg
2196.859375	0.0	image/249	249	1124792	train2017/000000577817.jpg
2197.685546875	0.0	image/312	312	1125215	train2017/000000068238.jpg
2198.458984375	0.0	image/251	251	1125611	train2017/000000053778.jpg
2199.259765625	0.0	image/317	317	1126021	train2017/000000069625.jpg
2200.052734375	0.0	image/318	318	1126427	train2017/000000069705.jpg
2200.837890625	0.0	image/306	306	1126829	train2017/000000281575.jpg
2201.625	0.0	image/343	343	1127232	train2017/000000335824.jpg
2202.4609375	0.0	image/335	335	1127660	train2017/000000071927.jpg
2203.27734375	0.0	image/352	352	1128078	train2017/000000274776.jpg
2204.060546875	0.0	image/299	299	1128479	train2017/000000327191.jpg
2204.888671875	0.0	image/244	244	1128903	train2017/000000314379.jpg
2205.658203125	0.0	image/274	274	1129297	train2017/000000321902.jpg
2206.478515625	0.0	image/328	328	1129717	train2017/000000071429.jpg
2208.095703125	0.0	image/293	293	1130545	train2017/000000062547.jpg
2208.896484375	0.0	image/341	341	1130955	train2017/000000492851.jpg
2209.673828125	0.0	image/316	316	1131353	train2017/000000246728.jpg
2211.24609375	0.0	image/345	345	1132158	train2017/000000281567.jpg
2212.05859375	0.0	image/295	295	1132574	train2017/000000010743.jpg
2212.86328125	0.0	image/323	323	1132986	train2017/000000332574.jpg
2213.697265625	0.0	image/290	290	1133413	train2017/000000534553.jpg
2214.53125	0.0	image/328	328	1133840	train2017/000000071429.jpg
2215.341796875	0.0	image/327	327	1134255	train2017/000000333152.jpg
2216.1484375	0.0	image/268	268	1134668	train2017/000000057796.jpg
2216.94140625	0.0	image/269	269	1135074	train2017/000000320533.jpg
2217.759765625	0.0	image/319	319	1135493	train2017/000000332261.jpg
2218.564453125	0.0	image/243	243	1135905	train2017/000000560396.jpg
2219.349609375	0.0	image/247	247	1136307	train2017/000000576789.jpg
2220.14453125	0.0	image/321	321	1136714	train2017/000000332498.jpg
2220.966796875	0.0	image/293	293	1137135	train2017/000000062547.jpg
2221.794921875	0.0	image/252	252	1137559	train2017/000000578169.jpg
2222.583984375	0.0	image/344	344	1137963	train2017/000000073997.jpg
2223.39453125	0.0	image/314	314	1138378	train2017/000000055090.jpg
2224.162109375	0.0	image/329	329	1138771	train2017/000000333615.jpg
2224.9609375	0.0	image/255	255	1139180	train2017/000000055184.jpg
2226.59765625	0.0	image/296	296	1140018	train2017/000000064534.jpg
2227.412109375	0.0	image/331	331	1140435	train2017/000000333654.jpg
2228.212890625	0.0	image/291	291	1140845	train2017/000000490875.jpg
2228.978515625	0.0	image/290	290	1141237	train2017/000000534553.jpg
2229.78515625	0.0	image/340	340	1141650	train2017/000000335063.jpg
2230.5859375	0.0	image/358	358	1142060	train2017/000000077870.jpg
2231.3984375	0.0	image/278	278	1142476	train2017/000000009987.jpg
2232.99609375	0.0	image/272	272	1143294	train2017/000000359337.jpg
2233.8203125	0.0	image/322	322	1143716	train2017/000000070421.jpg
2234.6484375	0.0	image/266	266	1144140	train2017/000000056837.jpg
2235.419921875	0.0	image/275	275	1144535	train2017/000000403184.jpg
2236.236328125	0.0	image/300	300	1144953	train2017/000000065400.jpg
2237.048828125	0.0	image/260	260	1145369	train2017/000000055514.jpg
2237.853515625	0.0	image/246	246	1145781	train2017/000000576749.jpg
2238.6484375	0.0	image/358	358	1146188	train2017/000000077870.jpg
2239.4375	0.0	image/289	289	1146592	train2017/000000061559.jpg
2241.0390625	0.0	image/316	316	1147412	train2017/000000246728.jpg
2241.822265625	0.0	image/285	285	1147813	train2017/000000061174.jpg
2242.6171875	0.0	image/247	247	1148220	train2017/000000576789.jpg
2243.439453125	0.0	image/246	246	1148641	train2017/000000576749.jpg
2244.236328125	0.0	image/294	294	1149049	train2017/000000325710.jpg
2245.0234375	0.0	image/346	346	1149452	train2017/000000336374.jpg
2245.82421875	0.0	image/318	318	1149862	train2017/000000069705.jpg
2246.6171875	0.0	image/262	262	1150268	train2017/000000318381.jpg
2247.423828125	0.0	image/349	349	1150681	train2017/000000074714.jpg
2248.251953125	0.0	image/241	241	1151105	train2017/000000576011.jpg
2249.017578125	0.0	image/347	347	1151497	train2017/000000074390.jpg
2249.80859375	0.0	image/271	271	1151902	train2017/000000058465.jpg
2251.419921875	0.0	image/310	310	1152727	train2017/000000330086.jpg
2252.1875	0.0	image/341	341	1153120	train2017/000000492851.jpg
2253.7421875	0.0	image/281	281	1153916	train2017/000000323010.jpg
2254.57421875	0.0	image/326	326	1154342	train2017/000000332875.jpg
2255.404296875	0.0	image/260	260	1154767	train2017/000000055514.jpg
2256.1875	0.0	image/359	359	1155168	train2017/000000078000.jpg
2256.994140625	0.0	image/348	348	1155581	train2017/000000074461.jpg
2257.79296875	0.0	image/333	333	1155990	train2017/000000334011.jpg
2258.587890625	0.0	image/298	298	1156397	train2017/000000065029.jpg
2259.388671875	0.0	image/292	292	1156807	train2017/000000323970.jpg
2260.205078125	0.0	image/261	261	1157225	train2017/000000317781.jpg
2261.005859375	0.0	image/254	254	1157635	train2017/000000317061.jpg
2261.828125	0.0	image/245	245	1158056	train2017/000000052348.jpg
2262.623046875	0.0	image/250	250	1158463	train2017/000000577964.jpg
2263.40625	0.0	image/325	325	1158864	train2017/000000002349.jpg
2264.228515625	0.0	image/252	252	1159285	train2017/000000578169.jpg
2265.830078125	0.0	image/280	280	1160105	train2017/000000322255.jpg
2266.61328125	0.0	image/321	321	1160506	train2017/000000332498.jpg
2267.408203125	0.0	image/320	320	1160913	train2017/000000332448.jpg
2269.046875	0.0	image/265	265	1161752	train2017/000000580813.jpg
2269.86328125	0.0	image/324	324	1162170	train2017/000000332692.jpg
2270.681640625	0.0	image/351	351	1162589	train2017/000000337479.jpg
2271.458984375	0.0	image/242	242	1162987	train2017/000000051774.jpg
2272.265625	0.0	image/243	243	1163400	train2017/000000560396.jpg
2273.08203125	0.0	image/249	249	1163818	train2017/000000577817.jpg
2273.8984375	0.0	image/334	334	1164236	train2017/000000334048.jpg
2274.681640625	0.0	image/332	332	1164637	train2017/000000579906.jpg
2275.4765625	0.0	image/352	352	1165044	train2017/000000274776.jpg
2276.244140625	0.0	image/283	283	1165437	train2017/000000359687.jpg
2277.033203125	0.0	image/256	256	1165841	train2017/000000009199.jpg
2277.83203125	0.0	image/314	314	1166250	train2017/000000055090.jpg
2279.466796875	0.0	image/327	327	1167087	train2017/000000333152.jpg
2280.275390625	0.0	image/319	319	1167501	train2017/000000332261.jpg
2281.1015625	0.0	image/317	317	1167924	train2017/000000069625.jpg
2281.900390625	0.0	image/307	307	1168333	train2017/000000329641.jpg
2282.68359375	0.0	image/305	305	1168734	train2017/000000067347.jpg
2283.46875	0.0	image/287	287	1169136	train2017/000000061266.jpg
2284.251953125	0.0	image/353	353	1169537	train2017/000000338169.jpg
2285.052734375	0.0	image/342	342	1169947	train2017/000000335688.jpg
2285.869140625	0.0	image/285	285	1170365	train2017/000000061174.jpg
2286.669921875	0.0	image/288	288	1170775	train2017/000000061288.jpg
2288.28515625	0.0	image/257	257	1171602	train2017/000000055206.jpg
2289.115234375	0.0	image/334	334	1172027	train2017/000000334048.jpg
2289.919921875	0.0	image/315	315	1172439	train2017/000000068623.jpg
2290.732421875	0.0	image/355	355	1172855	train2017/000000338670.jpg
2291.5546875	0.0	image/274	274	1173276	train2017/000000321902.jpg
2292.349609375	0.0	image/278	278	1173683	train2017/000000009987.jpg
2293.115234375	0.0	image/291	291	1174075	train2017/000000490875.jpg
2293.9375	0.0	image/263	263	1174496	train2017/000000318444.jpg
2294.720703125	0.0	image/308	308	1174897	train2017/000000067623.jpg
2295.505859375	0.0	image/267	267	1175299	train2017/000000057631.jpg
2296.28515625	0.0	image/273	273	1175698	train2017/000000059321.jpg
2297.10546875	0.0	image/357	357	1176118	train2017/000000338987.jpg
2297.916015625	0.0	image/258	258	1176533	train2017/000000055294.jpg
2298.705078125	0.0	image/271	271	1176937	train2017/000000058465.jpg
2299.505859375	0.0	image/351	351	1177347	train2017/000000337479.jpg
2301.083984375	0.0	image/299	299	1178155	train2017/000000327191.jpg
2301.890625	0.0	image/354	354	1178568	train2017/000000076476.jpg
2302.701171875	0.0	image/357	357	1178983	train2017/000000338987.jpg
2303.5078125	0.0	image/349	349	1179396	train2017/000000074714.jpg
2304.30859375	0.0	image/248	248	1179806	train2017/000000455691.jpg
2305.103515625	0.0	image/350	350	1180213	train2017/000000074828.jpg
2305.873046875	0.0	image/259	259	1180607	train2017/000000055402.jpg
2306.67578125	0.0	image/264	264	1181018	train2017/000000001877.jpg
2307.474609375	0.0	image/282	282	1181427	train2017/000000053842.jpg
2308.30859375	0.0	image/276	276	1181854	train2017/000000322008.jpg
2309.12109375	0.0	image/295	295	1182270	train2017/000000010743.jpg
2309.943359375	0.0	image/305	305	1182691	train2017/000000067347.jpg
2310.771484375	0.0	image/340	340	1183115	train2017/000000335063.jpg
2311.59375	0.0	image/241	241	1183536	train2017/000000576011.jpg
2312.427734375	0.0	image/277	277	1183963	train2017/000000009983.jpg
2313.244140625	0.0	image/289	289	1184381	train2017/000000061559.jpg
2314.04296875	0.0	image/284	284	1184790	train2017/000000323182.jpg
2315.60546875	0.0	image/294	294	1185590	train2017/000000325710.jpg
2317.2109375	0.0	image/281	281	1186412	train2017/000000323010.jpg
2318.044921875	0.0	image/282	282	1186839	train2017/000000053842.jpg
2318.85546875	0.0	image/320	320	1187254	train2017/000000332448.jpg
2320.478515625	0.0	image/359	359	1188085	train2017/000000078000.jpg
2321.275390625	0.0	image/251	251	1188493	train2017/000000053778.jpg
2322.080078125	0.0	image/356	356	1188905	train2017/000000012795.jpg
2322.908203125	0.0	image/263	263	1189329	train2017/000000318444.jpg
2323.697265625	0.0	image/360	360	1189733	train2017/000000078042.jpg
2324.498046875	0.0	image/244	244	1190143	train2017/000000314379.jpg
2325.29296875	0.0	image/265	265	1190550	train2017/000000580813.jpg
2326.09765625	0.0	image/311	311	1190962	train2017/000000067961.jpg
2326.8984375	0.0	image/315	315	1191372	train2017/000000068623.jpg
2327.67578125	0.0	image/309	309	1191770	train2017/000000330084.jpg
2328.482421875	0.0	image/297	297	1192183	train2017/000000065012.jpg
2329.265625	0.0	image/301	301	1192584	train2017/000000066253.jpg
2330.08203125	0.0	image/322	322	1193002	train2017/000000070421.jpg
2330.8828125	0.0	image/353	353	1193412	train2017/000000338169.jpg
2331.693359375	0.0	image/268	268	1193827	train2017/000000057796.jpg
2332.515625	0.0	image/266	266	1194248	train2017/000000056837.jpg
2333.31640625	0.0	image/296	296	1194658	train2017/000000064534.jpg
2334.111328125	0.0	image/342	342	1195065	train2017/000000335688.jpg
2334.93359375	0.0	image/344	344	1195486	train2017/000000073997.jpg
2335.76171875	0.0	image/303	303	1195910	train2017/000000328628.jpg
2336.583984375	0.0	image/313	313	1196331	train2017/000000011373.jpg
2337.361328125	0.0	image/311	311	1196729	train2017/000000067961.jpg
2338.18359375	0.0	image/337	337	1197150	train2017/000000072095.jpg
2339.001953125	0.0	image/275	275	1197569	train2017/000000403184.jpg
2339.830078125	0.0	image/303	303	1197993	train2017/000000328628.jpg
2340.626953125	0.0	image/335	335	1198401	train2017/000000071927.jpg
2341.37890625	0.0	image/302	302	1198786	train2017/000000328454.jpg
2342.15234375	0.0	image/346	346	1199182	train2017/000000336374.jpg
2342.96484375	0.0	image/270	270	1199598	train2017/000000058407.jpg
2343.78515625	0.0	image/256	256	1200018	train2017/000000009199.jpg
2344.564453125	0.0	image/286	286	1200417	train2017/000000323397.jpg
2345.337890625	0.0	image/250	250	1200813	train2017/000000577964.jpg
2346.154296875	0.0	image/309	309	1201231	train2017/000000330084.jpg
2346.94921875	0.0	image/257	257	1201638	train2017/000000055206.jpg
2347.748046875	0.0	image/253	253	1202047	train2017/000000054001.jpg
2349.37109375	0.0	image/262	262	1202878	train2017/000000318381.jpg
2350.154296875	0.0	image/276	276	1203279	train2017/000000322008.jpg
2350.955078125	0.0	image/329	329	1203689	train2017/000000333615.jpg
2351.78515625	0.0	image/297	297	1204114	train2017/000000065012.jpg
2352.60546875	0.0	image/272	272	1204534	train2017/000000359337.jpg
2353.400390625	0.0	image/283	283	1204941	train2017/000000359687.jpg
2354.205078125	0.0	image/264	264	1205353	train2017/000000001877.jpg
2355.0	0.0	image/330	330	1205760	train2017/000000333629.jpg
2355.802734375	0.0	image/302	302	1206171	train2017/000000328454.jpg
2357.423828125	0.0	image/245	245	1207001	train2017/000000052348.jpg
2358.2578125	0.0	image/304	304	1207428	train2017/000000066696.jpg
2359.041015625	0.0	image/356	356	1207829	train2017/000000012795.jpg
2359.82421875	0.0	image/339	339	1208230	train2017/000000072715.jpg
2360.658203125	0.0	image/279	279	1208657	train2017/000000322246.jpg
2361.458984375	0.0	image/258	258	1209067	train2017/000000055294.jpg
2362.25390625	0.0	image/284	284	1209474	train2017/000000323182.jpg
2363.041015625	0.0	image/345	345	1209877	train2017/000000281567.jpg
2363.87109375	0.0	image/259	259	1210302	train2017/000000055402.jpg
2364.65625	0.0	image/347	347	1210704	train2017/000000074390.jpg
2365.42578125	0.0	image/287	287	1211098	train2017/000000061266.jpg
2366.208984375	0.0	image/286	286	1211499	train2017/000000323397.jpg
2366.98828125	0.0	image/338	338	1211898	train2017/000000334772.jpg
2367.79296875	0.0	image/312	312	1212310	train2017/000000068238.jpg
2368.59375	0.0	image/292	292	1212720	train2017/000000323970.jpg
2369.373046875	0.0	image/301	301	1213119	train2017/000000066253.jpg
2370.171875	0.0	image/313	313	1213528	train2017/000000011373.jpg
2370.97265625	0.0	image/255	255	1213938	train2017/000000055184.jpg
2371.78515625	0.0	image/336	336	1214354	train2017/000000334208.jpg
2372.5859375	0.0	image/332	332	1214764	train2017/000000579906.jpg
2373.408203125	0.0	image/338	338	1215185	train2017/000000334772.jpg
2374.212890625	0.0	image/298	298	1215597	train2017/000000065029.jpg
2375.029296875	0.0	image/324	324	1216015	train2017/000000332692.jpg
2375.857421875	0.0	image/354	354	1216439	train2017/000000076476.jpg
2377.4296875	0.0	image/331	331	1217244	train2017/000000333654.jpg
2378.2578125	0.0	image/300	300	1217668	train2017/000000065400.jpg
2379.0625	0.0	image/310	310	1218080	train2017/000000330086.jpg
2379.888671875	0.0	image/248	248	1218503	train2017/000000455691.jpg
2380.658203125	0.0	image/333	333	1218897	train2017/000000334011.jpg
2382.23046875	0.0	image/350	350	1219702	train2017/000000074828.jpg
2383.009765625	0.0	image/261	261	1220101	train2017/000000317781.jpg
2383.83203125	0.0	image/330	330	1220522	train2017/000000333629.jpg
2384.609375	0.0	image/326	326	1220920	train2017/000000332875.jpg
2385.41015625	0.0	image/348	348	1221330	train2017/000000074461.jpg
2386.966796875	0.0	image/307	307	1222127	train2017/000000329641.jpg
2387.783203125	0.0	image/337	337	1222545	train2017/000000072095.jpg
2388.560546875	0.0	image/360	360	1222943	train2017/000000078042.jpg
2389.34375	0.0	image/288	288	1223344	train2017/000000061288.jpg
2397.177734375	0.0	image/404	404	1227355	train2017/000000352129.jpg
2397.9609375	0.0	image/470	470	1227756	train2017/000000110611.jpg
2398.775390625	0.0	image/421	421	1228173	train2017/000000354761.jpg
2399.58984375	0.0	image/387	387	1228590	train2017/000000083738.jpg
2400.412109375	0.0	image/428	428	1229011	train2017/000000095176.jpg
2401.205078125	0.0	image/421	421	1229417	train2017/000000354761.jpg
2402.029296875	0.0	image/412	412	1229839	train2017/000000408492.jpg
2402.83984375	0.0	image/405	405	1230254	train2017/000000189765.jpg
2403.662109375	0.0	image/468	468	1230675	train2017/000000542304.jpg
2404.490234375	0.0	image/445	445	1231099	train2017/000000362677.jpg
2405.296875	0.0	image/442	442	1231512	train2017/000000361648.jpg
2406.080078125	0.0	image/465	465	1231913	train2017/000000369253.jpg
2406.908203125	0.0	image/475	475	1232337	train2017/000000373970.jpg
2407.73046875	0.0	image/361	361	1232758	train2017/000000340317.jpg
2408.509765625	0.0	image/423	423	1233157	train2017/000000355622.jpg
2409.330078125	0.0	image/389	389	1233577	train2017/000000346583.jpg
2410.16015625	0.0	image/465	465	1234002	train2017/000000369253.jpg
2410.982421875	0.0	image/438	438	1234423	train2017/000000147547.jpg
2411.765625	0.0	image/399	399	1234824	train2017/000000320508.jpg
2412.59375	0.0	image/408	408	1235248	train2017/000000352861.jpg
2413.41015625	0.0	image/386	386	1235666	train2017/000000083632.jpg
2414.208984375	0.0	image/419	419	1236075	train2017/000000092288.jpg
2415.015625	0.0	image/389	389	1236488	train2017/000000346583.jpg
2415.849609375	0.0	image/435	435	1236915	train2017/000000097218.jpg
2417.416015625	0.0	image/383	383	1237717	train2017/000000083393.jpg
2418.19921875	0.0	image/388	388	1238118	train2017/000000084174.jpg
2419.81640625	0.0	image/480	480	1238946	train2017/000000376407.jpg
2420.6015625	0.0	image/371	371	1239348	train2017/000000081365.jpg
2421.39453125	0.0	image/464	464	1239754	train2017/000000369230.jpg
2422.1640625	0.0	image/419	419	1240148	train2017/000000092288.jpg
2422.935546875	0.0	image/478	478	1240543	train2017/000000114035.jpg
2424.501953125	0.0	image/460	460	1241345	train2017/000000367552.jpg
2425.3359375	0.0	image/452	452	1241772	train2017/000000365218.jpg
2426.119140625	0.0	image/381	381	1242173	train2017/000000082770.jpg
2426.931640625	0.0	image/392	392	1242589	train2017/000000348204.jpg
2427.751953125	0.0	image/386	386	1243009	train2017/000000083632.jpg
2428.546875	0.0	image/454	454	1243416	train2017/000000366146.jpg
2429.3515625	0.0	image/449	449	1243828	train2017/000000101952.jpg
2430.154296875	0.0	image/437	437	1244239	train2017/000000060117.jpg
2431.8046875	0.0	image/370	370	1245084	train2017/000000081105.jpg
2432.63671875	0.0	image/454	454	1245510	train2017/000000366146.jpg
2434.25390625	0.0	image/460	460	1246338	train2017/000000367552.jpg
2435.087890625	0.0	image/459	459	1246765	train2017/000000366802.jpg
2436.671875	0.0	image/403	403	1247576	train2017/000000089908.jpg
2438.240234375	0.0	image/471	471	1248379	train2017/000000372775.jpg
2439.025390625	0.0	image/474	474	1248781	train2017/000000373679.jpg
2440.623046875	0.0	image/424	424	1249599	train2017/000000277778.jpg
2441.400390625	0.0	image/463	463	1249997	train2017/000000369171.jpg
2442.990234375	0.0	image/420	420	1250811	train2017/000000092353.jpg
2443.7734375	0.0	image/468	468	1251212	train2017/000000542304.jpg
2444.552734375	0.0	image/395	395	1251611	train2017/000000087146.jpg
2445.357421875	0.0	image/396	396	1252023	train2017/000000349363.jpg
2446.169921875	0.0	image/364	364	1252439	train2017/000000275335.jpg
2446.970703125	0.0	image/453	453	1252849	train2017/000000103366.jpg
2447.775390625	0.0	image/362	362	1253261	train2017/000000340734.jpg
2448.5703125	0.0	image/472	472	1253668	train2017/000000110780.jpg
2449.337890625	0.0	image/366	366	1254061	train2017/000000080275.jpg
2450.9765625	0.0	image/399	399	1254900	train2017/000000320508.jpg
2452.576171875	0.0	image/450	450	1255719	train2017/000000570785.jpg
2453.404296875	0.0	image/396	396	1256143	train2017/000000349363.jpg
2454.193359375	0.0	image/440	440	1256547	train2017/000000361197.jpg
2455.0234375	0.0	image/391	391	1256972	train2017/000000346795.jpg
2455.7890625	0.0	image/455	455	1257364	train2017/000000104044.jpg
2456.57421875	0.0	image/447	447	1257766	train2017/000000100863.jpg
2457.412109375	0.0	image/451	451	1258195	train2017/000000365003.jpg
2458.224609375	0.0	image/378	378	1258611	train2017/000000319517.jpg
2458.99609375	0.0	image/414	414	1259006	train2017/000000091784.jpg
2459.779296875	0.0	image/427	427	1259407	train2017/000000357228.jpg
2460.580078125	0.0	image/424	424	1259817	train2017/000000277778.jpg
2461.396484375	0.0	image/439	439	1260235	train2017/000000361193.jpg
2462.224609375	0.0	image/426	426	1260659	train2017/000000357074.jpg
2463.029296875	0.0	image/413	413	1261071	train2017/000000364806.jpg
2463.830078125	0.0	image/477	477	1261481	train2017/000000113593.jpg
2464.6640625	0.0	image/445	445	1261908	train2017/000000362677.jpg
2465.447265625	0.0	image/469	469	1262309	train2017/000000370369.jpg
2466.259765625	0.0	image/457	457	1262725	train2017/000000366396.jpg
2467.044921875	0.0	image/417	417	1263127	train2017/000000092001.jpg
2467.814453125	0.0	image/402	402	1263521	train2017/000000088835.jpg
2468.59765625	0.0	image/472	472	1263922	train2017/000000110780.jpg
2469.42578125	0.0	image/441	441	1264346	train2017/000000099363.jpg
2470.232421875	0.0	image/403	403	1264759	train2017/000000089908.jpg
2471.02734375	0.0	image/469	469	1265166	train2017/000000370369.jpg
2471.83203125	0.0	image/433	433	1265578	train2017/000000359085.jpg
2472.6171875	0.0	image/409	409	1265980	train2017/000000090827.jpg
2473.41015625	0.0	image/374	374	1266386	train2017/000000046372.jpg
2475.033203125	0.0	image/384	384	1267217	train2017/000000345725.jpg
2475.833984375	0.0	image/365	365	1267627	train2017/000000080084.jpg
2476.650390625	0.0	image/439	439	1268045	train2017/000000361193.jpg
2477.451171875	0.0	image/367	367	1268455	train2017/000000080619.jpg
2478.251953125	0.0	image/363	363	1268865	train2017/000000079111.jpg
2479.05078125	0.0	image/467	467	1269274	train2017/000000017935.jpg
2479.86328125	0.0	image/366	366	1269690	train2017/000000080275.jpg
2480.685546875	0.0	image/471	471	1270111	train2017/000000372775.jpg
2481.513671875	0.0	image/362	362	1270535	train2017/000000340734.jpg
2482.3359375	0.0	image/414	414	1270956	train2017/000000091784.jpg
2483.130859375	0.0	image/461	461	1271363	train2017/000000106107.jpg
2483.953125	0.0	image/456	456	1271784	train2017/000000104081.jpg
2484.75390625	0.0	image/394	394	1272194	train2017/000000087126.jpg
2485.5703125	0.0	image/432	432	1272612	train2017/000000096161.jpg
2486.353515625	0.0	image/436	436	1273013	train2017/000000098480.jpg
2487.181640625	0.0	image/442	442	1273437	train2017/000000361648.jpg
2487.982421875	0.0	image/477	477	1273847	train2017/000000113593.jpg
2488.787109375	0.0	image/441	441	1274259	train2017/000000099363.jpg
2489.599609375	0.0	image/404	404	1274675	train2017/000000352129.jpg
2490.384765625	0.0	image/426	426	1275077	train2017/000000357074.jpg
2491.189453125	0.0	image/394	394	1275489	train2017/000000087126.jpg
2492.0	0.0	image/369	369	1275904	train2017/000000080987.jpg
2492.806640625	0.0	image/378	378	1276317	train2017/000000319517.jpg
2493.60546875	0.0	image/428	428	1276726	train2017/000000095176.jpg
2494.435546875	0.0	image/422	422	1277151	train2017/000000059194.jpg
2496.07421875	0.0	image/451	451	1277990	train2017/000000365003.jpg
2496.853515625	0.0	image/476	476	1278389	train2017/000000112734.jpg
2497.669921875	0.0	image/367	367	1278807	train2017/000000080619.jpg
2498.474609375	0.0	image/459	459	1279219	train2017/000000366802.jpg
2499.306640625	0.0	image/388	388	1279645	train2017/000000084174.jpg
2500.125	0.0	image/361	361	1280064	train2017/000000340317.jpg
2500.908203125	0.0	image/458	458	1280465	train2017/000000104502.jpg
2501.69140625	0.0	image/416	416	1280866	train2017/000000354095.jpg
2502.501953125	0.0	image/444	444	1281281	train2017/000000100396.jpg
2503.275390625	0.0	image/430	430	1281677	train2017/000000357865.jpg
2504.091796875	0.0	image/372	372	1282095	train2017/000000081474.jpg
2504.892578125	0.0	image/470	470	1282505	train2017/000000110611.jpg
2505.693359375	0.0	image/418	418	1282915	train2017/000000092221.jpg
2506.494140625	0.0	image/450	450	1283325	train2017/000000570785.jpg
2507.29296875	0.0	image/381	381	1283734	train2017/000000082770.jpg
2508.10546875	0.0	image/405	405	1284150	train2017/000000189765.jpg
2508.876953125	0.0	image/420	420	1284545	train2017/000000092353.jpg
2509.693359375	0.0	image/458	458	1284963	train2017/000000104502.jpg
2511.310546875	0.0	image/422	422	1285791	train2017/000000059194.jpg
2512.12890625	0.0	image/476	476	1286210	train2017/000000112734.jpg
2512.923828125	0.0	image/368	368	1286617	train2017/000000008471.jpg
2513.76171875	0.0	image/395	395	1287046	train2017/000000087146.jpg
2514.5390625	0.0	image/402	402	1287444	train2017/000000088835.jpg
2515.322265625	0.0	image/382	382	1287845	train2017/000000345149.jpg
2516.12890625	0.0	image/462	462	1288258	train2017/000000368852.jpg
2516.958984375	0.0	image/453	453	1288683	train2017/000000103366.jpg
2517.779296875	0.0	image/434	434	1289103	train2017/000000097201.jpg
2518.59765625	0.0	image/401	401	1289522	train2017/000000088414.jpg
2519.408203125	0.0	image/410	410	1289937	train2017/000000090994.jpg
2520.224609375	0.0	image/440	440	1290355	train2017/000000361197.jpg
2521.04296875	0.0	image/411	411	1290774	train2017/000000091005.jpg
2521.859375	0.0	image/479	479	1291192	train2017/000000114077.jpg
2522.681640625	0.0	image/474	474	1291613	train2017/000000373679.jpg
2523.47265625	0.0	image/475	475	1292018	train2017/000000373970.jpg
2524.29296875	0.0	image/382	382	1292438	train2017/000000345149.jpg
2525.099609375	0.0	image/373	373	1292851	train2017/000000081841.jpg
2525.91015625	0.0	image/444	444	1293266	train2017/000000100396.jpg
2526.677734375	0.0	image/368	368	1293659	train2017/000000008471.jpg
2528.310546875	0.0	image/401	401	1294495	train2017/000000088414.jpg
2529.11328125	0.0	image/379	379	1294906	train2017/000000569678.jpg
2529.927734375	0.0	image/408	408	1295323	train2017/000000352861.jpg
2530.6953125	0.0	image/431	431	1295716	train2017/000000095828.jpg
2532.28515625	0.0	image/415	415	1296530	train2017/000000354045.jpg
2533.068359375	0.0	image/436	436	1296931	train2017/000000098480.jpg
2534.701171875	0.0	image/390	390	1297767	train2017/000000346754.jpg
2535.51171875	0.0	image/373	373	1298182	train2017/000000081841.jpg
2536.318359375	0.0	image/385	385	1298595	train2017/000000345751.jpg
2537.119140625	0.0	image/437	437	1299005	train2017/000000060117.jpg
2537.951171875	0.0	image/430	430	1299431	train2017/000000357865.jpg
2538.78125	0.0	image/406	406	1299856	train2017/000000352236.jpg
2539.544921875	0.0	image/369	369	1300247	train2017/000000080987.jpg
2540.314453125	0.0	image/379	379	1300641	train2017/000000569678.jpg
2541.845703125	0.0	image/380	380	1301425	train2017/000000082650.jpg
2542.62109375	0.0	image/463	463	1301822	train2017/000000369171.jpg
2543.416015625	0.0	image/423	423	1302229	train2017/000000355622.jpg
2544.21484375	0.0	image/393	393	1302638	train2017/000000086811.jpg
2545.005859375	0.0	image/398	398	1303043	train2017/000000087871.jpg
2545.779296875	0.0	image/407	407	1303439	train2017/000000352724.jpg
2546.58203125	0.0	image/457	457	1303850	train2017/000000366396.jpg
2547.388671875	0.0	image/412	412	1304263	train2017/000000408492.jpg
2548.171875	0.0	image/449	449	1304664	train2017/000000101952.jpg
2548.984375	0.0	image/416	416	1305080	train2017/000000354095.jpg
2549.7890625	0.0	image/380	380	1305492	train2017/000000082650.jpg
2550.583984375	0.0	image/374	374	1305899	train2017/000000046372.jpg
2552.15625	0.0	image/400	400	1306704	train2017/000000350299.jpg
2552.984375	0.0	image/365	365	1307128	train2017/000000080084.jpg
2553.76953125	0.0	image/466	466	1307530	train2017/000000107204.jpg
2555.357421875	0.0	image/425	425	1308343	train2017/000000356771.jpg
2556.189453125	0.0	image/406	406	1308769	train2017/000000352236.jpg
2557.0078125	0.0	image/455	455	1309188	train2017/000000104044.jpg
2557.8203125	0.0	image/376	376	1309604	train2017/000000081995.jpg
2558.609375	0.0	image/390	390	1310008	train2017/000000346754.jpg
2559.419921875	0.0	image/397	397	1310423	train2017/000000087334.jpg
2560.203125	0.0	image/461	461	1310824	train2017/000000106107.jpg
2561.009765625	0.0	image/363	363	1311237	train2017/000000079111.jpg
2561.79296875	0.0	image/376	376	1311638	train2017/000000081995.jpg
2562.5703125	0.0	image/448	448	1312036	train2017/000000101069.jpg
2563.353515625	0.0	image/473	473	1312437	train2017/000000372959.jpg
2564.14453125	0.0	image/443	443	1312842	train2017/000000099580.jpg
2564.970703125	0.0	image/392	392	1313265	train2017/000000348204.jpg
2565.73828125	0.0	image/427	427	1313658	train2017/000000357228.jpg
2566.544921875	0.0	image/435	435	1314071	train2017/000000097218.jpg
2567.345703125	0.0	image/407	407	1314481	train2017/000000352724.jpg
2568.16015625	0.0	image/370	370	1314898	train2017/000000081105.jpg
2568.978515625	0.0	image/393	393	1315317	train2017/000000086811.jpg
2569.7734375	0.0	image/480	480	1315724	train2017/000000376407.jpg
2570.544921875	0.0	image/387	387	1316119	train2017/000000083738.jpg
2571.37890625	0.0	image/383	383	1316546	train2017/000000083393.jpg
2572.923828125	0.0	image/443	443	1317337	train2017/000000099580.jpg
2573.712890625	0.0	image/434	434	1317741	train2017/000000097201.jpg
2574.541015625	0.0	image/462	462	1318165	train2017/000000368852.jpg
2575.36328125	0.0	image/371	371	1318586	train2017/000000081365.jpg
2576.19140625	0.0	image/452	452	1319010	train2017/000000365218.jpg
2576.96484375	0.0	image/473	473	1319406	train2017/000000372959.jpg
2577.7421875	0.0	image/479	479	1319804	train2017/000000114077.jpg
2578.548828125	0.0	image/478	478	1320217	train2017/000000114035.jpg
2579.376953125	0.0	image/448	448	1320641	train2017/000000101069.jpg
2580.166015625	0.0	image/377	377	1321045	train2017/000000450584.jpg
2580.94921875	0.0	image/413	413	1321446	train2017/000000364806.jpg
2581.76171875	0.0	image/446	446	1321862	train2017/000000100599.jpg
2582.548828125	0.0	image/364	364	1322265	train2017/000000275335.jpg
2583.37890625	0.0	image/411	411	1322690	train2017/000000091005.jpg
2584.14453125	0.0	image/377	377	1323082	train2017/000000450584.jpg
2584.94921875	0.0	image/433	433	1323494	train2017/000000359085.jpg
2585.76171875	0.0	image/398	398	1323910	train2017/000000087871.jpg
2586.5625	0.0	image/415	415	1324320	train2017/000000354045.jpg
2587.333984375	0.0	image/372	372	1324715	train2017/000000081474.jpg
2588.1171875	0.0	image/438	438	1325116	train2017/000000147547.jpg
2588.900390625	0.0	image/409	409	1325517	train2017/000000090827.jpg
2589.71875	0.0	image/385	385	1325936	train2017/000000345751.jpg
2590.529296875	0.0	image/464	464	1326351	train2017/000000369230.jpg
2592.1015625	0.0	image/432	432	1327156	train2017/000000096161.jpg
2592.931640625	0.0	image/431	431	1327581	train2017/000000095828.jpg
2593.734375	0.0	image/456	456	1327992	train2017/000000104081.jpg
2594.548828125	0.0	image/447	447	1328409	train2017/000000100863.jpg
2596.1640625	0.0	image/418	418	1329236	train2017/000000092221.jpg
2596.9375	0.0	image/446	446	1329632	train2017/000000100599.jpg
2597.73828125	0.0	image/467	467	1330042	train2017/000000017935.jpg
2599.35546875	0.0	image/466	466	1330870	train2017/000000107204.jpg
2600.150390625	0.0	image/429	429	1331277	train2017/000000095337.jpg
2600.970703125	0.0	image/410	410	1331697	train2017/000000090994.jpg
2601.80078125	0.0	image/391	391	1332122	train2017/000000346795.jpg
2602.587890625	0.0	image/384	384	1332525	train2017/000000345725.jpg
2603.400390625	0.0	image/397	397	1332941	train2017/000000087334.jpg
2604.16796875	0.0	image/417	417	1333334	train2017/000000092001.jpg
2604.951171875	0.0	image/375	375	1333735	train2017/000000081961.jpg
2605.767578125	0.0	image/429	429	1334153	train2017/000000095337.jpg
2606.556640625	0.0	image/375	375	1334557	train2017/000000081961.jpg
2607.357421875	0.0	image/400	400	1334967	train2017/000000350299.jpg
2608.15625	0.0	image/425	425	1335376	train2017/000000356771.jpg
2615.880859375	0.0	image/579	579	1339331	train2017/000000139815.jpg
2616.708984375	0.0	image/599	599	1339755	train2017/000000388853.jpg
2618.298828125	0.0	image/554	554	1340569	train2017/000000135032.jpg
2619.09375	0.0	image/538	538	1340976	train2017/000000130973.jpg
2619.892578125	0.0	image/493	493	1341385	train2017/000000379713.jpg
2620.662109375	0.0	image/580	580	1341779	train2017/000000402057.jpg
2621.431640625	0.0	image/495	495	1342173	train2017/000000380729.jpg
2622.216796875	0.0	image/598	598	1342575	train2017/000000405437.jpg
2622.994140625	0.0	image/528	528	1342973	train2017/000000239828.jpg
2623.81640625	0.0	image/492	492	1343394	train2017/000000150636.jpg
2624.626953125	0.0	image/488	488	1343809	train2017/000000115649.jpg
2625.412109375	0.0	image/596	596	1344211	train2017/000000405215.jpg
2626.1796875	0.0	image/515	515	1344604	train2017/000000123692.jpg
2626.984375	0.0	image/564	564	1345016	train2017/000000399162.jpg
2628.6015625	0.0	image/514	514	1345844	train2017/000000282707.jpg
2629.384765625	0.0	image/557	557	1346245	train2017/000000022627.jpg
2630.986328125	0.0	image/504	504	1347065	train2017/000000382951.jpg
2631.814453125	0.0	image/544	544	1347489	train2017/000000394008.jpg
2632.61328125	0.0	image/489	489	1347898	train2017/000000115967.jpg
2633.380859375	0.0	image/541	541	1348291	train2017/000000131524.jpg
2634.15234375	0.0	image/523	523	1348686	train2017/000000125703.jpg
2634.953125	0.0	image/540	540	1349096	train2017/000000021826.jpg
2635.736328125	0.0	image/513	513	1349497	train2017/000000282631.jpg
2636.51953125	0.0	image/499	499	1349898	train2017/000000575164.jpg
2637.3046875	0.0	image/508	508	1350300	train2017/000000413472.jpg
2638.115234375	0.0	image/504	504	1350715	train2017/000000382951.jpg
2638.9375	0.0	image/530	530	1351136	train2017/000000391678.jpg
2639.734375	0.0	image/516	516	1351544	train2017/000000385864.jpg
2640.533203125	0.0	image/569	569	1351953	train2017/000000138153.jpg
2641.337890625	0.0	image/528	528	1352365	train2017/000000239828.jpg
2642.1328125	0.0	image/497	497	1352772	train2017/000000282032.jpg
2642.91796875	0.0	image/562	562	1353174	train2017/000000022696.jpg
2644.47265625	0.0	image/546	546	1353970	train2017/000000133281.jpg
2645.28515625	0.0	image/593	593	1354386	train2017/000000196777.jpg
2646.056640625	0.0	image/573	573	1354781	train2017/000000138904.jpg
2646.890625	0.0	image/570	570	1355208	train2017/000000400581.jpg
2647.71875	0.0	image/534	534	1355632	train2017/000000130681.jpg
2649.30859375	0.0	image/524	524	1356446	train2017/000000125725.jpg
2650.140625	0.0	image/588	588	1356872	train2017/000000403739.jpg
2650.923828125	0.0	image/516	516	1357273	train2017/000000385864.jpg
2651.751953125	0.0	image/572	572	1357697	train2017/000000138785.jpg
2652.55859375	0.0	image/580	580	1358110	train2017/000000402057.jpg
2654.12109375	0.0	image/482	482	1358910	train2017/000000376643.jpg
2654.958984375	0.0	image/527	527	1359339	train2017/000000390120.jpg
2655.787109375	0.0	image/510	510	1359763	train2017/000000544738.jpg
2656.609375	0.0	image/508	508	1360184	train2017/000000413472.jpg
2657.41015625	0.0	image/526	526	1360594	train2017/000000389582.jpg
2658.189453125	0.0	image/487	487	1360993	train2017/000000115637.jpg
2658.986328125	0.0	image/556	556	1361401	train2017/000000135316.jpg
2660.59375	0.0	image/593	593	1362224	train2017/000000196777.jpg
2661.376953125	0.0	image/599	599	1362625	train2017/000000388853.jpg
2662.189453125	0.0	image/493	493	1363041	train2017/000000379713.jpg
2662.990234375	0.0	image/523	523	1363451	train2017/000000125703.jpg
2663.794921875	0.0	image/600	600	1363863	train2017/000000143420.jpg
2664.623046875	0.0	image/484	484	1364287	train2017/000000114822.jpg
2665.390625	0.0	image/546	546	1364680	train2017/000000133281.jpg
2666.978515625	0.0	image/559	559	1365493	train2017/000000135965.jpg
2667.79296875	0.0	image/577	577	1365910	train2017/000000139561.jpg
2668.580078125	0.0	image/536	536	1366313	train2017/000000196584.jpg
2669.375	0.0	image/573	573	1366720	train2017/000000138904.jpg
2670.197265625	0.0	image/551	551	1367141	train2017/000000134169.jpg
2671.025390625	0.0	image/536	536	1367565	train2017/000000196584.jpg
2671.80859375	0.0	image/563	563	1367966	train2017/000000398540.jpg
2672.615234375	0.0	image/578	578	1368379	train2017/000000401720.jpg
2674.19921875	0.0	image/487	487	1369190	train2017/000000115637.jpg
2674.998046875	0.0	image/575	575	1369599	train2017/000000139551.jpg
2675.810546875	0.0	image/497	497	1370015	train2017/000000282032.jpg
2677.3984375	0.0	image/510	510	1370828	train2017/000000544738.jpg
2678.193359375	0.0	image/500	500	1371235	train2017/000000381961.jpg
2678.998046875	0.0	image/558	558	1371647	train2017/000000398083.jpg
2679.783203125	0.0	image/496	496	1372049	train2017/000000380989.jpg
2680.56640625	0.0	image/520	520	1372450	train2017/000000125042.jpg
2681.361328125	0.0	image/494	494	1372857	train2017/000000380227.jpg
2682.16796875	0.0	image/581	581	1373270	train2017/000000402199.jpg
2682.966796875	0.0	image/583	583	1373679	train2017/000000198195.jpg
2683.80078125	0.0	image/502	502	1374106	train2017/000000120655.jpg
2684.61328125	0.0	image/595	595	1374522	train2017/000000142803.jpg
2685.396484375	0.0	image/552	552	1374923	train2017/000000396550.jpg
2686.162109375	0.0	image/519	519	1375315	train2017/000000124747.jpg
2686.96875	0.0	image/576	576	1375728	train2017/000000401699.jpg
2687.74609375	0.0	image/537	537	1376126	train2017/000000371353.jpg
2688.51953125	0.0	image/594	594	1376522	train2017/000000404823.jpg
2689.302734375	0.0	image/561	561	1376923	train2017/000000136142.jpg
2690.13671875	0.0	image/530	530	1377350	train2017/000000391678.jpg
2690.96875	0.0	image/581	581	1377776	train2017/000000402199.jpg
2691.75390625	0.0	image/553	553	1378178	train2017/000000134562.jpg
2693.365234375	0.0	image/597	597	1379003	train2017/000000143245.jpg
2694.1875	0.0	image/507	507	1379424	train2017/000000383652.jpg
2695.021484375	0.0	image/492	492	1379851	train2017/000000150636.jpg
2695.85546875	0.0	image/490	490	1380278	train2017/000000116588.jpg
2697.439453125	0.0	image/481	481	1381089	train2017/000000114274.jpg
2699.0390625	0.0	image/572	572	1381908	train2017/000000138785.jpg
2699.8671875	0.0	image/538	538	1382332	train2017/000000130973.jpg
2700.650390625	0.0	image/577	577	1382733	train2017/000000139561.jpg
2701.41796875	0.0	image/520	520	1383126	train2017/000000125042.jpg
2702.240234375	0.0	image/575	575	1383547	train2017/000000139551.jpg
2703.017578125	0.0	image/565	565	1383945	train2017/000000197656.jpg
2703.8203125	0.0	image/590	590	1384356	train2017/000000404007.jpg
2704.634765625	0.0	image/525	525	1384773	train2017/000000388980.jpg
2705.44140625	0.0	image/552	552	1385186	train2017/000000396550.jpg
2706.220703125	0.0	image/549	549	1385585	train2017/000000197068.jpg
2707.041015625	0.0	image/500	500	1386005	train2017/000000381961.jpg
2707.869140625	0.0	image/529	529	1386429	train2017/000000129060.jpg
2708.67578125	0.0	image/517	517	1386842	train2017/000000123891.jpg
2709.4765625	0.0	image/533	533	1387252	train2017/000000392556.jpg
2710.2578125	0.0	image/569	569	1387652	train2017/000000138153.jpg
2711.076171875	0.0	image/562	562	1388071	train2017/000000022696.jpg
2711.908203125	0.0	image/566	566	1388497	train2017/000000399835.jpg
2713.505859375	0.0	image/589	589	1389315	train2017/000000403789.jpg
2714.328125	0.0	image/578	578	1389736	train2017/000000401720.jpg
2715.111328125	0.0	image/560	560	1390137	train2017/000000136111.jpg
2715.888671875	0.0	image/505	505	1390535	train2017/000000120987.jpg
2717.4453125	0.0	image/548	548	1391332	train2017/000000395775.jpg
2718.244140625	0.0	image/567	567	1391741	train2017/000000137706.jpg
2719.060546875	0.0	image/526	526	1392159	train2017/000000389582.jpg
2720.662109375	0.0	image/503	503	1392979	train2017/000000382890.jpg
2721.4453125	0.0	image/509	509	1393380	train2017/000000384235.jpg
2722.279296875	0.0	image/522	522	1393807	train2017/000000125586.jpg
2723.056640625	0.0	image/502	502	1394205	train2017/000000120655.jpg
2723.83984375	0.0	image/582	582	1394606	train2017/000000140590.jpg
2724.646484375	0.0	image/514	514	1395019	train2017/000000282707.jpg
2725.46484375	0.0	image/584	584	1395438	train2017/000000285588.jpg
2726.2421875	0.0	image/547	547	1395836	train2017/000000395758.jpg
2727.841796875	0.0	image/491	491	1396655	train2017/000000116603.jpg
2728.626953125	0.0	image/518	518	1397057	train2017/000000124711.jpg
2729.392578125	0.0	image/574	574	1397449	train2017/000000139344.jpg
2730.21484375	0.0	image/545	545	1397870	train2017/000000131967.jpg
2731.04296875	0.0	image/576	576	1398294	train2017/000000401699.jpg
2731.83203125	0.0	image/531	531	1398698	train2017/000000391754.jpg
2732.666015625	0.0	image/574	574	1399125	train2017/000000139344.jpg
2733.482421875	0.0	image/483	483	1399543	train2017/000000376858.jpg
2734.298828125	0.0	image/486	486	1399961	train2017/000000377703.jpg
2735.8828125	0.0	image/566	566	1400772	train2017/000000399835.jpg
2736.6953125	0.0	image/590	590	1401188	train2017/000000404007.jpg
2737.462890625	0.0	image/550	550	1401581	train2017/000000066014.jpg
2738.251953125	0.0	image/531	531	1401985	train2017/000000391754.jpg
2739.0625	0.0	image/511	511	1402400	train2017/000000122776.jpg
2739.845703125	0.0	image/513	513	1402801	train2017/000000282631.jpg
2740.66796875	0.0	image/535	535	1403222	train2017/000000392851.jpg
2741.46875	0.0	image/532	532	1403632	train2017/000000130181.jpg
2742.26953125	0.0	image/564	564	1404042	train2017/000000399162.jpg
2743.095703125	0.0	image/560	560	1404465	train2017/000000136111.jpg
2743.869140625	0.0	image/512	512	1404861	train2017/000000122811.jpg
2744.6484375	0.0	image/584	584	1405260	train2017/000000285588.jpg
2745.4375	0.0	image/506	506	1405664	train2017/000000383641.jpg
2746.220703125	0.0	image/551	551	1406065	train2017/000000134169.jpg
2747.015625	0.0	image/519	519	1406472	train2017/000000124747.jpg
2747.837890625	0.0	image/532	532	1406893	train2017/000000130181.jpg
2748.634765625	0.0	image/550	550	1407301	train2017/000000066014.jpg
2749.404296875	0.0	image/517	517	1407695	train2017/000000123891.jpg
2750.181640625	0.0	image/570	570	1408093	train2017/000000400581.jpg
2751.00390625	0.0	image/557	557	1408514	train2017/000000022627.jpg
2751.7890625	0.0	image/585	585	1408916	train2017/000000140724.jpg
2752.60546875	0.0	image/535	535	1409334	train2017/000000392851.jpg
2753.416015625	0.0	image/588	588	1409749	train2017/000000403739.jpg
2754.18359375	0.0	image/511	511	1410142	train2017/000000122776.jpg
2754.990234375	0.0	image/553	553	1410555	train2017/000000134562.jpg
2756.572265625	0.0	image/591	591	1411365	train2017/000000404282.jpg
2757.369140625	0.0	image/587	587	1411773	train2017/000000403535.jpg
2758.189453125	0.0	image/589	589	1412193	train2017/000000403789.jpg
2758.96875	0.0	image/592	592	1412592	train2017/000000504289.jpg
2759.76953125	0.0	image/524	524	1413002	train2017/000000125725.jpg
2760.57421875	0.0	image/501	501	1413414	train2017/000000353175.jpg
2761.353515625	0.0	image/567	567	1413813	train2017/000000137706.jpg
2762.15234375	0.0	image/547	547	1414222	train2017/000000395758.jpg
2762.919921875	0.0	image/486	486	1414615	train2017/000000377703.jpg
2763.724609375	0.0	image/482	482	1415027	train2017/000000376643.jpg
2764.55859375	0.0	image/505	505	1415454	train2017/000000120987.jpg
2765.359375	0.0	image/597	597	1415864	train2017/000000143245.jpg
2766.169921875	0.0	image/485	485	1416279	train2017/000000377576.jpg
2766.9765625	0.0	image/541	541	1416692	train2017/000000131524.jpg
2767.77734375	0.0	image/558	558	1417102	train2017/000000398083.jpg
2768.572265625	0.0	image/518	518	1417509	train2017/000000124711.jpg
2769.376953125	0.0	image/594	594	1417921	train2017/000000404823.jpg
2770.1875	0.0	image/571	571	1418336	train2017/000000229233.jpg
2770.955078125	0.0	image/537	537	1418729	train2017/000000371353.jpg
2771.72265625	0.0	image/498	498	1419122	train2017/000000119669.jpg
2772.51171875	0.0	image/506	506	1419526	train2017/000000383641.jpg
2773.310546875	0.0	image/600	600	1419935	train2017/000000143420.jpg
2774.123046875	0.0	image/495	495	1420351	train2017/000000380729.jpg
2774.9453125	0.0	image/501	501	1420772	train2017/000000353175.jpg
2775.728515625	0.0	image/507	507	1421173	train2017/000000383652.jpg
2776.544921875	0.0	image/494	494	1421591	train2017/000000380227.jpg
2777.357421875	0.0	image/481	481	1422007	train2017/000000114274.jpg
2778.947265625	0.0	image/490	490	1422821	train2017/000000116588.jpg
2779.763671875	0.0	image/534	534	1423239	train2017/000000130681.jpg
2780.59765625	0.0	image/542	542	1423666	train2017/000000284089.jpg
2782.181640625	0.0	image/542	542	1424477	train2017/000000284089.jpg
2782.998046875	0.0	image/559	559	1424895	train2017/000000135965.jpg
2783.826171875	0.0	image/565	565	1425319	train2017/000000197656.jpg
2784.615234375	0.0	image/545	545	1425723	train2017/000000131967.jpg
2785.423828125	0.0	image/527	527	1426137	train2017/000000390120.jpg
2786.232421875	0.0	image/512	512	1426551	train2017/000000122811.jpg
2787.0390625	0.0	image/496	496	1426964	train2017/000000380989.jpg
2787.84375	0.0	image/489	489	1427376	train2017/000000115967.jpg
2788.6484375	0.0	image/515	515	1427788	train2017/000000123692.jpg
2789.4609375	0.0	image/544	544	1428204	train2017/000000394008.jpg
2791.06640625	0.0	image/595	595	1429026	train2017/000000142803.jpg
2791.849609375	0.0	image/596	596	1429427	train2017/000000405215.jpg
2792.677734375	0.0	image/543	543	1429851	train2017/000000131763.jpg
2793.466796875	0.0	image/598	598	1430255	train2017/000000405437.jpg
2794.296875	0.0	image/539	539	1430680	train2017/000000131011.jpg
2795.1015625	0.0	image/483	483	1431092	train2017/000000376858.jpg
2795.9296875	0.0	image/555	555	1431516	train2017/000000397192.jpg
2796.716796875	0.0	image/533	533	1431919	train2017/000000392556.jpg
2797.501953125	0.0	image/563	563	1432321	train2017/000000398540.jpg
2798.302734375	0.0	image/503	503	1432731	train2017/000000382890.jpg
2799.13671875	0.0	image/568	568	1433158	train2017/000000399984.jpg
2799.96484375	0.0	image/509	509	1433582	train2017/000000384235.jpg
2800.78125	0.0	image/548	548	1434000	train2017/000000395775.jpg
2801.5703125	0.0	image/549	549	1434404	train2017/000000197068.jpg
2802.34765625	0.0	image/488	488	1434802	train2017/000000115649.jpg
2803.150390625	0.0	image/539	539	1435213	train2017/000000131011.jpg
2803.96484375	0.0	image/579	579	1435630	train2017/000000139815.jpg
2804.771484375	0.0	image/585	585	1436043	train2017/000000140724.jpg
2805.548828125	0.0	image/582	582	1436441	train2017/000000140590.jpg
2806.322265625	0.0	image/554	554	1436837	train2017/000000135032.jpg
2807.1484375	0.0	image/592	592	1437260	train2017/000000504289.jpg
2807.9375	0.0	image/555	555	1437664	train2017/000000397192.jpg
2808.73828125	0.0	image/591	591	1438074	train2017/000000404282.jpg
2809.568359375	0.0	image/525	525	1438499	train2017/000000388980.jpg
2810.373046875	0.0	image/586	586	1438911	train2017/000000154556.jpg
2811.150390625	0.0	image/521	521	1439309	train2017/000000387318.jpg
2811.91796875	0.0	image/568	568	1439702	train2017/000000399984.jpg
2812.70703125	0.0	image/587	587	1440106	train2017/000000403535.jpg
2813.5078125	0.0	image/499	499	1440516	train2017/000000575164.jpg
2814.318359375	0.0	image/484	484	1440931	train2017/000000114822.jpg
2815.0859375	0.0	image/485	485	1441324	train2017/000000377576.jpg
2815.869140625	0.0	image/556	556	1441725	train2017/000000135316.jpg
2816.673828125	0.0	image/521	521	1442137	train2017/000000387318.jpg
2817.474609375	0.0	image/491	491	1442547	train2017/000000116603.jpg
2818.275390625	0.0	image/583	583	1442957	train2017/000000198195.jpg
2819.0703125	0.0	image/522	522	1443364	train2017/000000125586.jpg
2820.67578125	0.0	image/540	540	1444186	train2017/000000021826.jpg
2821.48828125	0.0	image/586	586	1444602	train2017/000000154556.jpg
2822.26953125	0.0	image/498	498	1445002	train2017/000000119669.jpg
2823.076171875	0.0	image/571	571	1445415	train2017/000000229233.jpg
2823.853515625	0.0	image/529	529	1445813	train2017/000000129060.jpg
2824.62109375	0.0	image/561	561	1446206	train2017/000000136142.jpg
2826.25390625	0.0	image/543	543	1447042	train2017/000000131763.jpg
2833.912109375	0.0	image/682	682	1450963	train2017/000000014269.jpg
2834.68359375	0.0	image/676	676	1451358	train2017/000000163263.jpg
2835.490234375	0.0	image/691	691	1451771	train2017/000000168690.jpg
2836.31640625	0.0	image/602	602	1452194	train2017/000000406292.jpg
2837.138671875	0.0	image/676	676	1452615	train2017/000000163263.jpg
2837.923828125	0.0	image/641	641	1453017	train2017/000000415608.jpg
2838.751953125	0.0	image/612	612	1453441	train2017/000000408965.jpg
2839.541015625	0.0	image/648	648	1453845	train2017/000000417700.jpg
2840.333984375	0.0	image/672	672	1454251	train2017/000000424110.jpg
2841.1171875	0.0	image/628	628	1454652	train2017/000000151163.jpg
2842.673828125	0.0	image/690	690	1455449	train2017/000000043829.jpg
2843.484375	0.0	image/616	616	1455864	train2017/000000149221.jpg
2844.26953125	0.0	image/647	647	1456266	train2017/000000417264.jpg
2845.041015625	0.0	image/666	666	1456661	train2017/000000161062.jpg
2845.869140625	0.0	image/686	686	1457085	train2017/000000428691.jpg
2846.63671875	0.0	image/619	619	1457478	train2017/000000149810.jpg
2847.458984375	0.0	image/713	713	1457899	train2017/000000291280.jpg
2849.076171875	0.0	image/610	610	1458727	train2017/000000146256.jpg
2849.904296875	0.0	image/632	632	1459151	train2017/000000068996.jpg
2850.720703125	0.0	image/678	678	1459569	train2017/000000164502.jpg
2851.48828125	0.0	image/654	654	1459962	train2017/000000157125.jpg
2852.259765625	0.0	image/691	691	1460357	train2017/000000168690.jpg
2853.060546875	0.0	image/706	706	1460767	train2017/000000435902.jpg
2853.837890625	0.0	image/613	613	1461165	train2017/000000147331.jpg
2854.607421875	0.0	image/638	638	1461559	train2017/000000414853.jpg
2855.388671875	0.0	image/601	601	1461959	train2017/000000143594.jpg
2856.1953125	0.0	image/625	625	1462372	train2017/000000369367.jpg
2857.74609375	0.0	image/616	616	1463166	train2017/000000149221.jpg
2859.345703125	0.0	image/624	624	1463985	train2017/000000412857.jpg
2860.125	0.0	image/655	655	1464384	train2017/000000157181.jpg
2860.890625	0.0	image/622	622	1464776	train2017/000000150559.jpg
2861.712890625	0.0	image/694	694	1465197	train2017/000000431825.jpg
2862.490234375	0.0	image/666	666	1465595	train2017/000000161062.jpg
2863.275390625	0.0	image/607	607	1465997	train2017/000000461187.jpg
2864.046875	0.0	image/665	665	1466392	train2017/000000160735.jpg
2864.865234375	0.0	image/675	675	1466811	train2017/000000163250.jpg
2865.642578125	0.0	image/695	695	1467209	train2017/000000284987.jpg
2866.447265625	0.0	image/653	653	1467621	train2017/000000157119.jpg
2867.248046875	0.0	image/660	660	1468031	train2017/000000422268.jpg
2868.025390625	0.0	image/621	621	1468429	train2017/000000150196.jpg
2868.828125	0.0	image/662	662	1468840	train2017/000000160181.jpg
2869.6484375	0.0	image/669	669	1469260	train2017/000000161328.jpg
2870.427734375	0.0	image/684	684	1469659	train2017/000000166489.jpg
2871.2265625	0.0	image/689	689	1470068	train2017/000000508456.jpg
2872.04296875	0.0	image/695	695	1470486	train2017/000000284987.jpg
2872.828125	0.0	image/708	708	1470888	train2017/000000174213.jpg
2873.626953125	0.0	image/664	664	1471297	train2017/000000551063.jpg
2874.43359375	0.0	image/603	603	1471710	train2017/000000144193.jpg
2875.998046875	0.0	image/703	703	1472511	train2017/000000171374.jpg
2876.80078125	0.0	image/709	709	1472922	train2017/000000174303.jpg
2878.36328125	0.0	image/658	658	1473722	train2017/000000563961.jpg
2879.16796875	0.0	image/713	713	1474134	train2017/000000291280.jpg
2879.99609375	0.0	image/634	634	1474558	train2017/000000152273.jpg
2880.802734375	0.0	image/644	644	1474971	train2017/000000154207.jpg
2881.630859375	0.0	image/683	683	1475395	train2017/000000428605.jpg
2882.4140625	0.0	image/711	711	1475796	train2017/000000174504.jpg
2883.236328125	0.0	image/681	681	1476217	train2017/000000427729.jpg
2884.03125	0.0	image/682	682	1476624	train2017/000000014269.jpg
2884.798828125	0.0	image/715	715	1477017	train2017/000000175715.jpg
2885.564453125	0.0	image/638	638	1477409	train2017/000000414853.jpg
2886.380859375	0.0	image/702	702	1477827	train2017/000000171328.jpg
2887.19921875	0.0	image/674	674	1478246	train2017/000000425135.jpg
2887.984375	0.0	image/703	703	1478648	train2017/000000171374.jpg
2888.748046875	0.0	image/671	671	1479039	train2017/000000161836.jpg
2889.521484375	0.0	image/651	651	1479435	train2017/000000156084.jpg
2890.333984375	0.0	image/608	608	1479851	train2017/000000024287.jpg
2891.099609375	0.0	image/692	692	1480243	train2017/000000169262.jpg
2891.888671875	0.0	image/705	705	1480647	train2017/000000028930.jpg
2892.689453125	0.0	image/696	696	1481057	train2017/000000028367.jpg
2893.50390625	0.0	image/642	642	1481474	train2017/000000154011.jpg
2894.333984375	0.0	image/712	712	1481899	train2017/000000174522.jpg
2895.134765625	0.0	image/635	635	1482309	train2017/000000152328.jpg
2895.90625	0.0	image/639	639	1482704	train2017/000000415026.jpg
2896.734375	0.0	image/643	643	1483128	train2017/000000416279.jpg
2897.541015625	0.0	image/630	630	1483541	train2017/000000462134.jpg
2898.32421875	0.0	image/605	605	1483942	train2017/000000406595.jpg
2899.107421875	0.0	image/618	618	1484343	train2017/000000149791.jpg
2899.904296875	0.0	image/649	649	1484751	train2017/000000418115.jpg
2900.724609375	0.0	image/626	626	1485171	train2017/000000412922.jpg
2902.3046875	0.0	image/617	617	1485980	train2017/000000411475.jpg
2903.892578125	0.0	image/658	658	1486793	train2017/000000563961.jpg
2904.6875	0.0	image/649	649	1487200	train2017/000000418115.jpg
2905.509765625	0.0	image/602	602	1487621	train2017/000000406292.jpg
2906.29296875	0.0	image/667	667	1488022	train2017/000000423209.jpg
2907.126953125	0.0	image/701	701	1488449	train2017/000000079701.jpg
2907.91015625	0.0	image/656	656	1488850	train2017/000000157342.jpg
2908.693359375	0.0	image/701	701	1489251	train2017/000000079701.jpg
2909.5234375	0.0	image/661	661	1489676	train2017/000000160142.jpg
2910.294921875	0.0	image/688	688	1490071	train2017/000000166764.jpg
2911.078125	0.0	image/625	625	1490472	train2017/000000369367.jpg
2911.857421875	0.0	image/693	693	1490871	train2017/000000431764.jpg
2912.658203125	0.0	image/635	635	1491281	train2017/000000152328.jpg
2913.4296875	0.0	image/657	657	1491676	train2017/000000419586.jpg
2914.255859375	0.0	image/668	668	1492099	train2017/000000423222.jpg
2915.029296875	0.0	image/674	674	1492495	train2017/000000425135.jpg
2915.8125	0.0	image/663	663	1492896	train2017/000000463620.jpg
2916.595703125	0.0	image/653	653	1493297	train2017/000000157119.jpg
2917.408203125	0.0	image/667	667	1493713	train2017/000000423209.jpg
2918.17578125	0.0	image/718	718	1494106	train2017/000000176085.jpg
2918.947265625	0.0	image/678	678	1494501	train2017/000000164502.jpg
2919.763671875	0.0	image/706	706	1494919	train2017/000000435902.jpg
2920.55859375	0.0	image/719	719	1495326	train2017/000000438751.jpg
2921.380859375	0.0	image/665	665	1495747	train2017/000000160735.jpg
2922.943359375	0.0	image/705	705	1496547	train2017/000000028930.jpg
2924.548828125	0.0	image/643	643	1497369	train2017/000000416279.jpg
2925.34375	0.0	image/660	660	1497776	train2017/000000422268.jpg
2926.94921875	0.0	image/645	645	1498598	train2017/000000416972.jpg
2927.744140625	0.0	image/673	673	1499005	train2017/000000424138.jpg
2928.55078125	0.0	image/699	699	1499418	train2017/000000170917.jpg
2929.361328125	0.0	image/696	696	1499833	train2017/000000028367.jpg
2930.18359375	0.0	image/609	609	1500254	train2017/000000504888.jpg
2930.966796875	0.0	image/629	629	1500655	train2017/000000151307.jpg
2931.74609375	0.0	image/675	675	1501054	train2017/000000163250.jpg
2932.568359375	0.0	image/611	611	1501475	train2017/000000408922.jpg
2933.3515625	0.0	image/641	641	1501876	train2017/000000415608.jpg
2934.1640625	0.0	image/648	648	1502292	train2017/000000417700.jpg
2934.9296875	0.0	image/646	646	1502684	train2017/000000417141.jpg
2935.736328125	0.0	image/689	689	1503097	train2017/000000508456.jpg
2936.546875	0.0	image/623	623	1503512	train2017/000000412855.jpg
2937.353515625	0.0	image/654	654	1503925	train2017/000000157125.jpg
2938.1640625	0.0	image/671	671	1504340	train2017/000000161836.jpg
2938.947265625	0.0	image/704	704	1504741	train2017/000000420713.jpg
2940.537109375	0.0	image/662	662	1505555	train2017/000000160181.jpg
2941.314453125	0.0	image/655	655	1505953	train2017/000000157181.jpg
2942.09765625	0.0	image/707	707	1506354	train2017/000000173987.jpg
2942.888671875	0.0	image/702	702	1506759	train2017/000000171328.jpg
2943.681640625	0.0	image/720	720	1507165	train2017/000000176728.jpg
2944.482421875	0.0	image/603	603	1507575	train2017/000000144193.jpg
2946.10546875	0.0	image/670	670	1508406	train2017/000000423488.jpg
2946.884765625	0.0	image/698	698	1508805	train2017/000000433021.jpg
2947.671875	0.0	image/615	615	1509208	train2017/000000148263.jpg
2948.484375	0.0	image/700	700	1509624	train2017/000000170968.jpg
2949.306640625	0.0	image/693	693	1510045	train2017/000000431764.jpg
2950.123046875	0.0	image/712	712	1510463	train2017/000000174522.jpg
2950.91796875	0.0	image/664	664	1510870	train2017/000000551063.jpg
2951.724609375	0.0	image/634	634	1511283	train2017/000000152273.jpg
2952.53515625	0.0	image/604	604	1511698	train2017/000000406445.jpg
2954.107421875	0.0	image/707	707	1512503	train2017/000000173987.jpg
2954.908203125	0.0	image/716	716	1512913	train2017/000000437967.jpg
2955.703125	0.0	image/670	670	1513320	train2017/000000423488.jpg
2956.525390625	0.0	image/622	622	1513741	train2017/000000150559.jpg
2958.12109375	0.0	image/640	640	1514558	train2017/000000162230.jpg
2958.88671875	0.0	image/677	677	1514950	train2017/000000425712.jpg
2959.67578125	0.0	image/698	698	1515354	train2017/000000433021.jpg
2960.48828125	0.0	image/619	619	1515770	train2017/000000149810.jpg
2961.29296875	0.0	image/680	680	1516182	train2017/000000485595.jpg
2962.076171875	0.0	image/633	633	1516583	train2017/000000414176.jpg
2962.90625	0.0	image/606	606	1517008	train2017/000000407778.jpg
2964.5390625	0.0	image/650	650	1517844	train2017/000000419212.jpg
2966.1953125	0.0	image/672	672	1518692	train2017/000000424110.jpg
2967.021484375	0.0	image/700	700	1519115	train2017/000000170968.jpg
2967.82421875	0.0	image/709	709	1519526	train2017/000000174303.jpg
2968.59375	0.0	image/710	710	1519920	train2017/000000436578.jpg
2969.423828125	0.0	image/627	627	1520345	train2017/000000150931.jpg
2970.20703125	0.0	image/628	628	1520746	train2017/000000151163.jpg
2970.994140625	0.0	image/679	679	1521149	train2017/000000164564.jpg
2971.82421875	0.0	image/680	680	1521574	train2017/000000485595.jpg
2972.626953125	0.0	image/717	717	1521985	train2017/000000438154.jpg
2973.447265625	0.0	image/656	656	1522405	train2017/000000157342.jpg
2974.263671875	0.0	image/609	609	1522823	train2017/000000504888.jpg
2975.064453125	0.0	image/617	617	1523233	train2017/000000411475.jpg
2975.861328125	0.0	image/697	697	1523641	train2017/000000433019.jpg
2976.658203125	0.0	image/626	626	1524049	train2017/000000412922.jpg
2977.447265625	0.0	image/608	608	1524453	train2017/000000024287.jpg
2979.064453125	0.0	image/631	631	1525281	train2017/000000151414.jpg
2979.84375	0.0	image/711	711	1525680	train2017/000000174504.jpg
2980.666015625	0.0	image/718	718	1526101	train2017/000000176085.jpg
2981.5	0.0	image/710	710	1526528	train2017/000000436578.jpg
2982.283203125	0.0	image/683	683	1526929	train2017/000000428605.jpg
2983.078125	0.0	image/610	610	1527336	train2017/000000146256.jpg
2983.8671875	0.0	image/719	719	1527740	train2017/000000438751.jpg
2984.650390625	0.0	image/659	659	1528141	train2017/000000159680.jpg
2986.25	0.0	image/644	644	1528960	train2017/000000154207.jpg
2987.068359375	0.0	image/611	611	1529379	train2017/000000408922.jpg
2987.896484375	0.0	image/687	687	1529803	train2017/000000428726.jpg
2988.71875	0.0	image/714	714	1530224	train2017/000000437516.jpg
2989.546875	0.0	image/605	605	1530648	train2017/000000406595.jpg
2990.3515625	0.0	image/685	685	1531060	train2017/000000166504.jpg
2991.1640625	0.0	image/642	642	1531476	train2017/000000154011.jpg
2992.8203125	0.0	image/699	699	1532324	train2017/000000170917.jpg
2993.603515625	0.0	image/614	614	1532725	train2017/000000147694.jpg
2994.4140625	0.0	image/686	686	1533140	train2017/000000428691.jpg
2995.236328125	0.0	image/618	618	1533561	train2017/000000149791.jpg
2996.048828125	0.0	image/657	657	1533977	train2017/000000419586.jpg
2996.81640625	0.0	image/717	717	1534370	train2017/000000438154.jpg
2997.63671875	0.0	image/668	668	1534790	train2017/000000423222.jpg
2998.43359375	0.0	image/646	646	1535198	train2017/000000417141.jpg
2999.19921875	0.0	image/620	620	1535590	train2017/000000153394.jpg
2999.998046875	0.0	image/659	659	1535999	train2017/000000159680.jpg
3000.798828125	0.0	image/637	637	1536409	train2017/000000506039.jpg
3001.599609375	0.0	image/715	715	1536819	train2017/000000175715.jpg
3002.400390625	0.0	image/652	652	1537229	train2017/000000113449.jpg
3003.205078125	0.0	image/694	694	1537641	train2017/000000431825.jpg
3004.017578125	0.0	image/661	661	1538057	train2017/000000160142.jpg
3004.7890625	0.0	image/708	708	1538452	train2017/000000174213.jpg
3005.58984375	0.0	image/614	614	1538862	train2017/000000147694.jpg
3006.41796875	0.0	image/627	627	1539286	train2017/000000150931.jpg
3007.224609375	0.0	image/687	687	1539699	train2017/000000428726.jpg
3008.03515625	0.0	image/620	620	1540114	train2017/000000153394.jpg
3008.818359375	0.0	image/669	669	1540515	train2017/000000161328.jpg
3009.625	0.0	image/716	716	1540928	train2017/000000437967.jpg
3010.42578125	0.0	image/679	679	1541338	train2017/000000164564.jpg
3011.2421875	0.0	image/652	652	1541756	train2017/000000113449.jpg
3012.0234375	0.0	image/685	685	1542156	train2017/000000166504.jpg
3012.802734375	0.0	image/639	639	1542555	train2017/000000415026.jpg
3013.5859375	0.0	image/637	637	1542956	train2017/000000506039.jpg
3014.41015625	0.0	image/673	673	1543378	train2017/000000424138.jpg
3015.193359375	0.0	image/684	684	1543779	train2017/000000166489.jpg
3016.009765625	0.0	image/692	692	1544197	train2017/000000169262.jpg
3016.837890625	0.0	image/624	624	1544621	train2017/000000412857.jpg
3017.63671875	0.0	image/621	621	1545030	train2017/000000150196.jpg
3018.443359375	0.0	image/647	647	1545443	train2017/000000417264.jpg
3019.26171875	0.0	image/629	629	1545862	train2017/000000151307.jpg
3020.056640625	0.0	image/714	714	1546269	train2017/000000437516.jpg
3020.87109375	0.0	image/607	607	1546686	train2017/000000461187.jpg
3022.439453125	0.0	image/631	631	1547489	train2017/000000151414.jpg
3023.24609375	0.0	image/615	615	1547902	train2017/000000148263.jpg
3024.056640625	0.0	image/633	633	1548317	train2017/000000414176.jpg
3024.86328125	0.0	image/650	650	1548730	train2017/000000419212.jpg
3025.646484375	0.0	image/690	690	1549131	train2017/000000043829.jpg
3026.474609375	0.0	image/651	651	1549555	train2017/000000156084.jpg
3027.263671875	0.0	image/636	636	1549959	train2017/000000549729.jpg
3028.041015625	0.0	image/632	632	1550357	train2017/000000068996.jpg
3028.82421875	0.0	image/640	640	1550758	train2017/000000162230.jpg
3030.431640625	0.0	image/623	623	1551581	train2017/000000412855.jpg
3031.208984375	0.0	image/601	601	1551979	train2017/000000143594.jpg
3032.025390625	0.0	image/681	681	1552397	train2017/000000427729.jpg
3033.615234375	0.0	image/677	677	1553211	train2017/000000425712.jpg
3034.3984375	0.0	image/613	613	1553612	train2017/000000147331.jpg
3035.19921875	0.0	image/604	604	1554022	train2017/000000406445.jpg
3036.83203125	0.0	image/697	697	1554858	train2017/000000433019.jpg
3037.626953125	0.0	image/630	630	1555265	train2017/000000462134.jpg
3038.39453125	0.0	image/688	688	1555658	train2017/000000166764.jpg
3039.19921875	0.0	image/606	606	1556070	train2017/000000407778.jpg
3039.984375	0.0	image/636	636	1556472	train2017/000000549729.jpg
3040.8125	0.0	image/645	645	1556896	train2017/000000416972.jpg
3041.6171875	0.0	image/612	612	1557308	train2017/000000408965.jpg
3042.4453125	0.0	image/663	663	1557732	train2017/000000463620.jpg
3043.267578125	0.0	image/704	704	1558153	train2017/000000420713.jpg
3044.05078125	0.0	image/720	720	1558554	train2017/000000176728.jpg
3050.990234375	0.0	image/838	838	1562107	train2017/000000208849.jpg
3051.818359375	0.0	image/769	769	1562531	train2017/000000189893.jpg
3052.623046875	0.0	image/758	758	1562943	train2017/000000186828.jpg
3053.41796875	0.0	image/782	782	1563350	train2017/000000454830.jpg
3054.21875	0.0	image/837	837	1563760	train2017/000000208805.jpg
3055.025390625	0.0	image/825	825	1564173	train2017/000000467646.jpg
3055.8203125	0.0	image/748	748	1564580	train2017/000000184822.jpg
3056.60546875	0.0	image/735	735	1564982	train2017/000000180410.jpg
3057.38671875	0.0	image/804	804	1565382	train2017/000000460236.jpg
3058.158203125	0.0	image/753	753	1565777	train2017/000000006178.jpg
3058.958984375	0.0	image/839	839	1566187	train2017/000000209229.jpg
3059.775390625	0.0	image/815	815	1566605	train2017/000000202050.jpg
3060.560546875	0.0	image/767	767	1567007	train2017/000000189794.jpg
3061.337890625	0.0	image/766	766	1567405	train2017/000000451680.jpg
3062.13671875	0.0	image/770	770	1567814	train2017/000000452341.jpg
3062.927734375	0.0	image/742	742	1568219	train2017/000000181837.jpg
3063.7109375	0.0	image/744	744	1568620	train2017/000000182799.jpg
3065.328125	0.0	image/827	827	1569448	train2017/000000296474.jpg
3066.9609375	0.0	image/823	823	1570284	train2017/000000204422.jpg
3067.791015625	0.0	image/820	820	1570709	train2017/000000203937.jpg
3068.556640625	0.0	image/789	789	1571101	train2017/000000455657.jpg
3070.146484375	0.0	image/737	737	1571915	train2017/000000443377.jpg
3070.94140625	0.0	image/791	791	1572322	train2017/000000194054.jpg
3071.763671875	0.0	image/736	736	1572743	train2017/000000180609.jpg
3072.57421875	0.0	image/832	832	1573158	train2017/000000203615.jpg
3073.375	0.0	image/835	835	1573568	train2017/000000129143.jpg
3074.1640625	0.0	image/810	810	1573972	train2017/000000200391.jpg
3074.974609375	0.0	image/837	837	1574387	train2017/000000208805.jpg
3075.763671875	0.0	image/726	726	1574791	train2017/000000178423.jpg
3077.365234375	0.0	image/831	831	1575611	train2017/000000469445.jpg
3078.99609375	0.0	image/776	776	1576446	train2017/000000468771.jpg
3079.759765625	0.0	image/752	752	1576837	train2017/000000036151.jpg
3080.58203125	0.0	image/822	822	1577258	train2017/000000466265.jpg
3081.392578125	0.0	image/752	752	1577673	train2017/000000036151.jpg
3082.216796875	0.0	image/797	797	1578095	train2017/000000458178.jpg
3083.04296875	0.0	image/738	738	1578518	train2017/000000204969.jpg
3083.81640625	0.0	image/774	774	1578914	train2017/000000191005.jpg
3084.650390625	0.0	image/829	829	1579341	train2017/000000206467.jpg
3085.451171875	0.0	image/807	807	1579751	train2017/000000397815.jpg
3087.001953125	0.0	image/808	808	1580545	train2017/000000461428.jpg
3087.78515625	0.0	image/774	774	1580946	train2017/000000191005.jpg
3088.595703125	0.0	image/771	771	1581361	train2017/000000190271.jpg
3089.369140625	0.0	image/821	821	1581757	train2017/000000077686.jpg
3090.17578125	0.0	image/786	786	1582170	train2017/000000193023.jpg
3090.986328125	0.0	image/798	798	1582585	train2017/000000196365.jpg
3091.802734375	0.0	image/777	777	1583003	train2017/000000453682.jpg
3092.61328125	0.0	image/728	728	1583418	train2017/000000395740.jpg
3093.416015625	0.0	image/775	775	1583829	train2017/000000453221.jpg
3094.23046875	0.0	image/824	824	1584246	train2017/000000204806.jpg
3095.052734375	0.0	image/814	814	1584667	train2017/000000201969.jpg
3096.6875	0.0	image/780	780	1585504	train2017/000000192576.jpg
3097.48828125	0.0	image/772	772	1585914	train2017/000000190487.jpg
3099.072265625	0.0	image/793	793	1586725	train2017/000000338439.jpg
3099.888671875	0.0	image/790	790	1587143	train2017/000000455799.jpg
3100.69921875	0.0	image/801	801	1587558	train2017/000000459190.jpg
3101.466796875	0.0	image/743	743	1587951	train2017/000000189388.jpg
3102.2890625	0.0	image/765	765	1588372	train2017/000000450914.jpg
3103.068359375	0.0	image/813	813	1588771	train2017/000000557920.jpg
3103.8671875	0.0	image/743	743	1589180	train2017/000000189388.jpg
3104.673828125	0.0	image/780	780	1589593	train2017/000000192576.jpg
3105.490234375	0.0	image/761	761	1590011	train2017/000000188225.jpg
3106.291015625	0.0	image/813	813	1590421	train2017/000000557920.jpg
3107.1015625	0.0	image/834	834	1590836	train2017/000000469816.jpg
3107.921875	0.0	image/778	778	1591256	train2017/000000191686.jpg
3108.740234375	0.0	image/756	756	1591675	train2017/000000448401.jpg
3109.517578125	0.0	image/730	730	1592073	train2017/000000441172.jpg
3110.30859375	0.0	image/786	786	1592478	train2017/000000193023.jpg
3111.140625	0.0	image/794	794	1592904	train2017/000000195650.jpg
3111.9375	0.0	image/832	832	1593312	train2017/000000203615.jpg
3113.525390625	0.0	image/767	767	1594125	train2017/000000189794.jpg
3114.30859375	0.0	image/826	826	1594526	train2017/000000205875.jpg
3115.142578125	0.0	image/829	829	1594953	train2017/000000206467.jpg
3115.95703125	0.0	image/827	827	1595370	train2017/000000296474.jpg
3116.7421875	0.0	image/812	812	1595772	train2017/000000201758.jpg
3117.560546875	0.0	image/828	828	1596191	train2017/000000468394.jpg
3118.373046875	0.0	image/778	778	1596607	train2017/000000191686.jpg
3119.193359375	0.0	image/810	810	1597027	train2017/000000200391.jpg
3120.02734375	0.0	image/822	822	1597454	train2017/000000466265.jpg
3120.8046875	0.0	image/819	819	1597852	train2017/000000298139.jpg
3121.578125	0.0	image/725	725	1598248	train2017/000000440334.jpg
3122.390625	0.0	image/744	744	1598664	train2017/000000182799.jpg
3123.15625	0.0	image/798	798	1599056	train2017/000000196365.jpg
3124.806640625	0.0	image/775	775	1599901	train2017/000000453221.jpg
3125.595703125	0.0	image/764	764	1600305	train2017/000000450903.jpg
3126.390625	0.0	image/760	760	1600712	train2017/000000276853.jpg
3127.974609375	0.0	image/769	769	1601523	train2017/000000189893.jpg
3128.763671875	0.0	image/828	828	1601927	train2017/000000468394.jpg
3129.580078125	0.0	image/783	783	1602345	train2017/000000454915.jpg
3130.375	0.0	image/840	840	1602752	train2017/000000471871.jpg
3131.181640625	0.0	image/808	808	1603165	train2017/000000461428.jpg
3131.974609375	0.0	image/725	725	1603571	train2017/000000440334.jpg
3132.765625	0.0	image/785	785	1603976	train2017/000000119550.jpg
3133.548828125	0.0	image/805	805	1604377	train2017/000000460408.jpg
3134.361328125	0.0	image/782	782	1604793	train2017/000000454830.jpg
3135.166015625	0.0	image/803	803	1605205	train2017/000000197401.jpg
3135.94921875	0.0	image/794	794	1605606	train2017/000000195650.jpg
3136.7265625	0.0	image/742	742	1606004	train2017/000000181837.jpg
3137.51171875	0.0	image/736	736	1606406	train2017/000000180609.jpg
3138.31640625	0.0	image/833	833	1606818	train2017/000000207549.jpg
3139.111328125	0.0	image/756	756	1607225	train2017/000000448401.jpg
3139.89453125	0.0	image/762	762	1607626	train2017/000000188660.jpg
3140.6640625	0.0	image/768	768	1608020	train2017/000000189888.jpg
3141.466796875	0.0	image/781	781	1608431	train2017/000000192631.jpg
3142.294921875	0.0	image/802	802	1608855	train2017/000000197118.jpg
3143.083984375	0.0	image/791	791	1609259	train2017/000000194054.jpg
3143.896484375	0.0	image/799	799	1609675	train2017/000000196368.jpg
3144.662109375	0.0	image/765	765	1610067	train2017/000000450914.jpg
3145.4453125	0.0	image/785	785	1610468	train2017/000000119550.jpg
3146.236328125	0.0	image/800	800	1610873	train2017/000000458616.jpg
3147.01953125	0.0	image/749	749	1611274	train2017/000000447130.jpg
3147.830078125	0.0	image/733	733	1611689	train2017/000000179914.jpg
3148.63671875	0.0	image/750	750	1612102	train2017/000000447182.jpg
3149.447265625	0.0	image/737	737	1612517	train2017/000000443377.jpg
3150.21484375	0.0	image/721	721	1612910	train2017/000000176873.jpg
3150.982421875	0.0	image/746	746	1613303	train2017/000000445726.jpg
3151.75390625	0.0	image/809	809	1613698	train2017/000000462505.jpg
3152.537109375	0.0	image/801	801	1614099	train2017/000000459190.jpg
3153.3203125	0.0	image/836	836	1614500	train2017/000000470907.jpg
3154.10546875	0.0	image/839	839	1614902	train2017/000000209229.jpg
3154.9375	0.0	image/795	795	1615328	train2017/000000195768.jpg
3155.765625	0.0	image/749	749	1615752	train2017/000000447130.jpg
3156.57421875	0.0	image/763	763	1616166	train2017/000000450864.jpg
3157.400390625	0.0	image/815	815	1616589	train2017/000000202050.jpg
3158.166015625	0.0	image/722	722	1616981	train2017/000000073172.jpg
3158.95703125	0.0	image/807	807	1617386	train2017/000000397815.jpg
3159.767578125	0.0	image/792	792	1617801	train2017/000000194108.jpg
3160.5390625	0.0	image/795	795	1618196	train2017/000000195768.jpg
3161.3671875	0.0	image/826	826	1618620	train2017/000000205875.jpg
3162.18359375	0.0	image/734	734	1619038	train2017/000000442489.jpg
3162.990234375	0.0	image/740	740	1619451	train2017/000000161354.jpg
3163.818359375	0.0	image/734	734	1619875	train2017/000000442489.jpg
3164.623046875	0.0	image/735	735	1620287	train2017/000000180410.jpg
3165.384765625	0.0	image/792	792	1620677	train2017/000000194108.jpg
3166.185546875	0.0	image/751	751	1621087	train2017/000000185225.jpg
3167.791015625	0.0	image/723	723	1621909	train2017/000000439241.jpg
3168.587890625	0.0	image/835	835	1622317	train2017/000000129143.jpg
3170.142578125	0.0	image/726	726	1623113	train2017/000000178423.jpg
3170.92578125	0.0	image/804	804	1623514	train2017/000000460236.jpg
3171.703125	0.0	image/776	776	1623912	train2017/000000468771.jpg
3172.509765625	0.0	image/747	747	1624325	train2017/000000183719.jpg
3174.14453125	0.0	image/806	806	1625162	train2017/000000198319.jpg
3174.9609375	0.0	image/747	747	1625580	train2017/000000183719.jpg
3175.744140625	0.0	image/727	727	1625981	train2017/000000440792.jpg
3176.5390625	0.0	image/724	724	1626388	train2017/000000178031.jpg
3177.32421875	0.0	image/806	806	1626790	train2017/000000198319.jpg
3178.12890625	0.0	image/796	796	1627202	train2017/000000338501.jpg
3178.921875	0.0	image/746	746	1627608	train2017/000000445726.jpg
3179.740234375	0.0	image/768	768	1628027	train2017/000000189888.jpg
3180.529296875	0.0	image/809	809	1628431	train2017/000000462505.jpg
3182.095703125	0.0	image/821	821	1629233	train2017/000000077686.jpg
3182.896484375	0.0	image/787	787	1629643	train2017/000000193318.jpg
3183.708984375	0.0	image/833	833	1630059	train2017/000000207549.jpg
3184.49609375	0.0	image/816	816	1630462	train2017/000000464616.jpg
3186.11328125	0.0	image/730	730	1631290	train2017/000000441172.jpg
3186.9140625	0.0	image/751	751	1631700	train2017/000000185225.jpg
3187.697265625	0.0	image/770	770	1632101	train2017/000000452341.jpg
3188.509765625	0.0	image/797	797	1632517	train2017/000000458178.jpg
3189.33203125	0.0	image/764	764	1632938	train2017/000000450903.jpg
3190.96484375	0.0	image/790	790	1633774	train2017/000000455799.jpg
3191.759765625	0.0	image/760	760	1634181	train2017/000000276853.jpg
3192.54296875	0.0	image/721	721	1634582	train2017/000000176873.jpg
3193.3671875	0.0	image/811	811	1635004	train2017/000000201722.jpg
3194.984375	0.0	image/753	753	1635832	train2017/000000006178.jpg
3195.783203125	0.0	image/745	745	1636241	train2017/000000445351.jpg
3196.56640625	0.0	image/727	727	1636642	train2017/000000440792.jpg
3197.400390625	0.0	image/819	819	1637069	train2017/000000298139.jpg
3198.2109375	0.0	image/731	731	1637484	train2017/000000179034.jpg
3198.98046875	0.0	image/729	729	1637878	train2017/000000179019.jpg
3199.80078125	0.0	image/788	788	1638298	train2017/000000193373.jpg
3200.61328125	0.0	image/758	758	1638714	train2017/000000186828.jpg
3201.4140625	0.0	image/789	789	1639124	train2017/000000455657.jpg
3202.21875	0.0	image/834	834	1639536	train2017/000000469816.jpg
3203.802734375	0.0	image/740	740	1640347	train2017/000000161354.jpg
3204.5859375	0.0	image/729	729	1640748	train2017/000000179019.jpg
3205.369140625	0.0	image/773	773	1641149	train2017/000000303133.jpg
3206.18359375	0.0	image/766	766	1641566	train2017/000000451680.jpg
3206.953125	0.0	image/748	748	1641960	train2017/000000184822.jpg
3207.73828125	0.0	image/754	754	1642362	train2017/000000185888.jpg
3208.564453125	0.0	image/817	817	1642785	train2017/000000202805.jpg
3209.388671875	0.0	image/818	818	1643207	train2017/000000465412.jpg
3210.166015625	0.0	image/759	759	1643605	train2017/000000449914.jpg
3210.970703125	0.0	image/818	818	1644017	train2017/000000465412.jpg
3211.755859375	0.0	image/739	739	1644419	train2017/000000443575.jpg
3212.56640625	0.0	image/741	741	1644834	train2017/000000443940.jpg
3213.373046875	0.0	image/779	779	1645247	train2017/000000191740.jpg
3214.158203125	0.0	image/773	773	1645649	train2017/000000303133.jpg
3214.939453125	0.0	image/817	817	1646049	train2017/000000202805.jpg
3215.71875	0.0	image/761	761	1646448	train2017/000000188225.jpg
3216.5390625	0.0	image/816	816	1646868	train2017/000000464616.jpg
3217.369140625	0.0	image/757	757	1647293	train2017/000000442666.jpg
3218.173828125	0.0	image/788	788	1647705	train2017/000000193373.jpg
3218.95703125	0.0	image/830	830	1648106	train2017/000000468825.jpg
3219.76953125	0.0	image/796	796	1648522	train2017/000000338501.jpg
3220.53515625	0.0	image/836	836	1648914	train2017/000000470907.jpg
3221.349609375	0.0	image/731	731	1649331	train2017/000000179034.jpg
3222.169921875	0.0	image/750	750	1649751	train2017/000000447182.jpg
3222.935546875	0.0	image/728	728	1650143	train2017/000000395740.jpg
3223.7265625	0.0	image/800	800	1650548	train2017/000000458616.jpg
3224.537109375	0.0	image/772	772	1650963	train2017/000000190487.jpg
3225.30859375	0.0	image/814	814	1651358	train2017/000000201969.jpg
3226.109375	0.0	image/830	830	1651768	train2017/000000468825.jpg
3226.9375	0.0	image/831	831	1652192	train2017/000000469445.jpg
3228.54296875	0.0	image/739	739	1653014	train2017/000000443575.jpg
3229.373046875	0.0	image/784	784	1653439	train2017/000000455020.jpg
3230.14453125	0.0	image/732	732	1653834	train2017/000000179480.jpg
3230.9375	0.0	image/799	799	1654240	train2017/000000196368.jpg
3231.728515625	0.0	image/802	802	1654645	train2017/000000197118.jpg
3232.5234375	0.0	image/820	820	1655052	train2017/000000203937.jpg
3233.33984375	0.0	image/779	779	1655470	train2017/000000191740.jpg
3234.14453125	0.0	image/781	781	1655882	train2017/000000192631.jpg
3234.962890625	0.0	image/787	787	1656301	train2017/000000193318.jpg
3235.779296875	0.0	image/771	771	1656719	train2017/000000190271.jpg
3236.580078125	0.0	image/763	763	1657129	train2017/000000450864.jpg
3237.408203125	0.0	image/783	783	1657553	train2017/000000454915.jpg
3238.23046875	0.0	image/812	812	1657974	train2017/000000201758.jpg
3239.013671875	0.0	image/803	803	1658375	train2017/000000197401.jpg
3239.791015625	0.0	image/838	838	1658773	train2017/000000208849.jpg
3240.61328125	0.0	image/777	777	1659194	train2017/000000453682.jpg
3242.23046875	0.0	image/759	759	1660022	train2017/000000449914.jpg
3243.048828125	0.0	image/755	755	1660441	train2017/000000055764.jpg
3243.841796875	0.0	image/723	723	1660847	train2017/000000439241.jpg
3244.62890625	0.0	image/811	811	1661250	train2017/000000201722.jpg
3245.416015625	0.0	image/733	733	1661653	train2017/000000179914.jpg
3246.2421875	0.0	image/732	732	1662076	train2017/000000179480.jpg
3247.865234375	0.0	image/738	738	1662907	train2017/000000204969.jpg
3249.517578125	0.0	image/722	722	1663753	train2017/000000073172.jpg
3250.3125	0.0	image/755	755	1664160	train2017/000000055764.jpg
3251.1171875	0.0	image/840	840	1664572	train2017/000000471871.jpg
3251.896484375	0.0	image/741	741	1664971	train2017/000000443940.jpg
3253.46875	0.0	image/793	793	1665776	train2017/000000338439.jpg
3254.267578125	0.0	image/825	825	1666185	train2017/000000467646.jpg
3255.095703125	0.0	image/745	745	1666609	train2017/000000445351.jpg
3255.90234375	0.0	image/724	724	1667022	train2017/000000178031.jpg
3256.6796875	0.0	image/784	784	1667420	train2017/000000455020.jpg
3257.501953125	0.0	image/823	823	1667841	train2017/000000204422.jpg
3258.28515625	0.0	image/757	757	1668242	train2017/000000442666.jpg
3259.0703125	0.0	image/805	805	1668644	train2017/000000460408.jpg
3259.853515625	0.0	image/754	754	1669045	train2017/000000185888.jpg
3260.6875	0.0	image/824	824	1669472	train2017/000000204806.jpg
3261.513671875	0.0	image/762	762	1669895	train2017/000000188660.jpg
3269.0234375	0.0	image/935	935	1673740	train2017/000000082945.jpg
3269.80859375	0.0	image/895	895	1674142	train2017/000000487825.jpg
3270.5859375	0.0	image/909	909	1674540	train2017/000000228380.jpg
3272.158203125	0.0	image/858	858	1675345	train2017/000000214059.jpg
3272.986328125	0.0	image/943	943	1675769	train2017/000000238201.jpg
3273.791015625	0.0	image/923	923	1676181	train2017/000000231851.jpg
3274.576171875	0.0	image/952	952	1676583	train2017/000000502860.jpg
3275.37109375	0.0	image/885	885	1676990	train2017/000000223718.jpg
3276.140625	0.0	image/904	904	1677384	train2017/000000227733.jpg
3276.958984375	0.0	image/886	886	1677803	train2017/000000386856.jpg
3277.755859375	0.0	image/937	937	1678211	train2017/000000498615.jpg
3278.5390625	0.0	image/894	894	1678612	train2017/000000225533.jpg
3279.361328125	0.0	image/918	918	1679033	train2017/000000230422.jpg
3280.16015625	0.0	image/915	915	1679442	train2017/000000229947.jpg
3280.9453125	0.0	image/854	854	1679844	train2017/000000475236.jpg
3281.744140625	0.0	image/937	937	1680253	train2017/000000498615.jpg
3282.556640625	0.0	image/960	960	1680669	train2017/000000505592.jpg
3283.357421875	0.0	image/955	955	1681079	train2017/000000112805.jpg
3284.12890625	0.0	image/944	944	1681474	train2017/000000239337.jpg
3284.95703125	0.0	image/913	913	1681898	train2017/000000356810.jpg
3285.76171875	0.0	image/900	900	1682310	train2017/000000488658.jpg
3286.546875	0.0	image/908	908	1682712	train2017/000000228316.jpg
3287.33984375	0.0	image/927	927	1683118	train2017/000000495040.jpg
3288.1640625	0.0	image/906	906	1683540	train2017/000000227928.jpg
3288.99609375	0.0	image/902	902	1683966	train2017/000000227307.jpg
3289.796875	0.0	image/959	959	1684376	train2017/000000505486.jpg
3291.365234375	0.0	image/851	851	1685179	train2017/000000474545.jpg
3292.17578125	0.0	image/907	907	1685594	train2017/000000228133.jpg
3292.998046875	0.0	image/896	896	1686015	train2017/000000225750.jpg
3293.78125	0.0	image/867	867	1686416	train2017/000000479035.jpg
3294.564453125	0.0	image/847	847	1686817	train2017/000000207833.jpg
3295.349609375	0.0	image/898	898	1687219	train2017/000000488406.jpg
3296.166015625	0.0	image/841	841	1687637	train2017/000000034961.jpg
3296.962890625	0.0	image/843	843	1688045	train2017/000000210065.jpg
3298.56640625	0.0	image/928	928	1688866	train2017/000000233104.jpg
3299.361328125	0.0	image/956	956	1689273	train2017/000000242133.jpg
3300.1328125	0.0	image/934	934	1689668	train2017/000000497464.jpg
3301.78515625	0.0	image/851	851	1690514	train2017/000000474545.jpg
3302.611328125	0.0	image/883	883	1690937	train2017/000000223447.jpg
3303.412109375	0.0	image/955	955	1691347	train2017/000000112805.jpg
3304.185546875	0.0	image/947	947	1691743	train2017/000000501926.jpg
3305.76953125	0.0	image/862	862	1692554	train2017/000000215023.jpg
3306.552734375	0.0	image/877	877	1692955	train2017/000000342639.jpg
3307.38671875	0.0	image/933	933	1693382	train2017/000000233873.jpg
3308.181640625	0.0	image/897	897	1693789	train2017/000000430850.jpg
3309.00390625	0.0	image/857	857	1694210	train2017/000000213988.jpg
3309.798828125	0.0	image/877	877	1694617	train2017/000000342639.jpg
3310.619140625	0.0	image/936	936	1695037	train2017/000000497797.jpg
3312.203125	0.0	image/923	923	1695848	train2017/000000231851.jpg
3313.021484375	0.0	image/950	950	1696267	train2017/000000502470.jpg
3313.849609375	0.0	image/868	868	1696691	train2017/000000444880.jpg
3314.654296875	0.0	image/935	935	1697103	train2017/000000082945.jpg
3316.271484375	0.0	image/931	931	1697931	train2017/000000495568.jpg
3317.072265625	0.0	image/948	948	1698341	train2017/000000502058.jpg
3317.873046875	0.0	image/897	897	1698751	train2017/000000430850.jpg
3318.689453125	0.0	image/914	914	1699169	train2017/000000492037.jpg
3319.5	0.0	image/891	891	1699584	train2017/000000224869.jpg
3320.283203125	0.0	image/883	883	1699985	train2017/000000223447.jpg
3321.939453125	0.0	image/848	848	1700833	train2017/000000474353.jpg
3322.724609375	0.0	image/884	884	1701235	train2017/000000485605.jpg
3323.5078125	0.0	image/948	948	1701636	train2017/000000502058.jpg
3324.306640625	0.0	image/858	858	1702045	train2017/000000214059.jpg
3325.091796875	0.0	image/855	855	1702447	train2017/000000122923.jpg
3325.875	0.0	image/924	924	1702848	train2017/000000232277.jpg
3326.703125	0.0	image/847	847	1703272	train2017/000000207833.jpg
3327.525390625	0.0	image/900	900	1703693	train2017/000000488658.jpg
3328.353515625	0.0	image/855	855	1704117	train2017/000000122923.jpg
3329.142578125	0.0	image/860	860	1704521	train2017/000000476481.jpg
3330.708984375	0.0	image/914	914	1705323	train2017/000000492037.jpg
3331.521484375	0.0	image/844	844	1705739	train2017/000000341033.jpg
3332.326171875	0.0	image/842	842	1706151	train2017/000000209919.jpg
3333.12109375	0.0	image/922	922	1706558	train2017/000000235479.jpg
3333.943359375	0.0	image/929	929	1706979	train2017/000000495387.jpg
3334.73828125	0.0	image/958	958	1707386	train2017/000000433657.jpg
3335.544921875	0.0	image/863	863	1707799	train2017/000000215291.jpg
3336.345703125	0.0	image/875	875	1708209	train2017/000000482858.jpg
3337.12890625	0.0	image/891	891	1708610	train2017/000000224869.jpg
3337.921875	0.0	image/844	844	1709016	train2017/000000341033.jpg
3338.69140625	0.0	image/906	906	1709410	train2017/000000227928.jpg
3339.49609375	0.0	image/941	941	1709822	train2017/000000237697.jpg
3340.2890625	0.0	image/939	939	1710228	train2017/000000499627.jpg
3341.08984375	0.0	image/945	945	1710638	train2017/000000501739.jpg
3341.86328125	0.0	image/924	924	1711034	train2017/000000232277.jpg
3342.697265625	0.0	image/872	872	1711461	train2017/000000429887.jpg
3343.4921875	0.0	image/898	898	1711868	train2017/000000488406.jpg
3344.314453125	0.0	image/901	901	1712289	train2017/000000007567.jpg
3345.125	0.0	image/879	879	1712704	train2017/000000221441.jpg
3345.9296875	0.0	image/894	894	1713116	train2017/000000225533.jpg
3346.71484375	0.0	image/953	953	1713518	train2017/000000241026.jpg
3348.33203125	0.0	image/933	933	1714346	train2017/000000233873.jpg
3349.126953125	0.0	image/913	913	1714753	train2017/000000356810.jpg
3349.94921875	0.0	image/911	911	1715174	train2017/000000229456.jpg
3350.732421875	0.0	image/854	854	1715575	train2017/000000475236.jpg
3351.52734375	0.0	image/912	912	1715982	train2017/000000491611.jpg
3352.349609375	0.0	image/879	879	1716403	train2017/000000221441.jpg
3353.150390625	0.0	image/870	870	1716813	train2017/000000480601.jpg
3353.927734375	0.0	image/886	886	1717211	train2017/000000386856.jpg
3354.7109375	0.0	image/946	946	1717612	train2017/000000501867.jpg
3355.517578125	0.0	image/859	859	1718025	train2017/000000476380.jpg
3356.328125	0.0	image/846	846	1718440	train2017/000000474024.jpg
3357.1171875	0.0	image/938	938	1718844	train2017/000000237093.jpg
3357.951171875	0.0	image/880	880	1719271	train2017/000000484300.jpg
3358.78515625	0.0	image/899	899	1719698	train2017/000000168803.jpg
3359.61328125	0.0	image/942	942	1720122	train2017/000000238001.jpg
3360.41796875	0.0	image/866	866	1720534	train2017/000000216029.jpg
3362.013671875	0.0	image/912	912	1721351	train2017/000000491611.jpg
3362.818359375	0.0	image/930	930	1721763	train2017/000000344729.jpg
3363.65234375	0.0	image/857	857	1722190	train2017/000000213988.jpg
3364.46875	0.0	image/872	872	1722608	train2017/000000429887.jpg
3365.248046875	0.0	image/889	889	1723007	train2017/000000224396.jpg
3366.037109375	0.0	image/881	881	1723411	train2017/000000222921.jpg
3366.853515625	0.0	image/887	887	1723829	train2017/000000561677.jpg
3367.666015625	0.0	image/874	874	1724245	train2017/000000561006.jpg
3368.455078125	0.0	image/869	869	1724649	train2017/000000294744.jpg
3369.25390625	0.0	image/860	860	1725058	train2017/000000476481.jpg
3370.037109375	0.0	image/919	919	1725459	train2017/000000492627.jpg
3371.638671875	0.0	image/853	853	1726279	train2017/000000474827.jpg
3372.451171875	0.0	image/926	926	1726695	train2017/000000232648.jpg
3373.271484375	0.0	image/958	958	1727115	train2017/000000433657.jpg
3374.056640625	0.0	image/919	919	1727517	train2017/000000492627.jpg
3374.8828125	0.0	image/878	878	1727940	train2017/000000167908.jpg
3375.673828125	0.0	image/957	957	1728345	train2017/000000242631.jpg
3376.466796875	0.0	image/865	865	1728751	train2017/000000035972.jpg
3377.234375	0.0	image/911	911	1729144	train2017/000000229456.jpg
3378.0390625	0.0	image/880	880	1729556	train2017/000000484300.jpg
3378.82421875	0.0	image/957	957	1729958	train2017/000000242631.jpg
3380.390625	0.0	image/864	864	1730760	train2017/000000385417.jpg
3381.19140625	0.0	image/918	918	1731170	train2017/000000230422.jpg
3381.974609375	0.0	image/876	876	1731571	train2017/000000482912.jpg
3382.787109375	0.0	image/956	956	1731987	train2017/000000242133.jpg
3383.609375	0.0	image/953	953	1732408	train2017/000000241026.jpg
3384.404296875	0.0	image/843	843	1732815	train2017/000000210065.jpg
3385.1875	0.0	image/932	932	1733216	train2017/000000233580.jpg
3386.009765625	0.0	image/853	853	1733637	train2017/000000474827.jpg
3386.837890625	0.0	image/917	917	1734061	train2017/000000354185.jpg
3387.62109375	0.0	image/869	869	1734462	train2017/000000294744.jpg
3389.2109375	0.0	image/916	916	1735276	train2017/000000038370.jpg
3390.009765625	0.0	image/954	954	1735685	train2017/000000040187.jpg
3390.828125	0.0	image/874	874	1736104	train2017/000000561006.jpg
3391.60546875	0.0	image/896	896	1736502	train2017/000000225750.jpg
3392.39453125	0.0	image/909	909	1736906	train2017/000000228380.jpg
3393.1953125	0.0	image/892	892	1737316	train2017/000000225113.jpg
3393.978515625	0.0	image/920	920	1737717	train2017/000000300622.jpg
3394.76171875	0.0	image/871	871	1738118	train2017/000000480990.jpg
3395.578125	0.0	image/842	842	1738536	train2017/000000209919.jpg
3396.408203125	0.0	image/940	940	1738961	train2017/000000499730.jpg
3397.228515625	0.0	image/903	903	1739381	train2017/000000227451.jpg
3398.0625	0.0	image/927	927	1739808	train2017/000000495040.jpg
3398.86328125	0.0	image/949	949	1740218	train2017/000000240278.jpg
3400.42578125	0.0	image/921	921	1741018	train2017/000000231102.jpg
3401.248046875	0.0	image/873	873	1741439	train2017/000000429902.jpg
3402.046875	0.0	image/887	887	1741848	train2017/000000561677.jpg
3402.841796875	0.0	image/852	852	1742255	train2017/000000212440.jpg
3403.6484375	0.0	image/925	925	1742668	train2017/000000494552.jpg
3404.427734375	0.0	image/888	888	1743067	train2017/000000486503.jpg
3405.193359375	0.0	image/945	945	1743459	train2017/000000501739.jpg
3405.96484375	0.0	image/925	925	1743854	train2017/000000494552.jpg
3406.7421875	0.0	image/917	917	1744252	train2017/000000354185.jpg
3407.51171875	0.0	image/941	941	1744646	train2017/000000237697.jpg
3408.326171875	0.0	image/946	946	1745063	train2017/000000501867.jpg
3409.09375	0.0	image/856	856	1745456	train2017/000000213288.jpg
3409.87890625	0.0	image/934	934	1745858	train2017/000000497464.jpg
3410.69921875	0.0	image/908	908	1746278	train2017/000000228316.jpg
3411.484375	0.0	image/926	926	1746680	train2017/000000232648.jpg
3412.30078125	0.0	image/841	841	1747098	train2017/000000034961.jpg
3413.1171875	0.0	image/910	910	1747516	train2017/000000228565.jpg
3413.896484375	0.0	image/907	907	1747915	train2017/000000228133.jpg
3414.71875	0.0	image/871	871	1748336	train2017/000000480990.jpg
3415.529296875	0.0	image/922	922	1748751	train2017/000000235479.jpg
3416.330078125	0.0	image/950	950	1749161	train2017/000000502470.jpg
3417.1015625	0.0	image/878	878	1749556	train2017/000000167908.jpg
3417.91796875	0.0	image/932	932	1749974	train2017/000000233580.jpg
3418.751953125	0.0	image/899	899	1750401	train2017/000000168803.jpg
3419.5859375	0.0	image/929	929	1750828	train2017/000000495387.jpg
3421.13671875	0.0	image/960	960	1751622	train2017/000000505592.jpg
3421.947265625	0.0	image/850	850	1752037	train2017/000000212380.jpg
3422.748046875	0.0	image/882	882	1752447	train2017/000000485113.jpg
3423.5546875	0.0	image/959	959	1752860	train2017/000000505486.jpg
3424.365234375	0.0	image/936	936	1753275	train2017/000000497797.jpg
3425.130859375	0.0	image/890	890	1753667	train2017/000000224759.jpg
3425.921875	0.0	image/875	875	1754072	train2017/000000482858.jpg
3426.720703125	0.0	image/890	890	1754481	train2017/000000224759.jpg
3427.517578125	0.0	image/889	889	1754889	train2017/000000224396.jpg
3428.337890625	0.0	image/928	928	1755309	train2017/000000233104.jpg
3429.171875	0.0	image/931	931	1755736	train2017/000000495568.jpg
3429.97265625	0.0	image/881	881	1756146	train2017/000000222921.jpg
3430.78515625	0.0	image/930	930	1756562	train2017/000000344729.jpg
3431.568359375	0.0	image/942	942	1756963	train2017/000000238001.jpg
3432.390625	0.0	image/893	893	1757384	train2017/000000225383.jpg
3433.22265625	0.0	image/866	866	1757810	train2017/000000216029.jpg
3434.056640625	0.0	image/845	845	1758237	train2017/000000211198.jpg
3434.8359375	0.0	image/888	888	1758636	train2017/000000486503.jpg
3435.640625	0.0	image/882	882	1759048	train2017/000000485113.jpg
3436.423828125	0.0	image/940	940	1759449	train2017/000000499730.jpg
3437.203125	0.0	image/845	845	1759848	train2017/000000211198.jpg
3437.986328125	0.0	image/901	901	1760249	train2017/000000007567.jpg
3438.80859375	0.0	image/865	865	1760670	train2017/000000035972.jpg
3440.42578125	0.0	image/910	910	1761498	train2017/000000228565.jpg
3441.2265625	0.0	image/938	938	1761908	train2017/000000237093.jpg
3442.01953125	0.0	image/951	951	1762314	train2017/000000214821.jpg
3442.8203125	0.0	image/921	921	1762724	train2017/000000231102.jpg
3443.607421875	0.0	image/863	863	1763127	train2017/000000215291.jpg
3444.404296875	0.0	image/856	856	1763535	train2017/000000213288.jpg
3445.171875	0.0	image/902	902	1763928	train2017/000000227307.jpg
3445.935546875	0.0	image/954	954	1764319	train2017/000000040187.jpg
3447.5390625	0.0	image/859	859	1765140	train2017/000000476380.jpg
3448.361328125	0.0	image/867	867	1765561	train2017/000000479035.jpg
3449.162109375	0.0	image/862	862	1765971	train2017/000000215023.jpg
3450.779296875	0.0	image/849	849	1766799	train2017/000000212229.jpg
3451.578125	0.0	image/868	868	1767208	train2017/000000444880.jpg
3452.412109375	0.0	image/939	939	1767635	train2017/000000499627.jpg
3453.193359375	0.0	image/849	849	1768035	train2017/000000212229.jpg
3454.005859375	0.0	image/895	895	1768451	train2017/000000487825.jpg
3454.796875	0.0	image/861	861	1768856	train2017/000000560054.jpg
3455.607421875	0.0	image/904	904	1769271	train2017/000000227733.jpg
3456.390625	0.0	image/951	951	1769672	train2017/000000214821.jpg
3457.21484375	0.0	image/915	915	1770094	train2017/000000229947.jpg
3458.025390625	0.0	image/848	848	1770509	train2017/000000474353.jpg
3458.814453125	0.0	image/861	861	1770913	train2017/000000560054.jpg
3459.625	0.0	image/884	884	1771328	train2017/000000485605.jpg
3460.44140625	0.0	image/916	916	1771746	train2017/000000038370.jpg
3461.232421875	0.0	image/903	903	1772151	train2017/000000227451.jpg
3462.865234375	0.0	image/905	905	1772987	train2017/000000227843.jpg
3463.693359375	0.0	image/846	846	1773411	train2017/000000474024.jpg
3464.4609375	0.0	image/943	943	1773804	train2017/000000238201.jpg
3466.06640625	0.0	image/952	952	1774626	train2017/000000502860.jpg
3466.845703125	0.0	image/944	944	1775025	train2017/000000239337.jpg
3468.451171875	0.0	image/920	920	1775847	train2017/000000300622.jpg
3469.279296875	0.0	image/852	852	1776271	train2017/000000212440.jpg
3470.068359375	0.0	image/885	885	1776675	train2017/000000223718.jpg
3471.634765625	0.0	image/905	905	1777477	train2017/000000227843.jpg
3472.451171875	0.0	image/892	892	1777895	train2017/000000225113.jpg
3473.236328125	0.0	image/870	870	1778297	train2017/000000480601.jpg
3474.068359375	0.0	image/947	947	1778723	train2017/000000501926.jpg
3475.669921875	0.0	image/949	949	1779543	train2017/000000240278.jpg
3476.486328125	0.0	image/864	864	1779961	train2017/000000385417.jpg
3477.298828125	0.0	image/893	893	1780377	train2017/000000225383.jpg
3478.099609375	0.0	image/873	873	1780787	train2017/000000429902.jpg
3478.88671875	0.0	image/876	876	1781190	train2017/000000482912.jpg
