onset	duration	trial_type	value	sample	stim_file
1.94921875	0.0	image/10	10	998	train2017/000000001308.jpg
2.736328125	0.0	image/102	102	1401	train2017/000000018078.jpg
3.537109375	0.0	image/106	106	1811	train2017/000000280808.jpg
5.169921875	0.0	image/30	30	2647	train2017/000000004442.jpg
5.96484375	0.0	image/61	61	3054	train2017/000000272901.jpg
6.787109375	0.0	image/37	37	3475	train2017/000000005684.jpg
7.615234375	0.0	image/103	103	3899	train2017/000000280484.jpg
8.421875	0.0	image/67	67	4312	train2017/000000011358.jpg
9.203125	0.0	image/19	19	4712	train2017/000000526968.jpg
9.984375	0.0	image/47	47	5112	train2017/000000531828.jpg
10.8046875	0.0	image/28	28	5532	train2017/000000558788.jpg
11.60546875	0.0	image/85	85	5942	train2017/000000539705.jpg
12.4375	0.0	image/42	42	6368	train2017/000000268659.jpg
13.255859375	0.0	image/80	80	6787	train2017/000000538822.jpg
14.81640625	0.0	image/83	83	7586	train2017/000000277524.jpg
15.58203125	0.0	image/57	57	7978	train2017/000000001625.jpg
16.373046875	0.0	image/16	16	8383	train2017/000000002270.jpg
17.203125	0.0	image/1	1	8808	train2017/000000262145.jpg
18.01953125	0.0	image/83	83	9226	train2017/000000277524.jpg
19.615234375	0.0	image/15	15	10043	train2017/000000264396.jpg
20.421875	0.0	image/34	34	10456	train2017/000000005277.jpg
21.251953125	0.0	image/7	7	10881	train2017/000000000605.jpg
22.025390625	0.0	image/18	18	11277	train2017/000000264735.jpg
22.8359375	0.0	image/40	40	11692	train2017/000000268114.jpg
23.619140625	0.0	image/25	25	12093	train2017/000000527618.jpg
24.38671875	0.0	image/46	46	12486	train2017/000000531515.jpg
25.193359375	0.0	image/87	87	12899	train2017/000000300383.jpg
26.00390625	0.0	image/88	88	13314	train2017/000000540538.jpg
26.7890625	0.0	image/81	81	13716	train2017/000000539340.jpg
27.59375	0.0	image/75	75	14128	train2017/000000399878.jpg
28.369140625	0.0	image/39	39	14525	train2017/000000268008.jpg
29.16015625	0.0	image/62	62	14930	train2017/000000010903.jpg
29.9609375	0.0	image/60	60	15340	train2017/000000010710.jpg
31.578125	0.0	image/110	110	16168	train2017/000000019863.jpg
32.361328125	0.0	image/21	21	16569	train2017/000000274108.jpg
33.189453125	0.0	image/93	93	16993	train2017/000000541077.jpg
33.99609375	0.0	image/90	90	17406	train2017/000000278555.jpg
34.8046875	0.0	image/7	7	17820	train2017/000000000605.jpg
35.62890625	0.0	image/107	107	18242	train2017/000000543254.jpg
36.412109375	0.0	image/93	93	18643	train2017/000000541077.jpg
37.197265625	0.0	image/37	37	19045	train2017/000000005684.jpg
37.978515625	0.0	image/57	57	19445	train2017/000000001625.jpg
38.796875	0.0	image/76	76	19864	train2017/000000275902.jpg
39.580078125	0.0	image/19	19	20265	train2017/000000526968.jpg
40.390625	0.0	image/20	20	20680	train2017/000000526980.jpg
41.197265625	0.0	image/30	30	21093	train2017/000000004442.jpg
41.9921875	0.0	image/96	96	21500	train2017/000000541258.jpg
42.7578125	0.0	image/38	38	21892	train2017/000000312536.jpg
43.525390625	0.0	image/51	51	22285	train2017/000000008027.jpg
44.30859375	0.0	image/14	14	22686	train2017/000000264244.jpg
45.099609375	0.0	image/115	115	23091	train2017/000000021095.jpg
45.927734375	0.0	image/31	31	23515	train2017/000000266622.jpg
47.52734375	0.0	image/24	24	24334	train2017/000000265453.jpg
48.310546875	0.0	image/94	94	24735	train2017/000000278962.jpg
49.1171875	0.0	image/91	91	25148	train2017/000000540735.jpg
49.916015625	0.0	image/8	8	25557	train2017/000000000625.jpg
50.748046875	0.0	image/84	84	25983	train2017/000000570543.jpg
51.517578125	0.0	image/72	72	26377	train2017/000000274978.jpg
52.310546875	0.0	image/29	29	26783	train2017/000000393907.jpg
53.09375	0.0	image/48	48	27184	train2017/000000011299.jpg
54.65234375	0.0	image/67	67	27982	train2017/000000011358.jpg
55.435546875	0.0	image/120	120	28383	train2017/000000021718.jpg
56.267578125	0.0	image/112	112	28809	train2017/000000544926.jpg
57.052734375	0.0	image/117	117	29211	train2017/000000396793.jpg
57.830078125	0.0	image/92	92	29609	train2017/000000278714.jpg
58.630859375	0.0	image/44	44	30019	train2017/000000007048.jpg
59.435546875	0.0	image/95	95	30431	train2017/000000016898.jpg
60.248046875	0.0	image/110	110	30847	train2017/000000019863.jpg
61.796875	0.0	image/80	80	31640	train2017/000000538822.jpg
62.62109375	0.0	image/94	94	32062	train2017/000000278962.jpg
64.205078125	0.0	image/15	15	32873	train2017/000000264396.jpg
65.005859375	0.0	image/116	116	33283	train2017/000000283426.jpg
65.8359375	0.0	image/70	70	33708	train2017/000000536786.jpg
66.65625	0.0	image/79	79	34128	train2017/000000276664.jpg
67.44921875	0.0	image/89	89	34534	train2017/000000016314.jpg
68.255859375	0.0	image/33	33	34947	train2017/000000267338.jpg
69.056640625	0.0	image/109	109	35357	train2017/000000544060.jpg
69.833984375	0.0	image/45	45	35755	train2017/000000531392.jpg
71.490234375	0.0	image/43	43	36603	train2017/000000006765.jpg
72.32421875	0.0	image/102	102	37030	train2017/000000018078.jpg
73.154296875	0.0	image/33	33	37455	train2017/000000267338.jpg
74.724609375	0.0	image/74	74	38259	train2017/000000275663.jpg
75.5078125	0.0	image/62	62	38660	train2017/000000010903.jpg
76.32421875	0.0	image/114	114	39078	train2017/000000571485.jpg
77.125	0.0	image/5	5	39488	train2017/000000262690.jpg
78.669921875	0.0	image/81	81	40279	train2017/000000539340.jpg
79.458984375	0.0	image/31	31	40683	train2017/000000266622.jpg
80.2421875	0.0	image/113	113	41084	train2017/000000545160.jpg
81.01953125	0.0	image/2	2	41482	train2017/000000262239.jpg
81.8046875	0.0	image/107	107	41884	train2017/000000543254.jpg
82.5703125	0.0	image/71	71	42276	train2017/000000536884.jpg
83.376953125	0.0	image/75	75	42689	train2017/000000399878.jpg
84.16015625	0.0	image/74	74	43090	train2017/000000275663.jpg
84.955078125	0.0	image/50	50	43497	train2017/000000007932.jpg
85.76171875	0.0	image/73	73	43910	train2017/000000537393.jpg
86.5390625	0.0	image/111	111	44308	train2017/000000020517.jpg
87.3046875	0.0	image/84	84	44700	train2017/000000570543.jpg
88.111328125	0.0	image/65	65	45113	train2017/000000273147.jpg
88.9453125	0.0	image/70	70	45540	train2017/000000536786.jpg
89.72265625	0.0	image/108	108	45938	train2017/000000281330.jpg
90.48828125	0.0	image/18	18	46330	train2017/000000264735.jpg
92.080078125	0.0	image/96	96	47145	train2017/000000541258.jpg
92.890625	0.0	image/28	28	47560	train2017/000000558788.jpg
93.697265625	0.0	image/76	76	47973	train2017/000000275902.jpg
94.49609375	0.0	image/105	105	48382	train2017/000000280764.jpg
96.11328125	0.0	image/68	68	49210	train2017/000000535871.jpg
96.92578125	0.0	image/72	72	49626	train2017/000000274978.jpg
97.69140625	0.0	image/5	5	50018	train2017/000000262690.jpg
98.494140625	0.0	image/17	17	50429	train2017/000000002372.jpg
99.29296875	0.0	image/59	59	50838	train2017/000000010046.jpg
100.109375	0.0	image/41	41	51256	train2017/000000268418.jpg
100.8984375	0.0	image/91	91	51660	train2017/000000540735.jpg
101.728515625	0.0	image/119	119	52085	train2017/000000545950.jpg
102.54296875	0.0	image/64	64	52502	train2017/000000273138.jpg
104.126953125	0.0	image/86	86	53313	train2017/000000539879.jpg
104.93359375	0.0	image/97	97	53726	train2017/000000279197.jpg
105.728515625	0.0	image/82	82	54133	train2017/000000539395.jpg
106.494140625	0.0	image/54	54	54525	train2017/000000532753.jpg
107.30078125	0.0	image/27	27	54938	train2017/000000265745.jpg
108.083984375	0.0	image/69	69	55339	train2017/000000011856.jpg
108.87890625	0.0	image/63	63	55746	train2017/000000273120.jpg
109.66015625	0.0	image/77	77	56146	train2017/000000275938.jpg
110.46875	0.0	image/109	109	56560	train2017/000000544060.jpg
111.26171875	0.0	image/99	99	56966	train2017/000000271183.jpg
112.048828125	0.0	image/44	44	57369	train2017/000000007048.jpg
112.818359375	0.0	image/59	59	57763	train2017/000000010046.jpg
113.63671875	0.0	image/69	69	58182	train2017/000000011856.jpg
114.447265625	0.0	image/79	79	58597	train2017/000000276664.jpg
115.236328125	0.0	image/49	49	59001	train2017/000000219750.jpg
116.013671875	0.0	image/25	25	59399	train2017/000000527618.jpg
116.814453125	0.0	image/113	113	59809	train2017/000000545160.jpg
118.453125	0.0	image/88	88	60648	train2017/000000540538.jpg
119.25390625	0.0	image/13	13	61058	train2017/000000525932.jpg
120.0703125	0.0	image/23	23	61476	train2017/000000265150.jpg
120.849609375	0.0	image/40	40	61875	train2017/000000268114.jpg
121.63671875	0.0	image/118	118	62278	train2017/000000283678.jpg
122.421875	0.0	image/104	104	62680	train2017/000000018367.jpg
123.232421875	0.0	image/32	32	63095	train2017/000000005028.jpg
124.01953125	0.0	image/68	68	63498	train2017/000000535871.jpg
124.822265625	0.0	image/52	52	63909	train2017/000000008053.jpg
125.650390625	0.0	image/20	20	64333	train2017/000000526980.jpg
126.47265625	0.0	image/56	56	64754	train2017/000000008998.jpg
127.267578125	0.0	image/65	65	65161	train2017/000000273147.jpg
128.857421875	0.0	image/9	9	65975	train2017/000000000650.jpg
129.685546875	0.0	image/112	112	66399	train2017/000000544926.jpg
130.490234375	0.0	image/14	14	66811	train2017/000000264244.jpg
131.291015625	0.0	image/58	58	67221	train2017/000000534259.jpg
132.0859375	0.0	image/101	101	67628	train2017/000000017967.jpg
132.908203125	0.0	image/66	66	68049	train2017/000000273250.jpg
133.736328125	0.0	image/120	120	68473	train2017/000000021718.jpg
134.55078125	0.0	image/10	10	68890	train2017/000000001308.jpg
135.37109375	0.0	image/11	11	69310	train2017/000000263599.jpg
136.17578125	0.0	image/100	100	69722	train2017/000000541856.jpg
136.970703125	0.0	image/92	92	70129	train2017/000000278714.jpg
137.771484375	0.0	image/87	87	70539	train2017/000000300383.jpg
138.576171875	0.0	image/114	114	70951	train2017/000000571485.jpg
139.38671875	0.0	image/118	118	71366	train2017/000000283678.jpg
140.17578125	0.0	image/48	48	71770	train2017/000000011299.jpg
141.744140625	0.0	image/78	78	72573	train2017/000000013969.jpg
142.5390625	0.0	image/104	104	72980	train2017/000000018367.jpg
143.345703125	0.0	image/35	35	73393	train2017/000000267647.jpg
144.15625	0.0	image/95	95	73808	train2017/000000016898.jpg
144.921875	0.0	image/53	53	74200	train2017/000000270278.jpg
145.74609375	0.0	image/50	50	74622	train2017/000000007932.jpg
147.359375	0.0	image/71	71	75448	train2017/000000536884.jpg
148.173828125	0.0	image/3	3	75865	train2017/000000262414.jpg
148.947265625	0.0	image/77	77	76261	train2017/000000275938.jpg
150.546875	0.0	image/53	53	77080	train2017/000000270278.jpg
151.36328125	0.0	image/54	54	77498	train2017/000000532753.jpg
152.181640625	0.0	image/22	22	77917	train2017/000000265023.jpg
152.962890625	0.0	image/117	117	78317	train2017/000000396793.jpg
153.77734375	0.0	image/111	111	78734	train2017/000000020517.jpg
154.58203125	0.0	image/116	116	79146	train2017/000000283426.jpg
156.177734375	0.0	image/47	47	79963	train2017/000000531828.jpg
156.97265625	0.0	image/105	105	80370	train2017/000000280764.jpg
158.615234375	0.0	image/3	3	81211	train2017/000000262414.jpg
159.41015625	0.0	image/82	82	81618	train2017/000000539395.jpg
160.2109375	0.0	image/1	1	82028	train2017/000000262145.jpg
161.0	0.0	image/89	89	82432	train2017/000000016314.jpg
161.80078125	0.0	image/13	13	82842	train2017/000000525932.jpg
162.583984375	0.0	image/108	108	83243	train2017/000000281330.jpg
163.3671875	0.0	image/73	73	83644	train2017/000000537393.jpg
164.16796875	0.0	image/24	24	84054	train2017/000000265453.jpg
164.943359375	0.0	image/106	106	84451	train2017/000000280808.jpg
165.748046875	0.0	image/61	61	84863	train2017/000000272901.jpg
166.5625	0.0	image/36	36	85280	train2017/000000267699.jpg
167.37890625	0.0	image/64	64	85698	train2017/000000273138.jpg
168.1484375	0.0	image/43	43	86092	train2017/000000006765.jpg
168.919921875	0.0	image/9	9	86487	train2017/000000000650.jpg
169.712890625	0.0	image/86	86	86893	train2017/000000539879.jpg
170.498046875	0.0	image/85	85	87295	train2017/000000539705.jpg
171.3203125	0.0	image/55	55	87716	train2017/000000533231.jpg
172.103515625	0.0	image/51	51	88117	train2017/000000008027.jpg
172.9140625	0.0	image/115	115	88532	train2017/000000021095.jpg
173.71484375	0.0	image/58	58	88942	train2017/000000534259.jpg
174.537109375	0.0	image/52	52	89363	train2017/000000008053.jpg
175.35546875	0.0	image/41	41	89782	train2017/000000268418.jpg
177.638671875	0.0	image/123	123	90951	train2017/000000022256.jpg
178.46484375	0.0	image/146	146	91374	train2017/000000289460.jpg
179.232421875	0.0	image/145	145	91767	train2017/000000027298.jpg
180.001953125	0.0	image/200	200	92161	train2017/000000565834.jpg
180.78515625	0.0	image/168	168	92562	train2017/000000557848.jpg
181.572265625	0.0	image/201	201	92965	train2017/000000041606.jpg
182.373046875	0.0	image/212	212	93375	train2017/000000043776.jpg
183.15234375	0.0	image/182	182	93774	train2017/000000298170.jpg
183.974609375	0.0	image/149	149	94195	train2017/000000290192.jpg
184.78515625	0.0	image/176	176	94610	train2017/000000297154.jpg
185.568359375	0.0	image/121	121	95011	train2017/000000546140.jpg
186.357421875	0.0	image/174	174	95415	train2017/000000559145.jpg
187.169921875	0.0	image/183	183	95831	train2017/000000298395.jpg
187.96875	0.0	image/136	136	96240	train2017/000000026388.jpg
188.775390625	0.0	image/169	169	96653	train2017/000000557886.jpg
189.5859375	0.0	image/226	226	97068	train2017/000000571499.jpg
190.353515625	0.0	image/159	159	97461	train2017/000000292845.jpg
191.17578125	0.0	image/158	158	97882	train2017/000000030148.jpg
192.00390625	0.0	image/202	202	98306	train2017/000000566201.jpg
192.810546875	0.0	image/230	230	98719	train2017/000000573337.jpg
193.59375	0.0	image/175	175	99120	train2017/000000559225.jpg
194.39453125	0.0	image/151	151	99530	train2017/000000553150.jpg
195.193359375	0.0	image/235	235	99939	train2017/000000050256.jpg
196.005859375	0.0	image/232	232	100355	train2017/000000311232.jpg
196.7890625	0.0	image/217	217	100756	train2017/000000306988.jpg
197.611328125	0.0	image/235	235	101177	train2017/000000050256.jpg
198.439453125	0.0	image/223	223	101601	train2017/000000309135.jpg
199.228515625	0.0	image/220	220	102005	train2017/000000569645.jpg
200.0390625	0.0	image/205	205	102420	train2017/000000566341.jpg
200.806640625	0.0	image/172	172	102813	train2017/000000558822.jpg
201.572265625	0.0	image/132	132	103205	train2017/000000549830.jpg
202.33984375	0.0	image/135	135	103598	train2017/000000288372.jpg
203.107421875	0.0	image/140	140	103991	train2017/000000551164.jpg
203.923828125	0.0	image/132	132	104409	train2017/000000549830.jpg
204.7265625	0.0	image/126	126	104820	train2017/000000547367.jpg
205.49609375	0.0	image/206	206	105214	train2017/000000263276.jpg
206.296875	0.0	image/198	198	105624	train2017/000000303436.jpg
207.107421875	0.0	image/171	171	106039	train2017/000000033764.jpg
207.9140625	0.0	image/137	137	106452	train2017/000000026443.jpg
208.708984375	0.0	image/153	153	106859	train2017/000000553586.jpg
209.4921875	0.0	image/181	181	107260	train2017/000000035927.jpg
210.298828125	0.0	image/203	203	107673	train2017/000000566261.jpg
211.091796875	0.0	image/131	131	108079	train2017/000000549301.jpg
211.876953125	0.0	image/127	127	108481	train2017/000000285450.jpg
212.66015625	0.0	image/158	158	108882	train2017/000000030148.jpg
213.44921875	0.0	image/209	209	109286	train2017/000000043176.jpg
214.27734375	0.0	image/192	192	109710	train2017/000000225054.jpg
215.083984375	0.0	image/173	173	110123	train2017/000000559816.jpg
215.87890625	0.0	image/213	213	110530	train2017/000000043815.jpg
216.68359375	0.0	image/185	185	110942	train2017/000000036589.jpg
217.517578125	0.0	image/202	202	111369	train2017/000000566201.jpg
218.328125	0.0	image/180	180	111784	train2017/000000297844.jpg
219.1171875	0.0	image/144	144	112188	train2017/000000354070.jpg
219.9296875	0.0	image/237	237	112604	train2017/000000095809.jpg
220.6953125	0.0	image/208	208	112996	train2017/000000043150.jpg
221.498046875	0.0	image/187	187	113407	train2017/000000037779.jpg
222.302734375	0.0	image/208	208	113819	train2017/000000043150.jpg
223.095703125	0.0	image/161	161	114225	train2017/000000293368.jpg
223.884765625	0.0	image/194	194	114629	train2017/000000302588.jpg
224.685546875	0.0	image/225	225	115039	train2017/000000047172.jpg
225.513671875	0.0	image/133	133	115463	train2017/000000026029.jpg
226.3359375	0.0	image/169	169	115884	train2017/000000557886.jpg
227.1484375	0.0	image/206	206	116300	train2017/000000263276.jpg
227.935546875	0.0	image/147	147	116703	train2017/000000289791.jpg
228.75390625	0.0	image/142	142	117122	train2017/000000027002.jpg
229.533203125	0.0	image/163	163	117521	train2017/000000032134.jpg
230.35546875	0.0	image/178	178	117942	train2017/000000355458.jpg
231.1328125	0.0	image/140	140	118340	train2017/000000551164.jpg
231.947265625	0.0	image/130	130	118757	train2017/000000548593.jpg
232.712890625	0.0	image/122	122	119149	train2017/000000546147.jpg
233.533203125	0.0	image/131	131	119569	train2017/000000549301.jpg
234.33203125	0.0	image/149	149	119978	train2017/000000290192.jpg
235.103515625	0.0	image/172	172	120373	train2017/000000558822.jpg
235.921875	0.0	image/211	211	120792	train2017/000000567837.jpg
236.701171875	0.0	image/191	191	121191	train2017/000000039196.jpg
237.505859375	0.0	image/148	148	121603	train2017/000000027665.jpg
238.291015625	0.0	image/160	160	122005	train2017/000000293130.jpg
239.1171875	0.0	image/215	215	122428	train2017/000000306249.jpg
239.88671875	0.0	image/124	124	122822	train2017/000000122964.jpg
240.673828125	0.0	image/233	233	123225	train2017/000000532520.jpg
241.484375	0.0	image/222	222	123640	train2017/000000308950.jpg
242.287109375	0.0	image/150	150	124051	train2017/000000552589.jpg
243.05859375	0.0	image/129	129	124446	train2017/000000023392.jpg
243.8515625	0.0	image/204	204	124852	train2017/000000304187.jpg
244.65234375	0.0	image/238	238	125262	train2017/000000050624.jpg
245.419921875	0.0	image/196	196	125655	train2017/000000574784.jpg
246.2421875	0.0	image/213	213	126076	train2017/000000043815.jpg
247.037109375	0.0	image/191	191	126483	train2017/000000039196.jpg
247.802734375	0.0	image/205	205	126875	train2017/000000566341.jpg
248.609375	0.0	image/214	214	127288	train2017/000000306031.jpg
250.171875	0.0	image/147	147	128088	train2017/000000289791.jpg
250.95703125	0.0	image/145	145	128490	train2017/000000027298.jpg
251.771484375	0.0	image/164	164	128907	train2017/000000556542.jpg
252.5390625	0.0	image/217	217	129300	train2017/000000306988.jpg
253.322265625	0.0	image/236	236	129701	train2017/000000574760.jpg
254.12890625	0.0	image/215	215	130114	train2017/000000306249.jpg
254.955078125	0.0	image/211	211	130537	train2017/000000567837.jpg
255.7578125	0.0	image/195	195	130948	train2017/000000040685.jpg
256.544921875	0.0	image/239	239	131351	train2017/000000313480.jpg
257.32421875	0.0	image/162	162	131750	train2017/000000293372.jpg
258.095703125	0.0	image/188	188	132145	train2017/000000037823.jpg
258.9296875	0.0	image/142	142	132572	train2017/000000027002.jpg
259.712890625	0.0	image/228	228	132973	train2017/000000572215.jpg
260.49609375	0.0	image/221	221	133374	train2017/000000575701.jpg
261.27734375	0.0	image/180	180	133774	train2017/000000297844.jpg
262.080078125	0.0	image/224	224	134185	train2017/000000309192.jpg
262.857421875	0.0	image/136	136	134583	train2017/000000026388.jpg
263.658203125	0.0	image/220	220	134993	train2017/000000569645.jpg
264.46484375	0.0	image/194	194	135406	train2017/000000302588.jpg
265.2734375	0.0	image/240	240	135820	train2017/000000575971.jpg
266.048828125	0.0	image/197	197	136217	train2017/000000303392.jpg
267.658203125	0.0	image/129	129	137041	train2017/000000023392.jpg
268.423828125	0.0	image/237	237	137433	train2017/000000095809.jpg
270.033203125	0.0	image/152	152	138257	train2017/000000553166.jpg
270.80859375	0.0	image/234	234	138654	train2017/000000312003.jpg
271.609375	0.0	image/233	233	139064	train2017/000000532520.jpg
272.37890625	0.0	image/167	167	139458	train2017/000000032809.jpg
273.93359375	0.0	image/207	207	140254	train2017/000000042578.jpg
274.751953125	0.0	image/223	223	140673	train2017/000000309135.jpg
275.53515625	0.0	image/216	216	141074	train2017/000000225829.jpg
276.361328125	0.0	image/170	170	141497	train2017/000000033727.jpg
277.16796875	0.0	image/171	171	141910	train2017/000000033764.jpg
277.962890625	0.0	image/193	193	142317	train2017/000000564465.jpg
278.783203125	0.0	image/192	192	142737	train2017/000000225054.jpg
279.568359375	0.0	image/152	152	143139	train2017/000000553166.jpg
280.353515625	0.0	image/138	138	143541	train2017/000000288751.jpg
282.00390625	0.0	image/157	157	144386	train2017/000000030109.jpg
282.787109375	0.0	image/177	177	144787	train2017/000000573830.jpg
283.59765625	0.0	image/143	143	145202	train2017/000000027030.jpg
285.25390625	0.0	image/207	207	146050	train2017/000000042578.jpg
286.048828125	0.0	image/165	165	146457	train2017/000000032275.jpg
286.83203125	0.0	image/189	189	146858	train2017/000000300881.jpg
287.599609375	0.0	image/167	167	147251	train2017/000000032809.jpg
288.3671875	0.0	image/157	157	147644	train2017/000000030109.jpg
289.15625	0.0	image/135	135	148048	train2017/000000288372.jpg
289.982421875	0.0	image/130	130	148471	train2017/000000548593.jpg
290.7890625	0.0	image/122	122	148884	train2017/000000546147.jpg
291.6171875	0.0	image/165	165	149308	train2017/000000032275.jpg
292.439453125	0.0	image/141	141	149729	train2017/000000026981.jpg
293.267578125	0.0	image/203	203	150153	train2017/000000566261.jpg
294.8671875	0.0	image/150	150	150972	train2017/000000552589.jpg
295.658203125	0.0	image/210	210	151377	train2017/000000305685.jpg
296.474609375	0.0	image/188	188	151795	train2017/000000037823.jpg
297.291015625	0.0	image/222	222	152213	train2017/000000308950.jpg
298.07421875	0.0	image/229	229	152614	train2017/000000310870.jpg
298.875	0.0	image/190	190	153024	train2017/000000038801.jpg
300.525390625	0.0	image/125	125	153869	train2017/000000022964.jpg
301.341796875	0.0	image/175	175	154287	train2017/000000559225.jpg
302.91015625	0.0	image/170	170	155090	train2017/000000033727.jpg
303.693359375	0.0	image/181	181	155491	train2017/000000035927.jpg
304.525390625	0.0	image/148	148	155917	train2017/000000027665.jpg
305.353515625	0.0	image/163	163	156341	train2017/000000032134.jpg
306.12109375	0.0	image/121	121	156734	train2017/000000546140.jpg
306.927734375	0.0	image/127	127	157147	train2017/000000285450.jpg
307.73828125	0.0	image/179	179	157562	train2017/000000559958.jpg
308.521484375	0.0	image/212	212	157963	train2017/000000043776.jpg
310.138671875	0.0	image/225	225	158791	train2017/000000047172.jpg
311.74609375	0.0	image/200	200	159614	train2017/000000565834.jpg
313.37890625	0.0	image/162	162	160450	train2017/000000293372.jpg
314.162109375	0.0	image/168	168	160851	train2017/000000557848.jpg
314.99609375	0.0	image/182	182	161278	train2017/000000298170.jpg
315.82421875	0.0	image/224	224	161702	train2017/000000309192.jpg
316.626953125	0.0	image/177	177	162113	train2017/000000573830.jpg
317.447265625	0.0	image/201	201	162533	train2017/000000041606.jpg
318.2265625	0.0	image/160	160	162932	train2017/000000293130.jpg
319.859375	0.0	image/161	161	163768	train2017/000000293368.jpg
320.6640625	0.0	image/137	137	164180	train2017/000000026443.jpg
321.46484375	0.0	image/134	134	164590	train2017/000000550396.jpg
322.259765625	0.0	image/214	214	164997	train2017/000000306031.jpg
323.064453125	0.0	image/184	184	165409	train2017/000000006053.jpg
324.66015625	0.0	image/230	230	166226	train2017/000000573337.jpg
325.46484375	0.0	image/164	164	166638	train2017/000000556542.jpg
326.283203125	0.0	image/141	141	167057	train2017/000000026981.jpg
327.8671875	0.0	image/209	209	167868	train2017/000000043176.jpg
328.650390625	0.0	image/187	187	168269	train2017/000000037779.jpg
329.451171875	0.0	image/193	193	168679	train2017/000000564465.jpg
330.267578125	0.0	image/184	184	169097	train2017/000000006053.jpg
331.0625	0.0	image/159	159	169504	train2017/000000292845.jpg
331.869140625	0.0	image/166	166	169917	train2017/000000556748.jpg
332.701171875	0.0	image/204	204	170343	train2017/000000304187.jpg
333.501953125	0.0	image/238	238	170753	train2017/000000050624.jpg
335.068359375	0.0	image/128	128	171555	train2017/000000547644.jpg
335.853515625	0.0	image/196	196	171957	train2017/000000574784.jpg
336.630859375	0.0	image/227	227	172355	train2017/000000047638.jpg
337.453125	0.0	image/124	124	172776	train2017/000000122964.jpg
338.28125	0.0	image/155	155	173200	train2017/000000029730.jpg
339.046875	0.0	image/229	229	173592	train2017/000000310870.jpg
339.81640625	0.0	image/218	218	173986	train2017/000000569196.jpg
340.62109375	0.0	image/125	125	174398	train2017/000000022964.jpg
341.43359375	0.0	image/185	185	174814	train2017/000000036589.jpg
343.072265625	0.0	image/138	138	175653	train2017/000000288751.jpg
343.85546875	0.0	image/186	186	176054	train2017/000000037358.jpg
344.654296875	0.0	image/198	198	176463	train2017/000000303436.jpg
345.466796875	0.0	image/155	155	176879	train2017/000000029730.jpg
346.255859375	0.0	image/144	144	177283	train2017/000000354070.jpg
347.072265625	0.0	image/156	156	177701	train2017/000000029732.jpg
347.849609375	0.0	image/239	239	178099	train2017/000000313480.jpg
348.63671875	0.0	image/151	151	178502	train2017/000000553150.jpg
349.45703125	0.0	image/216	216	178922	train2017/000000225829.jpg
350.2578125	0.0	image/240	240	179332	train2017/000000575971.jpg
351.07421875	0.0	image/218	218	179750	train2017/000000569196.jpg
352.65234375	0.0	image/123	123	180558	train2017/000000022256.jpg
354.19140625	0.0	image/210	210	181346	train2017/000000305685.jpg
355.001953125	0.0	image/128	128	181761	train2017/000000547644.jpg
355.8046875	0.0	image/154	154	182172	train2017/000000291560.jpg
356.591796875	0.0	image/219	219	182575	train2017/000000219735.jpg
357.40234375	0.0	image/174	174	182990	train2017/000000559145.jpg
358.17578125	0.0	image/195	195	183386	train2017/000000040685.jpg
359.005859375	0.0	image/232	232	183811	train2017/000000311232.jpg
359.802734375	0.0	image/231	231	184219	train2017/000000270325.jpg
360.607421875	0.0	image/176	176	184631	train2017/000000297154.jpg
361.427734375	0.0	image/227	227	185051	train2017/000000047638.jpg
363.005859375	0.0	image/166	166	185859	train2017/000000556748.jpg
363.822265625	0.0	image/231	231	186277	train2017/000000270325.jpg
364.623046875	0.0	image/189	189	186687	train2017/000000300881.jpg
365.4453125	0.0	image/186	186	187108	train2017/000000037358.jpg
366.255859375	0.0	image/234	234	187523	train2017/000000312003.jpg
367.04296875	0.0	image/153	153	187926	train2017/000000553586.jpg
367.830078125	0.0	image/236	236	188329	train2017/000000574760.jpg
368.658203125	0.0	image/199	199	188753	train2017/000000565652.jpg
369.478515625	0.0	image/219	219	189173	train2017/000000219735.jpg
370.263671875	0.0	image/139	139	189575	train2017/000000026702.jpg
371.09765625	0.0	image/173	173	190002	train2017/000000559816.jpg
371.880859375	0.0	image/228	228	190403	train2017/000000572215.jpg
372.70703125	0.0	image/221	221	190826	train2017/000000575701.jpg
373.513671875	0.0	image/134	134	191239	train2017/000000550396.jpg
375.09765625	0.0	image/133	133	192050	train2017/000000026029.jpg
375.875	0.0	image/156	156	192448	train2017/000000029732.jpg
376.6484375	0.0	image/190	190	192844	train2017/000000038801.jpg
377.431640625	0.0	image/199	199	193245	train2017/000000565652.jpg
378.244140625	0.0	image/139	139	193661	train2017/000000026702.jpg
379.0703125	0.0	image/226	226	194084	train2017/000000571499.jpg
379.876953125	0.0	image/178	178	194497	train2017/000000355458.jpg
380.666015625	0.0	image/179	179	194901	train2017/000000559958.jpg
381.4609375	0.0	image/146	146	195308	train2017/000000289460.jpg
383.033203125	0.0	image/154	154	196113	train2017/000000291560.jpg
384.650390625	0.0	image/126	126	196941	train2017/000000547367.jpg
385.484375	0.0	image/143	143	197368	train2017/000000027030.jpg
386.314453125	0.0	image/197	197	197793	train2017/000000303392.jpg
387.09765625	0.0	image/183	183	198194	train2017/000000298395.jpg
395.14453125	0.0	image/346	346	202314	train2017/000000336374.jpg
395.95703125	0.0	image/301	301	202730	train2017/000000066253.jpg
396.771484375	0.0	image/275	275	203147	train2017/000000403184.jpg
397.59375	0.0	image/270	270	203568	train2017/000000058407.jpg
399.244140625	0.0	image/339	339	204413	train2017/000000072715.jpg
401.65234375	0.0	image/405	405	205646	train2017/000000189765.jpg
402.453125	0.0	image/450	450	206056	train2017/000000570785.jpg
403.232421875	0.0	image/381	381	206455	train2017/000000082770.jpg
404.013671875	0.0	image/399	399	206855	train2017/000000320508.jpg
404.783203125	0.0	image/480	480	207249	train2017/000000376407.jpg
405.599609375	0.0	image/376	376	207667	train2017/000000081995.jpg
406.4140625	0.0	image/444	444	208084	train2017/000000100396.jpg
407.23828125	0.0	image/469	469	208506	train2017/000000370369.jpg
408.072265625	0.0	image/442	442	208933	train2017/000000361648.jpg
408.87109375	0.0	image/446	446	209342	train2017/000000100599.jpg
410.748046875	0.0	image/367	367	210303	train2017/000000080619.jpg
411.537109375	0.0	image/370	370	210707	train2017/000000081105.jpg
412.35546875	0.0	image/391	391	211126	train2017/000000346795.jpg
413.990234375	0.0	image/437	437	211963	train2017/000000060117.jpg
415.623046875	0.0	image/396	396	212799	train2017/000000349363.jpg
416.40234375	0.0	image/427	427	213198	train2017/000000357228.jpg
417.201171875	0.0	image/423	423	213607	train2017/000000355622.jpg
417.974609375	0.0	image/366	366	214003	train2017/000000080275.jpg
418.7578125	0.0	image/386	386	214404	train2017/000000083632.jpg
419.53515625	0.0	image/406	406	214802	train2017/000000352236.jpg
420.3359375	0.0	image/441	441	215212	train2017/000000099363.jpg
421.109375	0.0	image/372	372	215608	train2017/000000081474.jpg
421.892578125	0.0	image/388	388	216009	train2017/000000084174.jpg
422.71875	0.0	image/386	386	216432	train2017/000000083632.jpg
424.326171875	0.0	image/429	429	217255	train2017/000000095337.jpg
425.142578125	0.0	image/460	460	217673	train2017/000000367552.jpg
425.958984375	0.0	image/467	467	218091	train2017/000000017935.jpg
427.560546875	0.0	image/380	380	218911	train2017/000000082650.jpg
428.37109375	0.0	image/392	392	219326	train2017/000000348204.jpg
429.15625	0.0	image/368	368	219728	train2017/000000008471.jpg
429.9609375	0.0	image/439	439	220140	train2017/000000361193.jpg
430.7890625	0.0	image/448	448	220564	train2017/000000101069.jpg
431.578125	0.0	image/384	384	220968	train2017/000000345725.jpg
432.388671875	0.0	image/393	393	221383	train2017/000000086811.jpg
433.2109375	0.0	image/363	363	221804	train2017/000000079111.jpg
433.99609375	0.0	image/414	414	222206	train2017/000000091784.jpg
434.7890625	0.0	image/449	449	222612	train2017/000000101952.jpg
435.57421875	0.0	image/398	398	223014	train2017/000000087871.jpg
436.36328125	0.0	image/453	453	223418	train2017/000000103366.jpg
437.19140625	0.0	image/462	462	223842	train2017/000000368852.jpg
437.974609375	0.0	image/449	449	224243	train2017/000000101952.jpg
438.796875	0.0	image/396	396	224664	train2017/000000349363.jpg
439.625	0.0	image/478	478	225088	train2017/000000114035.jpg
440.447265625	0.0	image/395	395	225509	train2017/000000087146.jpg
441.23046875	0.0	image/400	400	225910	train2017/000000350299.jpg
442.04296875	0.0	image/445	445	226326	train2017/000000362677.jpg
442.83203125	0.0	image/425	425	226730	train2017/000000356771.jpg
443.609375	0.0	image/419	419	227128	train2017/000000092288.jpg
444.375	0.0	image/440	440	227520	train2017/000000361197.jpg
445.18359375	0.0	image/413	413	227934	train2017/000000364806.jpg
445.982421875	0.0	image/362	362	228343	train2017/000000340734.jpg
446.79296875	0.0	image/446	446	228758	train2017/000000100599.jpg
447.599609375	0.0	image/417	417	229171	train2017/000000092001.jpg
449.18359375	0.0	image/404	404	229982	train2017/000000352129.jpg
450.783203125	0.0	image/405	405	230801	train2017/000000189765.jpg
451.578125	0.0	image/384	384	231208	train2017/000000345725.jpg
452.3671875	0.0	image/409	409	231612	train2017/000000090827.jpg
453.1796875	0.0	image/479	479	232028	train2017/000000114077.jpg
453.99609375	0.0	image/426	426	232446	train2017/000000357074.jpg
454.80078125	0.0	image/419	419	232858	train2017/000000092288.jpg
455.630859375	0.0	image/463	463	233283	train2017/000000369171.jpg
456.453125	0.0	image/430	430	233704	train2017/000000357865.jpg
457.279296875	0.0	image/457	457	234127	train2017/000000366396.jpg
458.0703125	0.0	image/416	416	234532	train2017/000000354095.jpg
458.896484375	0.0	image/373	373	234955	train2017/000000081841.jpg
459.6640625	0.0	image/369	369	235348	train2017/000000080987.jpg
460.486328125	0.0	image/480	480	235769	train2017/000000376407.jpg
461.296875	0.0	image/438	438	236184	train2017/000000147547.jpg
462.103515625	0.0	image/424	424	236597	train2017/000000277778.jpg
462.88671875	0.0	image/433	433	236998	train2017/000000359085.jpg
463.66796875	0.0	image/458	458	237398	train2017/000000104502.jpg
464.48828125	0.0	image/397	397	237818	train2017/000000087334.jpg
465.30078125	0.0	image/375	375	238234	train2017/000000081961.jpg
466.08203125	0.0	image/367	367	238634	train2017/000000080619.jpg
466.888671875	0.0	image/415	415	239047	train2017/000000354045.jpg
467.671875	0.0	image/425	425	239448	train2017/000000356771.jpg
469.322265625	0.0	image/475	475	240293	train2017/000000373970.jpg
470.123046875	0.0	image/438	438	240703	train2017/000000147547.jpg
471.716796875	0.0	image/395	395	241519	train2017/000000087146.jpg
472.5078125	0.0	image/377	377	241924	train2017/000000450584.jpg
473.33984375	0.0	image/408	408	242350	train2017/000000352861.jpg
474.169921875	0.0	image/428	428	242775	train2017/000000095176.jpg
474.95703125	0.0	image/474	474	243178	train2017/000000373679.jpg
475.787109375	0.0	image/398	398	243603	train2017/000000087871.jpg
476.625	0.0	image/463	463	244032	train2017/000000369171.jpg
477.408203125	0.0	image/403	403	244433	train2017/000000089908.jpg
478.203125	0.0	image/466	466	244840	train2017/000000107204.jpg
479.009765625	0.0	image/364	364	245253	train2017/000000275335.jpg
479.79296875	0.0	image/424	424	245654	train2017/000000277778.jpg
480.603515625	0.0	image/468	468	246069	train2017/000000542304.jpg
481.392578125	0.0	image/409	409	246473	train2017/000000090827.jpg
482.1875	0.0	image/402	402	246880	train2017/000000088835.jpg
483.00390625	0.0	image/381	381	247298	train2017/000000082770.jpg
483.794921875	0.0	image/447	447	247703	train2017/000000100863.jpg
484.587890625	0.0	image/459	459	248109	train2017/000000366802.jpg
485.408203125	0.0	image/394	394	248529	train2017/000000087126.jpg
486.23828125	0.0	image/371	371	248954	train2017/000000081365.jpg
487.021484375	0.0	image/410	410	249355	train2017/000000090994.jpg
487.845703125	0.0	image/461	461	249777	train2017/000000106107.jpg
488.638671875	0.0	image/441	441	250183	train2017/000000099363.jpg
489.423828125	0.0	image/443	443	250585	train2017/000000099580.jpg
490.24609375	0.0	image/382	382	251006	train2017/000000345149.jpg
491.0234375	0.0	image/458	458	251404	train2017/000000104502.jpg
491.82421875	0.0	image/362	362	251814	train2017/000000340734.jpg
492.61328125	0.0	image/366	366	252218	train2017/000000080275.jpg
494.1796875	0.0	image/408	408	253020	train2017/000000352861.jpg
494.974609375	0.0	image/418	418	253427	train2017/000000092221.jpg
495.740234375	0.0	image/422	422	253819	train2017/000000059194.jpg
496.513671875	0.0	image/444	444	254215	train2017/000000100396.jpg
498.091796875	0.0	image/388	388	255023	train2017/000000084174.jpg
498.8984375	0.0	image/413	413	255436	train2017/000000364806.jpg
499.7265625	0.0	image/465	465	255860	train2017/000000369253.jpg
500.51171875	0.0	image/412	412	256262	train2017/000000408492.jpg
501.31640625	0.0	image/457	457	256674	train2017/000000366396.jpg
502.099609375	0.0	image/471	471	257075	train2017/000000372775.jpg
502.89453125	0.0	image/477	477	257482	train2017/000000113593.jpg
503.68359375	0.0	image/472	472	257886	train2017/000000110780.jpg
504.4765625	0.0	image/377	377	258292	train2017/000000450584.jpg
505.26171875	0.0	image/387	387	258694	train2017/000000083738.jpg
506.080078125	0.0	image/467	467	259113	train2017/000000017935.jpg
506.87890625	0.0	image/403	403	259522	train2017/000000089908.jpg
507.662109375	0.0	image/428	428	259923	train2017/000000095176.jpg
508.4296875	0.0	image/453	453	260316	train2017/000000103366.jpg
509.234375	0.0	image/380	380	260728	train2017/000000082650.jpg
510.869140625	0.0	image/468	468	261565	train2017/000000542304.jpg
511.65234375	0.0	image/383	383	261966	train2017/000000083393.jpg
512.4296875	0.0	image/433	433	262364	train2017/000000359085.jpg
513.197265625	0.0	image/476	476	262757	train2017/000000112734.jpg
514.0	0.0	image/430	430	263168	train2017/000000357865.jpg
514.796875	0.0	image/472	472	263576	train2017/000000110780.jpg
515.5703125	0.0	image/439	439	263972	train2017/000000361193.jpg
516.404296875	0.0	image/464	464	264399	train2017/000000369230.jpg
517.1875	0.0	image/434	434	264800	train2017/000000097201.jpg
518.787109375	0.0	image/476	476	265619	train2017/000000112734.jpg
519.60546875	0.0	image/402	402	266038	train2017/000000088835.jpg
520.4375	0.0	image/390	390	266464	train2017/000000346754.jpg
521.25	0.0	image/389	389	266880	train2017/000000346583.jpg
522.072265625	0.0	image/376	376	267301	train2017/000000081995.jpg
522.873046875	0.0	image/470	470	267711	train2017/000000110611.jpg
523.6640625	0.0	image/373	373	268116	train2017/000000081841.jpg
524.47265625	0.0	image/473	473	268530	train2017/000000372959.jpg
525.255859375	0.0	image/416	416	268931	train2017/000000354095.jpg
526.033203125	0.0	image/406	406	269329	train2017/000000352236.jpg
526.818359375	0.0	image/389	389	269731	train2017/000000346583.jpg
527.583984375	0.0	image/365	365	270123	train2017/000000080084.jpg
528.373046875	0.0	image/455	455	270527	train2017/000000104044.jpg
529.185546875	0.0	image/435	435	270943	train2017/000000097218.jpg
529.96875	0.0	image/432	432	271344	train2017/000000096161.jpg
530.736328125	0.0	image/420	420	271737	train2017/000000092353.jpg
531.55859375	0.0	image/470	470	272158	train2017/000000110611.jpg
532.390625	0.0	image/465	465	272584	train2017/000000369253.jpg
533.17578125	0.0	image/459	459	272986	train2017/000000366802.jpg
533.955078125	0.0	image/397	397	273385	train2017/000000087334.jpg
534.736328125	0.0	image/399	399	273785	train2017/000000320508.jpg
536.337890625	0.0	image/415	415	274605	train2017/000000354045.jpg
537.103515625	0.0	image/431	431	274997	train2017/000000095828.jpg
537.892578125	0.0	image/469	469	275401	train2017/000000370369.jpg
538.7265625	0.0	image/434	434	275828	train2017/000000097201.jpg
539.5546875	0.0	image/473	473	276252	train2017/000000372959.jpg
540.373046875	0.0	image/418	418	276671	train2017/000000092221.jpg
541.171875	0.0	image/401	401	277080	train2017/000000088414.jpg
541.978515625	0.0	image/393	393	277493	train2017/000000086811.jpg
542.77734375	0.0	image/378	378	277902	train2017/000000319517.jpg
543.611328125	0.0	image/404	404	278329	train2017/000000352129.jpg
544.42578125	0.0	image/412	412	278746	train2017/000000408492.jpg
545.240234375	0.0	image/452	452	279163	train2017/000000365218.jpg
546.044921875	0.0	image/454	454	279575	train2017/000000366146.jpg
546.822265625	0.0	image/448	448	279973	train2017/000000101069.jpg
547.58984375	0.0	image/382	382	280366	train2017/000000345149.jpg
548.4140625	0.0	image/411	411	280788	train2017/000000091005.jpg
549.20703125	0.0	image/379	379	281194	train2017/000000569678.jpg
550.814453125	0.0	image/460	460	282017	train2017/000000367552.jpg
551.59765625	0.0	image/474	474	282418	train2017/000000373679.jpg
552.4296875	0.0	image/391	391	282844	train2017/000000346795.jpg
554.048828125	0.0	image/417	417	283673	train2017/000000092001.jpg
554.84765625	0.0	image/361	361	284082	train2017/000000340317.jpg
555.6484375	0.0	image/378	378	284492	train2017/000000319517.jpg
556.427734375	0.0	image/440	440	284891	train2017/000000361197.jpg
557.232421875	0.0	image/385	385	285303	train2017/000000345751.jpg
558.060546875	0.0	image/411	411	285727	train2017/000000091005.jpg
558.8828125	0.0	image/432	432	286148	train2017/000000096161.jpg
559.677734375	0.0	image/392	392	286555	train2017/000000348204.jpg
560.494140625	0.0	image/363	363	286973	train2017/000000079111.jpg
561.283203125	0.0	image/455	455	287377	train2017/000000104044.jpg
562.095703125	0.0	image/361	361	287793	train2017/000000340317.jpg
563.66796875	0.0	image/437	437	288598	train2017/000000060117.jpg
564.46875	0.0	image/436	436	289008	train2017/000000098480.jpg
565.251953125	0.0	image/374	374	289409	train2017/000000046372.jpg
566.064453125	0.0	image/442	442	289825	train2017/000000361648.jpg
566.86328125	0.0	image/401	401	290234	train2017/000000088414.jpg
567.662109375	0.0	image/369	369	290643	train2017/000000080987.jpg
568.447265625	0.0	image/429	429	291045	train2017/000000095337.jpg
569.248046875	0.0	image/451	451	291455	train2017/000000365003.jpg
570.044921875	0.0	image/374	374	291863	train2017/000000046372.jpg
570.853515625	0.0	image/435	435	292277	train2017/000000097218.jpg
571.6484375	0.0	image/452	452	292684	train2017/000000365218.jpg
572.431640625	0.0	image/365	365	293085	train2017/000000080084.jpg
574.021484375	0.0	image/390	390	293899	train2017/000000346754.jpg
574.83203125	0.0	image/447	447	294314	train2017/000000100863.jpg
575.62109375	0.0	image/426	426	294718	train2017/000000357074.jpg
576.400390625	0.0	image/400	400	295117	train2017/000000350299.jpg
577.216796875	0.0	image/475	475	295535	train2017/000000373970.jpg
578.822265625	0.0	image/478	478	296357	train2017/000000114035.jpg
579.599609375	0.0	image/385	385	296755	train2017/000000345751.jpg
580.3828125	0.0	image/431	431	297156	train2017/000000095828.jpg
581.20703125	0.0	image/420	420	297578	train2017/000000092353.jpg
582.0	0.0	image/454	454	297984	train2017/000000366146.jpg
582.82421875	0.0	image/368	368	298406	train2017/000000008471.jpg
584.423828125	0.0	image/375	375	299225	train2017/000000081961.jpg
586.07421875	0.0	image/407	407	300070	train2017/000000352724.jpg
586.890625	0.0	image/464	464	300488	train2017/000000369230.jpg
587.669921875	0.0	image/471	471	300887	train2017/000000372775.jpg
588.453125	0.0	image/370	370	301288	train2017/000000081105.jpg
589.259765625	0.0	image/466	466	301701	train2017/000000107204.jpg
590.0859375	0.0	image/407	407	302124	train2017/000000352724.jpg
590.892578125	0.0	image/421	421	302537	train2017/000000354761.jpg
591.67578125	0.0	image/414	414	302938	train2017/000000091784.jpg
592.453125	0.0	image/462	462	303336	train2017/000000368852.jpg
593.271484375	0.0	image/427	427	303755	train2017/000000357228.jpg
594.078125	0.0	image/443	443	304168	train2017/000000099580.jpg
594.87109375	0.0	image/456	456	304574	train2017/000000104081.jpg
595.677734375	0.0	image/436	436	304987	train2017/000000098480.jpg
596.505859375	0.0	image/422	422	305411	train2017/000000059194.jpg
597.294921875	0.0	image/394	394	305815	train2017/000000087126.jpg
598.10546875	0.0	image/479	479	306230	train2017/000000114077.jpg
598.89453125	0.0	image/477	477	306634	train2017/000000113593.jpg
599.671875	0.0	image/450	450	307032	train2017/000000570785.jpg
600.478515625	0.0	image/371	371	307445	train2017/000000081365.jpg
601.2734375	0.0	image/387	387	307852	train2017/000000083738.jpg
602.07421875	0.0	image/461	461	308262	train2017/000000106107.jpg
602.86328125	0.0	image/383	383	308666	train2017/000000083393.jpg
604.45703125	0.0	image/456	456	309482	train2017/000000104081.jpg
605.224609375	0.0	image/379	379	309875	train2017/000000569678.jpg
605.994140625	0.0	image/445	445	310269	train2017/000000362677.jpg
607.591796875	0.0	image/372	372	311087	train2017/000000081474.jpg
609.1640625	0.0	image/423	423	311892	train2017/000000355622.jpg
609.982421875	0.0	image/421	421	312311	train2017/000000354761.jpg
610.76171875	0.0	image/451	451	312710	train2017/000000365003.jpg
611.548828125	0.0	image/364	364	313113	train2017/000000275335.jpg
612.341796875	0.0	image/410	410	313519	train2017/000000090994.jpg
619.37109375	0.0	image/570	570	317118	train2017/000000400581.jpg
620.181640625	0.0	image/567	567	317533	train2017/000000137706.jpg
621.837890625	0.0	image/518	518	318381	train2017/000000124711.jpg
622.638671875	0.0	image/509	509	318791	train2017/000000384235.jpg
623.44921875	0.0	image/528	528	319206	train2017/000000239828.jpg
624.255859375	0.0	image/539	539	319619	train2017/000000131011.jpg
625.056640625	0.0	image/581	581	320029	train2017/000000402199.jpg
625.884765625	0.0	image/499	499	320453	train2017/000000575164.jpg
626.689453125	0.0	image/529	529	320865	train2017/000000129060.jpg
627.4921875	0.0	image/495	495	321276	train2017/000000380729.jpg
628.306640625	0.0	image/494	494	321693	train2017/000000380227.jpg
629.107421875	0.0	image/566	566	322103	train2017/000000399835.jpg
629.94140625	0.0	image/588	588	322530	train2017/000000403739.jpg
630.724609375	0.0	image/505	505	322931	train2017/000000120987.jpg
631.537109375	0.0	image/495	495	323347	train2017/000000380729.jpg
632.359375	0.0	image/577	577	323768	train2017/000000139561.jpg
633.17578125	0.0	image/565	565	324186	train2017/000000197656.jpg
633.96875	0.0	image/543	543	324592	train2017/000000131763.jpg
634.759765625	0.0	image/532	532	324997	train2017/000000130181.jpg
635.537109375	0.0	image/596	596	325395	train2017/000000405215.jpg
636.3203125	0.0	image/571	571	325796	train2017/000000229233.jpg
637.12109375	0.0	image/525	525	326206	train2017/000000388980.jpg
637.921875	0.0	image/550	550	326616	train2017/000000066014.jpg
639.505859375	0.0	image/577	577	327427	train2017/000000139561.jpg
640.27734375	0.0	image/514	514	327822	train2017/000000282707.jpg
641.0546875	0.0	image/520	520	328220	train2017/000000125042.jpg
641.837890625	0.0	image/516	516	328621	train2017/000000385864.jpg
642.623046875	0.0	image/585	585	329023	train2017/000000140724.jpg
643.40625	0.0	image/517	517	329424	train2017/000000123891.jpg
644.20703125	0.0	image/588	588	329834	train2017/000000403739.jpg
644.990234375	0.0	image/532	532	330235	train2017/000000130181.jpg
645.8125	0.0	image/555	555	330656	train2017/000000397192.jpg
647.373046875	0.0	image/579	579	331455	train2017/000000139815.jpg
648.177734375	0.0	image/587	587	331867	train2017/000000403535.jpg
648.962890625	0.0	image/567	567	332269	train2017/000000137706.jpg
649.7578125	0.0	image/499	499	332676	train2017/000000575164.jpg
650.5234375	0.0	image/599	599	333068	train2017/000000388853.jpg
651.310546875	0.0	image/590	590	333471	train2017/000000404007.jpg
652.115234375	0.0	image/522	522	333883	train2017/000000125586.jpg
652.94140625	0.0	image/598	598	334306	train2017/000000405437.jpg
653.765625	0.0	image/485	485	334728	train2017/000000377576.jpg
654.556640625	0.0	image/553	553	335133	train2017/000000134562.jpg
655.34375	0.0	image/486	486	335536	train2017/000000377703.jpg
656.142578125	0.0	image/483	483	335945	train2017/000000376858.jpg
656.92578125	0.0	image/558	558	336346	train2017/000000398083.jpg
657.7109375	0.0	image/543	543	336748	train2017/000000131763.jpg
658.498046875	0.0	image/595	595	337151	train2017/000000142803.jpg
659.283203125	0.0	image/571	571	337553	train2017/000000229233.jpg
660.1171875	0.0	image/585	585	337980	train2017/000000140724.jpg
660.91796875	0.0	image/586	586	338390	train2017/000000154556.jpg
662.55078125	0.0	image/524	524	339226	train2017/000000125725.jpg
663.37890625	0.0	image/493	493	339650	train2017/000000379713.jpg
664.201171875	0.0	image/570	570	340071	train2017/000000400581.jpg
665.794921875	0.0	image/555	555	340887	train2017/000000397192.jpg
666.5625	0.0	image/551	551	341280	train2017/000000134169.jpg
667.3515625	0.0	image/509	509	341684	train2017/000000384235.jpg
668.146484375	0.0	image/537	537	342091	train2017/000000371353.jpg
668.947265625	0.0	image/593	593	342501	train2017/000000196777.jpg
669.71875	0.0	image/566	566	342896	train2017/000000399835.jpg
670.50390625	0.0	image/482	482	343298	train2017/000000376643.jpg
671.296875	0.0	image/503	503	343704	train2017/000000382890.jpg
672.099609375	0.0	image/535	535	344115	train2017/000000392851.jpg
672.904296875	0.0	image/526	526	344527	train2017/000000389582.jpg
673.6875	0.0	image/534	534	344928	train2017/000000130681.jpg
674.46484375	0.0	image/498	498	345326	train2017/000000119669.jpg
675.271484375	0.0	image/556	556	345739	train2017/000000135316.jpg
676.072265625	0.0	image/527	527	346149	train2017/000000390120.jpg
677.650390625	0.0	image/547	547	346957	train2017/000000395758.jpg
678.455078125	0.0	image/578	578	347369	train2017/000000401720.jpg
679.232421875	0.0	image/598	598	347767	train2017/000000405437.jpg
680.017578125	0.0	image/563	563	348169	train2017/000000398540.jpg
680.822265625	0.0	image/525	525	348581	train2017/000000388980.jpg
681.607421875	0.0	image/488	488	348983	train2017/000000115649.jpg
682.41796875	0.0	image/559	559	349398	train2017/000000135965.jpg
683.189453125	0.0	image/497	497	349793	train2017/000000282032.jpg
683.974609375	0.0	image/517	517	350195	train2017/000000123891.jpg
684.7578125	0.0	image/503	503	350596	train2017/000000382890.jpg
685.53515625	0.0	image/537	537	350994	train2017/000000371353.jpg
686.3203125	0.0	image/515	515	351396	train2017/000000123692.jpg
687.859375	0.0	image/533	533	352184	train2017/000000392556.jpg
688.69140625	0.0	image/594	594	352610	train2017/000000404823.jpg
689.4921875	0.0	image/547	547	353020	train2017/000000395758.jpg
690.294921875	0.0	image/515	515	353431	train2017/000000123692.jpg
691.12109375	0.0	image/544	544	353854	train2017/000000394008.jpg
691.92578125	0.0	image/581	581	354266	train2017/000000402199.jpg
692.759765625	0.0	image/545	545	354693	train2017/000000131967.jpg
693.54296875	0.0	image/488	488	355094	train2017/000000115649.jpg
694.337890625	0.0	image/506	506	355501	train2017/000000383641.jpg
695.12109375	0.0	image/600	600	355902	train2017/000000143420.jpg
695.9453125	0.0	image/573	573	356324	train2017/000000138904.jpg
696.771484375	0.0	image/597	597	356747	train2017/000000143245.jpg
697.560546875	0.0	image/526	526	357151	train2017/000000389582.jpg
698.345703125	0.0	image/492	492	357553	train2017/000000150636.jpg
699.171875	0.0	image/584	584	357976	train2017/000000285588.jpg
699.978515625	0.0	image/486	486	358389	train2017/000000377703.jpg
700.779296875	0.0	image/523	523	358799	train2017/000000125703.jpg
701.61328125	0.0	image/562	562	359226	train2017/000000022696.jpg
702.439453125	0.0	image/513	513	359649	train2017/000000282631.jpg
703.24609375	0.0	image/565	565	360062	train2017/000000197656.jpg
704.07421875	0.0	image/587	587	360486	train2017/000000403535.jpg
705.697265625	0.0	image/507	507	361317	train2017/000000383652.jpg
707.296875	0.0	image/530	530	362136	train2017/000000391678.jpg
708.08984375	0.0	image/579	579	362542	train2017/000000139815.jpg
708.892578125	0.0	image/529	529	362953	train2017/000000129060.jpg
709.681640625	0.0	image/491	491	363357	train2017/000000116603.jpg
710.4765625	0.0	image/592	592	363764	train2017/000000504289.jpg
711.259765625	0.0	image/550	550	364165	train2017/000000066014.jpg
712.083984375	0.0	image/569	569	364587	train2017/000000138153.jpg
712.8984375	0.0	image/521	521	365004	train2017/000000387318.jpg
713.68359375	0.0	image/561	561	365406	train2017/000000136142.jpg
714.466796875	0.0	image/535	535	365807	train2017/000000392851.jpg
715.27734375	0.0	image/573	573	366222	train2017/000000138904.jpg
716.044921875	0.0	image/559	559	366615	train2017/000000135965.jpg
717.64453125	0.0	image/569	569	367434	train2017/000000138153.jpg
718.4453125	0.0	image/513	513	367844	train2017/000000282631.jpg
720.017578125	0.0	image/589	589	368649	train2017/000000403789.jpg
720.794921875	0.0	image/485	485	369047	train2017/000000377576.jpg
721.5625	0.0	image/583	583	369440	train2017/000000198195.jpg
722.361328125	0.0	image/572	572	369849	train2017/000000138785.jpg
723.130859375	0.0	image/541	541	370243	train2017/000000131524.jpg
723.927734375	0.0	image/496	496	370651	train2017/000000380989.jpg
725.5703125	0.0	image/580	580	371492	train2017/000000402057.jpg
727.203125	0.0	image/514	514	372328	train2017/000000282707.jpg
727.982421875	0.0	image/572	572	372727	train2017/000000138785.jpg
728.748046875	0.0	image/496	496	373119	train2017/000000380989.jpg
729.515625	0.0	image/511	511	373512	train2017/000000122776.jpg
730.337890625	0.0	image/519	519	373933	train2017/000000124747.jpg
731.115234375	0.0	image/593	593	374331	train2017/000000196777.jpg
732.73828125	0.0	image/578	578	375162	train2017/000000401720.jpg
733.548828125	0.0	image/542	542	375577	train2017/000000284089.jpg
735.15625	0.0	image/549	549	376400	train2017/000000197068.jpg
735.951171875	0.0	image/540	540	376807	train2017/000000021826.jpg
736.755859375	0.0	image/562	562	377219	train2017/000000022696.jpg
737.568359375	0.0	image/512	512	377635	train2017/000000122811.jpg
738.3515625	0.0	image/502	502	378036	train2017/000000120655.jpg
739.158203125	0.0	image/539	539	378449	train2017/000000131011.jpg
739.984375	0.0	image/591	591	378872	train2017/000000404282.jpg
740.76953125	0.0	image/595	595	379274	train2017/000000142803.jpg
741.55859375	0.0	image/583	583	379678	train2017/000000198195.jpg
742.3515625	0.0	image/574	574	380084	train2017/000000139344.jpg
743.119140625	0.0	image/568	568	380477	train2017/000000399984.jpg
743.900390625	0.0	image/563	563	380877	train2017/000000398540.jpg
744.708984375	0.0	image/582	582	381291	train2017/000000140590.jpg
745.521484375	0.0	image/548	548	381707	train2017/000000395775.jpg
746.326171875	0.0	image/484	484	382119	train2017/000000114822.jpg
747.103515625	0.0	image/553	553	382517	train2017/000000134562.jpg
747.892578125	0.0	image/519	519	382921	train2017/000000124747.jpg
748.7265625	0.0	image/523	523	383348	train2017/000000125703.jpg
749.537109375	0.0	image/546	546	383763	train2017/000000133281.jpg
751.162109375	0.0	image/508	508	384595	train2017/000000413472.jpg
751.939453125	0.0	image/574	574	384993	train2017/000000139344.jpg
752.76171875	0.0	image/524	524	385414	train2017/000000125725.jpg
753.572265625	0.0	image/512	512	385829	train2017/000000122811.jpg
754.39453125	0.0	image/483	483	386250	train2017/000000376858.jpg
755.171875	0.0	image/597	597	386648	train2017/000000143245.jpg
755.955078125	0.0	image/498	498	387049	train2017/000000119669.jpg
756.72265625	0.0	image/518	518	387442	train2017/000000124711.jpg
757.490234375	0.0	image/530	530	387835	train2017/000000391678.jpg
758.291015625	0.0	image/536	536	388245	train2017/000000196584.jpg
759.107421875	0.0	image/576	576	388663	train2017/000000401699.jpg
759.890625	0.0	image/494	494	389064	train2017/000000380227.jpg
760.697265625	0.0	image/592	592	389477	train2017/000000504289.jpg
761.525390625	0.0	image/554	554	389901	train2017/000000135032.jpg
762.330078125	0.0	image/536	536	390313	train2017/000000196584.jpg
763.111328125	0.0	image/560	560	390713	train2017/000000136111.jpg
763.875	0.0	image/531	531	391104	train2017/000000391754.jpg
764.658203125	0.0	image/482	482	391505	train2017/000000376643.jpg
765.447265625	0.0	image/545	545	391909	train2017/000000131967.jpg
766.275390625	0.0	image/516	516	392333	train2017/000000385864.jpg
767.048828125	0.0	image/489	489	392729	train2017/000000115967.jpg
767.84765625	0.0	image/507	507	393138	train2017/000000383652.jpg
768.650390625	0.0	image/502	502	393549	train2017/000000120655.jpg
769.427734375	0.0	image/589	589	393947	train2017/000000403789.jpg
770.23046875	0.0	image/506	506	394358	train2017/000000383641.jpg
771.017578125	0.0	image/487	487	394761	train2017/000000115637.jpg
771.828125	0.0	image/489	489	395176	train2017/000000115967.jpg
772.630859375	0.0	image/600	600	395587	train2017/000000143420.jpg
773.41796875	0.0	image/564	564	395990	train2017/000000399162.jpg
774.24609375	0.0	image/490	490	396414	train2017/000000116588.jpg
775.05078125	0.0	image/505	505	396826	train2017/000000120987.jpg
775.833984375	0.0	image/501	501	397227	train2017/000000353175.jpg
776.619140625	0.0	image/527	527	397629	train2017/000000390120.jpg
777.41796875	0.0	image/511	511	398038	train2017/000000122776.jpg
778.203125	0.0	image/487	487	398440	train2017/000000115637.jpg
779.029296875	0.0	image/590	590	398863	train2017/000000404007.jpg
779.853515625	0.0	image/552	552	399285	train2017/000000396550.jpg
780.6796875	0.0	image/484	484	399708	train2017/000000114822.jpg
781.50390625	0.0	image/538	538	400130	train2017/000000130973.jpg
782.333984375	0.0	image/564	564	400555	train2017/000000399162.jpg
783.13671875	0.0	image/531	531	400966	train2017/000000391754.jpg
783.919921875	0.0	image/594	594	401367	train2017/000000404823.jpg
784.748046875	0.0	image/557	557	401791	train2017/000000022627.jpg
785.5703125	0.0	image/492	492	402212	train2017/000000150636.jpg
786.3984375	0.0	image/510	510	402636	train2017/000000544738.jpg
788.005859375	0.0	image/546	546	403459	train2017/000000133281.jpg
788.787109375	0.0	image/490	490	403859	train2017/000000116588.jpg
789.572265625	0.0	image/533	533	404261	train2017/000000392556.jpg
790.3828125	0.0	image/575	575	404676	train2017/000000139551.jpg
791.169921875	0.0	image/538	538	405079	train2017/000000130973.jpg
792.767578125	0.0	image/551	551	405897	train2017/000000134169.jpg
793.58984375	0.0	image/493	493	406318	train2017/000000379713.jpg
794.373046875	0.0	image/596	596	406719	train2017/000000405215.jpg
795.201171875	0.0	image/500	500	407143	train2017/000000381961.jpg
796.0078125	0.0	image/504	504	407556	train2017/000000382951.jpg
796.818359375	0.0	image/534	534	407971	train2017/000000130681.jpg
797.625	0.0	image/522	522	408384	train2017/000000125586.jpg
798.408203125	0.0	image/586	586	408785	train2017/000000154556.jpg
800.05859375	0.0	image/481	481	409630	train2017/000000114274.jpg
800.8359375	0.0	image/542	542	410028	train2017/000000284089.jpg
801.63671875	0.0	image/540	540	410438	train2017/000000021826.jpg
802.443359375	0.0	image/561	561	410851	train2017/000000136142.jpg
803.255859375	0.0	image/541	541	411267	train2017/000000131524.jpg
804.0390625	0.0	image/544	544	411668	train2017/000000394008.jpg
804.810546875	0.0	image/582	582	412063	train2017/000000140590.jpg
805.62109375	0.0	image/491	491	412478	train2017/000000116603.jpg
806.404296875	0.0	image/568	568	412879	train2017/000000399984.jpg
807.171875	0.0	image/521	521	413272	train2017/000000387318.jpg
807.978515625	0.0	image/558	558	413685	train2017/000000398083.jpg
808.810546875	0.0	image/599	599	414111	train2017/000000388853.jpg
810.458984375	0.0	image/580	580	414955	train2017/000000402057.jpg
811.26171875	0.0	image/548	548	415366	train2017/000000395775.jpg
812.87890625	0.0	image/549	549	416194	train2017/000000197068.jpg
813.70703125	0.0	image/554	554	416618	train2017/000000135032.jpg
814.509765625	0.0	image/481	481	417029	train2017/000000114274.jpg
815.279296875	0.0	image/575	575	417423	train2017/000000139551.jpg
816.064453125	0.0	image/500	500	417825	train2017/000000381961.jpg
816.84765625	0.0	image/576	576	418226	train2017/000000401699.jpg
818.431640625	0.0	image/497	497	419037	train2017/000000282032.jpg
819.21484375	0.0	image/560	560	419438	train2017/000000136111.jpg
820.79296875	0.0	image/510	510	420246	train2017/000000544738.jpg
821.615234375	0.0	image/584	584	420667	train2017/000000285588.jpg
822.41015625	0.0	image/557	557	421074	train2017/000000022627.jpg
823.216796875	0.0	image/504	504	421487	train2017/000000382951.jpg
824.828125	0.0	image/556	556	422312	train2017/000000135316.jpg
825.599609375	0.0	image/501	501	422707	train2017/000000353175.jpg
826.427734375	0.0	image/552	552	423131	train2017/000000396550.jpg
827.25	0.0	image/591	591	423552	train2017/000000404282.jpg
828.033203125	0.0	image/520	520	423953	train2017/000000125042.jpg
828.833984375	0.0	image/508	508	424363	train2017/000000413472.jpg
829.66796875	0.0	image/528	528	424790	train2017/000000239828.jpg
836.86328125	0.0	image/703	703	428474	train2017/000000171374.jpg
837.689453125	0.0	image/715	715	428897	train2017/000000175715.jpg
838.474609375	0.0	image/701	701	429299	train2017/000000079701.jpg
839.2421875	0.0	image/687	687	429692	train2017/000000428726.jpg
840.064453125	0.0	image/665	665	430113	train2017/000000160735.jpg
840.876953125	0.0	image/632	632	430529	train2017/000000068996.jpg
841.697265625	0.0	image/663	663	430949	train2017/000000463620.jpg
842.4921875	0.0	image/672	672	431356	train2017/000000424110.jpg
843.27734375	0.0	image/639	639	431758	train2017/000000415026.jpg
844.076171875	0.0	image/681	681	432167	train2017/000000427729.jpg
844.876953125	0.0	image/638	638	432577	train2017/000000414853.jpg
845.6796875	0.0	image/613	613	432988	train2017/000000147331.jpg
846.4609375	0.0	image/657	657	433388	train2017/000000419586.jpg
847.259765625	0.0	image/666	666	433797	train2017/000000161062.jpg
848.04296875	0.0	image/672	672	434198	train2017/000000424110.jpg
848.828125	0.0	image/657	657	434600	train2017/000000419586.jpg
849.6171875	0.0	image/625	625	435004	train2017/000000369367.jpg
850.443359375	0.0	image/684	684	435427	train2017/000000166489.jpg
851.267578125	0.0	image/720	720	435849	train2017/000000176728.jpg
852.044921875	0.0	image/681	681	436247	train2017/000000427729.jpg
852.818359375	0.0	image/693	693	436643	train2017/000000431764.jpg
853.6171875	0.0	image/605	605	437052	train2017/000000406595.jpg
854.41796875	0.0	image/654	654	437462	train2017/000000157125.jpg
855.248046875	0.0	image/628	628	437887	train2017/000000151163.jpg
856.052734375	0.0	image/694	694	438299	train2017/000000431825.jpg
856.86328125	0.0	image/700	700	438714	train2017/000000170968.jpg
857.630859375	0.0	image/627	627	439107	train2017/000000150931.jpg
858.419921875	0.0	image/645	645	439511	train2017/000000416972.jpg
859.248046875	0.0	image/660	660	439935	train2017/000000422268.jpg
860.0703125	0.0	image/655	655	440356	train2017/000000157181.jpg
860.849609375	0.0	image/610	610	440755	train2017/000000146256.jpg
861.6484375	0.0	image/606	606	441164	train2017/000000407778.jpg
862.455078125	0.0	image/633	633	441577	train2017/000000414176.jpg
863.25390625	0.0	image/670	670	441986	train2017/000000423488.jpg
864.03125	0.0	image/710	710	442384	train2017/000000436578.jpg
864.818359375	0.0	image/680	680	442787	train2017/000000485595.jpg
865.587890625	0.0	image/674	674	443181	train2017/000000425135.jpg
866.373046875	0.0	image/679	679	443583	train2017/000000164564.jpg
868.005859375	0.0	image/642	642	444419	train2017/000000154011.jpg
868.81640625	0.0	image/662	662	444834	train2017/000000160181.jpg
869.599609375	0.0	image/604	604	445235	train2017/000000406445.jpg
870.390625	0.0	image/603	603	445640	train2017/000000144193.jpg
871.173828125	0.0	image/712	712	446041	train2017/000000174522.jpg
871.951171875	0.0	image/654	654	446439	train2017/000000157125.jpg
872.751953125	0.0	image/673	673	446849	train2017/000000424138.jpg
873.55859375	0.0	image/695	695	447262	train2017/000000284987.jpg
874.3515625	0.0	image/652	652	447668	train2017/000000113449.jpg
875.9609375	0.0	image/642	642	448492	train2017/000000154011.jpg
876.736328125	0.0	image/609	609	448889	train2017/000000504888.jpg
877.5390625	0.0	image/634	634	449300	train2017/000000152273.jpg
878.353515625	0.0	image/690	690	449717	train2017/000000043829.jpg
879.13671875	0.0	image/678	678	450118	train2017/000000164502.jpg
879.943359375	0.0	image/631	631	450531	train2017/000000151414.jpg
880.75390625	0.0	image/639	639	450946	train2017/000000415026.jpg
881.5703125	0.0	image/636	636	451364	train2017/000000549729.jpg
882.376953125	0.0	image/675	675	451777	train2017/000000163250.jpg
883.1875	0.0	image/637	637	452192	train2017/000000506039.jpg
884.01171875	0.0	image/669	669	452614	train2017/000000161328.jpg
884.794921875	0.0	image/636	636	453015	train2017/000000549729.jpg
885.572265625	0.0	image/619	619	453413	train2017/000000149810.jpg
886.35546875	0.0	image/633	633	453814	train2017/000000414176.jpg
887.177734375	0.0	image/638	638	454235	train2017/000000414853.jpg
887.9765625	0.0	image/704	704	454644	train2017/000000420713.jpg
888.8125	0.0	image/627	627	455072	train2017/000000150931.jpg
889.58984375	0.0	image/646	646	455470	train2017/000000417141.jpg
891.1953125	0.0	image/649	649	456292	train2017/000000418115.jpg
891.990234375	0.0	image/718	718	456699	train2017/000000176085.jpg
893.61328125	0.0	image/673	673	457530	train2017/000000424138.jpg
894.4296875	0.0	image/703	703	457948	train2017/000000171374.jpg
895.263671875	0.0	image/624	624	458375	train2017/000000412857.jpg
896.091796875	0.0	image/690	690	458799	train2017/000000043829.jpg
896.880859375	0.0	image/674	674	459203	train2017/000000425135.jpg
897.69140625	0.0	image/696	696	459618	train2017/000000028367.jpg
898.515625	0.0	image/623	623	460040	train2017/000000412855.jpg
899.326171875	0.0	image/660	660	460455	train2017/000000422268.jpg
900.126953125	0.0	image/678	678	460865	train2017/000000164502.jpg
900.89453125	0.0	image/688	688	461258	train2017/000000166764.jpg
901.708984375	0.0	image/685	685	461675	train2017/000000166504.jpg
902.509765625	0.0	image/702	702	462085	train2017/000000171328.jpg
903.31640625	0.0	image/668	668	462498	train2017/000000423222.jpg
904.8828125	0.0	image/604	604	463300	train2017/000000406445.jpg
905.662109375	0.0	image/719	719	463699	train2017/000000438751.jpg
906.484375	0.0	image/710	710	464120	train2017/000000436578.jpg
907.31640625	0.0	image/637	637	464546	train2017/000000506039.jpg
908.9296875	0.0	image/611	611	465372	train2017/000000408922.jpg
909.734375	0.0	image/635	635	465784	train2017/000000152328.jpg
910.51953125	0.0	image/711	711	466186	train2017/000000174504.jpg
911.330078125	0.0	image/717	717	466601	train2017/000000438154.jpg
912.13671875	0.0	image/641	641	467014	train2017/000000415608.jpg
912.919921875	0.0	image/643	643	467415	train2017/000000416279.jpg
913.74609375	0.0	image/677	677	467838	train2017/000000425712.jpg
914.515625	0.0	image/705	705	468232	train2017/000000028930.jpg
915.287109375	0.0	image/658	658	468627	train2017/000000563961.jpg
916.11328125	0.0	image/648	648	469050	train2017/000000417700.jpg
916.8984375	0.0	image/682	682	469452	train2017/000000014269.jpg
918.498046875	0.0	image/629	629	470271	train2017/000000151307.jpg
919.265625	0.0	image/683	683	470664	train2017/000000428605.jpg
920.0546875	0.0	image/715	715	471068	train2017/000000175715.jpg
920.83203125	0.0	image/650	650	471466	train2017/000000419212.jpg
921.599609375	0.0	image/614	614	471859	train2017/000000147694.jpg
922.400390625	0.0	image/683	683	472269	train2017/000000428605.jpg
923.205078125	0.0	image/697	697	472681	train2017/000000433019.jpg
924.017578125	0.0	image/648	648	473097	train2017/000000417700.jpg
924.783203125	0.0	image/705	705	473489	train2017/000000028930.jpg
925.607421875	0.0	image/696	696	473911	train2017/000000028367.jpg
926.4375	0.0	image/615	615	474336	train2017/000000148263.jpg
927.240234375	0.0	image/652	652	474747	train2017/000000113449.jpg
928.03515625	0.0	image/615	615	475154	train2017/000000148263.jpg
928.80078125	0.0	image/620	620	475546	train2017/000000153394.jpg
929.625	0.0	image/666	666	475968	train2017/000000161062.jpg
930.408203125	0.0	image/685	685	476369	train2017/000000166504.jpg
931.203125	0.0	image/689	689	476776	train2017/000000508456.jpg
931.9921875	0.0	image/622	622	477180	train2017/000000150559.jpg
932.775390625	0.0	image/617	617	477581	train2017/000000411475.jpg
933.5859375	0.0	image/692	692	477996	train2017/000000169262.jpg
934.38671875	0.0	image/653	653	478406	train2017/000000157119.jpg
935.193359375	0.0	image/631	631	478819	train2017/000000151414.jpg
935.9921875	0.0	image/655	655	479228	train2017/000000157181.jpg
937.576171875	0.0	image/665	665	480039	train2017/000000160735.jpg
938.388671875	0.0	image/689	689	480455	train2017/000000508456.jpg
939.2109375	0.0	image/629	629	480876	train2017/000000151307.jpg
940.021484375	0.0	image/605	605	481291	train2017/000000406595.jpg
940.7890625	0.0	image/667	667	481684	train2017/000000423209.jpg
941.611328125	0.0	image/698	698	482105	train2017/000000433021.jpg
943.189453125	0.0	image/687	687	482913	train2017/000000428726.jpg
943.962890625	0.0	image/613	613	483309	train2017/000000147331.jpg
944.7734375	0.0	image/720	720	483724	train2017/000000176728.jpg
945.556640625	0.0	image/646	646	484125	train2017/000000417141.jpg
946.341796875	0.0	image/640	640	484527	train2017/000000162230.jpg
947.162109375	0.0	image/679	679	484947	train2017/000000164564.jpg
947.990234375	0.0	image/607	607	485371	train2017/000000461187.jpg
948.7578125	0.0	image/625	625	485764	train2017/000000369367.jpg
949.591796875	0.0	image/712	712	486191	train2017/000000174522.jpg
951.181640625	0.0	image/677	677	487005	train2017/000000425712.jpg
951.955078125	0.0	image/630	630	487401	train2017/000000462134.jpg
953.548828125	0.0	image/658	658	488217	train2017/000000563961.jpg
954.375	0.0	image/612	612	488640	train2017/000000408965.jpg
955.1484375	0.0	image/618	618	489036	train2017/000000149791.jpg
955.958984375	0.0	image/697	697	489451	train2017/000000433019.jpg
956.732421875	0.0	image/719	719	489847	train2017/000000438751.jpg
957.54296875	0.0	image/661	661	490262	train2017/000000160142.jpg
958.310546875	0.0	image/612	612	490655	train2017/000000408965.jpg
959.111328125	0.0	image/608	608	491065	train2017/000000024287.jpg
959.91015625	0.0	image/713	713	491474	train2017/000000291280.jpg
960.6953125	0.0	image/671	671	491876	train2017/000000161836.jpg
961.494140625	0.0	image/709	709	492285	train2017/000000174303.jpg
963.044921875	0.0	image/713	713	493079	train2017/000000291280.jpg
963.8671875	0.0	image/609	609	493500	train2017/000000504888.jpg
965.462890625	0.0	image/669	669	494317	train2017/000000161328.jpg
966.28515625	0.0	image/686	686	494738	train2017/000000428691.jpg
967.0859375	0.0	image/656	656	495148	train2017/000000157342.jpg
967.8984375	0.0	image/606	606	495564	train2017/000000407778.jpg
968.685546875	0.0	image/647	647	495967	train2017/000000417264.jpg
969.462890625	0.0	image/643	643	496365	train2017/000000416279.jpg
970.263671875	0.0	image/617	617	496775	train2017/000000411475.jpg
971.052734375	0.0	image/714	714	497179	train2017/000000437516.jpg
971.865234375	0.0	image/699	699	497595	train2017/000000170917.jpg
972.685546875	0.0	image/624	624	498015	train2017/000000412857.jpg
973.48828125	0.0	image/700	700	498426	train2017/000000170968.jpg
974.265625	0.0	image/602	602	498824	train2017/000000406292.jpg
975.048828125	0.0	image/716	716	499225	train2017/000000437967.jpg
976.62109375	0.0	image/707	707	500030	train2017/000000173987.jpg
977.421875	0.0	image/626	626	500440	train2017/000000412922.jpg
978.21875	0.0	image/607	607	500848	train2017/000000461187.jpg
979.005859375	0.0	image/647	647	501251	train2017/000000417264.jpg
979.783203125	0.0	image/693	693	501649	train2017/000000431764.jpg
980.56640625	0.0	image/649	649	502050	train2017/000000418115.jpg
981.333984375	0.0	image/682	682	502443	train2017/000000014269.jpg
982.1171875	0.0	image/611	611	502844	train2017/000000408922.jpg
982.90625	0.0	image/630	630	503248	train2017/000000462134.jpg
983.685546875	0.0	image/684	684	503647	train2017/000000166489.jpg
984.486328125	0.0	image/662	662	504057	train2017/000000160181.jpg
985.30859375	0.0	image/708	708	504478	train2017/000000174213.jpg
986.119140625	0.0	image/676	676	504893	train2017/000000163263.jpg
987.76953125	0.0	image/709	709	505738	train2017/000000174303.jpg
988.576171875	0.0	image/644	644	506151	train2017/000000154207.jpg
989.38671875	0.0	image/619	619	506566	train2017/000000149810.jpg
990.16015625	0.0	image/651	651	506962	train2017/000000156084.jpg
990.9921875	0.0	image/670	670	507388	train2017/000000423488.jpg
991.76953125	0.0	image/653	653	507786	train2017/000000157119.jpg
992.552734375	0.0	image/614	614	508187	train2017/000000147694.jpg
994.173828125	0.0	image/623	623	509017	train2017/000000412855.jpg
994.9765625	0.0	image/650	650	509428	train2017/000000419212.jpg
995.76171875	0.0	image/706	706	509830	train2017/000000435902.jpg
996.587890625	0.0	image/622	622	510253	train2017/000000150559.jpg
997.39453125	0.0	image/659	659	510666	train2017/000000159680.jpg
998.22265625	0.0	image/699	699	511090	train2017/000000170917.jpg
998.990234375	0.0	image/621	621	511483	train2017/000000150196.jpg
999.779296875	0.0	image/692	692	511887	train2017/000000169262.jpg
1000.58984375	0.0	image/698	698	512302	train2017/000000433021.jpg
1001.373046875	0.0	image/706	706	512703	train2017/000000435902.jpg
1002.14453125	0.0	image/661	661	513098	train2017/000000160142.jpg
1002.962890625	0.0	image/616	616	513517	train2017/000000149221.jpg
1003.7578125	0.0	image/668	668	513924	train2017/000000423222.jpg
1004.564453125	0.0	image/716	716	514337	train2017/000000437967.jpg
1005.34765625	0.0	image/620	620	514738	train2017/000000153394.jpg
1006.142578125	0.0	image/664	664	515145	train2017/000000551063.jpg
1006.96484375	0.0	image/695	695	515566	train2017/000000284987.jpg
1008.59765625	0.0	image/651	651	516402	train2017/000000156084.jpg
1009.380859375	0.0	image/602	602	516803	train2017/000000406292.jpg
1010.166015625	0.0	image/616	616	517205	train2017/000000149221.jpg
1010.943359375	0.0	image/711	711	517603	train2017/000000174504.jpg
1011.75	0.0	image/707	707	518016	train2017/000000173987.jpg
1013.349609375	0.0	image/659	659	518835	train2017/000000159680.jpg
1014.166015625	0.0	image/691	691	519253	train2017/000000168690.jpg
1014.9609375	0.0	image/676	676	519660	train2017/000000163263.jpg
1015.75	0.0	image/701	701	520064	train2017/000000079701.jpg
1016.55078125	0.0	image/626	626	520474	train2017/000000412922.jpg
1017.37890625	0.0	image/634	634	520898	train2017/000000152273.jpg
1018.984375	0.0	image/644	644	521720	train2017/000000154207.jpg
1019.763671875	0.0	image/610	610	522119	train2017/000000146256.jpg
1020.544921875	0.0	image/618	618	522519	train2017/000000149791.jpg
1021.3359375	0.0	image/686	686	522924	train2017/000000428691.jpg
1022.12890625	0.0	image/663	663	523330	train2017/000000463620.jpg
1022.9296875	0.0	image/640	640	523740	train2017/000000162230.jpg
1023.71875	0.0	image/718	718	524144	train2017/000000176085.jpg
1024.546875	0.0	image/671	671	524568	train2017/000000161836.jpg
1025.353515625	0.0	image/702	702	524981	train2017/000000171328.jpg
1026.96484375	0.0	image/708	708	525806	train2017/000000174213.jpg
1028.580078125	0.0	image/621	621	526633	train2017/000000150196.jpg
1029.34765625	0.0	image/635	635	527026	train2017/000000152328.jpg
1030.154296875	0.0	image/641	641	527439	train2017/000000415608.jpg
1030.96484375	0.0	image/717	717	527854	train2017/000000438154.jpg
1031.7890625	0.0	image/667	667	528276	train2017/000000423209.jpg
1032.599609375	0.0	image/704	704	528691	train2017/000000420713.jpg
1033.365234375	0.0	image/664	664	529083	train2017/000000551063.jpg
1034.171875	0.0	image/601	601	529496	train2017/000000143594.jpg
1035.767578125	0.0	image/691	691	530313	train2017/000000168690.jpg
1037.357421875	0.0	image/675	675	531127	train2017/000000163250.jpg
1038.16796875	0.0	image/601	601	531542	train2017/000000143594.jpg
1038.935546875	0.0	image/656	656	531935	train2017/000000157342.jpg
1039.70703125	0.0	image/694	694	532330	train2017/000000431825.jpg
1040.490234375	0.0	image/688	688	532731	train2017/000000166764.jpg
1041.267578125	0.0	image/645	645	533129	train2017/000000416972.jpg
1042.052734375	0.0	image/632	632	533531	train2017/000000068996.jpg
1042.857421875	0.0	image/714	714	533943	train2017/000000437516.jpg
1043.65234375	0.0	image/603	603	534350	train2017/000000144193.jpg
1044.435546875	0.0	image/680	680	534751	train2017/000000485595.jpg
1046.04296875	0.0	image/608	608	535574	train2017/000000024287.jpg
1046.826171875	0.0	image/628	628	535975	train2017/000000151163.jpg
1053.55859375	0.0	image/776	776	539422	train2017/000000468771.jpg
1054.390625	0.0	image/801	801	539848	train2017/000000459190.jpg
1055.986328125	0.0	image/740	740	540665	train2017/000000161354.jpg
1056.802734375	0.0	image/815	815	541083	train2017/000000202050.jpg
1057.6015625	0.0	image/813	813	541492	train2017/000000557920.jpg
1058.392578125	0.0	image/787	787	541897	train2017/000000193318.jpg
1059.203125	0.0	image/764	764	542312	train2017/000000450903.jpg
1059.96875	0.0	image/804	804	542704	train2017/000000460236.jpg
1060.736328125	0.0	image/772	772	543097	train2017/000000190487.jpg
1061.525390625	0.0	image/819	819	543501	train2017/000000298139.jpg
1062.337890625	0.0	image/775	775	543917	train2017/000000453221.jpg
1063.12109375	0.0	image/784	784	544318	train2017/000000455020.jpg
1063.90625	0.0	image/811	811	544720	train2017/000000201722.jpg
1064.720703125	0.0	image/782	782	545137	train2017/000000454830.jpg
1065.48828125	0.0	image/833	833	545530	train2017/000000207549.jpg
1067.078125	0.0	image/828	828	546344	train2017/000000468394.jpg
1067.912109375	0.0	image/778	778	546771	train2017/000000191686.jpg
1068.712890625	0.0	image/737	737	547181	train2017/000000443377.jpg
1069.51171875	0.0	image/769	769	547590	train2017/000000189893.jpg
1071.11328125	0.0	image/814	814	548410	train2017/000000201969.jpg
1071.939453125	0.0	image/808	808	548833	train2017/000000461428.jpg
1072.70703125	0.0	image/837	837	549226	train2017/000000208805.jpg
1073.529296875	0.0	image/735	735	549647	train2017/000000180410.jpg
1074.306640625	0.0	image/793	793	550045	train2017/000000338439.jpg
1075.109375	0.0	image/839	839	550456	train2017/000000209229.jpg
1075.9140625	0.0	image/766	766	550868	train2017/000000451680.jpg
1076.724609375	0.0	image/736	736	551283	train2017/000000180609.jpg
1077.52734375	0.0	image/765	765	551694	train2017/000000450914.jpg
1078.298828125	0.0	image/738	738	552089	train2017/000000204969.jpg
1079.125	0.0	image/837	837	552512	train2017/000000208805.jpg
1079.931640625	0.0	image/760	760	552925	train2017/000000276853.jpg
1080.7421875	0.0	image/723	723	553340	train2017/000000439241.jpg
1082.33203125	0.0	image/758	758	554154	train2017/000000186828.jpg
1083.166015625	0.0	image/779	779	554581	train2017/000000191740.jpg
1083.982421875	0.0	image/829	829	554999	train2017/000000206467.jpg
1084.79296875	0.0	image/748	748	555414	train2017/000000184822.jpg
1085.578125	0.0	image/807	807	555816	train2017/000000397815.jpg
1086.345703125	0.0	image/834	834	556209	train2017/000000469816.jpg
1087.150390625	0.0	image/824	824	556621	train2017/000000204806.jpg
1087.93359375	0.0	image/797	797	557022	train2017/000000458178.jpg
1088.767578125	0.0	image/762	762	557449	train2017/000000188660.jpg
1089.55078125	0.0	image/822	822	557850	train2017/000000466265.jpg
1090.345703125	0.0	image/761	761	558257	train2017/000000188225.jpg
1091.1328125	0.0	image/746	746	558660	train2017/000000445726.jpg
1091.91796875	0.0	image/742	742	559062	train2017/000000181837.jpg
1092.74609375	0.0	image/734	734	559486	train2017/000000442489.jpg
1093.568359375	0.0	image/780	780	559907	train2017/000000192576.jpg
1094.353515625	0.0	image/774	774	560309	train2017/000000191005.jpg
1095.166015625	0.0	image/823	823	560725	train2017/000000204422.jpg
1095.970703125	0.0	image/777	777	561137	train2017/000000453682.jpg
1096.763671875	0.0	image/810	810	561543	train2017/000000200391.jpg
1097.564453125	0.0	image/777	777	561953	train2017/000000453682.jpg
1098.337890625	0.0	image/790	790	562349	train2017/000000455799.jpg
1099.12109375	0.0	image/829	829	562750	train2017/000000206467.jpg
1099.916015625	0.0	image/800	800	563157	train2017/000000458616.jpg
1100.6875	0.0	image/811	811	563552	train2017/000000201722.jpg
1101.48828125	0.0	image/833	833	563962	train2017/000000207549.jpg
1102.271484375	0.0	image/785	785	564363	train2017/000000119550.jpg
1103.06640625	0.0	image/796	796	564770	train2017/000000338501.jpg
1103.873046875	0.0	image/839	839	565183	train2017/000000209229.jpg
1104.671875	0.0	image/759	759	565592	train2017/000000449914.jpg
1106.2734375	0.0	image/741	741	566412	train2017/000000443940.jpg
1107.07421875	0.0	image/728	728	566822	train2017/000000395740.jpg
1107.857421875	0.0	image/812	812	567223	train2017/000000201758.jpg
1109.44140625	0.0	image/821	821	568034	train2017/000000077686.jpg
1111.0078125	0.0	image/721	721	568836	train2017/000000176873.jpg
1111.841796875	0.0	image/831	831	569263	train2017/000000469445.jpg
1113.42578125	0.0	image/752	752	570074	train2017/000000036151.jpg
1114.2578125	0.0	image/728	728	570500	train2017/000000395740.jpg
1115.0703125	0.0	image/803	803	570916	train2017/000000197401.jpg
1115.837890625	0.0	image/838	838	571309	train2017/000000208849.jpg
1116.654296875	0.0	image/788	788	571727	train2017/000000193373.jpg
1117.455078125	0.0	image/836	836	572137	train2017/000000470907.jpg
1118.271484375	0.0	image/832	832	572555	train2017/000000203615.jpg
1119.0703125	0.0	image/831	831	572964	train2017/000000469445.jpg
1119.857421875	0.0	image/767	767	573367	train2017/000000189794.jpg
1120.66015625	0.0	image/736	736	573778	train2017/000000180609.jpg
1121.48828125	0.0	image/732	732	574202	train2017/000000179480.jpg
1122.294921875	0.0	image/754	754	574615	train2017/000000185888.jpg
1123.087890625	0.0	image/769	769	575021	train2017/000000189893.jpg
1123.87109375	0.0	image/816	816	575422	train2017/000000464616.jpg
1124.677734375	0.0	image/740	740	575835	train2017/000000161354.jpg
1125.47265625	0.0	image/821	821	576242	train2017/000000077686.jpg
1126.255859375	0.0	image/763	763	576643	train2017/000000450864.jpg
1127.0625	0.0	image/809	809	577056	train2017/000000462505.jpg
1127.845703125	0.0	image/749	749	577457	train2017/000000447130.jpg
1128.67578125	0.0	image/807	807	577882	train2017/000000397815.jpg
1129.49609375	0.0	image/760	760	578302	train2017/000000276853.jpg
1130.275390625	0.0	image/826	826	578701	train2017/000000205875.jpg
1131.041015625	0.0	image/825	825	579093	train2017/000000467646.jpg
1131.82421875	0.0	image/722	722	579494	train2017/000000073172.jpg
1132.630859375	0.0	image/806	806	579907	train2017/000000198319.jpg
1133.408203125	0.0	image/799	799	580305	train2017/000000196368.jpg
1134.21484375	0.0	image/768	768	580718	train2017/000000189888.jpg
1134.998046875	0.0	image/773	773	581119	train2017/000000303133.jpg
1136.61328125	0.0	image/794	794	581946	train2017/000000195650.jpg
1137.431640625	0.0	image/768	768	582365	train2017/000000189888.jpg
1139.03515625	0.0	image/795	795	583186	train2017/000000195768.jpg
1139.8671875	0.0	image/726	726	583612	train2017/000000178423.jpg
1140.68359375	0.0	image/826	826	584030	train2017/000000205875.jpg
1142.349609375	0.0	image/762	762	584883	train2017/000000188660.jpg
1143.150390625	0.0	image/781	781	585293	train2017/000000192631.jpg
1143.927734375	0.0	image/823	823	585691	train2017/000000204422.jpg
1144.751953125	0.0	image/753	753	586113	train2017/000000006178.jpg
1145.568359375	0.0	image/774	774	586531	train2017/000000191005.jpg
1146.384765625	0.0	image/764	764	586949	train2017/000000450903.jpg
1147.1796875	0.0	image/725	725	587356	train2017/000000440334.jpg
1148.001953125	0.0	image/802	802	587777	train2017/000000197118.jpg
1148.8359375	0.0	image/739	739	588204	train2017/000000443575.jpg
1149.65234375	0.0	image/788	788	588622	train2017/000000193373.jpg
1150.435546875	0.0	image/808	808	589023	train2017/000000461428.jpg
1151.265625	0.0	image/734	734	589448	train2017/000000442489.jpg
1152.078125	0.0	image/782	782	589864	train2017/000000454830.jpg
1152.87890625	0.0	image/792	792	590274	train2017/000000194108.jpg
1153.6875	0.0	image/822	822	590688	train2017/000000466265.jpg
1155.248046875	0.0	image/758	758	591487	train2017/000000186828.jpg
1156.072265625	0.0	image/726	726	591909	train2017/000000178423.jpg
1156.8984375	0.0	image/797	797	592332	train2017/000000458178.jpg
1157.69921875	0.0	image/783	783	592742	train2017/000000454915.jpg
1158.48828125	0.0	image/727	727	593146	train2017/000000440792.jpg
1160.056640625	0.0	image/747	747	593949	train2017/000000183719.jpg
1160.873046875	0.0	image/816	816	594367	train2017/000000464616.jpg
1161.650390625	0.0	image/724	724	594765	train2017/000000178031.jpg
1162.466796875	0.0	image/834	834	595183	train2017/000000469816.jpg
1164.068359375	0.0	image/722	722	596003	train2017/000000073172.jpg
1164.8671875	0.0	image/812	812	596412	train2017/000000201758.jpg
1166.4921875	0.0	image/752	752	597244	train2017/000000036151.jpg
1167.302734375	0.0	image/735	735	597659	train2017/000000180410.jpg
1168.1015625	0.0	image/791	791	598068	train2017/000000194054.jpg
1168.90234375	0.0	image/786	786	598478	train2017/000000193023.jpg
1169.708984375	0.0	image/732	732	598891	train2017/000000179480.jpg
1170.4921875	0.0	image/795	795	599292	train2017/000000195768.jpg
1171.2734375	0.0	image/753	753	599692	train2017/000000006178.jpg
1172.107421875	0.0	image/783	783	600119	train2017/000000454915.jpg
1172.904296875	0.0	image/805	805	600527	train2017/000000460408.jpg
1173.7265625	0.0	image/838	838	600948	train2017/000000208849.jpg
1174.509765625	0.0	image/835	835	601349	train2017/000000129143.jpg
1175.3203125	0.0	image/727	727	601764	train2017/000000440792.jpg
1176.89453125	0.0	image/733	733	602570	train2017/000000179914.jpg
1177.6875	0.0	image/818	818	602976	train2017/000000465412.jpg
1178.478515625	0.0	image/761	761	603381	train2017/000000188225.jpg
1179.294921875	0.0	image/815	815	603799	train2017/000000202050.jpg
1180.912109375	0.0	image/799	799	604627	train2017/000000196368.jpg
1181.72265625	0.0	image/824	824	605042	train2017/000000204806.jpg
1182.525390625	0.0	image/787	787	605453	train2017/000000193318.jpg
1183.33984375	0.0	image/803	803	605870	train2017/000000197401.jpg
1184.125	0.0	image/731	731	606272	train2017/000000179034.jpg
1184.947265625	0.0	image/750	750	606693	train2017/000000447182.jpg
1185.7578125	0.0	image/744	744	607108	train2017/000000182799.jpg
1186.560546875	0.0	image/805	805	607519	train2017/000000460408.jpg
1187.36328125	0.0	image/743	743	607930	train2017/000000189388.jpg
1188.98046875	0.0	image/773	773	608758	train2017/000000303133.jpg
1189.80859375	0.0	image/751	751	609182	train2017/000000185225.jpg
1190.609375	0.0	image/794	794	609592	train2017/000000195650.jpg
1191.416015625	0.0	image/817	817	610005	train2017/000000202805.jpg
1192.228515625	0.0	image/757	757	610421	train2017/000000442666.jpg
1193.033203125	0.0	image/806	806	610833	train2017/000000198319.jpg
1193.826171875	0.0	image/721	721	611239	train2017/000000176873.jpg
1194.626953125	0.0	image/820	820	611649	train2017/000000203937.jpg
1195.44921875	0.0	image/745	745	612070	train2017/000000445351.jpg
1196.2265625	0.0	image/754	754	612468	train2017/000000185888.jpg
1197.0	0.0	image/804	804	612864	train2017/000000460236.jpg
1197.77734375	0.0	image/792	792	613262	train2017/000000194108.jpg
1198.568359375	0.0	image/789	789	613667	train2017/000000455657.jpg
1199.361328125	0.0	image/817	817	614073	train2017/000000202805.jpg
1200.18359375	0.0	image/730	730	614494	train2017/000000441172.jpg
1200.96875	0.0	image/771	771	614896	train2017/000000190271.jpg
1201.78515625	0.0	image/810	810	615314	train2017/000000200391.jpg
1202.5859375	0.0	image/820	820	615724	train2017/000000203937.jpg
1204.15234375	0.0	image/750	750	616526	train2017/000000447182.jpg
1204.986328125	0.0	image/784	784	616953	train2017/000000455020.jpg
1205.814453125	0.0	image/772	772	617377	train2017/000000190487.jpg
1206.59765625	0.0	image/743	743	617778	train2017/000000189388.jpg
1207.419921875	0.0	image/780	780	618199	train2017/000000192576.jpg
1208.197265625	0.0	image/835	835	618597	train2017/000000129143.jpg
1208.98046875	0.0	image/827	827	618998	train2017/000000296474.jpg
1209.787109375	0.0	image/766	766	619411	train2017/000000451680.jpg
1210.58203125	0.0	image/813	813	619818	train2017/000000557920.jpg
1211.3828125	0.0	image/747	747	620228	train2017/000000183719.jpg
1212.1640625	0.0	image/798	798	620628	train2017/000000196365.jpg
1212.982421875	0.0	image/729	729	621047	train2017/000000179019.jpg
1213.7890625	0.0	image/796	796	621460	train2017/000000338501.jpg
1215.388671875	0.0	image/800	800	622279	train2017/000000458616.jpg
1216.189453125	0.0	image/828	828	622689	train2017/000000468394.jpg
1217.0	0.0	image/756	756	623104	train2017/000000448401.jpg
1217.806640625	0.0	image/830	830	623517	train2017/000000468825.jpg
1218.607421875	0.0	image/781	781	623927	train2017/000000192631.jpg
1219.400390625	0.0	image/827	827	624333	train2017/000000296474.jpg
1220.21875	0.0	image/770	770	624752	train2017/000000452341.jpg
1221.017578125	0.0	image/790	790	625161	train2017/000000455799.jpg
1221.818359375	0.0	image/775	775	625571	train2017/000000453221.jpg
1222.6015625	0.0	image/779	779	625972	train2017/000000191740.jpg
1223.390625	0.0	image/791	791	626376	train2017/000000194054.jpg
1224.17578125	0.0	image/756	756	626778	train2017/000000448401.jpg
1224.986328125	0.0	image/730	730	627193	train2017/000000441172.jpg
1225.775390625	0.0	image/793	793	627597	train2017/000000338439.jpg
1227.353515625	0.0	image/749	749	628405	train2017/000000447130.jpg
1228.958984375	0.0	image/840	840	629227	train2017/000000471871.jpg
1229.736328125	0.0	image/814	814	629625	train2017/000000201969.jpg
1230.50390625	0.0	image/755	755	630018	train2017/000000055764.jpg
1231.28515625	0.0	image/745	745	630418	train2017/000000445351.jpg
1232.044921875	0.0	image/748	748	630807	train2017/000000184822.jpg
1232.828125	0.0	image/832	832	631208	train2017/000000203615.jpg
1233.64453125	0.0	image/759	759	631626	train2017/000000449914.jpg
1234.46875	0.0	image/751	751	632048	train2017/000000185225.jpg
1235.244140625	0.0	image/789	789	632445	train2017/000000455657.jpg
1236.07421875	0.0	image/729	729	632870	train2017/000000179019.jpg
1236.87890625	0.0	image/786	786	633282	train2017/000000193023.jpg
1237.70703125	0.0	image/755	755	633706	train2017/000000055764.jpg
1238.51171875	0.0	image/819	819	634118	train2017/000000298139.jpg
1239.341796875	0.0	image/802	802	634543	train2017/000000197118.jpg
1240.162109375	0.0	image/724	724	634963	train2017/000000178031.jpg
1240.94140625	0.0	image/765	765	635362	train2017/000000450914.jpg
1241.73046875	0.0	image/757	757	635766	train2017/000000442666.jpg
1242.51171875	0.0	image/746	746	636166	train2017/000000445726.jpg
1243.330078125	0.0	image/840	840	636585	train2017/000000471871.jpg
1244.125	0.0	image/825	825	636992	train2017/000000467646.jpg
1244.89453125	0.0	image/767	767	637386	train2017/000000189794.jpg
1245.6640625	0.0	image/737	737	637780	train2017/000000443377.jpg
1246.44921875	0.0	image/801	801	638182	train2017/000000459190.jpg
1247.2265625	0.0	image/725	725	638580	train2017/000000440334.jpg
1247.9921875	0.0	image/836	836	638972	train2017/000000470907.jpg
1248.794921875	0.0	image/738	738	639383	train2017/000000204969.jpg
1249.56640625	0.0	image/733	733	639778	train2017/000000179914.jpg
1250.349609375	0.0	image/763	763	640179	train2017/000000450864.jpg
1251.173828125	0.0	image/742	742	640601	train2017/000000181837.jpg
1251.94140625	0.0	image/830	830	640994	train2017/000000468825.jpg
1252.734375	0.0	image/723	723	641400	train2017/000000439241.jpg
1254.384765625	0.0	image/778	778	642245	train2017/000000191686.jpg
1255.162109375	0.0	image/818	818	642643	train2017/000000465412.jpg
1255.951171875	0.0	image/771	771	643047	train2017/000000190271.jpg
1257.5625	0.0	image/798	798	643872	train2017/000000196365.jpg
1258.369140625	0.0	image/776	776	644285	train2017/000000468771.jpg
1259.181640625	0.0	image/744	744	644701	train2017/000000182799.jpg
1259.98046875	0.0	image/809	809	645110	train2017/000000462505.jpg
1260.802734375	0.0	image/785	785	645531	train2017/000000119550.jpg
1261.6328125	0.0	image/741	741	645956	train2017/000000443940.jpg
1262.416015625	0.0	image/739	739	646357	train2017/000000443575.jpg
1263.220703125	0.0	image/731	731	646769	train2017/000000179034.jpg
1264.033203125	0.0	image/770	770	647185	train2017/000000452341.jpg
1270.94921875	0.0	image/923	923	650726	train2017/000000231851.jpg
1271.78125	0.0	image/904	904	651152	train2017/000000227733.jpg
1272.591796875	0.0	image/845	845	651567	train2017/000000211198.jpg
1273.376953125	0.0	image/862	862	651969	train2017/000000215023.jpg
1274.166015625	0.0	image/860	860	652373	train2017/000000476481.jpg
1275.732421875	0.0	image/915	915	653175	train2017/000000229947.jpg
1276.515625	0.0	image/869	869	653576	train2017/000000294744.jpg
1277.30078125	0.0	image/879	879	653978	train2017/000000221441.jpg
1278.1328125	0.0	image/882	882	654404	train2017/000000485113.jpg
1279.716796875	0.0	image/861	861	655215	train2017/000000560054.jpg
1281.267578125	0.0	image/935	935	656009	train2017/000000082945.jpg
1282.09765625	0.0	image/887	887	656434	train2017/000000561677.jpg
1282.9140625	0.0	image/910	910	656852	train2017/000000228565.jpg
1283.71484375	0.0	image/939	939	657262	train2017/000000499627.jpg
1284.501953125	0.0	image/952	952	657665	train2017/000000502860.jpg
1285.3125	0.0	image/900	900	658080	train2017/000000488658.jpg
1286.9296875	0.0	image/859	859	658908	train2017/000000476380.jpg
1287.74609375	0.0	image/874	874	659326	train2017/000000561006.jpg
1288.537109375	0.0	image/942	942	659731	train2017/000000238001.jpg
1289.322265625	0.0	image/880	880	660133	train2017/000000484300.jpg
1290.115234375	0.0	image/847	847	660539	train2017/000000207833.jpg
1290.9375	0.0	image/876	876	660960	train2017/000000482912.jpg
1291.75	0.0	image/849	849	661376	train2017/000000212229.jpg
1292.5546875	0.0	image/864	864	661788	train2017/000000385417.jpg
1293.337890625	0.0	image/952	952	662189	train2017/000000502860.jpg
1294.115234375	0.0	image/906	906	662587	train2017/000000227928.jpg
1294.8828125	0.0	image/867	867	662980	train2017/000000479035.jpg
1295.689453125	0.0	image/915	915	663393	train2017/000000229947.jpg
1297.31640625	0.0	image/918	918	664226	train2017/000000230422.jpg
1298.138671875	0.0	image/909	909	664647	train2017/000000228380.jpg
1298.91796875	0.0	image/848	848	665046	train2017/000000474353.jpg
1299.6875	0.0	image/956	956	665440	train2017/000000242133.jpg
1300.47265625	0.0	image/890	890	665842	train2017/000000224759.jpg
1301.2578125	0.0	image/893	893	666244	train2017/000000225383.jpg
1302.083984375	0.0	image/846	846	666667	train2017/000000474024.jpg
1302.908203125	0.0	image/856	856	667089	train2017/000000213288.jpg
1303.69140625	0.0	image/930	930	667490	train2017/000000344729.jpg
1304.46875	0.0	image/943	943	667888	train2017/000000238201.jpg
1305.25390625	0.0	image/927	927	668290	train2017/000000495040.jpg
1306.853515625	0.0	image/891	891	669109	train2017/000000224869.jpg
1308.50390625	0.0	image/932	932	669954	train2017/000000233580.jpg
1309.26953125	0.0	image/866	866	670346	train2017/000000216029.jpg
1310.072265625	0.0	image/878	878	670757	train2017/000000167908.jpg
1310.87109375	0.0	image/931	931	671166	train2017/000000495568.jpg
1311.654296875	0.0	image/960	960	671567	train2017/000000505592.jpg
1312.4765625	0.0	image/922	922	671988	train2017/000000235479.jpg
1313.2890625	0.0	image/875	875	672404	train2017/000000482858.jpg
1314.0546875	0.0	image/844	844	672796	train2017/000000341033.jpg
1314.84375	0.0	image/949	949	673200	train2017/000000240278.jpg
1315.62890625	0.0	image/852	852	673602	train2017/000000212440.jpg
1317.224609375	0.0	image/874	874	674419	train2017/000000561006.jpg
1318.029296875	0.0	image/863	863	674831	train2017/000000215291.jpg
1318.806640625	0.0	image/916	916	675229	train2017/000000038370.jpg
1319.58984375	0.0	image/854	854	675630	train2017/000000475236.jpg
1320.373046875	0.0	image/858	858	676031	train2017/000000214059.jpg
1321.1640625	0.0	image/953	953	676436	train2017/000000241026.jpg
1321.974609375	0.0	image/853	853	676851	train2017/000000474827.jpg
1322.796875	0.0	image/886	886	677272	train2017/000000386856.jpg
1323.580078125	0.0	image/846	846	677673	train2017/000000474024.jpg
1324.359375	0.0	image/855	855	678072	train2017/000000122923.jpg
1325.1640625	0.0	image/929	929	678484	train2017/000000495387.jpg
1325.943359375	0.0	image/908	908	678883	train2017/000000228316.jpg
1326.7421875	0.0	image/960	960	679292	train2017/000000505592.jpg
1327.564453125	0.0	image/928	928	679713	train2017/000000233104.jpg
1328.34765625	0.0	image/852	852	680114	train2017/000000212440.jpg
1329.1328125	0.0	image/924	924	680516	train2017/000000232277.jpg
1329.966796875	0.0	image/942	942	680943	train2017/000000238001.jpg
1330.75	0.0	image/950	950	681344	train2017/000000502470.jpg
1331.52734375	0.0	image/949	949	681742	train2017/000000240278.jpg
1332.328125	0.0	image/937	937	682152	train2017/000000498615.jpg
1333.1328125	0.0	image/899	899	682564	train2017/000000168803.jpg
1333.9453125	0.0	image/928	928	682980	train2017/000000233104.jpg
1335.533203125	0.0	image/909	909	683793	train2017/000000228380.jpg
1336.36328125	0.0	image/893	893	684218	train2017/000000225383.jpg
1337.134765625	0.0	image/842	842	684613	train2017/000000209919.jpg
1337.91796875	0.0	image/882	882	685014	train2017/000000485113.jpg
1338.701171875	0.0	image/857	857	685415	train2017/000000213988.jpg
1339.48046875	0.0	image/933	933	685814	train2017/000000233873.jpg
1340.302734375	0.0	image/906	906	686235	train2017/000000227928.jpg
1341.1015625	0.0	image/866	866	686644	train2017/000000216029.jpg
1341.880859375	0.0	image/897	897	687043	train2017/000000430850.jpg
1342.66796875	0.0	image/947	947	687446	train2017/000000501926.jpg
1343.453125	0.0	image/872	872	687848	train2017/000000429887.jpg
1344.263671875	0.0	image/917	917	688263	train2017/000000354185.jpg
1345.87109375	0.0	image/938	938	689086	train2017/000000237093.jpg
1346.68359375	0.0	image/957	957	689502	train2017/000000242631.jpg
1347.50390625	0.0	image/865	865	689922	train2017/000000035972.jpg
1348.3046875	0.0	image/892	892	690332	train2017/000000225113.jpg
1349.083984375	0.0	image/841	841	690731	train2017/000000034961.jpg
1349.85546875	0.0	image/911	911	691126	train2017/000000229456.jpg
1350.638671875	0.0	image/903	903	691527	train2017/000000227451.jpg
1351.451171875	0.0	image/901	901	691943	train2017/000000007567.jpg
1352.255859375	0.0	image/860	860	692355	train2017/000000476481.jpg
1353.87109375	0.0	image/945	945	693182	train2017/000000501739.jpg
1354.673828125	0.0	image/953	953	693593	train2017/000000241026.jpg
1355.451171875	0.0	image/886	886	693991	train2017/000000386856.jpg
1356.2734375	0.0	image/932	932	694412	train2017/000000233580.jpg
1357.07421875	0.0	image/936	936	694822	train2017/000000497797.jpg
1357.869140625	0.0	image/850	850	695229	train2017/000000212380.jpg
1358.640625	0.0	image/900	900	695624	train2017/000000488658.jpg
1359.45703125	0.0	image/871	871	696042	train2017/000000480990.jpg
1360.236328125	0.0	image/921	921	696441	train2017/000000231102.jpg
1361.01953125	0.0	image/958	958	696842	train2017/000000433657.jpg
1361.8046875	0.0	image/868	868	697244	train2017/000000444880.jpg
1362.619140625	0.0	image/859	859	697661	train2017/000000476380.jpg
1363.40234375	0.0	image/873	873	698062	train2017/000000429902.jpg
1364.208984375	0.0	image/883	883	698475	train2017/000000223447.jpg
1364.9921875	0.0	image/851	851	698876	train2017/000000474545.jpg
1365.787109375	0.0	image/941	941	699283	train2017/000000237697.jpg
1366.609375	0.0	image/898	898	699704	train2017/000000488406.jpg
1367.421875	0.0	image/880	880	700120	train2017/000000484300.jpg
1368.9609375	0.0	image/870	870	700908	train2017/000000480601.jpg
1369.744140625	0.0	image/912	912	701309	train2017/000000491611.jpg
1370.5546875	0.0	image/956	956	701724	train2017/000000242133.jpg
1371.35546875	0.0	image/916	916	702134	train2017/000000038370.jpg
1372.162109375	0.0	image/853	853	702547	train2017/000000474827.jpg
1372.939453125	0.0	image/904	904	702945	train2017/000000227733.jpg
1374.51171875	0.0	image/871	871	703750	train2017/000000480990.jpg
1376.11328125	0.0	image/896	896	704570	train2017/000000225750.jpg
1376.9296875	0.0	image/902	902	704988	train2017/000000227307.jpg
1377.7578125	0.0	image/901	901	705412	train2017/000000007567.jpg
1378.53125	0.0	image/841	841	705808	train2017/000000034961.jpg
1379.314453125	0.0	image/895	895	706209	train2017/000000487825.jpg
1380.125	0.0	image/926	926	706624	train2017/000000232648.jpg
1380.943359375	0.0	image/845	845	707043	train2017/000000211198.jpg
1381.732421875	0.0	image/920	920	707447	train2017/000000300622.jpg
1382.509765625	0.0	image/946	946	707845	train2017/000000501867.jpg
1383.314453125	0.0	image/870	870	708257	train2017/000000480601.jpg
1384.115234375	0.0	image/954	954	708667	train2017/000000040187.jpg
1384.927734375	0.0	image/847	847	709083	train2017/000000207833.jpg
1386.5	0.0	image/889	889	709888	train2017/000000224396.jpg
1387.33203125	0.0	image/940	940	710314	train2017/000000499730.jpg
1388.984375	0.0	image/944	944	711160	train2017/000000239337.jpg
1389.80078125	0.0	image/854	854	711578	train2017/000000475236.jpg
1390.578125	0.0	image/842	842	711976	train2017/000000209919.jpg
1391.39453125	0.0	image/911	911	712394	train2017/000000229456.jpg
1392.201171875	0.0	image/948	948	712807	train2017/000000502058.jpg
1392.984375	0.0	image/905	905	713208	train2017/000000227843.jpg
1393.779296875	0.0	image/950	950	713615	train2017/000000502470.jpg
1394.5625	0.0	image/955	955	714016	train2017/000000112805.jpg
1395.369140625	0.0	image/910	910	714429	train2017/000000228565.jpg
1396.15234375	0.0	image/862	862	714830	train2017/000000215023.jpg
1396.931640625	0.0	image/926	926	715229	train2017/000000232648.jpg
1397.736328125	0.0	image/925	925	715641	train2017/000000494552.jpg
1398.515625	0.0	image/907	907	716040	train2017/000000228133.jpg
1399.314453125	0.0	image/955	955	716449	train2017/000000112805.jpg
1400.103515625	0.0	image/917	917	716853	train2017/000000354185.jpg
1400.88671875	0.0	image/894	894	717254	train2017/000000225533.jpg
1402.48828125	0.0	image/945	945	718074	train2017/000000501739.jpg
1403.271484375	0.0	image/908	908	718475	train2017/000000228316.jpg
1404.888671875	0.0	image/878	878	719303	train2017/000000167908.jpg
1405.716796875	0.0	image/959	959	719727	train2017/000000505486.jpg
1406.5390625	0.0	image/951	951	720148	train2017/000000214821.jpg
1407.349609375	0.0	image/939	939	720563	train2017/000000499627.jpg
1408.18359375	0.0	image/920	920	720990	train2017/000000300622.jpg
1408.97265625	0.0	image/957	957	721394	train2017/000000242631.jpg
1409.75	0.0	image/888	888	721792	train2017/000000486503.jpg
1410.533203125	0.0	image/896	896	722193	train2017/000000225750.jpg
1411.32421875	0.0	image/884	884	722598	train2017/000000485605.jpg
1412.15625	0.0	image/857	857	723024	train2017/000000213988.jpg
1412.935546875	0.0	image/914	914	723423	train2017/000000492037.jpg
1413.724609375	0.0	image/872	872	723827	train2017/000000429887.jpg
1414.552734375	0.0	image/954	954	724251	train2017/000000040187.jpg
1415.3359375	0.0	image/877	877	724652	train2017/000000342639.jpg
1416.158203125	0.0	image/936	936	725073	train2017/000000497797.jpg
1416.9375	0.0	image/850	850	725472	train2017/000000212380.jpg
1417.7578125	0.0	image/919	919	725892	train2017/000000492627.jpg
1418.5703125	0.0	image/856	856	726308	train2017/000000213288.jpg
1419.373046875	0.0	image/921	921	726719	train2017/000000231102.jpg
1420.193359375	0.0	image/843	843	727139	train2017/000000210065.jpg
1420.986328125	0.0	image/931	931	727545	train2017/000000495568.jpg
1421.810546875	0.0	image/867	867	727967	train2017/000000479035.jpg
1422.60546875	0.0	image/858	858	728374	train2017/000000214059.jpg
1423.388671875	0.0	image/922	922	728775	train2017/000000235479.jpg
1424.205078125	0.0	image/938	938	729193	train2017/000000237093.jpg
1425.021484375	0.0	image/881	881	729611	train2017/000000222921.jpg
1425.85546875	0.0	image/895	895	730038	train2017/000000487825.jpg
1426.62109375	0.0	image/855	855	730430	train2017/000000122923.jpg
1427.40625	0.0	image/899	899	730832	train2017/000000168803.jpg
1428.228515625	0.0	image/898	898	731253	train2017/000000488406.jpg
1429.021484375	0.0	image/851	851	731659	train2017/000000474545.jpg
1429.837890625	0.0	image/887	887	732077	train2017/000000561677.jpg
1430.6640625	0.0	image/903	903	732500	train2017/000000227451.jpg
1431.48828125	0.0	image/934	934	732922	train2017/000000497464.jpg
1432.255859375	0.0	image/937	937	733315	train2017/000000498615.jpg
1433.830078125	0.0	image/947	947	734121	train2017/000000501926.jpg
1434.6640625	0.0	image/843	843	734548	train2017/000000210065.jpg
1435.4765625	0.0	image/944	944	734964	train2017/000000239337.jpg
1436.255859375	0.0	image/873	873	735363	train2017/000000429902.jpg
1437.83984375	0.0	image/888	888	736174	train2017/000000486503.jpg
1438.640625	0.0	image/925	925	736584	train2017/000000494552.jpg
1439.423828125	0.0	image/929	929	736985	train2017/000000495387.jpg
1440.2421875	0.0	image/924	924	737404	train2017/000000232277.jpg
1441.025390625	0.0	image/907	907	737805	train2017/000000228133.jpg
1441.8125	0.0	image/919	919	738208	train2017/000000492627.jpg
1442.609375	0.0	image/848	848	738616	train2017/000000474353.jpg
1443.392578125	0.0	image/927	927	739017	train2017/000000495040.jpg
1444.193359375	0.0	image/914	914	739427	train2017/000000492037.jpg
1444.9609375	0.0	image/885	885	739820	train2017/000000223718.jpg
1445.7265625	0.0	image/913	913	740212	train2017/000000356810.jpg
1446.509765625	0.0	image/946	946	740613	train2017/000000501867.jpg
1447.310546875	0.0	image/905	905	741023	train2017/000000227843.jpg
1448.0859375	0.0	image/876	876	741420	train2017/000000482912.jpg
1448.91015625	0.0	image/935	935	741842	train2017/000000082945.jpg
1449.712890625	0.0	image/891	891	742253	train2017/000000224869.jpg
1450.51953125	0.0	image/864	864	742666	train2017/000000385417.jpg
1451.310546875	0.0	image/918	918	743071	train2017/000000230422.jpg
1452.099609375	0.0	image/877	877	743475	train2017/000000342639.jpg
1452.91015625	0.0	image/923	923	743890	train2017/000000231851.jpg
1453.712890625	0.0	image/889	889	744301	train2017/000000224396.jpg
1454.501953125	0.0	image/941	941	744705	train2017/000000237697.jpg
1455.328125	0.0	image/913	913	745128	train2017/000000356810.jpg
1456.099609375	0.0	image/890	890	745523	train2017/000000224759.jpg
1456.912109375	0.0	image/958	958	745939	train2017/000000433657.jpg
1457.697265625	0.0	image/863	863	746341	train2017/000000215291.jpg
1458.486328125	0.0	image/934	934	746745	train2017/000000497464.jpg
1459.28125	0.0	image/892	892	747152	train2017/000000225113.jpg
1460.064453125	0.0	image/951	951	747553	train2017/000000214821.jpg
1460.84765625	0.0	image/875	875	747954	train2017/000000482858.jpg
1461.6171875	0.0	image/897	897	748348	train2017/000000430850.jpg
1463.201171875	0.0	image/879	879	749159	train2017/000000221441.jpg
1463.96875	0.0	image/884	884	749552	train2017/000000485605.jpg
1464.7890625	0.0	image/948	948	749972	train2017/000000502058.jpg
1465.57421875	0.0	image/943	943	750374	train2017/000000238201.jpg
1467.201171875	0.0	image/881	881	751207	train2017/000000222921.jpg
1468.740234375	0.0	image/844	844	751995	train2017/000000341033.jpg
1469.525390625	0.0	image/849	849	752397	train2017/000000212229.jpg
1470.30859375	0.0	image/940	940	752798	train2017/000000499730.jpg
1471.134765625	0.0	image/902	902	753221	train2017/000000227307.jpg
1471.94140625	0.0	image/861	861	753634	train2017/000000560054.jpg
1472.76953125	0.0	image/894	894	754058	train2017/000000225533.jpg
1473.55859375	0.0	image/885	885	754462	train2017/000000223718.jpg
1474.359375	0.0	image/883	883	754872	train2017/000000223447.jpg
1475.154296875	0.0	image/930	930	755279	train2017/000000344729.jpg
1475.958984375	0.0	image/912	912	755691	train2017/000000491611.jpg
1476.76953125	0.0	image/869	869	756106	train2017/000000294744.jpg
1477.59375	0.0	image/933	933	756528	train2017/000000233873.jpg
1478.404296875	0.0	image/959	959	756943	train2017/000000505486.jpg
1479.22265625	0.0	image/865	865	757362	train2017/000000035972.jpg
1480.01171875	0.0	image/868	868	757766	train2017/000000444880.jpg
1516.37890625	0.0	image/46	46	776386	train2017/000000531515.jpg
1517.138671875	0.0	image/44	44	776775	train2017/000000007048.jpg
1517.931640625	0.0	image/95	95	777181	train2017/000000016898.jpg
1518.740234375	0.0	image/2	2	777595	train2017/000000262239.jpg
1519.525390625	0.0	image/11	11	777997	train2017/000000263599.jpg
1521.1328125	0.0	image/11	11	778820	train2017/000000263599.jpg
1521.93359375	0.0	image/74	74	779230	train2017/000000275663.jpg
1522.75	0.0	image/31	31	779648	train2017/000000266622.jpg
1523.52734375	0.0	image/17	17	780046	train2017/000000002372.jpg
1524.333984375	0.0	image/104	104	780459	train2017/000000018367.jpg
1525.150390625	0.0	image/86	86	780877	train2017/000000539879.jpg
1525.9609375	0.0	image/18	18	781292	train2017/000000264735.jpg
1526.73046875	0.0	image/14	14	781686	train2017/000000264244.jpg
1527.55078125	0.0	image/7	7	782106	train2017/000000000605.jpg
1528.380859375	0.0	image/56	56	782531	train2017/000000008998.jpg
1529.201171875	0.0	image/85	85	782951	train2017/000000539705.jpg
1530.74609375	0.0	image/93	93	783742	train2017/000000541077.jpg
1531.51171875	0.0	image/38	38	784134	train2017/000000312536.jpg
1532.310546875	0.0	image/120	120	784543	train2017/000000021718.jpg
1533.0859375	0.0	image/23	23	784940	train2017/000000265150.jpg
1533.919921875	0.0	image/84	84	785367	train2017/000000570543.jpg
1535.537109375	0.0	image/36	36	786195	train2017/000000267699.jpg
1536.353515625	0.0	image/89	89	786613	train2017/000000016314.jpg
1537.181640625	0.0	image/119	119	787037	train2017/000000545950.jpg
1537.94921875	0.0	image/12	12	787430	train2017/000000525790.jpg
1538.73828125	0.0	image/29	29	787834	train2017/000000393907.jpg
1539.5546875	0.0	image/43	43	788252	train2017/000000006765.jpg
1540.349609375	0.0	image/31	31	788659	train2017/000000266622.jpg
1541.171875	0.0	image/51	51	789080	train2017/000000008027.jpg
1542.005859375	0.0	image/68	68	789507	train2017/000000535871.jpg
1542.81640625	0.0	image/3	3	789922	train2017/000000262414.jpg
1543.599609375	0.0	image/116	116	790323	train2017/000000283426.jpg
1544.421875	0.0	image/18	18	790744	train2017/000000264735.jpg
1545.20703125	0.0	image/80	80	791146	train2017/000000538822.jpg
1546.033203125	0.0	image/109	109	791569	train2017/000000544060.jpg
1546.83203125	0.0	image/33	33	791978	train2017/000000267338.jpg
1547.607421875	0.0	image/117	117	792375	train2017/000000396793.jpg
1548.419921875	0.0	image/65	65	792791	train2017/000000273147.jpg
1549.19921875	0.0	image/56	56	793190	train2017/000000008998.jpg
1549.974609375	0.0	image/2	2	793587	train2017/000000262239.jpg
1550.80859375	0.0	image/64	64	794014	train2017/000000273138.jpg
1551.607421875	0.0	image/76	76	794423	train2017/000000275902.jpg
1552.40234375	0.0	image/94	94	794830	train2017/000000278962.jpg
1553.203125	0.0	image/66	66	795240	train2017/000000273250.jpg
1553.9921875	0.0	image/78	78	795644	train2017/000000013969.jpg
1554.80859375	0.0	image/118	118	796062	train2017/000000283678.jpg
1555.642578125	0.0	image/73	73	796489	train2017/000000537393.jpg
1556.42578125	0.0	image/61	61	796890	train2017/000000272901.jpg
1557.970703125	0.0	image/99	99	797681	train2017/000000271183.jpg
1558.73828125	0.0	image/34	34	798074	train2017/000000005277.jpg
1559.560546875	0.0	image/104	104	798495	train2017/000000018367.jpg
1560.337890625	0.0	image/73	73	798893	train2017/000000537393.jpg
1561.12109375	0.0	image/83	83	799294	train2017/000000277524.jpg
1561.9453125	0.0	image/37	37	799716	train2017/000000005684.jpg
1562.771484375	0.0	image/60	60	800139	train2017/000000010710.jpg
1563.541015625	0.0	image/77	77	800533	train2017/000000275938.jpg
1564.361328125	0.0	image/76	76	800953	train2017/000000275902.jpg
1565.15625	0.0	image/42	42	801360	train2017/000000268659.jpg
1565.978515625	0.0	image/71	71	801781	train2017/000000536884.jpg
1566.7734375	0.0	image/72	72	802188	train2017/000000274978.jpg
1567.591796875	0.0	image/75	75	802607	train2017/000000399878.jpg
1568.40625	0.0	image/102	102	803024	train2017/000000018078.jpg
1569.173828125	0.0	image/50	50	803417	train2017/000000007932.jpg
1570.74609375	0.0	image/89	89	804222	train2017/000000016314.jpg
1572.330078125	0.0	image/99	99	805033	train2017/000000271183.jpg
1573.1484375	0.0	image/105	105	805452	train2017/000000280764.jpg
1573.974609375	0.0	image/63	63	805875	train2017/000000273120.jpg
1574.78125	0.0	image/53	53	806288	train2017/000000270278.jpg
1575.556640625	0.0	image/94	94	806685	train2017/000000278962.jpg
1576.359375	0.0	image/10	10	807096	train2017/000000001308.jpg
1577.142578125	0.0	image/107	107	807497	train2017/000000543254.jpg
1577.94921875	0.0	image/32	32	807910	train2017/000000005028.jpg
1578.77734375	0.0	image/88	88	808334	train2017/000000540538.jpg
1579.560546875	0.0	image/74	74	808735	train2017/000000275663.jpg
1580.349609375	0.0	image/53	53	809139	train2017/000000270278.jpg
1581.177734375	0.0	image/117	117	809563	train2017/000000396793.jpg
1581.966796875	0.0	image/1	1	809967	train2017/000000262145.jpg
1582.767578125	0.0	image/49	49	810377	train2017/000000219750.jpg
1583.560546875	0.0	image/55	55	810783	train2017/000000533231.jpg
1584.3671875	0.0	image/70	70	811196	train2017/000000536786.jpg
1585.185546875	0.0	image/114	114	811615	train2017/000000571485.jpg
1586.017578125	0.0	image/26	26	812041	train2017/000000003521.jpg
1586.8125	0.0	image/55	55	812448	train2017/000000533231.jpg
1587.595703125	0.0	image/69	69	812849	train2017/000000011856.jpg
1588.419921875	0.0	image/87	87	813271	train2017/000000300383.jpg
1589.203125	0.0	image/34	34	813672	train2017/000000005277.jpg
1589.99609375	0.0	image/108	108	814078	train2017/000000281330.jpg
1590.8203125	0.0	image/19	19	814500	train2017/000000526968.jpg
1591.630859375	0.0	image/87	87	814915	train2017/000000300383.jpg
1592.4375	0.0	image/19	19	815328	train2017/000000526968.jpg
1593.236328125	0.0	image/4	4	815737	train2017/000000524646.jpg
1594.05078125	0.0	image/112	112	816154	train2017/000000544926.jpg
1594.865234375	0.0	image/52	52	816571	train2017/000000008053.jpg
1596.470703125	0.0	image/112	112	817393	train2017/000000544926.jpg
1597.271484375	0.0	image/45	45	817803	train2017/000000531392.jpg
1598.06640625	0.0	image/52	52	818210	train2017/000000008053.jpg
1599.666015625	0.0	image/111	111	819029	train2017/000000020517.jpg
1600.44921875	0.0	image/48	48	819430	train2017/000000011299.jpg
1601.216796875	0.0	image/101	101	819823	train2017/000000017967.jpg
1602.0390625	0.0	image/103	103	820244	train2017/000000280484.jpg
1602.81640625	0.0	image/83	83	820642	train2017/000000277524.jpg
1603.6015625	0.0	image/105	105	821044	train2017/000000280764.jpg
1604.390625	0.0	image/35	35	821448	train2017/000000267647.jpg
1606.041015625	0.0	image/85	85	822293	train2017/000000539705.jpg
1606.869140625	0.0	image/111	111	822717	train2017/000000020517.jpg
1607.65234375	0.0	image/28	28	823118	train2017/000000558788.jpg
1609.2578125	0.0	image/92	92	823940	train2017/000000278714.jpg
1610.0703125	0.0	image/25	25	824356	train2017/000000527618.jpg
1610.859375	0.0	image/58	58	824760	train2017/000000534259.jpg
1611.654296875	0.0	image/24	24	825167	train2017/000000265453.jpg
1612.458984375	0.0	image/61	61	825579	train2017/000000272901.jpg
1613.287109375	0.0	image/38	38	826003	train2017/000000312536.jpg
1614.109375	0.0	image/13	13	826424	train2017/000000525932.jpg
1614.927734375	0.0	image/16	16	826843	train2017/000000002270.jpg
1615.740234375	0.0	image/80	80	827259	train2017/000000538822.jpg
1616.52734375	0.0	image/8	8	827662	train2017/000000000625.jpg
1617.33984375	0.0	image/39	39	828078	train2017/000000268008.jpg
1618.10546875	0.0	image/57	57	828470	train2017/000000001625.jpg
1618.873046875	0.0	image/68	68	828863	train2017/000000535871.jpg
1620.49609375	0.0	image/101	101	829694	train2017/000000017967.jpg
1621.3125	0.0	image/106	106	830112	train2017/000000280808.jpg
1622.138671875	0.0	image/39	39	830535	train2017/000000268008.jpg
1622.9296875	0.0	image/98	98	830940	train2017/000000541472.jpg
1623.73046875	0.0	image/110	110	831350	train2017/000000019863.jpg
1624.5234375	0.0	image/103	103	831756	train2017/000000280484.jpg
1625.306640625	0.0	image/21	21	832157	train2017/000000274108.jpg
1626.080078125	0.0	image/88	88	832553	train2017/000000540538.jpg
1626.86328125	0.0	image/96	96	832954	train2017/000000541258.jpg
1627.638671875	0.0	image/15	15	833351	train2017/000000264396.jpg
1628.408203125	0.0	image/50	50	833745	train2017/000000007932.jpg
1629.17578125	0.0	image/65	65	834138	train2017/000000273147.jpg
1629.982421875	0.0	image/43	43	834551	train2017/000000006765.jpg
1630.775390625	0.0	image/47	47	834957	train2017/000000531828.jpg
1631.58203125	0.0	image/63	63	835370	train2017/000000273120.jpg
1632.3828125	0.0	image/95	95	835780	train2017/000000016898.jpg
1633.17578125	0.0	image/116	116	836186	train2017/000000283426.jpg
1633.9609375	0.0	image/9	9	836588	train2017/000000000650.jpg
1634.765625	0.0	image/10	10	837000	train2017/000000001308.jpg
1635.595703125	0.0	image/30	30	837425	train2017/000000004442.jpg
1636.3984375	0.0	image/40	40	837836	train2017/000000268114.jpg
1637.201171875	0.0	image/109	109	838247	train2017/000000544060.jpg
1637.994140625	0.0	image/71	71	838653	train2017/000000536884.jpg
1638.76171875	0.0	image/5	5	839046	train2017/000000262690.jpg
1639.52734375	0.0	image/21	21	839438	train2017/000000274108.jpg
1640.318359375	0.0	image/78	78	839843	train2017/000000013969.jpg
1641.91796875	0.0	image/49	49	840662	train2017/000000219750.jpg
1642.751953125	0.0	image/36	36	841089	train2017/000000267699.jpg
1644.353515625	0.0	image/6	6	841909	train2017/000000000584.jpg
1645.13671875	0.0	image/91	91	842310	train2017/000000540735.jpg
1646.798828125	0.0	image/67	67	843161	train2017/000000011358.jpg
1647.619140625	0.0	image/35	35	843581	train2017/000000267647.jpg
1648.40234375	0.0	image/46	46	843982	train2017/000000531515.jpg
1649.1953125	0.0	image/62	62	844388	train2017/000000010903.jpg
1650.021484375	0.0	image/37	37	844811	train2017/000000005684.jpg
1650.8046875	0.0	image/118	118	845212	train2017/000000283678.jpg
1651.599609375	0.0	image/96	96	845619	train2017/000000541258.jpg
1652.3828125	0.0	image/82	82	846020	train2017/000000539395.jpg
1653.205078125	0.0	image/70	70	846441	train2017/000000536786.jpg
1654.017578125	0.0	image/58	58	846857	train2017/000000534259.jpg
1654.822265625	0.0	image/59	59	847269	train2017/000000010046.jpg
1655.60546875	0.0	image/12	12	847670	train2017/000000525790.jpg
1656.416015625	0.0	image/106	106	848085	train2017/000000280808.jpg
1657.20703125	0.0	image/119	119	848490	train2017/000000545950.jpg
1658.005859375	0.0	image/9	9	848899	train2017/000000000650.jpg
1658.783203125	0.0	image/79	79	849297	train2017/000000276664.jpg
1660.373046875	0.0	image/69	69	850111	train2017/000000011856.jpg
1661.201171875	0.0	image/40	40	850535	train2017/000000268114.jpg
1662.0234375	0.0	image/47	47	850956	train2017/000000531828.jpg
1662.857421875	0.0	image/57	57	851383	train2017/000000001625.jpg
1663.642578125	0.0	image/113	113	851785	train2017/000000545160.jpg
1664.453125	0.0	image/75	75	852200	train2017/000000399878.jpg
1665.224609375	0.0	image/41	41	852595	train2017/000000268418.jpg
1666.01953125	0.0	image/91	91	853002	train2017/000000540735.jpg
1666.80859375	0.0	image/67	67	853406	train2017/000000011358.jpg
1667.583984375	0.0	image/64	64	853803	train2017/000000273138.jpg
1668.37109375	0.0	image/60	60	854206	train2017/000000010710.jpg
1669.158203125	0.0	image/22	22	854609	train2017/000000265023.jpg
1669.98828125	0.0	image/16	16	855034	train2017/000000002270.jpg
1670.7890625	0.0	image/27	27	855444	train2017/000000265745.jpg
1671.560546875	0.0	image/110	110	855839	train2017/000000019863.jpg
1672.34375	0.0	image/20	20	856240	train2017/000000526980.jpg
1673.12109375	0.0	image/113	113	856638	train2017/000000545160.jpg
1673.921875	0.0	image/45	45	857048	train2017/000000531392.jpg
1674.728515625	0.0	image/120	120	857461	train2017/000000021718.jpg
1676.322265625	0.0	image/29	29	858277	train2017/000000393907.jpg
1677.11328125	0.0	image/42	42	858682	train2017/000000268659.jpg
1677.890625	0.0	image/14	14	859080	train2017/000000264244.jpg
1678.65625	0.0	image/102	102	859472	train2017/000000018078.jpg
1679.478515625	0.0	image/90	90	859893	train2017/000000278555.jpg
1680.263671875	0.0	image/25	25	860295	train2017/000000527618.jpg
1681.826171875	0.0	image/17	17	861095	train2017/000000002372.jpg
1682.646484375	0.0	image/92	92	861515	train2017/000000278714.jpg
1683.44140625	0.0	image/77	77	861922	train2017/000000275938.jpg
1684.224609375	0.0	image/41	41	862323	train2017/000000268418.jpg
1685.03125	0.0	image/93	93	862736	train2017/000000541077.jpg
1685.814453125	0.0	image/108	108	863137	train2017/000000281330.jpg
1687.431640625	0.0	image/30	30	863965	train2017/000000004442.jpg
1688.2265625	0.0	image/51	51	864372	train2017/000000008027.jpg
1689.02734375	0.0	image/100	100	864782	train2017/000000541856.jpg
1689.83203125	0.0	image/98	98	865194	train2017/000000541472.jpg
1690.6171875	0.0	image/100	100	865596	train2017/000000541856.jpg
1691.4296875	0.0	image/54	54	866012	train2017/000000532753.jpg
1693.06640625	0.0	image/48	48	866850	train2017/000000011299.jpg
1693.8515625	0.0	image/33	33	867252	train2017/000000267338.jpg
1695.462890625	0.0	image/3	3	868077	train2017/000000262414.jpg
1697.017578125	0.0	image/27	27	868873	train2017/000000265745.jpg
1697.857421875	0.0	image/13	13	869303	train2017/000000525932.jpg
1698.65234375	0.0	image/72	72	869710	train2017/000000274978.jpg
1699.435546875	0.0	image/107	107	870111	train2017/000000543254.jpg
1700.23046875	0.0	image/8	8	870518	train2017/000000000625.jpg
1701.03515625	0.0	image/86	86	870930	train2017/000000539879.jpg
1701.84765625	0.0	image/62	62	871346	train2017/000000010903.jpg
1702.646484375	0.0	image/15	15	871755	train2017/000000264396.jpg
1703.419921875	0.0	image/7	7	872151	train2017/000000000605.jpg
1704.203125	0.0	image/115	115	872552	train2017/000000021095.jpg
1704.98046875	0.0	image/84	84	872950	train2017/000000570543.jpg
1705.765625	0.0	image/97	97	873352	train2017/000000279197.jpg
1706.5546875	0.0	image/28	28	873756	train2017/000000558788.jpg
1707.35546875	0.0	image/24	24	874166	train2017/000000265453.jpg
1708.166015625	0.0	image/6	6	874581	train2017/000000000584.jpg
1708.931640625	0.0	image/32	32	874973	train2017/000000005028.jpg
1709.705078125	0.0	image/23	23	875369	train2017/000000265150.jpg
1711.322265625	0.0	image/26	26	876197	train2017/000000003521.jpg
1712.10546875	0.0	image/20	20	876598	train2017/000000526980.jpg
1713.72265625	0.0	image/90	90	877426	train2017/000000278555.jpg
1714.533203125	0.0	image/97	97	877841	train2017/000000279197.jpg
1715.30078125	0.0	image/59	59	878234	train2017/000000010046.jpg
1716.12109375	0.0	image/54	54	878654	train2017/000000532753.jpg
1716.890625	0.0	image/44	44	879048	train2017/000000007048.jpg
1717.69140625	0.0	image/81	81	879458	train2017/000000539340.jpg
1718.51953125	0.0	image/82	82	879882	train2017/000000539395.jpg
1719.3359375	0.0	image/5	5	880300	train2017/000000262690.jpg
1720.103515625	0.0	image/114	114	880693	train2017/000000571485.jpg
1720.90625	0.0	image/81	81	881104	train2017/000000539340.jpg
1721.708984375	0.0	image/4	4	881515	train2017/000000524646.jpg
1723.30859375	0.0	image/115	115	882334	train2017/000000021095.jpg
1724.109375	0.0	image/22	22	882744	train2017/000000265023.jpg
1724.884765625	0.0	image/66	66	883141	train2017/000000273250.jpg
1725.654296875	0.0	image/79	79	883535	train2017/000000276664.jpg
1726.4609375	0.0	image/1	1	883948	train2017/000000262145.jpg
1733.4140625	0.0	image/159	159	887508	train2017/000000292845.jpg
1734.208984375	0.0	image/136	136	887915	train2017/000000026388.jpg
1734.9765625	0.0	image/150	150	888308	train2017/000000552589.jpg
1735.765625	0.0	image/198	198	888712	train2017/000000303436.jpg
1736.58203125	0.0	image/194	194	889130	train2017/000000302588.jpg
1737.416015625	0.0	image/172	172	889557	train2017/000000558822.jpg
1738.2265625	0.0	image/211	211	889972	train2017/000000567837.jpg
1739.009765625	0.0	image/166	166	890373	train2017/000000556748.jpg
1740.578125	0.0	image/122	122	891176	train2017/000000546147.jpg
1741.376953125	0.0	image/157	157	891585	train2017/000000030109.jpg
1742.177734375	0.0	image/158	158	891995	train2017/000000030148.jpg
1742.966796875	0.0	image/123	123	892399	train2017/000000022256.jpg
1743.77734375	0.0	image/235	235	892814	train2017/000000050256.jpg
1744.580078125	0.0	image/175	175	893225	train2017/000000559225.jpg
1745.3515625	0.0	image/141	141	893620	train2017/000000026981.jpg
1746.162109375	0.0	image/180	180	894035	train2017/000000297844.jpg
1746.978515625	0.0	image/234	234	894453	train2017/000000312003.jpg
1747.802734375	0.0	image/227	227	894875	train2017/000000047638.jpg
1748.619140625	0.0	image/181	181	895293	train2017/000000035927.jpg
1749.416015625	0.0	image/190	190	895701	train2017/000000038801.jpg
1750.197265625	0.0	image/240	240	896101	train2017/000000575971.jpg
1751.01953125	0.0	image/142	142	896522	train2017/000000027002.jpg
1751.798828125	0.0	image/229	229	896921	train2017/000000310870.jpg
1752.615234375	0.0	image/128	128	897339	train2017/000000547644.jpg
1754.236328125	0.0	image/210	210	898169	train2017/000000305685.jpg
1755.0703125	0.0	image/133	133	898596	train2017/000000026029.jpg
1755.869140625	0.0	image/222	222	899005	train2017/000000308950.jpg
1756.705078125	0.0	image/174	174	899433	train2017/000000559145.jpg
1757.533203125	0.0	image/183	183	899857	train2017/000000298395.jpg
1758.337890625	0.0	image/150	150	900269	train2017/000000552589.jpg
1759.166015625	0.0	image/230	230	900693	train2017/000000573337.jpg
1759.94921875	0.0	image/216	216	901094	train2017/000000225829.jpg
1760.755859375	0.0	image/135	135	901507	train2017/000000288372.jpg
1761.55078125	0.0	image/200	200	901914	train2017/000000565834.jpg
1762.31640625	0.0	image/220	220	902306	train2017/000000569645.jpg
1763.083984375	0.0	image/216	216	902699	train2017/000000225829.jpg
1763.890625	0.0	image/185	185	903112	train2017/000000036589.jpg
1764.701171875	0.0	image/157	157	903527	train2017/000000030109.jpg
1765.501953125	0.0	image/226	226	903937	train2017/000000571499.jpg
1766.27734375	0.0	image/227	227	904334	train2017/000000047638.jpg
1767.08984375	0.0	image/172	172	904750	train2017/000000558822.jpg
1768.724609375	0.0	image/209	209	905587	train2017/000000043176.jpg
1770.359375	0.0	image/129	129	906424	train2017/000000023392.jpg
1771.17578125	0.0	image/189	189	906842	train2017/000000300881.jpg
1771.958984375	0.0	image/198	198	907243	train2017/000000303436.jpg
1772.759765625	0.0	image/185	185	907653	train2017/000000036589.jpg
1773.58984375	0.0	image/191	191	908078	train2017/000000039196.jpg
1774.392578125	0.0	image/208	208	908489	train2017/000000043150.jpg
1775.171875	0.0	image/192	192	908888	train2017/000000225054.jpg
1775.9609375	0.0	image/139	139	909292	train2017/000000026702.jpg
1776.759765625	0.0	image/182	182	909701	train2017/000000298170.jpg
1777.544921875	0.0	image/152	152	910103	train2017/000000553166.jpg
1778.328125	0.0	image/205	205	910504	train2017/000000566341.jpg
1779.162109375	0.0	image/132	132	910931	train2017/000000549830.jpg
1779.98828125	0.0	image/215	215	911354	train2017/000000306249.jpg
1780.794921875	0.0	image/163	163	911767	train2017/000000032134.jpg
1781.623046875	0.0	image/187	187	912191	train2017/000000037779.jpg
1782.408203125	0.0	image/176	176	912593	train2017/000000297154.jpg
1783.22265625	0.0	image/212	212	913010	train2017/000000043776.jpg
1784.0234375	0.0	image/164	164	913420	train2017/000000556542.jpg
1784.830078125	0.0	image/163	163	913833	train2017/000000032134.jpg
1785.62890625	0.0	image/187	187	914242	train2017/000000037779.jpg
1786.423828125	0.0	image/220	220	914649	train2017/000000569645.jpg
1787.19140625	0.0	image/130	130	915042	train2017/000000548593.jpg
1788.806640625	0.0	image/231	231	915869	train2017/000000270325.jpg
1789.580078125	0.0	image/143	143	916265	train2017/000000027030.jpg
1790.365234375	0.0	image/191	191	916667	train2017/000000039196.jpg
1791.17578125	0.0	image/154	154	917082	train2017/000000291560.jpg
1792.748046875	0.0	image/125	125	917887	train2017/000000022964.jpg
1793.576171875	0.0	image/238	238	918311	train2017/000000050624.jpg
1794.3984375	0.0	image/205	205	918732	train2017/000000566341.jpg
1795.193359375	0.0	image/203	203	919139	train2017/000000566261.jpg
1795.9765625	0.0	image/206	206	919540	train2017/000000263276.jpg
1796.80078125	0.0	image/209	209	919962	train2017/000000043176.jpg
1797.6328125	0.0	image/121	121	920388	train2017/000000546140.jpg
1798.4609375	0.0	image/182	182	920812	train2017/000000298170.jpg
1799.244140625	0.0	image/130	130	921213	train2017/000000548593.jpg
1800.02734375	0.0	image/171	171	921614	train2017/000000033764.jpg
1800.833984375	0.0	image/224	224	922027	train2017/000000309192.jpg
1801.662109375	0.0	image/155	155	922451	train2017/000000029730.jpg
1802.484375	0.0	image/162	162	922872	train2017/000000293372.jpg
1803.3125	0.0	image/180	180	923296	train2017/000000297844.jpg
1804.119140625	0.0	image/201	201	923709	train2017/000000041606.jpg
1804.90234375	0.0	image/131	131	924110	train2017/000000549301.jpg
1805.681640625	0.0	image/196	196	924509	train2017/000000574784.jpg
1806.498046875	0.0	image/221	221	924927	train2017/000000575701.jpg
1807.3125	0.0	image/207	207	925344	train2017/000000042578.jpg
1808.130859375	0.0	image/192	192	925763	train2017/000000225054.jpg
1808.953125	0.0	image/225	225	926184	train2017/000000047172.jpg
1809.78125	0.0	image/222	222	926608	train2017/000000308950.jpg
1810.603515625	0.0	image/144	144	927029	train2017/000000354070.jpg
1811.38671875	0.0	image/170	170	927430	train2017/000000033727.jpg
1812.1875	0.0	image/142	142	927840	train2017/000000027002.jpg
1812.98828125	0.0	image/189	189	928250	train2017/000000300881.jpg
1814.533203125	0.0	image/188	188	929041	train2017/000000037823.jpg
1815.337890625	0.0	image/146	146	929453	train2017/000000289460.jpg
1816.138671875	0.0	image/193	193	929863	train2017/000000564465.jpg
1817.7734375	0.0	image/230	230	930700	train2017/000000573337.jpg
1818.58984375	0.0	image/165	165	931118	train2017/000000032275.jpg
1819.3671875	0.0	image/208	208	931516	train2017/000000043150.jpg
1820.18359375	0.0	image/167	167	931934	train2017/000000032809.jpg
1820.951171875	0.0	image/131	131	932327	train2017/000000549301.jpg
1821.7734375	0.0	image/144	144	932748	train2017/000000354070.jpg
1822.556640625	0.0	image/121	121	933149	train2017/000000546140.jpg
1823.369140625	0.0	image/217	217	933565	train2017/000000306988.jpg
1824.173828125	0.0	image/146	146	933977	train2017/000000289460.jpg
1824.986328125	0.0	image/217	217	934393	train2017/000000306988.jpg
1825.775390625	0.0	image/219	219	934797	train2017/000000219735.jpg
1826.59375	0.0	image/224	224	935216	train2017/000000309192.jpg
1827.38671875	0.0	image/140	140	935622	train2017/000000551164.jpg
1828.154296875	0.0	image/232	232	936015	train2017/000000311232.jpg
1828.958984375	0.0	image/239	239	936427	train2017/000000313480.jpg
1830.54296875	0.0	image/164	164	937238	train2017/000000556542.jpg
1831.359375	0.0	image/233	233	937656	train2017/000000532520.jpg
1832.171875	0.0	image/239	239	938072	train2017/000000313480.jpg
1832.98828125	0.0	image/139	139	938490	train2017/000000026702.jpg
1833.794921875	0.0	image/148	148	938903	train2017/000000027665.jpg
1834.626953125	0.0	image/153	153	939329	train2017/000000553586.jpg
1835.412109375	0.0	image/178	178	939731	train2017/000000355458.jpg
1836.1953125	0.0	image/174	174	940132	train2017/000000559145.jpg
1836.97265625	0.0	image/213	213	940530	train2017/000000043815.jpg
1837.740234375	0.0	image/231	231	940923	train2017/000000270325.jpg
1838.5078125	0.0	image/186	186	941316	train2017/000000037358.jpg
1840.140625	0.0	image/141	141	942152	train2017/000000026981.jpg
1840.962890625	0.0	image/184	184	942573	train2017/000000006053.jpg
1841.7578125	0.0	image/123	123	942980	train2017/000000022256.jpg
1842.54296875	0.0	image/137	137	943382	train2017/000000026443.jpg
1843.314453125	0.0	image/134	134	943777	train2017/000000550396.jpg
1844.142578125	0.0	image/232	232	944201	train2017/000000311232.jpg
1845.763671875	0.0	image/162	162	945031	train2017/000000293372.jpg
1846.54296875	0.0	image/177	177	945430	train2017/000000573830.jpg
1847.365234375	0.0	image/197	197	945851	train2017/000000303392.jpg
1848.142578125	0.0	image/225	225	946249	train2017/000000047172.jpg
1848.91015625	0.0	image/214	214	946642	train2017/000000306031.jpg
1849.728515625	0.0	image/215	215	947061	train2017/000000306249.jpg
1850.54296875	0.0	image/213	213	947478	train2017/000000043815.jpg
1851.326171875	0.0	image/202	202	947879	train2017/000000566201.jpg
1852.126953125	0.0	image/138	138	948289	train2017/000000288751.jpg
1852.93359375	0.0	image/161	161	948702	train2017/000000293368.jpg
1853.7265625	0.0	image/229	229	949108	train2017/000000310870.jpg
1855.3671875	0.0	image/240	240	949948	train2017/000000575971.jpg
1856.166015625	0.0	image/233	233	950357	train2017/000000532520.jpg
1856.96875	0.0	image/183	183	950768	train2017/000000298395.jpg
1857.779296875	0.0	image/122	122	951183	train2017/000000546147.jpg
1858.5859375	0.0	image/155	155	951596	train2017/000000029730.jpg
1860.162109375	0.0	image/143	143	952403	train2017/000000027030.jpg
1860.986328125	0.0	image/169	169	952825	train2017/000000557886.jpg
1861.779296875	0.0	image/135	135	953231	train2017/000000288372.jpg
1862.546875	0.0	image/169	169	953624	train2017/000000557886.jpg
1863.314453125	0.0	image/203	203	954017	train2017/000000566261.jpg
1864.919921875	0.0	image/200	200	954839	train2017/000000565834.jpg
1865.736328125	0.0	image/175	175	955257	train2017/000000559225.jpg
1866.564453125	0.0	image/173	173	955681	train2017/000000559816.jpg
1867.37109375	0.0	image/168	168	956094	train2017/000000557848.jpg
1868.1875	0.0	image/154	154	956512	train2017/000000291560.jpg
1868.966796875	0.0	image/151	151	956911	train2017/000000553150.jpg
1869.732421875	0.0	image/126	126	957303	train2017/000000547367.jpg
1870.5390625	0.0	image/147	147	957716	train2017/000000289791.jpg
1871.322265625	0.0	image/148	148	958117	train2017/000000027665.jpg
1872.10546875	0.0	image/166	166	958518	train2017/000000556748.jpg
1872.939453125	0.0	image/194	194	958945	train2017/000000302588.jpg
1873.767578125	0.0	image/179	179	959369	train2017/000000559958.jpg
1874.568359375	0.0	image/158	158	959779	train2017/000000030148.jpg
1876.18359375	0.0	image/223	223	960606	train2017/000000309135.jpg
1876.990234375	0.0	image/129	129	961019	train2017/000000023392.jpg
1877.806640625	0.0	image/125	125	961437	train2017/000000022964.jpg
1878.625	0.0	image/176	176	961856	train2017/000000297154.jpg
1879.408203125	0.0	image/167	167	962257	train2017/000000032809.jpg
1880.23828125	0.0	image/237	237	962682	train2017/000000095809.jpg
1881.041015625	0.0	image/149	149	963093	train2017/000000290192.jpg
1881.818359375	0.0	image/145	145	963491	train2017/000000027298.jpg
1882.603515625	0.0	image/149	149	963893	train2017/000000290192.jpg
1883.408203125	0.0	image/212	212	964305	train2017/000000043776.jpg
1884.193359375	0.0	image/210	210	964707	train2017/000000305685.jpg
1884.970703125	0.0	image/236	236	965105	train2017/000000574760.jpg
1885.775390625	0.0	image/219	219	965517	train2017/000000219735.jpg
1886.576171875	0.0	image/190	190	965927	train2017/000000038801.jpg
1887.38671875	0.0	image/134	134	966342	train2017/000000550396.jpg
1888.193359375	0.0	image/127	127	966755	train2017/000000285450.jpg
1889.021484375	0.0	image/199	199	967179	train2017/000000565652.jpg
1889.826171875	0.0	image/156	156	967591	train2017/000000029732.jpg
1890.638671875	0.0	image/236	236	968007	train2017/000000574760.jpg
1891.421875	0.0	image/218	218	968408	train2017/000000569196.jpg
1893.0390625	0.0	image/207	207	969236	train2017/000000042578.jpg
1893.859375	0.0	image/171	171	969656	train2017/000000033764.jpg
1895.45703125	0.0	image/173	173	970474	train2017/000000559816.jpg
1896.224609375	0.0	image/186	186	970867	train2017/000000037358.jpg
1897.796875	0.0	image/177	177	971672	train2017/000000573830.jpg
1898.630859375	0.0	image/234	234	972099	train2017/000000312003.jpg
1899.447265625	0.0	image/147	147	972517	train2017/000000289791.jpg
1900.224609375	0.0	image/137	137	972915	train2017/000000026443.jpg
1901.046875	0.0	image/140	140	973336	train2017/000000551164.jpg
1901.876953125	0.0	image/138	138	973761	train2017/000000288751.jpg
1902.67578125	0.0	image/204	204	974170	train2017/000000304187.jpg
1903.44921875	0.0	image/160	160	974566	train2017/000000293130.jpg
1904.2421875	0.0	image/202	202	974972	train2017/000000566201.jpg
1905.04296875	0.0	image/218	218	975382	train2017/000000569196.jpg
1905.828125	0.0	image/168	168	975784	train2017/000000557848.jpg
1906.642578125	0.0	image/181	181	976201	train2017/000000035927.jpg
1908.232421875	0.0	image/237	237	977015	train2017/000000095809.jpg
1909.044921875	0.0	image/184	184	977431	train2017/000000006053.jpg
1909.828125	0.0	image/211	211	977832	train2017/000000567837.jpg
1910.634765625	0.0	image/195	195	978245	train2017/000000040685.jpg
1911.462890625	0.0	image/235	235	978669	train2017/000000050256.jpg
1912.267578125	0.0	image/206	206	979081	train2017/000000263276.jpg
1913.078125	0.0	image/145	145	979496	train2017/000000027298.jpg
1913.87890625	0.0	image/228	228	979906	train2017/000000572215.jpg
1914.66796875	0.0	image/160	160	980310	train2017/000000293130.jpg
1915.478515625	0.0	image/179	179	980725	train2017/000000559958.jpg
1916.279296875	0.0	image/201	201	981135	train2017/000000041606.jpg
1917.1015625	0.0	image/165	165	981556	train2017/000000032275.jpg
1917.896484375	0.0	image/151	151	981963	train2017/000000553150.jpg
1918.71875	0.0	image/132	132	982384	train2017/000000549830.jpg
1920.314453125	0.0	image/124	124	983201	train2017/000000122964.jpg
1921.9140625	0.0	image/193	193	984020	train2017/000000564465.jpg
1923.521484375	0.0	image/199	199	984843	train2017/000000565652.jpg
1924.298828125	0.0	image/156	156	985241	train2017/000000029732.jpg
1925.08203125	0.0	image/128	128	985642	train2017/000000547644.jpg
1926.671875	0.0	image/127	127	986456	train2017/000000285450.jpg
1928.234375	0.0	image/126	126	987256	train2017/000000547367.jpg
1929.00390625	0.0	image/197	197	987650	train2017/000000303392.jpg
1929.822265625	0.0	image/136	136	988069	train2017/000000026388.jpg
1930.599609375	0.0	image/159	159	988467	train2017/000000292845.jpg
1931.40625	0.0	image/228	228	988880	train2017/000000572215.jpg
1932.234375	0.0	image/196	196	989304	train2017/000000574784.jpg
1933.001953125	0.0	image/153	153	989697	train2017/000000553586.jpg
1933.82421875	0.0	image/124	124	990118	train2017/000000122964.jpg
1934.63671875	0.0	image/152	152	990534	train2017/000000553166.jpg
1935.41796875	0.0	image/214	214	990934	train2017/000000306031.jpg
1936.208984375	0.0	image/204	204	991339	train2017/000000304187.jpg
1937.001953125	0.0	image/195	195	991745	train2017/000000040685.jpg
1937.802734375	0.0	image/178	178	992155	train2017/000000355458.jpg
1938.609375	0.0	image/223	223	992568	train2017/000000309135.jpg
1939.392578125	0.0	image/226	226	992969	train2017/000000571499.jpg
1940.169921875	0.0	image/161	161	993367	train2017/000000293368.jpg
1940.9765625	0.0	image/221	221	993780	train2017/000000575701.jpg
1941.79296875	0.0	image/238	238	994198	train2017/000000050624.jpg
1942.572265625	0.0	image/188	188	994597	train2017/000000037823.jpg
1943.39453125	0.0	image/170	170	995018	train2017/000000033727.jpg
1944.205078125	0.0	image/133	133	995433	train2017/000000026029.jpg
1951.728515625	0.0	image/287	287	999285	train2017/000000061266.jpg
1952.52734375	0.0	image/328	328	999694	train2017/000000071429.jpg
1953.328125	0.0	image/313	313	1000104	train2017/000000011373.jpg
1954.15625	0.0	image/275	275	1000528	train2017/000000403184.jpg
1954.978515625	0.0	image/262	262	1000949	train2017/000000318381.jpg
1955.76171875	0.0	image/321	321	1001350	train2017/000000332498.jpg
1956.576171875	0.0	image/297	297	1001767	train2017/000000065012.jpg
1957.36328125	0.0	image/302	302	1002170	train2017/000000328454.jpg
1958.962890625	0.0	image/298	298	1002989	train2017/000000065029.jpg
1959.78125	0.0	image/292	292	1003408	train2017/000000323970.jpg
1960.59375	0.0	image/318	318	1003824	train2017/000000069705.jpg
1961.396484375	0.0	image/264	264	1004235	train2017/000000001877.jpg
1962.181640625	0.0	image/272	272	1004637	train2017/000000359337.jpg
1962.958984375	0.0	image/358	358	1005035	train2017/000000077870.jpg
1963.7578125	0.0	image/267	267	1005444	train2017/000000057631.jpg
1964.53125	0.0	image/355	355	1005840	train2017/000000338670.jpg
1966.109375	0.0	image/248	248	1006648	train2017/000000455691.jpg
1966.9140625	0.0	image/321	321	1007060	train2017/000000332498.jpg
1967.69921875	0.0	image/271	271	1007462	train2017/000000058465.jpg
1968.478515625	0.0	image/325	325	1007861	train2017/000000002349.jpg
1969.244140625	0.0	image/322	322	1008253	train2017/000000070421.jpg
1970.833984375	0.0	image/316	316	1009067	train2017/000000246728.jpg
1971.611328125	0.0	image/254	254	1009465	train2017/000000317061.jpg
1972.41015625	0.0	image/329	329	1009874	train2017/000000333615.jpg
1973.216796875	0.0	image/333	333	1010287	train2017/000000334011.jpg
1974.0	0.0	image/270	270	1010688	train2017/000000058407.jpg
1974.779296875	0.0	image/289	289	1011087	train2017/000000061559.jpg
1975.578125	0.0	image/286	286	1011496	train2017/000000323397.jpg
1976.345703125	0.0	image/302	302	1011889	train2017/000000328454.jpg
1977.15234375	0.0	image/283	283	1012302	train2017/000000359687.jpg
1977.935546875	0.0	image/338	338	1012703	train2017/000000334772.jpg
1978.751953125	0.0	image/346	346	1013121	train2017/000000336374.jpg
1979.5703125	0.0	image/298	298	1013540	train2017/000000065029.jpg
1980.36328125	0.0	image/243	243	1013946	train2017/000000560396.jpg
1981.15234375	0.0	image/359	359	1014350	train2017/000000078000.jpg
1981.98046875	0.0	image/317	317	1014774	train2017/000000069625.jpg
1982.787109375	0.0	image/345	345	1015187	train2017/000000281567.jpg
1983.56640625	0.0	image/269	269	1015586	train2017/000000320533.jpg
1984.337890625	0.0	image/271	271	1015981	train2017/000000058465.jpg
1985.1328125	0.0	image/268	268	1016388	train2017/000000057796.jpg
1986.720703125	0.0	image/266	266	1017201	train2017/000000056837.jpg
1987.5390625	0.0	image/327	327	1017620	train2017/000000333152.jpg
1988.35546875	0.0	image/330	330	1018038	train2017/000000333629.jpg
1989.138671875	0.0	image/350	350	1018439	train2017/000000074828.jpg
1990.72265625	0.0	image/306	306	1019250	train2017/000000281575.jpg
1991.533203125	0.0	image/299	299	1019665	train2017/000000327191.jpg
1992.35546875	0.0	image/358	358	1020086	train2017/000000077870.jpg
1993.150390625	0.0	image/347	347	1020493	train2017/000000074390.jpg
1993.951171875	0.0	image/349	349	1020903	train2017/000000074714.jpg
1994.734375	0.0	image/307	307	1021304	train2017/000000329641.jpg
1995.5234375	0.0	image/296	296	1021708	train2017/000000064534.jpg
1996.318359375	0.0	image/349	349	1022115	train2017/000000074714.jpg
1997.1015625	0.0	image/326	326	1022516	train2017/000000332875.jpg
1997.908203125	0.0	image/286	286	1022929	train2017/000000323397.jpg
1998.724609375	0.0	image/259	259	1023347	train2017/000000055402.jpg
1999.541015625	0.0	image/305	305	1023765	train2017/000000067347.jpg
2000.359375	0.0	image/318	318	1024184	train2017/000000069705.jpg
2001.154296875	0.0	image/292	292	1024591	train2017/000000323970.jpg
2001.9765625	0.0	image/278	278	1025012	train2017/000000009987.jpg
2002.787109375	0.0	image/251	251	1025427	train2017/000000053778.jpg
2003.59375	0.0	image/312	312	1025840	train2017/000000068238.jpg
2004.376953125	0.0	image/264	264	1026241	train2017/000000001877.jpg
2005.177734375	0.0	image/351	351	1026651	train2017/000000337479.jpg
2005.994140625	0.0	image/337	337	1027069	train2017/000000072095.jpg
2006.8046875	0.0	image/249	249	1027484	train2017/000000577817.jpg
2007.60546875	0.0	image/309	309	1027894	train2017/000000330084.jpg
2008.37890625	0.0	image/247	247	1028290	train2017/000000576789.jpg
2009.189453125	0.0	image/252	252	1028705	train2017/000000578169.jpg
2009.955078125	0.0	image/293	293	1029097	train2017/000000062547.jpg
2010.76171875	0.0	image/304	304	1029510	train2017/000000066696.jpg
2011.5625	0.0	image/336	336	1029920	train2017/000000334208.jpg
2012.37890625	0.0	image/295	295	1030338	train2017/000000010743.jpg
2013.1796875	0.0	image/288	288	1030748	train2017/000000061288.jpg
2013.974609375	0.0	image/260	260	1031155	train2017/000000055514.jpg
2015.525390625	0.0	image/276	276	1031949	train2017/000000322008.jpg
2016.341796875	0.0	image/262	262	1032367	train2017/000000318381.jpg
2017.125	0.0	image/267	267	1032768	train2017/000000057631.jpg
2017.89453125	0.0	image/355	355	1033162	train2017/000000338670.jpg
2018.681640625	0.0	image/314	314	1033565	train2017/000000055090.jpg
2019.48046875	0.0	image/346	346	1033974	train2017/000000336374.jpg
2020.29296875	0.0	image/326	326	1034390	train2017/000000332875.jpg
2021.115234375	0.0	image/277	277	1034811	train2017/000000009983.jpg
2021.9453125	0.0	image/308	308	1035236	train2017/000000067623.jpg
2022.765625	0.0	image/328	328	1035656	train2017/000000071429.jpg
2023.54296875	0.0	image/299	299	1036054	train2017/000000327191.jpg
2024.345703125	0.0	image/279	279	1036465	train2017/000000322246.jpg
2025.150390625	0.0	image/331	331	1036877	train2017/000000333654.jpg
2025.9765625	0.0	image/256	256	1037300	train2017/000000009199.jpg
2026.74609375	0.0	image/304	304	1037694	train2017/000000066696.jpg
2027.56640625	0.0	image/243	243	1038114	train2017/000000560396.jpg
2028.376953125	0.0	image/345	345	1038529	train2017/000000281567.jpg
2029.18359375	0.0	image/332	332	1038942	train2017/000000579906.jpg
2030.01171875	0.0	image/335	335	1039366	train2017/000000071927.jpg
2030.8515625	0.0	image/356	356	1039796	train2017/000000012795.jpg
2031.62890625	0.0	image/353	353	1040194	train2017/000000338169.jpg
2033.201171875	0.0	image/348	348	1040999	train2017/000000074461.jpg
2034.013671875	0.0	image/248	248	1041415	train2017/000000455691.jpg
2034.796875	0.0	image/274	274	1041816	train2017/000000321902.jpg
2035.603515625	0.0	image/253	253	1042229	train2017/000000054001.jpg
2037.181640625	0.0	image/316	316	1043037	train2017/000000246728.jpg
2038.00390625	0.0	image/311	311	1043458	train2017/000000067961.jpg
2039.615234375	0.0	image/360	360	1044283	train2017/000000078042.jpg
2040.431640625	0.0	image/258	258	1044701	train2017/000000055294.jpg
2041.21484375	0.0	image/290	290	1045102	train2017/000000534553.jpg
2042.037109375	0.0	image/257	257	1045523	train2017/000000055206.jpg
2043.599609375	0.0	image/348	348	1046323	train2017/000000074461.jpg
2044.3828125	0.0	image/252	252	1046724	train2017/000000578169.jpg
2045.205078125	0.0	image/344	344	1047145	train2017/000000073997.jpg
2046.0	0.0	image/244	244	1047552	train2017/000000314379.jpg
2046.806640625	0.0	image/319	319	1047965	train2017/000000332261.jpg
2047.58984375	0.0	image/334	334	1048366	train2017/000000334048.jpg
2048.400390625	0.0	image/279	279	1048781	train2017/000000322246.jpg
2049.185546875	0.0	image/294	294	1049183	train2017/000000325710.jpg
2050.78515625	0.0	image/337	337	1050002	train2017/000000072095.jpg
2051.603515625	0.0	image/322	322	1050421	train2017/000000070421.jpg
2052.40234375	0.0	image/255	255	1050830	train2017/000000055184.jpg
2053.185546875	0.0	image/357	357	1051231	train2017/000000338987.jpg
2054.0078125	0.0	image/338	338	1051652	train2017/000000334772.jpg
2054.802734375	0.0	image/273	273	1052059	train2017/000000059321.jpg
2055.5859375	0.0	image/284	284	1052460	train2017/000000323182.jpg
2057.158203125	0.0	image/301	301	1053265	train2017/000000066253.jpg
2057.943359375	0.0	image/327	327	1053667	train2017/000000333152.jpg
2058.755859375	0.0	image/360	360	1054083	train2017/000000078042.jpg
2059.54296875	0.0	image/241	241	1054486	train2017/000000576011.jpg
2060.353515625	0.0	image/278	278	1054901	train2017/000000009987.jpg
2061.12109375	0.0	image/263	263	1055294	train2017/000000318444.jpg
2061.904296875	0.0	image/269	269	1055695	train2017/000000320533.jpg
2062.677734375	0.0	image/353	353	1056091	train2017/000000338169.jpg
2063.505859375	0.0	image/300	300	1056515	train2017/000000065400.jpg
2064.310546875	0.0	image/340	340	1056927	train2017/000000335063.jpg
2065.123046875	0.0	image/320	320	1057343	train2017/000000332448.jpg
2066.712890625	0.0	image/351	351	1058157	train2017/000000337479.jpg
2067.544921875	0.0	image/303	303	1058583	train2017/000000328628.jpg
2069.1328125	0.0	image/253	253	1059396	train2017/000000054001.jpg
2069.923828125	0.0	image/313	313	1059801	train2017/000000011373.jpg
2070.69140625	0.0	image/282	282	1060194	train2017/000000053842.jpg
2071.49609375	0.0	image/343	343	1060606	train2017/000000335824.jpg
2072.30859375	0.0	image/246	246	1061022	train2017/000000576749.jpg
2073.09375	0.0	image/280	280	1061424	train2017/000000322255.jpg
2074.681640625	0.0	image/343	343	1062237	train2017/000000335824.jpg
2075.494140625	0.0	image/250	250	1062653	train2017/000000577964.jpg
2076.298828125	0.0	image/263	263	1063065	train2017/000000318444.jpg
2077.125	0.0	image/317	317	1063488	train2017/000000069625.jpg
2077.931640625	0.0	image/356	356	1063901	train2017/000000012795.jpg
2078.7421875	0.0	image/272	272	1064316	train2017/000000359337.jpg
2079.509765625	0.0	image/308	308	1064709	train2017/000000067623.jpg
2080.298828125	0.0	image/323	323	1065113	train2017/000000332574.jpg
2081.126953125	0.0	image/325	325	1065537	train2017/000000002349.jpg
2081.91015625	0.0	image/282	282	1065938	train2017/000000053842.jpg
2082.716796875	0.0	image/339	339	1066351	train2017/000000072715.jpg
2083.52734375	0.0	image/266	266	1066766	train2017/000000056837.jpg
2084.31640625	0.0	image/259	259	1067170	train2017/000000055402.jpg
2085.134765625	0.0	image/280	280	1067589	train2017/000000322255.jpg
2085.943359375	0.0	image/287	287	1068003	train2017/000000061266.jpg
2086.751953125	0.0	image/315	315	1068417	train2017/000000068623.jpg
2087.580078125	0.0	image/274	274	1068841	train2017/000000321902.jpg
2088.40234375	0.0	image/323	323	1069262	train2017/000000332574.jpg
2089.185546875	0.0	image/342	342	1069663	train2017/000000335688.jpg
2089.98046875	0.0	image/315	315	1070070	train2017/000000068623.jpg
2091.552734375	0.0	image/295	295	1070875	train2017/000000010743.jpg
2092.353515625	0.0	image/332	332	1071285	train2017/000000579906.jpg
2093.130859375	0.0	image/311	311	1071683	train2017/000000067961.jpg
2093.916015625	0.0	image/260	260	1072085	train2017/000000055514.jpg
2094.6875	0.0	image/256	256	1072480	train2017/000000009199.jpg
2095.513671875	0.0	image/334	334	1072903	train2017/000000334048.jpg
2096.337890625	0.0	image/310	310	1073325	train2017/000000330086.jpg
2097.1484375	0.0	image/359	359	1073740	train2017/000000078000.jpg
2098.783203125	0.0	image/336	336	1074577	train2017/000000334208.jpg
2100.43359375	0.0	image/244	244	1075422	train2017/000000314379.jpg
2101.22265625	0.0	image/309	309	1075826	train2017/000000330084.jpg
2102.0234375	0.0	image/342	342	1076236	train2017/000000335688.jpg
2102.818359375	0.0	image/242	242	1076643	train2017/000000051774.jpg
2103.6328125	0.0	image/296	296	1077060	train2017/000000064534.jpg
2104.40625	0.0	image/251	251	1077456	train2017/000000053778.jpg
2105.201171875	0.0	image/268	268	1077863	train2017/000000057796.jpg
2106.001953125	0.0	image/294	294	1078273	train2017/000000325710.jpg
2106.791015625	0.0	image/341	341	1078677	train2017/000000492851.jpg
2107.6015625	0.0	image/245	245	1079092	train2017/000000052348.jpg
2109.15234375	0.0	image/352	352	1079886	train2017/000000274776.jpg
2110.7421875	0.0	image/341	341	1080700	train2017/000000492851.jpg
2111.576171875	0.0	image/255	255	1081127	train2017/000000055184.jpg
2112.375	0.0	image/303	303	1081536	train2017/000000328628.jpg
2113.205078125	0.0	image/340	340	1081961	train2017/000000335063.jpg
2113.9921875	0.0	image/331	331	1082364	train2017/000000333654.jpg
2114.77734375	0.0	image/289	289	1082766	train2017/000000061559.jpg
2115.59375	0.0	image/261	261	1083184	train2017/000000317781.jpg
2116.376953125	0.0	image/275	275	1083585	train2017/000000403184.jpg
2117.205078125	0.0	image/354	354	1084009	train2017/000000076476.jpg
2118.02734375	0.0	image/254	254	1084430	train2017/000000317061.jpg
2118.85546875	0.0	image/250	250	1084854	train2017/000000577964.jpg
2119.626953125	0.0	image/312	312	1085249	train2017/000000068238.jpg
2120.4609375	0.0	image/285	285	1085676	train2017/000000061174.jpg
2121.23828125	0.0	image/306	306	1086074	train2017/000000281575.jpg
2122.0625	0.0	image/307	307	1086496	train2017/000000329641.jpg
2122.85546875	0.0	image/283	283	1086902	train2017/000000359687.jpg
2123.646484375	0.0	image/246	246	1087307	train2017/000000576749.jpg
2124.42578125	0.0	image/281	281	1087706	train2017/000000323010.jpg
2125.23046875	0.0	image/293	293	1088118	train2017/000000062547.jpg
2126.0078125	0.0	image/339	339	1088516	train2017/000000072715.jpg
2126.82421875	0.0	image/276	276	1088934	train2017/000000322008.jpg
2127.59765625	0.0	image/265	265	1089330	train2017/000000580813.jpg
2128.373046875	0.0	image/354	354	1089727	train2017/000000076476.jpg
2129.173828125	0.0	image/284	284	1090137	train2017/000000323182.jpg
2129.998046875	0.0	image/261	261	1090559	train2017/000000317781.jpg
2130.826171875	0.0	image/352	352	1090983	train2017/000000274776.jpg
2131.630859375	0.0	image/258	258	1091395	train2017/000000055294.jpg
2132.458984375	0.0	image/329	329	1091819	train2017/000000333615.jpg
2133.265625	0.0	image/333	333	1092232	train2017/000000334011.jpg
2134.05859375	0.0	image/344	344	1092638	train2017/000000073997.jpg
2134.861328125	0.0	image/330	330	1093049	train2017/000000333629.jpg
2136.482421875	0.0	image/273	273	1093879	train2017/000000059321.jpg
2138.099609375	0.0	image/247	247	1094707	train2017/000000576789.jpg
2138.916015625	0.0	image/241	241	1095125	train2017/000000576011.jpg
2139.701171875	0.0	image/290	290	1095527	train2017/000000534553.jpg
2140.51171875	0.0	image/245	245	1095942	train2017/000000052348.jpg
2142.1171875	0.0	image/281	281	1096764	train2017/000000323010.jpg
2142.947265625	0.0	image/324	324	1097189	train2017/000000332692.jpg
2143.734375	0.0	image/270	270	1097592	train2017/000000058407.jpg
2144.529296875	0.0	image/314	314	1097999	train2017/000000055090.jpg
2145.345703125	0.0	image/288	288	1098417	train2017/000000061288.jpg
2146.15234375	0.0	image/305	305	1098830	train2017/000000067347.jpg
2146.962890625	0.0	image/310	310	1099245	train2017/000000330086.jpg
2147.763671875	0.0	image/324	324	1099655	train2017/000000332692.jpg
2148.552734375	0.0	image/277	277	1100059	train2017/000000009983.jpg
2150.13671875	0.0	image/335	335	1100870	train2017/000000071927.jpg
2150.919921875	0.0	image/357	357	1101271	train2017/000000338987.jpg
2151.720703125	0.0	image/301	301	1101681	train2017/000000066253.jpg
2152.533203125	0.0	image/320	320	1102097	train2017/000000332448.jpg
2153.337890625	0.0	image/291	291	1102509	train2017/000000490875.jpg
2154.13671875	0.0	image/285	285	1102918	train2017/000000061174.jpg
2154.935546875	0.0	image/319	319	1103327	train2017/000000332261.jpg
2155.705078125	0.0	image/242	242	1103721	train2017/000000051774.jpg
2156.533203125	0.0	image/297	297	1104145	train2017/000000065012.jpg
2157.35546875	0.0	image/257	257	1104566	train2017/000000055206.jpg
2158.16796875	0.0	image/300	300	1104982	train2017/000000065400.jpg
2158.93359375	0.0	image/347	347	1105374	train2017/000000074390.jpg
2159.755859375	0.0	image/249	249	1105795	train2017/000000577817.jpg
2160.55078125	0.0	image/265	265	1106202	train2017/000000580813.jpg
2161.373046875	0.0	image/350	350	1106623	train2017/000000074828.jpg
2162.173828125	0.0	image/291	291	1107033	train2017/000000490875.jpg
2170.119140625	0.0	image/363	363	1111101	train2017/000000079111.jpg
2170.90234375	0.0	image/454	454	1111502	train2017/000000366146.jpg
2172.50390625	0.0	image/417	417	1112322	train2017/000000092001.jpg
2173.3046875	0.0	image/368	368	1112732	train2017/000000008471.jpg
2174.08203125	0.0	image/414	414	1113130	train2017/000000091784.jpg
2174.865234375	0.0	image/457	457	1113531	train2017/000000366396.jpg
2175.654296875	0.0	image/369	369	1113935	train2017/000000080987.jpg
2176.4375	0.0	image/426	426	1114336	train2017/000000357074.jpg
2177.21875	0.0	image/462	462	1114736	train2017/000000368852.jpg
2178.015625	0.0	image/409	409	1115144	train2017/000000090827.jpg
2178.83984375	0.0	image/428	428	1115566	train2017/000000095176.jpg
2179.666015625	0.0	image/412	412	1115989	train2017/000000408492.jpg
2180.455078125	0.0	image/456	456	1116393	train2017/000000104081.jpg
2181.240234375	0.0	image/398	398	1116795	train2017/000000087871.jpg
2182.05078125	0.0	image/431	431	1117210	train2017/000000095828.jpg
2183.66796875	0.0	image/451	451	1118038	train2017/000000365003.jpg
2184.453125	0.0	image/422	422	1118440	train2017/000000059194.jpg
2185.2734375	0.0	image/440	440	1118860	train2017/000000361197.jpg
2186.0703125	0.0	image/374	374	1119268	train2017/000000046372.jpg
2186.875	0.0	image/380	380	1119680	train2017/000000082650.jpg
2187.685546875	0.0	image/407	407	1120095	train2017/000000352724.jpg
2188.50390625	0.0	image/437	437	1120514	train2017/000000060117.jpg
2189.29296875	0.0	image/427	427	1120918	train2017/000000357228.jpg
2190.103515625	0.0	image/373	373	1121333	train2017/000000081841.jpg
2190.92578125	0.0	image/370	370	1121754	train2017/000000081105.jpg
2191.720703125	0.0	image/439	439	1122161	train2017/000000361193.jpg
2192.486328125	0.0	image/362	362	1122553	train2017/000000340734.jpg
2193.310546875	0.0	image/444	444	1122975	train2017/000000100396.jpg
2194.12109375	0.0	image/433	433	1123390	train2017/000000359085.jpg
2194.888671875	0.0	image/475	475	1123783	train2017/000000373970.jpg
2195.693359375	0.0	image/382	382	1124195	train2017/000000345149.jpg
2197.294921875	0.0	image/394	394	1125015	train2017/000000087126.jpg
2198.111328125	0.0	image/386	386	1125433	train2017/000000083632.jpg
2198.927734375	0.0	image/384	384	1125851	train2017/000000345725.jpg
2199.72265625	0.0	image/406	406	1126258	train2017/000000352236.jpg
2200.5390625	0.0	image/415	415	1126676	train2017/000000354045.jpg
2201.345703125	0.0	image/378	378	1127089	train2017/000000319517.jpg
2202.146484375	0.0	image/416	416	1127499	train2017/000000354095.jpg
2202.97265625	0.0	image/478	478	1127922	train2017/000000114035.jpg
2203.779296875	0.0	image/381	381	1128335	train2017/000000082770.jpg
2204.5625	0.0	image/438	438	1128736	train2017/000000147547.jpg
2205.392578125	0.0	image/393	393	1129161	train2017/000000086811.jpg
2206.212890625	0.0	image/405	405	1129581	train2017/000000189765.jpg
2207.796875	0.0	image/422	422	1130392	train2017/000000059194.jpg
2208.58203125	0.0	image/421	421	1130794	train2017/000000354761.jpg
2209.359375	0.0	image/361	361	1131192	train2017/000000340317.jpg
2210.142578125	0.0	image/432	432	1131593	train2017/000000096161.jpg
2210.96484375	0.0	image/398	398	1132014	train2017/000000087871.jpg
2211.75390625	0.0	image/473	473	1132418	train2017/000000372959.jpg
2212.576171875	0.0	image/362	362	1132839	train2017/000000340734.jpg
2213.3828125	0.0	image/384	384	1133252	train2017/000000345725.jpg
2214.212890625	0.0	image/368	368	1133677	train2017/000000008471.jpg
2215.015625	0.0	image/470	470	1134088	train2017/000000110611.jpg
2215.80859375	0.0	image/455	455	1134494	train2017/000000104044.jpg
2216.59375	0.0	image/416	416	1134896	train2017/000000354095.jpg
2217.416015625	0.0	image/405	405	1135317	train2017/000000189765.jpg
2218.212890625	0.0	image/378	378	1135725	train2017/000000319517.jpg
2219.013671875	0.0	image/417	417	1136135	train2017/000000092001.jpg
2219.78515625	0.0	image/424	424	1136530	train2017/000000277778.jpg
2220.611328125	0.0	image/380	380	1136953	train2017/000000082650.jpg
2221.40234375	0.0	image/464	464	1137358	train2017/000000369230.jpg
2222.185546875	0.0	image/400	400	1137759	train2017/000000350299.jpg
2222.978515625	0.0	image/365	365	1138165	train2017/000000080084.jpg
2223.779296875	0.0	image/376	376	1138575	train2017/000000081995.jpg
2224.546875	0.0	image/464	464	1138968	train2017/000000369230.jpg
2225.34375	0.0	image/479	479	1139376	train2017/000000114077.jpg
2226.119140625	0.0	image/366	366	1139773	train2017/000000080275.jpg
2226.8984375	0.0	image/382	382	1140172	train2017/000000345149.jpg
2228.552734375	0.0	image/391	391	1141019	train2017/000000346795.jpg
2230.162109375	0.0	image/411	411	1141843	train2017/000000091005.jpg
2231.705078125	0.0	image/367	367	1142633	train2017/000000080619.jpg
2232.5390625	0.0	image/390	390	1143060	train2017/000000346754.jpg
2233.31640625	0.0	image/379	379	1143458	train2017/000000569678.jpg
2234.115234375	0.0	image/457	457	1143867	train2017/000000366396.jpg
2234.921875	0.0	image/367	367	1144280	train2017/000000080619.jpg
2235.732421875	0.0	image/458	458	1144695	train2017/000000104502.jpg
2236.5	0.0	image/451	451	1145088	train2017/000000365003.jpg
2237.306640625	0.0	image/433	433	1145501	train2017/000000359085.jpg
2238.1171875	0.0	image/373	373	1145916	train2017/000000081841.jpg
2238.90234375	0.0	image/374	374	1146318	train2017/000000046372.jpg
2239.724609375	0.0	image/478	478	1146739	train2017/000000114035.jpg
2240.517578125	0.0	image/375	375	1147145	train2017/000000081961.jpg
2241.302734375	0.0	image/399	399	1147547	train2017/000000320508.jpg
2242.1171875	0.0	image/442	442	1147964	train2017/000000361648.jpg
2242.884765625	0.0	image/445	445	1148357	train2017/000000362677.jpg
2243.669921875	0.0	image/375	375	1148759	train2017/000000081961.jpg
2244.474609375	0.0	image/441	441	1149171	train2017/000000099363.jpg
2245.302734375	0.0	image/477	477	1149595	train2017/000000113593.jpg
2246.103515625	0.0	image/458	458	1150005	train2017/000000104502.jpg
2246.88671875	0.0	image/425	425	1150406	train2017/000000356771.jpg
2247.669921875	0.0	image/476	476	1150807	train2017/000000112734.jpg
2248.47265625	0.0	image/412	412	1151218	train2017/000000408492.jpg
2249.2421875	0.0	image/409	409	1151612	train2017/000000090827.jpg
2250.03515625	0.0	image/418	418	1152018	train2017/000000092221.jpg
2250.80078125	0.0	image/444	444	1152410	train2017/000000100396.jpg
2251.59375	0.0	image/480	480	1152816	train2017/000000376407.jpg
2252.39453125	0.0	image/377	377	1153226	train2017/000000450584.jpg
2253.1875	0.0	image/400	400	1153632	train2017/000000350299.jpg
2253.97265625	0.0	image/366	366	1154034	train2017/000000080275.jpg
2254.755859375	0.0	image/452	452	1154435	train2017/000000365218.jpg
2255.5625	0.0	image/408	408	1154848	train2017/000000352861.jpg
2257.1796875	0.0	image/392	392	1155676	train2017/000000348204.jpg
2258.0078125	0.0	image/472	472	1156100	train2017/000000110780.jpg
2258.8125	0.0	image/401	401	1156512	train2017/000000088414.jpg
2259.595703125	0.0	image/404	404	1156913	train2017/000000352129.jpg
2260.380859375	0.0	image/449	449	1157315	train2017/000000101952.jpg
2261.173828125	0.0	image/435	435	1157721	train2017/000000097218.jpg
2261.962890625	0.0	image/388	388	1158125	train2017/000000084174.jpg
2263.57421875	0.0	image/379	379	1158950	train2017/000000569678.jpg
2264.365234375	0.0	image/437	437	1159355	train2017/000000060117.jpg
2265.1484375	0.0	image/369	369	1159756	train2017/000000080987.jpg
2265.943359375	0.0	image/430	430	1160163	train2017/000000357865.jpg
2266.708984375	0.0	image/435	435	1160555	train2017/000000097218.jpg
2267.53125	0.0	image/460	460	1160976	train2017/000000367552.jpg
2268.359375	0.0	image/420	420	1161400	train2017/000000092353.jpg
2269.982421875	0.0	image/377	377	1162231	train2017/000000450584.jpg
2270.798828125	0.0	image/429	429	1162649	train2017/000000095337.jpg
2271.599609375	0.0	image/419	419	1163059	train2017/000000092288.jpg
2273.18359375	0.0	image/462	462	1163870	train2017/000000368852.jpg
2273.966796875	0.0	image/445	445	1164271	train2017/000000362677.jpg
2274.794921875	0.0	image/392	392	1164695	train2017/000000348204.jpg
2276.3671875	0.0	image/461	461	1165500	train2017/000000106107.jpg
2277.146484375	0.0	image/388	388	1165899	train2017/000000084174.jpg
2277.947265625	0.0	image/390	390	1166309	train2017/000000346754.jpg
2278.751953125	0.0	image/397	397	1166721	train2017/000000087334.jpg
2279.546875	0.0	image/479	479	1167128	train2017/000000114077.jpg
2280.3515625	0.0	image/453	453	1167540	train2017/000000103366.jpg
2281.15234375	0.0	image/393	393	1167950	train2017/000000086811.jpg
2281.962890625	0.0	image/394	394	1168365	train2017/000000087126.jpg
2282.787109375	0.0	image/361	361	1168787	train2017/000000340317.jpg
2284.34765625	0.0	image/463	463	1169586	train2017/000000369171.jpg
2285.1328125	0.0	image/471	471	1169988	train2017/000000372775.jpg
2286.75	0.0	image/459	459	1170816	train2017/000000366802.jpg
2287.572265625	0.0	image/370	370	1171237	train2017/000000081105.jpg
2288.3828125	0.0	image/425	425	1171652	train2017/000000356771.jpg
2290.015625	0.0	image/428	428	1172488	train2017/000000095176.jpg
2290.822265625	0.0	image/436	436	1172901	train2017/000000098480.jpg
2291.60546875	0.0	image/446	446	1173302	train2017/000000100599.jpg
2292.384765625	0.0	image/461	461	1173701	train2017/000000106107.jpg
2293.150390625	0.0	image/426	426	1174093	train2017/000000357074.jpg
2293.97265625	0.0	image/475	475	1174514	train2017/000000373970.jpg
2294.7734375	0.0	image/424	424	1174924	train2017/000000277778.jpg
2295.552734375	0.0	image/473	473	1175323	train2017/000000372959.jpg
2296.375	0.0	image/447	447	1175744	train2017/000000100863.jpg
2297.185546875	0.0	image/463	463	1176159	train2017/000000369171.jpg
2297.95703125	0.0	image/429	429	1176554	train2017/000000095337.jpg
2298.736328125	0.0	image/413	413	1176953	train2017/000000364806.jpg
2299.541015625	0.0	image/364	364	1177365	train2017/000000275335.jpg
2300.318359375	0.0	image/385	385	1177763	train2017/000000345751.jpg
2301.13671875	0.0	image/468	468	1178182	train2017/000000542304.jpg
2301.958984375	0.0	image/414	414	1178603	train2017/000000091784.jpg
2303.525390625	0.0	image/480	480	1179405	train2017/000000376407.jpg
2304.34375	0.0	image/371	371	1179824	train2017/000000081365.jpg
2305.154296875	0.0	image/469	469	1180239	train2017/000000370369.jpg
2305.9609375	0.0	image/476	476	1180652	train2017/000000112734.jpg
2306.771484375	0.0	image/396	396	1181067	train2017/000000349363.jpg
2307.578125	0.0	image/395	395	1181480	train2017/000000087146.jpg
2308.388671875	0.0	image/467	467	1181895	train2017/000000017935.jpg
2309.177734375	0.0	image/434	434	1182299	train2017/000000097201.jpg
2309.97265625	0.0	image/466	466	1182706	train2017/000000107204.jpg
2310.779296875	0.0	image/438	438	1183119	train2017/000000147547.jpg
2311.572265625	0.0	image/459	459	1183525	train2017/000000366802.jpg
2312.396484375	0.0	image/399	399	1183947	train2017/000000320508.jpg
2313.22265625	0.0	image/465	465	1184370	train2017/000000369253.jpg
2314.029296875	0.0	image/432	432	1184783	train2017/000000096161.jpg
2314.837890625	0.0	image/467	467	1185197	train2017/000000017935.jpg
2315.6796875	0.0	image/407	407	1185628	train2017/000000352724.jpg
2316.4921875	0.0	image/365	365	1186044	train2017/000000080084.jpg
2317.291015625	0.0	image/448	448	1186453	train2017/000000101069.jpg
2318.09765625	0.0	image/397	397	1186866	train2017/000000087334.jpg
2318.875	0.0	image/389	389	1187264	train2017/000000346583.jpg
2320.48046875	0.0	image/443	443	1188086	train2017/000000099580.jpg
2322.076171875	0.0	image/372	372	1188903	train2017/000000081474.jpg
2322.876953125	0.0	image/420	420	1189313	train2017/000000092353.jpg
2323.677734375	0.0	image/443	443	1189723	train2017/000000099580.jpg
2324.5	0.0	image/395	395	1190144	train2017/000000087146.jpg
2325.298828125	0.0	image/364	364	1190553	train2017/000000275335.jpg
2326.09375	0.0	image/434	434	1190960	train2017/000000097201.jpg
2326.86328125	0.0	image/423	423	1191354	train2017/000000355622.jpg
2327.650390625	0.0	image/387	387	1191757	train2017/000000083738.jpg
2328.4609375	0.0	image/448	448	1192172	train2017/000000101069.jpg
2330.033203125	0.0	image/404	404	1192977	train2017/000000352129.jpg
2330.818359375	0.0	image/474	474	1193379	train2017/000000373679.jpg
2331.611328125	0.0	image/453	453	1193785	train2017/000000103366.jpg
2332.3984375	0.0	image/440	440	1194188	train2017/000000361197.jpg
2333.203125	0.0	image/418	418	1194600	train2017/000000092221.jpg
2333.99609375	0.0	image/474	474	1195006	train2017/000000373679.jpg
2334.818359375	0.0	image/423	423	1195427	train2017/000000355622.jpg
2335.62890625	0.0	image/431	431	1195842	train2017/000000095828.jpg
2336.39453125	0.0	image/439	439	1196234	train2017/000000361193.jpg
2337.203125	0.0	image/406	406	1196648	train2017/000000352236.jpg
2337.986328125	0.0	image/469	469	1197049	train2017/000000370369.jpg
2338.78125	0.0	image/466	466	1197456	train2017/000000107204.jpg
2339.564453125	0.0	image/430	430	1197857	train2017/000000357865.jpg
2340.333984375	0.0	image/442	442	1198251	train2017/000000361648.jpg
2341.138671875	0.0	image/471	471	1198663	train2017/000000372775.jpg
2341.931640625	0.0	image/421	421	1199069	train2017/000000354761.jpg
2343.5390625	0.0	image/363	363	1199892	train2017/000000079111.jpg
2344.33203125	0.0	image/415	415	1200298	train2017/000000354045.jpg
2345.888671875	0.0	image/408	408	1201095	train2017/000000352861.jpg
2346.689453125	0.0	image/411	411	1201505	train2017/000000091005.jpg
2347.501953125	0.0	image/470	470	1201921	train2017/000000110611.jpg
2348.306640625	0.0	image/391	391	1202333	train2017/000000346795.jpg
2349.083984375	0.0	image/460	460	1202731	train2017/000000367552.jpg
2349.8515625	0.0	image/383	383	1203124	train2017/000000083393.jpg
2350.650390625	0.0	image/396	396	1203533	train2017/000000349363.jpg
2351.45703125	0.0	image/372	372	1203946	train2017/000000081474.jpg
2352.234375	0.0	image/389	389	1204344	train2017/000000346583.jpg
2353.001953125	0.0	image/447	447	1204737	train2017/000000100863.jpg
2353.78515625	0.0	image/403	403	1205138	train2017/000000089908.jpg
2354.57421875	0.0	image/454	454	1205542	train2017/000000366146.jpg
2355.392578125	0.0	image/450	450	1205961	train2017/000000570785.jpg
2356.208984375	0.0	image/449	449	1206379	train2017/000000101952.jpg
2357.01953125	0.0	image/386	386	1206794	train2017/000000083632.jpg
2357.8203125	0.0	image/441	441	1207204	train2017/000000099363.jpg
2358.642578125	0.0	image/413	413	1207625	train2017/000000364806.jpg
2359.470703125	0.0	image/465	465	1208049	train2017/000000369253.jpg
2360.2421875	0.0	image/446	446	1208444	train2017/000000100599.jpg
2361.02734375	0.0	image/452	452	1208846	train2017/000000365218.jpg
2361.8046875	0.0	image/419	419	1209244	train2017/000000092288.jpg
2362.623046875	0.0	image/371	371	1209663	train2017/000000081365.jpg
2363.427734375	0.0	image/402	402	1210075	train2017/000000088835.jpg
2365.060546875	0.0	image/402	402	1210911	train2017/000000088835.jpg
2365.85546875	0.0	image/383	383	1211318	train2017/000000083393.jpg
2366.66015625	0.0	image/403	403	1211730	train2017/000000089908.jpg
2367.443359375	0.0	image/450	450	1212131	train2017/000000570785.jpg
2368.26171875	0.0	image/472	472	1212550	train2017/000000110780.jpg
2369.080078125	0.0	image/376	376	1212969	train2017/000000081995.jpg
2369.890625	0.0	image/468	468	1213384	train2017/000000542304.jpg
2370.658203125	0.0	image/410	410	1213777	train2017/000000090994.jpg
2371.462890625	0.0	image/456	456	1214189	train2017/000000104081.jpg
2372.291015625	0.0	image/401	401	1214613	train2017/000000088414.jpg
2373.09375	0.0	image/477	477	1215024	train2017/000000113593.jpg
2373.86328125	0.0	image/436	436	1215418	train2017/000000098480.jpg
2374.658203125	0.0	image/385	385	1215825	train2017/000000345751.jpg
2375.44140625	0.0	image/387	387	1216226	train2017/000000083738.jpg
2376.248046875	0.0	image/427	427	1216639	train2017/000000357228.jpg
2377.05859375	0.0	image/381	381	1217054	train2017/000000082770.jpg
2377.8828125	0.0	image/410	410	1217476	train2017/000000090994.jpg
2379.498046875	0.0	image/455	455	1218303	train2017/000000104044.jpg
2387.82421875	0.0	image/551	551	1222566	train2017/000000134169.jpg
2388.607421875	0.0	image/548	548	1222967	train2017/000000395775.jpg
2389.384765625	0.0	image/599	599	1223365	train2017/000000388853.jpg
2390.189453125	0.0	image/576	576	1223777	train2017/000000401699.jpg
2391.01953125	0.0	image/530	530	1224202	train2017/000000391678.jpg
2391.802734375	0.0	image/586	586	1224603	train2017/000000154556.jpg
2392.62109375	0.0	image/552	552	1225022	train2017/000000396550.jpg
2394.259765625	0.0	image/584	584	1225861	train2017/000000285588.jpg
2395.087890625	0.0	image/544	544	1226285	train2017/000000394008.jpg
2395.892578125	0.0	image/556	556	1226697	train2017/000000135316.jpg
2396.703125	0.0	image/559	559	1227112	train2017/000000135965.jpg
2397.494140625	0.0	image/545	545	1227517	train2017/000000131967.jpg
2398.271484375	0.0	image/537	537	1227915	train2017/000000371353.jpg
2399.078125	0.0	image/557	557	1228328	train2017/000000022627.jpg
2399.91015625	0.0	image/595	595	1228754	train2017/000000142803.jpg
2400.6953125	0.0	image/494	494	1229156	train2017/000000380227.jpg
2401.505859375	0.0	image/562	562	1229571	train2017/000000022696.jpg
2402.306640625	0.0	image/598	598	1229981	train2017/000000405437.jpg
2403.095703125	0.0	image/531	531	1230385	train2017/000000391754.jpg
2403.912109375	0.0	image/587	587	1230803	train2017/000000403535.jpg
2404.712890625	0.0	image/508	508	1231213	train2017/000000413472.jpg
2406.279296875	0.0	image/516	516	1232015	train2017/000000385864.jpg
2407.05859375	0.0	image/552	552	1232414	train2017/000000396550.jpg
2407.84765625	0.0	image/493	493	1232818	train2017/000000379713.jpg
2408.630859375	0.0	image/591	591	1233219	train2017/000000404282.jpg
2409.44140625	0.0	image/528	528	1233634	train2017/000000239828.jpg
2410.263671875	0.0	image/524	524	1234055	train2017/000000125725.jpg
2411.05859375	0.0	image/509	509	1234462	train2017/000000384235.jpg
2411.859375	0.0	image/575	575	1234872	train2017/000000139551.jpg
2412.6640625	0.0	image/498	498	1235284	train2017/000000119669.jpg
2413.44921875	0.0	image/549	549	1235686	train2017/000000197068.jpg
2414.2265625	0.0	image/523	523	1236084	train2017/000000125703.jpg
2414.9921875	0.0	image/593	593	1236476	train2017/000000196777.jpg
2415.76171875	0.0	image/483	483	1236870	train2017/000000376858.jpg
2416.533203125	0.0	image/564	564	1237265	train2017/000000399162.jpg
2418.1328125	0.0	image/500	500	1238084	train2017/000000381961.jpg
2419.716796875	0.0	image/486	486	1238895	train2017/000000377703.jpg
2420.51171875	0.0	image/503	503	1239302	train2017/000000382890.jpg
2421.318359375	0.0	image/523	523	1239715	train2017/000000125703.jpg
2422.12890625	0.0	image/527	527	1240130	train2017/000000390120.jpg
2422.94921875	0.0	image/565	565	1240550	train2017/000000197656.jpg
2423.734375	0.0	image/548	548	1240952	train2017/000000395775.jpg
2424.55078125	0.0	image/490	490	1241370	train2017/000000116588.jpg
2425.3515625	0.0	image/555	555	1241780	train2017/000000397192.jpg
2426.9296875	0.0	image/566	566	1242588	train2017/000000399835.jpg
2427.712890625	0.0	image/504	504	1242989	train2017/000000382951.jpg
2428.537109375	0.0	image/573	573	1243411	train2017/000000138904.jpg
2429.3359375	0.0	image/505	505	1243820	train2017/000000120987.jpg
2430.169921875	0.0	image/591	591	1244247	train2017/000000404282.jpg
2430.98046875	0.0	image/518	518	1244662	train2017/000000124711.jpg
2431.8046875	0.0	image/536	536	1245084	train2017/000000196584.jpg
2432.603515625	0.0	image/540	540	1245493	train2017/000000021826.jpg
2433.416015625	0.0	image/507	507	1245909	train2017/000000383652.jpg
2434.1875	0.0	image/570	570	1246304	train2017/000000400581.jpg
2434.998046875	0.0	image/486	486	1246719	train2017/000000377703.jpg
2435.765625	0.0	image/545	545	1247112	train2017/000000131967.jpg
2436.572265625	0.0	image/489	489	1247525	train2017/000000115967.jpg
2437.35546875	0.0	image/546	546	1247926	train2017/000000133281.jpg
2438.134765625	0.0	image/556	556	1248325	train2017/000000135316.jpg
2438.921875	0.0	image/542	542	1248728	train2017/000000284089.jpg
2439.740234375	0.0	image/517	517	1249147	train2017/000000123891.jpg
2440.568359375	0.0	image/507	507	1249571	train2017/000000383652.jpg
2441.333984375	0.0	image/525	525	1249963	train2017/000000388980.jpg
2442.15625	0.0	image/509	509	1250384	train2017/000000384235.jpg
2443.720703125	0.0	image/535	535	1251185	train2017/000000392851.jpg
2444.5078125	0.0	image/574	574	1251588	train2017/000000139344.jpg
2445.30859375	0.0	image/567	567	1251998	train2017/000000137706.jpg
2446.0859375	0.0	image/597	597	1252396	train2017/000000143245.jpg
2446.890625	0.0	image/502	502	1252808	train2017/000000120655.jpg
2447.67578125	0.0	image/599	599	1253210	train2017/000000388853.jpg
2448.453125	0.0	image/541	541	1253608	train2017/000000131524.jpg
2449.271484375	0.0	image/491	491	1254027	train2017/000000116603.jpg
2450.04296875	0.0	image/579	579	1254422	train2017/000000139815.jpg
2450.853515625	0.0	image/520	520	1254837	train2017/000000125042.jpg
2451.63671875	0.0	image/589	589	1255238	train2017/000000403789.jpg
2452.423828125	0.0	image/571	571	1255641	train2017/000000229233.jpg
2453.193359375	0.0	image/511	511	1256035	train2017/000000122776.jpg
2453.9765625	0.0	image/496	496	1256436	train2017/000000380989.jpg
2454.755859375	0.0	image/593	593	1256835	train2017/000000196777.jpg
2455.578125	0.0	image/500	500	1257256	train2017/000000381961.jpg
2456.40625	0.0	image/519	519	1257680	train2017/000000124747.jpg
2457.171875	0.0	image/596	596	1258072	train2017/000000405215.jpg
2457.9609375	0.0	image/514	514	1258476	train2017/000000282707.jpg
2458.7890625	0.0	image/561	561	1258900	train2017/000000136142.jpg
2460.44140625	0.0	image/564	564	1259746	train2017/000000399162.jpg
2461.20703125	0.0	image/483	483	1260138	train2017/000000376858.jpg
2461.990234375	0.0	image/588	588	1260539	train2017/000000403739.jpg
2462.8125	0.0	image/497	497	1260960	train2017/000000282032.jpg
2463.59765625	0.0	image/569	569	1261362	train2017/000000138153.jpg
2464.4296875	0.0	image/538	538	1261788	train2017/000000130973.jpg
2465.998046875	0.0	image/493	493	1262591	train2017/000000379713.jpg
2466.83203125	0.0	image/529	529	1263018	train2017/000000129060.jpg
2467.642578125	0.0	image/536	536	1263433	train2017/000000196584.jpg
2468.431640625	0.0	image/586	586	1263837	train2017/000000154556.jpg
2470.03125	0.0	image/515	515	1264656	train2017/000000123692.jpg
2470.849609375	0.0	image/488	488	1265075	train2017/000000115649.jpg
2471.626953125	0.0	image/522	522	1265473	train2017/000000125586.jpg
2472.443359375	0.0	image/513	513	1265891	train2017/000000282631.jpg
2473.25	0.0	image/529	529	1266304	train2017/000000129060.jpg
2474.044921875	0.0	image/563	563	1266711	train2017/000000398540.jpg
2474.845703125	0.0	image/582	582	1267121	train2017/000000140590.jpg
2475.650390625	0.0	image/499	499	1267533	train2017/000000575164.jpg
2476.427734375	0.0	image/510	510	1267931	train2017/000000544738.jpg
2477.1953125	0.0	image/530	530	1268324	train2017/000000391678.jpg
2477.9609375	0.0	image/600	600	1268716	train2017/000000143420.jpg
2478.78515625	0.0	image/533	533	1269138	train2017/000000392556.jpg
2479.595703125	0.0	image/546	546	1269553	train2017/000000133281.jpg
2481.1953125	0.0	image/505	505	1270372	train2017/000000120987.jpg
2481.98046875	0.0	image/484	484	1270774	train2017/000000114822.jpg
2482.78125	0.0	image/488	488	1271184	train2017/000000115649.jpg
2483.5859375	0.0	image/514	514	1271596	train2017/000000282707.jpg
2484.3984375	0.0	image/501	501	1272012	train2017/000000353175.jpg
2485.203125	0.0	image/481	481	1272424	train2017/000000114274.jpg
2485.998046875	0.0	image/590	590	1272831	train2017/000000404007.jpg
2486.763671875	0.0	image/560	560	1273223	train2017/000000136111.jpg
2487.568359375	0.0	image/499	499	1273635	train2017/000000575164.jpg
2488.3984375	0.0	image/594	594	1274060	train2017/000000404823.jpg
2489.205078125	0.0	image/517	517	1274473	train2017/000000123891.jpg
2489.998046875	0.0	image/484	484	1274879	train2017/000000114822.jpg
2490.822265625	0.0	image/561	561	1275301	train2017/000000136142.jpg
2491.650390625	0.0	image/521	521	1275725	train2017/000000387318.jpg
2492.416015625	0.0	image/482	482	1276117	train2017/000000376643.jpg
2493.232421875	0.0	image/592	592	1276535	train2017/000000504289.jpg
2494.0390625	0.0	image/534	534	1276948	train2017/000000130681.jpg
2494.845703125	0.0	image/573	573	1277361	train2017/000000138904.jpg
2495.634765625	0.0	image/579	579	1277765	train2017/000000139815.jpg
2496.439453125	0.0	image/543	543	1278177	train2017/000000131763.jpg
2497.25	0.0	image/547	547	1278592	train2017/000000395758.jpg
2498.01953125	0.0	image/512	512	1278986	train2017/000000122811.jpg
2498.806640625	0.0	image/510	510	1279389	train2017/000000544738.jpg
2499.591796875	0.0	image/567	567	1279791	train2017/000000137706.jpg
2500.390625	0.0	image/553	553	1280200	train2017/000000134562.jpg
2501.169921875	0.0	image/557	557	1280599	train2017/000000022627.jpg
2501.974609375	0.0	image/511	511	1281011	train2017/000000122776.jpg
2502.751953125	0.0	image/582	582	1281409	train2017/000000140590.jpg
2503.51953125	0.0	image/576	576	1281802	train2017/000000401699.jpg
2504.341796875	0.0	image/506	506	1282223	train2017/000000383641.jpg
2505.142578125	0.0	image/492	492	1282633	train2017/000000150636.jpg
2505.958984375	0.0	image/495	495	1283051	train2017/000000380729.jpg
2507.5546875	0.0	image/547	547	1283868	train2017/000000395758.jpg
2509.111328125	0.0	image/572	572	1284665	train2017/000000138785.jpg
2509.927734375	0.0	image/487	487	1285083	train2017/000000115637.jpg
2511.509765625	0.0	image/498	498	1285893	train2017/000000119669.jpg
2512.33984375	0.0	image/568	568	1286318	train2017/000000399984.jpg
2513.140625	0.0	image/592	592	1286728	train2017/000000504289.jpg
2513.927734375	0.0	image/491	491	1287131	train2017/000000116603.jpg
2514.70703125	0.0	image/600	600	1287530	train2017/000000143420.jpg
2515.47265625	0.0	image/515	515	1287922	train2017/000000123692.jpg
2516.2578125	0.0	image/489	489	1288324	train2017/000000115967.jpg
2517.041015625	0.0	image/521	521	1288725	train2017/000000387318.jpg
2517.857421875	0.0	image/544	544	1289143	train2017/000000394008.jpg
2518.658203125	0.0	image/572	572	1289553	train2017/000000138785.jpg
2519.462890625	0.0	image/585	585	1289965	train2017/000000140724.jpg
2520.275390625	0.0	image/578	578	1290381	train2017/000000401720.jpg
2521.05859375	0.0	image/487	487	1290782	train2017/000000115637.jpg
2521.86328125	0.0	image/485	485	1291194	train2017/000000377576.jpg
2522.6484375	0.0	image/492	492	1291596	train2017/000000150636.jpg
2523.44140625	0.0	image/531	531	1292002	train2017/000000391754.jpg
2524.232421875	0.0	image/482	482	1292407	train2017/000000376643.jpg
2525.05859375	0.0	image/589	589	1292830	train2017/000000403789.jpg
2525.865234375	0.0	image/558	558	1293243	train2017/000000398083.jpg
2527.4765625	0.0	image/533	533	1294068	train2017/000000392556.jpg
2529.033203125	0.0	image/496	496	1294865	train2017/000000380989.jpg
2529.84375	0.0	image/539	539	1295280	train2017/000000131011.jpg
2530.666015625	0.0	image/526	526	1295701	train2017/000000389582.jpg
2531.478515625	0.0	image/588	588	1296117	train2017/000000403739.jpg
2532.26171875	0.0	image/551	551	1296518	train2017/000000134169.jpg
2533.068359375	0.0	image/558	558	1296931	train2017/000000398083.jpg
2533.87890625	0.0	image/512	512	1297346	train2017/000000122811.jpg
2534.646484375	0.0	image/571	571	1297739	train2017/000000229233.jpg
2536.279296875	0.0	image/526	526	1298575	train2017/000000389582.jpg
2537.0859375	0.0	image/555	555	1298988	train2017/000000397192.jpg
2538.71875	0.0	image/562	562	1299824	train2017/000000022696.jpg
2539.546875	0.0	image/502	502	1300248	train2017/000000120655.jpg
2540.330078125	0.0	image/485	485	1300649	train2017/000000377576.jpg
2541.13671875	0.0	image/563	563	1301062	train2017/000000398540.jpg
2542.703125	0.0	image/532	532	1301864	train2017/000000130181.jpg
2543.537109375	0.0	image/580	580	1302291	train2017/000000402057.jpg
2545.171875	0.0	image/594	594	1303128	train2017/000000404823.jpg
2545.98828125	0.0	image/516	516	1303546	train2017/000000385864.jpg
2546.783203125	0.0	image/537	537	1303953	train2017/000000371353.jpg
2547.587890625	0.0	image/490	490	1304365	train2017/000000116588.jpg
2548.400390625	0.0	image/534	534	1304781	train2017/000000130681.jpg
2549.166015625	0.0	image/535	535	1305173	train2017/000000392851.jpg
2549.97265625	0.0	image/581	581	1305586	train2017/000000402199.jpg
2550.767578125	0.0	image/501	501	1305993	train2017/000000353175.jpg
2551.583984375	0.0	image/575	575	1306411	train2017/000000139551.jpg
2552.373046875	0.0	image/597	597	1306815	train2017/000000143245.jpg
2553.16796875	0.0	image/568	568	1307222	train2017/000000399984.jpg
2553.9375	0.0	image/577	577	1307616	train2017/000000139561.jpg
2554.740234375	0.0	image/538	538	1308027	train2017/000000130973.jpg
2555.5234375	0.0	image/585	585	1308428	train2017/000000140724.jpg
2556.302734375	0.0	image/525	525	1308827	train2017/000000388980.jpg
2557.1015625	0.0	image/532	532	1309236	train2017/000000130181.jpg
2557.92578125	0.0	image/518	518	1309658	train2017/000000124711.jpg
2558.734375	0.0	image/560	560	1310072	train2017/000000136111.jpg
2559.51953125	0.0	image/569	569	1310474	train2017/000000138153.jpg
2560.30859375	0.0	image/520	520	1310878	train2017/000000125042.jpg
2561.119140625	0.0	image/578	578	1311293	train2017/000000401720.jpg
2561.904296875	0.0	image/565	565	1311695	train2017/000000197656.jpg
2562.7265625	0.0	image/504	504	1312116	train2017/000000382951.jpg
2563.5234375	0.0	image/542	542	1312524	train2017/000000284089.jpg
2564.361328125	0.0	image/598	598	1312953	train2017/000000405437.jpg
2565.1875	0.0	image/513	513	1313376	train2017/000000282631.jpg
2565.994140625	0.0	image/549	549	1313789	train2017/000000197068.jpg
2566.8046875	0.0	image/497	497	1314204	train2017/000000282032.jpg
2567.572265625	0.0	image/494	494	1314597	train2017/000000380227.jpg
2569.14453125	0.0	image/566	566	1315402	train2017/000000399835.jpg
2569.927734375	0.0	image/559	559	1315803	train2017/000000135965.jpg
2570.76171875	0.0	image/574	574	1316230	train2017/000000139344.jpg
2572.412109375	0.0	image/550	550	1317075	train2017/000000066014.jpg
2573.20703125	0.0	image/596	596	1317482	train2017/000000405215.jpg
2573.990234375	0.0	image/595	595	1317883	train2017/000000142803.jpg
2574.796875	0.0	image/503	503	1318296	train2017/000000382890.jpg
2575.59765625	0.0	image/590	590	1318706	train2017/000000404007.jpg
2576.375	0.0	image/508	508	1319104	train2017/000000413472.jpg
2577.1796875	0.0	image/522	522	1319516	train2017/000000125586.jpg
2577.96484375	0.0	image/583	583	1319918	train2017/000000198195.jpg
2578.7578125	0.0	image/584	584	1320324	train2017/000000285588.jpg
2579.58203125	0.0	image/540	540	1320746	train2017/000000021826.jpg
2580.365234375	0.0	image/524	524	1321147	train2017/000000125725.jpg
2581.1484375	0.0	image/583	583	1321548	train2017/000000198195.jpg
2581.931640625	0.0	image/570	570	1321949	train2017/000000400581.jpg
2582.732421875	0.0	image/554	554	1322359	train2017/000000135032.jpg
2583.515625	0.0	image/495	495	1322760	train2017/000000380729.jpg
2584.34765625	0.0	image/550	550	1323186	train2017/000000066014.jpg
2585.1328125	0.0	image/527	527	1323588	train2017/000000390120.jpg
2585.916015625	0.0	image/580	580	1323989	train2017/000000402057.jpg
2586.75	0.0	image/541	541	1324416	train2017/000000131524.jpg
2587.56640625	0.0	image/539	539	1324834	train2017/000000131011.jpg
2588.380859375	0.0	image/553	553	1325251	train2017/000000134562.jpg
2589.201171875	0.0	image/581	581	1325671	train2017/000000402199.jpg
2589.99609375	0.0	image/543	543	1326078	train2017/000000131763.jpg
2590.802734375	0.0	image/519	519	1326491	train2017/000000124747.jpg
2591.5859375	0.0	image/587	587	1326892	train2017/000000403535.jpg
2592.37890625	0.0	image/506	506	1327298	train2017/000000383641.jpg
2593.986328125	0.0	image/481	481	1328121	train2017/000000114274.jpg
2595.537109375	0.0	image/528	528	1328915	train2017/000000239828.jpg
2596.353515625	0.0	image/554	554	1329333	train2017/000000135032.jpg
2597.1640625	0.0	image/577	577	1329748	train2017/000000139561.jpg
2605.025390625	0.0	image/607	607	1333773	train2017/000000461187.jpg
2605.802734375	0.0	image/699	699	1334171	train2017/000000170917.jpg
2606.625	0.0	image/658	658	1334592	train2017/000000563961.jpg
2607.42578125	0.0	image/643	643	1335002	train2017/000000416279.jpg
2608.203125	0.0	image/635	635	1335400	train2017/000000152328.jpg
2608.98828125	0.0	image/612	612	1335802	train2017/000000408965.jpg
2609.79296875	0.0	image/692	692	1336214	train2017/000000169262.jpg
2610.60546875	0.0	image/669	669	1336630	train2017/000000161328.jpg
2611.42578125	0.0	image/648	648	1337050	train2017/000000417700.jpg
2612.255859375	0.0	image/631	631	1337475	train2017/000000151414.jpg
2613.044921875	0.0	image/626	626	1337879	train2017/000000412922.jpg
2613.873046875	0.0	image/623	623	1338303	train2017/000000412855.jpg
2614.669921875	0.0	image/714	714	1338711	train2017/000000437516.jpg
2615.4609375	0.0	image/637	637	1339116	train2017/000000506039.jpg
2617.0625	0.0	image/679	679	1339936	train2017/000000164564.jpg
2617.845703125	0.0	image/695	695	1340337	train2017/000000284987.jpg
2619.462890625	0.0	image/636	636	1341165	train2017/000000549729.jpg
2620.263671875	0.0	image/667	667	1341575	train2017/000000423209.jpg
2621.9140625	0.0	image/716	716	1342420	train2017/000000437967.jpg
2622.697265625	0.0	image/667	667	1342821	train2017/000000423209.jpg
2623.490234375	0.0	image/664	664	1343227	train2017/000000551063.jpg
2624.28125	0.0	image/616	616	1343632	train2017/000000149221.jpg
2625.9140625	0.0	image/611	611	1344468	train2017/000000408922.jpg
2626.7421875	0.0	image/655	655	1344892	train2017/000000157181.jpg
2627.54296875	0.0	image/651	651	1345302	train2017/000000156084.jpg
2629.16015625	0.0	image/658	658	1346130	train2017/000000563961.jpg
2629.96484375	0.0	image/603	603	1346542	train2017/000000144193.jpg
2631.599609375	0.0	image/634	634	1347379	train2017/000000152273.jpg
2632.3828125	0.0	image/690	690	1347780	train2017/000000043829.jpg
2633.193359375	0.0	image/714	714	1348195	train2017/000000437516.jpg
2634.0	0.0	image/707	707	1348608	train2017/000000173987.jpg
2635.578125	0.0	image/712	712	1349416	train2017/000000174522.jpg
2636.361328125	0.0	image/665	665	1349817	train2017/000000160735.jpg
2637.18359375	0.0	image/719	719	1350238	train2017/000000438751.jpg
2637.9609375	0.0	image/698	698	1350636	train2017/000000433021.jpg
2638.76171875	0.0	image/663	663	1351046	train2017/000000463620.jpg
2640.40234375	0.0	image/634	634	1351886	train2017/000000152273.jpg
2641.21875	0.0	image/623	623	1352304	train2017/000000412855.jpg
2641.99609375	0.0	image/601	601	1352702	train2017/000000143594.jpg
2642.796875	0.0	image/602	602	1353112	train2017/000000406292.jpg
2643.619140625	0.0	image/644	644	1353533	train2017/000000154207.jpg
2644.4296875	0.0	image/706	706	1353948	train2017/000000435902.jpg
2645.25390625	0.0	image/602	602	1354370	train2017/000000406292.jpg
2646.037109375	0.0	image/645	645	1354771	train2017/000000416972.jpg
2646.83203125	0.0	image/642	642	1355178	train2017/000000154011.jpg
2647.63671875	0.0	image/657	657	1355590	train2017/000000419586.jpg
2648.416015625	0.0	image/682	682	1355989	train2017/000000014269.jpg
2649.232421875	0.0	image/717	717	1356407	train2017/000000438154.jpg
2649.998046875	0.0	image/688	688	1356799	train2017/000000166764.jpg
2650.8046875	0.0	image/654	654	1357212	train2017/000000157125.jpg
2651.583984375	0.0	image/668	668	1357611	train2017/000000423222.jpg
2652.349609375	0.0	image/691	691	1358003	train2017/000000168690.jpg
2653.138671875	0.0	image/644	644	1358407	train2017/000000154207.jpg
2653.939453125	0.0	image/683	683	1358817	train2017/000000428605.jpg
2654.751953125	0.0	image/702	702	1359233	train2017/000000171328.jpg
2655.5234375	0.0	image/653	653	1359628	train2017/000000157119.jpg
2656.333984375	0.0	image/670	670	1360043	train2017/000000423488.jpg
2657.134765625	0.0	image/649	649	1360453	train2017/000000418115.jpg
2657.904296875	0.0	image/614	614	1360847	train2017/000000147694.jpg
2658.70703125	0.0	image/704	704	1361258	train2017/000000420713.jpg
2659.484375	0.0	image/606	606	1361656	train2017/000000407778.jpg
2660.26953125	0.0	image/632	632	1362058	train2017/000000068996.jpg
2661.068359375	0.0	image/715	715	1362467	train2017/000000175715.jpg
2661.884765625	0.0	image/688	688	1362885	train2017/000000166764.jpg
2662.658203125	0.0	image/609	609	1363281	train2017/000000504888.jpg
2663.4921875	0.0	image/683	683	1363708	train2017/000000428605.jpg
2664.3046875	0.0	image/681	681	1364124	train2017/000000427729.jpg
2665.0703125	0.0	image/709	709	1364516	train2017/000000174303.jpg
2665.83984375	0.0	image/649	649	1364910	train2017/000000418115.jpg
2666.626953125	0.0	image/657	657	1365313	train2017/000000419586.jpg
2667.419921875	0.0	image/699	699	1365719	train2017/000000170917.jpg
2668.205078125	0.0	image/661	661	1366121	train2017/000000160142.jpg
2669.009765625	0.0	image/616	616	1366533	train2017/000000149221.jpg
2669.828125	0.0	image/647	647	1366952	train2017/000000417264.jpg
2670.62109375	0.0	image/643	643	1367358	train2017/000000416279.jpg
2671.427734375	0.0	image/625	625	1367771	train2017/000000369367.jpg
2672.255859375	0.0	image/639	639	1368195	train2017/000000415026.jpg
2673.0625	0.0	image/718	718	1368608	train2017/000000176085.jpg
2673.83984375	0.0	image/705	705	1369006	train2017/000000028930.jpg
2674.640625	0.0	image/674	674	1369416	train2017/000000425135.jpg
2675.4453125	0.0	image/628	628	1369828	train2017/000000151163.jpg
2676.22265625	0.0	image/654	654	1370226	train2017/000000157125.jpg
2677.806640625	0.0	image/615	615	1371037	train2017/000000148263.jpg
2678.630859375	0.0	image/677	677	1371459	train2017/000000425712.jpg
2679.44140625	0.0	image/672	672	1371874	train2017/000000424110.jpg
2680.23046875	0.0	image/720	720	1372278	train2017/000000176728.jpg
2681.013671875	0.0	image/694	694	1372679	train2017/000000431825.jpg
2681.82421875	0.0	image/703	703	1373094	train2017/000000171374.jpg
2682.630859375	0.0	image/642	642	1373507	train2017/000000154011.jpg
2683.44921875	0.0	image/650	650	1373926	train2017/000000419212.jpg
2684.28125	0.0	image/676	676	1374352	train2017/000000163263.jpg
2685.064453125	0.0	image/627	627	1374753	train2017/000000150931.jpg
2686.681640625	0.0	image/633	633	1375581	train2017/000000414176.jpg
2687.494140625	0.0	image/632	632	1375997	train2017/000000068996.jpg
2688.298828125	0.0	image/608	608	1376409	train2017/000000024287.jpg
2689.09375	0.0	image/682	682	1376816	train2017/000000014269.jpg
2689.91015625	0.0	image/638	638	1377234	train2017/000000414853.jpg
2690.6796875	0.0	image/652	652	1377628	train2017/000000113449.jpg
2691.494140625	0.0	image/719	719	1378045	train2017/000000438751.jpg
2692.294921875	0.0	image/630	630	1378455	train2017/000000462134.jpg
2693.080078125	0.0	image/669	669	1378857	train2017/000000161328.jpg
2693.90234375	0.0	image/680	680	1379278	train2017/000000485595.jpg
2695.517578125	0.0	image/613	613	1380105	train2017/000000147331.jpg
2696.330078125	0.0	image/689	689	1380521	train2017/000000508456.jpg
2697.09765625	0.0	image/620	620	1380914	train2017/000000153394.jpg
2697.90234375	0.0	image/662	662	1381326	train2017/000000160181.jpg
2699.537109375	0.0	image/710	710	1382163	train2017/000000436578.jpg
2700.3359375	0.0	image/713	713	1382572	train2017/000000291280.jpg
2701.169921875	0.0	image/717	717	1382999	train2017/000000438154.jpg
2701.982421875	0.0	image/619	619	1383415	train2017/000000149810.jpg
2702.78515625	0.0	image/617	617	1383826	train2017/000000411475.jpg
2703.5703125	0.0	image/610	610	1384228	train2017/000000146256.jpg
2704.365234375	0.0	image/662	662	1384635	train2017/000000160181.jpg
2705.1484375	0.0	image/673	673	1385036	train2017/000000424138.jpg
2705.955078125	0.0	image/687	687	1385449	train2017/000000428726.jpg
2706.73828125	0.0	image/641	641	1385850	train2017/000000415608.jpg
2707.533203125	0.0	image/677	677	1386257	train2017/000000425712.jpg
2708.35546875	0.0	image/629	629	1386678	train2017/000000151307.jpg
2709.96875	0.0	image/621	621	1387504	train2017/000000150196.jpg
2710.7734375	0.0	image/605	605	1387916	train2017/000000406595.jpg
2711.56640625	0.0	image/666	666	1388322	train2017/000000161062.jpg
2712.369140625	0.0	image/630	630	1388733	train2017/000000462134.jpg
2713.15625	0.0	image/653	653	1389136	train2017/000000157119.jpg
2713.935546875	0.0	image/694	694	1389535	train2017/000000431825.jpg
2714.75390625	0.0	image/673	673	1389954	train2017/000000424138.jpg
2715.57421875	0.0	image/656	656	1390374	train2017/000000157342.jpg
2716.375	0.0	image/700	700	1390784	train2017/000000170968.jpg
2717.208984375	0.0	image/670	670	1391211	train2017/000000423488.jpg
2717.986328125	0.0	image/615	615	1391609	train2017/000000148263.jpg
2718.76953125	0.0	image/678	678	1392010	train2017/000000164502.jpg
2719.591796875	0.0	image/606	606	1392431	train2017/000000407778.jpg
2720.38671875	0.0	image/684	684	1392838	train2017/000000166489.jpg
2721.169921875	0.0	image/705	705	1393239	train2017/000000028930.jpg
2721.958984375	0.0	image/718	718	1393643	train2017/000000176085.jpg
2722.744140625	0.0	image/646	646	1394045	train2017/000000417141.jpg
2723.5546875	0.0	image/671	671	1394460	train2017/000000161836.jpg
2724.361328125	0.0	image/617	617	1394873	train2017/000000411475.jpg
2725.927734375	0.0	image/663	663	1395675	train2017/000000463620.jpg
2727.51171875	0.0	image/672	672	1396486	train2017/000000424110.jpg
2728.33984375	0.0	image/646	646	1396910	train2017/000000417141.jpg
2729.14453125	0.0	image/687	687	1397322	train2017/000000428726.jpg
2729.95703125	0.0	image/674	674	1397738	train2017/000000425135.jpg
2730.7578125	0.0	image/656	656	1398148	train2017/000000157342.jpg
2732.390625	0.0	image/640	640	1398984	train2017/000000162230.jpg
2733.1796875	0.0	image/608	608	1399388	train2017/000000024287.jpg
2733.962890625	0.0	image/648	648	1399789	train2017/000000417700.jpg
2734.740234375	0.0	image/709	709	1400187	train2017/000000174303.jpg
2735.55859375	0.0	image/604	604	1400606	train2017/000000406445.jpg
2736.36328125	0.0	image/611	611	1401018	train2017/000000408922.jpg
2737.197265625	0.0	image/661	661	1401445	train2017/000000160142.jpg
2737.98046875	0.0	image/607	607	1401846	train2017/000000461187.jpg
2738.79296875	0.0	image/638	638	1402262	train2017/000000414853.jpg
2739.59765625	0.0	image/708	708	1402674	train2017/000000174213.jpg
2741.21484375	0.0	image/679	679	1403502	train2017/000000164564.jpg
2742.033203125	0.0	image/618	618	1403921	train2017/000000149791.jpg
2742.81640625	0.0	image/671	671	1404322	train2017/000000161836.jpg
2743.611328125	0.0	image/620	620	1404729	train2017/000000153394.jpg
2744.416015625	0.0	image/603	603	1405141	train2017/000000144193.jpg
2745.244140625	0.0	image/635	635	1405565	train2017/000000152328.jpg
2746.06640625	0.0	image/676	676	1405986	train2017/000000163263.jpg
2746.84375	0.0	image/636	636	1406384	train2017/000000549729.jpg
2747.62890625	0.0	image/678	678	1406786	train2017/000000164502.jpg
2748.392578125	0.0	image/716	716	1407177	train2017/000000437967.jpg
2749.201171875	0.0	image/696	696	1407591	train2017/000000028367.jpg
2750.017578125	0.0	image/710	710	1408009	train2017/000000436578.jpg
2750.830078125	0.0	image/655	655	1408425	train2017/000000157181.jpg
2751.646484375	0.0	image/622	622	1408843	train2017/000000150559.jpg
2752.44921875	0.0	image/681	681	1409254	train2017/000000427729.jpg
2753.236328125	0.0	image/622	622	1409657	train2017/000000150559.jpg
2754.029296875	0.0	image/627	627	1410063	train2017/000000150931.jpg
2754.837890625	0.0	image/660	660	1410477	train2017/000000422268.jpg
2755.63671875	0.0	image/700	700	1410886	train2017/000000170968.jpg
2756.431640625	0.0	image/624	624	1411293	train2017/000000412857.jpg
2757.21484375	0.0	image/689	689	1411694	train2017/000000508456.jpg
2757.98046875	0.0	image/675	675	1412086	train2017/000000163250.jpg
2758.771484375	0.0	image/697	697	1412491	train2017/000000433019.jpg
2759.587890625	0.0	image/612	612	1412909	train2017/000000408965.jpg
2760.404296875	0.0	image/637	637	1413327	train2017/000000506039.jpg
2761.212890625	0.0	image/664	664	1413741	train2017/000000551063.jpg
2762.015625	0.0	image/601	601	1414152	train2017/000000143594.jpg
2762.822265625	0.0	image/625	625	1414565	train2017/000000369367.jpg
2763.6171875	0.0	image/702	702	1414972	train2017/000000171328.jpg
2764.41796875	0.0	image/711	711	1415382	train2017/000000174504.jpg
2765.20703125	0.0	image/624	624	1415786	train2017/000000412857.jpg
2766.017578125	0.0	image/693	693	1416201	train2017/000000431764.jpg
2766.8203125	0.0	image/651	651	1416612	train2017/000000156084.jpg
2767.58984375	0.0	image/690	690	1417006	train2017/000000043829.jpg
2768.365234375	0.0	image/659	659	1417403	train2017/000000159680.jpg
2769.1484375	0.0	image/605	605	1417804	train2017/000000406595.jpg
2769.923828125	0.0	image/604	604	1418201	train2017/000000406445.jpg
2770.7578125	0.0	image/609	609	1418628	train2017/000000504888.jpg
2771.57421875	0.0	image/720	720	1419046	train2017/000000176728.jpg
2772.375	0.0	image/641	641	1419456	train2017/000000415608.jpg
2773.185546875	0.0	image/666	666	1419871	train2017/000000161062.jpg
2773.9921875	0.0	image/610	610	1420284	train2017/000000146256.jpg
2774.775390625	0.0	image/652	652	1420685	train2017/000000113449.jpg
2775.5859375	0.0	image/626	626	1421100	train2017/000000412922.jpg
2776.41015625	0.0	image/708	708	1421522	train2017/000000174213.jpg
2777.220703125	0.0	image/628	628	1421937	train2017/000000151163.jpg
2778.826171875	0.0	image/711	711	1422759	train2017/000000174504.jpg
2779.654296875	0.0	image/660	660	1423183	train2017/000000422268.jpg
2780.4609375	0.0	image/650	650	1423596	train2017/000000419212.jpg
2782.044921875	0.0	image/691	691	1424407	train2017/000000168690.jpg
2782.873046875	0.0	image/712	712	1424831	train2017/000000174522.jpg
2783.671875	0.0	image/684	684	1425240	train2017/000000166489.jpg
2784.49609375	0.0	image/619	619	1425662	train2017/000000149810.jpg
2785.32421875	0.0	image/633	633	1426086	train2017/000000414176.jpg
2786.109375	0.0	image/693	693	1426488	train2017/000000431764.jpg
2786.923828125	0.0	image/639	639	1426905	train2017/000000415026.jpg
2787.740234375	0.0	image/686	686	1427323	train2017/000000428691.jpg
2788.546875	0.0	image/692	692	1427736	train2017/000000169262.jpg
2790.16015625	0.0	image/665	665	1428562	train2017/000000160735.jpg
2790.9296875	0.0	image/701	701	1428956	train2017/000000079701.jpg
2791.748046875	0.0	image/629	629	1429375	train2017/000000151307.jpg
2792.580078125	0.0	image/698	698	1429801	train2017/000000433021.jpg
2793.365234375	0.0	image/685	685	1430203	train2017/000000166504.jpg
2794.158203125	0.0	image/621	621	1430609	train2017/000000150196.jpg
2794.947265625	0.0	image/614	614	1431013	train2017/000000147694.jpg
2795.732421875	0.0	image/685	685	1431415	train2017/000000166504.jpg
2796.54296875	0.0	image/675	675	1431830	train2017/000000163250.jpg
2797.328125	0.0	image/618	618	1432232	train2017/000000149791.jpg
2798.142578125	0.0	image/680	680	1432649	train2017/000000485595.jpg
2798.9609375	0.0	image/704	704	1433068	train2017/000000420713.jpg
2799.7265625	0.0	image/696	696	1433460	train2017/000000028367.jpg
2801.31640625	0.0	image/645	645	1434274	train2017/000000416972.jpg
2802.150390625	0.0	image/701	701	1434701	train2017/000000079701.jpg
2802.9453125	0.0	image/631	631	1435108	train2017/000000151414.jpg
2803.7109375	0.0	image/640	640	1435500	train2017/000000162230.jpg
2804.478515625	0.0	image/703	703	1435893	train2017/000000171374.jpg
2805.28515625	0.0	image/686	686	1436306	train2017/000000428691.jpg
2806.11328125	0.0	image/697	697	1436730	train2017/000000433019.jpg
2806.9296875	0.0	image/707	707	1437148	train2017/000000173987.jpg
2807.74609375	0.0	image/659	659	1437566	train2017/000000159680.jpg
2808.568359375	0.0	image/613	613	1437987	train2017/000000147331.jpg
2809.396484375	0.0	image/706	706	1438411	train2017/000000435902.jpg
2810.169921875	0.0	image/668	668	1438807	train2017/000000423222.jpg
2811.787109375	0.0	image/713	713	1439635	train2017/000000291280.jpg
2812.5859375	0.0	image/695	695	1440044	train2017/000000284987.jpg
2814.1875	0.0	image/647	647	1440864	train2017/000000417264.jpg
2814.98828125	0.0	image/715	715	1441274	train2017/000000175715.jpg
2822.583984375	0.0	image/779	779	1445163	train2017/000000191740.jpg
2823.38671875	0.0	image/807	807	1445574	train2017/000000397815.jpg
2824.19921875	0.0	image/753	753	1445990	train2017/000000006178.jpg
2824.98046875	0.0	image/755	755	1446390	train2017/000000055764.jpg
2825.76953125	0.0	image/811	811	1446794	train2017/000000201722.jpg
2826.580078125	0.0	image/814	814	1447209	train2017/000000201969.jpg
2827.34765625	0.0	image/805	805	1447602	train2017/000000460408.jpg
2828.15234375	0.0	image/790	790	1448014	train2017/000000455799.jpg
2829.720703125	0.0	image/742	742	1448817	train2017/000000181837.jpg
2830.521484375	0.0	image/824	824	1449227	train2017/000000204806.jpg
2831.3046875	0.0	image/744	744	1449628	train2017/000000182799.jpg
2832.087890625	0.0	image/732	732	1450029	train2017/000000179480.jpg
2832.8828125	0.0	image/778	778	1450436	train2017/000000191686.jpg
2834.505859375	0.0	image/793	793	1451267	train2017/000000338439.jpg
2835.31640625	0.0	image/735	735	1451682	train2017/000000180410.jpg
2836.08984375	0.0	image/726	726	1452078	train2017/000000178423.jpg
2836.8828125	0.0	image/769	769	1452484	train2017/000000189893.jpg
2837.68359375	0.0	image/796	796	1452894	train2017/000000338501.jpg
2838.453125	0.0	image/793	793	1453288	train2017/000000338439.jpg
2839.240234375	0.0	image/766	766	1453691	train2017/000000451680.jpg
2840.033203125	0.0	image/783	783	1454097	train2017/000000454915.jpg
2840.806640625	0.0	image/782	782	1454493	train2017/000000454830.jpg
2841.5859375	0.0	image/810	810	1454892	train2017/000000200391.jpg
2842.390625	0.0	image/762	762	1455304	train2017/000000188660.jpg
2843.185546875	0.0	image/834	834	1455711	train2017/000000469816.jpg
2844.7578125	0.0	image/825	825	1456516	train2017/000000467646.jpg
2845.5859375	0.0	image/822	822	1456940	train2017/000000466265.jpg
2847.158203125	0.0	image/756	756	1457745	train2017/000000448401.jpg
2847.94140625	0.0	image/747	747	1458146	train2017/000000183719.jpg
2848.720703125	0.0	image/789	789	1458545	train2017/000000455657.jpg
2850.29296875	0.0	image/835	835	1459350	train2017/000000129143.jpg
2851.103515625	0.0	image/751	751	1459765	train2017/000000185225.jpg
2851.927734375	0.0	image/772	772	1460187	train2017/000000190487.jpg
2852.75390625	0.0	image/799	799	1460610	train2017/000000196368.jpg
2853.556640625	0.0	image/788	788	1461021	train2017/000000193373.jpg
2854.34375	0.0	image/784	784	1461424	train2017/000000455020.jpg
2855.9609375	0.0	image/818	818	1462252	train2017/000000465412.jpg
2856.771484375	0.0	image/813	813	1462667	train2017/000000557920.jpg
2857.556640625	0.0	image/722	722	1463069	train2017/000000073172.jpg
2858.32421875	0.0	image/831	831	1463462	train2017/000000469445.jpg
2859.146484375	0.0	image/721	721	1463883	train2017/000000176873.jpg
2859.939453125	0.0	image/771	771	1464289	train2017/000000190271.jpg
2860.744140625	0.0	image/726	726	1464701	train2017/000000178423.jpg
2861.546875	0.0	image/833	833	1465112	train2017/000000207549.jpg
2862.32421875	0.0	image/774	774	1465510	train2017/000000191005.jpg
2863.146484375	0.0	image/739	739	1465931	train2017/000000443575.jpg
2863.9296875	0.0	image/775	775	1466332	train2017/000000453221.jpg
2864.71484375	0.0	image/792	792	1466734	train2017/000000194108.jpg
2865.4921875	0.0	image/761	761	1467132	train2017/000000188225.jpg
2866.298828125	0.0	image/827	827	1467545	train2017/000000296474.jpg
2867.125	0.0	image/809	809	1467968	train2017/000000462505.jpg
2867.94921875	0.0	image/826	826	1468390	train2017/000000205875.jpg
2868.765625	0.0	image/764	764	1468808	train2017/000000450903.jpg
2869.576171875	0.0	image/760	760	1469223	train2017/000000276853.jpg
2870.3828125	0.0	image/810	810	1469636	train2017/000000200391.jpg
2871.16015625	0.0	image/833	833	1470034	train2017/000000207549.jpg
2871.982421875	0.0	image/792	792	1470455	train2017/000000194108.jpg
2872.798828125	0.0	image/738	738	1470873	train2017/000000204969.jpg
2873.578125	0.0	image/745	745	1471272	train2017/000000445351.jpg
2874.365234375	0.0	image/821	821	1471675	train2017/000000077686.jpg
2875.18359375	0.0	image/757	757	1472094	train2017/000000442666.jpg
2875.966796875	0.0	image/727	727	1472495	train2017/000000440792.jpg
2876.78515625	0.0	image/736	736	1472914	train2017/000000180609.jpg
2877.595703125	0.0	image/801	801	1473329	train2017/000000459190.jpg
2878.41796875	0.0	image/765	765	1473750	train2017/000000450914.jpg
2879.212890625	0.0	image/828	828	1474157	train2017/000000468394.jpg
2879.99609375	0.0	image/783	783	1474558	train2017/000000454915.jpg
2880.779296875	0.0	image/747	747	1474959	train2017/000000183719.jpg
2882.419921875	0.0	image/737	737	1475799	train2017/000000443377.jpg
2883.203125	0.0	image/787	787	1476200	train2017/000000193318.jpg
2884.00390625	0.0	image/789	789	1476610	train2017/000000455657.jpg
2884.78125	0.0	image/801	801	1477008	train2017/000000459190.jpg
2886.419921875	0.0	image/757	757	1477847	train2017/000000442666.jpg
2887.216796875	0.0	image/791	791	1478255	train2017/000000194054.jpg
2888.021484375	0.0	image/724	724	1478667	train2017/000000178031.jpg
2889.615234375	0.0	image/746	746	1479483	train2017/000000445726.jpg
2890.421875	0.0	image/840	840	1479896	train2017/000000471871.jpg
2891.25	0.0	image/806	806	1480320	train2017/000000198319.jpg
2892.0390625	0.0	image/785	785	1480724	train2017/000000119550.jpg
2893.6015625	0.0	image/800	800	1481524	train2017/000000458616.jpg
2894.3671875	0.0	image/740	740	1481916	train2017/000000161354.jpg
2895.154296875	0.0	image/763	763	1482319	train2017/000000450864.jpg
2895.97265625	0.0	image/746	746	1482738	train2017/000000445726.jpg
2896.751953125	0.0	image/776	776	1483137	train2017/000000468771.jpg
2897.517578125	0.0	image/802	802	1483529	train2017/000000197118.jpg
2898.32421875	0.0	image/774	774	1483942	train2017/000000191005.jpg
2899.134765625	0.0	image/751	751	1484357	train2017/000000185225.jpg
2899.9375	0.0	image/753	753	1484768	train2017/000000006178.jpg
2900.724609375	0.0	image/840	840	1485171	train2017/000000471871.jpg
2901.501953125	0.0	image/723	723	1485569	train2017/000000439241.jpg
2902.318359375	0.0	image/733	733	1485987	train2017/000000179914.jpg
2903.125	0.0	image/729	729	1486400	train2017/000000179019.jpg
2903.955078125	0.0	image/750	750	1486825	train2017/000000447182.jpg
2905.525390625	0.0	image/763	763	1487629	train2017/000000450864.jpg
2906.35546875	0.0	image/752	752	1488054	train2017/000000036151.jpg
2907.16015625	0.0	image/766	766	1488466	train2017/000000451680.jpg
2907.943359375	0.0	image/762	762	1488867	train2017/000000188660.jpg
2908.72265625	0.0	image/758	758	1489266	train2017/000000186828.jpg
2909.48828125	0.0	image/830	830	1489658	train2017/000000468825.jpg
2911.078125	0.0	image/734	734	1490472	train2017/000000442489.jpg
2911.873046875	0.0	image/794	794	1490879	train2017/000000195650.jpg
2912.6953125	0.0	image/804	804	1491300	train2017/000000460236.jpg
2913.47265625	0.0	image/829	829	1491698	train2017/000000206467.jpg
2914.240234375	0.0	image/785	785	1492091	train2017/000000119550.jpg
2915.056640625	0.0	image/820	820	1492509	train2017/000000203937.jpg
2915.86328125	0.0	image/748	748	1492922	train2017/000000184822.jpg
2916.640625	0.0	image/800	800	1493320	train2017/000000458616.jpg
2917.447265625	0.0	image/809	809	1493733	train2017/000000462505.jpg
2918.23046875	0.0	image/819	819	1494134	train2017/000000298139.jpg
2919.013671875	0.0	image/838	838	1494535	train2017/000000208849.jpg
2919.80859375	0.0	image/741	741	1494942	train2017/000000443940.jpg
2920.576171875	0.0	image/767	767	1495335	train2017/000000189794.jpg
2921.380859375	0.0	image/836	836	1495747	train2017/000000470907.jpg
2922.1640625	0.0	image/755	755	1496148	train2017/000000055764.jpg
2922.943359375	0.0	image/836	836	1496547	train2017/000000470907.jpg
2923.748046875	0.0	image/725	725	1496959	train2017/000000440334.jpg
2924.560546875	0.0	image/832	832	1497375	train2017/000000203615.jpg
2925.3828125	0.0	image/827	827	1497796	train2017/000000296474.jpg
2926.193359375	0.0	image/734	734	1498211	train2017/000000442489.jpg
2926.9765625	0.0	image/777	777	1498612	train2017/000000453682.jpg
2927.783203125	0.0	image/782	782	1499025	train2017/000000454830.jpg
2928.583984375	0.0	image/786	786	1499435	train2017/000000193023.jpg
2929.361328125	0.0	image/749	749	1499833	train2017/000000447130.jpg
2930.166015625	0.0	image/725	725	1500245	train2017/000000440334.jpg
2930.978515625	0.0	image/776	776	1500661	train2017/000000468771.jpg
2931.77734375	0.0	image/824	824	1501070	train2017/000000204806.jpg
2932.6015625	0.0	image/770	770	1501492	train2017/000000452341.jpg
2933.43359375	0.0	image/817	817	1501918	train2017/000000202805.jpg
2934.251953125	0.0	image/730	730	1502337	train2017/000000441172.jpg
2935.029296875	0.0	image/839	839	1502735	train2017/000000209229.jpg
2935.830078125	0.0	image/805	805	1503145	train2017/000000460408.jpg
2936.63671875	0.0	image/775	775	1503558	train2017/000000453221.jpg
2937.46484375	0.0	image/799	799	1503982	train2017/000000196368.jpg
2938.27734375	0.0	image/808	808	1504398	train2017/000000461428.jpg
2939.052734375	0.0	image/781	781	1504795	train2017/000000192631.jpg
2939.849609375	0.0	image/807	807	1505203	train2017/000000397815.jpg
2940.654296875	0.0	image/765	765	1505615	train2017/000000450914.jpg
2941.46484375	0.0	image/738	738	1506030	train2017/000000204969.jpg
2942.267578125	0.0	image/837	837	1506441	train2017/000000208805.jpg
2943.0546875	0.0	image/723	723	1506844	train2017/000000439241.jpg
2943.83203125	0.0	image/837	837	1507242	train2017/000000208805.jpg
2944.6328125	0.0	image/812	812	1507652	train2017/000000201758.jpg
2945.4375	0.0	image/732	732	1508064	train2017/000000179480.jpg
2946.22265625	0.0	image/736	736	1508466	train2017/000000180609.jpg
2947.0	0.0	image/835	835	1508864	train2017/000000129143.jpg
2948.638671875	0.0	image/788	788	1509703	train2017/000000193373.jpg
2950.240234375	0.0	image/811	811	1510523	train2017/000000201722.jpg
2951.06640625	0.0	image/756	756	1510946	train2017/000000448401.jpg
2952.6171875	0.0	image/795	795	1511740	train2017/000000195768.jpg
2953.423828125	0.0	image/758	758	1512153	train2017/000000186828.jpg
2954.203125	0.0	image/778	778	1512552	train2017/000000191686.jpg
2955.7578125	0.0	image/728	728	1513348	train2017/000000395740.jpg
2956.541015625	0.0	image/754	754	1513749	train2017/000000185888.jpg
2957.341796875	0.0	image/749	749	1514159	train2017/000000447130.jpg
2958.142578125	0.0	image/787	787	1514569	train2017/000000193318.jpg
2958.953125	0.0	image/803	803	1514984	train2017/000000197401.jpg
2959.736328125	0.0	image/781	781	1515385	train2017/000000192631.jpg
2960.54296875	0.0	image/780	780	1515798	train2017/000000192576.jpg
2961.353515625	0.0	image/744	744	1516213	train2017/000000182799.jpg
2962.154296875	0.0	image/728	728	1516623	train2017/000000395740.jpg
2962.9609375	0.0	image/777	777	1517036	train2017/000000453682.jpg
2963.73828125	0.0	image/791	791	1517434	train2017/000000194054.jpg
2964.556640625	0.0	image/752	752	1517853	train2017/000000036151.jpg
2965.328125	0.0	image/813	813	1518248	train2017/000000557920.jpg
2966.126953125	0.0	image/821	821	1518657	train2017/000000077686.jpg
2966.939453125	0.0	image/742	742	1519073	train2017/000000181837.jpg
2967.728515625	0.0	image/816	816	1519477	train2017/000000464616.jpg
2968.51171875	0.0	image/739	739	1519878	train2017/000000443575.jpg
2969.328125	0.0	image/737	737	1520296	train2017/000000443377.jpg
2970.162109375	0.0	image/772	772	1520723	train2017/000000190487.jpg
2970.94140625	0.0	image/802	802	1521122	train2017/000000197118.jpg
2971.74609375	0.0	image/741	741	1521534	train2017/000000443940.jpg
2972.57421875	0.0	image/760	760	1521958	train2017/000000276853.jpg
2974.146484375	0.0	image/761	761	1522763	train2017/000000188225.jpg
2974.95703125	0.0	image/767	767	1523178	train2017/000000189794.jpg
2975.724609375	0.0	image/838	838	1523571	train2017/000000208849.jpg
2976.546875	0.0	image/786	786	1523992	train2017/000000193023.jpg
2977.330078125	0.0	image/797	797	1524393	train2017/000000458178.jpg
2978.1484375	0.0	image/768	768	1524812	train2017/000000189888.jpg
2978.94921875	0.0	image/748	748	1525222	train2017/000000184822.jpg
2979.748046875	0.0	image/829	829	1525631	train2017/000000206467.jpg
2980.525390625	0.0	image/722	722	1526029	train2017/000000073172.jpg
2981.31640625	0.0	image/796	796	1526434	train2017/000000338501.jpg
2982.1328125	0.0	image/721	721	1526852	train2017/000000176873.jpg
2982.916015625	0.0	image/812	812	1527253	train2017/000000201758.jpg
2983.75	0.0	image/817	817	1527680	train2017/000000202805.jpg
2984.525390625	0.0	image/830	830	1528077	train2017/000000468825.jpg
2985.294921875	0.0	image/771	771	1528471	train2017/000000190271.jpg
2986.0625	0.0	image/733	733	1528864	train2017/000000179914.jpg
2986.83203125	0.0	image/784	784	1529258	train2017/000000455020.jpg
2987.66796875	0.0	image/818	818	1529686	train2017/000000465412.jpg
2988.462890625	0.0	image/823	823	1530093	train2017/000000204422.jpg
2989.228515625	0.0	image/839	839	1530485	train2017/000000209229.jpg
2990.03515625	0.0	image/798	798	1530898	train2017/000000196365.jpg
2990.84765625	0.0	image/773	773	1531314	train2017/000000303133.jpg
2991.6328125	0.0	image/780	780	1531716	train2017/000000192576.jpg
2992.435546875	0.0	image/770	770	1532127	train2017/000000452341.jpg
2993.212890625	0.0	image/834	834	1532525	train2017/000000469816.jpg
2993.99609375	0.0	image/815	815	1532926	train2017/000000202050.jpg
2994.802734375	0.0	image/764	764	1533339	train2017/000000450903.jpg
2995.5859375	0.0	image/831	831	1533740	train2017/000000469445.jpg
2996.3984375	0.0	image/727	727	1534156	train2017/000000440792.jpg
2997.197265625	0.0	image/820	820	1534565	train2017/000000203937.jpg
2997.970703125	0.0	image/759	759	1534961	train2017/000000449914.jpg
2998.751953125	0.0	image/740	740	1535361	train2017/000000161354.jpg
2999.515625	0.0	image/832	832	1535752	train2017/000000203615.jpg
3001.166015625	0.0	image/808	808	1536597	train2017/000000461428.jpg
3001.97265625	0.0	image/806	806	1537010	train2017/000000198319.jpg
3002.783203125	0.0	image/798	798	1537425	train2017/000000196365.jpg
3003.56640625	0.0	image/754	754	1537826	train2017/000000185888.jpg
3004.373046875	0.0	image/768	768	1538239	train2017/000000189888.jpg
3005.201171875	0.0	image/743	743	1538663	train2017/000000189388.jpg
3005.990234375	0.0	image/769	769	1539067	train2017/000000189893.jpg
3006.7890625	0.0	image/815	815	1539476	train2017/000000202050.jpg
3007.568359375	0.0	image/797	797	1539875	train2017/000000458178.jpg
3008.3671875	0.0	image/730	730	1540284	train2017/000000441172.jpg
3009.19140625	0.0	image/825	825	1540706	train2017/000000467646.jpg
3009.96875	0.0	image/804	804	1541104	train2017/000000460236.jpg
3010.734375	0.0	image/779	779	1541496	train2017/000000191740.jpg
3011.55859375	0.0	image/731	731	1541918	train2017/000000179034.jpg
3012.341796875	0.0	image/826	826	1542319	train2017/000000205875.jpg
3013.119140625	0.0	image/735	735	1542717	train2017/000000180410.jpg
3013.919921875	0.0	image/803	803	1543127	train2017/000000197401.jpg
3014.7265625	0.0	image/731	731	1543540	train2017/000000179034.jpg
3016.341796875	0.0	image/745	745	1544367	train2017/000000445351.jpg
3017.171875	0.0	image/795	795	1544792	train2017/000000195768.jpg
3018.77734375	0.0	image/794	794	1545614	train2017/000000195650.jpg
3020.376953125	0.0	image/819	819	1546433	train2017/000000298139.jpg
3021.16015625	0.0	image/729	729	1546834	train2017/000000179019.jpg
3021.9921875	0.0	image/814	814	1547260	train2017/000000201969.jpg
3022.822265625	0.0	image/724	724	1547685	train2017/000000178031.jpg
3024.412109375	0.0	image/816	816	1548499	train2017/000000464616.jpg
3025.22265625	0.0	image/823	823	1548914	train2017/000000204422.jpg
3026.0078125	0.0	image/790	790	1549316	train2017/000000455799.jpg
3026.8125	0.0	image/828	828	1549728	train2017/000000468394.jpg
3027.623046875	0.0	image/822	822	1550143	train2017/000000466265.jpg
3029.197265625	0.0	image/750	750	1550949	train2017/000000447182.jpg
3030.013671875	0.0	image/743	743	1551367	train2017/000000189388.jpg
3030.84765625	0.0	image/759	759	1551794	train2017/000000449914.jpg
3032.431640625	0.0	image/773	773	1552605	train2017/000000303133.jpg
3040.203125	0.0	image/878	878	1556584	train2017/000000167908.jpg
3041.029296875	0.0	image/956	956	1557007	train2017/000000242133.jpg
3041.8359375	0.0	image/942	942	1557420	train2017/000000238001.jpg
3042.630859375	0.0	image/943	943	1557827	train2017/000000238201.jpg
3043.431640625	0.0	image/911	911	1558237	train2017/000000229456.jpg
3044.25390625	0.0	image/845	845	1558658	train2017/000000211198.jpg
3045.833984375	0.0	image/893	893	1559467	train2017/000000225383.jpg
3046.654296875	0.0	image/905	905	1559887	train2017/000000227843.jpg
3047.44921875	0.0	image/932	932	1560294	train2017/000000233580.jpg
3048.21484375	0.0	image/843	843	1560686	train2017/000000210065.jpg
3049.021484375	0.0	image/951	951	1561099	train2017/000000214821.jpg
3049.8046875	0.0	image/929	929	1561500	train2017/000000495387.jpg
3050.630859375	0.0	image/879	879	1561923	train2017/000000221441.jpg
3051.404296875	0.0	image/870	870	1562319	train2017/000000480601.jpg
3052.185546875	0.0	image/847	847	1562719	train2017/000000207833.jpg
3053.001953125	0.0	image/920	920	1563137	train2017/000000300622.jpg
3053.806640625	0.0	image/875	875	1563549	train2017/000000482858.jpg
3054.607421875	0.0	image/859	859	1563959	train2017/000000476380.jpg
3055.435546875	0.0	image/953	953	1564383	train2017/000000241026.jpg
3056.240234375	0.0	image/854	854	1564795	train2017/000000475236.jpg
3057.857421875	0.0	image/913	913	1565623	train2017/000000356810.jpg
3058.685546875	0.0	image/898	898	1566047	train2017/000000488406.jpg
3059.4921875	0.0	image/935	935	1566460	train2017/000000082945.jpg
3060.3203125	0.0	image/923	923	1566884	train2017/000000231851.jpg
3061.125	0.0	image/845	845	1567296	train2017/000000211198.jpg
3061.908203125	0.0	image/958	958	1567697	train2017/000000433657.jpg
3062.693359375	0.0	image/957	957	1568099	train2017/000000242631.jpg
3063.470703125	0.0	image/922	922	1568497	train2017/000000235479.jpg
3064.255859375	0.0	image/902	902	1568899	train2017/000000227307.jpg
3065.861328125	0.0	image/959	959	1569721	train2017/000000505486.jpg
3066.677734375	0.0	image/858	858	1570139	train2017/000000214059.jpg
3067.48828125	0.0	image/945	945	1570554	train2017/000000501739.jpg
3068.271484375	0.0	image/865	865	1570955	train2017/000000035972.jpg
3069.078125	0.0	image/869	869	1571368	train2017/000000294744.jpg
3069.861328125	0.0	image/891	891	1571769	train2017/000000224869.jpg
3071.51171875	0.0	image/848	848	1572614	train2017/000000474353.jpg
3072.2890625	0.0	image/891	891	1573012	train2017/000000224869.jpg
3073.056640625	0.0	image/882	882	1573405	train2017/000000485113.jpg
3073.85546875	0.0	image/871	871	1573814	train2017/000000480990.jpg
3074.662109375	0.0	image/949	949	1574227	train2017/000000240278.jpg
3075.4765625	0.0	image/919	919	1574644	train2017/000000492627.jpg
3076.291015625	0.0	image/912	912	1575061	train2017/000000491611.jpg
3077.07421875	0.0	image/908	908	1575462	train2017/000000228316.jpg
3077.876953125	0.0	image/879	879	1575873	train2017/000000221441.jpg
3078.69140625	0.0	image/869	869	1576290	train2017/000000294744.jpg
3080.2421875	0.0	image/960	960	1577084	train2017/000000505592.jpg
3081.064453125	0.0	image/867	867	1577505	train2017/000000479035.jpg
3081.876953125	0.0	image/955	955	1577921	train2017/000000112805.jpg
3082.64453125	0.0	image/921	921	1578314	train2017/000000231102.jpg
3083.46484375	0.0	image/944	944	1578734	train2017/000000239337.jpg
3084.259765625	0.0	image/925	925	1579141	train2017/000000494552.jpg
3085.044921875	0.0	image/895	895	1579543	train2017/000000487825.jpg
3085.859375	0.0	image/903	903	1579960	train2017/000000227451.jpg
3086.662109375	0.0	image/898	898	1580371	train2017/000000488406.jpg
3087.443359375	0.0	image/842	842	1580771	train2017/000000209919.jpg
3088.25	0.0	image/952	952	1581184	train2017/000000502860.jpg
3089.02734375	0.0	image/889	889	1581582	train2017/000000224396.jpg
3089.8125	0.0	image/916	916	1581984	train2017/000000038370.jpg
3090.6171875	0.0	image/886	886	1582396	train2017/000000386856.jpg
3091.400390625	0.0	image/883	883	1582797	train2017/000000223447.jpg
3092.1796875	0.0	image/890	890	1583196	train2017/000000224759.jpg
3092.984375	0.0	image/901	901	1583608	train2017/000000007567.jpg
3093.767578125	0.0	image/900	900	1584009	train2017/000000488658.jpg
3094.5625	0.0	image/954	954	1584416	train2017/000000040187.jpg
3095.365234375	0.0	image/949	949	1584827	train2017/000000240278.jpg
3096.953125	0.0	image/936	936	1585640	train2017/000000497797.jpg
3097.787109375	0.0	image/911	911	1586067	train2017/000000229456.jpg
3098.59765625	0.0	image/932	932	1586482	train2017/000000233580.jpg
3099.36328125	0.0	image/950	950	1586874	train2017/000000502470.jpg
3100.130859375	0.0	image/862	862	1587267	train2017/000000215023.jpg
3100.8984375	0.0	image/841	841	1587660	train2017/000000034961.jpg
3101.6875	0.0	image/954	954	1588064	train2017/000000040187.jpg
3102.466796875	0.0	image/923	923	1588463	train2017/000000231851.jpg
3104.015625	0.0	image/928	928	1589256	train2017/000000233104.jpg
3104.822265625	0.0	image/906	906	1589669	train2017/000000227928.jpg
3106.400390625	0.0	image/916	916	1590477	train2017/000000038370.jpg
3107.171875	0.0	image/870	870	1590872	train2017/000000480601.jpg
3108.0	0.0	image/906	906	1591296	train2017/000000227928.jpg
3108.7890625	0.0	image/864	864	1591700	train2017/000000385417.jpg
3109.5859375	0.0	image/893	893	1592108	train2017/000000225383.jpg
3110.390625	0.0	image/948	948	1592520	train2017/000000502058.jpg
3111.201171875	0.0	image/899	899	1592935	train2017/000000168803.jpg
3112.0078125	0.0	image/947	947	1593348	train2017/000000501926.jpg
3112.82421875	0.0	image/917	917	1593766	train2017/000000354185.jpg
3113.658203125	0.0	image/914	914	1594193	train2017/000000492037.jpg
3114.44140625	0.0	image/907	907	1594594	train2017/000000228133.jpg
3115.25390625	0.0	image/844	844	1595010	train2017/000000341033.jpg
3116.05859375	0.0	image/927	927	1595422	train2017/000000495040.jpg
3117.69140625	0.0	image/942	942	1596258	train2017/000000238001.jpg
3118.50390625	0.0	image/880	880	1596674	train2017/000000484300.jpg
3119.302734375	0.0	image/915	915	1597083	train2017/000000229947.jpg
3120.109375	0.0	image/917	917	1597496	train2017/000000354185.jpg
3120.904296875	0.0	image/948	948	1597903	train2017/000000502058.jpg
3121.705078125	0.0	image/939	939	1598313	train2017/000000499627.jpg
3122.4765625	0.0	image/902	902	1598708	train2017/000000227307.jpg
3123.287109375	0.0	image/928	928	1599123	train2017/000000233104.jpg
3124.0546875	0.0	image/883	883	1599516	train2017/000000223447.jpg
3124.82421875	0.0	image/851	851	1599910	train2017/000000474545.jpg
3125.59375	0.0	image/920	920	1600304	train2017/000000300622.jpg
3126.37890625	0.0	image/952	952	1600706	train2017/000000502860.jpg
3127.189453125	0.0	image/958	958	1601121	train2017/000000433657.jpg
3128.01171875	0.0	image/905	905	1601542	train2017/000000227843.jpg
3128.830078125	0.0	image/957	957	1601961	train2017/000000242631.jpg
3129.625	0.0	image/910	910	1602368	train2017/000000228565.jpg
3130.412109375	0.0	image/926	926	1602771	train2017/000000232648.jpg
3131.22265625	0.0	image/937	937	1603186	train2017/000000498615.jpg
3132.029296875	0.0	image/868	868	1603599	train2017/000000444880.jpg
3132.8125	0.0	image/853	853	1604000	train2017/000000474827.jpg
3133.591796875	0.0	image/922	922	1604399	train2017/000000235479.jpg
3134.359375	0.0	image/941	941	1604792	train2017/000000237697.jpg
3135.142578125	0.0	image/912	912	1605193	train2017/000000491611.jpg
3135.96484375	0.0	image/890	890	1605614	train2017/000000224759.jpg
3136.7421875	0.0	image/889	889	1606012	train2017/000000224396.jpg
3137.509765625	0.0	image/867	867	1606405	train2017/000000479035.jpg
3138.314453125	0.0	image/934	934	1606817	train2017/000000497464.jpg
3139.125	0.0	image/944	944	1607232	train2017/000000239337.jpg
3139.892578125	0.0	image/874	874	1607625	train2017/000000561006.jpg
3140.716796875	0.0	image/926	926	1608047	train2017/000000232648.jpg
3141.509765625	0.0	image/855	855	1608453	train2017/000000122923.jpg
3142.326171875	0.0	image/947	947	1608871	train2017/000000501926.jpg
3143.09375	0.0	image/856	856	1609264	train2017/000000213288.jpg
3143.8671875	0.0	image/910	910	1609660	train2017/000000228565.jpg
3144.677734375	0.0	image/884	884	1610075	train2017/000000485605.jpg
3146.232421875	0.0	image/848	848	1610871	train2017/000000474353.jpg
3147.017578125	0.0	image/876	876	1611273	train2017/000000482912.jpg
3147.8515625	0.0	image/878	878	1611700	train2017/000000167908.jpg
3148.685546875	0.0	image/857	857	1612127	train2017/000000213988.jpg
3149.484375	0.0	image/841	841	1612536	train2017/000000034961.jpg
3150.318359375	0.0	image/861	861	1612963	train2017/000000560054.jpg
3151.146484375	0.0	image/943	943	1613387	train2017/000000238201.jpg
3151.916015625	0.0	image/901	901	1613781	train2017/000000007567.jpg
3153.513671875	0.0	image/946	946	1614599	train2017/000000501867.jpg
3155.138671875	0.0	image/956	956	1615431	train2017/000000242133.jpg
3155.96484375	0.0	image/929	929	1615854	train2017/000000495387.jpg
3157.583984375	0.0	image/849	849	1616683	train2017/000000212229.jpg
3158.404296875	0.0	image/872	872	1617103	train2017/000000429887.jpg
3159.19921875	0.0	image/940	940	1617510	train2017/000000499730.jpg
3160.00390625	0.0	image/863	863	1617922	train2017/000000215291.jpg
3160.7890625	0.0	image/851	851	1618324	train2017/000000474545.jpg
3161.6015625	0.0	image/875	875	1618740	train2017/000000482858.jpg
3162.421875	0.0	image/868	868	1619160	train2017/000000444880.jpg
3163.251953125	0.0	image/881	881	1619585	train2017/000000222921.jpg
3164.033203125	0.0	image/862	862	1619985	train2017/000000215023.jpg
3164.806640625	0.0	image/913	913	1620381	train2017/000000356810.jpg
3166.41796875	0.0	image/866	866	1621206	train2017/000000216029.jpg
3167.20703125	0.0	image/865	865	1621610	train2017/000000035972.jpg
3168.03515625	0.0	image/897	897	1622034	train2017/000000430850.jpg
3168.841796875	0.0	image/896	896	1622447	train2017/000000225750.jpg
3169.634765625	0.0	image/855	855	1622853	train2017/000000122923.jpg
3170.419921875	0.0	image/924	924	1623255	train2017/000000232277.jpg
3171.234375	0.0	image/930	930	1623672	train2017/000000344729.jpg
3172.041015625	0.0	image/919	919	1624085	train2017/000000492627.jpg
3172.8359375	0.0	image/866	866	1624492	train2017/000000216029.jpg
3173.60546875	0.0	image/854	854	1624886	train2017/000000475236.jpg
3174.376953125	0.0	image/937	937	1625281	train2017/000000498615.jpg
3175.1875	0.0	image/844	844	1625696	train2017/000000341033.jpg
3175.986328125	0.0	image/892	892	1626105	train2017/000000225113.jpg
3176.79296875	0.0	image/847	847	1626518	train2017/000000207833.jpg
3177.62109375	0.0	image/877	877	1626942	train2017/000000342639.jpg
3179.25390625	0.0	image/894	894	1627778	train2017/000000225533.jpg
3180.021484375	0.0	image/936	936	1628171	train2017/000000497797.jpg
3180.794921875	0.0	image/861	861	1628567	train2017/000000560054.jpg
3181.62890625	0.0	image/925	925	1628994	train2017/000000494552.jpg
3183.2734375	0.0	image/850	850	1629836	train2017/000000212380.jpg
3184.078125	0.0	image/940	940	1630248	train2017/000000499730.jpg
3184.912109375	0.0	image/874	874	1630675	train2017/000000561006.jpg
3185.70703125	0.0	image/899	899	1631082	train2017/000000168803.jpg
3186.478515625	0.0	image/852	852	1631477	train2017/000000212440.jpg
3187.291015625	0.0	image/873	873	1631893	train2017/000000429902.jpg
3188.091796875	0.0	image/935	935	1632303	train2017/000000082945.jpg
3188.896484375	0.0	image/857	857	1632715	train2017/000000213988.jpg
3189.708984375	0.0	image/909	909	1633131	train2017/000000228380.jpg
3190.513671875	0.0	image/955	955	1633543	train2017/000000112805.jpg
3191.296875	0.0	image/852	852	1633944	train2017/000000212440.jpg
3192.109375	0.0	image/880	880	1634360	train2017/000000484300.jpg
3192.89453125	0.0	image/887	887	1634762	train2017/000000561677.jpg
3193.708984375	0.0	image/931	931	1635179	train2017/000000495568.jpg
3194.4765625	0.0	image/904	904	1635572	train2017/000000227733.jpg
3195.259765625	0.0	image/860	860	1635973	train2017/000000476481.jpg
3196.08203125	0.0	image/950	950	1636394	train2017/000000502470.jpg
3196.892578125	0.0	image/960	960	1636809	train2017/000000505592.jpg
3197.716796875	0.0	image/959	959	1637231	train2017/000000505486.jpg
3198.5	0.0	image/843	843	1637632	train2017/000000210065.jpg
3199.283203125	0.0	image/896	896	1638033	train2017/000000225750.jpg
3200.1171875	0.0	image/860	860	1638460	train2017/000000476481.jpg
3201.734375	0.0	image/933	933	1639288	train2017/000000233873.jpg
3202.517578125	0.0	image/888	888	1639689	train2017/000000486503.jpg
3203.345703125	0.0	image/887	887	1640113	train2017/000000561677.jpg
3204.134765625	0.0	image/897	897	1640517	train2017/000000430850.jpg
3204.9453125	0.0	image/939	939	1640932	train2017/000000499627.jpg
3205.712890625	0.0	image/892	892	1641325	train2017/000000225113.jpg
3206.513671875	0.0	image/918	918	1641735	train2017/000000230422.jpg
3207.318359375	0.0	image/927	927	1642147	train2017/000000495040.jpg
3208.11328125	0.0	image/931	931	1642554	train2017/000000495568.jpg
3208.935546875	0.0	image/946	946	1642975	train2017/000000501867.jpg
3210.513671875	0.0	image/864	864	1643783	train2017/000000385417.jpg
3212.154296875	0.0	image/907	907	1644623	train2017/000000228133.jpg
3212.953125	0.0	image/863	863	1645032	train2017/000000215291.jpg
3213.771484375	0.0	image/873	873	1645451	train2017/000000429902.jpg
3214.564453125	0.0	image/938	938	1645857	train2017/000000237093.jpg
3215.35546875	0.0	image/842	842	1646262	train2017/000000209919.jpg
3216.939453125	0.0	image/909	909	1647073	train2017/000000228380.jpg
3218.505859375	0.0	image/915	915	1647875	train2017/000000229947.jpg
3219.318359375	0.0	image/853	853	1648291	train2017/000000474827.jpg
3220.890625	0.0	image/885	885	1649096	train2017/000000223718.jpg
3221.701171875	0.0	image/903	903	1649511	train2017/000000227451.jpg
3222.474609375	0.0	image/871	871	1649907	train2017/000000480990.jpg
3223.2734375	0.0	image/877	877	1650316	train2017/000000342639.jpg
3224.056640625	0.0	image/885	885	1650717	train2017/000000223718.jpg
3224.884765625	0.0	image/888	888	1651141	train2017/000000486503.jpg
3225.654296875	0.0	image/904	904	1651535	train2017/000000227733.jpg
3226.42578125	0.0	image/951	951	1651930	train2017/000000214821.jpg
3227.208984375	0.0	image/900	900	1652331	train2017/000000488658.jpg
3228.001953125	0.0	image/908	908	1652737	train2017/000000228316.jpg
3228.8046875	0.0	image/849	849	1653148	train2017/000000212229.jpg
3229.619140625	0.0	image/918	918	1653565	train2017/000000230422.jpg
3230.38671875	0.0	image/881	881	1653958	train2017/000000222921.jpg
3231.1875	0.0	image/938	938	1654368	train2017/000000237093.jpg
3231.994140625	0.0	image/934	934	1654781	train2017/000000497464.jpg
3232.8046875	0.0	image/858	858	1655196	train2017/000000214059.jpg
3234.4375	0.0	image/953	953	1656032	train2017/000000241026.jpg
3235.259765625	0.0	image/941	941	1656453	train2017/000000237697.jpg
3236.072265625	0.0	image/895	895	1656869	train2017/000000487825.jpg
3236.85546875	0.0	image/872	872	1657270	train2017/000000429887.jpg
3237.662109375	0.0	image/933	933	1657683	train2017/000000233873.jpg
3238.455078125	0.0	image/886	886	1658089	train2017/000000386856.jpg
3239.240234375	0.0	image/876	876	1658491	train2017/000000482912.jpg
3240.044921875	0.0	image/859	859	1658903	train2017/000000476380.jpg
3240.830078125	0.0	image/930	930	1659305	train2017/000000344729.jpg
3241.640625	0.0	image/894	894	1659720	train2017/000000225533.jpg
3242.4453125	0.0	image/856	856	1660132	train2017/000000213288.jpg
3243.2265625	0.0	image/914	914	1660532	train2017/000000492037.jpg
3244.0234375	0.0	image/884	884	1660940	train2017/000000485605.jpg
3244.830078125	0.0	image/846	846	1661353	train2017/000000474024.jpg
3246.408203125	0.0	image/921	921	1662161	train2017/000000231102.jpg
3247.21484375	0.0	image/945	945	1662574	train2017/000000501739.jpg
3248.025390625	0.0	image/846	846	1662989	train2017/000000474024.jpg
3248.810546875	0.0	image/882	882	1663391	train2017/000000485113.jpg
3249.59765625	0.0	image/850	850	1663794	train2017/000000212380.jpg
