onset	duration	trial_type	value	sample	stim_file
2.240234375	0.0	image/99	99	1147	train2017/000000271183.jpg
3.048828125	0.0	image/11	11	1561	train2017/000000263599.jpg
3.83984375	0.0	image/103	103	1966	train2017/000000280484.jpg
4.640625	0.0	image/99	99	2376	train2017/000000271183.jpg
5.423828125	0.0	image/13	13	2777	train2017/000000525932.jpg
7.001953125	0.0	image/44	44	3585	train2017/000000007048.jpg
7.791015625	0.0	image/15	15	3989	train2017/000000264396.jpg
9.369140625	0.0	image/40	40	4797	train2017/000000268114.jpg
10.974609375	0.0	image/102	102	5619	train2017/000000018078.jpg
11.751953125	0.0	image/35	35	6017	train2017/000000267647.jpg
12.576171875	0.0	image/86	86	6439	train2017/000000539879.jpg
13.369140625	0.0	image/114	114	6845	train2017/000000571485.jpg
14.154296875	0.0	image/12	12	7247	train2017/000000525790.jpg
14.9375	0.0	image/92	92	7648	train2017/000000278714.jpg
15.708984375	0.0	image/20	20	8043	train2017/000000526980.jpg
16.494140625	0.0	image/98	98	8445	train2017/000000541472.jpg
17.27734375	0.0	image/65	65	8846	train2017/000000273147.jpg
18.056640625	0.0	image/106	106	9245	train2017/000000280808.jpg
18.84375	0.0	image/20	20	9648	train2017/000000526980.jpg
19.671875	0.0	image/78	78	10072	train2017/000000013969.jpg
20.45703125	0.0	image/53	53	10474	train2017/000000270278.jpg
21.27734375	0.0	image/16	16	10894	train2017/000000002270.jpg
22.08984375	0.0	image/53	53	11310	train2017/000000270278.jpg
22.861328125	0.0	image/60	60	11705	train2017/000000010710.jpg
23.677734375	0.0	image/87	87	12123	train2017/000000300383.jpg
24.474609375	0.0	image/21	21	12531	train2017/000000274108.jpg
25.296875	0.0	image/34	34	12952	train2017/000000005277.jpg
26.87890625	0.0	image/84	84	13762	train2017/000000570543.jpg
27.712890625	0.0	image/113	113	14189	train2017/000000545160.jpg
28.5078125	0.0	image/43	43	14596	train2017/000000006765.jpg
29.27734375	0.0	image/69	69	14990	train2017/000000011856.jpg
30.064453125	0.0	image/97	97	15393	train2017/000000279197.jpg
31.6640625	0.0	image/82	82	16212	train2017/000000539395.jpg
32.4765625	0.0	image/6	6	16628	train2017/000000000584.jpg
33.275390625	0.0	image/84	84	17037	train2017/000000570543.jpg
34.076171875	0.0	image/71	71	17447	train2017/000000536884.jpg
34.865234375	0.0	image/114	114	17851	train2017/000000571485.jpg
35.681640625	0.0	image/33	33	18269	train2017/000000267338.jpg
36.478515625	0.0	image/85	85	18677	train2017/000000539705.jpg
38.05078125	0.0	image/23	23	19482	train2017/000000265150.jpg
38.845703125	0.0	image/82	82	19889	train2017/000000539395.jpg
39.66796875	0.0	image/88	88	20310	train2017/000000540538.jpg
40.478515625	0.0	image/54	54	20725	train2017/000000532753.jpg
41.26171875	0.0	image/95	95	21126	train2017/000000016898.jpg
42.03515625	0.0	image/35	35	21522	train2017/000000267647.jpg
42.845703125	0.0	image/109	109	21937	train2017/000000544060.jpg
43.66796875	0.0	image/10	10	22358	train2017/000000001308.jpg
45.24609375	0.0	image/83	83	23166	train2017/000000277524.jpg
46.015625	0.0	image/74	74	23560	train2017/000000275663.jpg
46.83984375	0.0	image/23	23	23982	train2017/000000265150.jpg
47.65234375	0.0	image/98	98	24398	train2017/000000541472.jpg
48.470703125	0.0	image/119	119	24817	train2017/000000545950.jpg
49.296875	0.0	image/31	31	25240	train2017/000000266622.jpg
50.119140625	0.0	image/8	8	25661	train2017/000000000625.jpg
50.900390625	0.0	image/11	11	26061	train2017/000000263599.jpg
52.50390625	0.0	image/48	48	26882	train2017/000000011299.jpg
53.287109375	0.0	image/17	17	27283	train2017/000000002372.jpg
54.0625	0.0	image/29	29	27680	train2017/000000393907.jpg
54.83203125	0.0	image/14	14	28074	train2017/000000264244.jpg
56.455078125	0.0	image/81	81	28905	train2017/000000539340.jpg
57.234375	0.0	image/117	117	29304	train2017/000000396793.jpg
58.013671875	0.0	image/19	19	29703	train2017/000000526968.jpg
58.76953125	0.0	image/94	94	30090	train2017/000000278962.jpg
59.583984375	0.0	image/47	47	30507	train2017/000000531828.jpg
60.400390625	0.0	image/19	19	30925	train2017/000000526968.jpg
61.20703125	0.0	image/18	18	31338	train2017/000000264735.jpg
62.015625	0.0	image/59	59	31752	train2017/000000010046.jpg
62.82421875	0.0	image/5	5	32166	train2017/000000262690.jpg
63.65234375	0.0	image/51	51	32590	train2017/000000008027.jpg
64.474609375	0.0	image/113	113	33011	train2017/000000545160.jpg
65.302734375	0.0	image/106	106	33435	train2017/000000280808.jpg
66.892578125	0.0	image/4	4	34249	train2017/000000524646.jpg
67.71875	0.0	image/105	105	34672	train2017/000000280764.jpg
68.525390625	0.0	image/63	63	35085	train2017/000000273120.jpg
69.302734375	0.0	image/103	103	35483	train2017/000000280484.jpg
70.10546875	0.0	image/85	85	35894	train2017/000000539705.jpg
70.923828125	0.0	image/46	46	36313	train2017/000000531515.jpg
72.501953125	0.0	image/118	118	37121	train2017/000000283678.jpg
73.302734375	0.0	image/109	109	37531	train2017/000000544060.jpg
74.078125	0.0	image/79	79	37928	train2017/000000276664.jpg
74.90625	0.0	image/2	2	38352	train2017/000000262239.jpg
75.7109375	0.0	image/70	70	38764	train2017/000000536786.jpg
76.5390625	0.0	image/107	107	39188	train2017/000000543254.jpg
77.3125	0.0	image/26	26	39584	train2017/000000003521.jpg
78.111328125	0.0	image/118	118	39993	train2017/000000283678.jpg
78.87890625	0.0	image/73	73	40386	train2017/000000537393.jpg
79.673828125	0.0	image/37	37	40793	train2017/000000005684.jpg
80.45703125	0.0	image/55	55	41194	train2017/000000533231.jpg
81.279296875	0.0	image/120	120	41615	train2017/000000021718.jpg
82.08984375	0.0	image/89	89	42030	train2017/000000016314.jpg
83.662109375	0.0	image/32	32	42835	train2017/000000005028.jpg
84.44140625	0.0	image/97	97	43234	train2017/000000279197.jpg
85.26171875	0.0	image/96	96	43654	train2017/000000541258.jpg
86.044921875	0.0	image/10	10	44055	train2017/000000001308.jpg
86.859375	0.0	image/30	30	44472	train2017/000000004442.jpg
87.6640625	0.0	image/116	116	44884	train2017/000000283426.jpg
88.482421875	0.0	image/28	28	45303	train2017/000000558788.jpg
89.314453125	0.0	image/4	4	45729	train2017/000000524646.jpg
90.1328125	0.0	image/108	108	46148	train2017/000000281330.jpg
90.927734375	0.0	image/120	120	46555	train2017/000000021718.jpg
91.732421875	0.0	image/50	50	46967	train2017/000000007932.jpg
92.51171875	0.0	image/54	54	47366	train2017/000000532753.jpg
93.310546875	0.0	image/64	64	47775	train2017/000000273138.jpg
94.080078125	0.0	image/42	42	48169	train2017/000000268659.jpg
94.84375	0.0	image/2	2	48560	train2017/000000262239.jpg
95.64453125	0.0	image/52	52	48970	train2017/000000008053.jpg
96.412109375	0.0	image/21	21	49363	train2017/000000274108.jpg
97.216796875	0.0	image/61	61	49775	train2017/000000272901.jpg
98.001953125	0.0	image/1	1	50177	train2017/000000262145.jpg
99.55078125	0.0	image/46	46	50970	train2017/000000531515.jpg
101.15234375	0.0	image/32	32	51790	train2017/000000005028.jpg
101.9296875	0.0	image/72	72	52188	train2017/000000274978.jpg
102.697265625	0.0	image/36	36	52581	train2017/000000267699.jpg
103.498046875	0.0	image/44	44	52991	train2017/000000007048.jpg
104.314453125	0.0	image/25	25	53409	train2017/000000527618.jpg
105.09765625	0.0	image/57	57	53810	train2017/000000001625.jpg
105.88671875	0.0	image/91	91	54214	train2017/000000540735.jpg
106.703125	0.0	image/41	41	54632	train2017/000000268418.jpg
107.498046875	0.0	image/62	62	55039	train2017/000000010903.jpg
108.3046875	0.0	image/12	12	55452	train2017/000000525790.jpg
109.1328125	0.0	image/27	27	55876	train2017/000000265745.jpg
109.896484375	0.0	image/39	39	56267	train2017/000000268008.jpg
110.66796875	0.0	image/43	43	56662	train2017/000000006765.jpg
112.25	0.0	image/36	36	57472	train2017/000000267699.jpg
113.064453125	0.0	image/110	110	57889	train2017/000000019863.jpg
113.888671875	0.0	image/41	41	58311	train2017/000000268418.jpg
114.669921875	0.0	image/3	3	58711	train2017/000000262414.jpg
115.451171875	0.0	image/56	56	59111	train2017/000000008998.jpg
116.255859375	0.0	image/92	92	59523	train2017/000000278714.jpg
117.83984375	0.0	image/68	68	60334	train2017/000000535871.jpg
118.658203125	0.0	image/66	66	60753	train2017/000000273250.jpg
119.435546875	0.0	image/117	117	61151	train2017/000000396793.jpg
120.203125	0.0	image/59	59	61544	train2017/000000010046.jpg
121.0078125	0.0	image/105	105	61956	train2017/000000280764.jpg
121.791015625	0.0	image/37	37	62357	train2017/000000005684.jpg
122.609375	0.0	image/38	38	62776	train2017/000000312536.jpg
123.408203125	0.0	image/45	45	63185	train2017/000000531392.jpg
124.236328125	0.0	image/115	115	63609	train2017/000000021095.jpg
125.0390625	0.0	image/16	16	64020	train2017/000000002270.jpg
125.826171875	0.0	image/76	76	64423	train2017/000000275902.jpg
126.65625	0.0	image/75	75	64848	train2017/000000399878.jpg
127.42578125	0.0	image/73	73	65242	train2017/000000537393.jpg
128.2109375	0.0	image/101	101	65644	train2017/000000017967.jpg
129.02734375	0.0	image/63	63	66062	train2017/000000273120.jpg
129.828125	0.0	image/7	7	66472	train2017/000000000605.jpg
130.60546875	0.0	image/56	56	66870	train2017/000000008998.jpg
131.373046875	0.0	image/71	71	67263	train2017/000000536884.jpg
132.171875	0.0	image/14	14	67672	train2017/000000264244.jpg
132.994140625	0.0	image/9	9	68093	train2017/000000000650.jpg
134.578125	0.0	image/111	111	68904	train2017/000000020517.jpg
135.396484375	0.0	image/86	86	69323	train2017/000000539879.jpg
136.20703125	0.0	image/1	1	69738	train2017/000000262145.jpg
137.029296875	0.0	image/104	104	70159	train2017/000000018367.jpg
137.796875	0.0	image/64	64	70552	train2017/000000273138.jpg
138.59375	0.0	image/29	29	70960	train2017/000000393907.jpg
139.396484375	0.0	image/50	50	71371	train2017/000000007932.jpg
140.208984375	0.0	image/67	67	71787	train2017/000000011358.jpg
141.0078125	0.0	image/61	61	72196	train2017/000000272901.jpg
141.814453125	0.0	image/9	9	72609	train2017/000000000650.jpg
142.625	0.0	image/60	60	73024	train2017/000000010710.jpg
143.44921875	0.0	image/25	25	73446	train2017/000000527618.jpg
144.275390625	0.0	image/100	100	73869	train2017/000000541856.jpg
145.05859375	0.0	image/34	34	74270	train2017/000000005277.jpg
145.865234375	0.0	image/96	96	74683	train2017/000000541258.jpg
146.6953125	0.0	image/78	78	75108	train2017/000000013969.jpg
147.4765625	0.0	image/48	48	75508	train2017/000000011299.jpg
148.294921875	0.0	image/58	58	75927	train2017/000000534259.jpg
149.078125	0.0	image/93	93	76328	train2017/000000541077.jpg
149.87890625	0.0	image/102	102	76738	train2017/000000018078.jpg
150.666015625	0.0	image/31	31	77141	train2017/000000266622.jpg
151.4609375	0.0	image/116	116	77548	train2017/000000283426.jpg
152.228515625	0.0	image/91	91	77941	train2017/000000540735.jpg
153.001953125	0.0	image/72	72	78337	train2017/000000274978.jpg
153.80078125	0.0	image/51	51	78746	train2017/000000008027.jpg
154.62890625	0.0	image/94	94	79170	train2017/000000278962.jpg
155.451171875	0.0	image/90	90	79591	train2017/000000278555.jpg
156.279296875	0.0	image/7	7	80015	train2017/000000000605.jpg
157.0859375	0.0	image/80	80	80428	train2017/000000538822.jpg
157.896484375	0.0	image/62	62	80843	train2017/000000010903.jpg
158.6796875	0.0	image/30	30	81244	train2017/000000004442.jpg
159.46484375	0.0	image/17	17	81646	train2017/000000002372.jpg
160.267578125	0.0	image/89	89	82057	train2017/000000016314.jpg
161.064453125	0.0	image/42	42	82465	train2017/000000268659.jpg
161.865234375	0.0	image/47	47	82875	train2017/000000531828.jpg
163.466796875	0.0	image/69	69	83695	train2017/000000011856.jpg
164.267578125	0.0	image/49	49	84105	train2017/000000219750.jpg
165.06640625	0.0	image/22	22	84514	train2017/000000265023.jpg
165.888671875	0.0	image/104	104	84935	train2017/000000018367.jpg
166.69921875	0.0	image/74	74	85350	train2017/000000275663.jpg
167.482421875	0.0	image/83	83	85751	train2017/000000277524.jpg
168.265625	0.0	image/112	112	86152	train2017/000000544926.jpg
169.056640625	0.0	image/27	27	86557	train2017/000000265745.jpg
169.84765625	0.0	image/24	24	86962	train2017/000000265453.jpg
170.6171875	0.0	image/38	38	87356	train2017/000000312536.jpg
171.38671875	0.0	image/107	107	87750	train2017/000000543254.jpg
172.20703125	0.0	image/100	100	88170	train2017/000000541856.jpg
173.017578125	0.0	image/87	87	88585	train2017/000000300383.jpg
173.83984375	0.0	image/93	93	89006	train2017/000000541077.jpg
174.6171875	0.0	image/28	28	89404	train2017/000000558788.jpg
175.384765625	0.0	image/90	90	89797	train2017/000000278555.jpg
176.208984375	0.0	image/95	95	90219	train2017/000000016898.jpg
176.9921875	0.0	image/40	40	90620	train2017/000000268114.jpg
178.625	0.0	image/108	108	91456	train2017/000000281330.jpg
179.42578125	0.0	image/15	15	91866	train2017/000000264396.jpg
180.220703125	0.0	image/67	67	92273	train2017/000000011358.jpg
181.025390625	0.0	image/66	66	92685	train2017/000000273250.jpg
181.802734375	0.0	image/55	55	93083	train2017/000000533231.jpg
182.587890625	0.0	image/3	3	93485	train2017/000000262414.jpg
183.41015625	0.0	image/110	110	93906	train2017/000000019863.jpg
184.189453125	0.0	image/6	6	94305	train2017/000000000584.jpg
185.005859375	0.0	image/112	112	94723	train2017/000000544926.jpg
185.794921875	0.0	image/49	49	95127	train2017/000000219750.jpg
186.578125	0.0	image/33	33	95528	train2017/000000267338.jpg
187.388671875	0.0	image/70	70	95943	train2017/000000536786.jpg
188.1953125	0.0	image/119	119	96356	train2017/000000545950.jpg
189.005859375	0.0	image/75	75	96771	train2017/000000399878.jpg
190.623046875	0.0	image/52	52	97599	train2017/000000008053.jpg
192.20703125	0.0	image/88	88	98410	train2017/000000540538.jpg
192.99609375	0.0	image/58	58	98814	train2017/000000534259.jpg
193.828125	0.0	image/79	79	99240	train2017/000000276664.jpg
194.630859375	0.0	image/18	18	99651	train2017/000000264735.jpg
195.408203125	0.0	image/39	39	100049	train2017/000000268008.jpg
196.197265625	0.0	image/68	68	100453	train2017/000000535871.jpg
197.810546875	0.0	image/76	76	101279	train2017/000000275902.jpg
198.630859375	0.0	image/115	115	101699	train2017/000000021095.jpg
200.248046875	0.0	image/8	8	102527	train2017/000000000625.jpg
201.06640625	0.0	image/65	65	102946	train2017/000000273147.jpg
201.876953125	0.0	image/5	5	103361	train2017/000000262690.jpg
202.6796875	0.0	image/57	57	103772	train2017/000000001625.jpg
203.44921875	0.0	image/26	26	104166	train2017/000000003521.jpg
204.263671875	0.0	image/22	22	104583	train2017/000000265023.jpg
205.861328125	0.0	image/80	80	105401	train2017/000000538822.jpg
206.677734375	0.0	image/13	13	105819	train2017/000000525932.jpg
207.484375	0.0	image/24	24	106232	train2017/000000265453.jpg
208.279296875	0.0	image/45	45	106639	train2017/000000531392.jpg
209.09375	0.0	image/111	111	107056	train2017/000000020517.jpg
209.91796875	0.0	image/77	77	107478	train2017/000000275938.jpg
210.701171875	0.0	image/101	101	107879	train2017/000000017967.jpg
211.482421875	0.0	image/81	81	108279	train2017/000000539340.jpg
212.298828125	0.0	image/77	77	108697	train2017/000000275938.jpg
219.55078125	0.0	image/138	138	112410	train2017/000000288751.jpg
220.353515625	0.0	image/125	125	112821	train2017/000000022964.jpg
221.169921875	0.0	image/192	192	113239	train2017/000000225054.jpg
221.98828125	0.0	image/162	162	113658	train2017/000000293372.jpg
222.78515625	0.0	image/154	154	114066	train2017/000000291560.jpg
223.591796875	0.0	image/187	187	114479	train2017/000000037779.jpg
224.419921875	0.0	image/212	212	114903	train2017/000000043776.jpg
226.060546875	0.0	image/231	231	115743	train2017/000000270325.jpg
226.876953125	0.0	image/153	153	116161	train2017/000000553586.jpg
227.671875	0.0	image/156	156	116568	train2017/000000029732.jpg
228.455078125	0.0	image/148	148	116969	train2017/000000027665.jpg
229.23828125	0.0	image/216	216	117370	train2017/000000225829.jpg
230.0625	0.0	image/130	130	117792	train2017/000000548593.jpg
231.658203125	0.0	image/161	161	118609	train2017/000000293368.jpg
232.47265625	0.0	image/200	200	119026	train2017/000000565834.jpg
233.255859375	0.0	image/163	163	119427	train2017/000000032134.jpg
234.080078125	0.0	image/133	133	119849	train2017/000000026029.jpg
234.87890625	0.0	image/234	234	120258	train2017/000000312003.jpg
236.421875	0.0	image/129	129	121048	train2017/000000023392.jpg
237.171875	0.0	image/224	224	121432	train2017/000000309192.jpg
237.939453125	0.0	image/121	121	121825	train2017/000000546140.jpg
238.72265625	0.0	image/136	136	122226	train2017/000000026388.jpg
239.505859375	0.0	image/215	215	122627	train2017/000000306249.jpg
240.306640625	0.0	image/185	185	123037	train2017/000000036589.jpg
241.056640625	0.0	image/176	176	123421	train2017/000000297154.jpg
241.826171875	0.0	image/190	190	123815	train2017/000000038801.jpg
242.58984375	0.0	image/126	126	124206	train2017/000000547367.jpg
243.390625	0.0	image/205	205	124616	train2017/000000566341.jpg
244.140625	0.0	image/152	152	125000	train2017/000000553166.jpg
245.740234375	0.0	image/131	131	125819	train2017/000000549301.jpg
247.291015625	0.0	image/236	236	126613	train2017/000000574760.jpg
248.041015625	0.0	image/208	208	126997	train2017/000000043150.jpg
248.82421875	0.0	image/170	170	127398	train2017/000000033727.jpg
249.576171875	0.0	image/152	152	127783	train2017/000000553166.jpg
250.392578125	0.0	image/223	223	128201	train2017/000000309135.jpg
251.142578125	0.0	image/127	127	128585	train2017/000000285450.jpg
251.943359375	0.0	image/160	160	128995	train2017/000000293130.jpg
252.7421875	0.0	image/122	122	129404	train2017/000000546147.jpg
253.509765625	0.0	image/176	176	129797	train2017/000000297154.jpg
254.27734375	0.0	image/128	128	130190	train2017/000000547644.jpg
255.84375	0.0	image/143	143	130992	train2017/000000027030.jpg
256.59375	0.0	image/172	172	131376	train2017/000000558822.jpg
258.16015625	0.0	image/124	124	132178	train2017/000000122964.jpg
258.9609375	0.0	image/225	225	132588	train2017/000000047172.jpg
259.76171875	0.0	image/238	238	132998	train2017/000000050624.jpg
260.544921875	0.0	image/123	123	133399	train2017/000000022256.jpg
261.298828125	0.0	image/181	181	133785	train2017/000000035927.jpg
262.11328125	0.0	image/193	193	134202	train2017/000000564465.jpg
262.87890625	0.0	image/231	231	134594	train2017/000000270325.jpg
263.6953125	0.0	image/121	121	135012	train2017/000000546140.jpg
264.447265625	0.0	image/162	162	135397	train2017/000000293372.jpg
265.212890625	0.0	image/147	147	135789	train2017/000000289791.jpg
265.98046875	0.0	image/146	146	136182	train2017/000000289460.jpg
266.779296875	0.0	image/232	232	136591	train2017/000000311232.jpg
267.53125	0.0	image/185	185	136976	train2017/000000036589.jpg
268.296875	0.0	image/159	159	137368	train2017/000000292845.jpg
269.826171875	0.0	image/207	207	138151	train2017/000000042578.jpg
270.619140625	0.0	image/184	184	138557	train2017/000000006053.jpg
271.431640625	0.0	image/165	165	138973	train2017/000000032275.jpg
272.181640625	0.0	image/190	190	139357	train2017/000000038801.jpg
272.984375	0.0	image/227	227	139768	train2017/000000047638.jpg
273.765625	0.0	image/133	133	140168	train2017/000000026029.jpg
274.533203125	0.0	image/130	130	140561	train2017/000000548593.jpg
275.3359375	0.0	image/217	217	140972	train2017/000000306988.jpg
276.107421875	0.0	image/157	157	141367	train2017/000000030109.jpg
276.90234375	0.0	image/136	136	141774	train2017/000000026388.jpg
277.708984375	0.0	image/175	175	142187	train2017/000000559225.jpg
278.48828125	0.0	image/203	203	142586	train2017/000000566261.jpg
279.302734375	0.0	image/224	224	143003	train2017/000000309192.jpg
280.0703125	0.0	image/237	237	143396	train2017/000000095809.jpg
280.876953125	0.0	image/155	155	143809	train2017/000000029730.jpg
282.509765625	0.0	image/219	219	144645	train2017/000000219735.jpg
283.33984375	0.0	image/137	137	145070	train2017/000000026443.jpg
284.15625	0.0	image/209	209	145488	train2017/000000043176.jpg
284.927734375	0.0	image/234	234	145883	train2017/000000312003.jpg
285.72265625	0.0	image/146	146	146290	train2017/000000289460.jpg
286.51171875	0.0	image/160	160	146694	train2017/000000293130.jpg
287.2890625	0.0	image/213	213	147092	train2017/000000043815.jpg
288.0625	0.0	image/186	186	147488	train2017/000000037358.jpg
288.873046875	0.0	image/212	212	147903	train2017/000000043776.jpg
289.65625	0.0	image/150	150	148304	train2017/000000552589.jpg
290.42578125	0.0	image/225	225	148698	train2017/000000047172.jpg
291.212890625	0.0	image/153	153	149101	train2017/000000553586.jpg
292.041015625	0.0	image/178	178	149525	train2017/000000355458.jpg
292.86328125	0.0	image/233	233	149946	train2017/000000532520.jpg
293.69140625	0.0	image/164	164	150370	train2017/000000556542.jpg
294.498046875	0.0	image/199	199	150783	train2017/000000565652.jpg
295.275390625	0.0	image/216	216	151181	train2017/000000225829.jpg
296.076171875	0.0	image/166	166	151591	train2017/000000556748.jpg
297.658203125	0.0	image/187	187	152401	train2017/000000037779.jpg
299.224609375	0.0	image/214	214	153203	train2017/000000306031.jpg
300.029296875	0.0	image/202	202	153615	train2017/000000566201.jpg
300.828125	0.0	image/237	237	154024	train2017/000000095809.jpg
301.6484375	0.0	image/168	168	154444	train2017/000000557848.jpg
302.43359375	0.0	image/239	239	154846	train2017/000000313480.jpg
303.2109375	0.0	image/199	199	155244	train2017/000000565652.jpg
303.994140625	0.0	image/195	195	155645	train2017/000000040685.jpg
304.796875	0.0	image/208	208	156056	train2017/000000043150.jpg
305.6015625	0.0	image/135	135	156468	train2017/000000288372.jpg
306.384765625	0.0	image/221	221	156869	train2017/000000575701.jpg
307.96875	0.0	image/189	189	157680	train2017/000000300881.jpg
308.80078125	0.0	image/131	131	158106	train2017/000000549301.jpg
309.6015625	0.0	image/206	206	158516	train2017/000000263276.jpg
310.40234375	0.0	image/124	124	158926	train2017/000000122964.jpg
311.197265625	0.0	image/192	192	159333	train2017/000000225054.jpg
311.99609375	0.0	image/198	198	159742	train2017/000000303436.jpg
312.765625	0.0	image/140	140	160136	train2017/000000551164.jpg
313.58203125	0.0	image/151	151	160554	train2017/000000553150.jpg
314.404296875	0.0	image/236	236	160975	train2017/000000574760.jpg
315.197265625	0.0	image/144	144	161381	train2017/000000354070.jpg
316.015625	0.0	image/180	180	161800	train2017/000000297844.jpg
316.8203125	0.0	image/161	161	162212	train2017/000000293368.jpg
317.63671875	0.0	image/239	239	162630	train2017/000000313480.jpg
318.470703125	0.0	image/232	232	163057	train2017/000000311232.jpg
319.3046875	0.0	image/215	215	163484	train2017/000000306249.jpg
320.087890625	0.0	image/191	191	163885	train2017/000000039196.jpg
320.869140625	0.0	image/206	206	164285	train2017/000000263276.jpg
321.6328125	0.0	image/207	207	164676	train2017/000000042578.jpg
322.43359375	0.0	image/145	145	165086	train2017/000000027298.jpg
323.240234375	0.0	image/228	228	165499	train2017/000000572215.jpg
324.05078125	0.0	image/230	230	165914	train2017/000000573337.jpg
324.8515625	0.0	image/173	173	166324	train2017/000000559816.jpg
325.66796875	0.0	image/223	223	166742	train2017/000000309135.jpg
326.451171875	0.0	image/201	201	167143	train2017/000000041606.jpg
327.21875	0.0	image/139	139	167536	train2017/000000026702.jpg
328.806640625	0.0	image/197	197	168349	train2017/000000303392.jpg
329.619140625	0.0	image/196	196	168765	train2017/000000574784.jpg
330.423828125	0.0	image/189	189	169177	train2017/000000300881.jpg
331.236328125	0.0	image/211	211	169593	train2017/000000567837.jpg
332.005859375	0.0	image/238	238	169987	train2017/000000050624.jpg
332.794921875	0.0	image/168	168	170391	train2017/000000557848.jpg
334.38671875	0.0	image/147	147	171206	train2017/000000289791.jpg
335.193359375	0.0	image/229	229	171619	train2017/000000310870.jpg
336.00390625	0.0	image/163	163	172034	train2017/000000032134.jpg
336.806640625	0.0	image/166	166	172445	train2017/000000556748.jpg
337.609375	0.0	image/149	149	172856	train2017/000000290192.jpg
338.388671875	0.0	image/214	214	173255	train2017/000000306031.jpg
339.177734375	0.0	image/209	209	173659	train2017/000000043176.jpg
340.01171875	0.0	image/150	150	174086	train2017/000000552589.jpg
340.8046875	0.0	image/141	141	174492	train2017/000000026981.jpg
341.62890625	0.0	image/194	194	174914	train2017/000000302588.jpg
342.408203125	0.0	image/141	141	175313	train2017/000000026981.jpg
343.19140625	0.0	image/230	230	175714	train2017/000000573337.jpg
343.95703125	0.0	image/167	167	176106	train2017/000000032809.jpg
344.74609375	0.0	image/191	191	176510	train2017/000000039196.jpg
345.57421875	0.0	image/123	123	176934	train2017/000000022256.jpg
346.357421875	0.0	image/127	127	177335	train2017/000000285450.jpg
347.1640625	0.0	image/129	129	177748	train2017/000000023392.jpg
347.958984375	0.0	image/203	203	178155	train2017/000000566261.jpg
348.78125	0.0	image/158	158	178576	train2017/000000030148.jpg
349.59765625	0.0	image/167	167	178994	train2017/000000032809.jpg
350.375	0.0	image/171	171	179392	train2017/000000033764.jpg
351.14453125	0.0	image/175	175	179786	train2017/000000559225.jpg
351.931640625	0.0	image/188	188	180189	train2017/000000037823.jpg
352.7421875	0.0	image/173	173	180604	train2017/000000559816.jpg
353.544921875	0.0	image/156	156	181015	train2017/000000029732.jpg
354.314453125	0.0	image/193	193	181409	train2017/000000564465.jpg
355.111328125	0.0	image/211	211	181817	train2017/000000567837.jpg
355.927734375	0.0	image/149	149	182235	train2017/000000290192.jpg
356.75	0.0	image/125	125	182656	train2017/000000022964.jpg
357.58203125	0.0	image/235	235	183082	train2017/000000050256.jpg
358.41015625	0.0	image/221	221	183506	train2017/000000575701.jpg
360.0	0.0	image/182	182	184320	train2017/000000298170.jpg
360.783203125	0.0	image/196	196	184721	train2017/000000574784.jpg
361.560546875	0.0	image/145	145	185119	train2017/000000027298.jpg
362.36328125	0.0	image/135	135	185530	train2017/000000288372.jpg
363.185546875	0.0	image/174	174	185951	train2017/000000559145.jpg
364.013671875	0.0	image/183	183	186375	train2017/000000298395.jpg
364.8359375	0.0	image/213	213	186796	train2017/000000043815.jpg
365.634765625	0.0	image/180	180	187205	train2017/000000297844.jpg
366.4140625	0.0	image/134	134	187604	train2017/000000550396.jpg
367.99609375	0.0	image/132	132	188414	train2017/000000549830.jpg
368.796875	0.0	image/169	169	188824	train2017/000000557886.jpg
369.5859375	0.0	image/222	222	189228	train2017/000000308950.jpg
370.380859375	0.0	image/200	200	189635	train2017/000000565834.jpg
371.150390625	0.0	image/188	188	190029	train2017/000000037823.jpg
371.916015625	0.0	image/226	226	190421	train2017/000000571499.jpg
372.681640625	0.0	image/144	144	190813	train2017/000000354070.jpg
373.50390625	0.0	image/204	204	191234	train2017/000000304187.jpg
374.333984375	0.0	image/142	142	191659	train2017/000000027002.jpg
375.099609375	0.0	image/201	201	192051	train2017/000000041606.jpg
376.705078125	0.0	image/194	194	192873	train2017/000000302588.jpg
377.5	0.0	image/195	195	193280	train2017/000000040685.jpg
378.2734375	0.0	image/139	139	193676	train2017/000000026702.jpg
379.05078125	0.0	image/233	233	194074	train2017/000000532520.jpg
379.81640625	0.0	image/138	138	194466	train2017/000000288751.jpg
380.623046875	0.0	image/226	226	194879	train2017/000000571499.jpg
381.40625	0.0	image/170	170	195280	train2017/000000033727.jpg
382.189453125	0.0	image/198	198	195681	train2017/000000303436.jpg
382.974609375	0.0	image/182	182	196083	train2017/000000298170.jpg
383.787109375	0.0	image/205	205	196499	train2017/000000566341.jpg
385.408203125	0.0	image/186	186	197329	train2017/000000037358.jpg
386.208984375	0.0	image/142	142	197739	train2017/000000027002.jpg
387.03515625	0.0	image/165	165	198162	train2017/000000032275.jpg
387.826171875	0.0	image/137	137	198567	train2017/000000026443.jpg
388.619140625	0.0	image/126	126	198973	train2017/000000547367.jpg
389.40234375	0.0	image/178	178	199374	train2017/000000355458.jpg
390.203125	0.0	image/169	169	199784	train2017/000000557886.jpg
390.9765625	0.0	image/220	220	200180	train2017/000000569645.jpg
391.755859375	0.0	image/210	210	200579	train2017/000000305685.jpg
392.537109375	0.0	image/204	204	200979	train2017/000000304187.jpg
393.35546875	0.0	image/228	228	201398	train2017/000000572215.jpg
394.126953125	0.0	image/172	172	201793	train2017/000000558822.jpg
394.9375	0.0	image/220	220	202208	train2017/000000569645.jpg
395.724609375	0.0	image/227	227	202611	train2017/000000047638.jpg
396.544921875	0.0	image/154	154	203031	train2017/000000291560.jpg
397.373046875	0.0	image/179	179	203455	train2017/000000559958.jpg
398.193359375	0.0	image/148	148	203875	train2017/000000027665.jpg
399.0234375	0.0	image/217	217	204300	train2017/000000306988.jpg
399.8125	0.0	image/157	157	204704	train2017/000000030109.jpg
400.623046875	0.0	image/197	197	205119	train2017/000000303392.jpg
402.240234375	0.0	image/158	158	205947	train2017/000000030148.jpg
403.046875	0.0	image/222	222	206360	train2017/000000308950.jpg
404.646484375	0.0	image/183	183	207179	train2017/000000298395.jpg
405.4765625	0.0	image/164	164	207604	train2017/000000556542.jpg
406.263671875	0.0	image/128	128	208007	train2017/000000547644.jpg
407.076171875	0.0	image/151	151	208423	train2017/000000553150.jpg
407.880859375	0.0	image/218	218	208835	train2017/000000569196.jpg
408.666015625	0.0	image/174	174	209237	train2017/000000559145.jpg
409.494140625	0.0	image/218	218	209661	train2017/000000569196.jpg
410.310546875	0.0	image/184	184	210079	train2017/000000006053.jpg
411.076171875	0.0	image/171	171	210471	train2017/000000033764.jpg
411.900390625	0.0	image/155	155	210893	train2017/000000029730.jpg
412.69921875	0.0	image/240	240	211302	train2017/000000575971.jpg
413.52734375	0.0	image/219	219	211726	train2017/000000219735.jpg
414.296875	0.0	image/179	179	212120	train2017/000000559958.jpg
415.099609375	0.0	image/140	140	212531	train2017/000000551164.jpg
415.9296875	0.0	image/177	177	212956	train2017/000000573830.jpg
417.517578125	0.0	image/181	181	213769	train2017/000000035927.jpg
418.330078125	0.0	image/202	202	214185	train2017/000000566201.jpg
419.134765625	0.0	image/210	210	214597	train2017/000000305685.jpg
420.71875	0.0	image/132	132	215408	train2017/000000549830.jpg
421.548828125	0.0	image/143	143	215833	train2017/000000027030.jpg
423.185546875	0.0	image/159	159	216671	train2017/000000292845.jpg
423.98046875	0.0	image/122	122	217078	train2017/000000546147.jpg
424.802734375	0.0	image/177	177	217499	train2017/000000573830.jpg
425.63671875	0.0	image/235	235	217926	train2017/000000050256.jpg
427.25390625	0.0	image/229	229	218754	train2017/000000310870.jpg
428.033203125	0.0	image/240	240	219153	train2017/000000575971.jpg
428.8203125	0.0	image/134	134	219556	train2017/000000550396.jpg
435.947265625	0.0	image/324	324	223205	train2017/000000332692.jpg
436.763671875	0.0	image/295	295	223623	train2017/000000010743.jpg
437.55859375	0.0	image/297	297	224030	train2017/000000065012.jpg
439.146484375	0.0	image/262	262	224843	train2017/000000318381.jpg
439.9765625	0.0	image/315	315	225268	train2017/000000068623.jpg
440.80859375	0.0	image/241	241	225694	train2017/000000576011.jpg
441.591796875	0.0	image/319	319	226095	train2017/000000332261.jpg
442.3984375	0.0	image/305	305	226508	train2017/000000067347.jpg
443.2109375	0.0	image/357	357	226924	train2017/000000338987.jpg
444.81640625	0.0	image/358	358	227746	train2017/000000077870.jpg
446.41796875	0.0	image/322	322	228566	train2017/000000070421.jpg
447.1953125	0.0	image/279	279	228964	train2017/000000322246.jpg
447.966796875	0.0	image/343	343	229359	train2017/000000335824.jpg
448.794921875	0.0	image/247	247	229783	train2017/000000576789.jpg
449.6171875	0.0	image/258	258	230204	train2017/000000055294.jpg
450.4453125	0.0	image/280	280	230628	train2017/000000322255.jpg
451.228515625	0.0	image/313	313	231029	train2017/000000011373.jpg
452.03515625	0.0	image/258	258	231442	train2017/000000055294.jpg
452.8359375	0.0	image/328	328	231852	train2017/000000071429.jpg
454.41796875	0.0	image/333	333	232662	train2017/000000334011.jpg
455.21875	0.0	image/311	311	233072	train2017/000000067961.jpg
455.99609375	0.0	image/244	244	233470	train2017/000000314379.jpg
456.802734375	0.0	image/278	278	233883	train2017/000000009987.jpg
457.619140625	0.0	image/268	268	234301	train2017/000000057796.jpg
458.419921875	0.0	image/310	310	234711	train2017/000000330086.jpg
459.220703125	0.0	image/274	274	235121	train2017/000000321902.jpg
460.033203125	0.0	image/284	284	235537	train2017/000000323182.jpg
460.849609375	0.0	image/331	331	235955	train2017/000000333654.jpg
461.6640625	0.0	image/263	263	236372	train2017/000000318444.jpg
462.435546875	0.0	image/290	290	236767	train2017/000000534553.jpg
463.25	0.0	image/241	241	237184	train2017/000000576011.jpg
464.06640625	0.0	image/314	314	237602	train2017/000000055090.jpg
465.65625	0.0	image/305	305	238416	train2017/000000067347.jpg
466.451171875	0.0	image/340	340	238823	train2017/000000335063.jpg
467.255859375	0.0	image/345	345	239235	train2017/000000281567.jpg
468.0546875	0.0	image/267	267	239644	train2017/000000057631.jpg
468.8671875	0.0	image/357	357	240060	train2017/000000338987.jpg
469.689453125	0.0	image/280	280	240481	train2017/000000322255.jpg
470.466796875	0.0	image/355	355	240879	train2017/000000338670.jpg
471.267578125	0.0	image/267	267	241289	train2017/000000057631.jpg
472.03515625	0.0	image/253	253	241682	train2017/000000054001.jpg
472.841796875	0.0	image/310	310	242095	train2017/000000330086.jpg
473.673828125	0.0	image/250	250	242521	train2017/000000577964.jpg
474.4921875	0.0	image/307	307	242940	train2017/000000329641.jpg
475.28515625	0.0	image/298	298	243346	train2017/000000065029.jpg
476.0546875	0.0	image/257	257	243740	train2017/000000055206.jpg
476.869140625	0.0	image/277	277	244157	train2017/000000009983.jpg
478.509765625	0.0	image/336	336	244997	train2017/000000334208.jpg
479.287109375	0.0	image/272	272	245395	train2017/000000359337.jpg
480.92578125	0.0	image/261	261	246234	train2017/000000317781.jpg
481.72265625	0.0	image/323	323	246642	train2017/000000332574.jpg
482.544921875	0.0	image/329	329	247063	train2017/000000333615.jpg
483.322265625	0.0	image/346	346	247461	train2017/000000336374.jpg
484.103515625	0.0	image/256	256	247861	train2017/000000009199.jpg
484.89453125	0.0	image/263	263	248266	train2017/000000318444.jpg
485.677734375	0.0	image/353	353	248667	train2017/000000338169.jpg
486.4609375	0.0	image/285	285	249068	train2017/000000061174.jpg
487.255859375	0.0	image/331	331	249475	train2017/000000333654.jpg
488.0625	0.0	image/347	347	249888	train2017/000000074390.jpg
489.623046875	0.0	image/273	273	250687	train2017/000000059321.jpg
490.392578125	0.0	image/300	300	251081	train2017/000000065400.jpg
491.212890625	0.0	image/347	347	251501	train2017/000000074390.jpg
491.990234375	0.0	image/306	306	251899	train2017/000000281575.jpg
492.7734375	0.0	image/313	313	252300	train2017/000000011373.jpg
493.59765625	0.0	image/339	339	252722	train2017/000000072715.jpg
494.42578125	0.0	image/257	257	253146	train2017/000000055206.jpg
495.248046875	0.0	image/343	343	253567	train2017/000000335824.jpg
496.064453125	0.0	image/303	303	253985	train2017/000000328628.jpg
496.865234375	0.0	image/256	256	254395	train2017/000000009199.jpg
497.666015625	0.0	image/336	336	254805	train2017/000000334208.jpg
498.4765625	0.0	image/285	285	255220	train2017/000000061174.jpg
499.265625	0.0	image/315	315	255624	train2017/000000068623.jpg
500.05859375	0.0	image/304	304	256030	train2017/000000066696.jpg
500.84375	0.0	image/342	342	256432	train2017/000000335688.jpg
501.615234375	0.0	image/283	283	256827	train2017/000000359687.jpg
502.3984375	0.0	image/345	345	257228	train2017/000000281567.jpg
503.18359375	0.0	image/325	325	257630	train2017/000000002349.jpg
503.994140625	0.0	image/335	335	258045	train2017/000000071927.jpg
504.76171875	0.0	image/245	245	258438	train2017/000000052348.jpg
505.583984375	0.0	image/248	248	258859	train2017/000000455691.jpg
506.3671875	0.0	image/300	300	259260	train2017/000000065400.jpg
508.01171875	0.0	image/335	335	260102	train2017/000000071927.jpg
508.78125	0.0	image/260	260	260496	train2017/000000055514.jpg
510.435546875	0.0	image/354	354	261343	train2017/000000076476.jpg
511.26953125	0.0	image/292	292	261770	train2017/000000323970.jpg
512.09765625	0.0	image/244	244	262194	train2017/000000314379.jpg
512.88671875	0.0	image/254	254	262598	train2017/000000317061.jpg
513.69921875	0.0	image/312	312	263014	train2017/000000068238.jpg
514.498046875	0.0	image/308	308	263423	train2017/000000067623.jpg
516.087890625	0.0	image/262	262	264237	train2017/000000318381.jpg
516.8828125	0.0	image/338	338	264644	train2017/000000334772.jpg
517.671875	0.0	image/275	275	265048	train2017/000000403184.jpg
518.44921875	0.0	image/273	273	265446	train2017/000000059321.jpg
519.25390625	0.0	image/316	316	265858	train2017/000000246728.jpg
520.087890625	0.0	image/259	259	266285	train2017/000000055402.jpg
520.90625	0.0	image/321	321	266704	train2017/000000332498.jpg
521.685546875	0.0	image/326	326	267103	train2017/000000332875.jpg
522.501953125	0.0	image/351	351	267521	train2017/000000337479.jpg
523.31640625	0.0	image/333	333	267938	train2017/000000334011.jpg
524.123046875	0.0	image/325	325	268351	train2017/000000002349.jpg
524.93359375	0.0	image/265	265	268766	train2017/000000580813.jpg
525.703125	0.0	image/249	249	269160	train2017/000000577817.jpg
526.46875	0.0	image/281	281	269552	train2017/000000323010.jpg
528.041015625	0.0	image/327	327	270357	train2017/000000333152.jpg
528.82421875	0.0	image/317	317	270758	train2017/000000069625.jpg
529.658203125	0.0	image/242	242	271185	train2017/000000051774.jpg
530.435546875	0.0	image/246	246	271583	train2017/000000576749.jpg
531.25390625	0.0	image/322	322	272002	train2017/000000070421.jpg
532.0703125	0.0	image/284	284	272420	train2017/000000323182.jpg
533.654296875	0.0	image/264	264	273231	train2017/000000001877.jpg
534.4921875	0.0	image/278	278	273660	train2017/000000009987.jpg
535.3046875	0.0	image/323	323	274076	train2017/000000332574.jpg
536.927734375	0.0	image/252	252	274907	train2017/000000578169.jpg
537.70703125	0.0	image/251	251	275306	train2017/000000053778.jpg
538.4765625	0.0	image/324	324	275700	train2017/000000332692.jpg
539.26171875	0.0	image/359	359	276102	train2017/000000078000.jpg
540.044921875	0.0	image/270	270	276503	train2017/000000058407.jpg
540.87890625	0.0	image/297	297	276930	train2017/000000065012.jpg
542.439453125	0.0	image/271	271	277729	train2017/000000058465.jpg
543.24609375	0.0	image/312	312	278142	train2017/000000068238.jpg
544.029296875	0.0	image/291	291	278543	train2017/000000490875.jpg
544.86328125	0.0	image/293	293	278970	train2017/000000062547.jpg
545.689453125	0.0	image/288	288	279393	train2017/000000061288.jpg
546.5078125	0.0	image/286	286	279812	train2017/000000323397.jpg
547.326171875	0.0	image/269	269	280231	train2017/000000320533.jpg
548.109375	0.0	image/266	266	280632	train2017/000000056837.jpg
548.9296875	0.0	image/260	260	281052	train2017/000000055514.jpg
549.740234375	0.0	image/271	271	281467	train2017/000000058465.jpg
550.509765625	0.0	image/293	293	281861	train2017/000000062547.jpg
551.29296875	0.0	image/307	307	282262	train2017/000000329641.jpg
552.107421875	0.0	image/341	341	282679	train2017/000000492851.jpg
552.92578125	0.0	image/288	288	283098	train2017/000000061288.jpg
553.748046875	0.0	image/282	282	283519	train2017/000000053842.jpg
554.52734375	0.0	image/330	330	283918	train2017/000000333629.jpg
555.326171875	0.0	image/355	355	284327	train2017/000000338670.jpg
556.095703125	0.0	image/338	338	284721	train2017/000000334772.jpg
556.91015625	0.0	image/350	350	285138	train2017/000000074828.jpg
558.4765625	0.0	image/318	318	285940	train2017/000000069705.jpg
559.267578125	0.0	image/299	299	286345	train2017/000000327191.jpg
560.046875	0.0	image/294	294	286744	train2017/000000325710.jpg
560.810546875	0.0	image/281	281	287135	train2017/000000323010.jpg
561.578125	0.0	image/341	341	287528	train2017/000000492851.jpg
562.376953125	0.0	image/328	328	287937	train2017/000000071429.jpg
563.15234375	0.0	image/327	327	288334	train2017/000000333152.jpg
563.962890625	0.0	image/253	253	288749	train2017/000000054001.jpg
564.744140625	0.0	image/296	296	289149	train2017/000000064534.jpg
565.53515625	0.0	image/255	255	289554	train2017/000000055184.jpg
566.345703125	0.0	image/269	269	289969	train2017/000000320533.jpg
567.15234375	0.0	image/351	351	290382	train2017/000000337479.jpg
567.935546875	0.0	image/304	304	290783	train2017/000000066696.jpg
568.73046875	0.0	image/276	276	291190	train2017/000000322008.jpg
569.513671875	0.0	image/296	296	291591	train2017/000000064534.jpg
570.283203125	0.0	image/337	337	291985	train2017/000000072095.jpg
571.09765625	0.0	image/287	287	292402	train2017/000000061266.jpg
571.880859375	0.0	image/356	356	292803	train2017/000000012795.jpg
572.650390625	0.0	image/279	279	293197	train2017/000000322246.jpg
573.455078125	0.0	image/360	360	293609	train2017/000000078042.jpg
574.234375	0.0	image/242	242	294008	train2017/000000051774.jpg
575.017578125	0.0	image/329	329	294409	train2017/000000333615.jpg
575.81640625	0.0	image/316	316	294818	train2017/000000246728.jpg
576.60546875	0.0	image/309	309	295222	train2017/000000330084.jpg
578.19921875	0.0	image/334	334	296038	train2017/000000334048.jpg
578.966796875	0.0	image/274	274	296431	train2017/000000321902.jpg
579.7734375	0.0	image/309	309	296844	train2017/000000330084.jpg
580.58203125	0.0	image/290	290	297258	train2017/000000534553.jpg
581.390625	0.0	image/292	292	297672	train2017/000000323970.jpg
582.984375	0.0	image/265	265	298488	train2017/000000580813.jpg
583.791015625	0.0	image/360	360	298901	train2017/000000078042.jpg
584.619140625	0.0	image/349	349	299325	train2017/000000074714.jpg
585.42578125	0.0	image/321	321	299738	train2017/000000332498.jpg
586.251953125	0.0	image/359	359	300161	train2017/000000078000.jpg
587.076171875	0.0	image/319	319	300583	train2017/000000332261.jpg
587.859375	0.0	image/252	252	300984	train2017/000000578169.jpg
588.65234375	0.0	image/248	248	301390	train2017/000000455691.jpg
589.421875	0.0	image/326	326	301784	train2017/000000332875.jpg
590.2421875	0.0	image/332	332	302204	train2017/000000579906.jpg
591.021484375	0.0	image/249	249	302603	train2017/000000577817.jpg
591.837890625	0.0	image/306	306	303021	train2017/000000281575.jpg
592.64453125	0.0	image/348	348	303434	train2017/000000074461.jpg
593.47265625	0.0	image/318	318	303858	train2017/000000069705.jpg
594.294921875	0.0	image/344	344	304279	train2017/000000073997.jpg
595.09765625	0.0	image/354	354	304690	train2017/000000076476.jpg
595.873046875	0.0	image/301	301	305087	train2017/000000066253.jpg
597.490234375	0.0	image/289	289	305915	train2017/000000061559.jpg
599.111328125	0.0	image/302	302	306745	train2017/000000328454.jpg
599.92578125	0.0	image/337	337	307162	train2017/000000072095.jpg
600.728515625	0.0	image/344	344	307573	train2017/000000073997.jpg
601.5078125	0.0	image/289	289	307972	train2017/000000061559.jpg
602.326171875	0.0	image/276	276	308391	train2017/000000322008.jpg
603.140625	0.0	image/287	287	308808	train2017/000000061266.jpg
603.92578125	0.0	image/291	291	309210	train2017/000000490875.jpg
604.748046875	0.0	image/282	282	309631	train2017/000000053842.jpg
605.525390625	0.0	image/270	270	310029	train2017/000000058407.jpg
606.34765625	0.0	image/299	299	310450	train2017/000000327191.jpg
607.158203125	0.0	image/275	275	310865	train2017/000000403184.jpg
607.92578125	0.0	image/342	342	311258	train2017/000000335688.jpg
608.693359375	0.0	image/330	330	311651	train2017/000000333629.jpg
609.458984375	0.0	image/320	320	312043	train2017/000000332448.jpg
610.265625	0.0	image/356	356	312456	train2017/000000012795.jpg
611.048828125	0.0	image/311	311	312857	train2017/000000067961.jpg
611.880859375	0.0	image/298	298	313283	train2017/000000065029.jpg
612.6640625	0.0	image/334	334	313684	train2017/000000334048.jpg
613.4765625	0.0	image/317	317	314100	train2017/000000069625.jpg
614.263671875	0.0	image/301	301	314503	train2017/000000066253.jpg
615.033203125	0.0	image/352	352	314897	train2017/000000274776.jpg
616.6015625	0.0	image/332	332	315700	train2017/000000579906.jpg
617.435546875	0.0	image/349	349	316127	train2017/000000074714.jpg
619.0625	0.0	image/268	268	316960	train2017/000000057796.jpg
619.87890625	0.0	image/259	259	317378	train2017/000000055402.jpg
620.681640625	0.0	image/266	266	317789	train2017/000000056837.jpg
621.48046875	0.0	image/272	272	318198	train2017/000000359337.jpg
622.263671875	0.0	image/247	247	318599	train2017/000000576789.jpg
623.078125	0.0	image/353	353	319016	train2017/000000338169.jpg
623.861328125	0.0	image/295	295	319417	train2017/000000010743.jpg
624.63671875	0.0	image/277	277	319814	train2017/000000009983.jpg
625.4140625	0.0	image/302	302	320212	train2017/000000328454.jpg
626.232421875	0.0	image/303	303	320631	train2017/000000328628.jpg
627.021484375	0.0	image/243	243	321035	train2017/000000560396.jpg
628.61328125	0.0	image/348	348	321850	train2017/000000074461.jpg
629.404296875	0.0	image/320	320	322255	train2017/000000332448.jpg
630.21484375	0.0	image/314	314	322670	train2017/000000055090.jpg
631.033203125	0.0	image/250	250	323089	train2017/000000577964.jpg
631.849609375	0.0	image/254	254	323507	train2017/000000317061.jpg
632.65234375	0.0	image/251	251	323918	train2017/000000053778.jpg
633.4375	0.0	image/352	352	324320	train2017/000000274776.jpg
634.267578125	0.0	image/358	358	324745	train2017/000000077870.jpg
635.05078125	0.0	image/308	308	325146	train2017/000000067623.jpg
636.65625	0.0	image/245	245	325968	train2017/000000052348.jpg
637.453125	0.0	image/346	346	326376	train2017/000000336374.jpg
638.2734375	0.0	image/246	246	326796	train2017/000000576749.jpg
639.068359375	0.0	image/294	294	327203	train2017/000000325710.jpg
639.849609375	0.0	image/261	261	327603	train2017/000000317781.jpg
640.642578125	0.0	image/283	283	328009	train2017/000000359687.jpg
641.435546875	0.0	image/243	243	328415	train2017/000000560396.jpg
642.220703125	0.0	image/255	255	328817	train2017/000000055184.jpg
642.986328125	0.0	image/340	340	329209	train2017/000000335063.jpg
643.775390625	0.0	image/350	350	329613	train2017/000000074828.jpg
644.5546875	0.0	image/286	286	330012	train2017/000000323397.jpg
645.373046875	0.0	image/264	264	330431	train2017/000000001877.jpg
646.16015625	0.0	image/339	339	330834	train2017/000000072715.jpg
653.775390625	0.0	image/426	426	334733	train2017/000000357074.jpg
654.552734375	0.0	image/457	457	335131	train2017/000000366396.jpg
655.35546875	0.0	image/424	424	335542	train2017/000000277778.jpg
656.171875	0.0	image/460	460	335960	train2017/000000367552.jpg
657.80859375	0.0	image/467	467	336798	train2017/000000017935.jpg
658.59375	0.0	image/420	420	337200	train2017/000000092353.jpg
659.40234375	0.0	image/410	410	337614	train2017/000000090994.jpg
660.208984375	0.0	image/471	471	338027	train2017/000000372775.jpg
661.84375	0.0	image/439	439	338864	train2017/000000361193.jpg
663.4375	0.0	image/452	452	339680	train2017/000000365218.jpg
664.26171875	0.0	image/441	441	340102	train2017/000000099363.jpg
665.056640625	0.0	image/479	479	340509	train2017/000000114077.jpg
665.837890625	0.0	image/424	424	340909	train2017/000000277778.jpg
667.427734375	0.0	image/409	409	341723	train2017/000000090827.jpg
668.224609375	0.0	image/464	464	342131	train2017/000000369230.jpg
669.02734375	0.0	image/415	415	342542	train2017/000000354045.jpg
669.830078125	0.0	image/421	421	342953	train2017/000000354761.jpg
670.65625	0.0	image/391	391	343376	train2017/000000346795.jpg
671.458984375	0.0	image/474	474	343787	train2017/000000373679.jpg
672.224609375	0.0	image/436	436	344179	train2017/000000098480.jpg
673.84765625	0.0	image/422	422	345010	train2017/000000059194.jpg
674.642578125	0.0	image/403	403	345417	train2017/000000089908.jpg
675.408203125	0.0	image/384	384	345809	train2017/000000345725.jpg
676.208984375	0.0	image/364	364	346219	train2017/000000275335.jpg
677.015625	0.0	image/418	418	346632	train2017/000000092221.jpg
677.841796875	0.0	image/387	387	347055	train2017/000000083738.jpg
678.611328125	0.0	image/447	447	347449	train2017/000000100863.jpg
679.3984375	0.0	image/376	376	347852	train2017/000000081995.jpg
680.1953125	0.0	image/393	393	348260	train2017/000000086811.jpg
681.783203125	0.0	image/450	450	349073	train2017/000000570785.jpg
683.400390625	0.0	image/447	447	349901	train2017/000000100863.jpg
684.23046875	0.0	image/471	471	350326	train2017/000000372775.jpg
685.01171875	0.0	image/363	363	350726	train2017/000000079111.jpg
686.634765625	0.0	image/465	465	351557	train2017/000000369253.jpg
687.451171875	0.0	image/444	444	351975	train2017/000000100396.jpg
688.234375	0.0	image/436	436	352376	train2017/000000098480.jpg
689.052734375	0.0	image/396	396	352795	train2017/000000349363.jpg
689.869140625	0.0	image/389	389	353213	train2017/000000346583.jpg
690.66796875	0.0	image/449	449	353622	train2017/000000101952.jpg
692.21875	0.0	image/435	435	354416	train2017/000000097218.jpg
693.03125	0.0	image/403	403	354832	train2017/000000089908.jpg
693.796875	0.0	image/408	408	355224	train2017/000000352861.jpg
694.599609375	0.0	image/399	399	355635	train2017/000000320508.jpg
695.38671875	0.0	image/404	404	356038	train2017/000000352129.jpg
696.166015625	0.0	image/417	417	356437	train2017/000000092001.jpg
696.978515625	0.0	image/414	414	356853	train2017/000000091784.jpg
697.787109375	0.0	image/368	368	357267	train2017/000000008471.jpg
699.3828125	0.0	image/370	370	358084	train2017/000000081105.jpg
700.189453125	0.0	image/433	433	358497	train2017/000000359085.jpg
700.98828125	0.0	image/375	375	358906	train2017/000000081961.jpg
701.76953125	0.0	image/369	369	359306	train2017/000000080987.jpg
702.587890625	0.0	image/400	400	359725	train2017/000000350299.jpg
703.3671875	0.0	image/425	425	360124	train2017/000000356771.jpg
704.154296875	0.0	image/405	405	360527	train2017/000000189765.jpg
704.939453125	0.0	image/446	446	360929	train2017/000000100599.jpg
705.724609375	0.0	image/395	395	361331	train2017/000000087146.jpg
706.51953125	0.0	image/430	430	361738	train2017/000000357865.jpg
707.33984375	0.0	image/460	460	362158	train2017/000000367552.jpg
708.13671875	0.0	image/421	421	362566	train2017/000000354761.jpg
708.935546875	0.0	image/462	462	362975	train2017/000000368852.jpg
709.7578125	0.0	image/451	451	363396	train2017/000000365003.jpg
710.537109375	0.0	image/381	381	363795	train2017/000000082770.jpg
711.353515625	0.0	image/438	438	364213	train2017/000000147547.jpg
712.158203125	0.0	image/427	427	364625	train2017/000000357228.jpg
712.98828125	0.0	image/392	392	365050	train2017/000000348204.jpg
713.775390625	0.0	image/376	376	365453	train2017/000000081995.jpg
714.572265625	0.0	image/440	440	365861	train2017/000000361197.jpg
715.388671875	0.0	image/411	411	366279	train2017/000000091005.jpg
716.205078125	0.0	image/475	475	366697	train2017/000000373970.jpg
716.98828125	0.0	image/379	379	367098	train2017/000000569678.jpg
717.759765625	0.0	image/475	475	367493	train2017/000000373970.jpg
718.544921875	0.0	image/396	396	367895	train2017/000000349363.jpg
719.37109375	0.0	image/362	362	368318	train2017/000000340734.jpg
720.171875	0.0	image/384	384	368728	train2017/000000345725.jpg
720.978515625	0.0	image/382	382	369141	train2017/000000345149.jpg
721.7890625	0.0	image/427	427	369556	train2017/000000357228.jpg
722.572265625	0.0	image/397	397	369957	train2017/000000087334.jpg
723.361328125	0.0	image/437	437	370361	train2017/000000060117.jpg
724.171875	0.0	image/431	431	370776	train2017/000000095828.jpg
724.94140625	0.0	image/390	390	371170	train2017/000000346754.jpg
726.49609375	0.0	image/452	452	371966	train2017/000000365218.jpg
727.2734375	0.0	image/413	413	372364	train2017/000000364806.jpg
728.091796875	0.0	image/480	480	372783	train2017/000000376407.jpg
728.9140625	0.0	image/469	469	373204	train2017/000000370369.jpg
729.724609375	0.0	image/422	422	373619	train2017/000000059194.jpg
730.513671875	0.0	image/434	434	374023	train2017/000000097201.jpg
732.115234375	0.0	image/474	474	374843	train2017/000000373679.jpg
732.912109375	0.0	image/380	380	375251	train2017/000000082650.jpg
733.744140625	0.0	image/458	458	375677	train2017/000000104502.jpg
734.52734375	0.0	image/374	374	376078	train2017/000000046372.jpg
735.31640625	0.0	image/361	361	376482	train2017/000000340317.jpg
736.126953125	0.0	image/393	393	376897	train2017/000000086811.jpg
736.9140625	0.0	image/429	429	377300	train2017/000000095337.jpg
737.716796875	0.0	image/365	365	377711	train2017/000000080084.jpg
738.49609375	0.0	image/472	472	378110	train2017/000000110780.jpg
739.263671875	0.0	image/442	442	378503	train2017/000000361648.jpg
740.044921875	0.0	image/392	392	378903	train2017/000000348204.jpg
740.8125	0.0	image/454	454	379296	train2017/000000366146.jpg
741.634765625	0.0	image/388	388	379717	train2017/000000084174.jpg
742.435546875	0.0	image/423	423	380127	train2017/000000355622.jpg
743.267578125	0.0	image/381	381	380553	train2017/000000082770.jpg
744.068359375	0.0	image/458	458	380963	train2017/000000104502.jpg
745.65234375	0.0	image/445	445	381774	train2017/000000362677.jpg
746.431640625	0.0	image/477	477	382173	train2017/000000113593.jpg
747.25	0.0	image/397	397	382592	train2017/000000087334.jpg
748.0703125	0.0	image/419	419	383012	train2017/000000092288.jpg
748.880859375	0.0	image/480	480	383427	train2017/000000376407.jpg
749.703125	0.0	image/450	450	383848	train2017/000000570785.jpg
750.48046875	0.0	image/367	367	384246	train2017/000000080619.jpg
751.265625	0.0	image/446	446	384648	train2017/000000100599.jpg
752.0703125	0.0	image/437	437	385060	train2017/000000060117.jpg
752.853515625	0.0	image/432	432	385461	train2017/000000096161.jpg
753.638671875	0.0	image/444	444	385863	train2017/000000100396.jpg
754.451171875	0.0	image/472	472	386279	train2017/000000110780.jpg
755.23828125	0.0	image/378	378	386682	train2017/000000319517.jpg
756.048828125	0.0	image/399	399	387097	train2017/000000320508.jpg
757.650390625	0.0	image/373	373	387917	train2017/000000081841.jpg
758.455078125	0.0	image/435	435	388329	train2017/000000097218.jpg
759.283203125	0.0	image/395	395	388753	train2017/000000087146.jpg
760.07421875	0.0	image/426	426	389158	train2017/000000357074.jpg
761.701171875	0.0	image/448	448	389991	train2017/000000101069.jpg
762.486328125	0.0	image/432	432	390393	train2017/000000096161.jpg
763.291015625	0.0	image/406	406	390805	train2017/000000352236.jpg
764.07421875	0.0	image/365	365	391206	train2017/000000080084.jpg
764.869140625	0.0	image/407	407	391613	train2017/000000352724.jpg
765.671875	0.0	image/463	463	392024	train2017/000000369171.jpg
766.470703125	0.0	image/456	456	392433	train2017/000000104081.jpg
767.251953125	0.0	image/389	389	392833	train2017/000000346583.jpg
768.05859375	0.0	image/382	382	393246	train2017/000000345149.jpg
768.869140625	0.0	image/383	383	393661	train2017/000000083393.jpg
769.654296875	0.0	image/470	470	394063	train2017/000000110611.jpg
770.458984375	0.0	image/429	429	394475	train2017/000000095337.jpg
771.244140625	0.0	image/398	398	394877	train2017/000000087871.jpg
772.787109375	0.0	image/413	413	395667	train2017/000000364806.jpg
773.572265625	0.0	image/370	370	396069	train2017/000000081105.jpg
774.361328125	0.0	image/448	448	396473	train2017/000000101069.jpg
775.14453125	0.0	image/476	476	396874	train2017/000000112734.jpg
776.6953125	0.0	image/372	372	397668	train2017/000000081474.jpg
777.525390625	0.0	image/418	418	398093	train2017/000000092221.jpg
778.33984375	0.0	image/394	394	398510	train2017/000000087126.jpg
779.107421875	0.0	image/415	415	398903	train2017/000000354045.jpg
779.9296875	0.0	image/366	366	399324	train2017/000000080275.jpg
780.70703125	0.0	image/375	375	399722	train2017/000000081961.jpg
781.474609375	0.0	image/459	459	400115	train2017/000000366802.jpg
782.296875	0.0	image/361	361	400536	train2017/000000340317.jpg
783.07421875	0.0	image/431	431	400934	train2017/000000095828.jpg
783.84375	0.0	image/477	477	401328	train2017/000000113593.jpg
784.607421875	0.0	image/412	412	401719	train2017/000000408492.jpg
785.4140625	0.0	image/402	402	402132	train2017/000000088835.jpg
786.2265625	0.0	image/462	462	402548	train2017/000000368852.jpg
787.02734375	0.0	image/383	383	402958	train2017/000000083393.jpg
787.84765625	0.0	image/371	371	403378	train2017/000000081365.jpg
788.646484375	0.0	image/453	453	403787	train2017/000000103366.jpg
789.41015625	0.0	image/470	470	404178	train2017/000000110611.jpg
790.193359375	0.0	image/464	464	404579	train2017/000000369230.jpg
790.994140625	0.0	image/385	385	404989	train2017/000000345751.jpg
792.6171875	0.0	image/390	390	405820	train2017/000000346754.jpg
793.412109375	0.0	image/364	364	406227	train2017/000000275335.jpg
794.193359375	0.0	image/451	451	406627	train2017/000000365003.jpg
794.9609375	0.0	image/401	401	407020	train2017/000000088414.jpg
795.73046875	0.0	image/373	373	407414	train2017/000000081841.jpg
796.517578125	0.0	image/478	478	407817	train2017/000000114035.jpg
797.30078125	0.0	image/439	439	408218	train2017/000000361193.jpg
798.130859375	0.0	image/473	473	408643	train2017/000000372959.jpg
799.71875	0.0	image/443	443	409456	train2017/000000099580.jpg
800.517578125	0.0	image/478	478	409865	train2017/000000114035.jpg
801.296875	0.0	image/391	391	410264	train2017/000000346795.jpg
802.09765625	0.0	image/371	371	410674	train2017/000000081365.jpg
802.919921875	0.0	image/433	433	411095	train2017/000000359085.jpg
803.73046875	0.0	image/423	423	411510	train2017/000000355622.jpg
804.51953125	0.0	image/398	398	411914	train2017/000000087871.jpg
805.298828125	0.0	image/419	419	412313	train2017/000000092288.jpg
806.087890625	0.0	image/461	461	412717	train2017/000000106107.jpg
806.865234375	0.0	image/414	414	413115	train2017/000000091784.jpg
807.634765625	0.0	image/456	456	413509	train2017/000000104081.jpg
808.431640625	0.0	image/367	367	413917	train2017/000000080619.jpg
809.23828125	0.0	image/368	368	414330	train2017/000000008471.jpg
810.048828125	0.0	image/459	459	414745	train2017/000000366802.jpg
810.83203125	0.0	image/366	366	415146	train2017/000000080275.jpg
811.6015625	0.0	image/441	441	415540	train2017/000000099363.jpg
812.388671875	0.0	image/445	445	415943	train2017/000000362677.jpg
813.990234375	0.0	image/372	372	416763	train2017/000000081474.jpg
814.78515625	0.0	image/406	406	417170	train2017/000000352236.jpg
816.3359375	0.0	image/430	430	417964	train2017/000000357865.jpg
817.140625	0.0	image/408	408	418376	train2017/000000352861.jpg
817.935546875	0.0	image/443	443	418783	train2017/000000099580.jpg
818.734375	0.0	image/378	378	419192	train2017/000000319517.jpg
819.501953125	0.0	image/362	362	419585	train2017/000000340734.jpg
820.30859375	0.0	image/409	409	419998	train2017/000000090827.jpg
821.107421875	0.0	image/442	442	420407	train2017/000000361648.jpg
821.892578125	0.0	image/455	455	420809	train2017/000000104044.jpg
822.708984375	0.0	image/468	468	421227	train2017/000000542304.jpg
823.51953125	0.0	image/453	453	421642	train2017/000000103366.jpg
824.30859375	0.0	image/405	405	422046	train2017/000000189765.jpg
825.09375	0.0	image/369	369	422448	train2017/000000080987.jpg
825.876953125	0.0	image/461	461	422849	train2017/000000106107.jpg
826.7109375	0.0	image/454	454	423276	train2017/000000366146.jpg
827.50390625	0.0	image/466	466	423682	train2017/000000107204.jpg
828.287109375	0.0	image/479	479	424083	train2017/000000114077.jpg
829.072265625	0.0	image/410	410	424485	train2017/000000090994.jpg
830.72265625	0.0	image/380	380	425330	train2017/000000082650.jpg
831.52734375	0.0	image/377	377	425742	train2017/000000450584.jpg
832.306640625	0.0	image/385	385	426141	train2017/000000345751.jpg
833.123046875	0.0	image/386	386	426559	train2017/000000083632.jpg
833.927734375	0.0	image/438	438	426971	train2017/000000147547.jpg
834.740234375	0.0	image/377	377	427387	train2017/000000450584.jpg
835.5625	0.0	image/387	387	427808	train2017/000000083738.jpg
836.345703125	0.0	image/386	386	428209	train2017/000000083632.jpg
837.130859375	0.0	image/363	363	428611	train2017/000000079111.jpg
837.962890625	0.0	image/463	463	429037	train2017/000000369171.jpg
838.791015625	0.0	image/411	411	429461	train2017/000000091005.jpg
839.59765625	0.0	image/473	473	429874	train2017/000000372959.jpg
840.42578125	0.0	image/412	412	430298	train2017/000000408492.jpg
841.248046875	0.0	image/466	466	430719	train2017/000000107204.jpg
842.025390625	0.0	image/455	455	431117	train2017/000000104044.jpg
842.84375	0.0	image/420	420	431536	train2017/000000092353.jpg
843.6484375	0.0	image/476	476	431948	train2017/000000112734.jpg
844.458984375	0.0	image/402	402	432363	train2017/000000088835.jpg
845.248046875	0.0	image/416	416	432767	train2017/000000354095.jpg
846.048828125	0.0	image/388	388	433177	train2017/000000084174.jpg
846.857421875	0.0	image/425	425	433591	train2017/000000356771.jpg
847.666015625	0.0	image/394	394	434005	train2017/000000087126.jpg
848.4609375	0.0	image/465	465	434412	train2017/000000369253.jpg
849.2578125	0.0	image/417	417	434820	train2017/000000092001.jpg
850.025390625	0.0	image/379	379	435213	train2017/000000569678.jpg
850.80078125	0.0	image/400	400	435610	train2017/000000350299.jpg
851.595703125	0.0	image/468	468	436017	train2017/000000542304.jpg
852.412109375	0.0	image/374	374	436435	train2017/000000046372.jpg
853.197265625	0.0	image/404	404	436837	train2017/000000352129.jpg
853.994140625	0.0	image/467	467	437245	train2017/000000017935.jpg
854.810546875	0.0	image/449	449	437663	train2017/000000101952.jpg
855.6015625	0.0	image/469	469	438068	train2017/000000370369.jpg
856.4140625	0.0	image/440	440	438484	train2017/000000361197.jpg
858.01953125	0.0	image/428	428	439306	train2017/000000095176.jpg
859.66796875	0.0	image/434	434	440150	train2017/000000097201.jpg
860.48046875	0.0	image/416	416	440566	train2017/000000354095.jpg
861.287109375	0.0	image/457	457	440979	train2017/000000366396.jpg
862.12109375	0.0	image/428	428	441406	train2017/000000095176.jpg
862.900390625	0.0	image/407	407	441805	train2017/000000352724.jpg
863.6875	0.0	image/401	401	442208	train2017/000000088414.jpg
870.765625	0.0	image/486	486	445832	train2017/000000377703.jpg
871.548828125	0.0	image/508	508	446233	train2017/000000413472.jpg
872.326171875	0.0	image/553	553	446631	train2017/000000134562.jpg
873.109375	0.0	image/507	507	447032	train2017/000000383652.jpg
873.931640625	0.0	image/572	572	447453	train2017/000000138785.jpg
874.744140625	0.0	image/545	545	447869	train2017/000000131967.jpg
875.529296875	0.0	image/573	573	448271	train2017/000000138904.jpg
876.31640625	0.0	image/515	515	448674	train2017/000000123692.jpg
877.126953125	0.0	image/482	482	449089	train2017/000000376643.jpg
877.93359375	0.0	image/579	579	449502	train2017/000000139815.jpg
878.734375	0.0	image/511	511	449912	train2017/000000122776.jpg
879.55078125	0.0	image/555	555	450330	train2017/000000397192.jpg
880.349609375	0.0	image/570	570	450739	train2017/000000400581.jpg
881.146484375	0.0	image/577	577	451147	train2017/000000139561.jpg
881.951171875	0.0	image/531	531	451559	train2017/000000391754.jpg
882.767578125	0.0	image/536	536	451977	train2017/000000196584.jpg
883.548828125	0.0	image/548	548	452377	train2017/000000395775.jpg
884.330078125	0.0	image/506	506	452777	train2017/000000383641.jpg
885.134765625	0.0	image/491	491	453189	train2017/000000116603.jpg
885.919921875	0.0	image/520	520	453591	train2017/000000125042.jpg
887.5703125	0.0	image/564	564	454436	train2017/000000399162.jpg
888.380859375	0.0	image/593	593	454851	train2017/000000196777.jpg
889.1875	0.0	image/525	525	455264	train2017/000000388980.jpg
889.998046875	0.0	image/555	555	455679	train2017/000000397192.jpg
890.8203125	0.0	image/509	509	456100	train2017/000000384235.jpg
891.599609375	0.0	image/484	484	456499	train2017/000000114822.jpg
892.365234375	0.0	image/600	600	456891	train2017/000000143420.jpg
893.1875	0.0	image/503	503	457312	train2017/000000382890.jpg
894.0	0.0	image/569	569	457728	train2017/000000138153.jpg
894.783203125	0.0	image/551	551	458129	train2017/000000134169.jpg
895.60546875	0.0	image/500	500	458550	train2017/000000381961.jpg
896.384765625	0.0	image/560	560	458949	train2017/000000136111.jpg
897.951171875	0.0	image/558	558	459751	train2017/000000398083.jpg
898.755859375	0.0	image/528	528	460163	train2017/000000239828.jpg
899.55078125	0.0	image/518	518	460570	train2017/000000124711.jpg
900.333984375	0.0	image/597	597	460971	train2017/000000143245.jpg
901.134765625	0.0	image/503	503	461381	train2017/000000382890.jpg
901.935546875	0.0	image/520	520	461791	train2017/000000125042.jpg
902.736328125	0.0	image/505	505	462201	train2017/000000120987.jpg
903.5546875	0.0	image/556	556	462620	train2017/000000135316.jpg
904.3359375	0.0	image/552	552	463020	train2017/000000396550.jpg
905.119140625	0.0	image/517	517	463421	train2017/000000123891.jpg
905.94140625	0.0	image/549	549	463842	train2017/000000197068.jpg
906.75390625	0.0	image/497	497	464258	train2017/000000282032.jpg
907.53515625	0.0	image/576	576	464658	train2017/000000401699.jpg
908.326171875	0.0	image/581	581	465063	train2017/000000402199.jpg
909.13671875	0.0	image/526	526	465478	train2017/000000389582.jpg
909.958984375	0.0	image/515	515	465899	train2017/000000123692.jpg
911.52734375	0.0	image/537	537	466702	train2017/000000371353.jpg
912.3203125	0.0	image/485	485	467108	train2017/000000377576.jpg
913.1484375	0.0	image/568	568	467532	train2017/000000399984.jpg
913.923828125	0.0	image/538	538	467929	train2017/000000130973.jpg
915.544921875	0.0	image/484	484	468759	train2017/000000114822.jpg
916.33984375	0.0	image/500	500	469166	train2017/000000381961.jpg
917.162109375	0.0	image/596	596	469587	train2017/000000405215.jpg
917.95703125	0.0	image/547	547	469994	train2017/000000395758.jpg
918.7578125	0.0	image/489	489	470404	train2017/000000115967.jpg
919.5625	0.0	image/566	566	470816	train2017/000000399835.jpg
920.390625	0.0	image/527	527	471240	train2017/000000390120.jpg
921.212890625	0.0	image/588	588	471661	train2017/000000403739.jpg
921.99609375	0.0	image/598	598	472062	train2017/000000405437.jpg
922.810546875	0.0	image/559	559	472479	train2017/000000135965.jpg
923.59765625	0.0	image/522	522	472882	train2017/000000125586.jpg
924.380859375	0.0	image/496	496	473283	train2017/000000380989.jpg
925.158203125	0.0	image/487	487	473681	train2017/000000115637.jpg
925.96484375	0.0	image/559	559	474094	train2017/000000135965.jpg
926.759765625	0.0	image/539	539	474501	train2017/000000131011.jpg
927.576171875	0.0	image/594	594	474919	train2017/000000404823.jpg
929.1484375	0.0	image/552	552	475724	train2017/000000396550.jpg
929.958984375	0.0	image/529	529	476139	train2017/000000129060.jpg
930.75	0.0	image/494	494	476544	train2017/000000380227.jpg
931.525390625	0.0	image/554	554	476941	train2017/000000135032.jpg
933.095703125	0.0	image/554	554	477745	train2017/000000135032.jpg
933.916015625	0.0	image/581	581	478165	train2017/000000402199.jpg
934.693359375	0.0	image/528	528	478563	train2017/000000239828.jpg
935.4765625	0.0	image/562	562	478964	train2017/000000022696.jpg
936.251953125	0.0	image/499	499	479361	train2017/000000575164.jpg
937.060546875	0.0	image/556	556	479775	train2017/000000135316.jpg
937.845703125	0.0	image/542	542	480177	train2017/000000284089.jpg
938.6484375	0.0	image/561	561	480588	train2017/000000136142.jpg
940.279296875	0.0	image/590	590	481423	train2017/000000404007.jpg
941.0859375	0.0	image/496	496	481836	train2017/000000380989.jpg
941.916015625	0.0	image/576	576	482261	train2017/000000401699.jpg
942.71875	0.0	image/561	561	482672	train2017/000000136142.jpg
943.529296875	0.0	image/587	587	483087	train2017/000000403535.jpg
944.296875	0.0	image/589	589	483480	train2017/000000403789.jpg
945.87109375	0.0	image/594	594	484286	train2017/000000404823.jpg
946.6875	0.0	image/574	574	484704	train2017/000000139344.jpg
947.5	0.0	image/592	592	485120	train2017/000000504289.jpg
949.087890625	0.0	image/557	557	485933	train2017/000000022627.jpg
949.904296875	0.0	image/573	573	486351	train2017/000000138904.jpg
950.701171875	0.0	image/541	541	486759	train2017/000000131524.jpg
951.51953125	0.0	image/482	482	487178	train2017/000000376643.jpg
952.333984375	0.0	image/537	537	487595	train2017/000000371353.jpg
953.919921875	0.0	image/514	514	488407	train2017/000000282707.jpg
954.72265625	0.0	image/519	519	488818	train2017/000000124747.jpg
955.55078125	0.0	image/493	493	489242	train2017/000000379713.jpg
956.33984375	0.0	image/574	574	489646	train2017/000000139344.jpg
957.150390625	0.0	image/498	498	490061	train2017/000000119669.jpg
957.935546875	0.0	image/577	577	490463	train2017/000000139561.jpg
958.751953125	0.0	image/539	539	490881	train2017/000000131011.jpg
959.53515625	0.0	image/582	582	491282	train2017/000000140590.jpg
960.357421875	0.0	image/540	540	491703	train2017/000000021826.jpg
961.142578125	0.0	image/485	485	492105	train2017/000000377576.jpg
962.775390625	0.0	image/563	563	492941	train2017/000000398540.jpg
963.603515625	0.0	image/513	513	493365	train2017/000000282631.jpg
964.392578125	0.0	image/525	525	493769	train2017/000000388980.jpg
965.193359375	0.0	image/529	529	494179	train2017/000000129060.jpg
966.009765625	0.0	image/523	523	494597	train2017/000000125703.jpg
966.810546875	0.0	image/590	590	495007	train2017/000000404007.jpg
967.623046875	0.0	image/504	504	495423	train2017/000000382951.jpg
968.4375	0.0	image/486	486	495840	train2017/000000377703.jpg
969.2265625	0.0	image/531	531	496244	train2017/000000391754.jpg
970.005859375	0.0	image/540	540	496643	train2017/000000021826.jpg
971.578125	0.0	image/599	599	497448	train2017/000000388853.jpg
973.177734375	0.0	image/535	535	498267	train2017/000000392851.jpg
973.978515625	0.0	image/583	583	498677	train2017/000000198195.jpg
974.76171875	0.0	image/532	532	499078	train2017/000000130181.jpg
975.576171875	0.0	image/517	517	499495	train2017/000000123891.jpg
976.396484375	0.0	image/547	547	499915	train2017/000000395758.jpg
977.20703125	0.0	image/599	599	500330	train2017/000000388853.jpg
978.009765625	0.0	image/523	523	500741	train2017/000000125703.jpg
979.57421875	0.0	image/505	505	501542	train2017/000000120987.jpg
980.392578125	0.0	image/494	494	501961	train2017/000000380227.jpg
981.197265625	0.0	image/512	512	502373	train2017/000000122811.jpg
982.814453125	0.0	image/600	600	503201	train2017/000000143420.jpg
983.625	0.0	image/502	502	503616	train2017/000000120655.jpg
985.19921875	0.0	image/492	492	504422	train2017/000000150636.jpg
986.009765625	0.0	image/575	575	504837	train2017/000000139551.jpg
987.6171875	0.0	image/516	516	505660	train2017/000000385864.jpg
988.443359375	0.0	image/504	504	506083	train2017/000000382951.jpg
989.234375	0.0	image/527	527	506488	train2017/000000390120.jpg
990.02734375	0.0	image/560	560	506894	train2017/000000136111.jpg
990.810546875	0.0	image/553	553	507295	train2017/000000134562.jpg
991.578125	0.0	image/572	572	507688	train2017/000000138785.jpg
992.345703125	0.0	image/510	510	508081	train2017/000000544738.jpg
993.15234375	0.0	image/488	488	508494	train2017/000000115649.jpg
993.978515625	0.0	image/513	513	508917	train2017/000000282631.jpg
994.78515625	0.0	image/501	501	509330	train2017/000000353175.jpg
996.37890625	0.0	image/495	495	510146	train2017/000000380729.jpg
997.185546875	0.0	image/567	567	510559	train2017/000000137706.jpg
998.015625	0.0	image/548	548	510984	train2017/000000395775.jpg
998.798828125	0.0	image/542	542	511385	train2017/000000284089.jpg
1000.3984375	0.0	image/524	524	512204	train2017/000000125725.jpg
1001.197265625	0.0	image/586	586	512613	train2017/000000154556.jpg
1001.970703125	0.0	image/588	588	513009	train2017/000000403739.jpg
1002.75390625	0.0	image/533	533	513410	train2017/000000392556.jpg
1003.548828125	0.0	image/596	596	513817	train2017/000000405215.jpg
1004.37109375	0.0	image/571	571	514238	train2017/000000229233.jpg
1005.150390625	0.0	image/566	566	514637	train2017/000000399835.jpg
1005.94921875	0.0	image/575	575	515046	train2017/000000139551.jpg
1006.73828125	0.0	image/506	506	515450	train2017/000000383641.jpg
1007.521484375	0.0	image/569	569	515851	train2017/000000138153.jpg
1008.3359375	0.0	image/591	591	516268	train2017/000000404282.jpg
1009.140625	0.0	image/518	518	516680	train2017/000000124711.jpg
1009.966796875	0.0	image/498	498	517103	train2017/000000119669.jpg
1010.76953125	0.0	image/562	562	517514	train2017/000000022696.jpg
1011.58984375	0.0	image/521	521	517934	train2017/000000387318.jpg
1012.40625	0.0	image/497	497	518352	train2017/000000282032.jpg
1013.240234375	0.0	image/565	565	518779	train2017/000000197656.jpg
1014.07421875	0.0	image/490	490	519206	train2017/000000116588.jpg
1014.884765625	0.0	image/593	593	519621	train2017/000000196777.jpg
1015.69140625	0.0	image/502	502	520034	train2017/000000120655.jpg
1017.275390625	0.0	image/583	583	520845	train2017/000000198195.jpg
1018.109375	0.0	image/526	526	521272	train2017/000000389582.jpg
1018.904296875	0.0	image/565	565	521679	train2017/000000197656.jpg
1019.720703125	0.0	image/591	591	522097	train2017/000000404282.jpg
1020.54296875	0.0	image/511	511	522518	train2017/000000122776.jpg
1021.3203125	0.0	image/490	490	522916	train2017/000000116588.jpg
1022.125	0.0	image/530	530	523328	train2017/000000391678.jpg
1023.720703125	0.0	image/580	580	524145	train2017/000000402057.jpg
1024.5078125	0.0	image/510	510	524548	train2017/000000544738.jpg
1025.310546875	0.0	image/538	538	524959	train2017/000000130973.jpg
1026.087890625	0.0	image/532	532	525357	train2017/000000130181.jpg
1026.873046875	0.0	image/516	516	525759	train2017/000000385864.jpg
1027.638671875	0.0	image/598	598	526151	train2017/000000405437.jpg
1028.4453125	0.0	image/584	584	526564	train2017/000000285588.jpg
1029.240234375	0.0	image/501	501	526971	train2017/000000353175.jpg
1030.0234375	0.0	image/508	508	527372	train2017/000000413472.jpg
1030.83984375	0.0	image/534	534	527790	train2017/000000130681.jpg
1031.60546875	0.0	image/558	558	528182	train2017/000000398083.jpg
1032.408203125	0.0	image/557	557	528593	train2017/000000022627.jpg
1033.1953125	0.0	image/584	584	528996	train2017/000000285588.jpg
1033.98046875	0.0	image/509	509	529398	train2017/000000384235.jpg
1034.78125	0.0	image/544	544	529808	train2017/000000394008.jpg
1035.615234375	0.0	image/563	563	530235	train2017/000000398540.jpg
1036.44140625	0.0	image/493	493	530658	train2017/000000379713.jpg
1037.248046875	0.0	image/551	551	531071	train2017/000000134169.jpg
1038.03125	0.0	image/544	544	531472	train2017/000000394008.jpg
1038.841796875	0.0	image/550	550	531887	train2017/000000066014.jpg
1039.6328125	0.0	image/564	564	532292	train2017/000000399162.jpg
1040.443359375	0.0	image/522	522	532707	train2017/000000125586.jpg
1041.259765625	0.0	image/589	589	533125	train2017/000000403789.jpg
1042.048828125	0.0	image/483	483	533529	train2017/000000376858.jpg
1042.845703125	0.0	image/514	514	533937	train2017/000000282707.jpg
1044.4765625	0.0	image/568	568	534772	train2017/000000399984.jpg
1045.30078125	0.0	image/595	595	535194	train2017/000000142803.jpg
1046.130859375	0.0	image/578	578	535619	train2017/000000401720.jpg
1046.9296875	0.0	image/489	489	536028	train2017/000000115967.jpg
1047.734375	0.0	image/481	481	536440	train2017/000000114274.jpg
1048.544921875	0.0	image/543	543	536855	train2017/000000131763.jpg
1049.3125	0.0	image/524	524	537248	train2017/000000125725.jpg
1050.119140625	0.0	image/495	495	537661	train2017/000000380729.jpg
1050.90234375	0.0	image/519	519	538062	train2017/000000124747.jpg
1051.6796875	0.0	image/580	580	538460	train2017/000000402057.jpg
1052.498046875	0.0	image/535	535	538879	train2017/000000392851.jpg
1053.26953125	0.0	image/521	521	539274	train2017/000000387318.jpg
1054.09765625	0.0	image/492	492	539698	train2017/000000150636.jpg
1054.869140625	0.0	image/512	512	540093	train2017/000000122811.jpg
1055.6875	0.0	image/507	507	540512	train2017/000000383652.jpg
1057.3046875	0.0	image/567	567	541340	train2017/000000137706.jpg
1058.08203125	0.0	image/582	582	541738	train2017/000000140590.jpg
1058.8984375	0.0	image/571	571	542156	train2017/000000229233.jpg
1059.6875	0.0	image/530	530	542560	train2017/000000391678.jpg
1060.5	0.0	image/545	545	542976	train2017/000000131967.jpg
1061.298828125	0.0	image/546	546	543385	train2017/000000133281.jpg
1062.10546875	0.0	image/543	543	543798	train2017/000000131763.jpg
1063.705078125	0.0	image/578	578	544617	train2017/000000401720.jpg
1064.537109375	0.0	image/487	487	545043	train2017/000000115637.jpg
1065.31640625	0.0	image/586	586	545442	train2017/000000154556.jpg
1066.123046875	0.0	image/579	579	545855	train2017/000000139815.jpg
1066.93359375	0.0	image/536	536	546270	train2017/000000196584.jpg
1067.736328125	0.0	image/587	587	546681	train2017/000000403535.jpg
1068.5078125	0.0	image/491	491	547076	train2017/000000116603.jpg
1069.3359375	0.0	image/570	570	547500	train2017/000000400581.jpg
1070.119140625	0.0	image/549	549	547901	train2017/000000197068.jpg
1070.92578125	0.0	image/481	481	548314	train2017/000000114274.jpg
1071.7578125	0.0	image/534	534	548740	train2017/000000130681.jpg
1072.537109375	0.0	image/597	597	549139	train2017/000000143245.jpg
1073.30859375	0.0	image/483	483	549534	train2017/000000376858.jpg
1074.091796875	0.0	image/585	585	549935	train2017/000000140724.jpg
1074.92578125	0.0	image/533	533	550362	train2017/000000392556.jpg
1075.708984375	0.0	image/499	499	550763	train2017/000000575164.jpg
1076.5234375	0.0	image/550	550	551180	train2017/000000066014.jpg
1077.359375	0.0	image/592	592	551608	train2017/000000504289.jpg
1078.169921875	0.0	image/595	595	552023	train2017/000000142803.jpg
1078.962890625	0.0	image/585	585	552429	train2017/000000140724.jpg
1079.759765625	0.0	image/488	488	552837	train2017/000000115649.jpg
1080.537109375	0.0	image/546	546	553235	train2017/000000133281.jpg
1081.322265625	0.0	image/541	541	553637	train2017/000000131524.jpg
1088.50390625	0.0	image/632	632	557314	train2017/000000068996.jpg
1089.28515625	0.0	image/602	602	557714	train2017/000000406292.jpg
1090.068359375	0.0	image/698	698	558115	train2017/000000433021.jpg
1090.884765625	0.0	image/660	660	558533	train2017/000000422268.jpg
1091.65625	0.0	image/680	680	558928	train2017/000000485595.jpg
1092.48828125	0.0	image/702	702	559354	train2017/000000171328.jpg
1093.318359375	0.0	image/604	604	559779	train2017/000000406445.jpg
1094.134765625	0.0	image/624	624	560197	train2017/000000412857.jpg
1094.95703125	0.0	image/668	668	560618	train2017/000000423222.jpg
1095.755859375	0.0	image/640	640	561027	train2017/000000162230.jpg
1096.57421875	0.0	image/606	606	561446	train2017/000000407778.jpg
1097.3671875	0.0	image/700	700	561852	train2017/000000170968.jpg
1098.18359375	0.0	image/663	663	562270	train2017/000000463620.jpg
1098.951171875	0.0	image/716	716	562663	train2017/000000437967.jpg
1099.755859375	0.0	image/675	675	563075	train2017/000000163250.jpg
1100.552734375	0.0	image/646	646	563483	train2017/000000417141.jpg
1101.357421875	0.0	image/669	669	563895	train2017/000000161328.jpg
1102.173828125	0.0	image/652	652	564313	train2017/000000113449.jpg
1103.00390625	0.0	image/614	614	564738	train2017/000000147694.jpg
1103.787109375	0.0	image/647	647	565139	train2017/000000417264.jpg
1104.591796875	0.0	image/689	689	565551	train2017/000000508456.jpg
1105.404296875	0.0	image/680	680	565967	train2017/000000485595.jpg
1106.20703125	0.0	image/621	621	566378	train2017/000000150196.jpg
1107.04296875	0.0	image/664	664	566806	train2017/000000551063.jpg
1107.837890625	0.0	image/666	666	567213	train2017/000000161062.jpg
1108.64453125	0.0	image/678	678	567626	train2017/000000164502.jpg
1109.4453125	0.0	image/703	703	568036	train2017/000000171374.jpg
1110.2578125	0.0	image/719	719	568452	train2017/000000438751.jpg
1111.060546875	0.0	image/711	711	568863	train2017/000000174504.jpg
1111.841796875	0.0	image/720	720	569263	train2017/000000176728.jpg
1112.638671875	0.0	image/712	712	569671	train2017/000000174522.jpg
1113.4609375	0.0	image/665	665	570092	train2017/000000160735.jpg
1114.255859375	0.0	image/674	674	570499	train2017/000000425135.jpg
1115.044921875	0.0	image/662	662	570903	train2017/000000160181.jpg
1115.873046875	0.0	image/705	705	571327	train2017/000000028930.jpg
1116.67578125	0.0	image/605	605	571738	train2017/000000406595.jpg
1117.447265625	0.0	image/690	690	572133	train2017/000000043829.jpg
1118.224609375	0.0	image/699	699	572531	train2017/000000170917.jpg
1119.791015625	0.0	image/626	626	573333	train2017/000000412922.jpg
1120.55859375	0.0	image/651	651	573726	train2017/000000156084.jpg
1121.36328125	0.0	image/618	618	574138	train2017/000000149791.jpg
1122.16015625	0.0	image/677	677	574546	train2017/000000425712.jpg
1122.92578125	0.0	image/707	707	574938	train2017/000000173987.jpg
1123.728515625	0.0	image/620	620	575349	train2017/000000153394.jpg
1124.498046875	0.0	image/629	629	575743	train2017/000000151307.jpg
1125.28125	0.0	image/608	608	576144	train2017/000000024287.jpg
1126.076171875	0.0	image/616	616	576551	train2017/000000149221.jpg
1126.859375	0.0	image/710	710	576952	train2017/000000436578.jpg
1127.650390625	0.0	image/629	629	577357	train2017/000000151307.jpg
1128.443359375	0.0	image/644	644	577763	train2017/000000154207.jpg
1129.228515625	0.0	image/661	661	578165	train2017/000000160142.jpg
1130.0	0.0	image/671	671	578560	train2017/000000161836.jpg
1130.80078125	0.0	image/701	701	578970	train2017/000000079701.jpg
1131.611328125	0.0	image/687	687	579385	train2017/000000428726.jpg
1132.37890625	0.0	image/695	695	579778	train2017/000000284987.jpg
1133.146484375	0.0	image/622	622	580171	train2017/000000150559.jpg
1133.951171875	0.0	image/697	697	580583	train2017/000000433019.jpg
1134.77734375	0.0	image/686	686	581006	train2017/000000428691.jpg
1136.3515625	0.0	image/713	713	581812	train2017/000000291280.jpg
1137.146484375	0.0	image/653	653	582219	train2017/000000157119.jpg
1137.96875	0.0	image/715	715	582640	train2017/000000175715.jpg
1138.751953125	0.0	image/625	625	583041	train2017/000000369367.jpg
1139.546875	0.0	image/645	645	583448	train2017/000000416972.jpg
1140.353515625	0.0	image/678	678	583861	train2017/000000164502.jpg
1141.1640625	0.0	image/609	609	584276	train2017/000000504888.jpg
1142.73828125	0.0	image/683	683	585082	train2017/000000428605.jpg
1143.521484375	0.0	image/703	703	585483	train2017/000000171374.jpg
1144.30078125	0.0	image/667	667	585882	train2017/000000423209.jpg
1145.099609375	0.0	image/699	699	586291	train2017/000000170917.jpg
1145.921875	0.0	image/637	637	586712	train2017/000000506039.jpg
1146.734375	0.0	image/712	712	587128	train2017/000000174522.jpg
1147.5390625	0.0	image/615	615	587540	train2017/000000148263.jpg
1148.318359375	0.0	image/650	650	587939	train2017/000000419212.jpg
1149.10546875	0.0	image/601	601	588342	train2017/000000143594.jpg
1149.890625	0.0	image/621	621	588744	train2017/000000150196.jpg
1150.689453125	0.0	image/642	642	589153	train2017/000000154011.jpg
1151.484375	0.0	image/641	641	589560	train2017/000000415608.jpg
1153.103515625	0.0	image/685	685	590389	train2017/000000166504.jpg
1153.904296875	0.0	image/690	690	590799	train2017/000000043829.jpg
1154.685546875	0.0	image/651	651	591199	train2017/000000156084.jpg
1155.45703125	0.0	image/627	627	591594	train2017/000000150931.jpg
1156.26953125	0.0	image/609	609	592010	train2017/000000504888.jpg
1157.03515625	0.0	image/638	638	592402	train2017/000000414853.jpg
1157.8046875	0.0	image/612	612	592796	train2017/000000408965.jpg
1158.5703125	0.0	image/639	639	593188	train2017/000000415026.jpg
1160.1875	0.0	image/644	644	594016	train2017/000000154207.jpg
1160.9765625	0.0	image/688	688	594420	train2017/000000166764.jpg
1161.771484375	0.0	image/705	705	594827	train2017/000000028930.jpg
1163.357421875	0.0	image/684	684	595639	train2017/000000166489.jpg
1164.14453125	0.0	image/676	676	596042	train2017/000000163263.jpg
1164.94140625	0.0	image/602	602	596450	train2017/000000406292.jpg
1165.755859375	0.0	image/613	613	596867	train2017/000000147331.jpg
1166.572265625	0.0	image/637	637	597285	train2017/000000506039.jpg
1167.337890625	0.0	image/693	693	597677	train2017/000000431764.jpg
1168.125	0.0	image/718	718	598080	train2017/000000176085.jpg
1168.9453125	0.0	image/658	658	598500	train2017/000000563961.jpg
1169.7578125	0.0	image/611	611	598916	train2017/000000408922.jpg
1170.578125	0.0	image/619	619	599336	train2017/000000149810.jpg
1171.376953125	0.0	image/696	696	599745	train2017/000000028367.jpg
1172.15625	0.0	image/645	645	600144	train2017/000000416972.jpg
1173.763671875	0.0	image/709	709	600967	train2017/000000174303.jpg
1174.576171875	0.0	image/668	668	601383	train2017/000000423222.jpg
1175.36328125	0.0	image/685	685	601786	train2017/000000166504.jpg
1176.130859375	0.0	image/627	627	602179	train2017/000000150931.jpg
1176.9140625	0.0	image/718	718	602580	train2017/000000176085.jpg
1177.728515625	0.0	image/656	656	602997	train2017/000000157342.jpg
1178.529296875	0.0	image/631	631	603407	train2017/000000151414.jpg
1179.30859375	0.0	image/630	630	603806	train2017/000000462134.jpg
1180.099609375	0.0	image/672	672	604211	train2017/000000424110.jpg
1180.8984375	0.0	image/634	634	604620	train2017/000000152273.jpg
1181.7265625	0.0	image/660	660	605044	train2017/000000422268.jpg
1182.5	0.0	image/689	689	605440	train2017/000000508456.jpg
1183.283203125	0.0	image/711	711	605841	train2017/000000174504.jpg
1184.076171875	0.0	image/679	679	606247	train2017/000000164564.jpg
1184.8671875	0.0	image/706	706	606652	train2017/000000435902.jpg
1185.68359375	0.0	image/663	663	607070	train2017/000000463620.jpg
1186.5	0.0	image/692	692	607488	train2017/000000169262.jpg
1187.294921875	0.0	image/610	610	607895	train2017/000000146256.jpg
1188.111328125	0.0	image/606	606	608313	train2017/000000407778.jpg
1188.927734375	0.0	image/707	707	608731	train2017/000000173987.jpg
1189.71875	0.0	image/679	679	609136	train2017/000000164564.jpg
1190.546875	0.0	image/636	636	609560	train2017/000000549729.jpg
1191.34765625	0.0	image/695	695	609970	train2017/000000284987.jpg
1192.1640625	0.0	image/682	682	610388	train2017/000000014269.jpg
1192.96875	0.0	image/674	674	610800	train2017/000000425135.jpg
1193.76953125	0.0	image/675	675	611210	train2017/000000163250.jpg
1195.33203125	0.0	image/697	697	612010	train2017/000000433019.jpg
1196.154296875	0.0	image/709	709	612431	train2017/000000174303.jpg
1196.986328125	0.0	image/671	671	612857	train2017/000000161836.jpg
1197.8046875	0.0	image/641	641	613276	train2017/000000415608.jpg
1198.583984375	0.0	image/605	605	613675	train2017/000000406595.jpg
1199.34765625	0.0	image/622	622	614066	train2017/000000150559.jpg
1200.16796875	0.0	image/676	676	614486	train2017/000000163263.jpg
1200.982421875	0.0	image/684	684	614903	train2017/000000166489.jpg
1201.765625	0.0	image/670	670	615304	train2017/000000423488.jpg
1202.568359375	0.0	image/657	657	615715	train2017/000000419586.jpg
1203.35546875	0.0	image/636	636	616118	train2017/000000549729.jpg
1204.15625	0.0	image/608	608	616528	train2017/000000024287.jpg
1204.97265625	0.0	image/652	652	616946	train2017/000000113449.jpg
1205.751953125	0.0	image/658	658	617345	train2017/000000563961.jpg
1206.55078125	0.0	image/624	624	617754	train2017/000000412857.jpg
1207.3359375	0.0	image/656	656	618156	train2017/000000157342.jpg
1208.150390625	0.0	image/617	617	618573	train2017/000000411475.jpg
1209.736328125	0.0	image/677	677	619385	train2017/000000425712.jpg
1210.537109375	0.0	image/650	650	619795	train2017/000000419212.jpg
1211.318359375	0.0	image/639	639	620195	train2017/000000415026.jpg
1212.10546875	0.0	image/653	653	620598	train2017/000000157119.jpg
1212.875	0.0	image/615	615	620992	train2017/000000148263.jpg
1213.703125	0.0	image/659	659	621416	train2017/000000159680.jpg
1214.525390625	0.0	image/700	700	621837	train2017/000000170968.jpg
1215.33984375	0.0	image/687	687	622254	train2017/000000428726.jpg
1216.13671875	0.0	image/628	628	622662	train2017/000000151163.jpg
1216.958984375	0.0	image/623	623	623083	train2017/000000412855.jpg
1217.76953125	0.0	image/649	649	623498	train2017/000000418115.jpg
1218.5546875	0.0	image/694	694	623900	train2017/000000431825.jpg
1219.328125	0.0	image/654	654	624296	train2017/000000157125.jpg
1220.12109375	0.0	image/714	714	624702	train2017/000000437516.jpg
1220.90625	0.0	image/717	717	625104	train2017/000000438154.jpg
1221.689453125	0.0	image/607	607	625505	train2017/000000461187.jpg
1222.51171875	0.0	image/649	649	625926	train2017/000000418115.jpg
1224.078125	0.0	image/603	603	626728	train2017/000000144193.jpg
1224.87890625	0.0	image/720	720	627138	train2017/000000176728.jpg
1225.658203125	0.0	image/683	683	627537	train2017/000000428605.jpg
1226.423828125	0.0	image/632	632	627929	train2017/000000068996.jpg
1228.013671875	0.0	image/661	661	628743	train2017/000000160142.jpg
1228.796875	0.0	image/666	666	629144	train2017/000000161062.jpg
1229.630859375	0.0	image/681	681	629571	train2017/000000427729.jpg
1230.4296875	0.0	image/655	655	629980	train2017/000000157181.jpg
1231.2578125	0.0	image/665	665	630404	train2017/000000160735.jpg
1232.064453125	0.0	image/612	612	630817	train2017/000000408965.jpg
1232.859375	0.0	image/619	619	631224	train2017/000000149810.jpg
1233.66015625	0.0	image/620	620	631634	train2017/000000153394.jpg
1234.462890625	0.0	image/635	635	632045	train2017/000000152328.jpg
1235.2421875	0.0	image/717	717	632444	train2017/000000438154.jpg
1236.06640625	0.0	image/633	633	632866	train2017/000000414176.jpg
1236.849609375	0.0	image/673	673	633267	train2017/000000424138.jpg
1238.466796875	0.0	image/626	626	634095	train2017/000000412922.jpg
1239.294921875	0.0	image/616	616	634519	train2017/000000149221.jpg
1240.095703125	0.0	image/604	604	634929	train2017/000000406445.jpg
1240.912109375	0.0	image/628	628	635347	train2017/000000151163.jpg
1241.677734375	0.0	image/710	710	635739	train2017/000000436578.jpg
1242.451171875	0.0	image/706	706	636135	train2017/000000435902.jpg
1243.267578125	0.0	image/657	657	636553	train2017/000000419586.jpg
1244.095703125	0.0	image/669	669	636977	train2017/000000161328.jpg
1245.6484375	0.0	image/647	647	637772	train2017/000000417264.jpg
1246.41796875	0.0	image/623	623	638166	train2017/000000412855.jpg
1247.203125	0.0	image/654	654	638568	train2017/000000157125.jpg
1248.8203125	0.0	image/614	614	639396	train2017/000000147694.jpg
1249.63671875	0.0	image/694	694	639814	train2017/000000431825.jpg
1250.4375	0.0	image/640	640	640224	train2017/000000162230.jpg
1251.220703125	0.0	image/682	682	640625	train2017/000000014269.jpg
1251.998046875	0.0	image/704	704	641023	train2017/000000420713.jpg
1252.765625	0.0	image/714	714	641416	train2017/000000437516.jpg
1253.533203125	0.0	image/607	607	641809	train2017/000000461187.jpg
1255.138671875	0.0	image/672	672	642631	train2017/000000424110.jpg
1255.9375	0.0	image/643	643	643040	train2017/000000416279.jpg
1256.73828125	0.0	image/686	686	643450	train2017/000000428691.jpg
1257.521484375	0.0	image/716	716	643851	train2017/000000437967.jpg
1258.298828125	0.0	image/708	708	644249	train2017/000000174213.jpg
1259.888671875	0.0	image/643	643	645063	train2017/000000416279.jpg
1261.5234375	0.0	image/681	681	645900	train2017/000000427729.jpg
1262.306640625	0.0	image/655	655	646301	train2017/000000157181.jpg
1263.103515625	0.0	image/692	692	646709	train2017/000000169262.jpg
1263.90234375	0.0	image/713	713	647118	train2017/000000291280.jpg
1264.673828125	0.0	image/646	646	647513	train2017/000000417141.jpg
1265.451171875	0.0	image/662	662	647911	train2017/000000160181.jpg
1266.236328125	0.0	image/631	631	648313	train2017/000000151414.jpg
1267.041015625	0.0	image/601	601	648725	train2017/000000143594.jpg
1267.8515625	0.0	image/633	633	649140	train2017/000000414176.jpg
1269.50390625	0.0	image/715	715	649986	train2017/000000175715.jpg
1271.056640625	0.0	image/618	618	650781	train2017/000000149791.jpg
1271.84375	0.0	image/630	630	651184	train2017/000000462134.jpg
1272.63671875	0.0	image/702	702	651590	train2017/000000171328.jpg
1273.4375	0.0	image/625	625	652000	train2017/000000369367.jpg
1274.20703125	0.0	image/691	691	652394	train2017/000000168690.jpg
1275.021484375	0.0	image/610	610	652811	train2017/000000146256.jpg
1275.787109375	0.0	image/670	670	653203	train2017/000000423488.jpg
1276.578125	0.0	image/696	696	653608	train2017/000000028367.jpg
1277.359375	0.0	image/698	698	654008	train2017/000000433021.jpg
1278.193359375	0.0	image/664	664	654435	train2017/000000551063.jpg
1278.970703125	0.0	image/648	648	654833	train2017/000000417700.jpg
1280.595703125	0.0	image/617	617	655665	train2017/000000411475.jpg
1281.375	0.0	image/704	704	656064	train2017/000000420713.jpg
1282.939453125	0.0	image/693	693	656865	train2017/000000431764.jpg
1283.712890625	0.0	image/603	603	657261	train2017/000000144193.jpg
1284.5078125	0.0	image/688	688	657668	train2017/000000166764.jpg
1285.314453125	0.0	image/634	634	658081	train2017/000000152273.jpg
1286.125	0.0	image/642	642	658496	train2017/000000154011.jpg
1286.92578125	0.0	image/691	691	658906	train2017/000000168690.jpg
1287.724609375	0.0	image/635	635	659315	train2017/000000152328.jpg
1288.53125	0.0	image/613	613	659728	train2017/000000147331.jpg
1289.30859375	0.0	image/673	673	660126	train2017/000000424138.jpg
1290.916015625	0.0	image/648	648	660949	train2017/000000417700.jpg
1291.748046875	0.0	image/611	611	661375	train2017/000000408922.jpg
1292.533203125	0.0	image/638	638	661777	train2017/000000414853.jpg
1294.1328125	0.0	image/719	719	662596	train2017/000000438751.jpg
1294.912109375	0.0	image/659	659	662995	train2017/000000159680.jpg
1295.68359375	0.0	image/701	701	663390	train2017/000000079701.jpg
1297.283203125	0.0	image/708	708	664209	train2017/000000174213.jpg
1298.0625	0.0	image/667	667	664608	train2017/000000423209.jpg
1304.595703125	0.0	image/728	728	667953	train2017/000000395740.jpg
1305.421875	0.0	image/769	769	668376	train2017/000000189893.jpg
1306.20703125	0.0	image/801	801	668778	train2017/000000459190.jpg
1306.99609375	0.0	image/804	804	669182	train2017/000000460236.jpg
1307.775390625	0.0	image/778	778	669581	train2017/000000191686.jpg
1308.5625	0.0	image/814	814	669984	train2017/000000201969.jpg
1309.341796875	0.0	image/768	768	670383	train2017/000000189888.jpg
1310.1640625	0.0	image/759	759	670804	train2017/000000449914.jpg
1310.958984375	0.0	image/764	764	671211	train2017/000000450903.jpg
1311.78125	0.0	image/806	806	671632	train2017/000000198319.jpg
1312.591796875	0.0	image/782	782	672047	train2017/000000454830.jpg
1313.39453125	0.0	image/817	817	672458	train2017/000000202805.jpg
1314.21484375	0.0	image/786	786	672878	train2017/000000193023.jpg
1315.03125	0.0	image/771	771	673296	train2017/000000190271.jpg
1315.859375	0.0	image/796	796	673720	train2017/000000338501.jpg
1317.431640625	0.0	image/748	748	674525	train2017/000000184822.jpg
1318.232421875	0.0	image/743	743	674935	train2017/000000189388.jpg
1319.04296875	0.0	image/767	767	675350	train2017/000000189794.jpg
1319.806640625	0.0	image/781	781	675741	train2017/000000192631.jpg
1320.58203125	0.0	image/811	811	676138	train2017/000000201722.jpg
1322.2109375	0.0	image/768	768	676972	train2017/000000189888.jpg
1323.01171875	0.0	image/779	779	677382	train2017/000000191740.jpg
1323.810546875	0.0	image/819	819	677791	train2017/000000298139.jpg
1324.583984375	0.0	image/827	827	678187	train2017/000000296474.jpg
1325.384765625	0.0	image/773	773	678597	train2017/000000303133.jpg
1326.16796875	0.0	image/797	797	678998	train2017/000000458178.jpg
1326.99609375	0.0	image/817	817	679422	train2017/000000202805.jpg
1327.818359375	0.0	image/785	785	679843	train2017/000000119550.jpg
1328.62890625	0.0	image/734	734	680258	train2017/000000442489.jpg
1329.396484375	0.0	image/799	799	680651	train2017/000000196368.jpg
1330.203125	0.0	image/759	759	681064	train2017/000000449914.jpg
1331.013671875	0.0	image/734	734	681479	train2017/000000442489.jpg
1331.783203125	0.0	image/744	744	681873	train2017/000000182799.jpg
1332.568359375	0.0	image/782	782	682275	train2017/000000454830.jpg
1333.369140625	0.0	image/821	821	682685	train2017/000000077686.jpg
1334.1484375	0.0	image/772	772	683084	train2017/000000190487.jpg
1334.953125	0.0	image/733	733	683496	train2017/000000179914.jpg
1335.767578125	0.0	image/732	732	683913	train2017/000000179480.jpg
1336.564453125	0.0	image/760	760	684321	train2017/000000276853.jpg
1337.333984375	0.0	image/820	820	684715	train2017/000000203937.jpg
1338.1484375	0.0	image/821	821	685132	train2017/000000077686.jpg
1338.94921875	0.0	image/783	783	685542	train2017/000000454915.jpg
1339.755859375	0.0	image/787	787	685955	train2017/000000193318.jpg
1340.572265625	0.0	image/818	818	686373	train2017/000000465412.jpg
1341.37109375	0.0	image/783	783	686782	train2017/000000454915.jpg
1342.15625	0.0	image/779	779	687184	train2017/000000191740.jpg
1342.982421875	0.0	image/787	787	687607	train2017/000000193318.jpg
1343.806640625	0.0	image/740	740	688029	train2017/000000161354.jpg
1344.634765625	0.0	image/809	809	688453	train2017/000000462505.jpg
1345.44140625	0.0	image/834	834	688866	train2017/000000469816.jpg
1347.0234375	0.0	image/737	737	689676	train2017/000000443377.jpg
1347.841796875	0.0	image/753	753	690095	train2017/000000006178.jpg
1348.65234375	0.0	image/838	838	690510	train2017/000000208849.jpg
1350.224609375	0.0	image/723	723	691315	train2017/000000439241.jpg
1351.021484375	0.0	image/752	752	691723	train2017/000000036151.jpg
1352.5859375	0.0	image/721	721	692524	train2017/000000176873.jpg
1353.35546875	0.0	image/748	748	692918	train2017/000000184822.jpg
1354.140625	0.0	image/806	806	693320	train2017/000000198319.jpg
1354.939453125	0.0	image/815	815	693729	train2017/000000202050.jpg
1355.705078125	0.0	image/739	739	694121	train2017/000000443575.jpg
1357.328125	0.0	image/838	838	694952	train2017/000000208849.jpg
1358.16015625	0.0	image/823	823	695378	train2017/000000204422.jpg
1358.9609375	0.0	image/781	781	695788	train2017/000000192631.jpg
1359.77734375	0.0	image/777	777	696206	train2017/000000453682.jpg
1360.578125	0.0	image/791	791	696616	train2017/000000194054.jpg
1361.388671875	0.0	image/797	797	697031	train2017/000000458178.jpg
1362.990234375	0.0	image/767	767	697851	train2017/000000189794.jpg
1363.796875	0.0	image/829	829	698264	train2017/000000206467.jpg
1364.60546875	0.0	image/751	751	698678	train2017/000000185225.jpg
1365.37890625	0.0	image/789	789	699074	train2017/000000455657.jpg
1366.158203125	0.0	image/722	722	699473	train2017/000000073172.jpg
1366.98046875	0.0	image/791	791	699894	train2017/000000194054.jpg
1367.7734375	0.0	image/780	780	700300	train2017/000000192576.jpg
1368.57421875	0.0	image/808	808	700710	train2017/000000461428.jpg
1369.380859375	0.0	image/836	836	701123	train2017/000000470907.jpg
1370.2109375	0.0	image/832	832	701548	train2017/000000203615.jpg
1370.994140625	0.0	image/738	738	701949	train2017/000000204969.jpg
1371.810546875	0.0	image/769	769	702367	train2017/000000189893.jpg
1372.591796875	0.0	image/737	737	702767	train2017/000000443377.jpg
1373.416015625	0.0	image/826	826	703189	train2017/000000205875.jpg
1375.0	0.0	image/739	739	704000	train2017/000000443575.jpg
1375.77734375	0.0	image/724	724	704398	train2017/000000178031.jpg
1376.56640625	0.0	image/792	792	704802	train2017/000000194108.jpg
1377.39453125	0.0	image/724	724	705226	train2017/000000178031.jpg
1378.18359375	0.0	image/754	754	705630	train2017/000000185888.jpg
1378.966796875	0.0	image/755	755	706031	train2017/000000055764.jpg
1380.51171875	0.0	image/721	721	706822	train2017/000000176873.jpg
1381.333984375	0.0	image/818	818	707243	train2017/000000465412.jpg
1382.12890625	0.0	image/831	831	707650	train2017/000000469445.jpg
1382.947265625	0.0	image/776	776	708069	train2017/000000468771.jpg
1383.712890625	0.0	image/744	744	708461	train2017/000000182799.jpg
1384.53125	0.0	image/816	816	708880	train2017/000000464616.jpg
1385.314453125	0.0	image/747	747	709281	train2017/000000183719.jpg
1386.08203125	0.0	image/742	742	709674	train2017/000000181837.jpg
1386.8515625	0.0	image/825	825	710068	train2017/000000467646.jpg
1387.669921875	0.0	image/731	731	710487	train2017/000000179034.jpg
1388.447265625	0.0	image/774	774	710885	train2017/000000191005.jpg
1389.25390625	0.0	image/775	775	711298	train2017/000000453221.jpg
1390.037109375	0.0	image/726	726	711699	train2017/000000178423.jpg
1391.654296875	0.0	image/763	763	712527	train2017/000000450864.jpg
1392.4375	0.0	image/754	754	712928	train2017/000000185888.jpg
1393.216796875	0.0	image/727	727	713327	train2017/000000440792.jpg
1394.03515625	0.0	image/802	802	713746	train2017/000000197118.jpg
1394.8046875	0.0	image/766	766	714140	train2017/000000451680.jpg
1395.6328125	0.0	image/757	757	714564	train2017/000000442666.jpg
1396.40234375	0.0	image/820	820	714958	train2017/000000203937.jpg
1398.0	0.0	image/725	725	715776	train2017/000000440334.jpg
1398.818359375	0.0	image/830	830	716195	train2017/000000468825.jpg
1399.607421875	0.0	image/751	751	716599	train2017/000000185225.jpg
1400.384765625	0.0	image/837	837	716997	train2017/000000208805.jpg
1401.935546875	0.0	image/804	804	717791	train2017/000000460236.jpg
1402.740234375	0.0	image/740	740	718203	train2017/000000161354.jpg
1403.51953125	0.0	image/765	765	718602	train2017/000000450914.jpg
1404.302734375	0.0	image/813	813	719003	train2017/000000557920.jpg
1405.0859375	0.0	image/758	758	719404	train2017/000000186828.jpg
1405.892578125	0.0	image/788	788	719817	train2017/000000193373.jpg
1406.685546875	0.0	image/802	802	720223	train2017/000000197118.jpg
1408.259765625	0.0	image/760	760	721029	train2017/000000276853.jpg
1409.05859375	0.0	image/738	738	721438	train2017/000000204969.jpg
1409.85546875	0.0	image/731	731	721846	train2017/000000179034.jpg
1410.642578125	0.0	image/770	770	722249	train2017/000000452341.jpg
1411.427734375	0.0	image/795	795	722651	train2017/000000195768.jpg
1412.25390625	0.0	image/743	743	723074	train2017/000000189388.jpg
1413.060546875	0.0	image/827	827	723487	train2017/000000296474.jpg
1414.65625	0.0	image/803	803	724304	train2017/000000197401.jpg
1416.25390625	0.0	image/836	836	725122	train2017/000000470907.jpg
1417.806640625	0.0	image/790	790	725917	train2017/000000455799.jpg
1418.572265625	0.0	image/750	750	726309	train2017/000000447182.jpg
1419.375	0.0	image/762	762	726720	train2017/000000188660.jpg
1420.173828125	0.0	image/750	750	727129	train2017/000000447182.jpg
1420.962890625	0.0	image/794	794	727533	train2017/000000195650.jpg
1421.775390625	0.0	image/805	805	727949	train2017/000000460408.jpg
1422.564453125	0.0	image/784	784	728353	train2017/000000455020.jpg
1423.36328125	0.0	image/763	763	728762	train2017/000000450864.jpg
1424.19140625	0.0	image/735	735	729186	train2017/000000180410.jpg
1424.998046875	0.0	image/807	807	729599	train2017/000000397815.jpg
1425.80859375	0.0	image/810	810	730014	train2017/000000200391.jpg
1426.576171875	0.0	image/799	799	730407	train2017/000000196368.jpg
1427.39453125	0.0	image/730	730	730826	train2017/000000441172.jpg
1428.208984375	0.0	image/773	773	731243	train2017/000000303133.jpg
1428.9921875	0.0	image/745	745	731644	train2017/000000445351.jpg
1429.76171875	0.0	image/839	839	732038	train2017/000000209229.jpg
1430.58203125	0.0	image/761	761	732458	train2017/000000188225.jpg
1432.162109375	0.0	image/741	741	733267	train2017/000000443940.jpg
1432.978515625	0.0	image/793	793	733685	train2017/000000338439.jpg
1434.583984375	0.0	image/795	795	734507	train2017/000000195768.jpg
1435.3671875	0.0	image/766	766	734908	train2017/000000451680.jpg
1436.1953125	0.0	image/723	723	735332	train2017/000000439241.jpg
1436.96484375	0.0	image/798	798	735726	train2017/000000196365.jpg
1437.767578125	0.0	image/741	741	736137	train2017/000000443940.jpg
1438.5859375	0.0	image/747	747	736556	train2017/000000183719.jpg
1439.384765625	0.0	image/772	772	736965	train2017/000000190487.jpg
1440.16015625	0.0	image/758	758	737362	train2017/000000186828.jpg
1440.919921875	0.0	image/742	742	737751	train2017/000000181837.jpg
1441.697265625	0.0	image/840	840	738149	train2017/000000471871.jpg
1442.462890625	0.0	image/761	761	738541	train2017/000000188225.jpg
1443.26953125	0.0	image/752	752	738954	train2017/000000036151.jpg
1444.052734375	0.0	image/805	805	739355	train2017/000000460408.jpg
1444.880859375	0.0	image/733	733	739779	train2017/000000179914.jpg
1445.703125	0.0	image/813	813	740200	train2017/000000557920.jpg
1446.482421875	0.0	image/746	746	740599	train2017/000000445726.jpg
1447.265625	0.0	image/775	775	741000	train2017/000000453221.jpg
1448.0703125	0.0	image/833	833	741412	train2017/000000207549.jpg
1448.865234375	0.0	image/835	835	741819	train2017/000000129143.jpg
1449.666015625	0.0	image/808	808	742229	train2017/000000461428.jpg
1450.455078125	0.0	image/835	835	742633	train2017/000000129143.jpg
1451.267578125	0.0	image/785	785	743049	train2017/000000119550.jpg
1452.072265625	0.0	image/811	811	743461	train2017/000000201722.jpg
1452.873046875	0.0	image/764	764	743871	train2017/000000450903.jpg
1453.673828125	0.0	image/810	810	744281	train2017/000000200391.jpg
1455.283203125	0.0	image/828	828	745105	train2017/000000468394.jpg
1456.107421875	0.0	image/729	729	745527	train2017/000000179019.jpg
1456.919921875	0.0	image/823	823	745943	train2017/000000204422.jpg
1457.685546875	0.0	image/726	726	746335	train2017/000000178423.jpg
1458.470703125	0.0	image/756	756	746737	train2017/000000448401.jpg
1459.28515625	0.0	image/784	784	747154	train2017/000000455020.jpg
1460.1015625	0.0	image/824	824	747572	train2017/000000204806.jpg
1460.875	0.0	image/834	834	747968	train2017/000000469816.jpg
1461.69140625	0.0	image/830	830	748386	train2017/000000468825.jpg
1462.46875	0.0	image/794	794	748784	train2017/000000195650.jpg
1463.236328125	0.0	image/833	833	749177	train2017/000000207549.jpg
1464.04296875	0.0	image/807	807	749590	train2017/000000397815.jpg
1464.85546875	0.0	image/822	822	750006	train2017/000000466265.jpg
1466.4765625	0.0	image/798	798	750836	train2017/000000196365.jpg
1467.271484375	0.0	image/749	749	751243	train2017/000000447130.jpg
1468.07421875	0.0	image/730	730	751654	train2017/000000441172.jpg
1468.888671875	0.0	image/746	746	752071	train2017/000000445726.jpg
1469.6953125	0.0	image/812	812	752484	train2017/000000201758.jpg
1471.294921875	0.0	image/828	828	753303	train2017/000000468394.jpg
1472.091796875	0.0	image/770	770	753711	train2017/000000452341.jpg
1472.89453125	0.0	image/788	788	754122	train2017/000000193373.jpg
1473.6796875	0.0	image/780	780	754524	train2017/000000192576.jpg
1474.455078125	0.0	image/796	796	754921	train2017/000000338501.jpg
1475.279296875	0.0	image/736	736	755343	train2017/000000180609.jpg
1476.05859375	0.0	image/839	839	755742	train2017/000000209229.jpg
1476.873046875	0.0	image/722	722	756159	train2017/000000073172.jpg
1477.67578125	0.0	image/771	771	756570	train2017/000000190271.jpg
1478.47265625	0.0	image/800	800	756978	train2017/000000458616.jpg
1479.240234375	0.0	image/819	819	757371	train2017/000000298139.jpg
1480.025390625	0.0	image/815	815	757773	train2017/000000202050.jpg
1480.814453125	0.0	image/790	790	758177	train2017/000000455799.jpg
1481.59765625	0.0	image/727	727	758578	train2017/000000440792.jpg
1482.412109375	0.0	image/749	749	758995	train2017/000000447130.jpg
1483.232421875	0.0	image/732	732	759415	train2017/000000179480.jpg
1484.0625	0.0	image/831	831	759840	train2017/000000469445.jpg
1484.84375	0.0	image/735	735	760240	train2017/000000180410.jpg
1485.64453125	0.0	image/793	793	760650	train2017/000000338439.jpg
1487.19921875	0.0	image/755	755	761446	train2017/000000055764.jpg
1487.982421875	0.0	image/814	814	761847	train2017/000000201969.jpg
1488.80078125	0.0	image/762	762	762266	train2017/000000188660.jpg
1489.6171875	0.0	image/778	778	762684	train2017/000000191686.jpg
1490.4453125	0.0	image/786	786	763108	train2017/000000193023.jpg
1491.232421875	0.0	image/745	745	763511	train2017/000000445351.jpg
1492.068359375	0.0	image/776	776	763939	train2017/000000468771.jpg
1492.880859375	0.0	image/789	789	764355	train2017/000000455657.jpg
1493.685546875	0.0	image/765	765	764767	train2017/000000450914.jpg
1494.46875	0.0	image/777	777	765168	train2017/000000453682.jpg
1495.251953125	0.0	image/803	803	765569	train2017/000000197401.jpg
1496.05078125	0.0	image/822	822	765978	train2017/000000466265.jpg
1496.880859375	0.0	image/725	725	766403	train2017/000000440334.jpg
1497.703125	0.0	image/801	801	766824	train2017/000000459190.jpg
1498.486328125	0.0	image/812	812	767225	train2017/000000201758.jpg
1499.26953125	0.0	image/756	756	767626	train2017/000000448401.jpg
1500.0859375	0.0	image/774	774	768044	train2017/000000191005.jpg
1500.88671875	0.0	image/757	757	768454	train2017/000000442666.jpg
1501.66796875	0.0	image/800	800	768854	train2017/000000458616.jpg
1502.46484375	0.0	image/809	809	769262	train2017/000000462505.jpg
1503.271484375	0.0	image/816	816	769675	train2017/000000464616.jpg
1504.072265625	0.0	image/824	824	770085	train2017/000000204806.jpg
1505.654296875	0.0	image/792	792	770895	train2017/000000194108.jpg
1506.43359375	0.0	image/826	826	771294	train2017/000000205875.jpg
1507.19921875	0.0	image/837	837	771686	train2017/000000208805.jpg
1508.0234375	0.0	image/729	729	772108	train2017/000000179019.jpg
1508.83984375	0.0	image/829	829	772526	train2017/000000206467.jpg
1510.490234375	0.0	image/840	840	773371	train2017/000000471871.jpg
1511.302734375	0.0	image/832	832	773787	train2017/000000203615.jpg
1512.1171875	0.0	image/753	753	774204	train2017/000000006178.jpg
1512.88671875	0.0	image/736	736	774598	train2017/000000180609.jpg
1513.65234375	0.0	image/825	825	774990	train2017/000000467646.jpg
1514.453125	0.0	image/728	728	775400	train2017/000000395740.jpg
1521.919921875	0.0	image/904	904	779223	train2017/000000227733.jpg
1522.703125	0.0	image/932	932	779624	train2017/000000233580.jpg
1523.50390625	0.0	image/846	846	780034	train2017/000000474024.jpg
1524.3203125	0.0	image/914	914	780452	train2017/000000492037.jpg
1525.09765625	0.0	image/866	866	780850	train2017/000000216029.jpg
1525.904296875	0.0	image/875	875	781263	train2017/000000482858.jpg
1526.71484375	0.0	image/945	945	781678	train2017/000000501739.jpg
1527.537109375	0.0	image/855	855	782099	train2017/000000122923.jpg
1528.34765625	0.0	image/939	939	782514	train2017/000000499627.jpg
1529.130859375	0.0	image/900	900	782915	train2017/000000488658.jpg
1529.955078125	0.0	image/872	872	783337	train2017/000000429887.jpg
1530.73828125	0.0	image/842	842	783738	train2017/000000209919.jpg
1531.52734375	0.0	image/921	921	784142	train2017/000000231102.jpg
1532.35546875	0.0	image/899	899	784566	train2017/000000168803.jpg
1533.1328125	0.0	image/876	876	784964	train2017/000000482912.jpg
1534.73828125	0.0	image/896	896	785786	train2017/000000225750.jpg
1535.53515625	0.0	image/903	903	786194	train2017/000000227451.jpg
1537.15625	0.0	image/857	857	787024	train2017/000000213988.jpg
1537.91796875	0.0	image/877	877	787414	train2017/000000342639.jpg
1538.720703125	0.0	image/848	848	787825	train2017/000000474353.jpg
1539.501953125	0.0	image/930	930	788225	train2017/000000344729.jpg
1540.2734375	0.0	image/867	867	788620	train2017/000000479035.jpg
1541.05859375	0.0	image/909	909	789022	train2017/000000228380.jpg
1541.873046875	0.0	image/930	930	789439	train2017/000000344729.jpg
1542.69140625	0.0	image/922	922	789858	train2017/000000235479.jpg
1543.486328125	0.0	image/845	845	790265	train2017/000000211198.jpg
1544.25390625	0.0	image/844	844	790658	train2017/000000341033.jpg
1545.05859375	0.0	image/927	927	791070	train2017/000000495040.jpg
1546.603515625	0.0	image/843	843	791861	train2017/000000210065.jpg
1547.404296875	0.0	image/940	940	792271	train2017/000000499730.jpg
1548.193359375	0.0	image/907	907	792675	train2017/000000228133.jpg
1548.9765625	0.0	image/957	957	793076	train2017/000000242631.jpg
1549.73828125	0.0	image/863	863	793466	train2017/000000215291.jpg
1550.544921875	0.0	image/907	907	793879	train2017/000000228133.jpg
1551.376953125	0.0	image/912	912	794305	train2017/000000491611.jpg
1552.2109375	0.0	image/915	915	794732	train2017/000000229947.jpg
1552.994140625	0.0	image/880	880	795133	train2017/000000484300.jpg
1553.775390625	0.0	image/918	918	795533	train2017/000000230422.jpg
1554.544921875	0.0	image/867	867	795927	train2017/000000479035.jpg
1556.1796875	0.0	image/864	864	796764	train2017/000000385417.jpg
1556.962890625	0.0	image/895	895	797165	train2017/000000487825.jpg
1558.529296875	0.0	image/873	873	797967	train2017/000000429902.jpg
1559.359375	0.0	image/923	923	798392	train2017/000000231851.jpg
1560.142578125	0.0	image/856	856	798793	train2017/000000213288.jpg
1560.958984375	0.0	image/865	865	799211	train2017/000000035972.jpg
1561.759765625	0.0	image/888	888	799621	train2017/000000486503.jpg
1562.529296875	0.0	image/897	897	800015	train2017/000000430850.jpg
1563.314453125	0.0	image/869	869	800417	train2017/000000294744.jpg
1564.126953125	0.0	image/898	898	800833	train2017/000000488406.jpg
1564.931640625	0.0	image/915	915	801245	train2017/000000229947.jpg
1565.71484375	0.0	image/933	933	801646	train2017/000000233873.jpg
1566.498046875	0.0	image/884	884	802047	train2017/000000485605.jpg
1567.3125	0.0	image/931	931	802464	train2017/000000495568.jpg
1568.126953125	0.0	image/841	841	802881	train2017/000000034961.jpg
1568.927734375	0.0	image/911	911	803291	train2017/000000229456.jpg
1569.732421875	0.0	image/957	957	803703	train2017/000000242631.jpg
1570.529296875	0.0	image/861	861	804111	train2017/000000560054.jpg
1571.30078125	0.0	image/912	912	804506	train2017/000000491611.jpg
1572.1328125	0.0	image/917	917	804932	train2017/000000354185.jpg
1573.7109375	0.0	image/852	852	805740	train2017/000000212440.jpg
1574.513671875	0.0	image/876	876	806151	train2017/000000482912.jpg
1575.314453125	0.0	image/908	908	806561	train2017/000000228316.jpg
1576.11328125	0.0	image/882	882	806970	train2017/000000485113.jpg
1576.935546875	0.0	image/886	886	807391	train2017/000000386856.jpg
1577.71875	0.0	image/914	914	807792	train2017/000000492037.jpg
1578.498046875	0.0	image/941	941	808191	train2017/000000237697.jpg
1579.302734375	0.0	image/943	943	808603	train2017/000000238201.jpg
1580.880859375	0.0	image/868	868	809411	train2017/000000444880.jpg
1581.681640625	0.0	image/889	889	809821	train2017/000000224396.jpg
1582.470703125	0.0	image/902	902	810225	train2017/000000227307.jpg
1583.265625	0.0	image/927	927	810632	train2017/000000495040.jpg
1584.0546875	0.0	image/920	920	811036	train2017/000000300622.jpg
1584.833984375	0.0	image/924	924	811435	train2017/000000232277.jpg
1585.6484375	0.0	image/882	882	811852	train2017/000000485113.jpg
1586.431640625	0.0	image/926	926	812253	train2017/000000232648.jpg
1587.201171875	0.0	image/888	888	812647	train2017/000000486503.jpg
1588.005859375	0.0	image/896	896	813059	train2017/000000225750.jpg
1588.798828125	0.0	image/857	857	813465	train2017/000000213988.jpg
1589.6015625	0.0	image/859	859	813876	train2017/000000476380.jpg
1590.41796875	0.0	image/900	900	814294	train2017/000000488658.jpg
1591.201171875	0.0	image/960	960	814695	train2017/000000505592.jpg
1591.96484375	0.0	image/925	925	815086	train2017/000000494552.jpg
1592.75390625	0.0	image/887	887	815490	train2017/000000561677.jpg
1593.51953125	0.0	image/941	941	815882	train2017/000000237697.jpg
1594.31640625	0.0	image/878	878	816290	train2017/000000167908.jpg
1595.1015625	0.0	image/919	919	816692	train2017/000000492627.jpg
1595.869140625	0.0	image/879	879	817085	train2017/000000221441.jpg
1596.69140625	0.0	image/936	936	817506	train2017/000000497797.jpg
1597.501953125	0.0	image/906	906	817921	train2017/000000227928.jpg
1598.30859375	0.0	image/925	925	818334	train2017/000000494552.jpg
1599.892578125	0.0	image/959	959	819145	train2017/000000505486.jpg
1600.708984375	0.0	image/958	958	819563	train2017/000000433657.jpg
1601.50390625	0.0	image/860	860	819970	train2017/000000476481.jpg
1602.3203125	0.0	image/916	916	820388	train2017/000000038370.jpg
1603.109375	0.0	image/858	858	820792	train2017/000000214059.jpg
1603.919921875	0.0	image/911	911	821207	train2017/000000229456.jpg
1605.5390625	0.0	image/953	953	822036	train2017/000000241026.jpg
1606.359375	0.0	image/929	929	822456	train2017/000000495387.jpg
1607.16015625	0.0	image/950	950	822866	train2017/000000502470.jpg
1607.9921875	0.0	image/893	893	823292	train2017/000000225383.jpg
1608.794921875	0.0	image/910	910	823703	train2017/000000228565.jpg
1609.623046875	0.0	image/865	865	824127	train2017/000000035972.jpg
1610.388671875	0.0	image/956	956	824519	train2017/000000242133.jpg
1611.1796875	0.0	image/913	913	824924	train2017/000000356810.jpg
1612.009765625	0.0	image/859	859	825349	train2017/000000476380.jpg
1612.814453125	0.0	image/860	860	825761	train2017/000000476481.jpg
1613.595703125	0.0	image/864	864	826161	train2017/000000385417.jpg
1614.408203125	0.0	image/847	847	826577	train2017/000000207833.jpg
1615.189453125	0.0	image/934	934	826977	train2017/000000497464.jpg
1615.98046875	0.0	image/854	854	827382	train2017/000000475236.jpg
1616.775390625	0.0	image/861	861	827789	train2017/000000560054.jpg
1617.580078125	0.0	image/936	936	828201	train2017/000000497797.jpg
1618.3984375	0.0	image/870	870	828620	train2017/000000480601.jpg
1619.17578125	0.0	image/928	928	829018	train2017/000000233104.jpg
1619.982421875	0.0	image/897	897	829431	train2017/000000430850.jpg
1620.810546875	0.0	image/870	870	829855	train2017/000000480601.jpg
1621.58203125	0.0	image/951	951	830250	train2017/000000214821.jpg
1623.166015625	0.0	image/904	904	831061	train2017/000000227733.jpg
1624.81640625	0.0	image/953	953	831906	train2017/000000241026.jpg
1625.599609375	0.0	image/906	906	832307	train2017/000000227928.jpg
1626.4140625	0.0	image/933	933	832724	train2017/000000233873.jpg
1627.212890625	0.0	image/899	899	833133	train2017/000000168803.jpg
1627.99609375	0.0	image/948	948	833534	train2017/000000502058.jpg
1628.779296875	0.0	image/889	889	833935	train2017/000000224396.jpg
1629.6015625	0.0	image/881	881	834356	train2017/000000222921.jpg
1630.37890625	0.0	image/919	919	834754	train2017/000000492627.jpg
1631.15234375	0.0	image/862	862	835150	train2017/000000215023.jpg
1632.802734375	0.0	image/880	880	835995	train2017/000000484300.jpg
1633.619140625	0.0	image/959	959	836413	train2017/000000505486.jpg
1634.447265625	0.0	image/928	928	836837	train2017/000000233104.jpg
1635.26953125	0.0	image/841	841	837258	train2017/000000034961.jpg
1636.046875	0.0	image/854	854	837656	train2017/000000475236.jpg
1636.830078125	0.0	image/948	948	838057	train2017/000000502058.jpg
1637.654296875	0.0	image/931	931	838479	train2017/000000495568.jpg
1638.4375	0.0	image/947	947	838880	train2017/000000501926.jpg
1639.21875	0.0	image/844	844	839280	train2017/000000341033.jpg
1640.0	0.0	image/913	913	839680	train2017/000000356810.jpg
1640.8046875	0.0	image/946	946	840092	train2017/000000501867.jpg
1641.587890625	0.0	image/901	901	840493	train2017/000000007567.jpg
1642.421875	0.0	image/849	849	840920	train2017/000000212229.jpg
1643.234375	0.0	image/920	920	841336	train2017/000000300622.jpg
1644.021484375	0.0	image/891	891	841739	train2017/000000224869.jpg
1644.83984375	0.0	image/894	894	842158	train2017/000000225533.jpg
1645.6171875	0.0	image/898	898	842556	train2017/000000488406.jpg
1646.43359375	0.0	image/881	881	842974	train2017/000000222921.jpg
1647.22265625	0.0	image/939	939	843378	train2017/000000499627.jpg
1648.787109375	0.0	image/886	886	844179	train2017/000000386856.jpg
1649.603515625	0.0	image/956	956	844597	train2017/000000242133.jpg
1650.373046875	0.0	image/871	871	844991	train2017/000000480990.jpg
1651.201171875	0.0	image/856	856	845415	train2017/000000213288.jpg
1652.0078125	0.0	image/866	866	845828	train2017/000000216029.jpg
1653.62109375	0.0	image/874	874	846654	train2017/000000561006.jpg
1655.21875	0.0	image/954	954	847472	train2017/000000040187.jpg
1656.04296875	0.0	image/905	905	847894	train2017/000000227843.jpg
1656.869140625	0.0	image/848	848	848317	train2017/000000474353.jpg
1657.673828125	0.0	image/869	869	848729	train2017/000000294744.jpg
1658.486328125	0.0	image/851	851	849145	train2017/000000474545.jpg
1659.271484375	0.0	image/850	850	849547	train2017/000000212380.jpg
1660.0390625	0.0	image/937	937	849940	train2017/000000498615.jpg
1660.861328125	0.0	image/863	863	850361	train2017/000000215291.jpg
1661.671875	0.0	image/843	843	850776	train2017/000000210065.jpg
1662.478515625	0.0	image/894	894	851189	train2017/000000225533.jpg
1663.27734375	0.0	image/883	883	851598	train2017/000000223447.jpg
1664.056640625	0.0	image/954	954	851997	train2017/000000040187.jpg
1664.83984375	0.0	image/845	845	852398	train2017/000000211198.jpg
1666.39453125	0.0	image/946	946	853194	train2017/000000501867.jpg
1667.22265625	0.0	image/942	942	853618	train2017/000000238001.jpg
1668.029296875	0.0	image/892	892	854031	train2017/000000225113.jpg
1668.83984375	0.0	image/890	890	854446	train2017/000000224759.jpg
1669.623046875	0.0	image/901	901	854847	train2017/000000007567.jpg
1671.224609375	0.0	image/938	938	855667	train2017/000000237093.jpg
1672.03125	0.0	image/847	847	856080	train2017/000000207833.jpg
1672.814453125	0.0	image/942	942	856481	train2017/000000238001.jpg
1674.431640625	0.0	image/955	955	857309	train2017/000000112805.jpg
1675.21484375	0.0	image/846	846	857710	train2017/000000474024.jpg
1676.03125	0.0	image/873	873	858128	train2017/000000429902.jpg
1676.861328125	0.0	image/924	924	858553	train2017/000000232277.jpg
1677.66015625	0.0	image/853	853	858962	train2017/000000474827.jpg
1678.443359375	0.0	image/879	879	859363	train2017/000000221441.jpg
1679.25	0.0	image/938	938	859776	train2017/000000237093.jpg
1680.080078125	0.0	image/943	943	860201	train2017/000000238201.jpg
1680.900390625	0.0	image/922	922	860621	train2017/000000235479.jpg
1681.677734375	0.0	image/852	852	861019	train2017/000000212440.jpg
1682.5	0.0	image/944	944	861440	train2017/000000239337.jpg
1683.328125	0.0	image/947	947	861864	train2017/000000501926.jpg
1684.134765625	0.0	image/858	858	862277	train2017/000000214059.jpg
1684.9453125	0.0	image/926	926	862692	train2017/000000232648.jpg
1685.734375	0.0	image/944	944	863096	train2017/000000239337.jpg
1686.546875	0.0	image/884	884	863512	train2017/000000485605.jpg
1687.36328125	0.0	image/842	842	863930	train2017/000000209919.jpg
1688.162109375	0.0	image/883	883	864339	train2017/000000223447.jpg
1688.96875	0.0	image/872	872	864752	train2017/000000429887.jpg
1689.751953125	0.0	image/952	952	865153	train2017/000000502860.jpg
1690.548828125	0.0	image/909	909	865561	train2017/000000228380.jpg
1691.353515625	0.0	image/902	902	865973	train2017/000000227307.jpg
1692.953125	0.0	image/929	929	866792	train2017/000000495387.jpg
1693.76953125	0.0	image/950	950	867210	train2017/000000502470.jpg
1694.58203125	0.0	image/945	945	867626	train2017/000000501739.jpg
1695.38671875	0.0	image/932	932	868038	train2017/000000233580.jpg
1696.970703125	0.0	image/849	849	868849	train2017/000000212229.jpg
1697.751953125	0.0	image/877	877	869249	train2017/000000342639.jpg
1698.56640625	0.0	image/951	951	869666	train2017/000000214821.jpg
1699.33203125	0.0	image/892	892	870058	train2017/000000225113.jpg
1700.099609375	0.0	image/850	850	870451	train2017/000000212380.jpg
1700.88671875	0.0	image/918	918	870854	train2017/000000230422.jpg
1701.716796875	0.0	image/903	903	871279	train2017/000000227451.jpg
1702.486328125	0.0	image/934	934	871673	train2017/000000497464.jpg
1703.25	0.0	image/940	940	872064	train2017/000000499730.jpg
1704.052734375	0.0	image/893	893	872475	train2017/000000225383.jpg
1705.66796875	0.0	image/937	937	873302	train2017/000000498615.jpg
1706.470703125	0.0	image/868	868	873713	train2017/000000444880.jpg
1707.234375	0.0	image/921	921	874104	train2017/000000231102.jpg
1708.037109375	0.0	image/958	958	874515	train2017/000000433657.jpg
1708.85546875	0.0	image/935	935	874934	train2017/000000082945.jpg
1709.625	0.0	image/916	916	875328	train2017/000000038370.jpg
1710.453125	0.0	image/871	871	875752	train2017/000000480990.jpg
1711.275390625	0.0	image/923	923	876173	train2017/000000231851.jpg
1712.0546875	0.0	image/874	874	876572	train2017/000000561006.jpg
1712.873046875	0.0	image/910	910	876991	train2017/000000228565.jpg
1713.6875	0.0	image/949	949	877408	train2017/000000240278.jpg
1714.45703125	0.0	image/935	935	877802	train2017/000000082945.jpg
1715.259765625	0.0	image/885	885	878213	train2017/000000223718.jpg
1716.076171875	0.0	image/887	887	878631	train2017/000000561677.jpg
1716.888671875	0.0	image/908	908	879047	train2017/000000228316.jpg
1717.708984375	0.0	image/885	885	879467	train2017/000000223718.jpg
1718.51953125	0.0	image/905	905	879882	train2017/000000227843.jpg
1719.291015625	0.0	image/952	952	880277	train2017/000000502860.jpg
1720.85546875	0.0	image/949	949	881078	train2017/000000240278.jpg
1721.638671875	0.0	image/851	851	881479	train2017/000000474545.jpg
1723.212890625	0.0	image/955	955	882285	train2017/000000112805.jpg
1723.99609375	0.0	image/891	891	882686	train2017/000000224869.jpg
1724.779296875	0.0	image/895	895	883087	train2017/000000487825.jpg
1725.61328125	0.0	image/853	853	883514	train2017/000000474827.jpg
1726.396484375	0.0	image/917	917	883915	train2017/000000354185.jpg
1727.17578125	0.0	image/855	855	884314	train2017/000000122923.jpg
1727.98046875	0.0	image/960	960	884726	train2017/000000505592.jpg
1728.79296875	0.0	image/862	862	885142	train2017/000000215023.jpg
1729.57421875	0.0	image/878	878	885542	train2017/000000167908.jpg
1730.3984375	0.0	image/890	890	885964	train2017/000000224759.jpg
1731.208984375	0.0	image/875	875	886379	train2017/000000482858.jpg
1739.23828125	0.0	image/73	73	890490	train2017/000000537393.jpg
1740.048828125	0.0	image/91	91	890905	train2017/000000540735.jpg
1740.85546875	0.0	image/3	3	891318	train2017/000000262414.jpg
1741.666015625	0.0	image/10	10	891733	train2017/000000001308.jpg
1742.439453125	0.0	image/13	13	892129	train2017/000000525932.jpg
1743.240234375	0.0	image/70	70	892539	train2017/000000536786.jpg
1744.802734375	0.0	image/117	117	893339	train2017/000000396793.jpg
1745.5859375	0.0	image/95	95	893740	train2017/000000016898.jpg
1746.37109375	0.0	image/25	25	894142	train2017/000000527618.jpg
1747.984375	0.0	image/66	66	894968	train2017/000000273250.jpg
1748.775390625	0.0	image/42	42	895373	train2017/000000268659.jpg
1749.603515625	0.0	image/120	120	895797	train2017/000000021718.jpg
1750.369140625	0.0	image/95	95	896189	train2017/000000016898.jpg
1751.171875	0.0	image/40	40	896600	train2017/000000268114.jpg
1751.990234375	0.0	image/14	14	897019	train2017/000000264244.jpg
1752.771484375	0.0	image/92	92	897419	train2017/000000278714.jpg
1754.41015625	0.0	image/120	120	898258	train2017/000000021718.jpg
1755.244140625	0.0	image/113	113	898685	train2017/000000545160.jpg
1756.0703125	0.0	image/15	15	899108	train2017/000000264396.jpg
1756.861328125	0.0	image/36	36	899513	train2017/000000267699.jpg
1757.64453125	0.0	image/29	29	899914	train2017/000000393907.jpg
1758.423828125	0.0	image/81	81	900313	train2017/000000539340.jpg
1759.240234375	0.0	image/31	31	900731	train2017/000000266622.jpg
1760.044921875	0.0	image/55	55	901143	train2017/000000533231.jpg
1761.662109375	0.0	image/99	99	901971	train2017/000000271183.jpg
1762.4453125	0.0	image/32	32	902372	train2017/000000005028.jpg
1763.27734375	0.0	image/93	93	902798	train2017/000000541077.jpg
1764.09375	0.0	image/3	3	903216	train2017/000000262414.jpg
1764.875	0.0	image/81	81	903616	train2017/000000539340.jpg
1765.662109375	0.0	image/75	75	904019	train2017/000000399878.jpg
1766.462890625	0.0	image/77	77	904429	train2017/000000275938.jpg
1767.2578125	0.0	image/11	11	904836	train2017/000000263599.jpg
1768.056640625	0.0	image/90	90	905245	train2017/000000278555.jpg
1768.875	0.0	image/116	116	905664	train2017/000000283426.jpg
1769.69140625	0.0	image/108	108	906082	train2017/000000281330.jpg
1770.498046875	0.0	image/1	1	906495	train2017/000000262145.jpg
1771.30859375	0.0	image/9	9	906910	train2017/000000000650.jpg
1772.076171875	0.0	image/85	85	907303	train2017/000000539705.jpg
1772.861328125	0.0	image/40	40	907705	train2017/000000268114.jpg
1773.662109375	0.0	image/105	105	908115	train2017/000000280764.jpg
1774.482421875	0.0	image/36	36	908535	train2017/000000267699.jpg
1775.283203125	0.0	image/54	54	908945	train2017/000000532753.jpg
1776.076171875	0.0	image/4	4	909351	train2017/000000524646.jpg
1776.8984375	0.0	image/20	20	909772	train2017/000000526980.jpg
1777.68359375	0.0	image/110	110	910174	train2017/000000019863.jpg
1778.462890625	0.0	image/94	94	910573	train2017/000000278962.jpg
1779.25	0.0	image/8	8	910976	train2017/000000000625.jpg
1780.029296875	0.0	image/24	24	911375	train2017/000000265453.jpg
1780.845703125	0.0	image/88	88	911793	train2017/000000540538.jpg
1781.650390625	0.0	image/60	60	912205	train2017/000000010710.jpg
1782.435546875	0.0	image/78	78	912607	train2017/000000013969.jpg
1783.21875	0.0	image/115	115	913008	train2017/000000021095.jpg
1784.03515625	0.0	image/30	30	913426	train2017/000000004442.jpg
1784.869140625	0.0	image/100	100	913853	train2017/000000541856.jpg
1785.6796875	0.0	image/25	25	914268	train2017/000000527618.jpg
1786.462890625	0.0	image/28	28	914669	train2017/000000558788.jpg
1788.046875	0.0	image/44	44	915480	train2017/000000007048.jpg
1788.853515625	0.0	image/9	9	915893	train2017/000000000650.jpg
1789.666015625	0.0	image/83	83	916309	train2017/000000277524.jpg
1790.470703125	0.0	image/68	68	916721	train2017/000000535871.jpg
1791.271484375	0.0	image/71	71	917131	train2017/000000536884.jpg
1792.0546875	0.0	image/32	32	917532	train2017/000000005028.jpg
1792.837890625	0.0	image/65	65	917933	train2017/000000273147.jpg
1794.400390625	0.0	image/74	74	918733	train2017/000000275663.jpg
1795.205078125	0.0	image/42	42	919145	train2017/000000268659.jpg
1795.984375	0.0	image/18	18	919544	train2017/000000264735.jpg
1796.76953125	0.0	image/62	62	919946	train2017/000000010903.jpg
1797.556640625	0.0	image/119	119	920349	train2017/000000545950.jpg
1798.388671875	0.0	image/6	6	920775	train2017/000000000584.jpg
1799.169921875	0.0	image/103	103	921175	train2017/000000280484.jpg
1799.984375	0.0	image/59	59	921592	train2017/000000010046.jpg
1800.767578125	0.0	image/23	23	921993	train2017/000000265150.jpg
1802.390625	0.0	image/38	38	922824	train2017/000000312536.jpg
1803.185546875	0.0	image/18	18	923231	train2017/000000264735.jpg
1804.0078125	0.0	image/48	48	923652	train2017/000000011299.jpg
1804.78515625	0.0	image/21	21	924050	train2017/000000274108.jpg
1805.6015625	0.0	image/98	98	924468	train2017/000000541472.jpg
1806.375	0.0	image/86	86	924864	train2017/000000539879.jpg
1807.203125	0.0	image/54	54	925288	train2017/000000532753.jpg
1807.970703125	0.0	image/79	79	925681	train2017/000000276664.jpg
1808.7421875	0.0	image/30	30	926076	train2017/000000004442.jpg
1809.576171875	0.0	image/64	64	926503	train2017/000000273138.jpg
1810.392578125	0.0	image/34	34	926921	train2017/000000005277.jpg
1811.17578125	0.0	image/7	7	927322	train2017/000000000605.jpg
1811.955078125	0.0	image/24	24	927721	train2017/000000265453.jpg
1813.541015625	0.0	image/76	76	928533	train2017/000000275902.jpg
1814.310546875	0.0	image/90	90	928927	train2017/000000278555.jpg
1815.123046875	0.0	image/114	114	929343	train2017/000000571485.jpg
1815.90625	0.0	image/49	49	929744	train2017/000000219750.jpg
1816.7109375	0.0	image/51	51	930156	train2017/000000008027.jpg
1817.4921875	0.0	image/115	115	930556	train2017/000000021095.jpg
1818.30859375	0.0	image/8	8	930974	train2017/000000000625.jpg
1819.12890625	0.0	image/61	61	931394	train2017/000000272901.jpg
1819.939453125	0.0	image/50	50	931809	train2017/000000007932.jpg
1821.48046875	0.0	image/33	33	932598	train2017/000000267338.jpg
1823.046875	0.0	image/4	4	933400	train2017/000000524646.jpg
1823.880859375	0.0	image/16	16	933827	train2017/000000002270.jpg
1824.673828125	0.0	image/5	5	934233	train2017/000000262690.jpg
1825.443359375	0.0	image/110	110	934627	train2017/000000019863.jpg
1826.208984375	0.0	image/38	38	935019	train2017/000000312536.jpg
1826.978515625	0.0	image/118	118	935413	train2017/000000283678.jpg
1827.765625	0.0	image/55	55	935816	train2017/000000533231.jpg
1828.578125	0.0	image/37	37	936232	train2017/000000005684.jpg
1829.3984375	0.0	image/47	47	936652	train2017/000000531828.jpg
1830.181640625	0.0	image/35	35	937053	train2017/000000267647.jpg
1830.9609375	0.0	image/64	64	937452	train2017/000000273138.jpg
1831.744140625	0.0	image/59	59	937853	train2017/000000010046.jpg
1832.56640625	0.0	image/88	88	938274	train2017/000000540538.jpg
1833.361328125	0.0	image/112	112	938681	train2017/000000544926.jpg
1834.1328125	0.0	image/67	67	939076	train2017/000000011358.jpg
1834.966796875	0.0	image/45	45	939503	train2017/000000531392.jpg
1835.744140625	0.0	image/68	68	939901	train2017/000000535871.jpg
1836.5625	0.0	image/61	61	940320	train2017/000000272901.jpg
1838.14453125	0.0	image/71	71	941130	train2017/000000536884.jpg
1838.94921875	0.0	image/41	41	941542	train2017/000000268418.jpg
1839.78125	0.0	image/57	57	941968	train2017/000000001625.jpg
1841.384765625	0.0	image/72	72	942789	train2017/000000274978.jpg
1842.185546875	0.0	image/10	10	943199	train2017/000000001308.jpg
1842.96875	0.0	image/87	87	943600	train2017/000000300383.jpg
1843.787109375	0.0	image/45	45	944019	train2017/000000531392.jpg
1844.5703125	0.0	image/106	106	944420	train2017/000000280808.jpg
1846.1875	0.0	image/76	76	945248	train2017/000000275902.jpg
1846.998046875	0.0	image/53	53	945663	train2017/000000270278.jpg
1847.767578125	0.0	image/116	116	946057	train2017/000000283426.jpg
1849.3515625	0.0	image/73	73	946868	train2017/000000537393.jpg
1850.115234375	0.0	image/87	87	947259	train2017/000000300383.jpg
1850.91796875	0.0	image/49	49	947670	train2017/000000219750.jpg
1851.73828125	0.0	image/91	91	948090	train2017/000000540735.jpg
1852.568359375	0.0	image/101	101	948515	train2017/000000017967.jpg
1853.373046875	0.0	image/7	7	948927	train2017/000000000605.jpg
1854.185546875	0.0	image/84	84	949343	train2017/000000570543.jpg
1854.951171875	0.0	image/105	105	949735	train2017/000000280764.jpg
1855.740234375	0.0	image/27	27	950139	train2017/000000265745.jpg
1856.568359375	0.0	image/63	63	950563	train2017/000000273120.jpg
1857.3671875	0.0	image/22	22	950972	train2017/000000265023.jpg
1858.140625	0.0	image/58	58	951368	train2017/000000534259.jpg
1858.96875	0.0	image/97	97	951792	train2017/000000279197.jpg
1859.775390625	0.0	image/56	56	952205	train2017/000000008998.jpg
1860.55859375	0.0	image/93	93	952606	train2017/000000541077.jpg
1862.13671875	0.0	image/53	53	953414	train2017/000000270278.jpg
1862.958984375	0.0	image/104	104	953835	train2017/000000018367.jpg
1863.736328125	0.0	image/96	96	954233	train2017/000000541258.jpg
1864.55859375	0.0	image/34	34	954654	train2017/000000005277.jpg
1865.353515625	0.0	image/74	74	955061	train2017/000000275663.jpg
1866.9609375	0.0	image/67	67	955884	train2017/000000011358.jpg
1867.771484375	0.0	image/89	89	956299	train2017/000000016314.jpg
1868.537109375	0.0	image/85	85	956691	train2017/000000539705.jpg
1869.361328125	0.0	image/1	1	957113	train2017/000000262145.jpg
1870.1875	0.0	image/82	82	957536	train2017/000000539395.jpg
1870.9765625	0.0	image/39	39	957940	train2017/000000268008.jpg
1871.76171875	0.0	image/44	44	958342	train2017/000000007048.jpg
1872.578125	0.0	image/43	43	958760	train2017/000000006765.jpg
1873.373046875	0.0	image/118	118	959167	train2017/000000283678.jpg
1874.162109375	0.0	image/46	46	959571	train2017/000000531515.jpg
1874.95703125	0.0	image/111	111	959978	train2017/000000020517.jpg
1875.779296875	0.0	image/37	37	960399	train2017/000000005684.jpg
1876.595703125	0.0	image/113	113	960817	train2017/000000545160.jpg
1877.4296875	0.0	image/5	5	961244	train2017/000000262690.jpg
1878.212890625	0.0	image/26	26	961645	train2017/000000003521.jpg
1878.990234375	0.0	image/57	57	962043	train2017/000000001625.jpg
1879.77734375	0.0	image/78	78	962446	train2017/000000013969.jpg
1880.576171875	0.0	image/62	62	962855	train2017/000000010903.jpg
1881.361328125	0.0	image/60	60	963257	train2017/000000010710.jpg
1882.158203125	0.0	image/31	31	963665	train2017/000000266622.jpg
1882.927734375	0.0	image/33	33	964059	train2017/000000267338.jpg
1883.732421875	0.0	image/107	107	964471	train2017/000000543254.jpg
1884.55859375	0.0	image/27	27	964894	train2017/000000265745.jpg
1885.33203125	0.0	image/58	58	965290	train2017/000000534259.jpg
1886.142578125	0.0	image/21	21	965705	train2017/000000274108.jpg
1886.943359375	0.0	image/12	12	966115	train2017/000000525790.jpg
1887.75	0.0	image/48	48	966528	train2017/000000011299.jpg
1888.525390625	0.0	image/22	22	966925	train2017/000000265023.jpg
1889.294921875	0.0	image/101	101	967319	train2017/000000017967.jpg
1890.06640625	0.0	image/104	104	967714	train2017/000000018367.jpg
1890.880859375	0.0	image/51	51	968131	train2017/000000008027.jpg
1891.66796875	0.0	image/80	80	968534	train2017/000000538822.jpg
1892.462890625	0.0	image/72	72	968941	train2017/000000274978.jpg
1893.267578125	0.0	image/119	119	969353	train2017/000000545950.jpg
1894.068359375	0.0	image/83	83	969763	train2017/000000277524.jpg
1894.87890625	0.0	image/2	2	970178	train2017/000000262239.jpg
1895.66796875	0.0	image/19	19	970582	train2017/000000526968.jpg
1896.453125	0.0	image/69	69	970984	train2017/000000011856.jpg
1897.236328125	0.0	image/15	15	971385	train2017/000000264396.jpg
1898.013671875	0.0	image/63	63	971783	train2017/000000273120.jpg
1898.78125	0.0	image/12	12	972176	train2017/000000525790.jpg
1900.353515625	0.0	image/99	99	972981	train2017/000000271183.jpg
1901.166015625	0.0	image/112	112	973397	train2017/000000544926.jpg
1901.931640625	0.0	image/35	35	973789	train2017/000000267647.jpg
1902.703125	0.0	image/19	19	974184	train2017/000000526968.jpg
1904.283203125	0.0	image/47	47	974993	train2017/000000531828.jpg
1905.048828125	0.0	image/11	11	975385	train2017/000000263599.jpg
1905.849609375	0.0	image/14	14	975795	train2017/000000264244.jpg
1906.634765625	0.0	image/65	65	976197	train2017/000000273147.jpg
1907.416015625	0.0	image/109	109	976597	train2017/000000544060.jpg
1908.21875	0.0	image/52	52	977008	train2017/000000008053.jpg
1909.0234375	0.0	image/66	66	977420	train2017/000000273250.jpg
1909.83984375	0.0	image/102	102	977838	train2017/000000018078.jpg
1910.640625	0.0	image/46	46	978248	train2017/000000531515.jpg
1911.423828125	0.0	image/92	92	978649	train2017/000000278714.jpg
1912.216796875	0.0	image/70	70	979055	train2017/000000536786.jpg
1912.986328125	0.0	image/28	28	979449	train2017/000000558788.jpg
1913.791015625	0.0	image/108	108	979861	train2017/000000281330.jpg
1914.607421875	0.0	image/52	52	980279	train2017/000000008053.jpg
1916.203125	0.0	image/20	20	981096	train2017/000000526980.jpg
1916.9921875	0.0	image/41	41	981500	train2017/000000268418.jpg
1917.791015625	0.0	image/82	82	981909	train2017/000000539395.jpg
1918.578125	0.0	image/69	69	982312	train2017/000000011856.jpg
1919.38671875	0.0	image/43	43	982726	train2017/000000006765.jpg
1920.189453125	0.0	image/16	16	983137	train2017/000000002270.jpg
1920.9765625	0.0	image/23	23	983540	train2017/000000265150.jpg
1921.787109375	0.0	image/86	86	983955	train2017/000000539879.jpg
1922.556640625	0.0	image/79	79	984349	train2017/000000276664.jpg
1923.3203125	0.0	image/97	97	984740	train2017/000000279197.jpg
1924.109375	0.0	image/98	98	985144	train2017/000000541472.jpg
1924.89453125	0.0	image/117	117	985546	train2017/000000396793.jpg
1925.7265625	0.0	image/75	75	985972	train2017/000000399878.jpg
1926.5390625	0.0	image/17	17	986388	train2017/000000002372.jpg
1927.33984375	0.0	image/114	114	986798	train2017/000000571485.jpg
1928.162109375	0.0	image/2	2	987219	train2017/000000262239.jpg
1928.990234375	0.0	image/29	29	987643	train2017/000000393907.jpg
1929.779296875	0.0	image/6	6	988047	train2017/000000000584.jpg
1930.5625	0.0	image/56	56	988448	train2017/000000008998.jpg
1931.345703125	0.0	image/77	77	988849	train2017/000000275938.jpg
1932.125	0.0	image/94	94	989248	train2017/000000278962.jpg
1933.673828125	0.0	image/100	100	990041	train2017/000000541856.jpg
1934.462890625	0.0	image/84	84	990445	train2017/000000570543.jpg
1935.296875	0.0	image/13	13	990872	train2017/000000525932.jpg
1936.865234375	0.0	image/39	39	991675	train2017/000000268008.jpg
1937.642578125	0.0	image/103	103	992073	train2017/000000280484.jpg
1938.447265625	0.0	image/50	50	992485	train2017/000000007932.jpg
1940.05859375	0.0	image/96	96	993310	train2017/000000541258.jpg
1940.865234375	0.0	image/17	17	993723	train2017/000000002372.jpg
1941.642578125	0.0	image/89	89	994121	train2017/000000016314.jpg
1942.427734375	0.0	image/102	102	994523	train2017/000000018078.jpg
1943.23046875	0.0	image/107	107	994934	train2017/000000543254.jpg
1944.04296875	0.0	image/80	80	995350	train2017/000000538822.jpg
1945.650390625	0.0	image/109	109	996173	train2017/000000544060.jpg
1946.4296875	0.0	image/106	106	996572	train2017/000000280808.jpg
1947.228515625	0.0	image/111	111	996981	train2017/000000020517.jpg
1948.810546875	0.0	image/26	26	997791	train2017/000000003521.jpg
1955.982421875	0.0	image/211	211	1001463	train2017/000000567837.jpg
1956.794921875	0.0	image/176	176	1001879	train2017/000000297154.jpg
1957.611328125	0.0	image/201	201	1002297	train2017/000000041606.jpg
1958.43359375	0.0	image/167	167	1002718	train2017/000000032809.jpg
1959.2109375	0.0	image/173	173	1003116	train2017/000000559816.jpg
1960.033203125	0.0	image/181	181	1003537	train2017/000000035927.jpg
1960.86328125	0.0	image/240	240	1003962	train2017/000000575971.jpg
1961.626953125	0.0	image/157	157	1004353	train2017/000000030109.jpg
1962.396484375	0.0	image/196	196	1004747	train2017/000000574784.jpg
1963.201171875	0.0	image/237	237	1005159	train2017/000000095809.jpg
1963.994140625	0.0	image/195	195	1005565	train2017/000000040685.jpg
1964.794921875	0.0	image/209	209	1005975	train2017/000000043176.jpg
1965.6171875	0.0	image/214	214	1006396	train2017/000000306031.jpg
1966.396484375	0.0	image/202	202	1006795	train2017/000000566201.jpg
1967.201171875	0.0	image/131	131	1007207	train2017/000000549301.jpg
1967.984375	0.0	image/181	181	1007608	train2017/000000035927.jpg
1968.76953125	0.0	image/139	139	1008010	train2017/000000026702.jpg
1969.56640625	0.0	image/130	130	1008418	train2017/000000548593.jpg
1970.349609375	0.0	image/141	141	1008819	train2017/000000026981.jpg
1971.13671875	0.0	image/219	219	1009222	train2017/000000219735.jpg
1971.919921875	0.0	image/177	177	1009623	train2017/000000573830.jpg
1972.751953125	0.0	image/217	217	1010049	train2017/000000306988.jpg
1973.537109375	0.0	image/140	140	1010451	train2017/000000551164.jpg
1974.34765625	0.0	image/135	135	1010866	train2017/000000288372.jpg
1975.13671875	0.0	image/239	239	1011270	train2017/000000313480.jpg
1975.921875	0.0	image/152	152	1011672	train2017/000000553166.jpg
1977.515625	0.0	image/142	142	1012488	train2017/000000027002.jpg
1978.3046875	0.0	image/192	192	1012892	train2017/000000225054.jpg
1979.08203125	0.0	image/126	126	1013290	train2017/000000547367.jpg
1979.873046875	0.0	image/154	154	1013695	train2017/000000291560.jpg
1981.439453125	0.0	image/147	147	1014497	train2017/000000289791.jpg
1982.22265625	0.0	image/144	144	1014898	train2017/000000354070.jpg
1983.037109375	0.0	image/124	124	1015315	train2017/000000122964.jpg
1983.853515625	0.0	image/226	226	1015733	train2017/000000571499.jpg
1984.625	0.0	image/182	182	1016128	train2017/000000298170.jpg
1985.41796875	0.0	image/194	194	1016534	train2017/000000302588.jpg
1986.240234375	0.0	image/161	161	1016955	train2017/000000293368.jpg
1987.818359375	0.0	image/192	192	1017763	train2017/000000225054.jpg
1988.625	0.0	image/225	225	1018176	train2017/000000047172.jpg
1989.435546875	0.0	image/235	235	1018591	train2017/000000050256.jpg
1990.2578125	0.0	image/133	133	1019012	train2017/000000026029.jpg
1991.04296875	0.0	image/227	227	1019414	train2017/000000047638.jpg
1991.826171875	0.0	image/179	179	1019815	train2017/000000559958.jpg
1992.638671875	0.0	image/145	145	1020231	train2017/000000027298.jpg
1993.41015625	0.0	image/163	163	1020626	train2017/000000032134.jpg
1994.189453125	0.0	image/178	178	1021025	train2017/000000355458.jpg
1995.0078125	0.0	image/135	135	1021444	train2017/000000288372.jpg
1995.77734375	0.0	image/151	151	1021838	train2017/000000553150.jpg
1996.572265625	0.0	image/169	169	1022245	train2017/000000557886.jpg
1997.35546875	0.0	image/126	126	1022646	train2017/000000547367.jpg
1998.15625	0.0	image/237	237	1023056	train2017/000000095809.jpg
1998.9453125	0.0	image/211	211	1023460	train2017/000000567837.jpg
1999.744140625	0.0	image/229	229	1023869	train2017/000000310870.jpg
2000.5390625	0.0	image/217	217	1024276	train2017/000000306988.jpg
2001.345703125	0.0	image/183	183	1024689	train2017/000000298395.jpg
2002.12890625	0.0	image/180	180	1025090	train2017/000000297844.jpg
2002.912109375	0.0	image/207	207	1025491	train2017/000000042578.jpg
2003.728515625	0.0	image/238	238	1025909	train2017/000000050624.jpg
2004.525390625	0.0	image/170	170	1026317	train2017/000000033727.jpg
2005.34375	0.0	image/148	148	1026736	train2017/000000027665.jpg
2006.1640625	0.0	image/134	134	1027156	train2017/000000550396.jpg
2006.947265625	0.0	image/170	170	1027557	train2017/000000033727.jpg
2007.74609375	0.0	image/221	221	1027966	train2017/000000575701.jpg
2008.57421875	0.0	image/141	141	1028390	train2017/000000026981.jpg
2009.359375	0.0	image/191	191	1028792	train2017/000000039196.jpg
2010.126953125	0.0	image/166	166	1029185	train2017/000000556748.jpg
2010.943359375	0.0	image/185	185	1029603	train2017/000000036589.jpg
2011.744140625	0.0	image/212	212	1030013	train2017/000000043776.jpg
2012.564453125	0.0	image/230	230	1030433	train2017/000000573337.jpg
2014.111328125	0.0	image/187	187	1031225	train2017/000000037779.jpg
2015.69921875	0.0	image/147	147	1032038	train2017/000000289791.jpg
2016.498046875	0.0	image/127	127	1032447	train2017/000000285450.jpg
2017.31640625	0.0	image/198	198	1032866	train2017/000000303436.jpg
2018.130859375	0.0	image/184	184	1033283	train2017/000000006053.jpg
2019.734375	0.0	image/209	209	1034104	train2017/000000043176.jpg
2020.53125	0.0	image/153	153	1034512	train2017/000000553586.jpg
2021.3515625	0.0	image/185	185	1034932	train2017/000000036589.jpg
2022.1640625	0.0	image/169	169	1035348	train2017/000000557886.jpg
2022.9296875	0.0	image/190	190	1035740	train2017/000000038801.jpg
2023.751953125	0.0	image/172	172	1036161	train2017/000000558822.jpg
2024.5859375	0.0	image/191	191	1036588	train2017/000000039196.jpg
2025.380859375	0.0	image/158	158	1036995	train2017/000000030148.jpg
2026.185546875	0.0	image/219	219	1037407	train2017/000000219735.jpg
2027.015625	0.0	image/205	205	1037832	train2017/000000566341.jpg
2027.802734375	0.0	image/186	186	1038235	train2017/000000037358.jpg
2028.599609375	0.0	image/214	214	1038643	train2017/000000306031.jpg
2029.38671875	0.0	image/223	223	1039046	train2017/000000309135.jpg
2030.16796875	0.0	image/193	193	1039446	train2017/000000564465.jpg
2030.98828125	0.0	image/175	175	1039866	train2017/000000559225.jpg
2031.787109375	0.0	image/183	183	1040275	train2017/000000298395.jpg
2032.60546875	0.0	image/155	155	1040694	train2017/000000029730.jpg
2033.3828125	0.0	image/160	160	1041092	train2017/000000293130.jpg
2034.166015625	0.0	image/196	196	1041493	train2017/000000574784.jpg
2034.96875	0.0	image/150	150	1041904	train2017/000000552589.jpg
2035.755859375	0.0	image/139	139	1042307	train2017/000000026702.jpg
2037.390625	0.0	image/168	168	1043144	train2017/000000557848.jpg
2038.20703125	0.0	image/201	201	1043562	train2017/000000041606.jpg
2039.0234375	0.0	image/212	212	1043980	train2017/000000043776.jpg
2039.80078125	0.0	image/177	177	1044378	train2017/000000573830.jpg
2040.583984375	0.0	image/215	215	1044779	train2017/000000306249.jpg
2041.3828125	0.0	image/233	233	1045188	train2017/000000532520.jpg
2042.173828125	0.0	image/161	161	1045593	train2017/000000293368.jpg
2042.970703125	0.0	image/134	134	1046001	train2017/000000550396.jpg
2043.736328125	0.0	image/143	143	1046393	train2017/000000027030.jpg
2044.55859375	0.0	image/233	233	1046814	train2017/000000532520.jpg
2045.337890625	0.0	image/208	208	1047213	train2017/000000043150.jpg
2046.13671875	0.0	image/199	199	1047622	train2017/000000565652.jpg
2046.958984375	0.0	image/238	238	1048043	train2017/000000050624.jpg
2047.75390625	0.0	image/146	146	1048450	train2017/000000289460.jpg
2048.556640625	0.0	image/200	200	1048861	train2017/000000565834.jpg
2050.13671875	0.0	image/152	152	1049670	train2017/000000553166.jpg
2051.7265625	0.0	image/208	208	1050484	train2017/000000043150.jpg
2052.509765625	0.0	image/125	125	1050885	train2017/000000022964.jpg
2053.3046875	0.0	image/213	213	1051292	train2017/000000043815.jpg
2054.95703125	0.0	image/203	203	1052138	train2017/000000566261.jpg
2055.779296875	0.0	image/121	121	1052559	train2017/000000546140.jpg
2056.5625	0.0	image/230	230	1052960	train2017/000000573337.jpg
2057.388671875	0.0	image/129	129	1053383	train2017/000000023392.jpg
2058.1796875	0.0	image/137	137	1053788	train2017/000000026443.jpg
2058.97265625	0.0	image/159	159	1054194	train2017/000000292845.jpg
2059.74609375	0.0	image/221	221	1054590	train2017/000000575701.jpg
2060.5625	0.0	image/144	144	1055008	train2017/000000354070.jpg
2061.375	0.0	image/189	189	1055424	train2017/000000300881.jpg
2062.158203125	0.0	image/131	131	1055825	train2017/000000549301.jpg
2062.92578125	0.0	image/160	160	1056218	train2017/000000293130.jpg
2063.7421875	0.0	image/182	182	1056636	train2017/000000298170.jpg
2064.55859375	0.0	image/222	222	1057054	train2017/000000308950.jpg
2065.328125	0.0	image/146	146	1057448	train2017/000000289460.jpg
2066.09765625	0.0	image/128	128	1057842	train2017/000000547644.jpg
2066.880859375	0.0	image/187	187	1058243	train2017/000000037779.jpg
2067.681640625	0.0	image/162	162	1058653	train2017/000000293372.jpg
2068.458984375	0.0	image/193	193	1059051	train2017/000000564465.jpg
2069.279296875	0.0	image/229	229	1059471	train2017/000000310870.jpg
2070.080078125	0.0	image/164	164	1059881	train2017/000000556542.jpg
2071.677734375	0.0	image/130	130	1060699	train2017/000000548593.jpg
2072.466796875	0.0	image/132	132	1061103	train2017/000000549830.jpg
2073.30078125	0.0	image/162	162	1061530	train2017/000000293372.jpg
2074.078125	0.0	image/234	234	1061928	train2017/000000312003.jpg
2074.861328125	0.0	image/205	205	1062329	train2017/000000566341.jpg
2075.68359375	0.0	image/194	194	1062750	train2017/000000302588.jpg
2076.462890625	0.0	image/224	224	1063149	train2017/000000309192.jpg
2077.279296875	0.0	image/206	206	1063567	train2017/000000263276.jpg
2078.068359375	0.0	image/210	210	1063971	train2017/000000305685.jpg
2078.884765625	0.0	image/223	223	1064389	train2017/000000309135.jpg
2079.697265625	0.0	image/142	142	1064805	train2017/000000027002.jpg
2080.513671875	0.0	image/149	149	1065223	train2017/000000290192.jpg
2081.3359375	0.0	image/236	236	1065644	train2017/000000574760.jpg
2082.1640625	0.0	image/222	222	1066068	train2017/000000308950.jpg
2082.935546875	0.0	image/199	199	1066463	train2017/000000565652.jpg
2083.765625	0.0	image/148	148	1066888	train2017/000000027665.jpg
2084.53125	0.0	image/220	220	1067280	train2017/000000569645.jpg
2085.298828125	0.0	image/235	235	1067673	train2017/000000050256.jpg
2086.103515625	0.0	image/157	157	1068085	train2017/000000030109.jpg
2086.888671875	0.0	image/150	150	1068487	train2017/000000552589.jpg
2087.671875	0.0	image/204	204	1068888	train2017/000000304187.jpg
2088.44921875	0.0	image/154	154	1069286	train2017/000000291560.jpg
2089.25390625	0.0	image/228	228	1069698	train2017/000000572215.jpg
2090.0390625	0.0	image/136	136	1070100	train2017/000000026388.jpg
2090.849609375	0.0	image/215	215	1070515	train2017/000000306249.jpg
2091.65625	0.0	image/176	176	1070928	train2017/000000297154.jpg
2092.47265625	0.0	image/178	178	1071346	train2017/000000355458.jpg
2093.25390625	0.0	image/163	163	1071746	train2017/000000032134.jpg
2094.056640625	0.0	image/133	133	1072157	train2017/000000026029.jpg
2095.619140625	0.0	image/138	138	1072957	train2017/000000288751.jpg
2096.41796875	0.0	image/125	125	1073366	train2017/000000022964.jpg
2098.0078125	0.0	image/189	189	1074180	train2017/000000300881.jpg
2098.802734375	0.0	image/156	156	1074587	train2017/000000029732.jpg
2099.587890625	0.0	image/171	171	1074989	train2017/000000033764.jpg
2100.357421875	0.0	image/165	165	1075383	train2017/000000032275.jpg
2101.142578125	0.0	image/190	190	1075785	train2017/000000038801.jpg
2101.92578125	0.0	image/202	202	1076186	train2017/000000566201.jpg
2102.705078125	0.0	image/122	122	1076585	train2017/000000546147.jpg
2103.4765625	0.0	image/127	127	1076980	train2017/000000285450.jpg
2104.259765625	0.0	image/184	184	1077381	train2017/000000006053.jpg
2105.087890625	0.0	image/124	124	1077805	train2017/000000122964.jpg
2105.859375	0.0	image/224	224	1078200	train2017/000000309192.jpg
2106.669921875	0.0	image/171	171	1078615	train2017/000000033764.jpg
2107.455078125	0.0	image/232	232	1079017	train2017/000000311232.jpg
2108.240234375	0.0	image/225	225	1079419	train2017/000000047172.jpg
2109.0078125	0.0	image/231	231	1079812	train2017/000000270325.jpg
2109.822265625	0.0	image/172	172	1080229	train2017/000000558822.jpg
2111.373046875	0.0	image/218	218	1081023	train2017/000000569196.jpg
2112.1953125	0.0	image/140	140	1081444	train2017/000000551164.jpg
2112.97265625	0.0	image/220	220	1081842	train2017/000000569645.jpg
2113.740234375	0.0	image/204	204	1082235	train2017/000000304187.jpg
2115.357421875	0.0	image/186	186	1083063	train2017/000000037358.jpg
2116.158203125	0.0	image/239	239	1083473	train2017/000000313480.jpg
2116.962890625	0.0	image/132	132	1083885	train2017/000000549830.jpg
2117.7578125	0.0	image/234	234	1084292	train2017/000000312003.jpg
2118.576171875	0.0	image/210	210	1084711	train2017/000000305685.jpg
2119.36328125	0.0	image/136	136	1085114	train2017/000000026388.jpg
2120.193359375	0.0	image/129	129	1085539	train2017/000000023392.jpg
2120.978515625	0.0	image/188	188	1085941	train2017/000000037823.jpg
2121.79296875	0.0	image/153	153	1086358	train2017/000000553586.jpg
2123.416015625	0.0	image/227	227	1087189	train2017/000000047638.jpg
2124.244140625	0.0	image/226	226	1087613	train2017/000000571499.jpg
2125.81640625	0.0	image/206	206	1088418	train2017/000000263276.jpg
2126.6328125	0.0	image/198	198	1088836	train2017/000000303436.jpg
2127.43359375	0.0	image/123	123	1089246	train2017/000000022256.jpg
2128.267578125	0.0	image/168	168	1089673	train2017/000000557848.jpg
2129.099609375	0.0	image/216	216	1090099	train2017/000000225829.jpg
2129.896484375	0.0	image/240	240	1090507	train2017/000000575971.jpg
2130.677734375	0.0	image/213	213	1090907	train2017/000000043815.jpg
2132.294921875	0.0	image/173	173	1091735	train2017/000000559816.jpg
2133.068359375	0.0	image/197	197	1092131	train2017/000000303392.jpg
2133.884765625	0.0	image/203	203	1092549	train2017/000000566261.jpg
2134.69921875	0.0	image/180	180	1092966	train2017/000000297844.jpg
2136.302734375	0.0	image/195	195	1093787	train2017/000000040685.jpg
2137.115234375	0.0	image/138	138	1094203	train2017/000000288751.jpg
2137.919921875	0.0	image/121	121	1094615	train2017/000000546140.jpg
2138.732421875	0.0	image/174	174	1095031	train2017/000000559145.jpg
2139.515625	0.0	image/145	145	1095432	train2017/000000027298.jpg
2140.33203125	0.0	image/165	165	1095850	train2017/000000032275.jpg
2141.1484375	0.0	image/200	200	1096268	train2017/000000565834.jpg
2141.955078125	0.0	image/232	232	1096681	train2017/000000311232.jpg
2142.75	0.0	image/236	236	1097088	train2017/000000574760.jpg
2143.548828125	0.0	image/197	197	1097497	train2017/000000303392.jpg
2144.35546875	0.0	image/149	149	1097910	train2017/000000290192.jpg
2145.166015625	0.0	image/175	175	1098325	train2017/000000559225.jpg
2146.806640625	0.0	image/159	159	1099165	train2017/000000292845.jpg
2147.583984375	0.0	image/218	218	1099563	train2017/000000569196.jpg
2148.373046875	0.0	image/188	188	1099967	train2017/000000037823.jpg
2149.18359375	0.0	image/216	216	1100382	train2017/000000225829.jpg
2149.990234375	0.0	image/128	128	1100795	train2017/000000547644.jpg
2150.798828125	0.0	image/143	143	1101209	train2017/000000027030.jpg
2152.384765625	0.0	image/155	155	1102021	train2017/000000029730.jpg
2153.173828125	0.0	image/228	228	1102425	train2017/000000572215.jpg
2153.984375	0.0	image/164	164	1102840	train2017/000000556542.jpg
2154.7578125	0.0	image/166	166	1103236	train2017/000000556748.jpg
2155.55859375	0.0	image/158	158	1103646	train2017/000000030148.jpg
2156.38671875	0.0	image/179	179	1104070	train2017/000000559958.jpg
2157.958984375	0.0	image/231	231	1104875	train2017/000000270325.jpg
2159.560546875	0.0	image/151	151	1105695	train2017/000000553150.jpg
2160.392578125	0.0	image/174	174	1106121	train2017/000000559145.jpg
2162.009765625	0.0	image/123	123	1106949	train2017/000000022256.jpg
2162.771484375	0.0	image/156	156	1107339	train2017/000000029732.jpg
2163.572265625	0.0	image/167	167	1107749	train2017/000000032809.jpg
2164.39453125	0.0	image/137	137	1108170	train2017/000000026443.jpg
2165.189453125	0.0	image/207	207	1108577	train2017/000000042578.jpg
2165.978515625	0.0	image/122	122	1108981	train2017/000000546147.jpg
2172.990234375	0.0	image/328	328	1112571	train2017/000000071429.jpg
2173.806640625	0.0	image/323	323	1112989	train2017/000000332574.jpg
2174.625	0.0	image/287	287	1113408	train2017/000000061266.jpg
2175.40234375	0.0	image/322	322	1113806	train2017/000000070421.jpg
2176.185546875	0.0	image/250	250	1114207	train2017/000000577964.jpg
2177.0078125	0.0	image/303	303	1114628	train2017/000000328628.jpg
2177.82421875	0.0	image/346	346	1115046	train2017/000000336374.jpg
2178.642578125	0.0	image/266	266	1115465	train2017/000000056837.jpg
2179.42578125	0.0	image/258	258	1115866	train2017/000000055294.jpg
2180.205078125	0.0	image/251	251	1116265	train2017/000000053778.jpg
2181.009765625	0.0	image/284	284	1116677	train2017/000000323182.jpg
2181.787109375	0.0	image/313	313	1117075	train2017/000000011373.jpg
2182.5703125	0.0	image/242	242	1117476	train2017/000000051774.jpg
2183.337890625	0.0	image/247	247	1117869	train2017/000000576789.jpg
2184.15625	0.0	image/286	286	1118288	train2017/000000323397.jpg
2185.77734375	0.0	image/277	277	1119118	train2017/000000009983.jpg
2186.59375	0.0	image/286	286	1119536	train2017/000000323397.jpg
2187.376953125	0.0	image/337	337	1119937	train2017/000000072095.jpg
2188.189453125	0.0	image/264	264	1120353	train2017/000000001877.jpg
2189.01171875	0.0	image/335	335	1120774	train2017/000000071927.jpg
2189.822265625	0.0	image/359	359	1121189	train2017/000000078000.jpg
2190.595703125	0.0	image/304	304	1121585	train2017/000000066696.jpg
2192.173828125	0.0	image/341	341	1122393	train2017/000000492851.jpg
2192.978515625	0.0	image/352	352	1122805	train2017/000000274776.jpg
2194.61328125	0.0	image/263	263	1123642	train2017/000000318444.jpg
2195.447265625	0.0	image/241	241	1124069	train2017/000000576011.jpg
2196.2421875	0.0	image/265	265	1124476	train2017/000000580813.jpg
2197.875	0.0	image/300	300	1125312	train2017/000000065400.jpg
2198.677734375	0.0	image/347	347	1125723	train2017/000000074390.jpg
2199.46484375	0.0	image/292	292	1126126	train2017/000000323970.jpg
2200.298828125	0.0	image/301	301	1126553	train2017/000000066253.jpg
2201.115234375	0.0	image/259	259	1126971	train2017/000000055402.jpg
2201.92578125	0.0	image/278	278	1127386	train2017/000000009987.jpg
2202.71484375	0.0	image/257	257	1127790	train2017/000000055206.jpg
2203.52734375	0.0	image/305	305	1128206	train2017/000000067347.jpg
2204.310546875	0.0	image/297	297	1128607	train2017/000000065012.jpg
2205.1171875	0.0	image/316	316	1129020	train2017/000000246728.jpg
2205.943359375	0.0	image/348	348	1129443	train2017/000000074461.jpg
2206.75	0.0	image/327	327	1129856	train2017/000000333152.jpg
2207.560546875	0.0	image/288	288	1130271	train2017/000000061288.jpg
2208.328125	0.0	image/280	280	1130664	train2017/000000322255.jpg
2209.12890625	0.0	image/324	324	1131074	train2017/000000332692.jpg
2209.935546875	0.0	image/349	349	1131487	train2017/000000074714.jpg
2211.546875	0.0	image/345	345	1132312	train2017/000000281567.jpg
2212.3515625	0.0	image/312	312	1132724	train2017/000000068238.jpg
2213.138671875	0.0	image/337	337	1133127	train2017/000000072095.jpg
2213.96875	0.0	image/295	295	1133552	train2017/000000010743.jpg
2215.5703125	0.0	image/348	348	1134372	train2017/000000074461.jpg
2217.169921875	0.0	image/309	309	1135191	train2017/000000330084.jpg
2217.986328125	0.0	image/306	306	1135609	train2017/000000281575.jpg
2218.771484375	0.0	image/282	282	1136011	train2017/000000053842.jpg
2219.548828125	0.0	image/305	305	1136409	train2017/000000067347.jpg
2220.37109375	0.0	image/350	350	1136830	train2017/000000074828.jpg
2221.171875	0.0	image/282	282	1137240	train2017/000000053842.jpg
2221.96484375	0.0	image/276	276	1137646	train2017/000000322008.jpg
2222.767578125	0.0	image/323	323	1138057	train2017/000000332574.jpg
2224.373046875	0.0	image/302	302	1138879	train2017/000000328454.jpg
2225.171875	0.0	image/314	314	1139288	train2017/000000055090.jpg
2225.951171875	0.0	image/306	306	1139687	train2017/000000281575.jpg
2226.755859375	0.0	image/266	266	1140099	train2017/000000056837.jpg
2227.537109375	0.0	image/330	330	1140499	train2017/000000333629.jpg
2228.357421875	0.0	image/293	293	1140919	train2017/000000062547.jpg
2229.1875	0.0	image/317	317	1141344	train2017/000000069625.jpg
2229.94921875	0.0	image/318	318	1141734	train2017/000000069705.jpg
2230.751953125	0.0	image/243	243	1142145	train2017/000000560396.jpg
2231.541015625	0.0	image/346	346	1142549	train2017/000000336374.jpg
2232.357421875	0.0	image/269	269	1142967	train2017/000000320533.jpg
2233.140625	0.0	image/333	333	1143368	train2017/000000334011.jpg
2233.92578125	0.0	image/268	268	1143770	train2017/000000057796.jpg
2234.7421875	0.0	image/245	245	1144188	train2017/000000052348.jpg
2235.521484375	0.0	image/248	248	1144587	train2017/000000455691.jpg
2236.318359375	0.0	image/327	327	1144995	train2017/000000333152.jpg
2237.0859375	0.0	image/308	308	1145388	train2017/000000067623.jpg
2237.853515625	0.0	image/344	344	1145781	train2017/000000073997.jpg
2238.626953125	0.0	image/329	329	1146177	train2017/000000333615.jpg
2239.41015625	0.0	image/275	275	1146578	train2017/000000403184.jpg
2240.1875	0.0	image/285	285	1146976	train2017/000000061174.jpg
2241.728515625	0.0	image/354	354	1147765	train2017/000000076476.jpg
2242.51171875	0.0	image/291	291	1148166	train2017/000000490875.jpg
2243.34375	0.0	image/263	263	1148592	train2017/000000318444.jpg
2244.125	0.0	image/315	315	1148992	train2017/000000068623.jpg
2245.708984375	0.0	image/241	241	1149803	train2017/000000576011.jpg
2246.51171875	0.0	image/254	254	1150214	train2017/000000317061.jpg
2248.12890625	0.0	image/290	290	1151042	train2017/000000534553.jpg
2248.921875	0.0	image/307	307	1151448	train2017/000000329641.jpg
2249.73046875	0.0	image/251	251	1151862	train2017/000000053778.jpg
2250.521484375	0.0	image/297	297	1152267	train2017/000000065012.jpg
2252.0625	0.0	image/320	320	1153056	train2017/000000332448.jpg
2252.861328125	0.0	image/262	262	1153465	train2017/000000318381.jpg
2253.673828125	0.0	image/320	320	1153881	train2017/000000332448.jpg
2254.48046875	0.0	image/299	299	1154294	train2017/000000327191.jpg
2255.248046875	0.0	image/283	283	1154687	train2017/000000359687.jpg
2256.04296875	0.0	image/316	316	1155094	train2017/000000246728.jpg
2256.865234375	0.0	image/252	252	1155515	train2017/000000578169.jpg
2257.67578125	0.0	image/357	357	1155930	train2017/000000338987.jpg
2258.482421875	0.0	image/342	342	1156343	train2017/000000335688.jpg
2259.310546875	0.0	image/245	245	1156767	train2017/000000052348.jpg
2260.126953125	0.0	image/311	311	1157185	train2017/000000067961.jpg
2260.93359375	0.0	image/262	262	1157598	train2017/000000318381.jpg
2261.73046875	0.0	image/298	298	1158006	train2017/000000065029.jpg
2262.517578125	0.0	image/261	261	1158409	train2017/000000317781.jpg
2263.3515625	0.0	image/296	296	1158836	train2017/000000064534.jpg
2264.166015625	0.0	image/354	354	1159253	train2017/000000076476.jpg
2264.947265625	0.0	image/265	265	1159653	train2017/000000580813.jpg
2265.76171875	0.0	image/338	338	1160070	train2017/000000334772.jpg
2266.53515625	0.0	image/319	319	1160466	train2017/000000332261.jpg
2267.3515625	0.0	image/247	247	1160884	train2017/000000576789.jpg
2268.15234375	0.0	image/246	246	1161294	train2017/000000576749.jpg
2268.931640625	0.0	image/272	272	1161693	train2017/000000359337.jpg
2269.751953125	0.0	image/325	325	1162113	train2017/000000002349.jpg
2270.5703125	0.0	image/351	351	1162532	train2017/000000337479.jpg
2271.34765625	0.0	image/246	246	1162930	train2017/000000576749.jpg
2272.13671875	0.0	image/244	244	1163334	train2017/000000314379.jpg
2272.962890625	0.0	image/338	338	1163757	train2017/000000334772.jpg
2273.73046875	0.0	image/336	336	1164150	train2017/000000334208.jpg
2274.53125	0.0	image/257	257	1164560	train2017/000000055206.jpg
2275.349609375	0.0	image/310	310	1164979	train2017/000000330086.jpg
2276.154296875	0.0	image/311	311	1165391	train2017/000000067961.jpg
2276.9375	0.0	image/339	339	1165792	train2017/000000072715.jpg
2277.720703125	0.0	image/309	309	1166193	train2017/000000330084.jpg
2278.51953125	0.0	image/334	334	1166602	train2017/000000334048.jpg
2279.3046875	0.0	image/353	353	1167004	train2017/000000338169.jpg
2280.099609375	0.0	image/253	253	1167411	train2017/000000054001.jpg
2280.8828125	0.0	image/358	358	1167812	train2017/000000077870.jpg
2281.666015625	0.0	image/326	326	1168213	train2017/000000332875.jpg
2282.47265625	0.0	image/281	281	1168626	train2017/000000323010.jpg
2283.306640625	0.0	image/272	272	1169053	train2017/000000359337.jpg
2284.123046875	0.0	image/281	281	1169471	train2017/000000323010.jpg
2285.724609375	0.0	image/253	253	1170291	train2017/000000054001.jpg
2286.541015625	0.0	image/242	242	1170709	train2017/000000051774.jpg
2287.3203125	0.0	image/342	342	1171108	train2017/000000335688.jpg
2288.0859375	0.0	image/353	353	1171500	train2017/000000338169.jpg
2288.890625	0.0	image/347	347	1171912	train2017/000000074390.jpg
2289.67578125	0.0	image/356	356	1172314	train2017/000000012795.jpg
2290.470703125	0.0	image/295	295	1172721	train2017/000000010743.jpg
2291.29296875	0.0	image/271	271	1173142	train2017/000000058465.jpg
2292.09375	0.0	image/268	268	1173552	train2017/000000057796.jpg
2292.876953125	0.0	image/289	289	1173953	train2017/000000061559.jpg
2294.50390625	0.0	image/270	270	1174786	train2017/000000058407.jpg
2296.154296875	0.0	image/355	355	1175631	train2017/000000338670.jpg
2296.9609375	0.0	image/332	332	1176044	train2017/000000579906.jpg
2297.7734375	0.0	image/355	355	1176460	train2017/000000338670.jpg
2298.5703125	0.0	image/290	290	1176868	train2017/000000534553.jpg
2299.388671875	0.0	image/336	336	1177287	train2017/000000334208.jpg
2300.171875	0.0	image/283	283	1177688	train2017/000000359687.jpg
2300.95703125	0.0	image/274	274	1178090	train2017/000000321902.jpg
2301.779296875	0.0	image/273	273	1178511	train2017/000000059321.jpg
2302.607421875	0.0	image/269	269	1178935	train2017/000000320533.jpg
2303.412109375	0.0	image/321	321	1179347	train2017/000000332498.jpg
2304.212890625	0.0	image/358	358	1179757	train2017/000000077870.jpg
2304.990234375	0.0	image/294	294	1180155	train2017/000000325710.jpg
2305.77734375	0.0	image/349	349	1180558	train2017/000000074714.jpg
2306.580078125	0.0	image/284	284	1180969	train2017/000000323182.jpg
2308.1640625	0.0	image/258	258	1181780	train2017/000000055294.jpg
2308.9921875	0.0	image/288	288	1182204	train2017/000000061288.jpg
2310.58203125	0.0	image/331	331	1183018	train2017/000000333654.jpg
2311.380859375	0.0	image/298	298	1183427	train2017/000000065029.jpg
2312.16015625	0.0	image/356	356	1183826	train2017/000000012795.jpg
2312.9453125	0.0	image/321	321	1184228	train2017/000000332498.jpg
2313.71484375	0.0	image/248	248	1184622	train2017/000000455691.jpg
2314.515625	0.0	image/289	289	1185032	train2017/000000061559.jpg
2315.31640625	0.0	image/267	267	1185442	train2017/000000057631.jpg
2316.1171875	0.0	image/325	325	1185852	train2017/000000002349.jpg
2316.900390625	0.0	image/339	339	1186253	train2017/000000072715.jpg
2317.728515625	0.0	image/243	243	1186677	train2017/000000560396.jpg
2318.517578125	0.0	image/302	302	1187081	train2017/000000328454.jpg
2319.30078125	0.0	image/315	315	1187482	train2017/000000068623.jpg
2320.095703125	0.0	image/278	278	1187889	train2017/000000009987.jpg
2320.91796875	0.0	image/271	271	1188310	train2017/000000058465.jpg
2321.697265625	0.0	image/351	351	1188709	train2017/000000337479.jpg
2322.49609375	0.0	image/344	344	1189118	train2017/000000073997.jpg
2323.28515625	0.0	image/313	313	1189522	train2017/000000011373.jpg
2324.11328125	0.0	image/254	254	1189946	train2017/000000317061.jpg
2324.935546875	0.0	image/273	273	1190367	train2017/000000059321.jpg
2325.73046875	0.0	image/324	324	1190774	train2017/000000332692.jpg
2327.3359375	0.0	image/359	359	1191596	train2017/000000078000.jpg
2328.1484375	0.0	image/329	329	1192012	train2017/000000333615.jpg
2329.736328125	0.0	image/264	264	1192825	train2017/000000001877.jpg
2330.548828125	0.0	image/304	304	1193241	train2017/000000066696.jpg
2331.353515625	0.0	image/350	350	1193653	train2017/000000074828.jpg
2332.181640625	0.0	image/267	267	1194077	train2017/000000057631.jpg
2332.955078125	0.0	image/294	294	1194473	train2017/000000325710.jpg
2333.736328125	0.0	image/345	345	1194873	train2017/000000281567.jpg
2334.548828125	0.0	image/340	340	1195289	train2017/000000335063.jpg
2335.3671875	0.0	image/300	300	1195708	train2017/000000065400.jpg
2336.134765625	0.0	image/255	255	1196101	train2017/000000055184.jpg
2336.95703125	0.0	image/256	256	1196522	train2017/000000009199.jpg
2337.767578125	0.0	image/249	249	1196937	train2017/000000577817.jpg
2338.556640625	0.0	image/270	270	1197341	train2017/000000058407.jpg
2339.33984375	0.0	image/319	319	1197742	train2017/000000332261.jpg
2340.119140625	0.0	image/299	299	1198141	train2017/000000327191.jpg
2340.923828125	0.0	image/330	330	1198553	train2017/000000333629.jpg
2341.70703125	0.0	image/310	310	1198954	train2017/000000330086.jpg
2342.53515625	0.0	image/335	335	1199378	train2017/000000071927.jpg
2343.341796875	0.0	image/301	301	1199791	train2017/000000066253.jpg
2344.13671875	0.0	image/307	307	1200198	train2017/000000329641.jpg
2344.958984375	0.0	image/285	285	1200619	train2017/000000061174.jpg
2345.787109375	0.0	image/244	244	1201043	train2017/000000314379.jpg
2346.552734375	0.0	image/314	314	1201435	train2017/000000055090.jpg
2347.35546875	0.0	image/341	341	1201846	train2017/000000492851.jpg
2348.17578125	0.0	image/260	260	1202266	train2017/000000055514.jpg
2349.009765625	0.0	image/317	317	1202693	train2017/000000069625.jpg
2349.8203125	0.0	image/343	343	1203108	train2017/000000335824.jpg
2350.642578125	0.0	image/275	275	1203529	train2017/000000403184.jpg
2351.427734375	0.0	image/357	357	1203931	train2017/000000338987.jpg
2352.2109375	0.0	image/340	340	1204332	train2017/000000335063.jpg
2352.994140625	0.0	image/322	322	1204733	train2017/000000070421.jpg
2354.59375	0.0	image/256	256	1205552	train2017/000000009199.jpg
2356.19140625	0.0	image/332	332	1206370	train2017/000000579906.jpg
2356.990234375	0.0	image/352	352	1206779	train2017/000000274776.jpg
2357.7578125	0.0	image/318	318	1207172	train2017/000000069705.jpg
2358.576171875	0.0	image/279	279	1207591	train2017/000000322246.jpg
2359.37890625	0.0	image/293	293	1208002	train2017/000000062547.jpg
2360.958984375	0.0	image/360	360	1208811	train2017/000000078042.jpg
2361.779296875	0.0	image/277	277	1209231	train2017/000000009983.jpg
2362.57421875	0.0	image/303	303	1209638	train2017/000000328628.jpg
2363.36328125	0.0	image/280	280	1210042	train2017/000000322255.jpg
2364.19140625	0.0	image/334	334	1210466	train2017/000000334048.jpg
2365.013671875	0.0	image/326	326	1210887	train2017/000000332875.jpg
2365.798828125	0.0	image/328	328	1211289	train2017/000000071429.jpg
2366.591796875	0.0	image/331	331	1211695	train2017/000000333654.jpg
2367.361328125	0.0	image/296	296	1212089	train2017/000000064534.jpg
2368.181640625	0.0	image/255	255	1212509	train2017/000000055184.jpg
2368.978515625	0.0	image/292	292	1212917	train2017/000000323970.jpg
2370.599609375	0.0	image/287	287	1213747	train2017/000000061266.jpg
2371.39453125	0.0	image/250	250	1214154	train2017/000000577964.jpg
2372.162109375	0.0	image/312	312	1214547	train2017/000000068238.jpg
2372.947265625	0.0	image/259	259	1214949	train2017/000000055402.jpg
2373.734375	0.0	image/279	279	1215352	train2017/000000322246.jpg
2374.568359375	0.0	image/274	274	1215779	train2017/000000321902.jpg
2375.3671875	0.0	image/333	333	1216188	train2017/000000334011.jpg
2376.162109375	0.0	image/276	276	1216595	train2017/000000322008.jpg
2376.984375	0.0	image/291	291	1217016	train2017/000000490875.jpg
2377.767578125	0.0	image/343	343	1217417	train2017/000000335824.jpg
2378.595703125	0.0	image/252	252	1217841	train2017/000000578169.jpg
2379.365234375	0.0	image/260	260	1218235	train2017/000000055514.jpg
2380.169921875	0.0	image/360	360	1218647	train2017/000000078042.jpg
2380.94921875	0.0	image/249	249	1219046	train2017/000000577817.jpg
2382.501953125	0.0	image/261	261	1219841	train2017/000000317781.jpg
2383.287109375	0.0	image/308	308	1220243	train2017/000000067623.jpg
2390.95703125	0.0	image/462	462	1224170	train2017/000000368852.jpg
2391.75	0.0	image/412	412	1224576	train2017/000000408492.jpg
2392.55078125	0.0	image/409	409	1224986	train2017/000000090827.jpg
2393.369140625	0.0	image/390	390	1225405	train2017/000000346754.jpg
2394.173828125	0.0	image/392	392	1225817	train2017/000000348204.jpg
2394.974609375	0.0	image/385	385	1226227	train2017/000000345751.jpg
2395.802734375	0.0	image/431	431	1226651	train2017/000000095828.jpg
2397.375	0.0	image/464	464	1227456	train2017/000000369230.jpg
2398.19140625	0.0	image/434	434	1227874	train2017/000000097201.jpg
2399.025390625	0.0	image/412	412	1228301	train2017/000000408492.jpg
2399.80859375	0.0	image/442	442	1228702	train2017/000000361648.jpg
2401.419921875	0.0	image/447	447	1229527	train2017/000000100863.jpg
2402.20703125	0.0	image/370	370	1229930	train2017/000000081105.jpg
2403.00390625	0.0	image/437	437	1230338	train2017/000000060117.jpg
2403.826171875	0.0	image/426	426	1230759	train2017/000000357074.jpg
2404.62109375	0.0	image/440	440	1231166	train2017/000000361197.jpg
2405.404296875	0.0	image/460	460	1231567	train2017/000000367552.jpg
2406.19140625	0.0	image/432	432	1231970	train2017/000000096161.jpg
2406.978515625	0.0	image/452	452	1232373	train2017/000000365218.jpg
2407.744140625	0.0	image/386	386	1232765	train2017/000000083632.jpg
2408.541015625	0.0	image/446	446	1233173	train2017/000000100599.jpg
2409.306640625	0.0	image/363	363	1233565	train2017/000000079111.jpg
2410.095703125	0.0	image/471	471	1233969	train2017/000000372775.jpg
2410.87890625	0.0	image/414	414	1234370	train2017/000000091784.jpg
2412.447265625	0.0	image/377	377	1235173	train2017/000000450584.jpg
2413.24609375	0.0	image/401	401	1235582	train2017/000000088414.jpg
2414.029296875	0.0	image/453	453	1235983	train2017/000000103366.jpg
2414.82421875	0.0	image/436	436	1236390	train2017/000000098480.jpg
2415.630859375	0.0	image/477	477	1236803	train2017/000000113593.jpg
2416.42578125	0.0	image/441	441	1237210	train2017/000000099363.jpg
2417.224609375	0.0	image/475	475	1237619	train2017/000000373970.jpg
2418.013671875	0.0	image/404	404	1238023	train2017/000000352129.jpg
2418.841796875	0.0	image/365	365	1238447	train2017/000000080084.jpg
2419.666015625	0.0	image/435	435	1238869	train2017/000000097218.jpg
2421.259765625	0.0	image/432	432	1239685	train2017/000000096161.jpg
2422.06640625	0.0	image/436	436	1240098	train2017/000000098480.jpg
2422.84375	0.0	image/427	427	1240496	train2017/000000357228.jpg
2423.6328125	0.0	image/384	384	1240900	train2017/000000345725.jpg
2424.427734375	0.0	image/394	394	1241307	train2017/000000087126.jpg
2425.2265625	0.0	image/414	414	1241716	train2017/000000091784.jpg
2426.01171875	0.0	image/428	428	1242118	train2017/000000095176.jpg
2426.830078125	0.0	image/361	361	1242537	train2017/000000340317.jpg
2428.412109375	0.0	image/370	370	1243347	train2017/000000081105.jpg
2429.181640625	0.0	image/394	394	1243741	train2017/000000087126.jpg
2429.96484375	0.0	image/388	388	1244142	train2017/000000084174.jpg
2430.751953125	0.0	image/439	439	1244545	train2017/000000361193.jpg
2431.58203125	0.0	image/448	448	1244970	train2017/000000101069.jpg
2432.384765625	0.0	image/366	366	1245381	train2017/000000080275.jpg
2434.013671875	0.0	image/406	406	1246215	train2017/000000352236.jpg
2434.8359375	0.0	image/410	410	1246636	train2017/000000090994.jpg
2435.61328125	0.0	image/435	435	1247034	train2017/000000097218.jpg
2436.38671875	0.0	image/364	364	1247430	train2017/000000275335.jpg
2437.169921875	0.0	image/469	469	1247831	train2017/000000370369.jpg
2437.98046875	0.0	image/465	465	1248246	train2017/000000369253.jpg
2439.587890625	0.0	image/384	384	1249069	train2017/000000345725.jpg
2440.37109375	0.0	image/382	382	1249470	train2017/000000345149.jpg
2441.931640625	0.0	image/439	439	1250269	train2017/000000361193.jpg
2442.73828125	0.0	image/441	441	1250682	train2017/000000099363.jpg
2443.533203125	0.0	image/478	478	1251089	train2017/000000114035.jpg
2445.123046875	0.0	image/366	366	1251903	train2017/000000080275.jpg
2445.900390625	0.0	image/457	457	1252301	train2017/000000366396.jpg
2446.68359375	0.0	image/465	465	1252702	train2017/000000369253.jpg
2447.505859375	0.0	image/396	396	1253123	train2017/000000349363.jpg
2448.30078125	0.0	image/454	454	1253530	train2017/000000366146.jpg
2449.123046875	0.0	image/363	363	1253951	train2017/000000079111.jpg
2450.685546875	0.0	image/413	413	1254751	train2017/000000364806.jpg
2451.451171875	0.0	image/376	376	1255143	train2017/000000081995.jpg
2452.25390625	0.0	image/392	392	1255554	train2017/000000348204.jpg
2453.025390625	0.0	image/399	399	1255949	train2017/000000320508.jpg
2453.853515625	0.0	image/443	443	1256373	train2017/000000099580.jpg
2454.63671875	0.0	image/403	403	1256774	train2017/000000089908.jpg
2455.44140625	0.0	image/459	459	1257186	train2017/000000366802.jpg
2456.275390625	0.0	image/471	471	1257613	train2017/000000372775.jpg
2457.08984375	0.0	image/404	404	1258030	train2017/000000352129.jpg
2457.892578125	0.0	image/433	433	1258441	train2017/000000359085.jpg
2458.693359375	0.0	image/478	478	1258851	train2017/000000114035.jpg
2459.4765625	0.0	image/477	477	1259252	train2017/000000113593.jpg
2460.2890625	0.0	image/444	444	1259668	train2017/000000100396.jpg
2461.0546875	0.0	image/420	420	1260060	train2017/000000092353.jpg
2461.861328125	0.0	image/408	408	1260473	train2017/000000352861.jpg
2462.65625	0.0	image/402	402	1260880	train2017/000000088835.jpg
2463.443359375	0.0	image/375	375	1261283	train2017/000000081961.jpg
2464.224609375	0.0	image/474	474	1261683	train2017/000000373679.jpg
2465.01171875	0.0	image/449	449	1262086	train2017/000000101952.jpg
2465.841796875	0.0	image/422	422	1262511	train2017/000000059194.jpg
2466.662109375	0.0	image/387	387	1262931	train2017/000000083738.jpg
2467.462890625	0.0	image/361	361	1263341	train2017/000000340317.jpg
2468.296875	0.0	image/479	479	1263768	train2017/000000114077.jpg
2469.123046875	0.0	image/430	430	1264191	train2017/000000357865.jpg
2469.9296875	0.0	image/396	396	1264604	train2017/000000349363.jpg
2470.697265625	0.0	image/367	367	1264997	train2017/000000080619.jpg
2471.525390625	0.0	image/380	380	1265421	train2017/000000082650.jpg
2472.330078125	0.0	image/421	421	1265833	train2017/000000354761.jpg
2473.92578125	0.0	image/382	382	1266650	train2017/000000345149.jpg
2474.697265625	0.0	image/445	445	1267045	train2017/000000362677.jpg
2475.482421875	0.0	image/476	476	1267447	train2017/000000112734.jpg
2476.275390625	0.0	image/417	417	1267853	train2017/000000092001.jpg
2477.927734375	0.0	image/381	381	1268699	train2017/000000082770.jpg
2478.740234375	0.0	image/463	463	1269115	train2017/000000369171.jpg
2479.564453125	0.0	image/468	468	1269537	train2017/000000542304.jpg
2481.150390625	0.0	image/470	470	1270349	train2017/000000110611.jpg
2481.9609375	0.0	image/397	397	1270764	train2017/000000087334.jpg
2482.763671875	0.0	image/381	381	1271175	train2017/000000082770.jpg
2483.6015625	0.0	image/421	421	1271604	train2017/000000354761.jpg
2484.3828125	0.0	image/424	424	1272004	train2017/000000277778.jpg
2485.1640625	0.0	image/378	378	1272404	train2017/000000319517.jpg
2485.978515625	0.0	image/411	411	1272821	train2017/000000091005.jpg
2486.76171875	0.0	image/393	393	1273222	train2017/000000086811.jpg
2487.5859375	0.0	image/405	405	1273644	train2017/000000189765.jpg
2488.40234375	0.0	image/437	437	1274062	train2017/000000060117.jpg
2489.21875	0.0	image/433	433	1274480	train2017/000000359085.jpg
2490.029296875	0.0	image/410	410	1274895	train2017/000000090994.jpg
2490.8046875	0.0	image/406	406	1275292	train2017/000000352236.jpg
2491.61328125	0.0	image/372	372	1275706	train2017/000000081474.jpg
2492.4140625	0.0	image/373	373	1276116	train2017/000000081841.jpg
2493.181640625	0.0	image/395	395	1276509	train2017/000000087146.jpg
2493.96484375	0.0	image/473	473	1276910	train2017/000000372959.jpg
2494.734375	0.0	image/445	445	1277304	train2017/000000362677.jpg
2495.548828125	0.0	image/457	457	1277721	train2017/000000366396.jpg
2496.369140625	0.0	image/365	365	1278141	train2017/000000080084.jpg
2497.154296875	0.0	image/405	405	1278543	train2017/000000189765.jpg
2497.982421875	0.0	image/426	426	1278967	train2017/000000357074.jpg
2498.7890625	0.0	image/411	411	1279380	train2017/000000091005.jpg
2499.6171875	0.0	image/407	407	1279804	train2017/000000352724.jpg
2500.421875	0.0	image/371	371	1280216	train2017/000000081365.jpg
2501.205078125	0.0	image/401	401	1280617	train2017/000000088414.jpg
2501.990234375	0.0	image/377	377	1281019	train2017/000000450584.jpg
2503.650390625	0.0	image/429	429	1281869	train2017/000000095337.jpg
2504.451171875	0.0	image/427	427	1282279	train2017/000000357228.jpg
2505.267578125	0.0	image/461	461	1282697	train2017/000000106107.jpg
2506.802734375	0.0	image/369	369	1283483	train2017/000000080987.jpg
2507.603515625	0.0	image/374	374	1283893	train2017/000000046372.jpg
2508.390625	0.0	image/424	424	1284296	train2017/000000277778.jpg
2509.208984375	0.0	image/413	413	1284715	train2017/000000364806.jpg
2510.041015625	0.0	image/461	461	1285141	train2017/000000106107.jpg
2510.87109375	0.0	image/417	417	1285566	train2017/000000092001.jpg
2511.67578125	0.0	image/456	456	1285978	train2017/000000104081.jpg
2512.470703125	0.0	image/425	425	1286385	train2017/000000356771.jpg
2514.060546875	0.0	image/373	373	1287199	train2017/000000081841.jpg
2514.85546875	0.0	image/464	464	1287606	train2017/000000369230.jpg
2515.65625	0.0	image/442	442	1288016	train2017/000000361648.jpg
2516.4609375	0.0	image/418	418	1288428	train2017/000000092221.jpg
2517.23828125	0.0	image/391	391	1288826	train2017/000000346795.jpg
2518.005859375	0.0	image/364	364	1289219	train2017/000000275335.jpg
2518.771484375	0.0	image/434	434	1289611	train2017/000000097201.jpg
2519.57421875	0.0	image/419	419	1290022	train2017/000000092288.jpg
2520.37890625	0.0	image/472	472	1290434	train2017/000000110780.jpg
2521.19140625	0.0	image/431	431	1290850	train2017/000000095828.jpg
2522.01171875	0.0	image/453	453	1291270	train2017/000000103366.jpg
2522.806640625	0.0	image/447	447	1291677	train2017/000000100863.jpg
2523.62890625	0.0	image/380	380	1292098	train2017/000000082650.jpg
2524.44140625	0.0	image/393	393	1292514	train2017/000000086811.jpg
2525.208984375	0.0	image/389	389	1292907	train2017/000000346583.jpg
2526.013671875	0.0	image/460	460	1293319	train2017/000000367552.jpg
2526.841796875	0.0	image/448	448	1293743	train2017/000000101069.jpg
2527.646484375	0.0	image/379	379	1294155	train2017/000000569678.jpg
2528.458984375	0.0	image/375	375	1294571	train2017/000000081961.jpg
2529.26171875	0.0	image/362	362	1294982	train2017/000000340734.jpg
2530.064453125	0.0	image/451	451	1295393	train2017/000000365003.jpg
2530.875	0.0	image/480	480	1295808	train2017/000000376407.jpg
2531.681640625	0.0	image/385	385	1296221	train2017/000000345751.jpg
2532.4609375	0.0	image/416	416	1296620	train2017/000000354095.jpg
2533.27734375	0.0	image/455	455	1297038	train2017/000000104044.jpg
2534.8671875	0.0	image/458	458	1297852	train2017/000000104502.jpg
2535.650390625	0.0	image/467	467	1298253	train2017/000000017935.jpg
2536.427734375	0.0	image/474	474	1298651	train2017/000000373679.jpg
2537.25	0.0	image/446	446	1299072	train2017/000000100599.jpg
2538.060546875	0.0	image/470	470	1299487	train2017/000000110611.jpg
2538.8671875	0.0	image/425	425	1299900	train2017/000000356771.jpg
2539.6640625	0.0	image/475	475	1300308	train2017/000000373970.jpg
2540.4296875	0.0	image/420	420	1300700	train2017/000000092353.jpg
2541.2109375	0.0	image/459	459	1301100	train2017/000000366802.jpg
2542.029296875	0.0	image/466	466	1301519	train2017/000000107204.jpg
2542.802734375	0.0	image/438	438	1301915	train2017/000000147547.jpg
2543.580078125	0.0	image/430	430	1302313	train2017/000000357865.jpg
2544.36328125	0.0	image/452	452	1302714	train2017/000000365218.jpg
2545.998046875	0.0	image/378	378	1303551	train2017/000000319517.jpg
2546.802734375	0.0	image/466	466	1303963	train2017/000000107204.jpg
2547.61328125	0.0	image/386	386	1304378	train2017/000000083632.jpg
2548.4140625	0.0	image/419	419	1304788	train2017/000000092288.jpg
2549.220703125	0.0	image/387	387	1305201	train2017/000000083738.jpg
2550.779296875	0.0	image/402	402	1305999	train2017/000000088835.jpg
2551.5703125	0.0	image/450	450	1306404	train2017/000000570785.jpg
2552.35546875	0.0	image/463	463	1306806	train2017/000000369171.jpg
2553.921875	0.0	image/443	443	1307608	train2017/000000099580.jpg
2554.755859375	0.0	image/449	449	1308035	train2017/000000101952.jpg
2555.55078125	0.0	image/423	423	1308442	train2017/000000355622.jpg
2556.349609375	0.0	image/438	438	1308851	train2017/000000147547.jpg
2557.97265625	0.0	image/451	451	1309682	train2017/000000365003.jpg
2558.7734375	0.0	image/389	389	1310092	train2017/000000346583.jpg
2559.556640625	0.0	image/415	415	1310493	train2017/000000354045.jpg
2560.3515625	0.0	image/369	369	1310900	train2017/000000080987.jpg
2561.125	0.0	image/400	400	1311296	train2017/000000350299.jpg
2561.919921875	0.0	image/428	428	1311703	train2017/000000095176.jpg
2562.701171875	0.0	image/473	473	1312103	train2017/000000372959.jpg
2563.501953125	0.0	image/455	455	1312513	train2017/000000104044.jpg
2564.291015625	0.0	image/398	398	1312917	train2017/000000087871.jpg
2565.908203125	0.0	image/467	467	1313745	train2017/000000017935.jpg
2566.693359375	0.0	image/379	379	1314147	train2017/000000569678.jpg
2567.517578125	0.0	image/407	407	1314569	train2017/000000352724.jpg
2568.3046875	0.0	image/454	454	1314972	train2017/000000366146.jpg
2569.09375	0.0	image/423	423	1315376	train2017/000000355622.jpg
2569.873046875	0.0	image/458	458	1315775	train2017/000000104502.jpg
2570.64453125	0.0	image/400	400	1316170	train2017/000000350299.jpg
2571.47265625	0.0	image/468	468	1316594	train2017/000000542304.jpg
2572.244140625	0.0	image/367	367	1316989	train2017/000000080619.jpg
2573.072265625	0.0	image/416	416	1317413	train2017/000000354095.jpg
2573.89453125	0.0	image/429	429	1317834	train2017/000000095337.jpg
2574.677734375	0.0	image/383	383	1318235	train2017/000000083393.jpg
2575.470703125	0.0	image/462	462	1318641	train2017/000000368852.jpg
2576.294921875	0.0	image/362	362	1319063	train2017/000000340734.jpg
2577.12109375	0.0	image/372	372	1319486	train2017/000000081474.jpg
2577.947265625	0.0	image/397	397	1319909	train2017/000000087334.jpg
2578.724609375	0.0	image/472	472	1320307	train2017/000000110780.jpg
2579.5078125	0.0	image/479	479	1320708	train2017/000000114077.jpg
2580.330078125	0.0	image/408	408	1321129	train2017/000000352861.jpg
2581.140625	0.0	image/422	422	1321544	train2017/000000059194.jpg
2581.943359375	0.0	image/395	395	1321955	train2017/000000087146.jpg
2582.712890625	0.0	image/391	391	1322349	train2017/000000346795.jpg
2583.541015625	0.0	image/383	383	1322773	train2017/000000083393.jpg
2584.34375	0.0	image/399	399	1323184	train2017/000000320508.jpg
2585.158203125	0.0	image/469	469	1323601	train2017/000000370369.jpg
2585.98046875	0.0	image/444	444	1324022	train2017/000000100396.jpg
2586.765625	0.0	image/403	403	1324424	train2017/000000089908.jpg
2587.55859375	0.0	image/440	440	1324830	train2017/000000361197.jpg
2588.36328125	0.0	image/415	415	1325242	train2017/000000354045.jpg
2589.19921875	0.0	image/390	390	1325670	train2017/000000346754.jpg
2590.033203125	0.0	image/388	388	1326097	train2017/000000084174.jpg
2590.828125	0.0	image/480	480	1326504	train2017/000000376407.jpg
2591.611328125	0.0	image/374	374	1326905	train2017/000000046372.jpg
2592.43359375	0.0	image/476	476	1327326	train2017/000000112734.jpg
2593.2265625	0.0	image/456	456	1327732	train2017/000000104081.jpg
2594.818359375	0.0	image/409	409	1328547	train2017/000000090827.jpg
2595.646484375	0.0	image/368	368	1328971	train2017/000000008471.jpg
2597.234375	0.0	image/418	418	1329784	train2017/000000092221.jpg
2598.013671875	0.0	image/376	376	1330183	train2017/000000081995.jpg
2598.818359375	0.0	image/398	398	1330595	train2017/000000087871.jpg
2599.6015625	0.0	image/371	371	1330996	train2017/000000081365.jpg
2600.4296875	0.0	image/368	368	1331420	train2017/000000008471.jpg
2601.232421875	0.0	image/450	450	1331831	train2017/000000570785.jpg
2608.876953125	0.0	image/551	551	1335745	train2017/000000134169.jpg
2609.677734375	0.0	image/532	532	1336155	train2017/000000130181.jpg
2610.4609375	0.0	image/535	535	1336556	train2017/000000392851.jpg
2611.23828125	0.0	image/584	584	1336954	train2017/000000285588.jpg
2612.060546875	0.0	image/585	585	1337375	train2017/000000140724.jpg
2612.83984375	0.0	image/506	506	1337774	train2017/000000383641.jpg
2613.638671875	0.0	image/485	485	1338183	train2017/000000377576.jpg
2615.255859375	0.0	image/582	582	1339011	train2017/000000140590.jpg
2616.830078125	0.0	image/562	562	1339817	train2017/000000022696.jpg
2617.61328125	0.0	image/508	508	1340218	train2017/000000413472.jpg
2618.44140625	0.0	image/591	591	1340642	train2017/000000404282.jpg
2619.24609375	0.0	image/595	595	1341054	train2017/000000142803.jpg
2620.056640625	0.0	image/571	571	1341469	train2017/000000229233.jpg
2620.841796875	0.0	image/489	489	1341871	train2017/000000115967.jpg
2621.630859375	0.0	image/494	494	1342275	train2017/000000380227.jpg
2622.4140625	0.0	image/524	524	1342676	train2017/000000125725.jpg
2623.193359375	0.0	image/542	542	1343075	train2017/000000284089.jpg
2623.982421875	0.0	image/588	588	1343479	train2017/000000403739.jpg
2624.798828125	0.0	image/520	520	1343897	train2017/000000125042.jpg
2625.62890625	0.0	image/531	531	1344322	train2017/000000391754.jpg
2626.431640625	0.0	image/552	552	1344733	train2017/000000396550.jpg
2627.2265625	0.0	image/528	528	1345140	train2017/000000239828.jpg
2628.033203125	0.0	image/518	518	1345553	train2017/000000124711.jpg
2628.81640625	0.0	image/540	540	1345954	train2017/000000021826.jpg
2629.6171875	0.0	image/504	504	1346364	train2017/000000382951.jpg
2630.4296875	0.0	image/486	486	1346780	train2017/000000377703.jpg
2631.267578125	0.0	image/529	529	1347209	train2017/000000129060.jpg
2632.060546875	0.0	image/511	511	1347615	train2017/000000122776.jpg
2632.8671875	0.0	image/562	562	1348028	train2017/000000022696.jpg
2633.66796875	0.0	image/570	570	1348438	train2017/000000400581.jpg
2635.267578125	0.0	image/524	524	1349257	train2017/000000125725.jpg
2636.05078125	0.0	image/547	547	1349658	train2017/000000395758.jpg
2636.84765625	0.0	image/495	495	1350066	train2017/000000380729.jpg
2637.666015625	0.0	image/552	552	1350485	train2017/000000396550.jpg
2638.48046875	0.0	image/487	487	1350902	train2017/000000115637.jpg
2639.248046875	0.0	image/579	579	1351295	train2017/000000139815.jpg
2640.052734375	0.0	image/554	554	1351707	train2017/000000135032.jpg
2640.83203125	0.0	image/501	501	1352106	train2017/000000353175.jpg
2641.62890625	0.0	image/515	515	1352514	train2017/000000123692.jpg
2642.4375	0.0	image/537	537	1352928	train2017/000000371353.jpg
2643.220703125	0.0	image/503	503	1353329	train2017/000000382890.jpg
2644.01171875	0.0	image/499	499	1353734	train2017/000000575164.jpg
2644.822265625	0.0	image/531	531	1354149	train2017/000000391754.jpg
2645.62109375	0.0	image/484	484	1354558	train2017/000000114822.jpg
2646.4375	0.0	image/555	555	1354976	train2017/000000397192.jpg
2648.0546875	0.0	image/556	556	1355804	train2017/000000135316.jpg
2648.8515625	0.0	image/539	539	1356212	train2017/000000131011.jpg
2649.666015625	0.0	image/499	499	1356629	train2017/000000575164.jpg
2650.44921875	0.0	image/546	546	1357030	train2017/000000133281.jpg
2651.23828125	0.0	image/581	581	1357434	train2017/000000402199.jpg
2652.056640625	0.0	image/559	559	1357853	train2017/000000135965.jpg
2652.8515625	0.0	image/514	514	1358260	train2017/000000282707.jpg
2653.658203125	0.0	image/509	509	1358673	train2017/000000384235.jpg
2654.490234375	0.0	image/543	543	1359099	train2017/000000131763.jpg
2655.291015625	0.0	image/568	568	1359509	train2017/000000399984.jpg
2656.923828125	0.0	image/570	570	1360345	train2017/000000400581.jpg
2657.736328125	0.0	image/550	550	1360761	train2017/000000066014.jpg
2658.51953125	0.0	image/493	493	1361162	train2017/000000379713.jpg
2659.302734375	0.0	image/549	549	1361563	train2017/000000197068.jpg
2660.091796875	0.0	image/534	534	1361967	train2017/000000130681.jpg
2660.873046875	0.0	image/569	569	1362367	train2017/000000138153.jpg
2661.669921875	0.0	image/504	504	1362775	train2017/000000382951.jpg
2662.458984375	0.0	image/522	522	1363179	train2017/000000125586.jpg
2663.259765625	0.0	image/575	575	1363589	train2017/000000139551.jpg
2664.09375	0.0	image/483	483	1364016	train2017/000000376858.jpg
2664.869140625	0.0	image/522	522	1364413	train2017/000000125586.jpg
2665.634765625	0.0	image/571	571	1364805	train2017/000000229233.jpg
2666.4375	0.0	image/494	494	1365216	train2017/000000380227.jpg
2667.240234375	0.0	image/578	578	1365627	train2017/000000401720.jpg
2668.044921875	0.0	image/587	587	1366039	train2017/000000403535.jpg
2668.837890625	0.0	image/505	505	1366445	train2017/000000120987.jpg
2669.611328125	0.0	image/583	583	1366841	train2017/000000198195.jpg
2670.427734375	0.0	image/498	498	1367259	train2017/000000119669.jpg
2671.20703125	0.0	image/566	566	1367658	train2017/000000399835.jpg
2672.0078125	0.0	image/556	556	1368068	train2017/000000135316.jpg
2672.8125	0.0	image/572	572	1368480	train2017/000000138785.jpg
2673.591796875	0.0	image/490	490	1368879	train2017/000000116588.jpg
2674.375	0.0	image/532	532	1369280	train2017/000000130181.jpg
2675.14453125	0.0	image/553	553	1369674	train2017/000000134562.jpg
2675.974609375	0.0	image/577	577	1370099	train2017/000000139561.jpg
2676.791015625	0.0	image/565	565	1370517	train2017/000000197656.jpg
2677.61328125	0.0	image/485	485	1370938	train2017/000000377576.jpg
2678.392578125	0.0	image/574	574	1371337	train2017/000000139344.jpg
2679.19140625	0.0	image/505	505	1371746	train2017/000000120987.jpg
2679.998046875	0.0	image/533	533	1372159	train2017/000000392556.jpg
2680.794921875	0.0	image/517	517	1372567	train2017/000000123891.jpg
2681.578125	0.0	image/589	589	1372968	train2017/000000403789.jpg
2682.3984375	0.0	image/486	486	1373388	train2017/000000377703.jpg
2683.228515625	0.0	image/545	545	1373813	train2017/000000131967.jpg
2684.048828125	0.0	image/528	528	1374233	train2017/000000239828.jpg
2684.87890625	0.0	image/502	502	1374658	train2017/000000120655.jpg
2685.6640625	0.0	image/566	566	1375060	train2017/000000399835.jpg
2686.451171875	0.0	image/585	585	1375463	train2017/000000140724.jpg
2688.083984375	0.0	image/549	549	1376299	train2017/000000197068.jpg
2688.884765625	0.0	image/579	579	1376709	train2017/000000139815.jpg
2689.681640625	0.0	image/482	482	1377117	train2017/000000376643.jpg
2690.451171875	0.0	image/503	503	1377511	train2017/000000382890.jpg
2691.279296875	0.0	image/488	488	1377935	train2017/000000115649.jpg
2692.1015625	0.0	image/594	594	1378356	train2017/000000404823.jpg
2692.9296875	0.0	image/526	526	1378780	train2017/000000389582.jpg
2694.55078125	0.0	image/583	583	1379610	train2017/000000198195.jpg
2695.369140625	0.0	image/548	548	1380029	train2017/000000395775.jpg
2696.203125	0.0	image/496	496	1380456	train2017/000000380989.jpg
2697.037109375	0.0	image/523	523	1380883	train2017/000000125703.jpg
2697.83203125	0.0	image/575	575	1381290	train2017/000000139551.jpg
2698.634765625	0.0	image/561	561	1381701	train2017/000000136142.jpg
2699.453125	0.0	image/555	555	1382120	train2017/000000397192.jpg
2701.017578125	0.0	image/508	508	1382921	train2017/000000413472.jpg
2701.822265625	0.0	image/578	578	1383333	train2017/000000401720.jpg
2702.615234375	0.0	image/577	577	1383739	train2017/000000139561.jpg
2704.205078125	0.0	image/563	563	1384553	train2017/000000398540.jpg
2705.0234375	0.0	image/491	491	1384972	train2017/000000116603.jpg
2705.837890625	0.0	image/576	576	1385389	train2017/000000401699.jpg
2706.623046875	0.0	image/513	513	1385791	train2017/000000282631.jpg
2707.423828125	0.0	image/527	527	1386201	train2017/000000390120.jpg
2708.240234375	0.0	image/530	530	1386619	train2017/000000391678.jpg
2709.8359375	0.0	image/521	521	1387436	train2017/000000387318.jpg
2710.6015625	0.0	image/580	580	1387828	train2017/000000402057.jpg
2711.408203125	0.0	image/589	589	1388241	train2017/000000403789.jpg
2712.185546875	0.0	image/492	492	1388639	train2017/000000150636.jpg
2713.79296875	0.0	image/584	584	1389462	train2017/000000285588.jpg
2715.359375	0.0	image/594	594	1390264	train2017/000000404823.jpg
2716.986328125	0.0	image/569	569	1391097	train2017/000000138153.jpg
2717.7890625	0.0	image/541	541	1391508	train2017/000000131524.jpg
2718.576171875	0.0	image/501	501	1391911	train2017/000000353175.jpg
2719.392578125	0.0	image/538	538	1392329	train2017/000000130973.jpg
2720.171875	0.0	image/513	513	1392728	train2017/000000282631.jpg
2720.9609375	0.0	image/597	597	1393132	train2017/000000143245.jpg
2721.7734375	0.0	image/599	599	1393548	train2017/000000388853.jpg
2722.560546875	0.0	image/500	500	1393951	train2017/000000381961.jpg
2723.361328125	0.0	image/573	573	1394361	train2017/000000138904.jpg
2724.189453125	0.0	image/512	512	1394785	train2017/000000122811.jpg
2724.97265625	0.0	image/491	491	1395186	train2017/000000116603.jpg
2725.779296875	0.0	image/550	550	1395599	train2017/000000066014.jpg
2726.58984375	0.0	image/599	599	1396014	train2017/000000388853.jpg
2727.359375	0.0	image/520	520	1396408	train2017/000000125042.jpg
2728.947265625	0.0	image/498	498	1397221	train2017/000000119669.jpg
2729.724609375	0.0	image/559	559	1397619	train2017/000000135965.jpg
2730.529296875	0.0	image/582	582	1398031	train2017/000000140590.jpg
2731.341796875	0.0	image/493	493	1398447	train2017/000000379713.jpg
2732.16015625	0.0	image/500	500	1398866	train2017/000000381961.jpg
2732.958984375	0.0	image/497	497	1399275	train2017/000000282032.jpg
2733.77734375	0.0	image/597	597	1399694	train2017/000000143245.jpg
2734.55859375	0.0	image/536	536	1400094	train2017/000000196584.jpg
2735.365234375	0.0	image/523	523	1400507	train2017/000000125703.jpg
2736.14453125	0.0	image/517	517	1400906	train2017/000000123891.jpg
2736.9609375	0.0	image/564	564	1401324	train2017/000000399162.jpg
2737.775390625	0.0	image/546	546	1401741	train2017/000000133281.jpg
2738.578125	0.0	image/567	567	1402152	train2017/000000137706.jpg
2739.3984375	0.0	image/558	558	1402572	train2017/000000398083.jpg
2740.2109375	0.0	image/567	567	1402988	train2017/000000137706.jpg
2741.029296875	0.0	image/560	560	1403407	train2017/000000136111.jpg
2741.828125	0.0	image/507	507	1403816	train2017/000000383652.jpg
2742.6328125	0.0	image/558	558	1404228	train2017/000000398083.jpg
2744.234375	0.0	image/595	595	1405048	train2017/000000142803.jpg
2745.05078125	0.0	image/574	574	1405466	train2017/000000139344.jpg
2745.861328125	0.0	image/560	560	1405881	train2017/000000136111.jpg
2746.677734375	0.0	image/581	581	1406299	train2017/000000402199.jpg
2747.484375	0.0	image/537	537	1406712	train2017/000000371353.jpg
2748.318359375	0.0	image/488	488	1407139	train2017/000000115649.jpg
2749.146484375	0.0	image/600	600	1407563	train2017/000000143420.jpg
2749.9140625	0.0	image/548	548	1407956	train2017/000000395775.jpg
2750.736328125	0.0	image/554	554	1408377	train2017/000000135032.jpg
2751.56640625	0.0	image/516	516	1408802	train2017/000000385864.jpg
2752.38671875	0.0	image/590	590	1409222	train2017/000000404007.jpg
2753.96484375	0.0	image/576	576	1410030	train2017/000000401699.jpg
2754.73828125	0.0	image/519	519	1410426	train2017/000000124747.jpg
2755.521484375	0.0	image/563	563	1410827	train2017/000000398540.jpg
2756.3203125	0.0	image/590	590	1411236	train2017/000000404007.jpg
2757.1171875	0.0	image/487	487	1411644	train2017/000000115637.jpg
2757.955078125	0.0	image/534	534	1412073	train2017/000000130681.jpg
2758.76953125	0.0	image/596	596	1412490	train2017/000000405215.jpg
2759.5546875	0.0	image/586	586	1412892	train2017/000000154556.jpg
2760.3671875	0.0	image/518	518	1413308	train2017/000000124711.jpg
2761.189453125	0.0	image/587	587	1413729	train2017/000000403535.jpg
2761.990234375	0.0	image/497	497	1414139	train2017/000000282032.jpg
2762.767578125	0.0	image/490	490	1414537	train2017/000000116588.jpg
2763.58984375	0.0	image/510	510	1414958	train2017/000000544738.jpg
2764.373046875	0.0	image/525	525	1415359	train2017/000000388980.jpg
2765.19140625	0.0	image/512	512	1415778	train2017/000000122811.jpg
2765.990234375	0.0	image/596	596	1416187	train2017/000000405215.jpg
2766.80078125	0.0	image/516	516	1416602	train2017/000000385864.jpg
2767.6015625	0.0	image/535	535	1417012	train2017/000000392851.jpg
2768.408203125	0.0	image/544	544	1417425	train2017/000000394008.jpg
2769.23828125	0.0	image/533	533	1417850	train2017/000000392556.jpg
2770.001953125	0.0	image/530	530	1418241	train2017/000000391678.jpg
2770.82421875	0.0	image/538	538	1418662	train2017/000000130973.jpg
2772.392578125	0.0	image/506	506	1419465	train2017/000000383641.jpg
2773.193359375	0.0	image/515	515	1419875	train2017/000000123692.jpg
2774.8203125	0.0	image/540	540	1420708	train2017/000000021826.jpg
2775.626953125	0.0	image/495	495	1421121	train2017/000000380729.jpg
2776.421875	0.0	image/600	600	1421528	train2017/000000143420.jpg
2777.2265625	0.0	image/482	482	1421940	train2017/000000376643.jpg
2778.021484375	0.0	image/592	592	1422347	train2017/000000504289.jpg
2779.64453125	0.0	image/592	592	1423178	train2017/000000504289.jpg
2780.47265625	0.0	image/509	509	1423602	train2017/000000384235.jpg
2781.291015625	0.0	image/572	572	1424021	train2017/000000138785.jpg
2782.912109375	0.0	image/542	542	1424851	train2017/000000284089.jpg
2783.70703125	0.0	image/483	483	1425258	train2017/000000376858.jpg
2784.509765625	0.0	image/507	507	1425669	train2017/000000383652.jpg
2785.296875	0.0	image/541	541	1426072	train2017/000000131524.jpg
2786.080078125	0.0	image/539	539	1426473	train2017/000000131011.jpg
2786.880859375	0.0	image/543	543	1426883	train2017/000000131763.jpg
2787.697265625	0.0	image/565	565	1427301	train2017/000000197656.jpg
2788.498046875	0.0	image/557	557	1427711	train2017/000000022627.jpg
2789.275390625	0.0	image/496	496	1428109	train2017/000000380989.jpg
2790.865234375	0.0	image/519	519	1428923	train2017/000000124747.jpg
2791.6484375	0.0	image/489	489	1429324	train2017/000000115967.jpg
2792.46484375	0.0	image/536	536	1429742	train2017/000000196584.jpg
2793.248046875	0.0	image/525	525	1430143	train2017/000000388980.jpg
2794.06640625	0.0	image/529	529	1430562	train2017/000000129060.jpg
2794.849609375	0.0	image/568	568	1430963	train2017/000000399984.jpg
2795.6328125	0.0	image/526	526	1431364	train2017/000000389582.jpg
2796.41015625	0.0	image/593	593	1431762	train2017/000000196777.jpg
2797.1953125	0.0	image/573	573	1432164	train2017/000000138904.jpg
2797.9609375	0.0	image/547	547	1432556	train2017/000000395758.jpg
2799.55078125	0.0	image/564	564	1433370	train2017/000000399162.jpg
2801.16796875	0.0	image/527	527	1434198	train2017/000000390120.jpg
2801.9453125	0.0	image/591	591	1434596	train2017/000000404282.jpg
2802.75	0.0	image/586	586	1435008	train2017/000000154556.jpg
2803.552734375	0.0	image/514	514	1435419	train2017/000000282707.jpg
2804.3515625	0.0	image/551	551	1435828	train2017/000000134169.jpg
2805.185546875	0.0	image/580	580	1436255	train2017/000000402057.jpg
2805.982421875	0.0	image/598	598	1436663	train2017/000000405437.jpg
2806.802734375	0.0	image/492	492	1437083	train2017/000000150636.jpg
2807.603515625	0.0	image/544	544	1437493	train2017/000000394008.jpg
2808.3828125	0.0	image/561	561	1437892	train2017/000000136142.jpg
2809.1484375	0.0	image/593	593	1438284	train2017/000000196777.jpg
2809.916015625	0.0	image/511	511	1438677	train2017/000000122776.jpg
2810.720703125	0.0	image/557	557	1439089	train2017/000000022627.jpg
2811.515625	0.0	image/484	484	1439496	train2017/000000114822.jpg
2812.3203125	0.0	image/545	545	1439908	train2017/000000131967.jpg
2813.94921875	0.0	image/502	502	1440742	train2017/000000120655.jpg
2814.732421875	0.0	image/598	598	1441143	train2017/000000405437.jpg
2815.505859375	0.0	image/553	553	1441539	train2017/000000134562.jpg
2816.31640625	0.0	image/481	481	1441954	train2017/000000114274.jpg
2817.119140625	0.0	image/521	521	1442365	train2017/000000387318.jpg
2817.890625	0.0	image/481	481	1442760	train2017/000000114274.jpg
2818.716796875	0.0	image/588	588	1443183	train2017/000000403739.jpg
2819.51953125	0.0	image/510	510	1443594	train2017/000000544738.jpg
2827.130859375	0.0	image/651	651	1447491	train2017/000000156084.jpg
2827.94921875	0.0	image/664	664	1447910	train2017/000000551063.jpg
2828.708984375	0.0	image/634	634	1448299	train2017/000000152273.jpg
2829.498046875	0.0	image/674	674	1448703	train2017/000000425135.jpg
2830.283203125	0.0	image/601	601	1449105	train2017/000000143594.jpg
2831.09375	0.0	image/620	620	1449520	train2017/000000153394.jpg
2831.900390625	0.0	image/695	695	1449933	train2017/000000284987.jpg
2832.69921875	0.0	image/670	670	1450342	train2017/000000423488.jpg
2833.517578125	0.0	image/645	645	1450761	train2017/000000416972.jpg
2834.294921875	0.0	image/602	602	1451159	train2017/000000406292.jpg
2835.1171875	0.0	image/663	663	1451580	train2017/000000463620.jpg
2835.951171875	0.0	image/645	645	1452007	train2017/000000416972.jpg
2836.78515625	0.0	image/704	704	1452434	train2017/000000420713.jpg
2837.611328125	0.0	image/629	629	1452857	train2017/000000151307.jpg
2838.3828125	0.0	image/605	605	1453252	train2017/000000406595.jpg
2839.185546875	0.0	image/675	675	1453663	train2017/000000163250.jpg
2840.017578125	0.0	image/701	701	1454089	train2017/000000079701.jpg
2840.814453125	0.0	image/659	659	1454497	train2017/000000159680.jpg
2841.603515625	0.0	image/690	690	1454901	train2017/000000043829.jpg
2842.419921875	0.0	image/665	665	1455319	train2017/000000160735.jpg
2843.21484375	0.0	image/714	714	1455726	train2017/000000437516.jpg
2844.015625	0.0	image/679	679	1456136	train2017/000000164564.jpg
2844.78125	0.0	image/695	695	1456528	train2017/000000284987.jpg
2845.587890625	0.0	image/627	627	1456941	train2017/000000150931.jpg
2847.1484375	0.0	image/680	680	1457740	train2017/000000485595.jpg
2847.951171875	0.0	image/703	703	1458151	train2017/000000171374.jpg
2848.75390625	0.0	image/682	682	1458562	train2017/000000014269.jpg
2850.353515625	0.0	image/602	602	1459381	train2017/000000406292.jpg
2851.166015625	0.0	image/668	668	1459797	train2017/000000423222.jpg
2851.939453125	0.0	image/699	699	1460193	train2017/000000170917.jpg
2853.56640625	0.0	image/672	672	1461026	train2017/000000424110.jpg
2854.369140625	0.0	image/607	607	1461437	train2017/000000461187.jpg
2855.140625	0.0	image/651	651	1461832	train2017/000000156084.jpg
2856.73828125	0.0	image/625	625	1462650	train2017/000000369367.jpg
2857.51953125	0.0	image/700	700	1463050	train2017/000000170968.jpg
2858.333984375	0.0	image/615	615	1463467	train2017/000000148263.jpg
2859.15625	0.0	image/673	673	1463888	train2017/000000424138.jpg
2859.94140625	0.0	image/678	678	1464290	train2017/000000164502.jpg
2860.76953125	0.0	image/635	635	1464714	train2017/000000152328.jpg
2861.537109375	0.0	image/654	654	1465107	train2017/000000157125.jpg
2862.341796875	0.0	image/618	618	1465519	train2017/000000149791.jpg
2863.169921875	0.0	image/642	642	1465943	train2017/000000154011.jpg
2863.970703125	0.0	image/696	696	1466353	train2017/000000028367.jpg
2864.75390625	0.0	image/647	647	1466754	train2017/000000417264.jpg
2865.5546875	0.0	image/688	688	1467164	train2017/000000166764.jpg
2866.376953125	0.0	image/621	621	1467585	train2017/000000150196.jpg
2867.205078125	0.0	image/617	617	1468009	train2017/000000411475.jpg
2868.009765625	0.0	image/673	673	1468421	train2017/000000424138.jpg
2868.837890625	0.0	image/617	617	1468845	train2017/000000411475.jpg
2870.439453125	0.0	image/635	635	1469665	train2017/000000152328.jpg
2871.22265625	0.0	image/709	709	1470066	train2017/000000174303.jpg
2872.044921875	0.0	image/630	630	1470487	train2017/000000462134.jpg
2872.873046875	0.0	image/603	603	1470911	train2017/000000144193.jpg
2873.638671875	0.0	image/715	715	1471303	train2017/000000175715.jpg
2874.462890625	0.0	image/675	675	1471725	train2017/000000163250.jpg
2875.279296875	0.0	image/619	619	1472143	train2017/000000149810.jpg
2876.11328125	0.0	image/608	608	1472570	train2017/000000024287.jpg
2876.908203125	0.0	image/671	671	1472977	train2017/000000161836.jpg
2877.673828125	0.0	image/652	652	1473369	train2017/000000113449.jpg
2878.458984375	0.0	image/633	633	1473771	train2017/000000414176.jpg
2879.275390625	0.0	image/613	613	1474189	train2017/000000147331.jpg
2880.046875	0.0	image/612	612	1474584	train2017/000000408965.jpg
2880.841796875	0.0	image/713	713	1474991	train2017/000000291280.jpg
2881.615234375	0.0	image/633	633	1475387	train2017/000000414176.jpg
2882.42578125	0.0	image/686	686	1475802	train2017/000000428691.jpg
2883.197265625	0.0	image/653	653	1476197	train2017/000000157119.jpg
2883.978515625	0.0	image/681	681	1476597	train2017/000000427729.jpg
2884.79296875	0.0	image/609	609	1477014	train2017/000000504888.jpg
2885.578125	0.0	image/649	649	1477416	train2017/000000418115.jpg
2886.359375	0.0	image/681	681	1477816	train2017/000000427729.jpg
2887.18359375	0.0	image/715	715	1478238	train2017/000000175715.jpg
2888.0	0.0	image/684	684	1478656	train2017/000000166489.jpg
2888.779296875	0.0	image/641	641	1479055	train2017/000000415608.jpg
2889.595703125	0.0	image/628	628	1479473	train2017/000000151163.jpg
2890.39453125	0.0	image/640	640	1479882	train2017/000000162230.jpg
2891.201171875	0.0	image/716	716	1480295	train2017/000000437967.jpg
2891.98046875	0.0	image/650	650	1480694	train2017/000000419212.jpg
2892.74609375	0.0	image/626	626	1481086	train2017/000000412922.jpg
2893.517578125	0.0	image/646	646	1481481	train2017/000000417141.jpg
2894.3359375	0.0	image/665	665	1481900	train2017/000000160735.jpg
2895.935546875	0.0	image/676	676	1482719	train2017/000000163263.jpg
2896.763671875	0.0	image/658	658	1483143	train2017/000000563961.jpg
2897.568359375	0.0	image/691	691	1483555	train2017/000000168690.jpg
2898.40234375	0.0	image/639	639	1483982	train2017/000000415026.jpg
2899.1875	0.0	image/660	660	1484384	train2017/000000422268.jpg
2899.96484375	0.0	image/698	698	1484782	train2017/000000433021.jpg
2900.787109375	0.0	image/685	685	1485203	train2017/000000166504.jpg
2901.583984375	0.0	image/672	672	1485611	train2017/000000424110.jpg
2902.34765625	0.0	image/702	702	1486002	train2017/000000171328.jpg
2903.171875	0.0	image/707	707	1486424	train2017/000000173987.jpg
2903.955078125	0.0	image/621	621	1486825	train2017/000000150196.jpg
2904.783203125	0.0	image/718	718	1487249	train2017/000000176085.jpg
2905.587890625	0.0	image/604	604	1487661	train2017/000000406445.jpg
2906.3828125	0.0	image/692	692	1488068	train2017/000000169262.jpg
2907.205078125	0.0	image/717	717	1488489	train2017/000000438154.jpg
2907.984375	0.0	image/667	667	1488888	train2017/000000423209.jpg
2908.7890625	0.0	image/640	640	1489300	train2017/000000162230.jpg
2910.40625	0.0	image/652	652	1490128	train2017/000000113449.jpg
2911.986328125	0.0	image/703	703	1490937	train2017/000000171374.jpg
2912.791015625	0.0	image/706	706	1491349	train2017/000000435902.jpg
2913.568359375	0.0	image/648	648	1491747	train2017/000000417700.jpg
2914.357421875	0.0	image/687	687	1492151	train2017/000000428726.jpg
2915.158203125	0.0	image/671	671	1492561	train2017/000000161836.jpg
2915.96875	0.0	image/674	674	1492976	train2017/000000425135.jpg
2916.7578125	0.0	image/720	720	1493380	train2017/000000176728.jpg
2917.54296875	0.0	image/713	713	1493782	train2017/000000291280.jpg
2918.3203125	0.0	image/625	625	1494180	train2017/000000369367.jpg
2919.103515625	0.0	image/687	687	1494581	train2017/000000428726.jpg
2919.92578125	0.0	image/694	694	1495002	train2017/000000431825.jpg
2920.720703125	0.0	image/688	688	1495409	train2017/000000166764.jpg
2921.505859375	0.0	image/608	608	1495811	train2017/000000024287.jpg
2923.060546875	0.0	image/632	632	1496607	train2017/000000068996.jpg
2923.84375	0.0	image/706	706	1497008	train2017/000000435902.jpg
2924.623046875	0.0	image/644	644	1497407	train2017/000000154207.jpg
2926.2109375	0.0	image/682	682	1498220	train2017/000000014269.jpg
2927.0234375	0.0	image/648	648	1498636	train2017/000000417700.jpg
2928.611328125	0.0	image/607	607	1499449	train2017/000000461187.jpg
2929.4296875	0.0	image/699	699	1499868	train2017/000000170917.jpg
2930.26171875	0.0	image/634	634	1500294	train2017/000000152273.jpg
2931.07421875	0.0	image/619	619	1500710	train2017/000000149810.jpg
2931.83984375	0.0	image/712	712	1501102	train2017/000000174522.jpg
2932.662109375	0.0	image/616	616	1501523	train2017/000000149221.jpg
2933.45703125	0.0	image/646	646	1501930	train2017/000000417141.jpg
2935.046875	0.0	image/659	659	1502744	train2017/000000159680.jpg
2935.859375	0.0	image/601	601	1503160	train2017/000000143594.jpg
2936.642578125	0.0	image/680	680	1503561	train2017/000000485595.jpg
2937.443359375	0.0	image/638	638	1503971	train2017/000000414853.jpg
2939.048828125	0.0	image/636	636	1504793	train2017/000000549729.jpg
2939.83203125	0.0	image/705	705	1505194	train2017/000000028930.jpg
2941.482421875	0.0	image/626	626	1506039	train2017/000000412922.jpg
2942.26171875	0.0	image/622	622	1506438	train2017/000000150559.jpg
2943.080078125	0.0	image/657	657	1506857	train2017/000000419586.jpg
2943.8671875	0.0	image/620	620	1507260	train2017/000000153394.jpg
2944.677734375	0.0	image/623	623	1507675	train2017/000000412855.jpg
2945.5	0.0	image/658	658	1508096	train2017/000000563961.jpg
2946.283203125	0.0	image/689	689	1508497	train2017/000000508456.jpg
2947.900390625	0.0	image/705	705	1509325	train2017/000000028930.jpg
2948.734375	0.0	image/677	677	1509752	train2017/000000425712.jpg
2949.51171875	0.0	image/609	609	1510150	train2017/000000504888.jpg
2950.314453125	0.0	image/710	710	1510561	train2017/000000436578.jpg
2951.119140625	0.0	image/637	637	1510973	train2017/000000506039.jpg
2951.935546875	0.0	image/642	642	1511391	train2017/000000154011.jpg
2952.71484375	0.0	image/632	632	1511790	train2017/000000068996.jpg
2953.529296875	0.0	image/666	666	1512207	train2017/000000161062.jpg
2954.3359375	0.0	image/644	644	1512620	train2017/000000154207.jpg
2955.146484375	0.0	image/718	718	1513035	train2017/000000176085.jpg
2955.931640625	0.0	image/685	685	1513437	train2017/000000166504.jpg
2957.470703125	0.0	image/638	638	1514225	train2017/000000414853.jpg
2958.25	0.0	image/606	606	1514624	train2017/000000407778.jpg
2959.048828125	0.0	image/696	696	1515033	train2017/000000028367.jpg
2959.837890625	0.0	image/618	618	1515437	train2017/000000149791.jpg
2960.62109375	0.0	image/615	615	1515838	train2017/000000148263.jpg
2961.43359375	0.0	image/716	716	1516254	train2017/000000437967.jpg
2962.255859375	0.0	image/667	667	1516675	train2017/000000423209.jpg
2963.052734375	0.0	image/689	689	1517083	train2017/000000508456.jpg
2963.869140625	0.0	image/676	676	1517501	train2017/000000163263.jpg
2964.638671875	0.0	image/643	643	1517895	train2017/000000416279.jpg
2965.466796875	0.0	image/616	616	1518319	train2017/000000149221.jpg
2966.236328125	0.0	image/707	707	1518713	train2017/000000173987.jpg
2967.041015625	0.0	image/684	684	1519125	train2017/000000166489.jpg
2967.857421875	0.0	image/686	686	1519543	train2017/000000428691.jpg
2968.671875	0.0	image/612	612	1519960	train2017/000000408965.jpg
2969.474609375	0.0	image/610	610	1520371	train2017/000000146256.jpg
2970.26953125	0.0	image/654	654	1520778	train2017/000000157125.jpg
2971.07421875	0.0	image/700	700	1521190	train2017/000000170968.jpg
2971.87109375	0.0	image/656	656	1521598	train2017/000000157342.jpg
2972.65234375	0.0	image/613	613	1521998	train2017/000000147331.jpg
2973.474609375	0.0	image/664	664	1522419	train2017/000000551063.jpg
2974.25390625	0.0	image/604	604	1522818	train2017/000000406445.jpg
2975.037109375	0.0	image/662	662	1523219	train2017/000000160181.jpg
2975.83984375	0.0	image/643	643	1523630	train2017/000000416279.jpg
2976.626953125	0.0	image/691	691	1524033	train2017/000000168690.jpg
2977.421875	0.0	image/711	711	1524440	train2017/000000174504.jpg
2978.23828125	0.0	image/702	702	1524858	train2017/000000171328.jpg
2979.009765625	0.0	image/653	653	1525253	train2017/000000157119.jpg
2979.791015625	0.0	image/641	641	1525653	train2017/000000415608.jpg
2980.611328125	0.0	image/627	627	1526073	train2017/000000150931.jpg
2981.427734375	0.0	image/611	611	1526491	train2017/000000408922.jpg
2982.26171875	0.0	image/701	701	1526918	train2017/000000079701.jpg
2983.08984375	0.0	image/655	655	1527342	train2017/000000157181.jpg
2983.87890625	0.0	image/628	628	1527746	train2017/000000151163.jpg
2984.6953125	0.0	image/655	655	1528164	train2017/000000157181.jpg
2985.5234375	0.0	image/629	629	1528588	train2017/000000151307.jpg
2986.30859375	0.0	image/708	708	1528990	train2017/000000174213.jpg
2987.123046875	0.0	image/639	639	1529407	train2017/000000415026.jpg
2987.896484375	0.0	image/704	704	1529803	train2017/000000420713.jpg
2988.712890625	0.0	image/720	720	1530221	train2017/000000176728.jpg
2989.513671875	0.0	image/669	669	1530631	train2017/000000161328.jpg
2991.064453125	0.0	image/683	683	1531425	train2017/000000428605.jpg
2991.859375	0.0	image/690	690	1531832	train2017/000000043829.jpg
2992.6640625	0.0	image/637	637	1532244	train2017/000000506039.jpg
2993.478515625	0.0	image/614	614	1532661	train2017/000000147694.jpg
2994.298828125	0.0	image/712	712	1533081	train2017/000000174522.jpg
2995.8828125	0.0	image/630	630	1533892	train2017/000000462134.jpg
2997.5	0.0	image/656	656	1534720	train2017/000000157342.jpg
2998.33203125	0.0	image/611	611	1535146	train2017/000000408922.jpg
2999.146484375	0.0	image/663	663	1535563	train2017/000000463620.jpg
2999.93359375	0.0	image/657	657	1535966	train2017/000000419586.jpg
3000.744140625	0.0	image/662	662	1536381	train2017/000000160181.jpg
3001.517578125	0.0	image/649	649	1536777	train2017/000000418115.jpg
3002.333984375	0.0	image/709	709	1537195	train2017/000000174303.jpg
3003.89453125	0.0	image/708	708	1537994	train2017/000000174213.jpg
3004.6796875	0.0	image/670	670	1538396	train2017/000000423488.jpg
3005.501953125	0.0	image/719	719	1538817	train2017/000000438751.jpg
3006.318359375	0.0	image/610	610	1539235	train2017/000000146256.jpg
3007.134765625	0.0	image/669	669	1539653	train2017/000000161328.jpg
3008.751953125	0.0	image/623	623	1540481	train2017/000000412855.jpg
3009.564453125	0.0	image/622	622	1540897	train2017/000000150559.jpg
3011.1875	0.0	image/693	693	1541728	train2017/000000431764.jpg
3012.015625	0.0	image/603	603	1542152	train2017/000000144193.jpg
3012.83203125	0.0	image/711	711	1542570	train2017/000000174504.jpg
3013.6484375	0.0	image/678	678	1542988	train2017/000000164502.jpg
3014.41796875	0.0	image/717	717	1543382	train2017/000000438154.jpg
3015.23828125	0.0	image/650	650	1543802	train2017/000000419212.jpg
3016.015625	0.0	image/614	614	1544200	train2017/000000147694.jpg
3016.798828125	0.0	image/636	636	1544601	train2017/000000549729.jpg
3017.62109375	0.0	image/677	677	1545022	train2017/000000425712.jpg
3018.43359375	0.0	image/710	710	1545438	train2017/000000436578.jpg
3019.22265625	0.0	image/606	606	1545842	train2017/000000407778.jpg
3020.033203125	0.0	image/683	683	1546257	train2017/000000428605.jpg
3020.8359375	0.0	image/624	624	1546668	train2017/000000412857.jpg
3021.640625	0.0	image/631	631	1547080	train2017/000000151414.jpg
3022.421875	0.0	image/692	692	1547480	train2017/000000169262.jpg
3023.236328125	0.0	image/660	660	1547897	train2017/000000422268.jpg
3024.0234375	0.0	image/693	693	1548300	train2017/000000431764.jpg
3024.80078125	0.0	image/679	679	1548698	train2017/000000164564.jpg
3025.619140625	0.0	image/697	697	1549117	train2017/000000433019.jpg
3026.408203125	0.0	image/668	668	1549521	train2017/000000423222.jpg
3027.19140625	0.0	image/605	605	1549922	train2017/000000406595.jpg
3027.986328125	0.0	image/661	661	1550329	train2017/000000160142.jpg
3028.80859375	0.0	image/647	647	1550750	train2017/000000417264.jpg
3029.591796875	0.0	image/714	714	1551151	train2017/000000437516.jpg
3030.421875	0.0	image/697	697	1551576	train2017/000000433019.jpg
3031.2265625	0.0	image/666	666	1551988	train2017/000000161062.jpg
3032.021484375	0.0	image/631	631	1552395	train2017/000000151414.jpg
3032.8203125	0.0	image/698	698	1552804	train2017/000000433021.jpg
3033.609375	0.0	image/719	719	1553208	train2017/000000438751.jpg
3035.1875	0.0	image/624	624	1554016	train2017/000000412857.jpg
3035.994140625	0.0	image/661	661	1554429	train2017/000000160142.jpg
3037.572265625	0.0	image/694	694	1555237	train2017/000000431825.jpg
3045.234375	0.0	image/826	826	1559160	train2017/000000205875.jpg
3046.029296875	0.0	image/829	829	1559567	train2017/000000206467.jpg
3046.8125	0.0	image/806	806	1559968	train2017/000000198319.jpg
3047.61328125	0.0	image/774	774	1560378	train2017/000000191005.jpg
3048.396484375	0.0	image/723	723	1560779	train2017/000000439241.jpg
3049.96875	0.0	image/722	722	1561584	train2017/000000073172.jpg
3050.763671875	0.0	image/826	826	1561991	train2017/000000205875.jpg
3051.53125	0.0	image/727	727	1562384	train2017/000000440792.jpg
3052.353515625	0.0	image/827	827	1562805	train2017/000000296474.jpg
3053.1484375	0.0	image/790	790	1563212	train2017/000000455799.jpg
3053.9375	0.0	image/809	809	1563616	train2017/000000462505.jpg
3054.73828125	0.0	image/793	793	1564026	train2017/000000338439.jpg
3056.388671875	0.0	image/761	761	1564871	train2017/000000188225.jpg
3057.201171875	0.0	image/738	738	1565287	train2017/000000204969.jpg
3058.017578125	0.0	image/777	777	1565705	train2017/000000453682.jpg
3058.806640625	0.0	image/778	778	1566109	train2017/000000191686.jpg
3059.583984375	0.0	image/833	833	1566507	train2017/000000207549.jpg
3061.171875	0.0	image/812	812	1567320	train2017/000000201758.jpg
3061.96875	0.0	image/735	735	1567728	train2017/000000180410.jpg
3062.755859375	0.0	image/732	732	1568131	train2017/000000179480.jpg
3063.576171875	0.0	image/814	814	1568551	train2017/000000201969.jpg
3064.369140625	0.0	image/833	833	1568957	train2017/000000207549.jpg
3065.990234375	0.0	image/762	762	1569787	train2017/000000188660.jpg
3066.802734375	0.0	image/768	768	1570203	train2017/000000189888.jpg
3067.587890625	0.0	image/762	762	1570605	train2017/000000188660.jpg
3068.40234375	0.0	image/729	729	1571022	train2017/000000179019.jpg
3069.208984375	0.0	image/828	828	1571435	train2017/000000468394.jpg
3070.025390625	0.0	image/777	777	1571853	train2017/000000453682.jpg
3071.642578125	0.0	image/796	796	1572681	train2017/000000338501.jpg
3072.421875	0.0	image/835	835	1573080	train2017/000000129143.jpg
3073.224609375	0.0	image/764	764	1573491	train2017/000000450903.jpg
3074.822265625	0.0	image/771	771	1574309	train2017/000000190271.jpg
3075.623046875	0.0	image/825	825	1574719	train2017/000000467646.jpg
3076.443359375	0.0	image/800	800	1575139	train2017/000000458616.jpg
3077.2265625	0.0	image/811	811	1575540	train2017/000000201722.jpg
3078.0390625	0.0	image/804	804	1575956	train2017/000000460236.jpg
3078.83984375	0.0	image/756	756	1576366	train2017/000000448401.jpg
3079.611328125	0.0	image/774	774	1576761	train2017/000000191005.jpg
3080.40625	0.0	image/734	734	1577168	train2017/000000442489.jpg
3081.205078125	0.0	image/769	769	1577577	train2017/000000189893.jpg
3081.978515625	0.0	image/798	798	1577973	train2017/000000196365.jpg
3082.806640625	0.0	image/828	828	1578397	train2017/000000468394.jpg
3083.61328125	0.0	image/759	759	1578810	train2017/000000449914.jpg
3084.423828125	0.0	image/819	819	1579225	train2017/000000298139.jpg
3085.19140625	0.0	image/839	839	1579618	train2017/000000209229.jpg
3086.830078125	0.0	image/741	741	1580457	train2017/000000443940.jpg
3087.6640625	0.0	image/791	791	1580884	train2017/000000194054.jpg
3088.4921875	0.0	image/763	763	1581308	train2017/000000450864.jpg
3089.296875	0.0	image/834	834	1581720	train2017/000000469816.jpg
3090.115234375	0.0	image/813	813	1582139	train2017/000000557920.jpg
3090.8984375	0.0	image/801	801	1582540	train2017/000000459190.jpg
3091.67578125	0.0	image/778	778	1582938	train2017/000000191686.jpg
3092.46484375	0.0	image/824	824	1583342	train2017/000000204806.jpg
3093.244140625	0.0	image/740	740	1583741	train2017/000000161354.jpg
3094.01171875	0.0	image/760	760	1584134	train2017/000000276853.jpg
3094.810546875	0.0	image/772	772	1584543	train2017/000000190487.jpg
3095.599609375	0.0	image/839	839	1584947	train2017/000000209229.jpg
3096.427734375	0.0	image/813	813	1585371	train2017/000000557920.jpg
3097.234375	0.0	image/735	735	1585784	train2017/000000180410.jpg
3098.0625	0.0	image/739	739	1586208	train2017/000000443575.jpg
3098.8671875	0.0	image/754	754	1586620	train2017/000000185888.jpg
3099.662109375	0.0	image/766	766	1587027	train2017/000000451680.jpg
3100.4453125	0.0	image/745	745	1587428	train2017/000000445351.jpg
3101.267578125	0.0	image/834	834	1587849	train2017/000000469816.jpg
3102.0625	0.0	image/750	750	1588256	train2017/000000447182.jpg
3103.646484375	0.0	image/755	755	1589067	train2017/000000055764.jpg
3104.435546875	0.0	image/725	725	1589471	train2017/000000440334.jpg
3105.24609375	0.0	image/799	799	1589886	train2017/000000196368.jpg
3106.052734375	0.0	image/838	838	1590299	train2017/000000208849.jpg
3107.662109375	0.0	image/742	742	1591123	train2017/000000181837.jpg
3108.486328125	0.0	image/723	723	1591545	train2017/000000439241.jpg
3109.287109375	0.0	image/748	748	1591955	train2017/000000184822.jpg
3110.0703125	0.0	image/795	795	1592356	train2017/000000195768.jpg
3111.671875	0.0	image/807	807	1593176	train2017/000000397815.jpg
3112.48828125	0.0	image/737	737	1593594	train2017/000000443377.jpg
3113.30078125	0.0	image/749	749	1594010	train2017/000000447130.jpg
3114.099609375	0.0	image/728	728	1594419	train2017/000000395740.jpg
3114.87109375	0.0	image/776	776	1594814	train2017/000000468771.jpg
3115.705078125	0.0	image/748	748	1595241	train2017/000000184822.jpg
3116.51953125	0.0	image/804	804	1595658	train2017/000000460236.jpg
3117.306640625	0.0	image/726	726	1596061	train2017/000000178423.jpg
3118.134765625	0.0	image/807	807	1596485	train2017/000000397815.jpg
3118.95703125	0.0	image/802	802	1596906	train2017/000000197118.jpg
3119.791015625	0.0	image/805	805	1597333	train2017/000000460408.jpg
3120.607421875	0.0	image/725	725	1597751	train2017/000000440334.jpg
3121.44140625	0.0	image/832	832	1598178	train2017/000000203615.jpg
3122.271484375	0.0	image/743	743	1598603	train2017/000000189388.jpg
3123.03515625	0.0	image/794	794	1598994	train2017/000000195650.jpg
3123.802734375	0.0	image/805	805	1599387	train2017/000000460408.jpg
3124.587890625	0.0	image/749	749	1599789	train2017/000000447130.jpg
3126.17578125	0.0	image/822	822	1600602	train2017/000000466265.jpg
3126.98828125	0.0	image/840	840	1601018	train2017/000000471871.jpg
3127.802734375	0.0	image/818	818	1601435	train2017/000000465412.jpg
3128.591796875	0.0	image/753	753	1601839	train2017/000000006178.jpg
3129.376953125	0.0	image/775	775	1602241	train2017/000000453221.jpg
3130.16015625	0.0	image/769	769	1602642	train2017/000000189893.jpg
3130.9609375	0.0	image/809	809	1603052	train2017/000000462505.jpg
3131.791015625	0.0	image/802	802	1603477	train2017/000000197118.jpg
3132.556640625	0.0	image/810	810	1603869	train2017/000000200391.jpg
3133.322265625	0.0	image/782	782	1604261	train2017/000000454830.jpg
3134.138671875	0.0	image/751	751	1604679	train2017/000000185225.jpg
3134.927734375	0.0	image/721	721	1605083	train2017/000000176873.jpg
3135.728515625	0.0	image/727	727	1605493	train2017/000000440792.jpg
3136.505859375	0.0	image/790	790	1605891	train2017/000000455799.jpg
3137.275390625	0.0	image/733	733	1606285	train2017/000000179914.jpg
3138.095703125	0.0	image/830	830	1606705	train2017/000000468825.jpg
3138.873046875	0.0	image/741	741	1607103	train2017/000000443940.jpg
3139.65625	0.0	image/783	783	1607504	train2017/000000454915.jpg
3140.462890625	0.0	image/770	770	1607917	train2017/000000452341.jpg
3141.240234375	0.0	image/785	785	1608315	train2017/000000119550.jpg
3142.0234375	0.0	image/823	823	1608716	train2017/000000204422.jpg
3142.826171875	0.0	image/766	766	1609127	train2017/000000451680.jpg
3143.59765625	0.0	image/810	810	1609522	train2017/000000200391.jpg
3144.380859375	0.0	image/787	787	1609923	train2017/000000193318.jpg
3145.16015625	0.0	image/820	820	1610322	train2017/000000203937.jpg
3146.748046875	0.0	image/820	820	1611135	train2017/000000203937.jpg
3147.560546875	0.0	image/815	815	1611551	train2017/000000202050.jpg
3148.37890625	0.0	image/838	838	1611970	train2017/000000208849.jpg
3149.177734375	0.0	image/733	733	1612379	train2017/000000179914.jpg
3149.9609375	0.0	image/840	840	1612780	train2017/000000471871.jpg
3150.74609375	0.0	image/736	736	1613182	train2017/000000180609.jpg
3151.541015625	0.0	image/800	800	1613589	train2017/000000458616.jpg
3152.333984375	0.0	image/829	829	1613995	train2017/000000206467.jpg
3153.91796875	0.0	image/758	758	1614806	train2017/000000186828.jpg
3154.712890625	0.0	image/781	781	1615213	train2017/000000192631.jpg
3155.513671875	0.0	image/818	818	1615623	train2017/000000465412.jpg
3156.333984375	0.0	image/823	823	1616043	train2017/000000204422.jpg
3157.16796875	0.0	image/836	836	1616470	train2017/000000470907.jpg
3158.794921875	0.0	image/819	819	1617303	train2017/000000298139.jpg
3159.564453125	0.0	image/808	808	1617697	train2017/000000461428.jpg
3160.34765625	0.0	image/801	801	1618098	train2017/000000459190.jpg
3161.119140625	0.0	image/821	821	1618493	train2017/000000077686.jpg
3161.912109375	0.0	image/817	817	1618899	train2017/000000202805.jpg
3162.681640625	0.0	image/806	806	1619293	train2017/000000198319.jpg
3163.486328125	0.0	image/757	757	1619705	train2017/000000442666.jpg
3164.287109375	0.0	image/779	779	1620115	train2017/000000191740.jpg
3165.09765625	0.0	image/760	760	1620530	train2017/000000276853.jpg
3165.904296875	0.0	image/740	740	1620943	train2017/000000161354.jpg
3166.734375	0.0	image/750	750	1621368	train2017/000000447182.jpg
3167.5546875	0.0	image/744	744	1621788	train2017/000000182799.jpg
3168.33203125	0.0	image/752	752	1622186	train2017/000000036151.jpg
3169.1328125	0.0	image/731	731	1622596	train2017/000000179034.jpg
3169.955078125	0.0	image/817	817	1623017	train2017/000000202805.jpg
3170.78515625	0.0	image/765	765	1623442	train2017/000000450914.jpg
3171.58984375	0.0	image/837	837	1623854	train2017/000000208805.jpg
3172.373046875	0.0	image/795	795	1624255	train2017/000000195768.jpg
3173.990234375	0.0	image/784	784	1625083	train2017/000000455020.jpg
3174.7734375	0.0	image/731	731	1625484	train2017/000000179034.jpg
3175.607421875	0.0	image/734	734	1625911	train2017/000000442489.jpg
3176.43359375	0.0	image/812	812	1626334	train2017/000000201758.jpg
3177.203125	0.0	image/755	755	1626728	train2017/000000055764.jpg
3178.853515625	0.0	image/786	786	1627573	train2017/000000193023.jpg
3179.619140625	0.0	image/781	781	1627965	train2017/000000192631.jpg
3180.404296875	0.0	image/831	831	1628367	train2017/000000469445.jpg
3181.203125	0.0	image/780	780	1628776	train2017/000000192576.jpg
3181.970703125	0.0	image/721	721	1629169	train2017/000000176873.jpg
3182.736328125	0.0	image/798	798	1629561	train2017/000000196365.jpg
3183.54296875	0.0	image/765	765	1629974	train2017/000000450914.jpg
3184.35546875	0.0	image/751	751	1630390	train2017/000000185225.jpg
3185.17578125	0.0	image/816	816	1630810	train2017/000000464616.jpg
3185.958984375	0.0	image/791	791	1631211	train2017/000000194054.jpg
3186.75390625	0.0	image/729	729	1631618	train2017/000000179019.jpg
3187.5546875	0.0	image/793	793	1632028	train2017/000000338439.jpg
3188.361328125	0.0	image/784	784	1632441	train2017/000000455020.jpg
3189.154296875	0.0	image/770	770	1632847	train2017/000000452341.jpg
3189.939453125	0.0	image/788	788	1633249	train2017/000000193373.jpg
3190.744140625	0.0	image/728	728	1633661	train2017/000000395740.jpg
3191.544921875	0.0	image/831	831	1634071	train2017/000000469445.jpg
3193.17578125	0.0	image/724	724	1634906	train2017/000000178031.jpg
3193.99609375	0.0	image/814	814	1635326	train2017/000000201969.jpg
3194.82421875	0.0	image/825	825	1635750	train2017/000000467646.jpg
3195.591796875	0.0	image/768	768	1636143	train2017/000000189888.jpg
3196.357421875	0.0	image/743	743	1636535	train2017/000000189388.jpg
3197.1796875	0.0	image/776	776	1636956	train2017/000000468771.jpg
3197.998046875	0.0	image/787	787	1637375	train2017/000000193318.jpg
3198.830078125	0.0	image/785	785	1637801	train2017/000000119550.jpg
3200.427734375	0.0	image/822	822	1638619	train2017/000000466265.jpg
3201.2421875	0.0	image/754	754	1639036	train2017/000000185888.jpg
3202.025390625	0.0	image/788	788	1639437	train2017/000000193373.jpg
3202.83203125	0.0	image/775	775	1639850	train2017/000000453221.jpg
3204.4453125	0.0	image/746	746	1640676	train2017/000000445726.jpg
3205.25	0.0	image/763	763	1641088	train2017/000000450864.jpg
3206.06640625	0.0	image/803	803	1641506	train2017/000000197401.jpg
3206.8828125	0.0	image/732	732	1641924	train2017/000000179480.jpg
3207.66015625	0.0	image/757	757	1642322	train2017/000000442666.jpg
3208.4609375	0.0	image/824	824	1642732	train2017/000000204806.jpg
3209.228515625	0.0	image/803	803	1643125	train2017/000000197401.jpg
3210.017578125	0.0	image/746	746	1643529	train2017/000000445726.jpg
3210.828125	0.0	image/756	756	1643944	train2017/000000448401.jpg
3211.62890625	0.0	image/759	759	1644354	train2017/000000449914.jpg
3212.41796875	0.0	image/821	821	1644758	train2017/000000077686.jpg
3213.23046875	0.0	image/779	779	1645174	train2017/000000191740.jpg
3214.046875	0.0	image/786	786	1645592	train2017/000000193023.jpg
3215.59765625	0.0	image/836	836	1646386	train2017/000000470907.jpg
3216.384765625	0.0	image/761	761	1646789	train2017/000000188225.jpg
3217.21875	0.0	image/730	730	1647216	train2017/000000441172.jpg
3218.78125	0.0	image/773	773	1648016	train2017/000000303133.jpg
3219.5859375	0.0	image/792	792	1648428	train2017/000000194108.jpg
3220.380859375	0.0	image/816	816	1648835	train2017/000000464616.jpg
3221.1640625	0.0	image/808	808	1649236	train2017/000000461428.jpg
3221.9375	0.0	image/797	797	1649632	train2017/000000458178.jpg
3222.75390625	0.0	image/758	758	1650050	train2017/000000186828.jpg
3223.53125	0.0	image/744	744	1650448	train2017/000000182799.jpg
3224.333984375	0.0	image/796	796	1650859	train2017/000000338501.jpg
3225.12109375	0.0	image/832	832	1651262	train2017/000000203615.jpg
3225.94921875	0.0	image/830	830	1651686	train2017/000000468825.jpg
3226.771484375	0.0	image/835	835	1652107	train2017/000000129143.jpg
3227.6015625	0.0	image/739	739	1652532	train2017/000000443575.jpg
3229.189453125	0.0	image/780	780	1653345	train2017/000000192576.jpg
3229.96875	0.0	image/837	837	1653744	train2017/000000208805.jpg
3231.58984375	0.0	image/799	799	1654574	train2017/000000196368.jpg
3232.373046875	0.0	image/752	752	1654975	train2017/000000036151.jpg
3233.19921875	0.0	image/767	767	1655398	train2017/000000189794.jpg
3233.970703125	0.0	image/782	782	1655793	train2017/000000454830.jpg
3234.755859375	0.0	image/789	789	1656195	train2017/000000455657.jpg
3235.53515625	0.0	image/736	736	1656594	train2017/000000180609.jpg
3236.32421875	0.0	image/764	764	1656998	train2017/000000450903.jpg
3237.125	0.0	image/771	771	1657408	train2017/000000190271.jpg
3237.935546875	0.0	image/789	789	1657823	train2017/000000455657.jpg
3238.759765625	0.0	image/724	724	1658245	train2017/000000178031.jpg
3239.552734375	0.0	image/742	742	1658651	train2017/000000181837.jpg
3240.337890625	0.0	image/726	726	1659053	train2017/000000178423.jpg
3241.126953125	0.0	image/794	794	1659457	train2017/000000195650.jpg
3241.953125	0.0	image/745	745	1659880	train2017/000000445351.jpg
3242.755859375	0.0	image/797	797	1660291	train2017/000000458178.jpg
3243.52734375	0.0	image/753	753	1660686	train2017/000000006178.jpg
3244.322265625	0.0	image/773	773	1661093	train2017/000000303133.jpg
3245.125	0.0	image/827	827	1661504	train2017/000000296474.jpg
3245.9453125	0.0	image/722	722	1661924	train2017/000000073172.jpg
3246.73828125	0.0	image/815	815	1662330	train2017/000000202050.jpg
3247.5625	0.0	image/811	811	1662752	train2017/000000201722.jpg
3248.359375	0.0	image/767	767	1663160	train2017/000000189794.jpg
3249.15625	0.0	image/747	747	1663568	train2017/000000183719.jpg
3249.923828125	0.0	image/783	783	1663961	train2017/000000454915.jpg
3250.73046875	0.0	image/747	747	1664374	train2017/000000183719.jpg
3251.49609375	0.0	image/772	772	1664766	train2017/000000190487.jpg
3252.296875	0.0	image/730	730	1665176	train2017/000000441172.jpg
3253.130859375	0.0	image/737	737	1665603	train2017/000000443377.jpg
3253.908203125	0.0	image/738	738	1666001	train2017/000000204969.jpg
3254.697265625	0.0	image/792	792	1666405	train2017/000000194108.jpg
3263.255859375	0.0	image/910	910	1670787	train2017/000000228565.jpg
3264.072265625	0.0	image/949	949	1671205	train2017/000000240278.jpg
3265.66796875	0.0	image/851	851	1672022	train2017/000000474545.jpg
3266.45703125	0.0	image/888	888	1672426	train2017/000000486503.jpg
3267.28515625	0.0	image/945	945	1672850	train2017/000000501739.jpg
3268.052734375	0.0	image/844	844	1673243	train2017/000000341033.jpg
3268.87109375	0.0	image/953	953	1673662	train2017/000000241026.jpg
3269.705078125	0.0	image/881	881	1674089	train2017/000000222921.jpg
3270.5078125	0.0	image/898	898	1674500	train2017/000000488406.jpg
3272.076171875	0.0	image/903	903	1675303	train2017/000000227451.jpg
3272.908203125	0.0	image/914	914	1675729	train2017/000000492037.jpg
3273.724609375	0.0	image/912	912	1676147	train2017/000000491611.jpg
3274.55859375	0.0	image/887	887	1676574	train2017/000000561677.jpg
3275.37109375	0.0	image/916	916	1676990	train2017/000000038370.jpg
3276.13671875	0.0	image/881	881	1677382	train2017/000000222921.jpg
3277.759765625	0.0	image/952	952	1678213	train2017/000000502860.jpg
3278.560546875	0.0	image/959	959	1678623	train2017/000000505486.jpg
3279.34375	0.0	image/885	885	1679024	train2017/000000223718.jpg
3280.15625	0.0	image/856	856	1679440	train2017/000000213288.jpg
3280.927734375	0.0	image/924	924	1679835	train2017/000000232277.jpg
3281.744140625	0.0	image/890	890	1680253	train2017/000000224759.jpg
3282.5546875	0.0	image/865	865	1680668	train2017/000000035972.jpg
3283.328125	0.0	image/892	892	1681064	train2017/000000225113.jpg
3284.95703125	0.0	image/946	946	1681898	train2017/000000501867.jpg
3285.779296875	0.0	image/937	937	1682319	train2017/000000498615.jpg
3286.57421875	0.0	image/931	931	1682726	train2017/000000495568.jpg
3287.341796875	0.0	image/908	908	1683119	train2017/000000228316.jpg
3288.125	0.0	image/845	845	1683520	train2017/000000211198.jpg
3288.9296875	0.0	image/871	871	1683932	train2017/000000480990.jpg
3289.7109375	0.0	image/846	846	1684332	train2017/000000474024.jpg
3290.474609375	0.0	image/867	867	1684723	train2017/000000479035.jpg
3291.263671875	0.0	image/849	849	1685127	train2017/000000212229.jpg
3292.060546875	0.0	image/843	843	1685535	train2017/000000210065.jpg
3292.828125	0.0	image/870	870	1685928	train2017/000000480601.jpg
3293.625	0.0	image/850	850	1686336	train2017/000000212380.jpg
3294.431640625	0.0	image/860	860	1686749	train2017/000000476481.jpg
3296.015625	0.0	image/925	925	1687560	train2017/000000494552.jpg
3296.849609375	0.0	image/934	934	1687987	train2017/000000497464.jpg
3297.662109375	0.0	image/857	857	1688403	train2017/000000213988.jpg
3298.482421875	0.0	image/907	907	1688823	train2017/000000228133.jpg
3299.26171875	0.0	image/886	886	1689222	train2017/000000386856.jpg
3300.044921875	0.0	image/952	952	1689623	train2017/000000502860.jpg
3300.84375	0.0	image/891	891	1690032	train2017/000000224869.jpg
3301.646484375	0.0	image/877	877	1690443	train2017/000000342639.jpg
3302.46484375	0.0	image/875	875	1690862	train2017/000000482858.jpg
3303.251953125	0.0	image/879	879	1691265	train2017/000000221441.jpg
3304.05078125	0.0	image/926	926	1691674	train2017/000000232648.jpg
3304.869140625	0.0	image/894	894	1692093	train2017/000000225533.jpg
3305.6796875	0.0	image/939	939	1692508	train2017/000000499627.jpg
3306.484375	0.0	image/855	855	1692920	train2017/000000122923.jpg
3307.302734375	0.0	image/950	950	1693339	train2017/000000502470.jpg
3308.080078125	0.0	image/927	927	1693737	train2017/000000495040.jpg
3308.84765625	0.0	image/937	937	1694130	train2017/000000498615.jpg
3309.666015625	0.0	image/956	956	1694549	train2017/000000242133.jpg
3310.453125	0.0	image/942	942	1694952	train2017/000000238001.jpg
3311.263671875	0.0	image/941	941	1695367	train2017/000000237697.jpg
3312.033203125	0.0	image/926	926	1695761	train2017/000000232648.jpg
3313.666015625	0.0	image/853	853	1696597	train2017/000000474827.jpg
3315.298828125	0.0	image/855	855	1697433	train2017/000000122923.jpg
3316.10546875	0.0	image/911	911	1697846	train2017/000000229456.jpg
3316.900390625	0.0	image/873	873	1698253	train2017/000000429902.jpg
3318.5390625	0.0	image/925	925	1699092	train2017/000000494552.jpg
3319.3515625	0.0	image/866	866	1699508	train2017/000000216029.jpg
3320.173828125	0.0	image/905	905	1699929	train2017/000000227843.jpg
3320.951171875	0.0	image/870	870	1700327	train2017/000000480601.jpg
3321.75390625	0.0	image/896	896	1700738	train2017/000000225750.jpg
3322.57421875	0.0	image/950	950	1701158	train2017/000000502470.jpg
3323.384765625	0.0	image/934	934	1701573	train2017/000000497464.jpg
3324.185546875	0.0	image/892	892	1701983	train2017/000000225113.jpg
3325.80859375	0.0	image/906	906	1702814	train2017/000000227928.jpg
3326.607421875	0.0	image/864	864	1703223	train2017/000000385417.jpg
3327.419921875	0.0	image/901	901	1703639	train2017/000000007567.jpg
3328.224609375	0.0	image/893	893	1704051	train2017/000000225383.jpg
3329.826171875	0.0	image/884	884	1704871	train2017/000000485605.jpg
3330.60546875	0.0	image/862	862	1705270	train2017/000000215023.jpg
3331.376953125	0.0	image/944	944	1705665	train2017/000000239337.jpg
3332.189453125	0.0	image/933	933	1706081	train2017/000000233873.jpg
3333.005859375	0.0	image/921	921	1706499	train2017/000000231102.jpg
3333.806640625	0.0	image/884	884	1706909	train2017/000000485605.jpg
3334.60546875	0.0	image/953	953	1707318	train2017/000000241026.jpg
3335.41015625	0.0	image/867	867	1707730	train2017/000000479035.jpg
3336.189453125	0.0	image/955	955	1708129	train2017/000000112805.jpg
3337.828125	0.0	image/904	904	1708968	train2017/000000227733.jpg
3338.60546875	0.0	image/958	958	1709366	train2017/000000433657.jpg
3339.40625	0.0	image/897	897	1709776	train2017/000000430850.jpg
3340.212890625	0.0	image/858	858	1710189	train2017/000000214059.jpg
3340.99609375	0.0	image/880	880	1710590	train2017/000000484300.jpg
3341.826171875	0.0	image/915	915	1711015	train2017/000000229947.jpg
3342.61328125	0.0	image/900	900	1711418	train2017/000000488658.jpg
3343.44140625	0.0	image/913	913	1711842	train2017/000000356810.jpg
3344.212890625	0.0	image/935	935	1712237	train2017/000000082945.jpg
3345.03125	0.0	image/928	928	1712656	train2017/000000233104.jpg
3345.86328125	0.0	image/951	951	1713082	train2017/000000214821.jpg
3346.6484375	0.0	image/914	914	1713484	train2017/000000492037.jpg
3347.42578125	0.0	image/929	929	1713882	train2017/000000495387.jpg
3348.224609375	0.0	image/940	940	1714291	train2017/000000499730.jpg
3349.0234375	0.0	image/898	898	1714700	train2017/000000488406.jpg
3349.798828125	0.0	image/954	954	1715097	train2017/000000040187.jpg
3350.576171875	0.0	image/929	929	1715495	train2017/000000495387.jpg
3351.376953125	0.0	image/851	851	1715905	train2017/000000474545.jpg
3352.181640625	0.0	image/904	904	1716317	train2017/000000227733.jpg
3352.9609375	0.0	image/885	885	1716716	train2017/000000223718.jpg
3353.763671875	0.0	image/943	943	1717127	train2017/000000238201.jpg
3354.546875	0.0	image/886	886	1717528	train2017/000000386856.jpg
3355.349609375	0.0	image/846	846	1717939	train2017/000000474024.jpg
3356.1328125	0.0	image/848	848	1718340	train2017/000000474353.jpg
3356.912109375	0.0	image/923	923	1718739	train2017/000000231851.jpg
3357.68359375	0.0	image/928	928	1719134	train2017/000000233104.jpg
3358.484375	0.0	image/897	897	1719544	train2017/000000430850.jpg
3359.294921875	0.0	image/887	887	1719959	train2017/000000561677.jpg
3360.064453125	0.0	image/859	859	1720353	train2017/000000476380.jpg
3361.701171875	0.0	image/869	869	1721191	train2017/000000294744.jpg
3362.486328125	0.0	image/919	919	1721593	train2017/000000492627.jpg
3363.302734375	0.0	image/875	875	1722011	train2017/000000482858.jpg
3364.11328125	0.0	image/920	920	1722426	train2017/000000300622.jpg
3364.935546875	0.0	image/942	942	1722847	train2017/000000238001.jpg
3365.748046875	0.0	image/936	936	1723263	train2017/000000497797.jpg
3366.51953125	0.0	image/899	899	1723658	train2017/000000168803.jpg
3367.33203125	0.0	image/943	943	1724074	train2017/000000238201.jpg
3368.154296875	0.0	image/927	927	1724495	train2017/000000495040.jpg
3368.953125	0.0	image/945	945	1724904	train2017/000000501739.jpg
3369.732421875	0.0	image/876	876	1725303	train2017/000000482912.jpg
3370.533203125	0.0	image/960	960	1725713	train2017/000000505592.jpg
3371.35546875	0.0	image/841	841	1726134	train2017/000000034961.jpg
3372.166015625	0.0	image/883	883	1726549	train2017/000000223447.jpg
3372.97265625	0.0	image/849	849	1726962	train2017/000000212229.jpg
3373.806640625	0.0	image/906	906	1727389	train2017/000000227928.jpg
3374.5859375	0.0	image/944	944	1727788	train2017/000000239337.jpg
3375.400390625	0.0	image/880	880	1728205	train2017/000000484300.jpg
3376.18359375	0.0	image/909	909	1728606	train2017/000000228380.jpg
3376.953125	0.0	image/896	896	1729000	train2017/000000225750.jpg
3377.7734375	0.0	image/958	958	1729420	train2017/000000433657.jpg
3378.55078125	0.0	image/902	902	1729818	train2017/000000227307.jpg
3379.333984375	0.0	image/930	930	1730219	train2017/000000344729.jpg
3380.103515625	0.0	image/841	841	1730613	train2017/000000034961.jpg
3380.908203125	0.0	image/948	948	1731025	train2017/000000502058.jpg
3381.685546875	0.0	image/938	938	1731423	train2017/000000237093.jpg
3382.50390625	0.0	image/916	916	1731842	train2017/000000038370.jpg
3383.275390625	0.0	image/844	844	1732237	train2017/000000341033.jpg
3384.103515625	0.0	image/923	923	1732661	train2017/000000231851.jpg
3384.900390625	0.0	image/909	909	1733069	train2017/000000228380.jpg
3385.67578125	0.0	image/905	905	1733466	train2017/000000227843.jpg
3386.458984375	0.0	image/872	872	1733867	train2017/000000429887.jpg
3387.275390625	0.0	image/913	913	1734285	train2017/000000356810.jpg
3388.09375	0.0	image/960	960	1734704	train2017/000000505592.jpg
3388.927734375	0.0	image/848	848	1735131	train2017/000000474353.jpg
3390.509765625	0.0	image/891	891	1735941	train2017/000000224869.jpg
3391.3046875	0.0	image/918	918	1736348	train2017/000000230422.jpg
3392.09375	0.0	image/946	946	1736752	train2017/000000501867.jpg
3392.912109375	0.0	image/949	949	1737171	train2017/000000240278.jpg
3394.45703125	0.0	image/930	930	1737962	train2017/000000344729.jpg
3395.26171875	0.0	image/939	939	1738374	train2017/000000499627.jpg
3396.873046875	0.0	image/872	872	1739199	train2017/000000429887.jpg
3397.6796875	0.0	image/912	912	1739612	train2017/000000491611.jpg
3398.45703125	0.0	image/877	877	1740010	train2017/000000342639.jpg
3399.27734375	0.0	image/957	957	1740430	train2017/000000242631.jpg
3400.080078125	0.0	image/922	922	1740841	train2017/000000235479.jpg
3400.9140625	0.0	image/938	938	1741268	train2017/000000237093.jpg
3401.697265625	0.0	image/871	871	1741669	train2017/000000480990.jpg
3402.509765625	0.0	image/903	903	1742085	train2017/000000227451.jpg
3403.275390625	0.0	image/918	918	1742477	train2017/000000230422.jpg
3404.08203125	0.0	image/933	933	1742890	train2017/000000233873.jpg
3405.666015625	0.0	image/889	889	1743701	train2017/000000224396.jpg
3406.4453125	0.0	image/882	882	1744100	train2017/000000485113.jpg
3407.265625	0.0	image/878	878	1744520	train2017/000000167908.jpg
3408.060546875	0.0	image/866	866	1744927	train2017/000000216029.jpg
3408.83203125	0.0	image/951	951	1745322	train2017/000000214821.jpg
3409.6328125	0.0	image/889	889	1745732	train2017/000000224396.jpg
3410.443359375	0.0	image/845	845	1746147	train2017/000000211198.jpg
3412.05078125	0.0	image/922	922	1746970	train2017/000000235479.jpg
3413.650390625	0.0	image/854	854	1747789	train2017/000000475236.jpg
3414.427734375	0.0	image/921	921	1748187	train2017/000000231102.jpg
3415.197265625	0.0	image/862	862	1748581	train2017/000000215023.jpg
3415.99609375	0.0	image/843	843	1748990	train2017/000000210065.jpg
3416.78515625	0.0	image/932	932	1749394	train2017/000000233580.jpg
3417.568359375	0.0	image/920	920	1749795	train2017/000000300622.jpg
3418.36328125	0.0	image/935	935	1750202	train2017/000000082945.jpg
3419.181640625	0.0	image/856	856	1750621	train2017/000000213288.jpg
3419.953125	0.0	image/868	868	1751016	train2017/000000444880.jpg
3420.736328125	0.0	image/859	859	1751417	train2017/000000476380.jpg
3421.513671875	0.0	image/874	874	1751815	train2017/000000561006.jpg
3422.302734375	0.0	image/940	940	1752219	train2017/000000499730.jpg
3423.130859375	0.0	image/879	879	1752643	train2017/000000221441.jpg
3423.931640625	0.0	image/895	895	1753053	train2017/000000487825.jpg
3424.720703125	0.0	image/932	932	1753457	train2017/000000233580.jpg
3425.53125	0.0	image/895	895	1753872	train2017/000000487825.jpg
3426.31640625	0.0	image/959	959	1754274	train2017/000000505486.jpg
3427.099609375	0.0	image/907	907	1754675	train2017/000000228133.jpg
3427.900390625	0.0	image/911	911	1755085	train2017/000000229456.jpg
3428.716796875	0.0	image/919	919	1755503	train2017/000000492627.jpg
3429.521484375	0.0	image/917	917	1755915	train2017/000000354185.jpg
3430.3515625	0.0	image/850	850	1756340	train2017/000000212380.jpg
3431.12109375	0.0	image/890	890	1756734	train2017/000000224759.jpg
3431.94921875	0.0	image/842	842	1757158	train2017/000000209919.jpg
3432.732421875	0.0	image/857	857	1757559	train2017/000000213988.jpg
3434.306640625	0.0	image/861	861	1758365	train2017/000000560054.jpg
3435.125	0.0	image/947	947	1758784	train2017/000000501926.jpg
3436.724609375	0.0	image/883	883	1759603	train2017/000000223447.jpg
3437.53515625	0.0	image/893	893	1760018	train2017/000000225383.jpg
3438.341796875	0.0	image/888	888	1760431	train2017/000000486503.jpg
3439.15234375	0.0	image/876	876	1760846	train2017/000000482912.jpg
3439.970703125	0.0	image/894	894	1761265	train2017/000000225533.jpg
3440.7421875	0.0	image/861	861	1761660	train2017/000000560054.jpg
3441.51953125	0.0	image/842	842	1762058	train2017/000000209919.jpg
3442.306640625	0.0	image/936	936	1762461	train2017/000000497797.jpg
3443.109375	0.0	image/852	852	1762872	train2017/000000212440.jpg
3443.921875	0.0	image/860	860	1763288	train2017/000000476481.jpg
3444.705078125	0.0	image/852	852	1763689	train2017/000000212440.jpg
3445.52734375	0.0	image/931	931	1764110	train2017/000000495568.jpg
3446.33984375	0.0	image/847	847	1764526	train2017/000000207833.jpg
3447.10546875	0.0	image/869	869	1764918	train2017/000000294744.jpg
3447.912109375	0.0	image/956	956	1765331	train2017/000000242133.jpg
3448.689453125	0.0	image/868	868	1765729	train2017/000000444880.jpg
3449.47265625	0.0	image/917	917	1766130	train2017/000000354185.jpg
3450.275390625	0.0	image/865	865	1766541	train2017/000000035972.jpg
3451.044921875	0.0	image/873	873	1766935	train2017/000000429902.jpg
3451.86328125	0.0	image/902	902	1767354	train2017/000000227307.jpg
3452.671875	0.0	image/864	864	1767768	train2017/000000385417.jpg
3453.462890625	0.0	image/908	908	1768173	train2017/000000228316.jpg
3454.2890625	0.0	image/915	915	1768596	train2017/000000229947.jpg
3455.9140625	0.0	image/954	954	1769428	train2017/000000040187.jpg
3456.712890625	0.0	image/899	899	1769837	train2017/000000168803.jpg
3458.296875	0.0	image/955	955	1770648	train2017/000000112805.jpg
3459.076171875	0.0	image/854	854	1771047	train2017/000000475236.jpg
3459.8984375	0.0	image/947	947	1771468	train2017/000000501926.jpg
3460.693359375	0.0	image/941	941	1771875	train2017/000000237697.jpg
3462.27734375	0.0	image/878	878	1772686	train2017/000000167908.jpg
3463.06640625	0.0	image/948	948	1773090	train2017/000000502058.jpg
3463.8984375	0.0	image/910	910	1773516	train2017/000000228565.jpg
3464.728515625	0.0	image/901	901	1773941	train2017/000000007567.jpg
3465.494140625	0.0	image/858	858	1774333	train2017/000000214059.jpg
3466.30078125	0.0	image/863	863	1774746	train2017/000000215291.jpg
3467.09375	0.0	image/853	853	1775152	train2017/000000474827.jpg
3467.892578125	0.0	image/882	882	1775561	train2017/000000485113.jpg
3468.701171875	0.0	image/874	874	1775975	train2017/000000561006.jpg
3469.51171875	0.0	image/924	924	1776390	train2017/000000232277.jpg
3470.28125	0.0	image/847	847	1776784	train2017/000000207833.jpg
3471.1015625	0.0	image/900	900	1777204	train2017/000000488658.jpg
3471.912109375	0.0	image/957	957	1777619	train2017/000000242631.jpg
